window_index,window_start,window_end,window_size,timestamp,label,Ax(m/s^2)_mean,Ax(m/s^2)_std,Ax(m/s^2)_rms,Ax(m/s^2)_peak,Ax(m/s^2)_peak_to_peak,Ax(m/s^2)_kurtosis,Ax(m/s^2)_skewness,Ax(m/s^2)_median,Ax(m/s^2)_q25,Ax(m/s^2)_q75,Ax(m/s^2)_crest_factor,Ax(m/s^2)_shape_factor,Ax(m/s^2)_impulse_factor,Ay(m/s^2)_mean,Ay(m/s^2)_std,Ay(m/s^2)_rms,Ay(m/s^2)_peak,Ay(m/s^2)_peak_to_peak,Ay(m/s^2)_kurtosis,Ay(m/s^2)_skewness,Ay(m/s^2)_median,Ay(m/s^2)_q25,Ay(m/s^2)_q75,Ay(m/s^2)_crest_factor,Ay(m/s^2)_shape_factor,Ay(m/s^2)_impulse_factor,Az(m/s^2)_mean,Az(m/s^2)_std,Az(m/s^2)_rms,Az(m/s^2)_peak,Az(m/s^2)_peak_to_peak,Az(m/s^2)_kurtosis,Az(m/s^2)_skewness,Az(m/s^2)_median,Az(m/s^2)_q25,Az(m/s^2)_q75,Az(m/s^2)_crest_factor,Az(m/s^2)_shape_factor,Az(m/s^2)_impulse_factor,Gx(deg/s)_mean,Gx(deg/s)_std,Gx(deg/s)_rms,Gx(deg/s)_peak,Gx(deg/s)_peak_to_peak,Gx(deg/s)_kurtosis,Gx(deg/s)_skewness,Gx(deg/s)_median,Gx(deg/s)_q25,Gx(deg/s)_q75,Gx(deg/s)_crest_factor,Gx(deg/s)_shape_factor,Gx(deg/s)_impulse_factor,Gy(deg/s)_mean,Gy(deg/s)_std,Gy(deg/s)_rms,Gy(deg/s)_peak,Gy(deg/s)_peak_to_peak,Gy(deg/s)_kurtosis,Gy(deg/s)_skewness,Gy(deg/s)_median,Gy(deg/s)_q25,Gy(deg/s)_q75,Gy(deg/s)_crest_factor,Gy(deg/s)_shape_factor,Gy(deg/s)_impulse_factor,Gz(deg/s)_mean,Gz(deg/s)_std,Gz(deg/s)_rms,Gz(deg/s)_peak,Gz(deg/s)_peak_to_peak,Gz(deg/s)_kurtosis,Gz(deg/s)_skewness,Gz(deg/s)_median,Gz(deg/s)_q25,Gz(deg/s)_q75,Gz(deg/s)_crest_factor,Gz(deg/s)_shape_factor,Gz(deg/s)_impulse_factor,combined_acceleration_mean,combined_acceleration_std,combined_acceleration_rms,combined_acceleration_peak,combined_acceleration_peak_to_peak,combined_acceleration_kurtosis,combined_acceleration_skewness,combined_acceleration_median,combined_acceleration_q25,combined_acceleration_q75,combined_acceleration_crest_factor,combined_acceleration_shape_factor,combined_acceleration_impulse_factor
0,0,9,9,2005-12-22 16:58:08,0,1.250039289,3.0691908581897986,3.313990155090908,4.750096094,8.10437262,-1.96527300762373,-0.3219996299183285,2.528276953,-1.103726965,4.261678955,1.433346471081987,2.6511087965419207,3.799957437977775,0.6118515354444445,0.7705826564539189,0.9839511836739171,2.078167041,2.806004346,0.7132197611785829,0.04391294191159089,0.639251843,0.416591089,0.840364783,2.1120631546378705,1.608153492593889,3.3965217387097586,11.057221333555553,2.136553986553154,11.26174971115467,14.89432853,7.213729603999999,-0.47973188205423156,0.11599153163186682,11.57117662,8.995015637,12.33492695,1.32255900832597,1.018497267209297,1.3470227357030384,0.20780322322222222,0.23100003445660044,0.3107140091796559,0.58778626,0.786259542,-0.3692319040924561,-0.19901789595562364,0.183206107,0.083969466,0.381679389,1.8917275778838152,1.4952319043068074,2.8285714287089214,-0.6921119594444447,4.26854017482079,4.324286552538479,6.709923664,10.41221374,-2.3271200984867773,-0.3096277375379964,2.190839695,-4.992366412,3.282442748,1.551683400828533,,,-0.9109414760000001,0.902953017817831,1.2826295354011568,2.183206107,2.473282443,-1.793230594148869,-0.10829517973440655,-1.045801527,-1.549618321,-0.083969466,1.702133037437952,,,11.60439123477111,2.02874377557947,11.78039461293997,15.408146274706288,7.289431391444715,0.25545145296438676,0.1029160956714166,11.641262152502263,9.92965257491035,12.399457368841452,1.3079482293217477,1.015166963488915,1.3277858323612617
1,9,18,9,2005-12-22 16:58:10,0,1.0941501585555555,1.6633290885346101,1.990936519890206,3.892971899,5.121197351,-1.068771213777417,0.2530726502252089,1.28329209,-0.363918652,2.231395947,1.9553470741571837,1.8196190937069778,3.557986870960485,0.4309562986666667,0.27033871812709936,0.5087301385598031,0.821211169,0.902614025,-0.3777036335948365,-0.349303930671657,0.459686719,0.258573779,0.694318481,1.6142373072781173,1.1804680431258585,1.9055555552633543,9.518015688111111,1.9460980384853253,9.714932846629752,12.33732115,5.813121625999999,-1.348900096803256,-0.06197732538389962,9.689334119,8.051700183,11.35091007,1.2699337550521506,1.020688887786202,1.2962072720063347,0.13825275666666667,0.09489725902066705,0.16768814655654143,0.297709924,0.297709924,-1.3106266297815234,0.2956591195378003,0.091603053,0.06870229,0.221374046,1.7753784636150032,1.2129099672192776,2.153374234105085,0.745547073888889,2.0846575244436423,2.213964189774482,3.564885496,6.343511449999999,-0.5836078847448665,-0.6953491642478012,1.427480916,0.145038168,2.335877863,1.6101820943920166,2.969583366783404,4.781569964998998,-0.3248515691111111,0.9240258309502493,0.979465302201793,2.267175573,2.870229008,0.5280337558692239,-1.0932229692478366,-0.145038168,-0.603053435,0.511450382,2.3147073897395787,,,9.7652096117279,1.8008986738998685,9.92988191242158,12.41773365281427,5.176592342488763,-1.6054824197944906,-0.004531599216513903,10.0264411839456,8.16353850901435,11.391400657600022,1.2505419261109807,1.016863160878381,1.2716300157961504
2,18,27,9,2005-12-22 16:58:12,0,1.8406090318888886,2.746122928718927,3.305908762792278,8.322244971,10.208875879,2.9331031789392625,1.301804272161874,2.00394679,0.624886633,2.446874097,2.517384951655702,1.796095045453327,4.52146263916757,0.12130621755555558,1.145549257048456,1.1519541218042957,2.674323254,4.522646936,4.060280526842698,-1.4944630046609078,0.378283862,0.138863696,0.545877979,2.3215536134470622,9.49624961537298,22.046052608764416,8.379439788777779,2.9156148012659964,8.87219368832272,11.84890402,10.467449662,3.0291619818116207,-1.5281321642278216,9.141061938,7.515399011,10.46984386,1.3355100707049627,1.0588051125094144,1.4140448906702243,-0.21289228166666668,0.6223904473735727,0.6577940350710969,1.893129771,2.1603053439999997,6.81956472579639,-2.507224961227306,0.022900763,-0.259541985,0.099236641,2.8779977775191945,,,1.5597964375555557,3.773086471738694,4.082786603513408,9.977099237,12.580152671999999,1.4666047369802193,1.060388188890014,1.885496183,-2.015267176,2.916030534,2.443698435870807,2.6175124556072014,6.396411093639673,-1.312977099222222,1.2445375601369109,1.80908335951485,3.229007634,4.015267176,-0.6953607229779415,0.33635736015771317,-1.435114504,-2.145038168,-0.625954198,1.7848860402242255,,,9.429079576787096,1.436770762640541,9.537916538204882,11.887196056719867,4.574746030774533,-1.0295868650824445,0.142086699730761,9.474160911529312,8.144165086919797,10.559893973614635,1.2463095068094545,1.011542692002062,1.260695273585798
3,27,36,9,2005-12-22 16:58:14,0,0.18195932600000006,1.6850837371134322,1.6948794639745168,3.610456104,6.011840369,1.690650261982979,-1.153576937104338,0.737414111,-0.529118567,1.307234106,2.1302140835038665,9.314606188278123,19.842105284562322,0.2692146755555556,2.212390055275392,2.228709558963647,5.647921716,7.776366992,3.4267590755418187,1.5808563707192693,0.05746084,-1.24019646,0.615309827,2.5341667752465202,8.278558939494838,20.979249011387882,10.330182097000002,2.3401372249707535,10.591926377617678,13.94383047,7.484274391,-0.7754307553306714,0.10556629228640499,9.90720647,8.602366565,11.44667814,1.3164584016997507,1.0253378186521698,1.3498145859451443,0.08821034766666666,0.20700370673752616,0.22501466627433409,0.396946565,0.687022901,-0.6072301398906887,-0.40135750295072026,0.129770992,-0.022900763,0.244274809,1.7640919659701177,2.550887421106534,4.500000005668269,-1.0992366413333332,3.1532970443556394,3.3394016595180345,6.694656489,10.977099237000001,-0.04607276913307157,-0.2132654533302682,-1.404580153,-2.053435115,1.259541985,2.004747308524192,,,-0.3019508057777778,2.1095547522594322,2.131055030235072,4.290076336,7.801526718,1.8562570864269148,0.6479089640368231,-0.076335878,-1.038167939,0.312977099,2.0131232066432236,,,10.648704671672586,2.5756078699969094,10.955759539369764,15.471419494185906,8.729519364617238,-0.2160857092921331,0.5174149139794991,9.946611026474331,8.937190817452722,11.716039464834957,1.4121722404173822,1.02883495008684,1.4528921564838382
4,36,45,9,2005-12-22 16:58:16,0,0.4352126572222222,1.9955331413833306,2.0424403480556417,4.029441394,7.44117876,0.8031159312523473,-0.13783749874904944,0.344765039,-0.756567725,1.503558643,1.9728563420889818,4.692970928491998,9.258557459514655,0.4844268025555556,0.8902853887927814,1.0135469404680342,1.594538306,3.1172505619999997,1.6635530690540632,-1.1870711666500926,0.512359155,0.021547815,1.118092175,1.5732259082777917,2.092260244728712,3.2915980238668427,10.013615431555557,2.034115105394658,10.218126945437811,14.05875215,7.354987502,0.5844196530172336,0.43731809945416716,9.967061511,9.107543115,11.21922898,1.375863915673601,1.02042334412382,1.4039636578909496,0.04664970322222222,0.14414009025911623,0.1515010245200592,0.259541985,0.43511450399999996,-1.0003674700684226,-0.27645395722067106,0.083969466,-0.061068702,0.122137405,1.7131368307389618,3.247631047047897,5.563636359349091,-0.1645462256666667,2.925281656613896,2.929905839938015,6.091603053,10.633587786,0.9226429646953624,-0.41400925656765014,-0.13740458,-1.106870229,0.916030534,2.0791122260532693,,,-0.5843935537777778,0.8028553238250002,0.9930219014156568,1.648854962,2.45038168,-1.1048208343920467,0.2595022060259909,-0.564885496,-1.34351145,0.053435115,1.6604416877909585,,,10.29060784276076,1.9267455658417312,10.469429700274034,14.467472031967334,6.629145022511328,1.0992833817621284,0.9715167053699255,9.985567905423927,9.199154957767968,11.332000023612391,1.3818777570652825,1.0173771909536977,1.4058909107244735
5,45,54,9,2005-12-22 16:58:18,0,0.4490458224444445,1.1962700787706586,1.2777731614088492,2.837128967,3.785232824,-0.14530274113507513,0.775297240155666,0.244208569,-0.560243188,1.470039819,2.2203698220362007,2.8455295596629986,6.31812796198768,0.9390590955555557,1.2402887826528626,1.5556825670168506,3.859453076,4.050989209,2.360305577760184,1.531850384659095,0.452504114,-0.026336218,1.599326709,2.480874413474221,1.6566396879383773,4.1099150141522385,9.88299843088889,0.7496459503891402,9.9113887541498,11.20007537,2.391807462000001,-0.6239484219786449,0.07753475557312725,9.993397729,9.442731348,10.32379756,1.130020792021768,1.0028726426963883,1.1332669379967362,0.05937234933333334,0.15893748890683296,0.1696649676432027,0.251908397,0.458015267,-1.348840082417126,-0.7152636422220797,0.13740458,-0.122137405,0.145038168,1.4847401941557627,2.8576428177139346,4.242857152000408,0.12892281588888893,1.8746479600245316,1.8790758543712007,3.893129771,7.015267176,1.476143505240275,-0.7086845771648896,-0.015267176,-0.732824427,1.305343511,2.0718321519291547,14.575200218948575,30.197368434422515,-0.7735368955555555,0.8486300737255296,1.1482736306373686,2.244274809,2.618320611,-0.7190978605422367,-0.43787172912170774,-0.885496183,-0.992366412,0.061068702,1.9544773555012995,,,10.07420828283487,0.8937600412220407,10.113776719763194,11.622535500888171,2.7620787322831486,-0.6542781430299098,0.5573191691217607,10.009494289583133,9.490355663502802,10.4279675261139,1.1491785732402744,1.0039276969283772,1.1536921983925472
6,54,63,9,2005-12-22 16:58:20,0,0.5352370823333333,2.404780640659697,2.4636251062197676,5.588066675,9.277531433,1.6793192892611968,0.4718087882536775,0.727837305,-0.782903943,1.429338391,2.268229310089486,4.602867005177863,10.440357851588244,0.3633866075555556,0.8769569755760466,0.949264643585877,2.090138049,2.738966699,-0.45811253120202444,0.7267498200317992,-0.01436521,-0.308852014,1.017535706,2.2018496771400207,2.612271954575956,5.7518301597849995,10.497510190333335,1.3959133853782286,10.58991474827018,12.41632981,4.299986182000001,-1.0060167297676719,-0.07090585891427605,10.41477722,9.701305127,11.89918225,1.1724673998936732,1.0088025213847314,1.1827880692541377,0.03562340977777778,0.09782383091718438,0.10410825721098856,0.183206107,0.31297709900000004,-0.5600046280744317,-0.2838172500111749,0.030534351,0.015267176,0.114503817,1.7597653818054955,2.9224674970876108,5.14285713082653,-0.9067005937777777,2.2686780254460843,2.443154917294218,5.86259542,8.595419847,1.8258433217810124,-0.8114144355849221,-0.664122137,-1.824427481,0.129770992,2.3996003603786185,,,-0.778625954111111,1.2732566108730277,1.4924613139198306,2.580152672,4.38167939,0.47975661314175433,0.44822817420730876,-0.557251908,-1.870229008,-0.183206107,1.728790319678997,,,10.833285709408692,1.3254309267216802,10.914066446709443,12.444821175943487,4.0345186024563535,-0.7459713317029406,-0.6038934634443419,11.061862022072482,9.888142420975848,12.027839596855559,1.1402552143793812,1.0074567162232777,1.148757773935121
7,63,72,9,2005-12-22 16:58:22,0,-0.08406308044444444,0.9326080118613581,0.9363889711448999,1.776497632,2.911349219,-0.03442453312853733,0.9027615241721115,-0.335188232,-0.888248816,0.373495459,1.897179149630436,,,0.42882811955555555,0.6088520093756808,0.7447109005797874,1.628057129,1.869871497,-0.11276571331630159,1.042004161165475,0.193930334,-0.045489832,0.727837305,2.1861599282788693,1.7366186278820006,3.7965260549782625,10.762468506555557,1.7497673488018644,10.90377980929243,13.43147131,5.805939022,-0.22124656541042764,-0.583497147198077,11.00614503,10.04128176,11.80101998,1.2318179149723307,1.0131300084781478,1.2479916946394518,0.06700593711111111,0.1380522751396337,0.15345431332930104,0.312977099,0.503816794,0.36324422415600655,-0.03910980863506685,0.022900763,-0.007633588,0.167938931,2.039545791902085,2.290159946197586,4.670886081049992,-0.2985581002222223,2.357054040964674,2.375887348178823,3.847328244,7.694656488,-0.6585232901896001,0.28275367680509994,-0.480916031,-1.79389313,1.572519084,1.6193226698854526,,,-1.0296861748888888,0.7357997667347108,1.265565057784137,1.977099237,2.679389313,2.80221843409372,1.3021396991397123,-1.175572519,-1.328244275,-0.801526718,1.562226473336487,,,10.833922129462264,1.717545939125148,10.969222067232364,13.480723966104893,5.65070605055621,-0.3126638970025528,-0.544952113627328,11.134624728893309,10.053422681629007,11.848726224619272,1.2289589802703489,1.0124885462672986,1.244306891356067
8,72,81,9,2005-12-22 16:58:24,0,0.3394445908888889,0.7558137123549964,0.8285390745568771,1.142034192,2.257732166,-0.6441701763012762,-0.927837212105334,0.612915625,-0.380678064,0.916979236,1.378370950833897,2.440866924369652,3.3644200634024077,0.42111346977777775,0.2530274466639129,0.4912834652148784,0.878672009,0.7565677239999999,-0.9300003047139533,0.615055136188572,0.323217224,0.253785376,0.603338818,1.7885234721174361,1.1666296627228037,2.086544535048182,10.176155122333334,0.7641567589105179,10.204806153277952,11.65736788,2.7844565270000015,0.789131293235033,0.5315144838712905,10.03649336,9.890447058,10.2423947,1.1423409425817914,1.0028155065051767,1.1455572109367602,0.08057676011111109,0.09649847439281634,0.12571622739385943,0.229007634,0.290076336,-0.8536469851948367,0.15924328620454628,0.083969466,0.0,0.114503817,1.8216234987909428,1.5602045455848983,2.842105263157895,0.06700593711111111,1.0249733903642344,1.027161256357974,1.885496183,3.3969465650000004,-0.6891682956704104,0.3011641909803216,-0.320610687,-0.541984733,0.86259542,1.8356379500580478,15.329406626381578,28.139240555257334,-1.2773536893333335,0.5563739933831275,1.3932639621287009,1.702290076,1.755725191,2.758605424903945,1.7138105916397197,-1.603053435,-1.671755725,-1.213740458,1.2218001199134965,,,10.221277214088422,0.7690235236958043,10.250166099495202,11.726168410361035,2.802183253237642,0.817692358267692,0.5779454927954925,10.064790092069938,9.903046408525102,10.287009722074421,1.143997891989138,1.0028263479017046,1.147231228030716
9,81,90,9,2005-12-22 16:58:26,0,0.29315669211111106,1.3596920740376373,1.3909361532185078,2.619256616,4.74530769,1.1835575007935528,-1.1334468050012025,0.567425793,0.402225879,0.955286462,1.8830890331948473,4.744684977859284,8.934664247771154,0.8126984524444444,0.47261903421131013,0.9401316536019977,1.83156427,1.738190405,1.3940372291612952,0.7957368858244095,0.785298145,0.550666382,0.940921252,1.9481997685989925,1.1568025640682078,2.2536824876324038,10.178283302111112,1.8360558543015215,10.342560228403254,13.8456682,5.777208605,0.2418212949747991,0.9809433103539115,9.84974563,9.01416925,10.57997714,1.3387080079046905,1.0161399443713726,1.360314680681783,0.07803223077777778,0.18530665277467487,0.20106611997726093,0.404580153,0.671755726,0.8290222696633718,0.20416539334981754,0.045801527,0.015267176,0.099236641,2.012174666949136,2.576706035098013,5.184782607999173,-0.3469041558888889,1.9925406255959794,2.0225134456965668,3.229007634,6.015267176,-0.9424275362716341,0.5214611446703393,0.015267176,-2.13740458,0.442748092,1.5965320976582722,,,-0.935538592111111,0.9942769569596724,1.3652176106651372,2.381679389,3.2977099229999998,-0.23173654358268525,0.5848852590667419,-1.061068702,-1.458015267,-0.442748092,1.7445419473014563,,,10.305394075950602,1.8936620411112794,10.477934099171625,14.122618947185975,6.00606062050432,0.36210705948998356,1.014603496036166,9.890896793829269,9.155210202199568,10.60774275705261,1.3478438414975806,1.0167426904734944,1.3704103737423803
10,90,99,9,2005-12-22 16:58:28,0,0.2894323785555556,2.100005714510953,2.119857330750111,5.499481213,7.223306408,3.9004793082373865,1.7530784752199875,0.136469495,-1.403002173,0.667982263,2.5942694978694676,7.324188611272499,19.00091911086718,0.8762778074444445,0.5279792215807186,1.0230468485072541,1.912967126,1.651999145,0.14963494747618,1.1344515050257002,0.60573302,0.555454785,0.993593689,1.8698724587160838,1.16749145056046,2.1830601091894946,9.899757841444446,0.7578113197569499,9.928720124748835,11.29584343,2.463633505999999,-0.7017915748375825,0.3850159853637912,9.758765967,9.327809668,10.48899747,1.1376938102871288,1.0029255547224742,1.141022195786544,0.08396946555555555,0.13936960741773602,0.16271065920049457,0.305343511,0.473282442,-0.386308582156321,-0.3804376213650315,0.129770992,-0.015267176,0.160305344,1.8766042280226463,1.937736034449839,3.6363636350404045,0.20101781155555554,3.437181547494592,3.44305462503863,8.458015267,12.748091603,3.2913158289179343,1.452850398181739,-0.083969466,-1.801526718,0.580152672,2.456544025032744,17.12810719803836,42.07594939746147,-0.7684478372222222,1.055013507047244,1.3052071017978855,2.786259542,3.755725191,0.2565397045946174,-0.1506536393344821,-1.015267176,-1.236641221,0.030534351,2.1347260049091115,,,10.174615028779568,0.7727304113991461,10.203916075339318,11.469737595813235,2.6012672229697493,-0.6455248185551699,-0.05826455426796472,10.236624719798995,9.62597970387858,10.740529811306361,1.124052521711065,1.0028798186935692,1.1272895891756423
11,99,108,9,2005-12-22 16:58:30,0,0.1979206705555556,1.2247578576695235,1.2406467675194266,2.482787122,4.529829541,1.5689593861485394,-0.937651898792254,0.50517655,-0.342370837,0.967257471,2.0012038776872267,6.268404224970436,12.544354841921834,0.8632427096666666,0.8066988133910704,1.1815036823130134,2.533065356,2.806004345,0.756119004995802,0.6874110588707071,0.746990918,0.517147559,1.118092175,2.143933526335739,1.3686807534919587,2.934360554261872,10.262878427222223,1.1509054144861919,10.327209540095375,12.5456167,3.3279403080000005,0.35257538856816506,1.2980575680105333,9.861716638,9.334992273,10.32379756,1.214811866776951,1.006268330403536,1.2224267089360454,0.020356234222222214,0.19571383757588126,0.19676961780312635,0.396946565,0.65648855,0.7844311432465858,-1.0514927674008054,0.022900763,-0.030534351,0.160305344,2.0173163389337696,9.66630741496969,19.499999885375008,-0.7065309586666667,2.4984222464452923,2.5964013012412357,4.610687023,7.4198473279999995,-1.3480266778002492,-0.17764793524367536,-1.114503817,-2.038167939,1.709923664,1.7757990726609998,,,-0.4571670908888889,0.6394462731614035,0.7860618838563652,1.267175573,2.0,-0.20962465531809915,0.7837838992971554,-0.58778626,-0.786259542,-0.251908397,1.6120557414428038,,,10.393875345308292,1.2465021236664504,10.468352890407951,13.037375133601676,3.788473716553586,0.8200163517508363,1.360152022699534,9.878418602518941,9.395887550941804,10.543040384058882,1.245408448691837,1.0071655222547264,1.254332450647163
12,108,117,9,2005-12-22 16:58:31,0,0.9651292914444445,0.6250486152784575,1.1498523038484432,2.3080104,2.36547124,1.6826953623577854,0.710978092162278,0.960074866,0.732625708,1.091755957,2.007223355795623,1.1913971672412265,2.391400220115333,0.4916094074444444,0.1632744891114012,0.5180138688128599,0.737414111,0.47644612999999997,-1.3540979361425944,0.37946104926622637,0.46208092,0.361524451,0.646434448,1.4235412512988173,1.053710244288601,1.4999999996609774,10.084909438333334,0.7107385911795432,10.109923230389866,11.05163486,2.0015525850000007,-1.5853438191245548,-0.1815353024057236,10.14662664,9.27274303,10.73320604,1.0931472582085888,1.002480318956703,1.0958586120755915,0.016963528555555555,0.08399088151989036,0.08568681041760984,0.152671756,0.290076336,-0.16157889267891434,-0.2407010295113207,0.015267176,-0.030534351,0.061068702,1.7817416152605887,5.051237431940268,8.99999994105,0.5343511448888889,0.8409043642277708,0.9963188725610782,2.328244275,2.79389313,0.7387003639241314,1.048982582169536,0.435114504,-0.13740458,0.770992366,2.3368465047893285,1.8645396048851908,4.357142858717233,-0.9270568277777778,0.3776738265241898,1.0010354045541148,1.671755725,1.175572519,0.04400946979507747,-0.9967121646736619,-0.79389313,-1.038167939,-0.702290076,1.6700265718819807,,,10.162892774223085,0.7187884758180796,10.18827985546749,11.159078066388453,1.987051183991575,-1.5345377307982653,-0.039208203133607754,10.161220041214564,9.3496839594465,10.752808523394577,1.0952857817701178,1.002498017228795,1.0980218245234337
13,117,126,9,2005-12-22 16:58:33,0,-0.39477725155555554,2.160704602202096,2.196472958249902,5.272032056,7.54173523,1.7092563730871992,-1.1614044003753394,-0.610521423,-0.924161841,1.359906543,2.4002262519091655,,,0.5437497991111111,1.415503301234464,1.5163487197340326,2.782062329,4.876988782,-0.1982643683334775,-0.30569717445540173,0.328005627,-0.15801731,1.661575952,1.8347114306846075,2.7886883309435087,5.1164383573988355,10.358114449555554,1.7964916797167447,10.512750225577657,12.19127485,5.619191292999999,0.3133559008853348,-1.0114826376460855,11.27429562,9.255983618,11.92073007,1.1596656049468834,1.0149289503195957,1.1769781951504796,0.08905852422222221,0.08755547351146487,0.12488947785324818,0.213740458,0.290076336,-0.43521404780250794,-0.647023477296653,0.114503817,0.015267176,0.145038168,1.711436877421783,1.4023304219775663,2.3999999985028575,-1.7133163697777778,2.441852335284923,2.9829676180416267,4.625954198,8.183206106,0.8871544647308669,1.0170523242709633,-1.946564885,-3.366412214,-0.221374046,1.5507892777719874,,,-0.7328244275555557,1.5105291011286706,1.6789073253097437,3.244274809,4.992366412,0.06557354676607119,-0.46928549684058984,-0.503816794,-0.916030534,-0.076335878,1.9323727760860534,,,10.667694013315732,1.9601093438410329,10.846276974222317,13.328090568559874,6.608773953216641,0.013156641122797907,-0.7051317724324639,11.41241923429725,9.300543146283717,12.065928157659888,1.2288170955099094,1.0167405402408123,1.2493881575458912
14,126,135,9,2005-12-22 16:58:35,0,-0.10162055922222225,1.6285621453745516,1.6317295730002563,2.712630481,4.800374329,-1.3852392850560231,-0.38267507534554573,0.495599744,-1.527500659,1.335964526,1.6624264987808577,,,0.7975351752222222,0.4374900037648653,0.9096482062374017,1.529894861,1.472434021,-0.7019428718418355,0.07062745601328453,0.665588062,0.469263525,1.142034192,1.6818533258347625,1.1405744028580818,1.9182788528088632,10.69755904,0.6832746038757889,10.719357891151285,11.8225678,2.0590134300000003,-1.2182553825242368,0.33130881306719373,10.5273047,10.23042369,11.17373915,1.102917536670681,1.0020377406724073,1.1051649965934658,0.2561492791111111,0.6149039213848001,0.6661225755996761,1.946564885,2.145038167,7.618276246711739,2.6924321254671995,0.053435115,0.0,0.13740458,2.922232268209206,2.6005248888900017,7.599337744595523,-1.4512298558888888,2.0924771874439183,2.546473811881146,5.65648855,6.3893129769999994,-0.14076387054908768,-0.9354864449552391,-0.305343511,-2.65648855,-0.06870229,2.22130246288353,,,-0.3248515689999999,0.9908849849595001,1.0427759084769603,1.519083969,2.854961832,-1.3757154534809755,0.47309675198042556,-0.511450382,-1.114503817,0.65648855,1.456769337161536,,,10.856622752074957,0.7268956432874302,10.880929870976187,11.975416892306479,2.1932172359520408,-1.3043030712313666,-0.006904717667220527,10.744966329373803,10.258796789366183,11.4635800618662,1.100587636746904,1.0022389208371991,1.1030517653399805
15,135,144,9,2005-12-22 16:58:37,0,0.48123453366666663,1.5099237769361762,1.5847575488227152,3.270479468,5.257666846,0.19571091725952705,0.022740117150684185,0.320823022,0.031124622,1.170764612,2.0637096636198855,3.293108532232681,6.796019901317681,0.07262411699999999,0.800961350531784,0.8042470686398112,1.453280408,2.7461493040000002,0.05882480805305157,-0.49019836902401925,0.105344873,-0.105344873,0.665588062,1.8070074044010769,11.07410460687338,20.01098902173227,9.962539130555557,1.4896571653598762,10.073294614879417,12.62941376,4.6423570220000006,-0.7901280090726743,0.531797869906588,9.727641345,8.743624463,10.92953058,1.2537520486440354,1.0111171944092212,1.2676902539097707,0.047497879666666666,0.17253251094550046,0.17895115508425305,0.297709924,0.511450382,-1.1584877604228416,-0.3729555271747216,0.106870229,-0.038167939,0.190839695,1.6636379008553113,3.767560917247395,6.267857135713967,-0.2010178115555556,1.9329447494407754,1.9433691273026974,4.236641221,7.129770992,1.1156765818237222,-0.6124140377292533,-0.34351145,-0.740458015,0.763358779,2.1800496681143917,,,-1.106870229111111,1.0290599825413327,1.5113325748360125,2.809160305,3.511450381,-0.30559451585756836,-0.01386107920050161,-0.86259542,-1.977099237,-0.854961832,1.8587307332436795,,,10.135248400313309,1.3806788540683548,10.228857914455796,12.646978616715097,4.059048013256893,-0.9072105394180023,0.6617902138746778,9.88856965406213,8.909366128751783,11.183696274339798,1.2364018273087873,1.009236035511433,1.2478212784922118
16,144,153,9,2005-12-22 16:58:39,0,1.046000103,1.9536872818814779,2.216079919782102,4.467580298,6.423643053999999,-0.5621025144852458,0.4357452740613414,0.632069238,-0.189141931,2.42293208,2.015983384949076,2.1186230416481155,4.271108850932876,0.19339828966666667,0.4833373106323982,0.5205937516868132,0.938527051,1.877054102,3.0710156052690127,-1.1694871089639862,0.162805713,0.045489832,0.440533105,1.802801220642797,2.6918219007214965,4.852819808373727,9.698378880666667,1.5212994145369454,9.816970246549172,12.22239948,5.224148027,-0.12640994022649288,-0.22383529540617067,9.873687646,9.227253198,10.54406411,1.2450276585381703,1.012227957614536,1.2602518039757002,0.10602205255555557,0.07290371160821216,0.12866867060145742,0.190839695,0.24427481,1.024557898751568,-1.1211978220612202,0.13740458,0.061068702,0.152671756,1.483186964689432,1.2136029014721728,1.8000000037728,0.15351993222222216,2.6878720138528838,2.69225265018777,4.328244275,8.603053435,-0.47207611821740514,-0.020903496657146293,0.007633588,-1.038167939,1.061068702,1.6076664553373654,17.53682802758601,28.19337015297016,-1.3299406275555556,0.775491184805071,1.5395222150177754,3.06870229,2.610687023,1.6028239373664013,-1.0867801517142297,-1.27480916,-1.595419847,-0.580152672,1.9932822404674224,,,10.006750776863257,1.1915837261959756,10.077446744428297,12.37900384741438,4.0234290530658114,0.19359378010295103,0.6565326899351026,9.898972328269348,9.330307390736266,10.545813678296607,1.228386927895063,1.0070648274491354,1.237065269581415
17,153,162,9,2005-12-22 16:58:41,0,-0.0800727443333333,2.1557310177249884,2.1572176211886194,5.176263989,7.84579884,2.747956362305743,-1.4245698819015675,0.423773694,-1.043871924,1.460463013,2.3995094134952857,,,0.7576318142222224,0.6591736787764401,1.0042489256719778,2.200271326,2.226607544,1.1878639731848475,1.019480183454674,0.624886633,0.153228906,0.991199487,2.1909620909255367,1.325510501037935,2.90414325889783,9.309986167111113,1.340567229160671,9.40600674716427,11.07557688,4.627991809,0.7715269020669178,-0.9508418118544507,9.861716638,8.444349255,10.30703815,1.1775004183724485,1.0103137188745095,1.1896448266621593,0.2035623411111111,0.24884403411318473,0.3214980249276194,0.511450382,0.748091603,-1.1088484393519416,-0.6038376806716292,0.297709924,0.0,0.41221374,1.5908352224407774,1.5793590463382179,2.512499999795313,-2.430873621111111,4.871049343737758,5.443920303507564,13.36641221,19.801526714,3.1660770356456744,-0.7369861043012907,-1.847328244,-2.038167939,-1.045801527,2.4552916767330166,,,-1.0542832912222222,1.1059335889153916,1.5279405620774782,3.190839695,3.961832061,0.491641100358267,-0.24119256715029253,-1.20610687,-1.335877863,-0.549618321,2.088327107869658,,,9.590514838659647,1.4687041318893703,9.702322747547608,12.421888182423254,5.373466657605466,0.5095355686836518,0.18860753727818216,9.908585440653477,8.488398797344813,10.469436791339787,1.2803004502775432,1.0116581758924204,1.2952264181220239
18,162,171,9,2005-12-22 16:58:43,0,-0.7400743354444443,1.580642774933971,1.7453199144954772,2.894589807,5.516240625,0.9030713517079763,0.9171616423348378,-0.780509741,-1.754949817,-0.174776721,1.6584866665185245,,,-0.24553868133333331,0.7364072989417533,0.7762634565439758,1.163582007,2.243366956,-0.8987348572676117,0.5070250588853755,-0.299275208,-0.940921252,0.122104285,1.498952446094031,,,9.798137282888888,0.8226227530926989,9.832609135333463,11.04684646,2.9257144289999992,0.472243035094853,-0.6296328339863038,10.07719479,9.291896643,10.33098016,1.123490856593005,1.0035182046800646,1.1274435273826804,0.059372349666666664,0.13963776509354003,0.15173589339790242,0.290076336,0.427480916,-1.4183109280246553,0.12387860353308854,0.06870229,-0.06870229,0.160305344,1.9117186415433198,2.5556659665617256,4.885714269833878,-0.8100084817777778,1.4916040277057279,1.6973497918873088,3.534351145,4.977099237,-0.4877220682969554,-0.2344753754065645,-0.366412214,-1.778625954,-0.038167939,2.0822762414046085,,,-1.4249363866666667,0.48897352267134886,1.506498858917684,2.282442748,1.7099236639999997,-0.16378468513397237,-0.01748052564858202,-1.358778626,-1.763358779,-1.099236641,1.5150643722623052,,,9.986383094833547,0.7752945565176457,10.016432946221082,11.167200248526319,2.6606785698289244,-0.21085773552478315,-0.5199800441279416,10.340174748726989,9.521473006170947,10.488949930117641,1.114887935503965,1.0030090825779636,1.1182427253670717
19,171,180,9,2005-12-22 16:58:45,0,0.63446344,0.8672527117656673,1.0745562445779826,2.616862415,2.918531824,2.0104064715116987,1.4523185388730517,0.450109912,0.251391174,0.553060583,2.4352958983805797,1.6936456489565146,4.124528302213915,0.4535682033333333,0.4901394804621836,0.6678029839576693,1.692700574,1.8722656990000002,4.699261743740697,1.853123779452208,0.287304199,0.229843359,0.53390697,2.5347304739017114,1.4723320088354872,3.731964810496233,10.034365179,0.3483002426353292,10.04040823893867,10.69968722,1.2904746959999986,0.7810499916216624,0.25089333675950043,10.02691655,9.880870251,10.13704983,1.065662567235515,1.0006022363977063,1.0663043480211774,0.06022052599999999,0.19195414849301665,0.20117879330435343,0.320610687,0.6259541980000001,-0.2545796898956638,-0.4067971080300472,0.038167939,0.007633588,0.259541985,1.5936604536391865,3.340701363258658,5.323943650043842,-0.024597116111111112,0.735063178090716,0.7354746045281285,1.511450382,2.564885497,0.26393272106362264,-0.6436814422220113,0.297709924,-0.465648855,0.358778626,2.0550680780741954,,,-1.1017811704444442,0.6424621462321424,1.2754134062676072,1.977099237,2.122137405,-0.2989794203684397,0.43144735218758234,-0.870229008,-1.664122137,-0.770992366,1.5501634429152025,,,10.115046725312634,0.3102568249595044,10.119803829753412,10.706406446975294,1.1440882043491065,0.6386210813346782,0.20352751577396114,10.10401975868074,9.897478503609463,10.269441508823707,1.0579658091293431,1.0004702997989,1.0584633702366195
20,180,189,9,2005-12-22 16:58:47,0,0.7996633544444445,0.5583186099779566,0.9752851637798345,1.565807886,1.738190406,-0.552578074570576,-0.38067211625195824,0.957680664,0.56263739,1.041477722,1.6054872401949845,1.2196196791553628,1.958083832774636,0.65547921,0.6545881202380726,0.926357707313453,1.8746599,2.430114685,0.6724786038858834,-0.037793420647015345,0.814028564,0.256179578,0.995987891,2.023688997457295,1.41325261454662,2.8599837666857506,9.711413979888889,0.5981041601686461,9.729814493359696,10.71165823,1.766920828,-1.4862980251861937,0.21105898513452806,9.787496387,9.169792358,10.19211647,1.100910838260111,1.0018947306240793,1.1029967677397432,0.10687022888888889,0.12808868156100248,0.1668171339125553,0.251908397,0.404580153,0.02597591306075664,-1.0978184114886804,0.175572519,0.022900763,0.183206107,1.5100870701450195,1.5609317547732788,2.357142860261905,0.759966073111111,1.6338141271407098,1.801914824381131,3.763358779,6.083969465999999,0.7685068128011361,-0.1577303968591662,0.938931298,-0.27480916,1.503816794,2.088533113818256,2.371046403432909,4.952008927969311,-0.6089906701111112,0.6223627057762078,0.8707496619714892,1.893129771,1.969465649,0.18141283635106742,-0.8802836465991274,-0.526717557,-0.93129771,-0.015267176,2.174137819030226,,,9.807771055034834,0.5350109903557073,9.822352560755519,10.727435284713103,1.6898152390438241,-1.13109625319295,0.170164408023637,9.873974726110266,9.33211190875663,10.210848492992907,1.0921452084273349,1.001486729822593,1.093768933279306
21,189,198,9,2005-12-22 16:58:49,0,0.9262900201111111,0.6850684922970542,1.1520989716580783,1.821987463,2.0925322509999997,-1.0521557847667244,-0.5521175889442047,1.228225452,0.339976636,1.362300745,1.5814504724171667,1.243777808941395,1.9669730035323574,0.3945112291111111,0.5479366775949246,0.6751842063826166,1.486799231,1.951274353,0.6494736491502566,0.3141782155489207,0.409408484,0.196324536,0.629675037,2.202064587626704,1.7114448374610296,3.768712070249474,9.873155601777777,0.8602170903699549,9.910558762223271,11.55920562,3.028665105,0.2118629197202706,0.5214082983306146,9.756371765,9.25837782,10.39801781,1.166352563698122,1.003788369388077,1.170771138046141,0.011874469888888885,0.17888279991090614,0.17927648797069684,0.381679389,0.61832061,0.7678620731281525,0.5329641943977819,0.007633588,-0.106870229,0.099236641,2.128998583809754,15.097641380896379,32.14285711879593,0.9533502970000001,1.4556862258631182,1.740085968266395,3.496183206,5.091603053,-0.1829372183004523,0.023555764109283495,1.022900763,-0.129770992,1.786259542,2.009201424388912,1.8252325233884044,3.6672597858329503,-1.3452078032222223,0.48854667325049295,1.4311750018058869,1.992366412,1.786259542,2.7614696952503452,1.1777844230431693,-1.389312977,-1.511450382,-1.175572519,1.39211934912641,,,9.962254822045214,0.8694018594191563,10.000119035917752,11.704317758347937,3.08357518230307,0.38330185003357187,0.5725481131878271,9.918982437761276,9.279863247125085,10.507261337412968,1.1704178436585764,1.0038007674516365,1.1748663297035684
22,198,207,9,2005-12-22 16:58:51,0,0.25883980177777777,0.6602977302281045,0.7092186796248008,1.132457385,2.0661960319999997,-1.0113523180345187,-0.4155358991741896,0.416591089,-0.215478149,0.864306799,1.5967675662450203,2.7399908157621278,4.375128466418201,0.3093840588888889,0.23418011531609828,0.38801910043711063,0.758961926,0.878672009,0.9360059988195815,0.04199501703966183,0.359130249,0.167594116,0.385466467,1.9559911487476145,1.254166429358477,2.4531384348815815,9.824473500333333,0.48279321783827667,9.836329033228937,10.23042369,1.6591817469999999,5.251551862703385,-2.178492579538722,9.998186133,9.670180505,10.12747302,1.0400652169564213,1.001206734681019,1.0413202997242441,0.042408821,0.13736268848669836,0.1437602736742796,0.305343511,0.419847328,-0.6279587415347505,0.6894560518185964,-0.007633588,-0.061068702,0.13740458,2.1239769735818856,3.3898672560192042,7.199999995284,-0.102629347,1.4242551584524186,1.4279480169964067,3.824427481,5.381679389,5.7235036232882095,-2.148086217614346,0.290076336,-0.160305344,0.564885496,2.67826800099098,,,-0.7362171332222223,0.3944777259492296,0.8352414881458073,1.473282443,1.244274809,-0.1451909339026125,-0.6163807330849904,-0.687022901,-0.786259542,-0.496183206,1.7638999785207155,,,9.857974794654613,0.4767092989754408,9.869494354209607,10.249981362282538,1.6336420887883776,5.368774542884138,-2.21219908119639,10.042406301030981,9.736689787972228,10.156279351958823,1.0385518238744058,1.0011685523441631,1.0397654260427291
23,207,216,9,2005-12-22 16:58:53,0,0.2729389892222222,0.36952149764741665,0.4593928918270701,0.773327136,1.098938562,-1.0991387478203047,-0.5363957898135336,0.435744702,0.035913025,0.557848987,1.683367657092754,1.683133996854661,2.833333332858394,0.38998884822222224,0.31114479247293875,0.49890117620699553,0.840364783,0.924161841,-1.3151908157236223,-0.32666837273974175,0.509964954,0.191536133,0.598550415,1.6844313524956096,1.2792703649892911,2.154843111106464,9.93646893388889,0.17101289204076414,9.93794044474926,10.14183823,0.5650315890000002,0.6599176904605795,-0.7973088689019509,9.923965881,9.880870251,10.08198319,1.0205171067772365,1.0001480919298558,1.02066823712503,0.10432569977777778,0.11951163916111768,0.1586407372937362,0.27480916,0.40458015199999997,-0.17629657489372796,-0.493991321264252,0.091603053,0.030534351,0.20610687,1.7322735930757087,1.5206295057848054,2.634146337722784,-0.10178117033333334,0.8105034701999724,0.8168691950616209,1.870229008,2.816793893,3.3109628105435736,1.696277160056102,-0.236641221,-0.633587786,0.030534351,2.2895085520502683,,,-0.9669211195555556,0.3822048969688376,1.0397196904500408,1.603053435,1.351145038,0.024493366149340723,0.26782303746986214,-0.969465649,-1.259541985,-0.671755725,1.5418130960914296,,,9.959691232174906,0.16478791158156444,9.961054386763738,10.156324786116471,0.5569622982101645,1.2435512372746613,-0.9383801654057029,9.962536920811411,9.91144054733217,10.099798878596738,1.0196033865262506,1.0001368671535147,1.0197429367394781
24,216,225,9,2005-12-22 16:58:54,0,0.5679578382222222,0.5630858020041625,0.7997760476638011,1.805228052,2.166752503,2.087597050449114,0.7726531264141009,0.536301172,0.349553442,0.694318481,2.257166937260988,1.4081609475928676,3.1784543332487236,0.44718366555555566,0.3064365669289493,0.5421038648551617,0.936132849,1.043871924,-0.16240918240069302,-0.2906163190484505,0.481234534,0.304063611,0.581791003,1.7268514572389448,1.2122622238039096,2.093396787731505,9.914389074777779,0.31883959087972424,9.919514575360294,10.37647,1.1731588179999992,1.8278154764784462,-0.9382968461390477,9.854534033,9.804255798,10.18253966,1.0460663091089926,1.0005169759370807,1.0466071002193928,0.16115351999999997,0.12114976240349938,0.2016128020211384,0.435114504,0.39694656500000003,1.633109966999097,1.3666477752577555,0.145038168,0.061068702,0.190839695,2.158169023187227,1.2510604920149335,2.7000000000000006,-0.3698049194444445,0.47597133669372715,0.6027473697987619,1.572519084,1.72519084,4.4817691588046475,-1.8999831387195811,-0.221374046,-0.503816794,-0.076335878,2.6089190310776704,,,-0.9380831211111111,0.3872944804130473,1.0148876571680117,1.641221374,1.2900763359999998,-0.28409010823277736,-0.09769910702239075,-0.885496183,-1.20610687,-0.732824427,1.6171458608332454,,,9.962561648496644,0.27866312529071896,9.96645813403603,10.393912461931023,1.010296969382944,0.8673399415820304,-0.5781772309196054,9.91425985265076,9.829400674199654,10.199574176273718,1.0428892914760974,1.0003911128158463,1.0432971788435026
25,225,234,9,2005-12-22 16:58:56,0,0.18621568466666674,1.8754378550730257,1.8846600302061873,4.898536597,6.7851675049999995,7.048186025919392,-2.531431307340083,0.545877979,0.237025964,1.134851587,2.599161927609875,10.120844726800545,26.305714289151148,0.17211649700000003,0.7699917349020544,0.7889938912038715,1.750161414,2.559401575,3.96432462860756,-1.9675259389609012,0.483628735,0.181959326,0.679953271,2.2182192200874318,4.584068958851001,10.168469870729473,10.378066129555556,1.9444183519812006,10.558646661241653,15.73229911,6.751648682999999,7.707981429076529,2.7017461056213183,9.880870251,9.684545715,9.9503021,1.4899920051070206,1.0174002101578274,1.5159181791293654,0.165394402,0.17592250405064686,0.2414622861740265,0.419847328,0.488549618,-1.9252294018851521,0.018105124825553036,0.236641221,0.0,0.290076336,1.7387697874168555,1.459918130566635,2.538461537531361,-1.621713315888889,4.850061153149816,5.114005012534135,15.25954198,16.25954198,8.701862313836644,-2.933079590920273,0.175572519,-0.335877863,0.20610687,2.983873098012171,,,-0.7353689566666667,0.503405388989782,0.8911702912984565,1.458015267,1.72519084,0.1225029877585797,0.5205338805134214,-0.763358779,-1.114503817,-0.389312977,1.636068079508841,,,10.53269505553109,2.1729723822345797,10.754509477738319,16.5699716672573,7.430204746287313,8.117760266137658,2.799729970225616,9.917481800918654,9.716572397765491,9.976993104264393,1.5407463912284334,1.0210596073500435,1.5731939052537007
26,234,243,9,2005-12-22 16:58:58,0,1.0954802706666666,2.097221382883512,2.366096902547261,4.879382983,7.264007837,-0.2210608373152363,0.2940962615202274,0.782903943,-0.150834705,2.46602771,2.0622075865730687,2.159871762096954,4.45410393382128,0.4176551783333334,0.7104780694952749,0.8241449722120382,1.292868896,2.27927998,-0.27959854696942177,-0.6127090467354886,0.452504114,-0.08619126,0.969651672,1.5687396509013312,1.973266500611379,3.095541401304386,9.58452129,1.085347815554672,9.645777741540211,10.85052192,3.9719805500000005,4.110335360122832,-1.788039245763219,9.787496387,9.296685046,10.25915411,1.1248986044195768,1.0063911852962468,1.1320880398399116,0.07294317222222223,0.24691404800844288,0.2574631109067014,0.511450382,0.8015267180000001,-0.5064577040646876,0.4627603118655061,0.038167939,-0.145038168,0.167938931,1.9864996589174972,3.5296396230525455,7.011627907295566,-0.11365564033333324,3.583001599912941,3.5848037700212094,7.122137405,12.641221374,0.5159088483680572,-0.6703250563284189,0.709923664,-0.633587786,1.297709924,1.9867579543852862,,,-0.9966072944444444,0.5539027138692664,1.140190473461173,1.938931298,1.8854961829999999,-0.5483568747191399,-0.11683339881201284,-0.816793893,-1.366412214,-0.648854962,1.7005327996770239,,,9.942283753994023,0.685311229825715,9.965874659389344,11.153173021941024,2.670297598005563,1.9493459566541107,-0.5427680169566238,10.028554857252248,9.75608886359813,10.318328642489876,1.1191363932550633,1.0023727853659221,1.1217918637114497
27,243,252,9,2005-12-22 16:59:00,0,0.1553570854444445,0.49063085881248497,0.5146401302044653,1.252167468,1.948880151,2.707371988093831,0.7620935310603103,0.174776721,-0.11492168,0.205901343,2.4330933297069484,3.3126273496454077,8.059931508227049,0.5203398274444444,0.23848459942410144,0.5723883648253066,0.890643018,0.845153186,0.26117419945784714,-0.5000711272674351,0.56263739,0.373495459,0.667982263,1.5560117443544208,1.1000279714057049,1.7116564426256458,10.214994395222224,0.32820093219588564,10.220265473377669,10.69250461,0.9720458700000005,-1.0144735486941467,-0.28930492279652603,10.26154832,9.96466731,10.3812584,1.0462061516750663,1.0005160138078892,1.0467460084952291,0.12213740466666666,0.17665704783509928,0.21476791699069403,0.389312977,0.587786259,-0.6420481808078202,-0.3338413399348168,0.13740458,0.022900763,0.259541985,1.812714778142906,1.7584123191157655,3.187499996929688,-0.4351145037777778,1.095188569212573,1.1784577351486407,1.938931298,3.824427481,1.08422062312997,0.9182771738651768,-0.427480916,-1.183206107,0.106870229,1.6453125472127683,,,-0.5784563187777778,0.5671706955015279,0.8101199359166672,1.34351145,2.030534351,1.749201751125077,0.9994336647819678,-0.572519084,-1.0,-0.488549618,1.6584105518645083,,,10.24436323629663,0.31516841995025735,10.249210176892653,10.715018889792788,0.9761136991813899,-0.9343157779276097,-0.2536563335221177,10.282985761353617,10.012764597815428,10.41229080943076,1.0454482545348054,1.0004731324421268,1.0459428900205905
28,252,261,9,2005-12-22 16:59:02,0,0.44399139677777777,0.4932999465342035,0.6636815483824529,1.261744275,1.699883179,-0.26024559924141943,-0.1057076023643291,0.383072266,0.134075293,0.761356128,1.9011290551547892,1.4948072264441472,2.8418214500483123,0.3992996321111112,0.3393874622048689,0.5240458431339093,0.842758984,1.127668982,0.15753110122253577,-0.8379611629514943,0.457292517,0.229843359,0.646434448,1.6081779772550358,1.312412536829199,2.110592938802131,10.10619122977778,0.27703037458452207,10.10998748769155,10.45787285,0.8571241929999989,-0.8347633590776722,-0.5144679346040042,10.12029042,9.890447058,10.29746134,1.0344100685319328,1.0003756368573933,1.0347986310793322,0.055131467333333344,0.09905887239663051,0.11336727433796019,0.221374046,0.290076336,-0.9965515786726571,0.5221479378965804,0.038167939,-0.030534351,0.106870229,1.9527156076811008,2.0563079457422053,4.015384619849467,-0.6505513146666666,0.49974940500693354,0.820345342413372,1.58778626,1.679389313,-0.06951453353447423,-0.30842999869008786,-0.625954198,-0.816793893,-0.41221374,1.9355095688468167,,,-0.9550466496666667,0.3879959837051196,1.0308515831150613,1.580152672,1.229007634,-0.9911203391582601,0.1545449843374727,-1.091603053,-1.244274809,-0.732824427,1.5328614689857125,,,10.141665928345486,0.27121290987939606,10.145291727922315,10.48698945081602,0.8752892387642444,-0.28913889430235074,-0.6234971886213041,10.161752841853975,9.953945158593715,10.32671577810388,1.0336804235952397,1.000357515185616,1.0340499800437493
29,261,270,9,2005-12-22 16:59:04,0,0.6057330201111112,0.7307184701727444,0.9491374896739269,1.905784521,2.39420166,-0.5571246090354371,0.3115258347857909,0.397437476,0.277727393,0.943315454,2.0079119640029455,1.5669238066298978,3.14624505801321,0.5381633285555556,0.9304873619786544,1.0749076699903068,2.626439221,3.497928625,2.12050259289217,0.9129859100850465,0.687135876,-0.17238252,0.766144531,2.4434091358039005,1.9973632779390358,4.880375680835465,9.845489271666667,0.7028682510263434,9.870546224845121,11.55441721,2.6216508160000007,3.617158610595256,1.5303262855583277,9.715670337,9.593566052,9.998186133,1.170595521949577,1.0025450185853702,1.1735747093088897,0.14079728600000002,0.2284729723536843,0.26837245544409577,0.610687023,0.8473282440000001,0.99234472889529,0.5760538905644962,0.083969466,0.0,0.282442748,2.2755204962798845,1.9060911120410071,4.33734939322623,0.7463952501111112,1.5259403354891787,1.6987053237278251,4.34351145,5.236641221,2.555685025820342,1.5291901237317163,0.679389313,-0.251908397,0.79389313,2.5569540457247304,2.27587906471129,5.819318182093748,-0.449533503,1.3011999391889575,1.3766632311734044,1.923664122,3.7709923659999998,-0.08299780214372454,1.064926028691096,-0.809160305,-1.167938931,-0.229007634,1.3973382003965902,,,9.94168139034246,0.8043272860168484,9.974165190636898,12.00144802450248,2.907065533585648,4.967355852948744,1.9874676636544093,9.758062248280233,9.639711501410819,10.02956337424919,1.203253384630993,1.0032674352575806,1.2071849371637395
30,270,279,9,2005-12-22 16:59:06,0,0.40861041666666664,0.6236128102956674,0.745557113689734,1.508347046,2.291250989,0.52648870466858,-0.24906694606061033,0.555454785,0.081402856,0.76375033,2.023114015417608,1.8246160236730806,3.691406250248556,0.3612584283333333,0.38486777332386374,0.5278549563896687,1.051054529,1.31202251,-0.19651864003371866,0.32032473446158466,0.330399829,0.110133276,0.545877979,1.9911805625333547,1.461156100426304,2.909425625995891,10.076928764222222,0.4310766480771369,10.08614497197649,10.6757452,1.5945383030000002,2.456638586848605,-1.162324429266389,10.04128176,9.957484705,10.29985554,1.0584564498786866,1.0009145849861507,1.05942449825624,0.17217981333333332,0.14313338355459335,0.22390411699494908,0.328244275,0.511450382,3.937492326480225,-1.7575588584343507,0.198473282,0.13740458,0.27480916,1.466003749307587,1.3004086405964417,1.9064039427463662,-0.1068702288888889,0.7057847187768935,0.7138300323478567,1.312977099,2.3358778620000002,-0.5319922622779005,-0.09474625222969427,0.061068702,-0.633587786,0.160305344,1.8393413550862943,,,-0.7633587787777778,0.5473991576658878,0.9393415049652729,1.786259542,1.6717557250000001,-0.6224760839040289,-0.7422044750168451,-0.549618321,-1.007633588,-0.328244275,1.901608235724703,,,10.118819179019747,0.4174986021380805,10.127428432750593,10.682139545893317,1.5302082611205723,2.477130411017133,-1.178690956747998,10.057887294145239,10.00212466746751,10.334255509508557,1.0547731457028984,1.0008508160466685,1.0556705636208574
31,279,288,9,2005-12-22 16:59:08,0,0.36950512277777775,0.6675172771272917,0.7629635319086058,1.604115112,2.4133552729999996,0.4798109855367425,-0.050948848260994904,0.402225879,0.110133276,0.775721338,2.102479404208476,2.0648253160145114,4.341252700208767,0.6190341403333334,0.29180924084988685,0.6843653263744565,1.063025537,0.9265560419999999,-0.6841182253651499,-0.020510599122872376,0.641646045,0.378283862,0.725443103,1.5533012793496732,1.1055372907315644,1.7172324880621108,10.286554422111111,0.7462479974927195,10.313587540367102,11.75074175,2.6886884660000003,0.5081618450591794,0.5076729566350745,10.10831941,9.900023865,10.63025537,1.1393457130225457,1.0026280051751715,1.1423399194526784,0.08396946566666666,0.11166976212968391,0.13971759709659232,0.221374046,0.335877863,-0.8649150694314676,-0.5188625753101223,0.106870229,0.030534351,0.175572519,1.5844392589070604,1.6639095650701037,2.636363638168044,-0.21628498733333335,0.8295477600186655,0.8572798154032122,1.824427481,3.06870229,0.709453485744099,-0.1882538610704381,-0.122137405,-0.702290076,0.251908397,2.128158680770876,,,-0.9143341814444444,0.34513381427441203,0.9773046327083927,1.427480916,1.114503817,-0.9831933321796242,0.22664071936269214,-0.893129771,-1.213740458,-0.65648855,1.460630460784821,,,10.338387971600282,0.7336834143227093,10.364388896784105,11.826445983713048,2.6185689511431445,0.6114912027584598,0.6995575802606944,10.138824120740113,9.942422194463576,10.64931640134026,1.141065440663134,1.002514988338148,1.1439352069394655
32,288,297,9,2005-12-22 16:59:10,0,1.2705230142222221,2.0560730177735764,2.41695365782732,6.739677673,7.71651195,6.345335611128078,2.333674750023831,0.641646045,0.50517655,0.857124194,2.788500992219487,1.9023296947571706,5.304648241358963,0.8057818697777779,0.5931171054254619,1.0005360175480191,1.965639563,1.7788918340000002,-0.04719757719962825,1.1289130898320268,0.536301172,0.46208092,1.063025537,1.9645865101559548,1.2416958671755067,2.439418950369401,9.188147905000001,2.684819116776871,9.572372517509253,10.60391915,8.961496811,8.67700995328749,-2.927660559905909,10.09156,9.660603699,10.29027874,1.1077629010575902,1.041817417011775,1.1540866842412894,0.08481764200000001,0.23466146183268247,0.24951960657209213,0.419847328,0.717557252,-1.3240013408492808,-0.2615333099118218,0.06870229,-0.13740458,0.290076336,1.6826225953458138,2.941836163897271,4.950000001178999,-0.08057676011111109,2.1936472543501484,2.1951266229509288,5.282442748,8.083969466,3.6374291402744436,1.6057424562529519,-0.557251908,-1.374045802,0.351145038,2.4064410192878825,,,-0.7972858354444444,0.5160454788072573,0.9497197689833339,1.916030534,1.732824427,0.9421298053637832,-0.9830851470338787,-0.664122137,-1.038167939,-0.335877863,2.0174693594628366,,,9.87284209206389,1.000020972596902,9.92335895352285,10.786695290527115,3.5766644190806023,6.281370506701078,-2.3685369556247786,10.167660309676865,9.702325504505946,10.471524269661222,1.0870004139775449,1.0051167496641689,1.092562322980716
33,297,306,9,2005-12-22 16:59:12,0,0.1590813992222222,0.7628446586853209,0.7792553271317585,1.376665955,2.401384266,-0.9823879740981192,-0.03253223085353258,0.201112939,-0.574608398,0.62009823,1.7666429821752503,4.898469154418298,8.65384615505502,0.4716577272222222,0.2927634298286574,0.5551319099938964,1.058237134,0.9241618410000001,-0.026633619945175546,0.9807451499787807,0.363918652,0.246602771,0.615309827,1.9062804982902808,1.1769804202366967,2.2436548219667145,9.953760391555555,0.5515737095184808,9.96903102059233,10.6661684,1.977610575,2.081324565420352,-1.2373270106007164,10.00776294,9.708487732,10.32858596,1.0699303049581892,1.0015341567845788,1.071571745794567,0.10432569966666667,0.1475826972586207,0.1807332402771256,0.396946565,0.549618321,0.8722655645342243,0.24224774396356408,0.099236641,-0.007633588,0.167938931,2.1963118925513965,1.7323942312832823,3.804878052754907,-0.8787107717777778,1.2934042447600942,1.5636582621537634,3.809160305,4.603053435,1.9838292515443428,-1.157439641952893,-0.832061069,-1.06870229,-0.175572519,2.436056776084379,,,-0.989821883,0.33025990195128396,1.0434648834064983,1.389312977,1.0916030529999998,0.4559330982606067,0.965993858876735,-1.091603053,-1.244274809,-0.86259542,1.3314420054697431,,,9.998907097436732,0.5646650765881024,10.014838480569164,10.687832330902474,1.984244082369461,2.0001255310506805,-1.2704925230166686,10.064198902271597,9.730929502196517,10.394626343814709,1.0671996709321927,1.001593312446769,1.0689000534510769
34,306,315,9,2005-12-22 16:59:14,0,0.6791552042222222,1.6006833256934496,1.738803870646477,4.015076184,5.640739111,0.7624574976587528,0.6195660193203744,0.703895288,-0.840364783,1.532289062,2.3091023960667965,2.5602452279487116,5.911868390374951,0.6275468573333334,0.4145441768163822,0.7521050011011194,1.491587634,1.661575952,2.3609935133204507,0.26655454291052805,0.536301172,0.46208092,0.775721338,1.9832172792578708,1.1984842124731168,2.3768545990944467,10.44137946288889,1.2573348042707446,10.516810157936122,12.63420216,3.835511059,-0.3480536443213724,0.8782741244391562,10.05085857,9.540893616,10.92713638,1.201334051890826,1.0072242078084923,1.2100127387291033,-0.05937234944444444,0.6846701563760274,0.6872396226284738,1.946564885,2.389312977,7.7620115229518465,-2.7061652805891345,0.091603053,0.030534351,0.27480916,2.832439837439823,,,-0.5996607294444444,1.8567362591008052,1.9511695278210697,3.267175573,5.916030535,-0.8023938438862364,0.45890447802283224,-1.030534351,-1.778625954,0.748091603,1.6744703760562283,,,-0.963528413888889,0.6270989942523248,1.1496260926768822,2.34351145,2.022900763,1.0456076073492016,-1.1770180816191342,-0.870229008,-1.419847328,-0.41221374,2.038498834471631,,,10.598923317900038,1.3620650618086199,10.686084256233661,13.264161126873933,4.4252724838423205,0.15179971503099665,0.9991349928208626,10.181124039650822,9.700173842325425,10.983545401106866,1.2412555253002395,1.0082235653301144,1.2514630712039114
35,315,324,9,2005-12-22 16:59:15,0,0.3681750106666667,0.8717121166831662,0.9462741953850617,1.956062756,2.722207287,-0.7998284282230554,0.6709697151897596,0.033518823,-0.17238252,1.077390747,2.067120466287291,2.570174965627384,5.3128612733875995,0.2939547592222222,0.4890827552602817,0.5706236430103324,0.893037219,1.728613598,3.4097279907192544,-1.533634135003264,0.251391174,0.225054956,0.696712683,1.5650196586471086,1.941195456471435,3.0380090506542436,9.799999440444445,0.5214522338191498,9.813862718872034,10.27591353,1.4173673870000005,-1.1565708401448869,-0.8958741223746834,10.11550201,9.198522778,10.21127008,1.0470814422785275,1.0014146203284844,1.0485626649723534,-0.020356234222222224,0.23481469706389127,0.23569539288861163,0.305343511,0.610687022,-1.9853301579867684,0.21709239943154332,-0.122137405,-0.221374046,0.221374046,1.2955005494923004,,,0.24597116200000002,0.6889406630581988,0.7315333551866935,1.603053435,2.503816794,0.5713181119407134,0.2777071823364087,0.244274809,-0.251908397,0.595419847,2.1913606859264636,2.974061468176068,6.517241378889774,-0.875318066111111,0.8434644347304688,1.2155714580047052,2.557251908,2.946564885,0.4112827363435372,-0.7135889404318584,-0.702290076,-1.145038168,-0.366412214,2.103744614238961,,,9.862896401537917,0.5061839904726759,9.875877057744312,10.279381524930946,1.3842134696097599,-0.7640519116599842,-1.0275795562762085,10.168755370168642,9.355710840935144,10.250649356172008,1.0408575830609617,1.001316109961813,1.042227466094857
36,324,333,9,2005-12-22 16:59:17,0,0.49559974366666676,0.8814709346060279,1.011241867446997,1.580173096,2.9927520750000003,1.000263841846988,-1.0461017424205523,0.725443103,0.0,1.043871924,1.562606481068015,2.0404406587569657,3.188405797608325,0.4088764391111111,0.29198961577608207,0.5024319637336444,0.888248816,0.8954314210000001,-1.248174870172332,0.10035643199554646,0.347159241,0.150834705,0.667982263,1.7678987009490696,1.228811238979485,2.1724137931034484,10.33177823088889,1.0866059622786957,10.388760942938728,13.29021342,3.7086183760000004,7.178125283679774,2.5921517547119506,9.962273108,9.715670337,10.35971058,1.2792876352625477,1.0055152860210914,1.2863432724742663,0.0033927054444444463,0.20356587495183012,0.20359414504139578,0.328244275,0.572519084,-0.8633545851984792,-0.6784823717511608,0.061068702,-0.122137405,0.13740458,1.6122481072982708,60.00937846661021,96.75000685293791,-0.530110263,1.416373357804956,1.5123261485663781,4.06870229,5.06870229,4.186886364593734,-1.7830344258400468,-0.267175573,-0.72519084,0.167938931,2.6903603391748265,,,-0.989821883,0.6637271794101751,1.1917554819481437,1.900763359,1.8091603059999999,-1.7832808870971384,0.1927205257099956,-1.083969466,-1.549618321,-0.27480916,1.594927304964314,,,10.392811770826803,1.0912678032233665,10.449947460259695,13.365074025641436,3.7548720303070997,7.197981693727186,2.5945894140933192,9.996411537153753,9.760436948322878,10.400128161246244,1.2789608824798144,1.005497616111289,1.2859921184330438
37,333,342,9,2005-12-22 16:59:19,0,0.29847714022222227,0.6057766543896367,0.6753176720912443,1.048660327,1.9967641839999999,1.2387397467039136,-1.290721727160959,0.529118567,-0.095768066,0.701501086,1.5528400489692977,2.262544031306574,3.513368984369292,0.5876434963333333,0.43528566098104615,0.7312991764241025,1.151610999,1.486799231,0.7746309721497671,-0.8568428546331812,0.5770026,0.428562097,0.998382092,1.574746746784446,1.2444605972619873,1.9597102770397432,9.943651540222222,0.6051831433472211,9.9620506217523,11.17134495,2.018312003,0.247542799254024,0.9913150879329328,9.682151514,9.679757312,10.27591353,1.121390100709505,1.0018503345029393,1.1234650475041024,0.1696352842222222,0.32595365792507514,0.367453285150495,0.580152672,0.916030535,-1.160602094983084,-0.3859160183164088,0.229007634,0.0,0.473282443,1.578847422094461,2.1661371149007613,3.4199999997642,0.08312128922222223,1.1417903865892698,1.144811965184518,1.885496183,3.4580152670000004,-1.2841429612167752,-0.0928695950527996,0.13740458,-1.198473282,0.847328244,1.646992030430168,13.77278884743833,22.683673468528426,-0.5691263782222222,0.7031203476372271,0.9045899942238136,1.236641221,2.419847328,4.905462443307673,2.0934022648856123,-0.770992366,-0.961832061,-0.450381679,1.3670737338423735,,,9.993367722933103,0.6049021311514354,10.011658455722145,11.218475341243481,2.014219357788665,0.1840489286322473,0.9681161096766646,9.724055864213843,9.69741229102329,10.35925132502408,1.1205411561789327,1.0018302871760707,1.1225920682873465
38,342,351,9,2005-12-22 16:59:21,0,1.9712260329999998,5.385931404174014,5.735328165296627,10.9534726,20.410569158,3.3389397368070135,-1.4289036992078354,2.801215942,0.268150586,5.633556506,1.9098249105042264,2.9095233470349706,5.55668016586102,0.3077879244444445,2.050865406516647,2.0738327613577017,4.529829541,7.709329346,1.2530184585211268,0.3743941965280658,0.665588062,-1.048660327,1.074996545,2.184279092029774,6.737862653646852,14.71737251932907,9.772798649333332,5.42876437030895,11.17940409989492,19.61270145,17.402853318,0.07526592676921862,0.9227737065091485,8.259995728,7.101202124,10.14662664,1.7543601854578588,1.1439306693029578,2.0068664211492697,0.09754028833333334,0.22149912461269705,0.24202473024949514,0.549618321,0.748091603,0.7075594046966689,1.1342197398032485,0.038167939,-0.015267176,0.091603053,2.2709180191355527,2.4812796269619577,5.634782615381852,0.8481764208888888,6.578261658898312,6.6327166149235905,11.96183206,23.70992366,0.4839482746424535,-0.3014596515743049,0.366412214,-0.381679389,4.213740458,1.8034589376373955,7.819972887211961,14.102999995524518,-0.8295165394444444,1.5573475334323392,1.7644911530239182,3.366412214,5.022900764,-0.367677476971096,0.12241571102563022,-0.694656489,-1.473282443,-0.488549618,1.9078657369467509,,,11.557097290942886,5.3485838987673375,12.734749605487838,22.91628189380422,16.274191266776025,1.023683397346164,1.4949395718189409,10.08899790508448,7.8207087391018595,10.219066644456056,1.7995078508594164,1.101898624273749,1.9828752252318018
39,351,360,9,2005-12-22 16:59:23,0,0.41020655122222227,4.148738761078608,4.16896902391247,8.456320264,16.718710193,2.5121336154372758,-0.23100735191492733,0.500388147,-0.914585034,1.561019482,2.028396041202523,10.163097131166985,20.61478598721583,0.6413800224444446,1.8076003880459133,1.9180165526018202,4.273649963,6.205770703000001,0.731878716565646,1.0640854310935821,0.112527478,-0.033518823,0.404620081,2.2281611476202987,2.990452595158522,6.663210286332512,9.510567062333333,5.299863402912418,10.88758182227211,18.58858169,17.492037330000002,-0.13721499646201707,-0.2896292923652439,10.58955394,6.955155823,12.44027183,1.7073195860603674,1.1447878713134207,1.954518754577759,0.033078880444444445,0.2599657272190825,0.26206180885433167,0.549618321,0.946564886,1.7438669917809317,-1.0908728777115553,0.13740458,-0.083969466,0.190839695,2.097285077145705,7.922330058735244,16.615384608408284,-0.6268023750000001,7.053775152265039,7.08156939639917,12.65648855,24.83206107,0.44296244773653104,0.5741180009565773,-1.076335878,-4.06870229,-0.763358779,1.787243454316152,,,-1.1967769295555555,1.0990762876004636,1.624882674251295,3.083969466,3.671755726,-0.48980076653396765,-0.05508404019112949,-1.389312977,-1.534351145,-0.259541985,1.8979643975962852,,,11.00453116684561,4.301025686157894,11.815182104185546,20.602601649066884,16.86192530944982,2.4767392935972676,0.8186574861726007,10.669598993123326,8.566851672535334,12.48040649973617,1.743739662020815,1.07366519527722,1.872192584736212
40,360,369,9,2005-12-22 16:59:25,0,0.7195906098888889,1.326265320357591,1.508903690042372,2.243366956,4.096479041,-0.456126510721087,-0.7575272032962957,1.223437048,-0.263362183,1.604115112,1.4867529125977572,2.0968918567119155,3.1175600753689596,0.41233473055555553,0.4452625477692527,0.6068596760934842,1.151610999,1.465251416,-0.5358101242038478,-0.19935579202050563,0.509964954,0.088585461,0.586579407,1.897656154077041,1.4717646395583444,2.7929032256108703,10.125876886444445,1.4925231150430835,10.23528250554755,13.51766257,5.844246249,2.671280929238878,0.9547028545561729,9.782707983,9.497797986,10.52012209,1.320692668978447,1.0108045575045028,1.3349621688662001,0.11280746377777777,0.16992341946250067,0.2039595360992067,0.427480916,0.572519084,-0.44567466400603806,0.3702277039894288,0.114503817,-0.007633588,0.244274809,2.0959104152505605,1.8080322814542809,3.78947368980926,-0.47921967755555556,1.7813296105139906,1.8446643815747017,4.938931298,6.4045801529999995,4.201663762075306,-1.8217269605271487,-0.114503817,-0.740458015,0.801526718,2.67741457325905,,,-0.8617472434444445,0.8332425756691969,1.1987082637122077,2.129770992,3.167938931,2.434224920176817,1.0340079843399308,-0.885496183,-1.335877863,-0.503816794,1.7767217065847531,,,10.261099290485204,1.4546196518209065,10.363690316709562,13.653618202156537,5.656657073980862,2.986884239489253,1.1719458959312048,9.904371555777178,9.530932201605818,10.583863543174399,1.317447529297799,1.0099980541382625,1.3306194410200387
41,369,378,9,2005-12-22 16:59:27,0,0.6983088175555555,0.9264436464249497,1.1601435405487526,1.86029469,2.7653029179999997,-0.5650835902136855,-0.7805763727803124,0.883460413,0.320823022,1.472434021,1.6035038984228391,1.6613617233273081,2.664000000045825,0.43973503833333333,0.5766575508227441,0.7251902059866113,1.929726538,2.035071411,5.175543225786246,2.0930641141884143,0.318428821,0.11492168,0.51954176,2.660993656656785,1.649152655051549,4.3883847539508665,9.853203920777778,0.5824350238220393,9.870403135708548,11.36766948,1.9800047710000008,5.321533610838005,2.2241059673812646,9.701305127,9.493009583,9.77791958,1.1516925219472276,1.0017455454153852,1.153702853548846,0.08227311277777778,0.19940986627146073,0.21571546039296022,0.404580153,0.717557252,3.5249567300356546,-1.6569053732006673,0.114503817,0.06870229,0.221374046,1.8755269198739513,2.621943586547094,4.917525778959932,0.2179813401111111,0.8211153831935741,0.8495565532404338,1.58778626,2.5877862599999997,-0.7705429154712853,0.33299832205518165,-0.030534351,-0.290076336,0.603053435,1.8689588750080997,3.897382008971004,7.284046694963255,-0.9983036472222222,0.5176823088082354,1.1245466397220776,1.969465649,1.6412213740000001,-0.5074801099238826,-0.27741097196470343,-1.099236641,-1.305343511,-0.465648855,1.7513419003117,,,9.945961190815073,0.6120032040287625,9.964772547877901,11.565759543183173,2.117549042756643,6.007174462011099,2.3520395570702886,9.736071610631644,9.67414207146243,9.826154219924426,1.1606646802636973,1.0018913563708856,1.162859910801176
42,378,387,9,2005-12-22 16:59:29,0,0.01782350144444446,0.5153328496439324,0.515640982783444,1.046266125,1.944091748,1.28637477083819,-0.4312928840063118,0.04309563,-0.241814368,0.248996973,2.0290592872432818,28.93039756473709,58.701491862370204,0.3639186523333333,0.44132467840759476,0.5720177071452216,1.170764612,1.4652514159999999,-0.44175428527727423,0.18393583080141945,0.399831677,-0.035913025,0.610521423,2.0467279200900172,1.5718284937516167,3.2171052637544713,10.413979154666666,0.517396279246686,10.426824096704143,11.3892173,1.7597382230000012,-0.08880290950548808,0.5688703097236859,10.29267294,10.06522378,10.58715974,1.0922997448091663,1.0012334326626458,1.0936470229918134,0.06530958433333334,0.15976365994867298,0.17259712873042815,0.267175573,0.526717558,0.43086509475854573,-0.8837602796139102,0.099236641,-0.038167939,0.152671756,1.5479722922696457,2.642753441049484,4.090909102044864,-0.4503816792222221,0.9296485628500958,1.0330005360058034,1.839694656,3.175572519,-0.01417121788527087,0.26206383392155985,-0.381679389,-1.27480916,0.083969466,1.7809232346706785,,,-1.2044105173333335,0.34899548175428263,1.2539547601680259,1.709923664,1.183206107,0.11444153799116474,0.45719020374576086,-1.183206107,-1.435114504,-1.106870229,1.3636246843314155,,,10.441836677332068,0.5289588149813796,10.455225995836901,11.452317972313184,1.776591610875185,-0.06375863307944751,0.6786792575051147,10.306120748953884,10.084712189406638,10.587308361380932,1.0953678071495832,1.0012822761855584,1.0967723712031183
43,387,396,9,2005-12-22 16:59:31,0,0.5610412555555555,0.6073244351681749,0.8268072689494795,1.582567297,1.836352673,-1.303581475718377,0.19728224633011154,0.646434448,0.074220251,1.000776294,1.9140703721808954,1.4737013735839384,2.820768136619306,0.6533510307777778,0.16665067041962223,0.6742699870005295,0.936132849,0.48602293700000004,-0.971996674935681,0.5154985707674932,0.617704028,0.502782349,0.756567725,1.3883649977724204,1.0320179432453775,1.4328175894749662,9.938863136444445,0.4532273950603067,9.94919170167142,10.46026705,1.4939818330000012,0.7665935131537349,-1.0993856745804553,10.04607017,9.713276135,10.28309613,1.0513685295904713,1.0010392099262442,1.0524611222025626,0.05767599666666666,0.15127054673203771,0.16189286241247,0.320610687,0.473282443,-0.8280673102203844,0.17008791200821957,0.045801527,-0.045801527,0.160305344,1.9803880308394903,2.8069365380561266,5.558823523292388,-0.2586938082222222,0.6524070258999003,0.7018243468675541,1.366412214,1.954198474,-0.8203431857824457,-0.6070525690833488,-0.083969466,-0.549618321,0.335877863,1.9469433058267278,,,-0.9940627650000001,0.40533604844531484,1.073526009432798,1.618320611,1.2290076339999998,-1.2931408687822699,-0.13484700093228366,-0.916030534,-1.328244275,-0.679389313,1.5074815111885798,,,9.997516005552635,0.417539831254107,10.006231348113277,10.481381187180778,1.4277510585673525,1.6510228351834186,-1.276920117770327,10.0793944980138,9.797991161429804,10.302880963006887,1.047485394104654,1.0008717507984786,1.048398540333359
44,396,405,9,2005-12-22 16:59:33,0,0.6490946724444444,0.5173783608698128,0.830062806112944,1.853112085,1.680729565,2.264671023321357,1.5780539208870847,0.514753357,0.217872351,0.656011255,2.2324962296260904,1.2788008303734593,2.854918032251461,0.3852004448888889,0.22083673484432387,0.44401379055081175,0.67755907,0.529118567,-2.388719758158111,0.2656340222559774,0.234631763,0.193930334,0.60573302,1.5259865446058978,1.15268244479543,1.7589779009612567,9.802659664444445,0.3132512968635887,9.807663476685606,10.27591353,0.9361328540000002,-1.1545424219888414,-0.2787793556807763,9.926360083,9.533711011,9.974244116,1.0477432830385647,1.0005104545513612,1.04827810836605,0.06870229011111112,0.18708780099275882,0.19930341177917,0.335877863,0.580152672,-0.7286254363227038,-0.5760599860902095,0.13740458,-0.038167939,0.183206107,1.6852589727473193,2.9009718810950806,4.888888892303155,-0.10432569977777775,0.6391379375544506,0.647596444443204,0.969465649,1.7633587789999998,-1.8753659680156898,0.005082020578467125,0.061068702,-0.641221374,0.419847328,1.4970212658186157,,,-0.7684478371111111,0.1909244935193924,0.7918107353316077,0.977099237,0.694656489,4.731133052695624,1.938516680798313,-0.770992366,-0.885496183,-0.740458015,1.2340060489212665,,,9.84894234254767,0.2734046696305971,9.852736441223026,10.305790087946292,0.8890418921893009,-0.8507865586338914,-0.040431340763686985,9.929714920991868,9.580244396741065,9.991151263662218,1.04598251962041,1.000385229047282,1.0463854624699171
45,405,414,9,2005-12-22 16:59:35,0,0.35141559944444445,0.5577533906880856,0.6592281610769934,1.431732593,1.862688892,0.027419180284891986,0.4752014533944758,0.277727393,0.023942017,0.644040247,2.171831662441349,1.8759217351738857,4.07418622071256,0.5365671943333333,0.24477502108065363,0.5897619561990918,0.885854614,0.814028564,-0.2008029307883028,-0.29327697049598256,0.517147559,0.457292517,0.773327136,1.502054523335434,1.0991390499224447,1.6509667817106197,10.079588989,0.6165264258257137,10.098426561643723,10.93671318,2.025494601,-0.30645820164463267,-0.5439490684495996,10.2328179,9.710881934,10.44829604,1.0830116071290048,1.0018688830134128,1.085035629124897,0.022052587,0.1432388927458259,0.1449265227225258,0.251908397,0.45038167900000003,-1.4118046707807492,-0.061538604675266895,0.099236641,-0.106870229,0.114503817,1.7381800947663677,6.571860377312004,11.423076893427515,-0.18150975422222226,0.5446098460742979,0.5740606895780984,1.229007634,1.86259542,-0.0743254242621898,-0.5297516152131932,-0.083969466,-0.404580153,0.13740458,2.140901922588098,,,-0.9134860052222223,0.38685214046624666,0.9920238204398977,1.72519084,1.297709924,0.4371750417050544,-0.8024746954937637,-0.938931298,-1.106870229,-0.58778626,1.7390619100607794,,,10.120404149080002,0.5814119138205404,10.137091296533153,10.954749424762653,1.8961783652716893,-0.4992542800138198,-0.4256108142967318,10.236838069484229,9.772448729616773,10.458917517061707,1.0806600339595576,1.0016488617655321,1.0824418929710922
46,414,423,9,2005-12-22 16:59:36,0,0.36817501088888893,0.6409555812441501,0.7391731162393961,1.118092175,2.1523872920000002,1.2422825432603277,-1.0400675114111793,0.478840332,0.141257898,0.816422766,1.5126255953252001,2.007667805739456,3.0368497098718836,0.3961073635555556,0.2334428089810173,0.4597788474124063,0.806845959,0.916979235,2.2447182573072757,-0.6530449906981068,0.399831677,0.371101257,0.502782349,1.7548566306189506,1.160742994740921,2.036937540765603,10.387908959666667,0.39422869235840285,10.395386900746004,10.84094512,1.3120225130000005,0.9596428037336997,-1.070250620355965,10.45069025,10.17775126,10.6757452,1.0428611482677976,1.0007198697166457,1.043611872427102,0.1407972857777778,0.11487703435265881,0.1817157359835718,0.381679389,0.381679389,0.7999669876572781,1.0519942543133614,0.114503817,0.091603053,0.152671756,2.100420125610399,1.290619595255381,2.7108433723815497,-0.5343511449999999,1.1215516060034025,1.2423401913693457,2.34351145,4.06870229,0.7972992786801401,0.6083093112765053,-0.625954198,-1.091603053,-0.366412214,1.8863685376039465,,,-0.9228159456666667,0.2255447670002904,0.9499787952885472,1.221374046,0.7938931300000001,1.364821124399775,1.1646315782963939,-0.992366412,-1.061068702,-0.86259542,1.2856855879914866,,,10.424359561014047,0.3931539688158146,10.431770813265626,10.884981852702554,1.2846230825079807,0.37374907541735425,-0.9023379725071452,10.459017821427349,10.196851187690939,10.734872452137443,1.0434452642364995,1.000710955163068,1.044187107034487
47,423,432,9,2005-12-22 16:59:38,0,1.0776567695555554,1.0775441095733154,1.5239571585333573,2.916137622,3.07176073,-1.4999725093871894,0.5351746489353019,0.466869324,0.205901343,2.128445276,1.9135299215408814,1.41413964221824,2.7059985186217186,0.616107893888889,0.7534160345210882,0.9732546727273822,1.812410657,2.68150586,0.31637133190273214,-0.4505885998909449,0.809240161,0.258573779,1.055842932,1.8622162397854456,1.579682199142383,2.941709844942932,9.66246585588889,0.8954710948853764,9.703871129502586,11.37245789,3.5362358559999993,1.9721442718549804,-0.17168862729885617,9.550470422,9.31583866,10.0939542,1.1719506306534127,1.0042851663572463,1.1769726340682423,0.330788804,0.5810448032147804,0.6686062340381319,1.938931298,2.030534351,7.952696530006557,2.7499227414818805,0.198473282,0.091603053,0.244274809,2.899959945466825,2.0212480771813905,5.86153846367787,0.3944020356666667,1.461415110721338,1.5136998023329036,2.824427481,4.251908396999999,-1.5092589619288708,0.351769035055469,0.114503817,-0.961832061,1.526717557,1.8659099225929818,3.837961433881198,7.161290322008115,-0.5979643765555556,1.0322512635823688,1.192939255283718,1.86259542,3.267175573,-0.3510567726008702,0.6997635136841249,-1.06870229,-1.244274809,-0.076335878,1.5613497600571598,,,9.83819117383047,0.8029815715125939,9.87090598562384,11.569984667076719,3.1423492517514173,2.113096021094943,0.6246416704070955,9.692906718954541,9.45268080060651,10.098464751764379,1.172129962936274,1.0033252872621943,1.1760276317716625
48,432,441,9,2005-12-22 16:59:40,0,1.3588424534444445,1.8633617284232165,2.306202450834548,3.629609717,5.6287681030000005,-0.5647413570461035,-0.6164378110851501,1.462857214,0.672770667,2.545036365,1.5738469602642862,1.6971816305773342,2.6711041503005224,0.25139117422222224,1.4557117994709956,1.4772590719287906,2.224213342,4.309562988,-1.210812288972046,-0.16581533440931298,0.258573779,-0.902614026,1.175553015,1.5056352567163085,5.8763362576242955,8.847619049799507,9.283383926333334,0.9225789001316422,9.329114049612224,10.91995377,3.313575095999999,0.1403690155477264,-0.01381638162592602,9.138667737,8.655039001,10.01733975,1.170524201111455,1.0049260187493885,1.176290225272743,0.13316369822222224,0.0833977850043307,0.15712339440022177,0.267175573,0.305343512,0.9528811785225342,-0.508287296897314,0.145038168,0.083969466,0.167938931,1.7004187951760728,1.1799266353959008,2.006369427756055,1.0152671754444444,1.6463045334843718,1.934188732907452,3.641221374,5.473282443,-0.5910422563797968,-0.14026989975557444,1.488549618,-0.083969466,1.748091603,1.8825574319867713,1.9051031882920273,3.586466165820849,-1.173027989888889,2.183256522458411,2.4784276684866073,3.709923664,5.923664122,-1.801753944035931,0.25963812069641107,-1.083969466,-3.229007634,0.832061069,1.496885993959782,,,9.678112908698242,0.9313235672910972,9.722820221545978,11.32206472256638,3.2970371817637467,-0.07072618425073607,-0.07834912820174614,9.84809940597399,8.907726618895504,10.177442614721905,1.1644836029649546,1.0046194245995574,1.1698628471662724
49,441,450,9,2005-12-22 16:59:42,0,0.46021876355555563,1.8130568941907554,1.8705551614163194,4.012681982,7.046135485000001,1.566310693840748,0.057613634757251925,0.445321509,-0.378283862,1.1540052,2.145182384764177,4.064491301842616,8.719075143739998,0.19978282744444448,1.2317515969328756,1.2478482178087151,2.128445276,3.581725684,-1.3146962675650586,-0.005226860299548566,0.418985291,-1.221042847,0.797269153,1.705692443699329,6.24602341337729,10.653794939366733,10.105659183888887,0.6197940712687379,10.124647758401165,11.06839427,2.118868464,-0.23009361485314095,-0.501509199057549,10.16578025,9.69172832,10.5344873,1.0932127748163623,1.0018790040478063,1.0952669260453558,0.27311280755555556,0.618846861243928,0.6764333251121942,1.938931298,2.267175573,6.786225810666119,2.44316866124354,0.160305344,0.007633588,0.236641221,2.8664041613833944,2.47675431689375,7.099378880668531,-0.5487701441111111,2.258239097977753,2.3239605191790815,4.251908397,6.5190839700000005,-1.376700042141883,-0.33183219596268554,-0.312977099,-2.007633588,1.786259542,1.8295957964475014,,,-1.5801526716666667,1.5393077141413278,2.205980667320161,3.885496183,5.06870229,-0.3998747356224035,0.44264769766869544,-1.702290076,-2.473282443,-1.076335878,1.761346434517998,,,10.354714524194641,0.5869251576818975,10.371335209040701,11.597238765869768,2.1530278523598287,1.1728763770220443,0.6226941208408744,10.529470802840834,9.915021572604068,10.553782131038542,1.118201131495629,1.0016051321170878,1.1199959920451565
50,450,459,9,2005-12-22 16:59:44,0,1.0212600191111112,1.2738648425257093,1.6326982769813525,3.399766357,4.84586416,1.213719424640571,-0.010073883895100643,0.818816968,0.49081134,1.438915198,2.0822992251120196,1.598709678659924,3.328991925052646,0.5059746174444445,0.9144944986319027,1.0451365946736662,2.221819141,3.7804444220000004,3.5631756112384405,-0.6419184126818945,0.454898315,0.395043274,0.799663354,2.125864841326068,2.065590957808118,4.391167193765315,10.069214115555557,0.5825781374262998,10.08605325145125,11.14979713,1.8674772940000004,-0.1300172955111698,0.8801126957178532,9.813832605,9.667786304,10.21845269,1.1054668116486188,1.0016723386455433,1.1073155265191044,0.022900763333333338,0.11621564617335267,0.1184505018002847,0.198473282,0.36641221300000004,-0.4649946949759416,-0.5601775598336375,0.0,-0.015267176,0.13740458,1.6755799172099664,5.172338584359474,8.666666656962962,0.19677692955555554,1.772464283176902,1.783353805374335,3.778625954,6.778625954,1.4491855378083924,0.21366585087502446,0.183206107,-0.328244275,0.809160305,2.1188313516996407,9.062819556145403,19.2025862103575,-1.1060220525555555,1.5015199884961257,1.86489867193706,3.824427481,5.908396947,2.125505320208914,0.47503401878917184,-1.152671756,-1.748091603,-0.854961832,2.050742776832796,,,10.256590513373222,0.5374340864484665,10.270661339772346,11.254742962427256,1.5086452350817652,0.10762789226127012,1.2736259165843669,10.007456499358888,9.85604977868607,10.32682485147958,1.0958148253651525,1.001371881463024,1.0973181534109777
51,459,468,9,2005-12-22 16:59:46,0,0.5325768582222223,0.9388813035612399,1.079414754434414,2.164358301,3.083731739,-0.7181667796710647,0.09670941321203598,0.74938512,-0.380678064,0.955286462,2.0051220275695316,2.0267774270883145,4.06393606403548,0.2851760198888889,0.3376087419442358,0.44193328111473745,0.919373438,1.034295118,-0.2470407357962623,0.8423464467920224,0.208295544,-0.007182605,0.337582434,2.0803444259300004,1.5496859844208666,3.2238805996317956,10.066021846111111,0.5279369990112426,10.079856808571792,11.1043073,1.891419312,0.45863237875439555,0.4903881453233678,9.916783276,9.883264453,10.35252798,1.1016334369509126,1.0013744220579082,1.1031475462463871,0.12807463955555556,0.14708954107732794,0.19503447487976175,0.473282443,0.51908397,2.5822794838818597,1.3427301598541934,0.083969466,0.061068702,0.183206107,2.426660431658441,1.522818846545812,3.695364239496469,-0.8541136556666666,1.1677113119853257,1.4467411119252704,2.923664122,3.419847328,-0.5517899371060109,-0.7843901622101586,-0.641221374,-1.198473282,0.129770992,2.020861989681965,,,-0.7421543681111111,0.8149947110931407,1.102274686825473,2.198473282,3.198473282,2.1692577526508234,0.44696479181035637,-0.694656489,-1.015267176,-0.534351145,1.9944876792295352,,,10.13475861188397,0.5006220103055414,10.147115576278743,11.115742010691294,1.7482209538755917,0.2680214784442416,0.46167445533903495,10.097590558820688,9.924010068436006,10.420252451512882,1.0954583031139353,1.0012192657830334,1.096793957939662
52,468,477,9,2005-12-22 16:59:48,0,0.20776349944444447,1.2556951940146852,1.2727671004441385,2.535459558,4.113238452,-0.5878525773409242,0.6366264420705284,-0.282515796,-0.452504114,1.441309399,1.9920844568619336,6.126038037708707,12.203585157064495,0.29209260233333334,0.47974661073033353,0.5616715221952249,0.828393774,1.4796166259999999,-0.3961250928071509,-0.7446419495707676,0.46208092,-0.126892688,0.725443103,1.4748723075051475,1.9229227912942848,2.836065574350441,9.835380418555554,0.5160786682633591,9.848910862097522,10.77869587,1.5921441000000005,-0.8081010108418596,0.39699180011364493,9.923965881,9.402029919,10.07958899,1.0944048556151174,1.0013756909205507,1.0959104184383937,0.11959287544444444,0.1502350067846516,0.19202347023386154,0.366412214,0.473282443,-0.42787365768312835,0.07967292014254129,0.13740458,0.06870229,0.152671756,1.9081636924577705,1.6056430579183116,3.0638297861665915,-0.4223918574444445,1.4878818014324806,1.5466761575292134,3.503816794,5.297709924,0.7762141480581777,-0.7054261092978883,-0.251908397,-1.022900763,0.267175573,2.265384888066861,,,-0.7158608991111112,0.7447674825380284,1.0330224730963993,1.93129771,2.442748092,-0.5849191783312069,0.01676585905704626,-0.832061069,-0.916030534,-0.076335878,1.869560208318697,,,9.935045715432452,0.48096028175713085,9.946680660419366,10.87667447387621,1.5485864288140174,-0.3338483075015448,0.6393906473094937,9.960729214075108,9.535053520552626,10.153450749015592,1.0934979060057242,1.0011711013034235,1.0947785028287382
53,477,486,9,2005-12-22 16:59:50,0,0.40861041666666664,1.002496324491469,1.0825716388430893,1.819593262,2.920926026,-1.4657706379140816,-0.37430012847632776,0.715866296,-0.766144531,1.036689319,1.6808063288490938,2.649398044412123,4.453125000688309,0.5990824597777779,0.241092336864769,0.6457749673905825,0.907402429,0.833182178,1.34274271712356,-0.9056716417594668,0.624886633,0.550666382,0.74938512,1.405137199211344,1.0779400345490413,1.5146536410640192,9.782441960111111,0.8967452359418274,9.823457778253383,10.63504377,3.0334534989999993,3.2435373356851187,-1.6909841413271431,9.981426721,9.361328491,10.41956562,1.0826171405289957,1.004192799539166,1.0871563371768989,0.06191687877777779,0.1180642079341643,0.1333148794122532,0.251908397,0.419847328,6.208196127333025,-2.3547499116204054,0.091603053,0.053435115,0.122137405,1.8895745029406423,2.153126611739034,4.0684931471450545,0.33333333344444444,1.5178964844437002,1.5540659087283686,3.396946565,5.20610687,0.11142532181897646,0.6571897310060996,0.015267176,-0.809160305,1.396946565,2.1858445937982056,4.6621977246310395,10.190839691603054,-0.7260390161111111,0.8368557488598976,1.1079080274623208,2.297709924,2.6412213739999997,-0.11653080294759288,-0.7939009755372037,-0.618320611,-0.839694656,-0.175572519,2.07391756991141,,,9.864065019224194,0.8885553890333354,9.90400471440026,10.685268628976274,3.0090914424125934,3.588739016649793,-1.7728907782916832,10.146196709677332,9.460798662642402,10.458634983949851,1.07888363718568,1.004049009723499,1.0832520475231688
54,486,495,9,2005-12-22 16:59:52,0,0.928152177,1.2861734115825663,1.5860985178518314,3.67749375,5.190629199,2.635979004794624,0.3723878498342691,1.012747302,0.356736047,1.185129822,2.3185783913225624,1.708877657302345,3.9621668096351406,0.4054181477777778,0.6492295229941382,0.7654167806331138,1.206677637,2.185906116,0.8366608811804888,-0.8249016972638434,0.450109912,0.155623108,1.000776294,1.5764974946092738,1.887968717800621,2.9763779535133623,9.911728849444446,1.0905806507915137,9.971546266291409,11.56638822,3.5266590450000006,-0.757667270191869,-0.10462220619988705,9.916783276,9.275137231,10.72123503,1.1599392823458003,1.006035013442717,1.1669395315074926,0.10941475833333333,0.18976798325782152,0.2190513109088429,0.511450382,0.6870229010000001,1.1244836317532805,0.7304412616710173,0.129770992,0.0,0.145038168,2.3348428269066033,2.0020270962121995,4.67441860486371,0.20101781177777778,1.6611235833400244,1.6732422776694142,3.496183206,5.870229008,1.5301352201072769,-1.095779418569929,0.755725191,-0.305343511,1.213740458,2.089466213386432,8.323850821334972,17.392405056448325,-1.5954198474444445,0.9323885768015763,1.847894192796147,3.870229008,3.358778626,3.4497442057518306,-1.7094845493627173,-1.282442748,-1.770992366,-1.015267176,2.094399681046538,,,10.07405690648835,1.023075628695671,10.12587311283312,11.707795203769477,3.584687772766477,0.1003089205917087,-0.20969539716658525,9.992742657800578,9.533727244430473,10.788033041180823,1.1562257469858568,1.0051435292480229,1.1621728279327956
55,495,504,9,2005-12-22 16:59:54,0,0.26362820500000006,1.4696630262215977,1.4931206384998994,2.99993468,5.231330627,1.5743652141411832,-0.9747852247978582,0.162805713,-0.268150586,1.453280408,2.0091709957300963,5.66373631569467,11.379414732956967,0.2351638076666667,0.6031527616289235,0.6473756794141111,1.316810913,1.872265698,-0.745276328073468,0.5089700836951411,0.198718738,-0.244208569,0.59136781,2.034075352030126,2.7528712255405168,5.599547507184931,9.952164256888889,0.2897517724214916,9.956381344932412,10.36449899,1.0390835239999987,1.4520167195054636,-0.7564661312392402,9.967061511,9.868899243,10.07719479,1.0409905598157216,1.0004237357759247,1.0414316647583155,0.08566581833333334,0.2338691717633958,0.24906509577220248,0.526717557,0.870229007,0.6918961587141288,0.05380774537267711,0.129770992,-0.053435115,0.236641221,2.114778690153121,2.9074034500326373,6.148514859806685,-0.1526717558888889,1.2770140358640274,1.2861078931566852,1.86259542,3.6870229009999997,-1.7001513142207636,0.15583247914066398,-0.053435115,-1.290076336,0.946564885,1.44824196314382,,,-0.5496183205555556,0.5172721962322577,0.754752160172631,1.007633588,1.702290077,2.9185165782388918,1.6718809821562335,-0.786259542,-0.923664122,-0.381679389,1.335052274338014,,,10.082616641768668,0.34478348605888776,10.088509998861547,10.799010695302787,1.3589425443506453,2.044706129095448,0.3895288068113975,10.033015967365758,9.958159364016238,10.161044305975699,1.070426722729265,1.0005845067111314,1.0710523943324746
56,504,513,9,2005-12-22 16:59:56,0,0.5597111436666666,1.0562055759841453,1.1953437928414772,2.511517542,3.512293836,-0.2890088016727592,0.15707069398912749,0.823605371,0.02873042,1.142034192,2.1010838530644125,2.13564408421598,4.48716730123873,0.32029097766666664,0.49801284505014537,0.5921174750077971,1.304839905,1.515529651,-0.19025489142133178,0.9815021906021073,0.10055647,-0.033518823,0.584185205,2.2036841675426273,1.8486860895096016,4.073920266208602,10.43605901311111,0.7206555333714835,10.460911629629447,11.8273562,2.451662499000001,-0.10202272985073879,0.4342105340062037,10.44350764,9.955090503,10.83615671,1.1306238517970308,1.0023814177830073,1.1333163395435926,0.10941475822222221,0.17753448882858266,0.2085427630977721,0.34351145,0.6259541980000001,1.5731804753739347,-1.2794884223797212,0.152671756,0.122137405,0.20610687,1.6471990919145436,1.905983858907042,3.1395348815954573,-0.2417302798888889,1.836215955990574,1.8520590069567273,3.801526718,6.229007634,1.3071316165321205,1.018690244078015,-0.305343511,-1.526717557,0.809160305,2.052594816752953,,,-1.4452926208888885,1.0578388855184384,1.7910594260690418,3.847328244,3.839694656,2.045874132157147,-1.146643536166939,-1.442748092,-1.603053435,-0.595419847,2.1480740326098444,,,10.519768090961277,0.7379710852084884,10.545620987415148,11.953794542113226,2.5293165921591516,-0.07018144306458307,0.4409520249161324,10.459873307909263,9.989607816812414,10.940232112356805,1.1335315915846542,1.002457553838671,1.1363173064988081
57,513,522,9,2005-12-22 16:59:58,0,0.06703764655555555,1.0658904048263258,1.0679964424830901,1.647210742,3.263296863,-1.0596797556696997,0.19617789249100978,-0.284909998,-0.553060583,1.022324109,1.5423372929691015,15.931293793227336,24.5714285425417,0.45676047222222216,0.3903483389567171,0.6008343820978753,1.156399402,1.1635820069999998,-0.4692935110103482,0.9613349235940155,0.311246216,0.201112939,0.653617053,1.9246558393717614,1.31542552089656,2.5317414100522053,10.124014731444444,0.6728034320902535,10.146346078305063,11.03966385,2.0087351879999993,-1.4908775174154,0.004255442298863798,9.86411084,9.64863269,10.80263789,1.0880432980307098,1.0022057797675126,1.0904432819236838,-0.18066157766666666,0.647401455229005,0.6721363328058099,1.954198473,2.2671755719999998,7.482616593708922,-2.6433264818336273,-0.022900763,-0.114503817,0.099236641,2.907443590859411,,,-0.3757421542222221,1.328092071140766,1.3802212561348726,2.72519084,4.061068703,-1.0564813028932156,-0.3607176984921467,-0.41221374,-1.572519084,0.938931298,1.9744594048866753,,,-0.9380831212222223,0.7805481474558223,1.2203505040842744,2.251908397,2.6488549619999997,-0.4147705274598552,-0.12005310734511318,-0.839694656,-1.541984733,-0.572519084,1.8452964041587256,,,10.198009834240832,0.6712320890208351,10.22007617861061,11.122708001896784,1.9486880079404347,-1.6255713223777208,0.1459247852232212,9.870956927041323,9.709848582361175,10.81480077194523,1.0883194809423509,1.0021637892812858,1.0906743749698287
58,522,531,9,2005-12-22 16:59:59,0,0.7544395454444444,0.9118548873449646,1.183494133194296,1.747767212,3.248931653,3.7853606974490948,-1.767720459733233,1.175553015,0.524330164,1.242590662,1.4767857000547264,1.5687063865363704,2.316643159221434,0.2740030788888889,0.344153219383141,0.4399080877323933,1.08217915,1.280897888,2.94788339598744,1.2098160422811697,0.263362183,0.134075293,0.368707056,2.460011943809307,1.6054859292686292,3.949514561618612,9.893639326444443,0.4581461952454339,9.904241367110656,10.50815109,1.3551181430000003,-1.4011209057458407,-0.3939282482572744,10.08437739,9.495403784,10.21605848,1.060974859204741,1.0010716016944214,1.0621118016616033,0.05682782022222223,0.16388471748225245,0.17345778095965286,0.259541985,0.48854961899999994,-1.0385146049161804,-0.5552791895830915,0.106870229,-0.106870229,0.145038168,1.4962833236081277,3.0523391585557085,4.567164180942971,-0.08651399477777774,1.1750050953091555,1.1781857431215532,2.358778626,3.778625954,-0.1988100645224753,-0.7993354195847734,0.335877863,-0.519083969,0.717557252,2.002043090209627,,,-1.0364715862222222,0.6360486232579802,1.2160720374198157,2.183206107,1.7938931300000003,-0.9738199784217461,-0.9113495032529941,-0.687022901,-1.58778626,-0.58778626,1.7952934035323993,,,9.974498567294575,0.4444692092621455,9.984396553970782,10.669856874479889,1.4348965590105784,-0.8988833846439905,-0.24997007363507548,10.09332638065336,9.656959789984429,10.2313649677988,1.0686531546302114,1.0009923292493783,1.0697136104129914
59,531,540,9,2005-12-22 17:00:01,0,0.2527212864444444,0.6221926864809322,0.6715592213144679,1.496376038,1.927332337,-0.22838176782429365,0.7969789061657528,0.090979663,-0.217872351,0.672770667,2.2282115865687726,2.6573116604568106,5.921052630954169,0.5251282307777777,0.4041846083142159,0.6626649653919506,1.304839905,1.4341267949999998,0.13584696662523665,0.3499260235835844,0.416591089,0.270544788,0.806845959,1.9690793585688027,1.2619107611305995,2.4848024320981104,10.054316861111111,0.8772796241130273,10.092517380837503,11.89918225,3.586514086000001,2.8978891275479937,0.22738286215167017,9.93593689,9.902418066,10.10831941,1.1790103302267068,1.0037994147443419,1.1834898794591016,0.2688719252222222,0.1572995709766563,0.3115048429834509,0.488549618,0.458015267,-1.5424745675016776,0.13869586241438786,0.20610687,0.175572519,0.450381679,1.5683532022195716,1.1585621768654077,1.81703470005734,-0.13825275655555552,0.6328203293788242,0.647746396339133,1.122137405,2.190839695,0.20928367925823466,0.6714040983105588,-0.27480916,-0.610687023,0.13740458,1.7323715135151374,,,-0.7650551313333332,0.6345708853274618,0.9939766408144322,1.625954198,1.832061068,-1.5146489294929335,-0.06985016654063404,-0.625954198,-1.458015267,-0.251908397,1.635807252641014,,,10.100891314636819,0.8491280094850036,10.136519310226637,11.90946227846705,3.4619638808516875,2.869603073025247,0.33306258974011993,9.995921532247682,9.932406689719544,10.177849255978478,1.1749064855479245,1.0035272130428916,1.1790506310279272
60,540,549,9,2005-12-22 17:00:03,0,1.0199299073333334,0.5247909449947988,1.1470233440612776,1.635239734,1.577778894,-0.7304234944638597,-0.7545614403823094,1.233013855,0.811634363,1.470039819,1.4256377103974969,1.1246099715422968,1.603286384919754,0.2915605576666666,0.21670362250184214,0.363274027136979,0.579396802,0.651222852,-1.0444179475614108,-0.40653222063522393,0.337582434,0.138863696,0.438138904,1.5949304346537498,1.245964234820474,1.9872262786052455,9.714872269111112,0.534150867151965,9.729545742429256,10.94868419,1.9967641829999998,2.5629149517111927,1.177231493481461,9.670180505,9.509768994,9.804255798,1.1253027098946915,1.0015104134065456,1.1270023821941386,0.08990670066666667,0.11928267824111065,0.14937058663986671,0.320610687,0.442748092,0.9286196004215244,0.3920157668628331,0.076335878,0.038167939,0.122137405,2.1464111122023914,1.6613954859011588,3.566037732701139,0.213740458,0.8256909240312124,0.8529070790030804,1.572519084,2.977099237,0.4286735607724905,-0.45145703963790323,0.167938931,-0.183206107,0.755725191,1.8437167690506655,3.990386691335154,7.357142857811225,-0.7048346055555555,0.29081197726812985,0.7624719190312879,1.282442748,1.122137404,1.4970289681635824,-0.12204944055345829,-0.732824427,-0.79389313,-0.618320611,1.681954070688045,,,9.790557835045778,0.5066243216238558,9.803657017900877,10.95277393515828,1.8620681052895502,2.2983143246918933,1.191086077927057,9.77449240993298,9.550309867129524,9.845501612995932,1.1172130884586422,1.001337940398882,1.1187078529838508
61,549,558,9,2005-12-22 17:00:05,0,1.0007762938888891,0.7403638243604508,1.2448661706511315,1.958456958,2.331952417,-0.2436596653897114,-0.9072170452958004,1.32638772,0.715866296,1.520318054,1.5732269091830349,1.2439005382648907,1.9569377991455872,0.17610683333333332,0.18446270682742313,0.2550296197636547,0.550666382,0.6081272219999999,0.23864161334351053,0.9258438849220874,0.119710083,0.033518823,0.256179578,2.159225201019092,1.4481528906998007,3.126888216527657,9.78111185011111,0.40555166195852554,9.789515880517348,10.26394252,1.340752933000001,0.7441029496843159,-0.7677094187706076,9.742006555,9.653421094,10.20408748,1.0484627273986893,1.000859210132245,1.0493635771973517,0.0687022901111111,0.10717272107906343,0.1273027761284176,0.236641221,0.381679389,0.49886706189132823,-0.5819927740278654,0.076335878,0.038167939,0.145038168,1.8588849999727146,1.8529626293757147,3.444444437256516,-0.34181509755555556,0.7848276838592658,0.8560327413532813,1.79389313,2.511450382,-0.35115823612220165,-0.5578006503056806,-0.267175573,-0.732824427,0.030534351,2.095589389681612,,,-0.6709075487777779,0.5062071503726168,0.8404538167534081,1.381679389,1.6793893130000002,0.011853928524128143,0.4500105253788835,-0.748091603,-0.86259542,-0.473282443,1.6439682484128564,,,9.864367075515439,0.3789660462055892,9.871643888668682,10.359078956003122,1.2069153032842301,-0.3823150546684779,-0.3555484616102208,9.778061449211801,9.73430134575493,10.212295919385816,1.0493772944842499,1.0007376867768136,1.0501514062382795
62,558,567,9,2005-12-22 17:00:07,0,0.43335050044444445,0.9634089512915271,1.0563850925037186,2.317587207,2.978386865,-0.3280803021023022,0.7646331007674363,0.248996973,-0.311246216,0.960074866,2.193884809096586,2.4377151784070623,5.348066298811427,0.5637014797777777,0.31499524336839346,0.6457409400435827,1.1540052,1.151610998,0.46080089046536354,0.22472252372399962,0.442927307,0.399831677,0.737414111,1.7871024251956416,1.1455370674175747,2.0471920713334506,10.026118485555555,0.6987022681794214,10.05043465457877,10.62067856,2.056619222,0.8931619010867662,-1.4959568331856268,10.22324109,10.17296285,10.45308445,1.056738233222723,1.0024252824319049,1.0593011218948805,-0.16284987288888889,0.6677729102473535,0.6873432481374552,1.954198473,2.366412213,6.574564360299156,-2.4383326097243976,0.022900763,-0.190839695,0.213740458,2.843118744958121,,,-0.508057675888889,0.6773239718885491,0.8466937846261182,1.312977099,2.244274809,0.9882185099645477,1.3252491013750207,-0.839694656,-0.908396947,-0.519083969,1.5507106853037578,,,-0.9219677693333332,0.5246517957305971,1.0607940773085145,1.801526718,1.580152672,-1.0711649024957794,-0.359333480369937,-0.824427481,-1.290076336,-0.519083969,1.6982812748831513,,,10.107792711231259,0.6137540859746572,10.126409411596509,10.650429750115386,1.7783201622530793,0.6031069179521262,-1.4291937225238514,10.294533996820808,10.200172970641386,10.514440464880943,1.0517478917965515,1.0018418165960767,1.0536850185185511
63,567,576,9,2005-12-22 17:00:09,0,0.5778006672222222,0.4954937089242804,0.7611620238989756,1.371877551,1.8602946900000001,1.6616564886317553,-0.6923085739509776,0.581791003,0.488417139,0.785298145,1.802346291493493,1.317343622253438,2.3743093921910887,0.7108118706666667,0.22353988037855746,0.7451332723750201,1.132457385,0.797269153,0.39640217791852184,0.45805794713886133,0.66319386,0.59136781,0.77811554,1.5198051502792675,1.0482847897238456,1.5931886223817198,9.795477058,0.4242746306909112,9.804661123978342,10.47702646,1.5298948559999985,0.8769749622693741,-0.3347418601132067,9.775525378,9.722852942,9.86411084,1.0685760912610551,1.000937582307014,1.0695779692979197,0.16878710777777778,0.20950129288370054,0.26903508966662554,0.618320611,0.748091603,1.1347484896353954,0.8996381610277021,0.13740458,0.022900763,0.251908397,2.2982898318810054,1.5939315105797804,3.6633165834802406,-0.07463952511111119,1.0770771920564703,1.079660287477993,1.824427481,3.610687023,-0.7956563435454438,0.026111453244812687,0.34351145,-0.977099237,0.625954198,1.6898162340135048,,,-0.8541136557777778,0.6511653169729789,1.074023466696422,1.763358779,2.038167939,-0.7229240493904934,0.18246734346190296,-0.908396947,-1.259541985,-0.519083969,1.6418251869522904,,,9.853848703446939,0.4094346173146418,9.862351189056215,10.502850480201745,1.4619338344750759,0.7617557380508586,-0.32426949976687874,9.882389788585897,9.762795511474748,9.924288472214261,1.0649438738154309,1.0008628593623832,1.065862770607365
64,576,585,9,2005-12-22 17:00:11,0,0.40435405811111114,1.1455478362010891,1.2148177021001634,3.004723083,4.522646936,2.7920760814948595,0.9175704077468452,0.287304199,-0.215478149,0.624886633,2.473394220223716,3.00434156089599,7.4309210522980385,0.3476912853333333,0.3886526361964547,0.5214787642073252,0.969651672,1.376665954,0.1304114006502468,-0.4709945550008894,0.50517655,0.141257898,0.56263739,1.8594269576325335,1.4998327142636922,2.788829380841082,10.012817366,0.8024052515772433,10.044917410941213,11.12106671,2.609679807999999,-0.3878419549294403,-0.42497663579959283,10.10353101,9.579200842,10.59434235,1.10713371300461,1.0032058953806762,1.1106830678609223,0.06276505522222223,0.15291658833487168,0.1652965067538489,0.335877863,0.526717558,0.21952947094053155,-0.09077603124774812,0.06870229,0.053435115,0.106870229,2.031971936951893,2.6335754213648013,5.351351350059532,-0.014418999333333312,1.824846000767835,1.8249029656560198,3.801526718,6.900763359,1.4359942524496212,-0.5033958684295549,0.114503817,-0.221374046,0.557251908,2.0831390981018103,,,-0.7591178966666666,0.9675510944615094,1.2298028709648097,3.351145038,3.564885496,6.577346737635805,-2.40891235700975,-0.396946565,-0.687022901,-0.328244275,2.7249448811019175,,,10.105955566453819,0.7195484920046296,10.131539268220058,11.265986062337774,2.21718997004853,-1.034496215715917,0.13245560686656746,10.107553829538318,9.599585219362703,10.604860794496219,1.1119718104114913,1.002531547026702,1.114786819341915
65,585,594,9,2005-12-22 17:00:13,0,0.47564806311111113,1.2058111694821916,1.2962336426699324,3.318363501,4.307168787,2.6370203202891513,1.393543130785261,0.196324536,-0.402225879,0.960074866,2.56000414721914,2.72519483037847,6.976510067749045,0.3660468316666667,0.5462365762572153,0.6575444321218222,1.25456167,1.924938135,0.21366500344061023,-0.36739536030481745,0.349553442,0.244208569,0.770932935,1.9079496513287626,1.7963396353628382,3.4273255809585637,9.907472491,0.6859353571007395,9.931189177235657,10.77869587,1.941697542,-1.4641847978664009,-0.1745987079202348,9.931148486,9.176974963,10.57040033,1.0853378862933156,1.0023938180254552,1.0879359876892338,0.29770992355555553,0.6125395987381327,0.6810550334633225,1.946564885,2.2137404579999997,6.742713226615816,2.4644876486308034,0.167938931,0.007633588,0.267175573,2.8581609258524483,2.287646395287966,6.538461539179268,-0.10771840533333325,2.0490980379751975,2.0519273924974444,3.480916031,6.290076336,-1.120403683595398,0.2658711517253817,-0.427480916,-1.72519084,1.335877863,1.696412867106035,,,-0.9482612382222223,0.8525485279959368,1.2751620949913705,2.65648855,3.2290076340000002,1.1790672589281908,-0.27334320628252484,-0.732824427,-1.305343511,-0.702290076,2.083255580160558,,,10.019144639198867,0.5982018969035556,10.036986839218553,10.803855615057206,1.5901644093518357,-1.5999157546083853,-0.0358255397484146,9.989597774639604,9.463270067934744,10.620765729466454,1.076404282293386,1.0017808107041275,1.0783211545612625
66,594,603,9,2005-12-22 17:00:15,0,-0.0989603353333333,1.4993438199764861,1.5026060822687253,3.768473413,5.770026001,5.3687025393099965,2.0206665181169594,-0.502782349,-0.54827218,-0.344765039,2.507958311542392,,,0.7597599936666666,0.4744655609943233,0.895741489798274,1.31202251,1.551442676,0.37701818719733193,-0.9811774199026545,0.988805286,0.392649072,1.151610999,1.4647334358660498,1.1789795425728447,1.7268907562085065,10.139444032555554,0.7679778932659104,10.168486383620309,11.15697974,2.810792753000001,2.5638113334539057,-1.3143387038066612,10.36689319,9.931148486,10.57997714,1.0972114549882257,1.0028642942326529,1.100354191430749,0.04495335033333338,0.9204054732397685,0.921502598409746,1.946564885,3.885496183,3.8624919541234206,-0.1906343828937987,0.106870229,-0.038167939,0.152671756,2.112381330621555,20.499086087615638,43.30188674628333,-0.6022052586666666,1.5266346221011038,1.6411168279447894,3.145038168,6.022900763,2.8830001184191323,0.9109138277359201,-0.549618321,-1.06870229,-0.519083969,1.9164011449072813,,,-0.47582697211111113,0.7833679546881379,0.9165569593978895,1.893129771,2.473282443,-0.18002267600189725,-0.8021552344247683,-0.297709924,-0.541984733,0.129770992,2.065479675418805,,,10.299465986822508,0.6158681475566686,10.31786282080202,11.410776167642878,2.2501238381226987,0.46876912362156453,-0.08822096344877615,10.428530676944781,9.996772501850435,10.592872722202497,1.1059243920783106,1.0017861929932144,1.1078997864784659
67,603,612,9,2005-12-22 17:00:17,0,0.8174868557777777,1.8935634865245745,2.062490590734547,4.807556934,6.754042884,1.0312869923485568,0.6692097334182885,1.029506714,-0.146046301,1.32638772,2.330947329213177,2.522964835651383,5.880898145360354,0.5184776706666667,0.5198611476221361,0.7342170712990381,1.012747302,1.405396374,-1.2387564885622595,-0.8786478915035818,0.794874951,-0.026336218,0.888248816,1.379356789141613,1.4161016237304305,1.9533093888070312,9.757169831999999,1.2529446943366627,9.837287915759978,11.31499705,4.687846855000001,4.296934988622059,-1.7478027554374136,9.861716638,9.476250171,10.34055697,1.1502150945356227,1.0082112011105127,1.159659741997202,0.08821034788888887,0.164397508758054,0.18656796713405344,0.305343511,0.541984732,0.08352901184479222,-0.9473962603517769,0.152671756,0.007633588,0.167938931,1.6366341751507834,2.115034931832004,3.4615384510739653,0.875318066111111,2.9582338696343293,3.085016911511539,7.961832061,10.41221374,3.0012191733117515,1.4816921975812554,0.839694656,-1.58778626,1.916030534,2.5808066177177,3.5244524601414247,9.095930232964417,-0.8159457166666666,0.8132662994379591,1.1520284225435553,2.396946565,2.549618321,-0.5557278130093204,-0.7482010483374012,-0.351145038,-1.290076336,-0.221374046,2.0806314480573307,,,10.039902499592845,0.8749477017983206,10.077954935512103,11.52227577244255,3.290241682092816,1.3186874049086326,-0.4248603831392794,9.95501507188726,9.744984583394395,10.372091117975131,1.1433148735207213,1.0037901200654888,1.147648174164024
68,612,621,9,2005-12-22 17:00:19,0,0.33705038922222225,0.6340982094220114,0.7181110666652148,1.403002173,2.044648218,-0.7845135620449684,0.22263031722006627,0.284909998,-0.023942017,0.823605371,1.9537398017207874,2.130574803139461,4.162588793436996,0.44798173266666663,0.28850862830428403,0.5328460015886844,0.952892261,0.998382093,0.10976501623866408,-0.2247273876472892,0.47644613,0.356736047,0.63446344,1.788307049614606,1.189436896046749,2.1270783862721165,10.060169353888888,0.3072910022366099,10.064861409328037,10.32379756,0.883460414,0.06785168098932459,-1.214850221935172,10.19929907,9.90720647,10.29027874,1.0257267477555112,1.0004663992497635,1.026205145941127,0.07803223066666666,0.20384134119619501,0.21826662915681697,0.473282443,0.755725191,0.7139736066260127,0.2746045123045689,0.061068702,-0.022900763,0.20610687,2.168368315524601,2.7971343032495777,6.065217397433365,-0.028837998333333337,0.5856153004859135,0.586324918719203,1.015267176,1.778625955,-1.3916315689963947,-0.3312007865493361,0.198473282,-0.465648855,0.442748092,1.731577737166279,,,-0.5614927904444444,0.5825928672944819,0.8091282980736088,1.305343511,1.923664122,0.28270051969612453,0.9005029383085179,-0.65648855,-0.992366412,-0.435114504,1.6132713614241299,,,10.099701900462284,0.3115526861630341,10.104506101460718,10.40034256782322,0.9457923894898634,0.2872204113314787,-1.1739405196943358,10.205564783183041,9.939388844444409,10.311501634344385,1.0292776770474448,1.0004756775047206,1.0297672812845273
69,621,630,9,2005-12-22 17:00:20,0,0.389190780888889,0.5559282764629663,0.6786204480414567,1.309628308,1.769315027,-0.9020917640069297,0.05665194554002165,0.4333505,-0.155623108,0.711077893,1.9298391490849907,1.743670408871267,3.3650034181408035,0.42483778344444445,0.2718309062722691,0.5043601727404652,1.003170496,0.8906430180000001,0.6810084477529115,0.9541539971024721,0.349553442,0.167594116,0.521935962,1.9889962574745446,1.1871829493395796,2.3613024431740155,10.100338738111112,0.35940680685488924,10.106731216244032,10.63743798,1.1755530189999988,-0.6934122006221206,-0.4705021502453413,10.20169327,9.773131177,10.29506714,1.0525102283221888,1.0006328974006387,1.0531763593098395,-0.17217981333333332,0.6398882614731559,0.6626483798294837,1.954198473,2.20610687,8.24061422109457,-2.8199420963412085,-0.030534351,-0.045801527,0.06870229,2.9490730415772917,,,-0.29092451222222226,0.8867780814893086,0.9332804710383673,1.595419847,2.923664122,-0.1425860788528821,-0.019704342651618204,-0.076335878,-0.893129771,0.190839695,1.7094752290540665,,,-0.7777777778888888,0.1985203976488146,0.8027132863360499,1.129770992,0.6564885490000001,-0.30505945225998765,-0.04810526489710358,-0.79389313,-0.86259542,-0.687022901,1.4074402544858713,,,10.136164140635271,0.34510474909508204,10.1420373088324,10.655529721890222,1.1742284541176957,-0.23214690273626903,-0.5527083879326741,10.237541911091936,9.851037797371337,10.352900613692904,1.0506301049208957,1.0005794271003943,1.0512388684761769
70,630,639,9,2005-12-22 17:00:22,0,0.7831699652222223,0.2965664274620395,0.8374406488365452,1.295263098,0.9528922609999999,-0.12412104909445265,0.7246131394149197,0.699106885,0.586579407,0.857124194,1.5466924131274338,1.0692961758293729,1.6538722825414693,0.4562284274444445,0.5141437566677656,0.6873777567894332,1.630451331,1.695094776,1.7659648956505567,1.332533463373426,0.301669409,0.038307227,0.77811554,2.37198733141355,1.5066526227656782,3.5737609340411876,9.727641345555556,0.27346585902801335,9.731484456331204,10.13704983,0.8451531870000011,-1.15942358885539,0.054935739537037745,9.655815295,9.581595044,9.947907898,1.0416755917854794,1.00039507118315,1.0420871277939845,-0.2094995757777778,0.6275565571137927,0.6616020742316228,1.954198473,2.1832061069999997,8.152303809003232,-2.8046722039899996,-0.022900763,-0.129770992,0.083969466,2.953736919990138,,,0.32315521633333333,0.6708684093619522,0.7446433485389361,1.290076336,2.221374046,-0.24883932371831818,-0.28641748417912155,0.34351145,0.045801527,0.79389313,1.732475471017444,2.304290046708822,3.992125984032674,-1.1441899914444442,0.28184482579977027,1.1783918034133387,1.519083969,0.9541984729999999,0.5164564455514817,0.7704963381999025,-1.221374046,-1.27480916,-1.030534351,1.2891162044744453,,,9.788215998581006,0.25770585905510157,9.791607873310108,10.174870881121084,0.72657028658017,-1.2488001802546638,0.30847908176830363,9.700006900710711,9.629470743659558,9.97700488203106,1.039141989014457,1.000346526346537,1.0395020790914433
71,639,648,9,2005-12-22 17:00:24,0,0.276663303,0.4780350850561135,0.552322483492638,1.137245789,1.558625281,-0.2862131289667298,0.0992042362785169,0.248996973,0.093373865,0.653617053,2.059024977235348,1.996370597413991,4.110576923893661,0.028464397555555552,0.25921696169893826,0.260775104564507,0.445321509,0.83557638,-0.9477025576966325,-0.07067230889029884,0.035913025,-0.210689746,0.253785376,1.7076841355070476,9.161448228635004,15.64485979830914,10.140774142444444,0.41091567651161576,10.149096112525138,10.94150159,1.4173673860000005,0.180473028648505,0.46606469944423695,10.15380924,9.933542688,10.31422075,1.0780764581091062,1.0008206444561132,1.0789611755777198,0.150975403,0.2006721599155723,0.25112325275886627,0.427480916,0.564885496,-1.3864241458733773,-0.04453961355858957,0.083969466,0.061068702,0.374045802,1.7022753221919915,1.6633388470495836,2.8314606717757855,-0.13825275666666667,0.46958037248441364,0.4895095003659614,0.870229008,1.671755726,0.4792240362561948,0.5384318345124923,-0.198473282,-0.328244275,0.167938931,1.7777571371942924,,,-0.837150127,0.19693407201272356,0.8600019557277929,1.129770992,0.7175572520000001,1.4820130733568195,0.7144088418669652,-0.86259542,-0.916030534,-0.763358779,1.3136842125479935,,,10.15932686326634,0.4065628703163378,10.167458663904416,10.943928266016144,1.4131602568031756,0.1891193242992486,0.4119517235398397,10.155080780102292,9.994956936207656,10.338025534345253,1.0763681100438873,1.0008004271097408,1.077229664259227
72,648,657,9,2005-12-22 17:00:26,0,0.5724802189999999,0.7582902324472416,0.9501250853288632,1.752555615,2.3606828369999997,-1.0967599437522004,0.08688811592875127,0.775721338,0.0,0.928950244,1.8445525142548935,1.6596644806147676,3.0613382905375115,0.2120198581111111,0.3812441724612155,0.43623335414556813,0.622492432,1.2234370490000002,1.2333374594521729,-1.3214327814773004,0.330399829,0.174776721,0.430956299,1.4269711980626738,2.057511772868727,2.936010039558543,9.863312772555556,0.49194484415045603,9.875573329125949,10.45547865,1.35511814,-1.6922290646240796,-0.49889601216037976,10.16817445,9.416395129,10.25436571,1.0587211801834067,1.0012430465152142,1.0600372198570172,0.07972858355555555,0.15041207760234623,0.17023642420007953,0.290076336,0.526717557,0.8278470170885033,-0.7486431243001149,0.099236641,0.0,0.183206107,1.703961636665207,2.135199405385866,3.638297873407877,0.15267175566666666,0.6820003004189772,0.6988798714728572,1.839694656,2.793893129,4.824886981427172,1.4553078780360431,0.06870229,0.0,0.099236641,2.632347462122393,4.577663159901986,12.050000001419168,-1.032230704,0.4295174103649568,1.1180274737621407,1.740458015,1.4045801519999999,-0.8829102129823845,-0.06294103805185405,-0.984732824,-1.335877863,-0.717557252,1.556722044712723,,,9.921018570318667,0.4397457485595549,9.930759577997247,10.457597416172806,1.2021495055886895,-1.85951606158828,-0.42248320729536326,10.175873626080776,9.465444696560626,10.27713202660912,1.0530511119555075,1.0009818556037908,1.054085056090859
73,657,666,9,2005-12-22 17:00:28,0,0.8259995725555553,1.6577667754801912,1.8521517151000215,4.371812231,5.683834741,1.0270159592052766,0.8116474390999715,0.847547388,-0.545877979,1.120486377,2.3603963948298423,2.24231558543022,5.292753623920258,0.4030239463333333,0.7933406364031453,0.88984137164252,2.269703174,2.916137622,2.7781071638659594,1.3342217822681632,0.205901343,0.038307227,0.651222852,2.5506829040893573,2.2079119112851657,5.63168316585033,9.715404314999999,0.9523804282107603,9.761972622577854,11.44907234,3.3063924940000007,0.07197873751986439,0.3907471326414551,9.679757312,9.136273535,9.943119495,1.1728236477041698,1.0047932444258605,1.1784452781160453,0.01017811700000001,0.15598607762637867,0.15631778682839748,0.282442748,0.503816794,-1.015022970549714,0.31871680012245157,-0.030534351,-0.114503817,0.122137405,1.8068497112875581,15.358222628841594,27.750000122812473,0.31467345199999996,2.051660043529385,2.0756512991368745,5.030534351,8.106870229,3.0239028503683123,0.9606587902875385,0.335877863,-0.335877863,0.374045802,2.4235931888423963,6.596207229890098,15.98652291455461,-0.9830364716666666,0.6564567697288906,1.1820728383436185,1.969465649,2.297709924,0.25742026127647133,0.5629044759673194,-1.015267176,-1.526717557,-0.648854962,1.666111922307357,,,9.936001199255882,0.8912201157849593,9.975890593144761,11.52076131448887,3.081841657630033,-0.11568149202604516,0.17457010807084478,9.91059902463951,9.458649630714014,10.379585193423111,1.1548604314491695,1.0040146325557877,1.1594967717346565
74,666,675,9,2005-12-22 17:00:30,0,0.6578734117777778,1.505730907524754,1.643174668682381,3.318363501,4.984727856,-0.3485771840159728,0.3729189470718139,0.713472095,-0.414196887,1.134851587,2.019483116582432,2.497706457298546,5.044076020693333,0.7060234673333333,0.35082556533272113,0.7883829740147905,1.446097803,1.161187805,0.4557679084999071,0.90278228500466,0.596156213,0.407014282,0.888248816,1.8342580327880982,1.1166526475281777,2.048229088562657,10.345877417777778,0.9039165802899446,10.385289823967709,12.08353578,3.3806127450000005,0.8087751047759593,0.1692557031116375,10.31661495,9.816226807,10.89361755,1.163524175523055,1.003809479331565,1.1679565968214862,0.10856658177777778,0.17850839529180165,0.20893049051913182,0.366412214,0.526717558,-1.5413874393698639,-0.07675253621368916,0.106870229,-0.038167939,0.290076336,1.7537517529852713,1.9244456912789831,3.375000004605469,-0.9312977098888892,2.289683313540094,2.471834359488563,3.839694656,7.5114503809999995,0.47782281429451334,1.0523027966170269,-1.603053435,-2.557251908,-0.190839695,1.553378623960246,,,-0.5937234944444446,1.5109781469020018,1.6234415752563227,3.045801527,4.946564886,-0.7208322028421907,-0.13617082732010122,-0.099236641,-1.41221374,0.389312977,1.876138675652127,,,10.50651688053879,0.8882108264801531,10.54399428268638,12.090900911862395,3.299771244730877,0.7234030902878246,-0.20085508022379017,10.487833370436793,9.893079112979109,10.937541265610482,1.1467097370980266,1.0035670624788136,1.150800122375319
75,675,684,9,2005-12-22 17:00:32,0,0.3178967757777778,0.9998758534654697,1.0491949687227862,2.159569897,3.394977954,-0.08260587693713273,0.5268926052396705,0.335188232,-0.368707056,0.588973608,2.0583113352410596,3.3004265807848716,6.793305442360394,0.5993484824444444,0.49437156297237667,0.7769310430689517,1.522712256,1.867477295,0.9583905847624647,-0.05498987172816667,0.615309827,0.304063611,0.912190833,1.9599065703246217,1.2962926674982747,2.5406125160934985,10.152745150444444,0.5297292365727613,10.166555323901658,11.03008705,1.6496049460000002,-0.9668916637461749,0.005830783083077786,10.00776294,9.914389075,10.57279453,1.0849384770540884,1.0013602403342716,1.0864142541307806,0.09414758277777777,0.14793325040326022,0.17535111610073148,0.351145038,0.45038167900000003,-1.1520785125151791,0.35432972367156595,0.038167939,0.0,0.213740458,2.0025252522389576,1.8625132045569701,3.7297297247538355,-0.5326547921111111,1.0049555602985187,1.1373903488837245,2.381679389,3.13740458,-0.7707539294205263,-0.49719476657684963,-0.458015267,-1.076335878,0.244274809,2.0939859313361198,,,-0.35368956733333334,0.7406984387018981,0.8208108717212936,1.702290076,2.572519084,-0.12354010445706187,-0.19475410224088685,-0.351145038,-0.778625954,0.145038168,2.0739126815294093,,,10.23798136879554,0.49700761988723874,10.250038003931037,11.140799694738906,1.5761696247226844,-0.8081518261018208,0.36250400393277615,10.062494623639727,9.93995429815595,10.652144093478443,1.086903257379753,1.0011776379250157,1.0881832358764665
76,684,693,9,2005-12-22 17:00:34,0,0.5144873345555555,0.9830312282877595,1.1095258506258523,2.331952417,3.220201233,-0.3649224462203353,0.6083543052329948,0.339976636,-0.088585461,0.976834277,2.101755822709864,2.156565917379339,4.532574973909665,0.19898476022222222,0.6075901686611743,0.6393439980592682,1.101332764,2.049436621,0.9331431620718718,-1.0910062199414214,0.339976636,0.11492168,0.656011255,1.7225981120384344,3.2130299694572666,5.534759359309996,9.58505333488889,0.8445988114361104,9.62219281582654,10.41956562,2.6048914010000006,0.6419172334191545,-1.3142940925859632,9.96466731,9.368511096,10.16338605,1.082868096642373,1.0038747286676502,1.087063916699717,0.09669211188888888,0.1204291050237483,0.15444265550149805,0.297709924,0.435114504,0.5509794060036706,-0.4519839247933829,0.099236641,0.061068702,0.152671756,1.927640540971612,1.5972622014810438,3.078947374136427,-0.40627650555555556,0.820189668797167,0.915298689919329,1.366412214,2.5190839699999996,-0.44719322725876154,0.7914853207672587,-0.641221374,-0.977099237,-0.06870229,1.4928593573322282,,,-0.6734520781111111,0.6469890625336385,0.9338803716484947,1.389312977,2.20610687,2.0013632733583977,1.2950018380394477,-0.778625954,-1.167938931,-0.366412214,1.487677671763859,,,9.676205089926547,0.7729540760516639,9.707028533284804,10.464107806544312,2.2348873646485394,-0.09701453783843927,-1.155554242848047,9.987876175256314,9.431954021424522,10.177797442995152,1.0779928966586974,1.0031854888431773,1.081426831004028
77,693,702,9,2005-12-22 17:00:36,0,0.2955508938888889,0.5262732775182065,0.603584205814132,1.374271753,1.671152759,0.253750522089665,0.9880250186293426,0.105344873,-0.110133276,0.445321509,2.2768517462221234,2.04223441138042,4.64986498574642,0.4902792953333333,0.30849975167566746,0.5792632253272241,0.809240161,0.919373437,-0.1891109950447225,-0.9222532694663692,0.553060583,0.356736047,0.775721338,1.3970162883080703,1.1814964059075592,1.6505697236303036,9.949770055111111,0.1996756460137855,9.951773435584071,10.20648168,0.6224924339999998,-0.16878704304621905,-0.899625118772358,10.02452235,9.897629663,10.05564697,1.0255942567487701,1.000201349424345,1.0258007595619778,0.1348600508888889,0.20413405729085954,0.2446588373057095,0.511450382,0.740458016,0.736468112469086,-0.1865207374489673,0.145038168,0.122137405,0.20610687,2.090463551745427,1.814168359667043,3.792452832613742,-0.10432569966666669,0.6356435781243586,0.6441479721474539,0.938931298,1.778625954,-1.1328412365288263,0.6770088835131371,-0.480916031,-0.564885496,0.229007634,1.4576329331128692,,,-0.8642917728888889,0.2531206286753141,0.9005944266674122,1.221374046,0.7709923670000001,-1.4124263293940906,0.15534106142457876,-0.923664122,-1.053435115,-0.65648855,1.3561865472781247,,,9.985241709876236,0.1805610319793672,9.986874100083647,10.238551956362938,0.555540545504865,-0.47565260307955004,-0.6626067607493739,10.030960382047365,9.906411456330558,10.088706714228186,1.0252008640298353,1.0001634802896955,1.025368464164083
78,702,711,9,2005-12-22 17:00:38,0,0.29049646799999995,0.5516278496607818,0.6234432471699834,1.661575952,1.9105729249999999,3.8817795933456107,1.8280388873943183,0.193930334,-0.08619126,0.361524451,2.6651599155856553,2.1461302144643755,5.719780221217699,0.5134232449999999,0.2605615803734296,0.5757566896467893,0.895431421,0.7709329349999999,-1.325344993945095,-0.03059263019072173,0.426167896,0.397437476,0.713472095,1.5552253879139855,1.1214075234298932,1.7440414506359176,9.990471482222222,0.3013880066420824,9.995016516626833,10.35971058,0.928950240999999,-0.593350794557117,-0.9094333305648092,10.13944403,9.770736975,10.15380924,1.0364875898670596,1.0004549369279216,1.0369591263470226,0.16454622566666666,0.16305295508284123,0.23165000872521596,0.549618321,0.51908397,2.546342745091157,1.7488508524958823,0.099236641,0.053435115,0.167938931,2.3726237871717895,1.4078111350574904,3.340206186882719,-0.19423240022222227,0.8218720103527343,0.8445115906234387,1.328244275,2.3740458020000004,-1.4669843098444804,0.3521023999552203,-0.526717557,-0.679389313,0.65648855,1.5727957907829995,,,-0.9397794742222223,0.421754392433503,1.0300787483034244,1.809160305,1.488549618,0.5423521821655264,-0.7806583332679138,-0.748091603,-1.114503817,-0.65648855,1.7563320357591594,,,10.027482453601111,0.2648170283042947,10.030978636990413,10.368830759070445,0.7787906326280964,-0.9851823302087293,-0.7672458024621914,10.150284787994623,9.811162347537715,10.179035292251772,1.0336808734527818,1.000348660135331,1.034041276766009
79,711,720,9,2005-12-22 17:00:40,0,0.7076196017777777,0.4273426203334922,0.8266481814978098,1.438915198,1.5682020879999998,0.7415795767522191,-0.4164303752559897,0.694318481,0.608127222,1.000776294,1.7406621464923797,1.1682098396101415,2.0334586469693074,0.44611957588888884,0.5402897397276941,0.7006680232794283,1.656787549,1.877054102,1.770127705124521,1.1008502992405234,0.356736047,0.155623108,0.555454785,2.3645827895006826,1.5705834514958332,3.7137745988816273,9.944715629000001,0.1614464545458987,9.946026035526064,10.19211647,0.49320554500000036,-0.8888753333139219,0.18203375281666923,9.971849915,9.84974563,10.00058033,1.0247425890094124,1.000131769129953,1.0248776184487918,0.05173876166666666,0.17759931206286197,0.1849822021276695,0.389312977,0.664122137,0.8850367241295922,0.09266090152969661,0.045801527,-0.007633588,0.145038168,2.104596942419937,3.5753117424696033,7.524590161399625,0.11111111111111116,0.7957106412958946,0.80343083316728,1.809160305,2.442748091,0.6675425491211344,1.1883894604436664,-0.229007634,-0.595419847,0.34351145,2.2517934715897567,7.230877498505517,16.282442744999994,-0.5996607294444444,0.3449148809576157,0.6917797811036757,1.152671756,0.9847328249999999,-1.5806091119512846,-0.47299186276577465,-0.404580153,-0.969465649,-0.374045802,1.6662408868917944,,,10.003277548835511,0.1793183625444994,10.004884646720432,10.362985425500353,0.6336491947388136,0.4727324440959446,0.6500323515557886,10.005805288111613,9.875434086743137,10.05226515973897,1.0357925944600777,1.0001606571323325,1.0359590019279947
80,720,729,9,2005-12-22 17:00:41,0,0.08353103566666667,0.7972147837189979,0.8015789700956947,1.2976573,2.212242334,-1.2324716617460862,0.49348265612972075,-0.124498486,-0.502782349,0.754173523,1.61887642816413,9.596181391721537,15.535031855445249,0.46686932366666667,0.3813291784171476,0.6028091801667155,0.849941589,0.9720458740000001,-1.5012329664877444,-0.6414096636397032,0.622492432,0.093373865,0.833182178,1.409967891937108,1.291173246150365,1.8205128200002227,10.314752796777778,0.3304842077820671,10.320045788184679,10.80263789,1.0103530999999997,-1.2352364682025048,-0.2879258232244814,10.35971058,10.03170496,10.54166991,1.0467625930853752,1.0005131476741307,1.047299736875384,0.02714164544444445,0.18356309288054246,0.18555882621234324,0.374045802,0.702290077,1.918621097437332,-0.8447984496964801,0.083969466,-0.038167939,0.114503817,2.0157801686671735,6.8366830077475935,13.781250026481443,-0.4156064461111111,0.5235316998213555,0.6684415896448587,0.93129771,1.572519084,-0.16239379072973215,0.7838110740494222,-0.396946565,-0.900763359,-0.099236641,1.393237231834716,,,-1.0508905854444446,0.4700565870188481,1.1512272658235536,1.72519084,1.763358779,2.646346225740829,1.1489142937808416,-1.06870229,-1.297709924,-0.900763359,1.4985666959215478,,,10.36371077960053,0.3205490602280533,10.368666877820951,10.868001839569732,0.9899119682856714,-1.2552555813564807,-0.09785929869985314,10.361178148781903,10.095854734097292,10.635194418814425,1.0481580677277695,1.0004782165698967,1.0486593142836278
81,729,738,9,2005-12-22 17:00:43,0,0.05426857100000003,1.490206282926658,1.4911940998650943,3.909731311,5.427655164,6.285840069695201,-2.3470037819040352,0.409408484,0.217872351,0.641646045,2.621879546970918,27.478042491022908,72.04411759801079,0.5458779784444444,0.2866916947652077,0.6165832427158076,1.06781394,0.955286462,-0.33367153567938246,0.5110403985359196,0.483628735,0.385466467,0.699106885,1.731824457792103,1.129525767778447,1.9561403503451174,10.101136804,0.5180839463840602,10.114414254351273,11.28387242,1.8650830890000005,2.082190309874986,1.346980934678313,9.959878906,9.789890588,10.19451067,1.1156229254843522,1.0013144510968326,1.1170893572624065,0.09075487700000001,0.13336073986640443,0.16131191721940422,0.366412214,0.442748092,0.2555587807436561,0.8451545503352969,0.083969466,-0.015267176,0.183206107,2.2714516095028117,1.7774462657186367,4.03738318107136,-0.8091603054444444,1.8393409224738166,2.0094565008961442,5.694656489,6.053435115,6.083121161772366,-2.43453822708237,-0.022900763,-0.458015267,0.106870229,2.8339287197609857,,,-0.5538592025555554,0.5817253707881646,0.8032212791467265,1.320610687,1.908396947,0.3021897324336127,0.923531371893843,-0.709923664,-0.732824427,-0.488549618,1.644143054082063,,,10.219770991905698,0.679331524586835,10.242324465046723,11.948236694685617,2.4072541604509574,4.616439051654929,2.038448580755012,10.004650279124743,9.802315103986833,10.26248813440777,1.1665551833922605,1.0022068472139825,1.1691295924486866
82,738,747,9,2005-12-22 17:00:45,0,0.6094573335555556,0.6702625510565284,0.9059194935387213,1.412578979,1.915361328,-1.4199754478139957,-0.6911479159200935,0.955286462,-0.201112939,1.127668982,1.5592765020235464,1.4864362830021494,2.3177651678404736,0.5003881468888889,0.38508872869726773,0.6314124060521572,0.974440076,1.2354080570000001,-0.24302140940805383,-0.6644136462121868,0.593762012,0.237025964,0.809240161,1.543270399282442,1.2618452494886179,1.9473684220109522,10.432068678999999,0.4660449884819952,10.44247359846612,11.16176814,1.371877551999999,-1.431737177103796,-0.03473465607316696,10.46984386,10.01973395,10.8098205,1.0688816241431087,1.0009973975235678,1.069947724028016,0.04071246811111111,0.23994249854687538,0.24337195333196374,0.572519084,0.7862595419999999,1.3979485947745758,1.4427781887603597,-0.076335878,-0.114503817,0.076335878,2.3524447914467514,5.977823615796545,14.06250002916797,-0.19338422388888896,0.9309987145946262,0.9508712134805397,1.618320611,3.167938932,0.07873100405159761,0.44511101356519267,-0.06870229,-0.755725191,0.167938931,1.7019345922528761,,,-1.1509754027777777,0.6891661770411809,1.3415268902921866,2.152671756,2.091603054,-1.3755486700571966,0.08109916915139866,-1.167938931,-1.770992366,-0.709923664,1.6046430165340517,,,10.490172775614724,0.4700018592556004,10.500696482136412,11.174136977826027,1.3640958762324917,-1.5565885311748517,-0.09476378367607935,10.533064563238693,10.072970063815447,10.851321198610803,1.0641329360233638,1.0010031966819604,1.065200470653947
83,747,756,9,2005-12-22 17:00:47,0,0.14684436844444443,0.8549956012652079,0.8675141190359394,1.434126794,2.7198130860000003,-0.913550854326322,-0.1288545292497186,0.153228906,-0.454898315,0.902614026,1.6531451909897812,5.907711192643698,9.766304347875435,0.4801704438888889,0.24111699212665533,0.5373090908189235,1.012747302,0.931344446,2.279687075977087,0.7306814438692915,0.46208092,0.440533105,0.526724365,1.8848504879313535,1.1189965930998795,2.10914127449783,10.279903862444444,0.5665377963148187,10.295503314348137,11.15937394,1.561019484000001,-1.2804785474898832,0.5975620667562975,10.0963484,9.859322437,10.77869587,1.0839075661748314,1.001517470602102,1.0855523640418976,-0.04919423255555556,0.19147007372495953,0.197688800008932,0.320610687,0.557251908,-1.6670550522879073,0.07060600911626426,-0.007633588,-0.229007634,0.099236641,1.6217948967544653,,,-0.6497031383333334,0.5298421714425474,0.8383596451399222,1.648854962,1.709923664,-0.5682179135228909,-0.40192047411224796,-0.763358779,-1.007633588,-0.244274809,1.9667632758311095,,,-1.2391857505555555,0.32823441216507687,1.2819201042612949,1.938931298,1.198473283,1.1805716977552763,-0.7673222353443482,-1.20610687,-1.381679389,-1.06870229,1.512521171603988,,,10.329886772435728,0.576289484733334,10.345949463512609,11.278753170093585,1.6279920726698212,-1.0906947745828557,0.6524615419471472,10.170563579051922,9.973789518263777,10.788597849577574,1.0901612471499813,1.0015549726178745,1.0918564180383674
84,756,765,9,2005-12-22 17:00:49,0,0.6977767727777778,0.789879435289253,1.0539458937350814,1.944091748,1.999158386,-1.689528171122284,0.5536648607691695,0.148440503,-0.047884033,1.261744275,1.8445840147546175,1.510434188772766,2.786122759949102,0.308053947,0.241907852546716,0.39168436704321313,0.775721338,0.964863269,2.242922549552299,-0.24458105278595965,0.354341846,0.227449158,0.371101257,1.980475615751132,1.2714797874127324,2.51813471489135,9.808512155777779,0.7963517476563662,9.840786900245112,10.6781394,2.451662495999999,-0.31192760862979707,-0.7533276983425232,9.974244116,9.346963281,10.56082352,1.0850899941481338,1.0032904832001786,1.08866046454456,-0.011874469888888897,0.20350225298449556,0.20384839956425405,0.34351145,0.633587786,-0.8693643514097977,0.2264543016144974,-0.038167939,-0.122137405,0.152671756,1.6851319447898017,,,0.03562340966666666,0.5273256804546337,0.528527577883332,0.839694656,1.6641221370000001,-0.7845460681119092,0.010437263368844242,0.030534351,-0.41221374,0.297709924,1.588743314706192,14.83652415164186,23.571428559397965,-0.8023748940000001,0.6318066101045539,1.021266401627567,1.824427481,2.0,-1.168744517016513,-0.02341363957786548,-0.832061069,-1.251908397,-0.335877863,1.786436406888991,,,9.878727273778749,0.718368190166258,9.90481223478481,10.685405423522464,2.2302182791270475,-0.3241689540945618,-0.7070887797884496,9.98066289032457,9.444941051131035,10.568384178599066,1.0788094887852877,1.0026405183869485,1.0816581050764398
85,765,774,9,2005-12-22 17:00:51,0,0.4046200805555555,0.6175967853677694,0.7383381331648712,1.264138477,1.912967127,-1.1516833737668377,-0.4300717413034045,0.581791003,-0.232237561,0.847547388,1.7121403056636075,1.824768884804508,3.1242603561946307,0.5381633286666667,0.20865994479308853,0.5771990478878508,0.802057556,0.6320692379999999,-0.7396890809973273,-0.7123639578439442,0.588973608,0.402225879,0.656011255,1.389568397479129,1.0725350783709056,1.4903608500920114,9.877411960666668,0.528837557657978,9.891558835851434,10.68053361,1.5753846959999986,-1.4575983628141906,-0.10998631273583148,9.830592017,9.382876306,10.33098016,1.0797624304966946,1.0014322451307185,1.0813089149801063,0.12213740466666666,0.19617644021837655,0.2310903315058061,0.496183206,0.595419847,-0.5323597028736051,0.6988111199020614,0.06870229,-0.061068702,0.251908397,2.1471396175115767,1.892052087863584,4.062499996247396,-0.24512298544444444,0.8649486724494316,0.8990113925669859,1.885496183,3.3816793890000003,1.7153387883065987,0.14805637108052483,-0.076335878,-0.648854962,0.114503817,2.0972995432418955,,,-0.8558100084444445,0.46239697183506906,0.9727392919564427,1.595419847,1.4198473280000001,-1.4015163369881858,-0.15688971917023467,-0.72519084,-1.183206107,-0.519083969,1.640130978765315,,,9.923205635079974,0.5012265623405229,9.935856185698272,10.716420424858338,1.5010657679713812,-1.3751637916618797,-0.022412502592451894,9.849259677972368,9.471908097623087,10.357932343871989,1.0785603399014183,1.0012748451542288,1.079935337324285
86,774,783,9,2005-12-22 17:00:53,0,0.14285403233333333,0.8040011353379278,0.8165935954797648,1.900996118,3.0023288819999996,4.7670181776088185,-1.9191953993137882,0.263362183,0.011971008,0.636857642,2.3279586424911,5.716279632725651,13.30726257389953,0.5222019843333334,0.4596610086604109,0.6956889788722955,1.486799231,1.561019482,0.5834747349553187,0.748811653332203,0.49081134,0.083797058,0.768538733,2.137160823519277,1.3322220132128442,2.847172694868471,10.079588989444444,0.8371264857659597,10.114291618759097,12.29661973,3.03824191,6.097623776957155,2.3056918318841912,9.82101521,9.667786304,10.18014546,1.215766777694378,1.003442861544354,1.2199524943802051,0.15012722644444446,0.1361263702614958,0.20265382503291507,0.312977099,0.503816794,4.287622871636607,-1.7955093314518547,0.160305344,0.114503817,0.236641221,1.5443927542407165,1.3498805635226228,2.084745761394714,-0.25954198488888885,1.2334590835291595,1.260469496917977,3.435114504,4.641221374,5.2120166019288,-2.0115489385654683,-0.007633588,-0.259541985,0.442748092,2.7252658730729555,,,-0.8507209497777778,0.7216341612211069,1.1155635333911265,2.022900763,2.41221374,-0.5313368742350093,0.24305387049305857,-0.916030534,-1.27480916,-0.305343511,1.8133442896351408,,,10.131462645178955,0.8961963368296891,10.17102272167374,12.531209637468304,3.2725265881054533,6.547876133316517,2.403596662774194,9.848105808654491,9.73695500359422,10.195372332468576,1.2320501074847832,1.0039046757492227,1.2368608636613063
87,783,792,9,2005-12-22 17:00:55,0,0.5086348416666666,0.736075106276945,0.894715577285816,1.819593262,2.257732166,-1.036113437399722,0.6306301073933176,0.306457813,-0.021547815,1.2976573,2.0337113918591503,1.7590528685649243,3.577405857683003,0.37003716766666667,0.22364432705010293,0.4323705476515048,0.667982263,0.790086548,1.4142414339405995,-0.9906440453730377,0.387860669,0.272938989,0.517147559,1.544930075899621,1.1684516730519046,1.8051761319331179,10.050592546111112,0.46918268583232964,10.061537800983956,10.57518873,1.3263877170000011,-1.3333313323318654,-0.6479521729325445,10.25915411,9.548076221,10.46984386,1.0510509366635599,1.0010890158786787,1.0521955478228864,0.040712468111111115,0.11554516586056589,0.12250791979886003,0.198473282,0.34351145,-1.2483742570332947,-0.35611825258346197,0.045801527,-0.053435115,0.145038168,1.6200853163278253,3.0091007861403902,4.874999998976562,-0.17387616633333336,0.7442717886570976,0.7643123815624161,1.603053435,2.824427481,1.1091478714880365,0.03455540360028551,-0.358778626,-0.389312977,0.381679389,2.0973799112386744,,,-1.1823579304444445,0.4152878250248101,1.2531696825644592,1.992366412,1.4122137399999999,-0.08997875710980274,-0.6453989820089481,-1.06870229,-1.503816794,-0.946564885,1.5898616442131481,,,10.10201531536473,0.4138716509739488,10.110489759420332,10.587779657040171,1.155117945661841,-1.500768061238456,-0.5593529813225224,10.283230193248968,9.646360605075346,10.471843673276876,1.047207396375149,1.0008388864786923,1.0480858845003547
88,792,801,9,2005-12-22 17:00:57,0,0.11651781399999998,0.39138505318558725,0.40836094430836983,0.708683691,1.173158813,-1.2246145059552807,0.04587255800218411,0.162805713,-0.203507141,0.385466467,1.7354345484734806,3.5047082526657243,6.0821917839962225,0.6036048407777778,0.23381175296331863,0.6473072992282309,1.058237134,0.7398083130000002,-0.36111486370561163,0.5051835865938727,0.596156213,0.371101257,0.732625708,1.6348296014299715,1.0724024320185044,1.7531952405093436,10.193712600666665,0.49034980071197526,10.205499473913497,10.87685814,1.4628572119999994,-1.0506494459961435,-0.1431098510937642,10.18253966,9.909600671,10.63504377,1.065784008690861,1.001156288558308,1.067016362545738,0.1636980491111111,0.1340226104668825,0.21156349259534704,0.503816794,0.435114504,4.428579721939812,2.0354379782101355,0.091603053,0.076335878,0.20610687,2.381397602296345,1.2924008181169402,3.077720209469516,0.12807463944444444,0.7381396317989951,0.7491683584490073,1.114503817,2.1984732830000002,-0.7517582840040364,-0.6120138208832117,0.190839695,-0.114503817,0.732824427,1.487654683264175,5.849466855411119,8.701986762050918,-0.6454622562222222,0.1967074547737586,0.6747705884010149,0.908396947,0.702290077,1.7078860989990634,0.9904909479498804,-0.648854962,-0.801526718,-0.564885496,1.346230796977389,,,10.222211636644861,0.4943421569739212,10.234157752962343,10.911394070633856,1.489811106881623,-0.9912095492600335,-0.12186793848945184,10.219458166485651,9.940481371625937,10.652983803625148,1.066174113592834,1.0011686430238498,1.0674200905328937
89,801,810,9,2005-12-22 17:00:59,0,1.0066287867777777,1.2060821649920979,1.5709664869378108,2.731784094,3.3901895509999997,-1.1633156549874042,-0.0033034972894050827,1.285686292,-0.122104285,1.450886206,1.7389193956167073,1.5606214600383923,2.7137949260764245,0.08752137188888882,0.6432323876639972,0.6491593757138843,1.534683264,2.331952417,4.435843395337956,-1.8904958863886794,0.217872351,0.07182605,0.529118567,2.3641086017009307,7.417152653160108,17.534954387464694,9.79547706011111,1.1157402174365048,9.858815703114054,10.91037697,4.039018205,5.696652078520076,-2.2123673188397235,10.19211647,9.69172832,10.45069025,1.1066620270174838,1.0064661111055906,1.1138178266405172,0.16539440188888888,0.1331934079555022,0.2123576984688432,0.335877863,0.45038168,0.6005008300671433,-0.8464175188136873,0.198473282,0.076335878,0.236641221,1.5816608741843163,1.2839473164968669,2.0307692350170417,0.24257845633333336,1.6227705306983886,1.6408011771022697,4.465648855,5.748091603000001,5.399557647373385,2.193089038964567,-0.190839695,-0.519083969,0.221374046,2.7216270425198874,6.764002054855202,18.409090908154006,-0.828668363,0.31189143529984464,0.8854194052823198,1.526717557,1.1145038170000001,1.7715543298112264,-1.0849782081590622,-0.79389313,-0.893129771,-0.625954198,1.7242874369951262,,,9.951195336406135,1.0292240003109343,10.004278617977771,11.351397389067985,3.955776667396716,4.248192273251805,-1.674427493792755,10.267532076195069,9.79267376657557,10.482860983784315,1.1346542636936792,1.005334362333079,1.1407069206589942
90,810,819,9,2005-12-22 17:01:01,0,0.6847416747777777,1.0186564509606308,1.2274087038395907,2.829946362,3.7684734129999997,1.202934408486624,0.6414723698515713,0.782903943,0.119710083,1.048660327,2.3056267673085067,1.7925135113733615,4.132867132584584,0.7195906102222223,0.3449130027279455,0.797982221462858,1.206677637,1.0486603270000001,-1.154164001458792,-0.16785997523792176,0.64882865,0.555454785,1.039083521,1.5121610538990746,1.1089391803159119,1.6768946396164852,9.940991315777778,1.0488664716295493,9.996170727617542,11.58793604,3.9193081230000004,1.5791221448060266,-0.7866635609149377,10.13465563,9.607931262,10.50336268,1.1592375076172627,1.0055506951054456,1.1656720815768429,0.07463952488888889,0.2307756960909203,0.2425458319202535,0.488549618,0.709923664,-0.42018261506364585,0.7879243820764071,0.083969466,-0.106870229,0.106870229,2.0142569102594594,3.249562912964894,6.545454552762397,0.5072094997777777,1.7100755380713242,1.7837095678878758,3.603053435,5.740458015,-0.1533135268686756,0.006998578025502151,0.79389313,-0.458015267,1.229007634,2.019977635297681,3.51671167174386,7.1036789267129175,-0.4690415606666667,0.6269475466014969,0.7829835322803784,1.297709924,1.984732825,-0.5305097443323445,0.3853189374207104,-0.511450382,-0.916030534,-0.183206107,1.6573910823137252,,,10.05912882214637,0.9384371620806533,10.102808370334944,11.644466037620283,3.465369250801512,0.84120245464824,-0.40621319772710424,10.189329321246698,9.732725411530799,10.573127683482525,1.1525969424315852,1.004342279432033,1.1576018404281299
91,819,828,9,2005-12-22 17:01:02,0,0.27347103399999995,0.8704757210086553,0.91242226370391,1.953668555,3.1172505619999997,0.42329557629731784,0.26659379250065995,0.203507141,-0.15801731,0.667982263,2.1411890444992303,3.336449386825773,7.143968874597521,0.5876434963333333,0.270988448327608,0.6471163866800693,0.969651672,0.8164227660000001,-0.8411463171268085,-0.4114565276794323,0.64882865,0.488417139,0.809240161,1.4984192827733016,1.1012057322472275,1.6500679034997392,10.255429798777778,1.102532166331787,10.31452459085999,12.41872401,3.5482068590000004,0.24378809128550305,0.9419128751486071,10.07001218,9.627084875,10.2376063,1.2040035292566564,1.0057622930722276,1.2109413504522297,-0.002544529333333332,0.14416504335407207,0.14418749722083976,0.221374046,0.38167938999999995,-1.7671223841627022,0.36274473431362575,-0.053435115,-0.152671756,0.160305344,1.535320678053938,,,-0.20186598811111112,1.2265164809064673,1.2430175200258682,2.969465649,4.511450382,1.9542186465066713,-1.0687306382254655,-0.145038168,-0.786259542,0.717557252,2.3889169711286153,,,-1.0670059373333334,0.491690731467899,1.174845285863642,2.152671756,1.7938931300000003,1.6989810606541589,-1.031222144015684,-1.053435115,-1.061068702,-0.79389313,1.832302331125708,,,10.31842929712843,1.0819927822446973,10.37500320677868,12.504027096218431,3.4196242844418148,0.45951082262863974,1.0814919046045184,10.093253970536894,9.70574212973631,10.250468453964837,1.205207058446856,1.005482802471302,1.211814970685339
92,828,837,9,2005-12-22 17:01:04,0,0.5642335245555555,0.31682364011950137,0.6470986703517139,1.177947217,0.984016883,-0.20944819969635198,0.9351587995963972,0.486022937,0.299275208,0.703895288,1.8203517809111818,1.1468632085649835,2.08769448417278,0.6379217311111111,0.31058477705460946,0.7095118313050588,1.28329209,0.972045874,0.5254553462153089,1.1797261824600824,0.553060583,0.371101257,0.718260498,1.8086972385499813,1.1122239558593723,2.011676397611983,9.827399748111112,0.31079569895958437,9.83231304300601,10.32140336,0.926556046,-1.435742566501724,0.1799214445944598,9.761160168,9.588777649,10.11310781,1.0497431596059579,1.0004999587908125,1.0502679879266983,0.052586938111111106,0.19015805134747119,0.1972953890798498,0.465648855,0.610687023,0.8598784564506454,1.122675496877088,-0.030534351,-0.106870229,0.13740458,2.360160859165044,3.7517945742150602,8.854838705690167,0.20101781166666666,0.8163776257612563,0.8407619094909339,1.93129771,2.79389313,0.6731221874629583,0.9586208067399588,0.030534351,-0.34351145,0.778625954,2.2970804078997413,4.182524436616138,9.607594938912834,-0.6870229007777778,0.4271020980229944,0.8089602390283195,1.13740458,1.534351145,4.582764508108518,1.9841328238477567,-0.816793893,-0.961832061,-0.679389313,1.4060080151358127,,,9.874645965813736,0.296463409946978,9.879095277584831,10.353277941939748,0.8904570354862233,-1.5062622289736316,0.19628376472447154,9.77261472598193,9.619615355376997,10.130206738724919,1.047998592080675,1.000450579371301,1.0484707986274189
93,837,846,9,2005-12-22 17:01:06,0,0.04442574200000002,1.4045811265031964,1.4052835256563847,3.816357446,5.073313318,7.656731111608584,-2.6703370493092717,0.474051929,0.248996973,0.581791003,2.715720618881832,31.63219031111251,85.90419144828236,0.5237981187777777,0.3199697777985591,0.6137956727931522,1.000776294,1.11090957,0.27450742488381064,-0.4024921146504052,0.497993945,0.366312854,0.694318481,1.6304714066259953,1.1718172532298767,1.9106145251823272,9.61404977722222,0.6363795328519554,9.635088584374278,10.2447889,2.1811177090000005,3.3414752302817066,-1.6579592573460797,9.80665,9.370905298,10.0939542,1.0632791603612761,1.0021883397360707,1.0656059763984307,0.1204410517777778,0.09271154148329103,0.15199170002847306,0.236641221,0.320610687,1.3207932382245922,-1.072602826754891,0.13740458,0.076335878,0.183206107,1.5569351547200887,1.2619592554614056,1.9647887286522514,0.4953350296666667,0.7628619623991467,0.9095686699146771,1.778625954,2.030534351,-0.6912438874527602,0.9268377370896537,0.229007634,-0.152671756,0.893129771,1.955460882537704,1.8362696264925316,3.5907534243982657,-0.8159457166666667,0.36698507048528806,0.8946761729842659,1.717557252,1.374045802,3.8264861416821443,-1.645484773360462,-0.72519084,-0.908396947,-0.664122137,1.9197529831055482,,,9.747842686214533,0.4075069434674434,9.756356847930501,10.254718150783246,1.2775843975836558,-0.6347334340109629,-0.5113164571634022,9.848397999001152,9.419224768397639,10.106596481350172,1.0510806759757312,1.0008734406155333,1.0519987325283306
94,846,855,9,2005-12-22 17:01:08,0,0.48495884733333333,0.38643946130589024,0.6200972027523282,0.828393774,1.02471831,-1.094443764341217,-0.8301110388082538,0.718260498,0.186747729,0.821211169,1.3359095482500785,1.2786594288609985,1.7081733399753998,0.36019433866666667,0.15478024004770852,0.3920419420377667,0.60573302,0.5219359619999999,-0.4891472082465196,-0.02439193317758923,0.320823022,0.258573779,0.51954176,1.545071980950568,1.088417834352951,1.6816838994256411,10.080919101555557,0.37024661821793015,10.087715920386017,10.71405243,1.2521674689999998,-0.5921925922753899,-0.008119794572952279,10.05325277,9.770736975,10.29746134,1.0620890313086866,1.000674226105972,1.0628051194604613,0.004240882111111111,0.07125691599915013,0.07138300329063131,0.145038168,0.213740458,0.31442815892259013,1.224763673852527,-0.015267176,-0.045801527,0.0,2.0318305662972236,16.83211214563306,34.199999952839995,-0.19592875311111113,0.5202177907689834,0.555890840119026,1.022900763,1.4045801519999999,-1.5033122718222498,-0.5587481333094059,-0.038167939,-0.763358779,0.320610687,1.8401108440300598,,,-1.037319762777778,0.28207445548683724,1.0749875760619472,1.511450382,1.06870229,1.4538054350172898,0.6318321406388245,-1.122137405,-1.183206107,-0.938931298,1.4060166048960006,,,10.107962803802751,0.3596079428037097,10.11435761260138,10.720652508484255,1.2218816827438932,-0.5552099590059907,-0.034277554046124606,10.079226723684181,9.819269015064261,10.331578004404559,1.0599439844926482,1.000632650606532,1.0606145586973275
95,855,864,9,2005-12-22 17:01:10,0,0.45117400166666666,0.9237455604626545,1.0280388320751201,1.786074438,3.114856359,-0.23990073011693624,-0.5068747165736602,0.684741675,-0.17238252,1.077390747,1.737360868358219,2.2785861514127066,3.9587264146473924,0.3607263833333334,0.3608587819611613,0.5102377721721902,0.916979236,1.165976209,-0.9671950635079591,-0.320079718039658,0.51954176,-0.002394202,0.56263739,1.7971606298299423,1.414473117982887,2.5420353995916476,9.980362631888887,0.5950907562895474,9.998088380896888,10.93192478,2.0087351929999997,-0.563745321387807,-0.09172907550924925,9.809044202,9.595960254,10.54645831,1.0934014947184674,1.0017760626203465,1.0953434442422678,0.13655640377777778,0.19215642253135665,0.23573659481032797,0.473282443,0.610687023,-0.5156388889887742,0.5320548506009609,0.152671756,0.022900763,0.183206107,2.007674894009561,1.7262946906096692,3.4658385099990356,-0.011026293444444439,0.6572880224833907,0.6573805014200294,1.129770992,2.236641221,-0.5912476688573189,0.04682844679679311,0.06870229,-0.496183206,0.480916031,1.7185952269036644,,,-0.8965224766666667,0.7000009815597766,1.1374330421405845,2.015267176,2.2900763360000003,-0.8653029796543978,0.046431520971998895,-0.664122137,-1.496183206,-0.564885496,1.7717677448576503,,,10.047002327529732,0.5802774571212583,10.063745709060369,11.033357478115992,1.9331717637568904,-0.7190053072406539,0.1662618831046047,9.850407010600497,9.712988142314064,10.562862275462821,1.0963470060836975,1.001666505190783,1.0981740740602353
96,864,873,9,2005-12-22 17:01:12,0,0.06677162399999997,1.1031075794067227,1.105126590719885,2.784456531,3.696647364,5.085073700956929,-2.1517526817655983,0.581791003,-0.167594116,0.773327136,2.51958151616476,16.55084187738021,41.70119527121283,0.38466840011111114,0.5986770283413284,0.7116066064249584,1.527500659,2.0925322509999997,0.08040984598567746,0.4433675024765853,0.371101257,-0.019153613,0.636857642,2.146552105065484,1.8499221828967793,3.9709543559044174,9.837774621333331,0.35370317544307395,9.84413101479601,10.41956562,1.1468225899999993,-0.3568172937382359,0.4151896686771477,9.844957227,9.591171851,9.923965881,1.0584545862239232,1.000646121069789,1.0591384760334972,0.09160305344444443,0.19673671010365404,0.21701717098597278,0.450381679,0.656488549,-0.25052479985037657,0.26091335409681143,0.114503817,-0.022900763,0.152671756,2.075327389781111,2.3691041163555724,4.916666661915896,-0.3469041558888889,1.0216981214349126,1.0789854237739323,2.709923664,3.854961832,2.6180321813249554,-1.1322828205656157,-0.389312977,-0.625954198,0.396946565,2.511547982290241,,,-0.806615776,0.5899138652857912,0.9993134536012734,1.465648855,1.900763359,0.4203860941919366,1.0787319100307136,-0.977099237,-1.198473282,-0.389312977,1.466655782245472,,,9.92392298965298,0.3877585276039849,9.931495566141715,10.527399719051575,1.2316651876321671,-0.9705679012351873,0.20580585404638407,9.878305738971099,9.672079260976517,10.279324082789943,1.0600014518398826,1.0007630628025461,1.0608102995184263
97,873,882,9,2005-12-22 17:01:14,0,1.0422757894444445,0.4782573882270443,1.1467645576384864,2.102109058,1.750161414,1.7158716699536294,1.0360528078144495,0.919373438,0.888248816,1.230619653,1.8330781536611482,1.1002505951421329,2.01684532950772,0.5538586506666667,0.32995809095611023,0.6446950804106554,0.981622681,0.8283937750000001,-2.067251689607696,0.14928274202373568,0.414196887,0.215478149,0.900219824,1.522615436082946,1.1640065197765728,1.772334294712999,9.519877845333333,0.7910346126257102,9.552686007005587,10.57758293,2.398990059000001,-0.6207537221648072,-0.6363933982796913,9.744400757,9.308656055,9.962273108,1.107288873751612,1.0034462796902732,1.1111049009084877,-0.022052586888888896,0.1550052560420758,0.15656610740885613,0.305343511,0.541984732,-0.009222389294991196,-0.1884094515705558,-0.030534351,-0.061068702,0.106870229,1.950252938221343,,,-0.003392705777777764,1.1051117093759162,1.1051169171867083,2.20610687,4.053435114,0.8613801650530641,-0.5938561017460579,0.198473282,-0.351145038,0.435114504,1.9962655857409888,,,-0.8524173026666667,0.7195216104636794,1.1154938842547557,2.305343511,2.396946564,0.26284453164004873,-0.5971161737014634,-0.870229008,-1.305343511,-0.41221374,2.0666572390400546,,,9.612993442604157,0.7582003153859164,9.642847641946949,10.624847624846021,2.3928358170296224,-0.4397766649614514,-0.6442163320919688,9.780620012234113,9.397400111845744,10.027894651972503,1.1018371356016572,1.003105609040622,1.1052590109712748
98,882,891,9,2005-12-22 17:01:16,0,0.3455631061111111,1.0053284162718423,1.0630611858537633,2.224213342,3.184288208,-0.5000495301625838,0.48565760609544406,0.088585461,-0.191536133,1.237802258,2.092272177366437,3.076315633972657,6.436489609758383,0.7980672201111111,0.64538527145728,1.0263690546922504,2.118868469,2.2601263670000002,0.4774977904369928,0.6754495614126728,0.684741675,0.392649072,1.144428394,2.064431365416924,1.2860684273554726,2.6549999995050544,10.050060503111112,0.5047988098973033,10.062730144183918,10.93910739,1.7956512500000006,0.022480196581957657,-0.13079869195219274,10.15620344,9.617508069,10.3788642,1.087091398980088,1.001260653213867,1.0884618442459797,0.1026293471111111,0.17489307303048196,0.20278158171416463,0.374045802,0.572519084,-0.9878816036330766,-0.22600072336181334,0.152671756,-0.045801527,0.229007634,1.8445748318860866,1.9758635070982598,3.644628096435626,-0.6030534351111112,0.8336819191824042,1.0289309928129136,2.022900763,2.786259542,-0.5464492207088325,-0.0272603754613769,-0.687022901,-1.007633588,0.099236641,1.966021800421961,,,-0.46649703133333337,0.737496104075057,0.8726511237423008,1.41221374,2.8015267169999998,4.588410953700858,1.779045247980559,-0.625954198,-0.763358779,-0.34351145,1.6183027805474246,,,10.16018895964465,0.46111905217776283,10.170647495413768,10.982065745205905,1.563780950797904,-0.48393691628446955,0.18004029335164964,10.15781891789906,9.770899188206027,10.52631501324675,1.0797803925618332,1.0010293642973234,1.0808918799468863
99,891,900,9,2005-12-22 17:01:18,0,0.10401476111111108,1.0184645516515618,1.0237622348474367,2.209848132,4.158728283,2.8157962405973596,0.07022736630412811,0.15801731,-0.289698401,0.409408484,2.158556016992868,9.842470663888072,21.245524273611384,0.427231985,0.4546519836195551,0.6238874860231101,1.501164441,1.501164441,2.5020544645400546,1.5016252199646647,0.301669409,0.067037646,0.550666382,2.4061460994657518,1.4603014472877307,3.5136986314355654,10.539275707333333,0.9718787759932306,10.583991722899855,12.5527993,2.923320223000001,0.5477400080422967,1.2871784545156992,10.19929907,9.830592017,10.74996545,1.186017490248067,1.0042427977793016,1.1910495226219044,0.07124681933333334,0.3223226639477661,0.3301030277951131,0.748091603,1.083969466,0.5442658136894947,0.8870321862621312,-0.038167939,-0.160305344,0.229007634,2.266236720083411,4.633231783312354,10.5,-1.3774385072222222,1.2981943469378239,1.8927877333710472,3.877862595,4.198473282,-0.1639093599540642,-0.8785726698578321,-0.709923664,-1.946564885,-0.549618321,2.0487572518728987,,,-0.7022900764444445,0.8738374364315856,1.1210723512698315,1.694656489,3.114503817,3.493594240551502,1.5318382154658634,-0.648854962,-1.099236641,-0.603053435,1.5116388224903357,,,10.599507436705478,1.0529233582526065,10.651676182607538,12.791575305175087,3.135359896180786,0.6499610932279589,1.3467937749546566,10.214486166331476,9.835634524140149,10.758713524077121,1.2008978761541453,1.0049218085098373,1.2068084655404463
100,900,909,9,2005-12-22 17:01:20,0,0.5807269138888889,0.6050161346052021,0.838622842312045,1.510741248,2.087743848,0.02751661058100563,-0.2560538837932246,0.598550415,0.237025964,0.960074866,1.801454923210719,1.4440915725708894,2.6014658729749383,0.4716577271111111,0.6259767820165354,0.7837779935462569,2.149993091,2.243366956,6.549093664457601,2.446962389932491,0.246602771,0.189141931,0.416591089,2.743114898228017,1.6617516230400224,4.558375634315674,9.705561486555556,0.36340686177361936,9.712362653674678,10.30703815,1.120486380000001,-1.124528619223113,0.40512761374377837,9.610325464,9.447519751,10.01733975,1.0612287161765244,1.0007007494752924,1.0619723716425504,0.1246819338888889,0.1608496757344018,0.20351462557304195,0.435114504,0.557251909,-0.018586006759829132,0.3766459026520441,0.076335878,0.053435115,0.229007634,2.138001152373377,1.6322703636791944,3.4897959185310286,0.3189143343333333,0.7013285612595433,0.7704337112832318,2.007633588,2.458015267,3.0507663137273653,1.5930260875657996,0.183206107,-0.099236641,0.618320611,2.605848574118197,2.4158014499215477,6.295212763630737,-0.9957591179999999,0.27495310308858595,1.0330224731234943,1.396946565,0.8549618319999999,-1.2838012464449307,0.3347394213620637,-1.145038168,-1.20610687,-0.801526718,1.352290585485646,,,9.77423893108899,0.3344216639123607,9.779958309282794,10.309240524619893,0.9973745885488032,-1.329157934707967,0.2147575631344446,9.776714490570415,9.539960222002637,10.052730187883625,1.0541190666257465,1.0005851481874064,1.0547358824868933
101,909,918,9,2005-12-22 17:01:22,0,0.4801704439999999,0.27104954997399144,0.5513905275140845,1.204283435,0.933738647,6.388908481523941,2.413167686988223,0.416591089,0.316034619,0.450109912,2.184084373791203,1.1483225059018514,2.5080332412129893,0.2644262722222222,0.22219002958740294,0.3453833561267708,0.603338818,0.758961926,-0.1830367181080197,-0.550912511664827,0.351947644,0.167594116,0.409408484,1.7468670892715175,1.3061612721920186,2.2816901396732536,10.008827030333332,0.21445036353197036,10.01112418670102,10.29746134,0.7469909179999998,0.8455049651335056,-0.8554702693454678,9.97903252,9.919177478,10.17535706,1.0286018980445129,1.0002295130449077,1.0288379755981312,0.030534351,0.09881164301772043,0.10342189026919116,0.198473282,0.312977099,-0.8247417186351265,0.21312515984990954,0.030534351,-0.053435115,0.076335878,1.9190645373373547,3.387066922404578,6.500000016375,-0.08396946566666667,0.7693909249724153,0.773959473483111,1.93129771,2.870229008,5.768149413488517,2.171893044575027,-0.145038168,-0.488549618,-0.06870229,2.495347335576149,,,-1.0313825276666666,0.205255189055839,1.0516081071437358,1.335877863,0.6488549620000001,-1.0638038579942082,0.19576708476926347,-1.061068702,-1.152671756,-0.847328244,1.2703190988403152,,,10.030278450398503,0.198602279803728,10.03224444768327,10.308468728837413,0.6736672685018945,-0.028666246266991102,-0.5688895898444147,9.984490932821458,9.93539428522227,10.186267643391794,1.0275336473901342,1.000196006251919,1.0277350504090799
102,918,927,9,2005-12-22 17:01:24,0,0.4559624051111111,0.42100010514394626,0.6205987458945779,0.974440076,1.458068811,1.7093726398484081,-1.0066097775248446,0.481234534,0.282515796,0.684741675,1.5701612071345208,1.3610743757335595,2.13710618480167,0.5150193794444444,0.29630215278740296,0.5941716308860514,1.015141504,0.974440076,-0.5232887703551388,-0.18699379195245366,0.608127222,0.289698401,0.622492432,1.7084987758270826,1.1536879088452732,1.9710743799486563,10.110447588666666,0.47369635213905226,10.121538355270184,11.35091007,1.6927005729999998,5.686065351229612,2.193394083540879,9.988609326,9.868899243,10.16578025,1.1214609550029215,1.0010969609907232,1.1226911539231788,0.022052586888888885,0.18233623167741614,0.18366496119514023,0.358778626,0.6183206109999999,-0.47570271522234275,0.29448298671354806,0.022900763,-0.099236641,0.152671756,1.9534407851414028,8.328499605081667,16.269230807600593,-0.06615776077777778,0.4899920395664597,0.49443811356895684,0.832061069,1.633587787,-0.2555226579451384,0.037296949925803874,-0.099236641,-0.20610687,0.320610687,1.6828416866855402,,,-0.8201865988888888,0.3901869666190464,0.9082686419316126,1.435114504,1.244274809,-0.6369403803606764,0.23574955834213832,-0.778625954,-1.167938931,-0.72519084,1.5800551045645985,,,10.14696832372156,0.47196953816155884,10.157938836573155,11.388151507356671,1.6749022234821407,5.855969521314876,2.2249894292546584,10.05158769634488,9.91129972042543,10.186806728971574,1.1211084936202014,1.0010811616338595,1.1223205931108975
103,927,936,9,2005-12-22 17:01:26,0,0.6222264093333334,0.8214654758661427,1.0305198845785757,2.446874097,3.0669723269999998,1.880644338878648,0.9645930189373171,0.517147559,0.035913025,0.866701001,2.3744074555151675,1.6561815267254512,3.932449764743404,0.6368576415555556,0.45627953502487983,0.7834402783175147,1.766920825,1.632845532,3.9122416341058486,1.7625133728552367,0.579396802,0.373495459,0.624886633,2.255335695523045,1.2301654674409244,2.774436090119309,10.146360613222223,0.5223427011653891,10.159797025089034,11.18810436,1.661575954,0.14653406137368385,0.78021610439692,10.14902084,9.682151514,10.22563529,1.1012133738864684,1.0013242592471336,1.1026716658799047,-0.003392705666666667,0.25351253983504607,0.25353524075630285,0.603053435,0.908396946,2.709802922708932,-1.4215131619219474,0.045801527,-0.106870229,0.183206107,2.3785783514791645,,,0.1865988124444444,1.8180910371853878,1.8276416870654695,4.801526718,6.4732824429999996,4.68674361208563,1.9311398674157032,-0.183206107,-0.297709924,-0.091603053,2.627170715124972,9.794497955926749,25.731818199162156,-0.4707379135555555,0.6371899602798207,0.7922153928951627,1.389312977,2.015267175,-0.5349942256029676,0.22475199762465548,-0.473282443,-0.847328244,-0.221374046,1.7537061125797306,,,10.230599448675227,0.48172649291503233,10.241934655777202,11.220245168411784,1.6731766906123493,0.7260728041742937,0.8274969228879028,10.185012088828227,10.01145580104353,10.24376408449068,1.095520089271683,1.0011079709609239,1.0967338937177047
104,936,945,9,2005-12-22 17:01:27,0,0.38706260166666673,0.5399206389334472,0.6643280469431279,1.273715283,1.640028137,-0.6602344978290771,0.43668261274177606,0.368707056,0.004788403,0.581791003,1.91729867323973,1.7163323040835614,3.290721649457901,0.5269903877777778,0.2814620151274146,0.5974443361266032,0.952892261,0.8020575560000001,-1.5324337519680982,0.36785055091602875,0.440533105,0.287304199,0.775721338,1.5949473505395733,1.1336911450053515,1.8081776880564606,10.25968615811111,0.36107894465100876,10.266038090091378,10.80503209,1.3551181369999998,2.0552124933458176,-0.985360109381617,10.24957731,10.19451067,10.50096848,1.0525026300485725,1.0006191156222888,1.0531542508693357,0.26378286688888886,0.6121072448130914,0.6665258284693814,1.946564885,2.091603053,7.61491151632964,2.69099175419119,0.053435115,-0.053435115,0.267175573,2.920464296890215,2.526797272053824,7.3794212185127845,-0.7659033077777777,0.7239800613321562,1.0539236244014336,2.091603053,2.625954198,0.40043410818790015,0.018449327250877397,-0.847328244,-1.129770992,-0.389312977,1.9845869326516967,,,-1.0398642917777776,0.7190515343569568,1.2642598049355178,2.045801527,2.1984732830000002,-0.7995841773060368,0.17168480943825962,-1.122137405,-1.41221374,-0.664122137,1.6181812622796656,,,10.29897564901741,0.34772134947172906,10.304843985035971,10.846878763547354,1.308071064603208,1.7569528805373889,-0.8494247927796899,10.309527149856725,10.208809620357659,10.51259570127444,1.0525999985345231,1.0005697980283235,1.0531997679383016
105,945,954,9,2005-12-22 17:01:29,0,0.3687070557777778,1.0644529511856815,1.1265012109484056,2.772485522,3.809174841,1.9107850843961645,1.0961018424227884,0.292092603,-0.189141931,0.665588062,2.46114739607411,3.0552743520789996,7.519480515911243,0.3798799968888889,0.7000100486483501,0.796443896482965,1.503558643,2.458845105,0.285091936495367,-0.1706213213750053,0.390254871,-0.067037646,0.612915625,1.8878399968153432,2.0965670817248028,3.957983192886505,10.10246691611111,0.6638203118046216,10.124252821689309,11.20725797,2.0757728380000007,-1.1010711401657458,0.229607481922222,10.0963484,9.488221179,10.46505546,1.1069713654315858,1.0021564936326053,1.1093585421326155,0.009329940666666666,0.0616782323979453,0.06237990176794502,0.106870229,0.190839695,-1.1991983260856696,-0.10565964794334332,0.007633588,-0.045801527,0.053435115,1.713215730886532,6.685991261531962,11.454545405826446,0.18575063611111112,1.449716378038514,1.4615679510610478,3.618320611,5.419847329,3.023473131650656,1.3347459988284036,-0.045801527,-0.374045802,0.748091603,2.4756430984773745,7.8684411620898915,19.479452058703135,-1.1119592874444444,0.7676048154125481,1.3511737895542857,3.175572519,2.65648855,6.62112454235838,-2.4836739187586163,-0.809160305,-1.183206107,-0.717557252,2.3502324745712633,,,10.199037788851058,0.6192343963195399,10.217818899158328,11.355088927137349,1.8662998745245893,-0.7126109023481257,0.6164311756217778,10.180565786097432,9.590790838617906,10.472704141200381,1.1113026213522634,1.001841459037224,1.1133490396074435
106,954,963,9,2005-12-22 17:01:31,0,0.7153342516666668,1.3531839974168565,1.5306240630777281,2.499546533,4.853046765,2.9329567742341958,-1.3776865753204335,0.557848987,0.502782349,1.704671582,1.6330244593006038,2.1397326627538202,3.4942357746413983,0.5934959893333334,0.4078247568538238,0.7201100760700635,1.039083521,1.343147132,1.2195357446773505,-1.3279452224916883,0.739808313,0.478840332,0.871489404,1.4429509536523994,1.2133360444085801,1.7507844023801906,10.374607837555555,1.5291366859824682,10.486693796782978,13.90791744,5.497087008000001,2.336272547038792,1.4526440189137708,9.916783276,9.629479077,10.24957731,1.3262442586305474,1.010803874323006,1.3405728349224,0.13570822733333335,0.18863107990682226,0.23237557374382029,0.374045802,0.6259541989999999,0.19694609847773137,-0.699074806888884,0.091603053,0.045801527,0.305343511,1.6096605851196837,1.7123175087465239,2.756250003039609,-0.5038167938888889,1.613163322125155,1.6900080667423885,4.259541985,5.633587787,2.262911400150869,-1.381754029070689,-0.099236641,-1.167938931,0.557251908,2.5204270138251896,,,-0.7871077184444445,0.5177656818441637,0.942135797924254,1.549618321,1.6564885500000002,-0.6416038454254833,0.09735537672059537,-0.709923664,-1.129770992,-0.549618321,1.6447929527931882,,,10.506437448160554,1.5642530100678576,10.622246246986407,14.145631092515783,5.469016859129988,2.386471289903306,1.587857906084045,9.967012050880589,9.712319174464541,10.301675800919384,1.3316986599260001,1.0110226515312408,1.346377510198985
107,963,972,9,2005-12-22 17:01:33,0,0.9063383397777778,1.5136064337930843,1.7642147325569404,4.88895979,5.1978118040000005,5.784221217919402,2.271583921339574,0.572214197,-0.076614453,1.122880579,2.771181818051283,1.9465299603120647,5.394188434308879,0.5852492946666668,0.2819902760167345,0.6496424036928508,1.295263098,0.931344446,4.2081112989068306,1.9669134339907837,0.457292517,0.383072266,0.62009823,1.9938093490159503,1.1100268033007363,2.2131818180792973,9.830858039111112,0.6069766274868398,9.84957818444378,10.56082352,2.195482919,3.211344642035151,-1.5869367331812971,9.931148486,9.751583362,10.21845269,1.07221074062639,1.0019042229333586,1.0742524689080843,0.09075487711111112,0.19816131456332395,0.21795493641786942,0.374045802,0.65648855,2.419788585058365,-1.6667700707971413,0.160305344,0.083969466,0.229007634,1.716161185185862,2.4015782220830664,4.12149532792663,0.7048346055555554,2.371329264710861,2.47386222390472,6.580152672,7.870229008,3.7702246672348885,1.9506000375946533,-0.183206107,-0.358778626,0.488549618,2.659870306606627,3.509847848566977,9.335740073110454,-0.859202714111111,0.4889220262840529,0.9885717231044007,1.427480916,1.65648855,1.5694048519299333,1.002965015370498,-0.839694656,-1.335877863,-0.748091603,1.443983155331712,,,10.022100503919408,0.3258539182762768,10.027396436100332,10.642287241237081,1.0750304452462203,-0.5239111769869345,0.44646494985840746,10.003306039602789,9.77586576801574,10.241908355339312,1.0613210826015653,1.0005284253713933,1.0618819115888065
108,972,981,9,2005-12-22 17:01:35,0,0.7661445312222224,1.3512237283802766,1.5533135571608245,2.274491577,3.493140222,-1.7436668586858106,-0.44436296128473596,0.974440076,-0.885854614,1.977610571,1.46428360617502,2.0274419432099053,2.96874999991389,0.5429517321111111,0.8028324407690698,0.9691937429398095,1.604115112,2.48039292,-1.0059795941811753,-0.4471523072405887,0.787692346,-0.208295544,1.06781394,1.6551026290515594,1.7850458624956942,2.954434099994232,10.001378402111111,0.46431054384745446,10.012150329641607,10.98459722,1.5227122589999986,0.9300938451072893,1.3237216336428332,9.82101521,9.737218152,9.998186133,1.09712667692168,1.0010770442930368,1.098308330947797,0.06955046644444446,0.17412630171907786,0.18750263020289376,0.389312977,0.587786259,-0.5037615784868752,0.3174260674964418,0.091603053,-0.06870229,0.190839695,2.0763067514238616,2.695921965565352,5.597560978415228,-0.4834605597777778,1.352948007031025,1.436733246845031,2.236641221,4.061068702,-1.2375136676783258,0.3450705145867621,-0.27480916,-1.717557252,0.198473282,1.5567546904837855,,,-0.8473282443333332,0.9561337456701563,1.2775589588172642,2.816793893,3.465648855,0.9409818851619791,-0.5730990364836656,-0.801526718,-1.221374046,-0.534351145,2.204824969962815,,,10.168133838166503,0.4520265375939509,10.17817634655422,11.16779592838886,1.4363318596524088,1.3242480821531233,1.465313412473889,9.976566784921063,9.866663065425486,10.255750821739369,1.0972295574510922,1.0009876451812645,1.0983132309362498
109,981,990,9,2005-12-22 17:01:37,0,0.48575691466666665,0.6055131640395816,0.7762769943594261,1.316810913,2.176329309,1.5677892652864855,-1.042248706892393,0.50517655,0.268150586,0.916979236,1.6963157771880328,1.598077085309467,2.7108433729731147,0.5006541694444444,0.3146337774646758,0.5913112643133036,0.995987891,0.8643067999999999,-1.1530966900701878,0.5211074563270662,0.488417139,0.186747729,0.665588062,1.684371584154839,1.1810772792913273,1.9893730079292204,10.075066607555556,0.4210777572108157,10.083862039134544,11.07797108,1.486799228999999,2.926706771455623,1.430073893328872,10.0987426,9.842563025,10.15380924,1.098584157241284,1.0008729899187359,1.0995432101354385,0.12468193388888887,0.14084837156432384,0.18810594996064076,0.305343511,0.381679389,-1.4851542104225368,-0.38070199591397663,0.183206107,-0.038167939,0.190839695,1.6232528054742021,1.508686496058624,2.448979587308205,-0.35708227311111107,0.6346831102963965,0.728237873407931,1.648854962,2.2442748089999998,0.5421829591071914,-0.7341778252437012,-0.229007634,-0.671755725,0.0,2.2641708461053556,,,-0.966072943111111,0.33762961933161345,1.0233722154042362,1.610687023,1.1526717560000002,-0.161940352684681,-0.586852496371717,-0.908396947,-1.198473282,-0.72519084,1.5739014590734928,,,10.12247728345094,0.41470743132215954,10.130968789191593,11.121994714260914,1.5070772852897019,3.2666845890752505,1.4929397926017722,10.099703527113906,9.878926910853222,10.231103043971661,1.0978214369909634,1.0008388762456928,1.0987423733164674
110,990,999,9,2005-12-22 17:01:39,0,0.6594695461111111,0.5478661553602578,0.8573548894344891,1.632845532,1.754949817,-0.8615379704652635,0.21889570520960844,0.581791003,0.160411511,1.108515369,1.9045153321246282,1.300067447375405,2.475998386322587,0.715600274,0.2668182193937223,0.7637248944150712,1.247379065,0.943315454,0.2868482891912061,0.5155499702416699,0.660799658,0.502782349,0.881066211,1.6332832334283858,1.0672507014929835,1.743122676613173,9.975308207777779,0.7665078257950289,10.004714293130199,11.58793604,3.023876702000001,2.128451016924644,0.33434484228553435,10.06043538,9.636661682,10.16099185,1.1582475721427579,1.0029478873975535,1.1616619555639245,0.1111111111111111,0.13872287726951874,0.17773495911125545,0.290076336,0.442748092,-0.04928186970670634,-0.8954536920006843,0.122137405,0.091603053,0.20610687,1.6320724828165236,1.5996146320012992,2.610687024,0.16454622566666666,0.9897604662798776,1.003345025896728,1.885496183,3.725190839,1.3417284908868456,-0.4257747093825028,0.152671756,-0.251908397,0.473282443,1.8792101762948987,6.097648377114876,11.458762881742349,-0.9787955894444446,0.3058261193616391,1.0254610773694421,1.351145038,0.9083969460000001,-1.1870412048837884,0.691759612258951,-1.160305344,-1.213740458,-0.679389313,1.3175975839726817,,,10.04298203678196,0.7423968055057175,10.070384362473474,11.655519107073118,2.9146508365798685,2.2679501613305124,0.5655518827698022,10.151135808263183,9.663016289805478,10.174688069866992,1.1574055852829739,1.0027285048993568,1.1605635720929615
111,999,1008,9,2005-12-22 17:01:41,0,0.923097751222222,1.5162765194549437,1.7751630746953706,4.781220715,5.372588525,4.598447688846923,2.0206438173636303,0.421379492,0.083797058,1.395819568,2.693398022500264,1.9230499395594634,5.1795389043787115,0.11837997100000003,0.583036156885142,0.5949327506276292,1.063025537,1.7166425899999997,0.4734560592046062,-1.324643590629423,0.294486804,0.088585461,0.524330164,1.7867994926797228,5.025620006509623,8.979775278032461,9.708221709222222,1.4102303682509243,9.810113070039039,10.78827268,4.867411974,6.596129217503195,-2.4645633659065735,10.13465563,9.756371765,10.58955394,1.0997093104816853,1.0104953681393603,1.1112511645414727,0.05767599644444443,0.1437202346793008,0.15486131351029173,0.312977099,0.43511450399999996,-0.32228201626543473,0.9119797882518473,-0.015267176,-0.022900763,0.091603053,2.021015396974534,2.685021899178797,5.426470599454153,0.3969465650000001,1.6714865335441569,1.717973750464413,4.053435115,5.732824428,1.3993631654745045,1.3429750938606135,-0.053435115,-0.618320611,0.229007634,2.359427851504862,4.327972331652278,10.211538459842824,-1.1594571670000002,0.5611185455058555,1.288097412550104,2.557251908,2.045801526,4.075365116939832,-1.8511028015192306,-1.053435115,-1.091603053,-0.839694656,1.9852938784631935,,,9.944527785158325,0.9218646845910266,9.987165131631802,10.930012030037306,3.281004590537644,4.012725266153838,-1.8012649698041832,10.146995535244885,9.757630475720818,10.611575776869715,1.094405858517276,1.0042875184618731,1.099098143840451
112,1008,1017,9,2005-12-22 17:01:43,0,0.22106462011111117,0.5645128354993686,0.606254325929644,1.122880579,1.7645266240000002,-0.6680989924777965,-0.24133524902025255,0.380678064,-0.110133276,0.457292517,1.8521609347333723,2.7424303609728655,5.079422380820683,0.5115610880000001,0.1776555710376032,0.541531392143097,0.861912598,0.608127222,0.19781299408119324,0.387325855000051,0.553060583,0.383072266,0.581791003,1.5916207453625215,1.0585859731049303,1.6848673955435793,10.140508120111111,0.3922207881879436,10.148090563289538,10.78587848,1.1420341929999989,-1.3717852931139065,0.6413726753409802,9.998186133,9.859322437,10.58237134,1.0628480710467487,1.0007477379918852,1.0636428029290723,0.041560644555555554,0.199874712486802,0.20414991517890715,0.328244275,0.633587786,-1.01333726504612,-0.08583311816677759,-0.045801527,-0.06870229,0.236641221,1.607858983004438,4.912096945609515,7.897959199386922,-0.3087362173333333,0.7086878177255865,0.7730177713907679,1.389312977,2.48091603,0.5390147951123305,0.3812902638608951,-0.374045802,-0.534351145,-0.045801527,1.7972587803517506,,,-0.7438507208888888,0.5405446362458454,0.9195120438260028,1.671755725,1.694656488,-0.7674008143470852,-0.2584239274891908,-0.809160305,-0.969465649,-0.282442748,1.8180900796513575,,,10.173497485462782,0.3801204419568286,10.180596379245717,10.789425885601192,1.0589340726372143,-1.4806557061098453,0.6940767605224281,10.01021640921564,9.874242930552352,10.607865420742764,1.0598029313485644,1.0006977830183847,1.0605424438368938
113,1017,1026,9,2005-12-22 17:01:45,0,0.24660277088888893,0.8084330338696318,0.8452081973465089,1.723825195,2.7198130860000003,-0.5450818610868948,0.22483349458638288,0.320823022,-0.337582434,0.821211169,2.03952730275436,3.427407544124197,6.990291263907569,0.403555991,0.3018490499216913,0.5039546475731916,0.754173523,0.950498059,-0.20353219226924235,-0.8113521716844692,0.452504114,0.272938989,0.66319386,1.4965107011746883,1.248784948835493,1.8688200393982008,10.071608317111112,0.3652358800512476,10.078228581520591,10.85531033,1.1803414209999996,0.5916971459409908,1.0130169020409545,9.897629663,9.768342773,10.29506714,1.0771049934215884,1.000657319486723,1.0778129955230111,0.11195928744444444,0.12899533701647092,0.17080596891520108,0.358778626,0.473282443,0.5898322254119233,0.2200390027618851,0.106870229,0.06870229,0.198473282,2.100504029681307,1.5256078599103007,3.204545457455062,-0.5971162001111111,0.6096022785773708,0.8533244954188617,1.435114504,2.091603054,0.4242491989248691,0.7609851826971703,-0.664122137,-1.076335878,-0.297709924,1.6817922275810935,,,-0.8939779473333334,0.7912254099351206,1.1938317384143042,1.984732824,2.893129771,2.0963702434308784,1.0985253925326979,-0.770992366,-1.526717557,-0.618320611,1.662489578838139,,,10.119835333432507,0.35773083353528756,10.126156157449424,10.921061319101044,1.205352632222052,1.3462825966674403,1.2090099570980033,9.908426349630366,9.885325525268083,10.304543255634108,1.0785001879579783,1.0006245975165264,1.0791738164969502
114,1026,1035,9,2005-12-22 17:01:46,0,1.1396399903333334,0.9170170893502609,1.4627712226207437,2.712630481,2.8874072020000003,-1.0955872309229346,0.29015801780062295,1.122880579,0.500388147,2.013523596,1.8544461629071238,1.2835379900918513,2.3802521006713557,0.4277640297777777,0.43367151919781216,0.6091412412035996,1.204283435,1.544260071,0.38808355539635375,-0.2687124498771313,0.541089575,0.232237561,0.603338818,1.9770183884126142,1.4240123030448513,2.8152985084454674,9.398571627888888,0.51660428088092,9.412758821279896,10.14183823,1.5634136820000002,-1.0768594533334936,-0.03500399734697124,9.457096558,9.038111267,9.665392102,1.0774565058515935,1.0015095052687484,1.0790829321240236,0.03392705688888889,0.24720232363791544,0.24951960644632035,0.450381679,0.854961832,0.5104089762087867,-0.24319231000443145,0.007633588,-0.106870229,0.106870229,1.8049951481343471,7.354590386767029,13.274999964629998,0.3791348602222222,1.3443015642334089,1.3967426168897812,2.580152672,4.5343511450000005,-0.43631047462806105,-0.10288614804529472,0.694656489,-0.679389313,0.839694656,1.8472642280690168,3.6840258267760153,6.805369125085718,-0.9346904155555555,0.4821343950700933,1.0517127686973387,1.770992366,1.969465648,3.8139731905463012,1.0333244821501342,-1.007633588,-1.106870229,-0.877862595,1.6839125840352474,,,9.537052454106096,0.39422305446770944,9.545196767434652,10.161271933916476,1.1277980460533286,-1.1438537738989378,0.42246080296802313,9.487193181929447,9.262595037626353,9.707134662982929,1.0645429509199524,1.0008539654539752,1.065452033824311
115,1035,1044,9,2005-12-22 17:01:48,0,0.3314639186666667,0.6956227028653664,0.7705577681910556,1.055842932,2.078167041,-0.07312791414206021,-1.0618958988409621,0.567425793,0.177170923,0.835576379,1.3702320261836742,2.3247108502508205,3.185393258630354,0.5025163263333332,0.33524607679127966,0.604079953512359,1.127668982,1.0103531010000002,-0.4294128549961602,0.8299383842392967,0.47644613,0.234631763,0.612915625,1.8667545172510494,1.2021101044021718,2.244044467625885,10.093954199888888,0.5609248825785216,10.109527591007913,10.94628999,1.649604944,-1.2300314978160753,0.2913862069972988,10.10353101,9.6629979,10.3836526,1.0827696834950389,1.0015428434497153,1.0844402276087695,0.08651399477777778,0.14020333134043642,0.16474721670294026,0.251908397,0.488549618,3.077900019695485,-1.61835685499661,0.129770992,0.030534351,0.183206107,1.5290601082154984,1.9042840077621486,2.9117647109818336,-0.4783715013333333,0.9273753242318807,1.0434866004324603,2.061068702,2.839694656,-1.0582454179990912,-0.103313322601572,-0.770992366,-0.977099237,0.198473282,1.9751750536574357,,,-1.0,0.7834092790862823,1.2703267684176731,2.312977099,2.5801526719999996,-0.843722310557121,-0.03230958924087686,-0.755725191,-1.595419847,-0.549618321,1.8207733289609085,,,10.14134228555474,0.5607108211232293,10.156831197657336,11.010997988029331,1.653468537347079,-1.2896355453018264,0.265260770258052,10.220948121385359,9.68035451116853,10.410105003597653,1.0840977637364897,1.0015273039471961,1.085753510530191
116,1044,1053,9,2005-12-22 17:01:50,0,0.8265316174444446,1.2725455364953402,1.5174078743335766,3.10049115,4.039018201,-0.641377649778506,0.10341411979647948,0.998382092,-0.399831677,1.582567297,2.0432813104793532,1.8358739609081796,3.7512069527193854,0.4346806123333333,0.7201760638392616,0.8411901079218025,1.642422339,2.715024683,1.425750735988478,-0.4823218950449243,0.378283862,0.110133276,0.74938512,1.9524983990333378,1.935191227891109,3.7784577742807492,9.922103724666666,0.6555769104081696,9.943737899226049,11.13064352,2.1308394789999987,-0.36100268263153446,0.2826371147964399,9.84974563,9.617508069,10.40041201,1.1193621184309706,1.002180401975198,1.1218027778049593,0.07379134866666666,0.13895086953185676,0.15732929568807152,0.259541985,0.389312977,-1.296168439583938,-0.30743747082741213,0.083969466,-0.045801527,0.167938931,1.6496735961659685,2.1320832120682054,3.5172413797776456,-0.04495335033333328,1.3470077707177888,1.3477576703845162,2.152671756,4.229007634,-0.8032262461771822,0.23198638901567611,0.007633588,-1.282442748,0.480916031,1.597224637115841,,,-1.1331636979999997,0.9215490478841497,1.4605863939258157,2.610687023,2.8244274810000003,-0.8677626612965699,-0.5120700663308241,-0.816793893,-1.839694656,-0.72519084,1.7874238962221902,,,10.075884383285128,0.6038251054157565,10.093961108665889,11.195250611435823,2.0909173243866412,-0.24583024006416654,0.2818531237241272,10.116654845909462,9.674590308266115,10.572065297528017,1.109103798886688,1.0017940584362746,1.1110935959137849
117,1053,1062,9,2005-12-22 17:01:52,0,-0.01808952366666664,1.9749011839945776,1.974984029659397,4.367023828,6.979097839,1.3057646874977653,-1.0387536320073825,0.361524451,-1.072602344,1.412578979,2.2111691853797577,,,0.4094084841111111,0.5333824217982044,0.6723928277022856,1.256955872,1.924938135,0.6266207025058579,-0.5039567932977072,0.438138904,0.134075293,0.76375033,1.8693772750302753,1.6423519633750483,3.0701754379346706,9.529720674222224,1.1569756400394708,9.59969628479689,11.95424889,4.211400721,1.3802498367915694,0.45195358569464883,9.574412439,9.220070593,9.909600671,1.2452736560980615,1.007342881598193,1.2544175531121384,0.1535199318888889,0.20405298523849008,0.25535463628434185,0.534351145,0.618320611,-0.7241057683998231,0.7848300322790159,0.045801527,-0.015267176,0.27480916,2.0925844651788137,1.663332136371429,3.4806629890035405,-0.4156064462222222,2.952051195424184,2.981163359922905,8.183206107,10.908396947,5.957229018471967,-2.20221546599643,-0.083969466,-0.251908397,0.496183206,2.7449707107669616,,,-1.3757421543333335,0.49928278027422335,1.4635401497355922,2.480916031,1.610687023,1.1815314986742926,-1.14000940186718,-1.320610687,-1.648854962,-0.954198473,1.6951472301243051,,,9.74014097643109,1.2792562494458921,9.823789634988033,12.730743805660389,4.864314883997455,2.9750874341520177,1.1542741092673845,9.687967724099256,9.358503396651642,9.95850070575936,1.295909651843425,1.008588033659816,1.3070389675535368
118,1062,1071,9,2005-12-22 17:01:54,0,0.7972691528888889,0.42552626852875347,0.9037204807661334,1.719036792,1.374271753,0.8651226754043604,1.1732553723087151,0.70628949,0.474051929,1.000776294,1.9021775300950114,1.1335199380178202,2.156156156012188,0.41925131299999996,0.3283858857923246,0.5325494844987023,0.871489404,1.072602343,-0.28882884870164194,-0.3886107900471088,0.445321509,0.198718738,0.632069238,1.6364477468612093,1.2702392765045494,2.0786802020104824,9.753179495777779,0.5406526979172912,9.76815313232882,10.41956562,1.6448165360000004,-0.15245329861407964,-0.7790535824325854,9.904812268,9.698910925,9.988609326,1.06668737465993,1.0015352569444171,1.0683250138593987,0.006785411222222226,0.11483945401598313,0.1150397409773847,0.229007634,0.358778626,-0.018437505283655398,-0.9259043303916787,0.061068702,-0.076335878,0.091603053,1.9906828027804746,16.953982184694937,33.750000773718746,0.10093299400000001,0.9480533438452682,0.9534110404510734,1.946564885,3.374045801,0.7041524295794197,0.7443948582109892,-0.145038168,-0.221374046,0.145038168,2.0416848582737726,9.4459799780741,19.285714292791113,-0.7972858353333332,0.3763170577411073,0.8816344090211629,1.778625954,1.328244275,5.482701712351004,-2.181100172688329,-0.671755725,-0.86259542,-0.534351145,2.017418938962154,,,9.812008969419258,0.49154375334997097,9.824313476137725,10.4444110491319,1.4604919287984615,-0.3119510680826183,-0.664588024572027,9.922809723884967,9.752480337634625,10.03510111893993,1.0631186672229394,1.0012540252212176,1.0644518448447844
119,1071,1080,9,2005-12-22 17:01:56,0,0.39743747555555553,0.5522913473083662,0.6804280118334806,1.266532678,1.970427966,0.39600489625438584,-0.39806298155501385,0.222660754,0.155623108,0.816422766,1.8613764512533844,1.7120378768568527,3.1867469876351873,0.541089575,0.15916189733287495,0.5640127992663653,0.744596716,0.569819995,2.2437045376305527,-1.3865628265474796,0.581791003,0.53390697,0.608127222,1.3201769835162034,1.0423649342465438,1.3761061946166677,9.993929774333333,0.3219225061349452,9.999113282399719,10.51772789,1.0414777189999995,-0.15099213289629088,0.5005621246796589,9.866505042,9.861716638,10.0891658,1.0518660598148375,1.0005186656483918,1.0524116266067727,0.11280746388888889,0.13912678959485328,0.17911389530690672,0.328244275,0.43511450399999996,-0.9833044358500369,0.20661474756183099,0.099236641,0.015267176,0.213740458,1.8326008400273048,1.5877840803453145,2.909774439422805,-0.4088210348888889,0.8976103230679473,0.9863259758547205,1.885496183,2.641221374,-1.3813528970988518,-0.32860474394712763,-0.122137405,-1.328244275,0.13740458,1.9116359389866882,,,-0.7379134860000001,0.3082978367322188,0.7997273716426354,1.236641221,0.839694656,-1.713742772165841,-0.40101093693426176,-0.625954198,-0.954198473,-0.442748092,1.546328492496069,,,10.03336051144063,0.30827909230154565,10.0380953946098,10.558782470658722,0.9966713423553646,-0.11728708122422393,0.6531587135185446,9.924795297297468,9.894742474634812,10.106307788811643,1.0518711025926808,1.0004719139877183,1.052367495279271
120,1080,1089,9,2005-12-22 17:01:58,0,0.14604630122222226,0.6035984509495034,0.6210157905313938,0.921767639,1.807622253,-0.40877344600624266,-0.8599822651208784,0.354341846,-0.074220251,0.596156213,1.4842901791776622,4.252184309594146,6.311475410783938,0.5788647572222222,0.1930259755805519,0.6101995037713207,0.754173523,0.624886633,2.114418724326657,-1.4863821862850823,0.672770667,0.459686719,0.739808313,1.235945814997967,1.054131377248571,1.3028492641684142,10.273785346555554,0.5041807517382761,10.286149113128927,11.36527528,1.5466542720000014,0.8775028184199059,1.2520900729888271,10.07480059,9.840168823,10.42674823,1.1049106089171612,1.0012034285471536,1.1062402898859849,0.14588634422222221,0.19410086990922584,0.24281262967572945,0.526717557,0.656488549,0.20148598049005795,0.7288376021538499,0.099236641,0.061068702,0.190839695,2.1692345974895084,1.6643958759146347,3.61046511795288,-0.6658184902222222,0.7643655595866372,1.0136907667548285,1.946564885,2.2900763349999997,-0.6185737670823044,-0.650537124464284,-0.641221374,-0.908396947,0.0,1.92027484992452,,,-0.8761662426666667,0.5791448970452067,1.0502742958685256,1.618320611,2.076335878,2.236507793236136,1.410117817560814,-1.0,-1.213740458,-0.832061069,1.5408552007470846,,,10.31043471900367,0.5077435663588893,10.3229292172336,11.409011020546398,1.573911230053998,0.8637541295183118,1.2229181756793814,10.13428911347344,9.867046496222777,10.483332599088781,1.105210621952114,1.001211830400022,1.1065499497822229
121,1089,1098,9,2005-12-22 17:02:00,0,0.3072558796666667,0.6617108314768811,0.729566583721844,1.343147131,1.977610571,-1.4051415053912804,0.32235990805817527,0.258573779,-0.177170923,1.003170496,1.8410206291905646,2.3744593090076274,4.371428571056615,0.36551478666666665,0.18680569977561115,0.410484383065464,0.7206547,0.600944617,-0.4198487205686483,0.5339392307045078,0.366312854,0.251391174,0.49081134,1.7556202616484684,1.123030854124672,1.9716157219576598,9.929286328888887,0.5751798154960539,9.945931772398897,10.75714806,1.8028338510000008,-1.0536662546445754,-0.032210995367320756,9.751583362,9.603142859,10.33098016,1.081562623408731,1.0016763987822146,1.0833757536735023,0.03392705666666666,0.11121142245837835,0.11627134496202886,0.20610687,0.40458015199999997,0.8974272176975839,-0.7581522684107891,0.061068702,-0.045801527,0.099236641,1.772636844162326,3.427097909034516,6.07500002210625,-0.006785411333333349,0.678625948970398,0.6786598709389968,1.267175573,2.4045801530000004,0.08137352162956635,0.33372412725203804,-0.13740458,-0.465648855,0.465648855,1.867173273773695,,,-1.2968617471111112,0.46800588732157855,1.3787240121531725,2.106870229,1.633587786,-0.29026617277802025,-0.053517808371862964,-1.13740458,-1.671755725,-1.022900763,1.528130510840724,,,9.965608368145213,0.5558538502089782,9.981098318824339,10.782066747542608,1.7543335643318532,-0.9963050004675971,0.020423096579001668,9.757642225202014,9.616554394264176,10.335556981829058,1.0802485260772998,1.001554340699223,1.0819276003266576
122,1098,1107,9,2005-12-22 17:02:02,0,0.08539319255555554,0.7546146534028023,0.7594308872208595,1.422155786,2.2864625849999998,-1.1927528967519518,0.5896692888265859,-0.270544788,-0.502782349,0.833182178,1.872659921963913,8.893342250048622,16.65420560397442,0.4378728814444444,0.19301167668429658,0.4785249916576395,0.694318481,0.603338818,-0.20966746743773967,-0.9095858302479779,0.509964954,0.378283862,0.565031592,1.450955526052754,1.092839981501236,1.5856622102506077,10.163386045666666,0.3857711969601119,10.170704760716239,11.09712469,1.2497732619999997,3.149513923692651,1.8721709218513716,10.01015714,9.923965881,10.08198319,1.0910870928887844,1.0007201059781345,1.0918727912270387,0.042408821111111106,0.19261636446539157,0.19722974412572458,0.351145038,0.6259541980000001,-0.5006891212615887,-0.308609195318485,0.015267176,-0.007633588,0.183206107,1.7803858112606066,4.650677358113367,8.279999981136001,-0.8329092452222222,0.68179563028475,1.0763749775296856,2.06870229,2.435114504,0.25282499061817987,0.03473283463022131,-0.908396947,-1.20610687,-0.511450382,1.9219159987792886,,,-0.9279050042222222,0.5529199570310646,1.0801519225293617,1.648854962,1.916030535,1.018984233081409,0.9723826368115301,-1.022900763,-1.404580153,-0.58778626,1.5265028257681774,,,10.20303642558765,0.3834116167953094,10.210237840998708,11.145308315829896,1.259721562985094,3.5396277836868357,1.9760823077941887,10.055284699542565,9.981508557215834,10.096029317744696,1.0915816545503434,1.0007058110067115,1.0923521048968494
123,1107,1116,9,2005-12-22 17:02:04,0,0.2726729667777778,0.6888530923855033,0.740857023791005,1.544260071,2.3678654420000003,-0.36722078612731224,0.22296242408081515,0.371101257,-0.280121594,0.727837305,2.08442387857503,2.717016771210717,5.663414636400448,0.4453215087777777,0.45479749592853946,0.6365155210071364,1.39821377,1.702277381,1.2080355997873777,0.5920451637427996,0.356736047,0.148440503,0.667982263,2.1966687753154157,1.4293392716514113,3.139784947368734,10.116832125999998,0.30180895640116406,10.12133296121759,10.46984386,0.8738836059999997,-1.0741809723943745,-0.7484905202888043,10.21127008,9.871293445,10.35731638,1.0344333004474624,1.0004448858260704,1.0348935051608468,0.019508057666666672,0.07743994710952072,0.0798593120572132,0.13740458,0.251908397,0.11457363031068812,-0.8698038378885651,0.038167939,-0.007633588,0.083969466,1.72058306614963,4.093657780890633,7.043478256412096,-0.5275657336666666,0.8716002203710642,1.0188290079744178,2.27480916,3.114503816,0.5043102250235165,-0.5322047977460939,-0.312977099,-1.076335878,-0.114503817,2.232768346989507,,,-0.5928753181111112,0.5725247385742093,0.8241879149228153,1.41221374,1.816793893,-0.8717797375117771,0.551868079202019,-0.79389313,-1.015267176,-0.099236641,1.7134608678801764,,,10.164417470260181,0.2828772530316216,10.168352966435277,10.474274631886288,0.8385373640283529,-0.8308195428553193,-0.8453675176081777,10.339408309978907,9.927496195608722,10.370100257258484,1.030085665442656,1.000387183642015,1.0304844977621896
124,1116,1125,9,2005-12-22 17:02:06,0,0.6485626275555556,0.5979387239961499,0.8821361570165402,1.790862842,2.0111293949999998,-0.16396680749300607,0.6260013979422919,0.538695374,0.263362183,0.943315454,2.030143337573704,1.3601402848963524,2.761279737547929,0.4365427694444444,0.3731713165162765,0.5743051636758252,0.849941589,1.101332763,-0.967164093658345,-0.5443502954533689,0.497993945,0.15801731,0.794874951,1.4799476702594334,1.3155759386570547,1.9469835454648754,9.879806161555557,0.4459919396999088,9.8898674713157,10.49857428,1.5945383060000005,1.4312571867846389,-0.9503396138536083,9.888052856,9.813832605,10.2376063,1.0615485303973766,1.0010183711700027,1.062629580816292,0.07718405422222223,0.22381574213828456,0.23675063813026995,0.389312977,0.6793893129999999,-1.5232965912467002,-0.1410942263935413,0.045801527,-0.099236641,0.282442748,1.6444009615964963,3.067351676664149,5.043956046661152,-0.1060220525555555,1.1070044341495675,1.1120699136542167,1.839694656,3.267175572,-1.1053061210492316,-0.4845447655054903,0.267175573,-0.809160305,0.748091603,1.6542976600768182,,,-1.0178117048888888,0.3654744856774518,1.081439904150954,1.648854962,1.053435115,-1.2647943081143587,-0.4208321882888766,-0.961832061,-1.251908397,-0.65648855,1.5246847796822585,,,9.937572252354759,0.4026499099190385,9.945726178652267,10.530926144208555,1.4472035694376775,1.0699793059628249,-0.7518606320963872,9.929698756720004,9.833234846033958,10.274347302528257,1.0588393401391218,1.0008205149195848,1.059708133615149
125,1125,1134,9,2005-12-22 17:02:07,0,0.963001112111111,0.8821128917112181,1.3059457475907503,3.315969299,2.9352912349999998,6.270708618692391,2.440363983900184,0.600944617,0.47644613,0.916979236,2.539132506168349,1.3561207055387807,3.443370165721474,0.49692985566666675,0.30510415871515,0.5831190522682084,1.048660327,1.0558429319999998,-0.17209682240537916,0.11979063300029644,0.452504114,0.337582434,0.718260498,1.7983640269014287,1.1734433856583495,2.1102783723733958,9.30839003177778,1.138870972978161,9.377801025655861,10.03888756,3.8474820669999987,7.402801551844023,-2.6509033276190532,9.727641345,9.241618408,9.945513696,1.070494834827006,1.0074568205286973,1.0784773226872084,-0.05173876166666666,0.18234806774438447,0.18954608217768779,0.442748092,0.557251909,0.8728279395106897,-1.3533624452947268,0.038167939,-0.091603053,0.091603053,2.3358335182309435,,,0.6072943173333333,0.7823847069008065,0.9904202226618862,2.0,2.473282443,-0.7062303830017562,0.29180173819264216,0.580152672,-0.038167939,1.106870229,2.0193448742643136,1.630873522760566,3.293296088759933,-0.8778625954444444,0.7248202258065044,1.138423074352698,1.961832061,2.1908396949999998,-1.1152473247469867,-0.20128069640481447,-0.93129771,-1.290076336,-0.267175573,1.7232890875086035,,,9.445480045354891,0.8783967864030684,9.486236039734656,10.07258394072977,2.971257103294045,6.3208738687093735,-2.410598122194673,9.751749420081815,9.272184489373185,10.038709407228408,1.0618103849133733,1.0043148674481408,1.0663919559793338
126,1134,1143,9,2005-12-22 17:02:09,0,0.9294822891111111,1.0695808581904636,1.41701818547917,3.473986609,3.64876333,2.6619974291745176,1.6075480723602138,0.390254871,0.239420166,1.309628308,2.4516175195205827,1.5245241378771215,3.7375500853515633,0.7289013942222222,0.6427826920819881,0.9718368339074556,1.965639563,2.276885779,0.5141661754243554,0.28258534720303,0.744596716,0.581791003,0.811634363,2.022602451788919,1.3332898545824003,2.6967153288236543,9.706891598444445,0.7564869043066207,9.736324611491689,10.68532201,2.305616199000001,-0.8505119156787542,-0.45021108326621134,9.703699329,9.368511096,10.40520042,1.0974697780092726,1.00303217695889,1.10079750058323,-0.0627650551111111,0.156184266302287,0.1683240243800169,0.312977099,0.41984732799999996,-1.039258327690069,-0.7054417300486787,-0.022900763,-0.167938931,0.061068702,1.8593727196862102,,,0.2366412215555556,0.633838102257413,0.6765721008233965,1.801526718,2.2671755730000003,3.7576617968867403,1.7928306927041375,0.053435115,-0.13740458,0.267175573,2.662726878343816,2.8590627464478313,7.612903221838131,-0.7955894826666667,0.7879070478844058,1.1197143122402846,1.740458015,2.7404580149999997,1.907448693743767,1.194571196831583,-0.824427481,-1.480916031,-0.435114504,1.5543768584307487,,,9.868075351483222,0.6078759474645837,9.886780280255888,10.778453633239332,1.8541746123705511,-1.3736804825494944,0.08536681044397955,9.822544006841582,9.372849696633311,10.47494446735112,1.0901884463604532,1.0018954991836229,1.0922548976705244
127,1143,1152,9,2005-12-22 17:02:11,0,0.6863378092222222,0.2795719576091969,0.7410938320141373,1.122880579,0.8140285650000001,-1.3419695690424933,0.48687870849304316,0.596156213,0.454898315,0.945709656,1.5151665423368141,1.0797799888861814,1.636046512245159,0.6134476697777779,0.24877632647978534,0.6619725856654203,1.048660327,0.8810662109999999,-0.01043931212787541,0.09197722063479462,0.545877979,0.469263525,0.816422766,1.5841446454249732,1.0791019646471567,1.709453599163362,9.892575237333332,0.32789870501636026,9.898008000959186,10.58237134,1.230619655,1.3646296176913149,0.6972495110452799,9.799467395,9.758765967,9.983820923,1.0691415221097513,1.0005491758713496,1.0697286688367518,0.01102629344444444,0.16141668620895144,0.1617928482158655,0.328244275,0.580152672,0.8480031379718094,-0.8245997915230041,0.076335878,-0.099236641,0.099236641,2.028793476470934,14.67336680554101,29.76923085294675,0.01781170477777777,0.4316409720352661,0.43200831654800365,0.748091603,1.3740458009999998,-0.7599386613873733,-0.6067875928703619,0.20610687,-0.297709924,0.312977099,1.7316601888076708,24.254181277863175,42.000000131000014,-1.0313825276666664,0.4471056430108541,1.124123380411702,1.595419847,1.366412213,-0.28332860722996056,0.7033886700986174,-1.152671756,-1.267175573,-0.954198473,1.4192568847875837,,,9.942292705351257,0.32985742403834445,9.947763073127245,10.650900144559408,1.2499579514029264,1.6804899076029471,0.7752016500488429,9.880160435367472,9.809523964807722,10.009075654998293,1.0706829330637768,1.0005502119016314,1.0712720355564223
128,1152,1161,9,2005-12-22 17:02:13,0,0.025538151111111115,0.7803669246655354,0.7807846913676775,1.278503687,2.353500232,-1.2210416005733853,-0.37185445341980505,0.093373865,-0.47644613,0.67755907,1.6374599824190748,30.57326616835525,50.062499882528684,0.6647899944444444,0.2804840142650321,0.7215379539370546,1.192312427,0.9648632690000001,-0.18825995032390352,0.21075480761296236,0.665588062,0.395043274,0.830787976,1.652459750030024,1.085362234640781,1.793517406946533,10.272721256777778,0.5444000196300101,10.287136307098645,11.15458553,1.5298948560000003,-1.6240403350334414,0.2825287836490565,10.26394252,9.756371765,10.69729302,1.0843236831908964,1.0014032358087548,1.0858452450114309,0.045801526777777775,0.11798496822624013,0.12656315649715122,0.20610687,0.39694656500000003,0.2604725398430121,-0.6355937793946077,0.076335878,-0.038167939,0.083969466,1.6284902787221431,2.763295579887913,4.499999989083333,-0.5199321459999999,0.6895105695399837,0.8635706467634932,2.099236641,2.3053435110000002,1.8985173820159087,-1.4258727262650883,-0.366412214,-0.694656489,0.0,2.430880031491992,,,-0.9423240034444444,0.42808800825527726,1.0350042851503254,1.79389313,1.3893129770000001,-0.17957788357161952,-0.8943865086639522,-0.809160305,-1.297709924,-0.641221374,1.7332229013326768,,,10.32721994819068,0.5513105257161925,10.341925118374864,11.215460258772472,1.50807669726521,-1.6177325677838423,0.3470573073586269,10.309303077180465,9.799039494377086,10.76630506276375,1.0844654288634876,1.0014239234041646,1.086009624568654
129,1161,1170,9,2005-12-22 17:02:15,0,0.36258854044444444,0.746502292746449,0.8299012728857196,1.529894861,2.308010401,-0.8119194159416692,-0.2919040668212908,0.466869324,-0.081402856,0.785298145,1.8434660976965054,2.2888237776860367,4.219369037765851,0.3721653467777778,0.40585482484200724,0.5506588637166935,0.888248816,1.264138477,-0.7844209245683804,-0.3293694650873226,0.368707056,0.095768066,0.715866296,1.6130655012156347,1.4796081056023072,2.3867047904661014,9.90827055877778,0.47445631234665064,9.919623695396316,10.77630167,1.5610194800000006,-0.46215981695205954,0.43218860996436437,9.940725293,9.586383447,10.13465563,1.0863619428427782,1.0011458242436142,1.0876067226942272,0.21119592866666664,0.1933507403503014,0.28633586760897667,0.572519084,0.6412213739999999,-0.2991350002627602,0.6205355387681148,0.175572519,0.099236641,0.312977099,1.999466880558038,1.3557830845352346,2.7108433747490204,-0.07379134855555557,1.0473759686769522,1.049972181957042,1.908396947,3.816793894,0.5676035125191543,0.3518738275419811,-0.458015267,-0.603053435,0.236641221,1.817569055441965,,,-0.6301950804444445,0.7767619851231464,1.0002524786016933,1.755725191,2.1984732830000002,-1.6008326248196107,-0.1929988032764463,-0.366412214,-1.312977099,0.06870229,1.755282019850051,,,9.958598810443187,0.4660528916707931,9.969498260453992,10.83978681564104,1.5492326510049192,-0.17598646247196115,0.5047837176493629,9.95229197999459,9.708166531384553,10.141687041947204,1.0872951208226016,1.0010944762630036,1.0884851395232216
130,1170,1179,9,2005-12-22 17:02:17,0,0.17876705711111116,0.6622678972658858,0.6859711571612505,1.106121167,2.128445276,-0.7242297531351949,-0.41342464813231083,0.349553442,-0.411802686,0.603338818,1.612489323279208,3.83723471341194,6.187500006293104,0.19472840166666666,0.4057322256855591,0.4500419862361868,0.708683691,1.11090957,-1.810397532939851,-0.10261364753266926,0.098162268,-0.050278235,0.610521423,1.574705722296931,2.311126586488202,3.639344260695544,10.16498218211111,0.5318218404414692,10.178884871763062,10.83136831,1.7621324210000004,0.4201983625881711,-0.8503785742588108,10.21605848,9.995791931,10.60870756,1.0641016620638841,1.0013677042815106,1.0655570384630513,0.09245122966666668,0.14301270609189393,0.17029346426274022,0.34351145,0.450381679,-0.47654169117791323,0.6360713445675783,0.076335878,-0.007633588,0.145038168,2.017173421699892,1.8419816034544276,3.7155963337484215,-0.4834605598888889,0.8255889784992697,0.956729467711508,1.541984733,2.580152672,-0.6780825132255228,0.6511551162660563,-0.65648855,-0.946564885,0.175572519,1.6117249285614874,,,-0.7854113655555556,0.838718257558618,1.14905149088542,2.007633588,2.7175572519999998,-0.9014557792006341,0.15309255538736644,-0.450381679,-1.557251908,-0.221374046,1.7472094191818905,,,10.19894847011238,0.5140443117395413,10.211894606312752,10.891341245181916,1.7464182331936868,0.4427340752360118,-0.7568111321590387,10.227397852398452,10.034519605054069,10.609097941145011,1.0665348267939572,1.0012693598990434,1.0678886433340227
131,1179,1188,9,2005-12-22 17:02:19,0,0.6310051487777778,0.6315733868043948,0.8927779347092082,1.347935535,1.8531120849999998,-1.2188653834478096,-0.49737366405439093,0.916979236,0.146046301,1.120486377,1.5098217402058036,1.414850475370082,2.1361720068542653,0.39477725166666666,0.21785464802660168,0.4508987980692355,0.866701001,0.775721338,1.5532730849574747,0.7192639494896348,0.380678064,0.316034619,0.495599744,1.9221630323949501,1.1421600311710856,2.195417788996125,9.734025882555555,0.3672358140562634,9.74095077625316,10.41717142,1.1156979700000011,-0.8126608081447415,0.713364953368615,9.617508069,9.430760339,9.995791931,1.069420394300252,1.000711411062715,1.0701811917994504,0.055131467333333344,0.11675911703922098,0.12912075782810795,0.213740458,0.366412214,-0.7606824180179435,-0.3257967505625387,0.06870229,-0.022900763,0.152671756,1.6553531871656302,2.342051900186584,3.8769230774811825,-0.106870229,0.8246552005596166,0.831551228522052,1.328244275,2.3587786260000003,-1.5435982951008973,-0.08949519296571329,-0.122137405,-0.847328244,0.687022901,1.5973090165000896,,,-0.5920271416666667,0.803588858211495,0.9981238347578208,2.06870229,2.732824427,0.03687335425356064,-0.2990850910949143,-0.549618321,-0.809160305,-0.290076336,2.0725908128443185,,,9.786374142041161,0.33669770444587255,9.792164428367762,10.429969868058901,1.0481514319373435,-0.5406258960774588,0.730161891864372,9.68404673800875,9.539861679743428,10.001853014831148,1.0651342657036502,1.0005916681952436,1.0657644717723314
132,1188,1197,9,2005-12-22 17:02:21,0,0.019419635555555568,0.8148297149311589,0.8150610937714449,1.436520996,2.6192566160000004,-0.8881338298852932,-0.13890311900198826,-0.375889661,-0.445321509,0.857124194,1.7624703313379129,41.97097785072863,73.97260323914989,0.31949291055555556,0.3757279979606836,0.4932010222483361,1.228225452,1.2976573,3.1525118093709965,1.6626393609740984,0.198718738,0.079008655,0.423773694,2.49031408410497,1.5436994247876277,3.8442964191733697,9.629745099666666,0.7949410091023811,9.66250080944405,10.34534537,2.782062326,5.389476981573441,-2.141362151771878,9.69172832,9.598354456,10.17535706,1.0706695475656307,1.0034015136889258,1.0743114446879913,0.018659881222222216,0.15911391770804356,0.16020433819228957,0.312977099,0.54961832,-0.07112602105464294,0.3626178297887044,0.022900763,-0.114503817,0.076335878,1.9536118842446126,8.585496139251992,16.77272728977893,0.20525869366666677,1.7295404963652505,1.7416777715447551,3.129770992,5.923664122,-0.5447871923641463,-0.045138081738017824,0.358778626,-1.122137405,1.541984733,1.7969862411599227,8.485281380447551,15.247933893034723,-0.36301950800000005,1.2839318021494057,1.3342653543276848,2.290076336,4.442748092,0.10005863412639737,0.5625377835194673,-0.557251908,-1.083969466,0.580152672,1.7163574910883699,,,9.678091508934893,0.7784847282483629,9.709350839651103,10.395106654413004,2.7395900335707895,5.389737532935243,-2.1234890868763743,9.70198962437179,9.631484354963392,10.19390929372026,1.0706283896922755,1.0032299065045367,1.0740864192920843
133,1197,1206,9,2005-12-22 17:02:23,0,0.6012106391111112,0.894738672708991,1.0779663839941565,1.661575952,3.112462158,1.9767507507721902,-1.3742547640464406,0.912190833,0.383072266,1.223437048,1.5413986713049552,1.7929928611841064,2.763716813888452,0.2670864963333333,0.43074802858710765,0.506832379249092,1.039083521,1.419761585,-0.6906572754015836,0.32057591723749196,0.275333191,-0.02873042,0.567425793,2.050152207204038,1.8976338609667012,3.890438248526003,9.950834144000002,0.7491260877304894,9.978992436950467,11.33415066,2.746149305000001,0.5711247765182019,-0.04725651491741894,10.01255134,9.651026892,10.26154832,1.1358011073374121,1.0028297419636367,1.1390151313931898,0.0746395251111111,0.15705241017695484,0.17388650968721714,0.366412214,0.5190839700000001,-0.34709259173371,0.12666348146128373,0.106870229,-0.091603053,0.152671756,2.107191723263026,2.3296840303895743,4.909090906654959,-0.13061916866666665,1.2019740254712163,1.2090504229066097,2.625954198,4.5343511450000005,1.3021008682000508,-0.5630442087725174,0.114503817,-0.816793893,0.282442748,2.171914544049447,,,-1.0347752333333333,0.769316118933845,1.2894212168145398,2.374045802,2.7175572519999998,0.06403947347258665,0.19742481463551997,-1.236641221,-1.374045802,-0.610687023,1.841171659843615,,,10.022730728582829,0.7375970340998265,10.049834856473579,11.394590527759146,2.715735990527131,0.6384100336142611,0.029234477718022428,10.052779219468121,9.700868464791691,10.284361444213971,1.1338087332270286,1.0027042657958927,1.136874853403379
134,1206,1215,9,2005-12-22 17:02:25,0,0.4812345335555555,1.1419151170297612,1.2391758595080549,2.817975354,3.955221143,0.8757434325502764,0.43315180884756393,0.612915625,0.088585461,0.893037219,2.2740721846524017,2.5749936322161298,5.855721394679757,0.11199543333333338,1.2535640842361646,1.2585570667929107,3.292027283,4.474762903,7.091900101373474,-2.558401050906865,0.409408484,0.220266553,0.742202515,2.61571554430093,11.237574866530958,29.394299258630472,10.389239071333334,1.2867269256455245,10.468617609909165,13.53681619,4.513070132999999,3.528045780397326,1.6754842332116573,10.11310781,9.751583362,10.75475386,1.2930853618329323,1.007640457403166,1.3029651254586745,0.45377438522222224,0.6153460016004196,0.7645664747877907,1.93129771,2.06870229,2.8378617498876713,1.68101891377144,0.229007634,0.030534351,0.79389313,2.5260036552557987,1.6849044364048171,4.2560747651152795,-1.191687871,3.114785374684818,3.3349674529504716,9.580152672,10.633587787,6.698851535684817,-2.4972015114545587,-0.27480916,-1.167938931,0.709923664,2.872637531597007,,,-1.5173876167777776,1.264960088242564,1.9754972043506365,4.740458015,4.5114503809999995,4.722343731753508,-1.985636107461832,-1.122137405,-1.79389313,-0.961832061,2.3996278023376045,,,10.529084966714812,1.3600908526132744,10.616566175730371,13.977702392684597,4.840382081908345,4.534132755678193,1.9591133936880862,10.154850191193013,9.776332501424164,10.825694093057784,1.3165935351712716,1.008308529116453,1.3275324908927761
135,1215,1224,9,2005-12-22 17:02:26,0,0.1018865815555556,1.0841878216518537,1.0889646955339134,2.260126367,3.806780639,1.2165954613236387,-0.9430481180574676,0.191536133,-0.538695374,0.926556042,2.07548176379756,10.688008949835407,22.182767666688502,0.6413800225555555,0.8116147007222674,1.0344499774091838,2.032677209,2.276885778,-1.3692021524816234,0.47478630530968396,0.280121594,-0.177170923,1.271321082,1.9649835694239284,1.6128503243482004,3.1692243872842676,10.708998003111112,1.817085478783604,10.862064162388473,14.73631122,6.430825661,1.514096083002907,1.2429317950872405,10.07240638,9.694122522,11.30781444,1.3566768709603731,1.0142932288560416,1.3760681639607082,-0.03731976244444446,0.3359249802259021,0.33799165227662425,0.816793893,1.213740458,2.466106971190988,-1.244731076407066,0.022900763,-0.183206107,0.122137405,2.416609663280995,,,-0.7192536046666667,1.9976540890370837,2.123192786176652,5.786259542,7.328244274999999,4.624205817936806,-1.9236293324056506,-0.34351145,-0.984732824,0.473282443,2.7252633767749512,,,-1.3070398642222223,0.8412798499124382,1.5543825116536596,2.763358779,2.442748092,-1.000808532722639,-0.5486367226025991,-1.061068702,-1.748091603,-0.519083969,1.7777855568254868,,,10.810097947453714,1.839062559616216,10.965416942903955,14.838409333360387,6.38661262301374,1.261521158868832,1.2331102372776248,10.074078255624071,9.741607905658379,11.501679736083313,1.3532006498816043,1.0143679545000632,1.372643375248559
136,1224,1233,9,2005-12-22 17:02:28,0,0.13859767377777776,0.5600594944011311,0.5769540297506048,1.091755957,1.750161414,-1.1577187053499007,0.22039216315294374,0.198718738,-0.277727393,0.445321509,1.8922754685878949,4.162797354562176,7.877159314740592,0.3253454031111111,0.5875568430478173,0.6716194421976248,1.288080493,1.9536685550000001,-0.7023333498566471,-0.21647352647016477,0.584185205,-0.050278235,0.687135876,1.9178725511358572,2.064327437164542,3.959116928294506,10.104063050111112,0.3744522170748245,10.11099918818575,10.673351,1.0989385610000006,-1.517864872762393,-0.050567280134861885,10.06282958,9.679757312,10.45308445,1.055617827807892,1.000686470189293,1.0563424779779682,-0.12128922788888888,0.658285451718105,0.6693659781805409,1.946564885,2.2748091599999998,8.028264442772182,-2.774350278837016,0.053435115,-0.030534351,0.229007634,2.9080726365733724,,,-0.5436810857777777,0.5265857387259526,0.7568894656831079,1.320610687,1.557251908,-1.562156652042681,0.2397768003217858,-0.847328244,-0.870229008,-0.045801527,1.7447867183725732,,,-0.9228159456666667,0.408227584438557,1.009078307304841,1.610687023,1.358778626,-0.5680632731556345,0.0319688953878718,-0.916030534,-1.27480916,-0.679389313,1.5961962628073958,,,10.142910001627355,0.37098505355876527,10.149692271742833,10.69399699847205,1.085289874419825,-1.5845833896254504,-0.08387745158865308,10.101154960900693,9.763843513552404,10.49311206060771,1.0536277073389293,1.0006686710336965,1.054332237667127
137,1233,1242,9,2005-12-22 17:02:30,0,0.2559135552222222,0.4206449391116657,0.4923757838752169,0.950498059,1.381454358,-0.9006698216680036,0.15981169947929366,0.047884033,0.011971008,0.536301172,1.9304321823448678,1.9239925897933114,3.7141372139300564,0.4445234414444445,0.6383959135582472,0.7779141549306591,1.460463013,1.924938135,-1.2322471497832312,-0.01945681132787944,0.581791003,-0.277727393,0.766144531,1.8774089708268404,1.7499957986532437,3.285457811300881,9.994461818555555,0.35911803103067813,10.000911598588209,10.49857428,1.1156979739999997,-0.764760918264296,-0.2554494791465659,9.974244116,9.840168823,10.28788453,1.0497617318687273,1.0006453354017202,1.0504391802776731,0.06955046644444446,0.1355756350640495,0.15237460485809348,0.20610687,0.366412214,-1.7491179289335812,-0.4530269453717406,0.145038168,-0.045801527,0.190839695,1.352632679126206,2.190849503213718,2.9634146330942883,-0.12807463933333332,0.6618298381924057,0.6741081871347873,1.473282443,2.221374046,3.082321656659797,1.7348505695655931,-0.312977099,-0.557251908,0.061068702,2.185528185411904,,,-0.7718405428888889,0.5940747778682872,0.9739931546711555,1.93129771,2.099236641,0.30285965742677057,-0.6198530423875659,-0.564885496,-1.106870229,-0.534351145,1.9828657940127459,,,10.036711695248156,0.36088155152802864,10.043197555946232,10.572970733686955,1.1836056296268218,-0.5590620038688234,-0.180344275766378,9.9782248456827,9.844668718458557,10.348067231804585,1.0527494530292358,1.0006462137097298,1.053429754158694
138,1242,1251,9,2005-12-22 17:02:32,0,-1.2234370481111112,4.559698516986535,4.720979641610419,13.94861887,15.550339781,8.328492224660383,-2.849986828415114,0.344765039,-0.488417139,0.74938512,2.954602631000089,,,0.4974619003333333,0.9023905098326377,1.0304256278447557,2.863465186,3.3159693,5.741055452801964,2.2142159400856847,0.215478149,0.026336218,0.651222852,2.7789149538033526,2.0713659220018665,5.7561497354496565,11.006610571555553,3.0703723745962592,11.426839580241003,19.61270145,10.347141024999999,8.543705305949052,2.8968401132166073,9.923965881,9.576806641,10.49378588,1.7163714701931914,1.0381796926450229,1.7819020053898533,0.00848176433333334,0.19370017190864464,0.1938857831911476,0.312977099,0.564885496,-1.3112657520687532,0.12178702043864546,0.015267176,-0.198473282,0.145038168,1.6142343902102556,22.8591334976352,36.89999942228998,-2.7463952506666667,6.655527258029556,7.199911801908328,21.49618321,21.90839695,8.795317898474709,-2.9549334377665755,-0.404580153,-0.732824427,0.0,2.985617574412851,,,-0.7158608991111111,0.33481166624658887,0.7902883516356455,1.473282443,1.083969466,1.544028600378848,-1.3469161594438845,-0.633587786,-0.908396947,-0.458015267,1.8642340355273794,,,11.562445967504406,4.497991973327969,12.40653410681572,24.236779064446377,14.902428808180986,8.807633919941047,2.9565804703210237,9.979440065073065,9.659685136008523,10.494343583615017,1.953549545407007,1.0730025586007992,2.0961636605751464
139,1251,1260,9,2005-12-22 17:02:34,0,0.3809440863333333,0.4806862209563883,0.6133332209571498,1.019929907,1.407790576,-1.7393756070170538,-0.2562560613470605,0.536301172,-0.079008655,0.816422766,1.662929500880985,1.6100347609031305,2.677374301349679,0.5158174465555555,0.48334433840024144,0.7068871109552504,1.103726965,1.3958195679999998,-1.1868562305019532,-0.6878355330944955,0.79248075,0.11492168,0.847547388,1.561390705665125,1.3704210969900104,2.1397627636876067,10.134655628111112,0.3960424170818288,10.14239095561457,10.82657991,1.283292093,-0.41436185102807244,-0.06580657644596581,10.17296285,9.969455713,10.39083521,1.067458349552842,1.0007632550909773,1.0682730925725443,-0.0016963527777777755,0.12276016906778031,0.1227718889742138,0.267175573,0.39694656500000003,0.8151000679944476,-0.9961586297141711,0.0,-0.06870229,0.106870229,2.1761950168911697,,,-0.9847328243333335,1.2249417781756842,1.5716809775650116,3.900763359,4.190839695,2.6846316964073385,-1.623867177685028,-0.450381679,-1.526717557,-0.351145038,2.481905306917572,,,-0.9872773536666666,0.5423489677938279,1.126436405630645,2.091603053,1.847328244,0.2940150268656305,-0.7021625850204943,-0.938931298,-1.396946565,-0.633587786,1.85683190151245,,,10.178466387878904,0.37786679520166266,10.185477962476606,10.86299820150511,1.2461958434407414,-0.34183215484025453,0.06154130454285797,10.2298796150764,9.984531694230379,10.403948980429458,1.0665182568284468,1.0006888635606295,1.067252942392322
140,1260,1269,9,2005-12-22 17:02:36,0,0.210689746,0.5792373861383427,0.616365247698087,1.539471667,1.944091748,1.9958101571616682,1.252159432421336,0.155623108,-0.316034619,0.471657727,2.4976613667778955,2.925463907949687,7.306818182789018,0.7302315063333333,0.4310316653952562,0.8479542142210611,1.580173096,1.596932508,0.8071669787667934,0.34785561833893525,0.696712683,0.421379492,0.924161841,1.8635122858037356,1.1612128576577605,2.163934426678501,9.863046749222223,0.40739765978164727,9.871457036858267,10.64462058,1.3599065419999992,-0.3663534081651738,0.5109724426814417,9.883264453,9.557653027,10.20169327,1.0783231432051903,1.0008527068612656,1.0792426367480628,-0.016963528444444445,0.11525216441919105,0.11649387409041612,0.175572519,0.34351145000000005,-1.1992842989479624,-0.1451983151661719,0.022900763,-0.13740458,0.045801527,1.5071394987150166,,,-0.6946564885555556,0.3845018625275433,0.7939706035990781,1.320610687,1.221374046,-0.9084228713656426,-0.09697947276958822,-0.740458015,-0.877862595,-0.374045802,1.6632992216760372,,,-0.5784563189999999,0.3139329984393317,0.6581532044289834,0.93129771,0.8931297709999999,-0.6703652207995865,0.8271951001266138,-0.610687023,-0.824427481,-0.442748092,1.4150166005922555,,,9.918149172002616,0.41822661372466935,9.926963105528488,10.763878279369935,1.3523869703997882,-0.04997091810357723,0.7324428440089514,9.924301179319118,9.566996162448053,10.227801386484641,1.0843072715134154,1.00088866716693,1.0852708597844727
141,1269,1278,9,2005-12-22 17:02:38,0,-0.1433860771111111,0.7106567403165333,0.7249776339078564,1.163582007,2.157175696,-0.8240262750426828,0.6328567468876812,-0.308852014,-0.627280835,0.416591089,1.6049902129089537,,,0.6041368854444444,0.4533218510423765,0.7553026393353861,1.434126794,1.412578979,-0.5942274255157929,0.6854485484501547,0.531512769,0.241814368,0.799663354,1.898744581724131,1.250217719746964,2.373844121345046,9.881668318666666,0.5186908956907971,9.895272053127847,10.68053361,1.5705962929999995,-1.0440501037821845,0.060597622040511584,9.868899243,9.569624036,10.15859764,1.0793572478509001,1.001376663739612,1.080843159836104,-0.008481764222222223,0.14947650615093175,0.1497169536672815,0.267175573,0.49618320699999996,-0.4431074278128575,-0.03007780300602886,-0.015267176,-0.076335878,0.076335878,1.7845378659904394,,,0.3248515691111111,0.9592376600028455,1.0127514158576554,1.908396947,3.167938932,-0.8177522817056064,-0.07993182441227215,0.34351145,-0.58778626,1.083969466,1.8843685796122647,3.1175820348623815,5.874673630858339,-0.40033927066666675,0.8739642107119818,0.9612933856234194,2.221374046,3.114503817,0.9155051848881905,-0.7654003022865358,-0.236641221,-0.541984733,0.022900763,2.310817986705892,,,9.937868131039208,0.5012590768673509,9.950501678411328,10.697990414587817,1.5353525088029265,-0.908956379502436,-0.09382225302187167,9.944952593278853,9.641822258977887,10.205138461814725,1.0751207085164607,1.0012712532713794,1.07648745923429
142,1278,1287,9,2005-12-22 17:02:40,0,0.3381144787777777,1.347822259152128,1.3895849175293729,2.741360901,5.305550879,2.8217477363883745,-0.9636505694408187,0.371101257,-0.15801731,1.055842932,1.972791202911177,4.10980601171671,8.107789145586196,0.4631450101111111,0.26829332378828963,0.5352425692900269,0.921767639,0.7924807490000001,-1.3845929657038258,0.34447777297571847,0.375889661,0.215478149,0.64882865,1.722149342909477,1.1556695151732699,1.9902354961761604,10.169504562333334,0.7547320563823303,10.19747240840835,11.59751284,2.252943760000001,-0.09178376742965,1.0414034000593986,10.00297454,9.615113867,10.29985554,1.1372928874450539,1.002750168005097,1.1404206339565295,0.2018659881111111,0.22308168587444824,0.3008576336552909,0.526717557,0.778625954,0.46253775969399324,-0.5136216692070787,0.198473282,0.076335878,0.396946565,1.7507202679240947,1.4903829836341367,2.6092436964174675,0.6751484307777778,1.468293094015854,1.61607859137987,2.946564885,4.969465648,3.666091201936066,-1.8896452271764008,1.06870229,0.946564885,1.625954198,1.8232806874102017,2.3936641451097374,4.364321607924834,1.2061068704444446,3.1033014620367445,3.329440455573982,8.763358779,10.290076336,3.1996193261055144,1.714821130411172,-0.671755725,-0.946564885,2.160305344,2.632081545212447,2.7604854405207884,7.265822783822419,10.270033556009233,0.8557366006542148,10.305623434380614,11.879554080433195,2.471917718046262,0.0872210440161787,1.1845414582863099,10.01117982512654,9.698862461777495,10.328463862676363,1.1527254179307374,1.0034654101349607,1.1567200842768615
143,1287,1296,9,2005-12-22 17:02:42,0,0.1521648167777778,0.7279791500099474,0.7437121582401488,1.086967554,2.049436621,-1.6229492114787476,-0.29488452632705403,0.450109912,-0.351947644,0.67755907,1.4615433430214435,4.887543480739503,7.143356638002675,0.46926352544444444,0.29638071978292047,0.5550223305161611,0.833182178,0.9409212530000001,-0.2507196113943282,-0.7077328888167617,0.565031592,0.237025964,0.62009823,1.501168749778329,1.182751908941769,1.7755102044440476,10.195308736777777,1.5298247115432664,10.309446342372889,13.72595812,6.093243226999999,3.149610865855398,0.9816924772710313,9.895235461,9.746794958,10.61110176,1.3313962422584125,1.0111951102749228,1.3463013700101134,0.04834605600000001,0.23785564889515473,0.24271928403423215,0.549618321,0.908396947,4.617823495354921,-1.7449435733905572,0.06870229,0.030534351,0.152671756,2.2644196697716197,5.020456767646819,11.368421055897503,-0.29940627666666675,2.473878653913923,2.4919309205510416,6.20610687,9.160305343000001,3.0664455874930994,-1.496663690675584,0.496183206,-0.778625954,0.877862595,2.4904811039575856,,,-0.6522476675555555,0.7266946697371867,0.9764794738529332,1.618320611,2.480916031,0.5437985455680749,0.7889048860420945,-0.839694656,-1.053435115,-0.328244275,1.6573012073817885,,,10.23812803958454,1.525311670782196,10.351127544763012,13.742090603546067,6.0861112575170875,3.1050358995240224,0.9437166476255452,9.934616240605314,9.771556518711698,10.678812821602975,1.3275935924969506,1.0110371256094446,1.3422464097356335
144,1296,1305,9,2005-12-22 17:02:44,1,0.9978500473333334,1.1802098988020102,1.5455096642186963,3.303998291,4.367023828,0.9190353124229071,0.0871845224479561,1.357512341,0.541089575,1.419761584,2.13780500212548,1.548839596038438,3.3111170359009807,0.41925131288888884,1.1324573539140974,1.2075724913201593,2.499546533,3.165134595,-0.26124282369404117,1.0777437421222749,0.033518823,-0.440533105,0.694318481,2.0698935682672026,2.8803070001123494,5.9619289341675525,9.471195745,0.5497987477337585,9.487140111915483,10.35971058,1.8555062830000004,-0.5381362808764001,-0.041271611575958336,9.387664709,9.162609753,9.773131177,1.091974025659071,1.0016834587041348,1.0938123188372557,0.10093299411111112,0.19960458475860654,0.22367266162159677,0.473282443,0.755725191,1.04509420046801,-0.10117924867961238,0.13740458,0.007633588,0.198473282,2.1159601695118475,2.216050990970989,4.689075630501871,0.46734520788888884,1.4558077945704369,1.528982628439168,3.297709924,4.79389313,-0.13904774154312083,0.7475197203712813,-0.022900763,-0.526717557,1.236641221,2.1568001249081568,3.2716343350260333,7.056261342437963,-0.7659033077777778,1.5215944578644682,1.703483950927864,3.244274809,5.0,-0.8257742957968897,0.17218489475309823,-0.885496183,-1.748091603,0.79389313,1.904493909222267,,,9.667963953331164,0.6189765295966577,9.687758200280511,10.464582194863778,1.9075095195264993,-0.9541859837454019,-0.2565120154836979,9.66239933094612,9.278558565572077,10.325917253512216,1.0801861461159068,1.0020474059527835,1.0823977256615789
145,1305,1314,9,2005-12-22 17:02:46,1,0.23835607644444443,0.40516845661750606,0.47007988407908047,0.758961926,1.161187805,-1.399025991394665,-0.5108705928580635,0.411802686,-0.146046301,0.598550415,1.6145381917093937,1.9721749539229632,3.184151783841338,0.6177040284444444,0.7212735327160557,0.9496282302844593,2.312798804,2.671929053,2.7185126527348062,1.3956736698964898,0.371101257,0.227449158,0.849941589,2.435478148440475,1.5373515252537613,3.7441860462271706,9.862780727444443,0.4558733079324992,9.873310698571927,10.68771621,1.623268724999999,0.2090564456381454,-0.0722031981804192,9.883264453,9.658209497,10.0891658,1.0824855548753132,1.001067647291213,1.0836412676457532,-0.15860899066666667,0.6481189036433699,0.6672442769932032,1.954198473,2.20610687,7.970760825040607,-2.775080387472688,0.061068702,-0.076335878,0.167938931,2.9287601863086583,,,-0.5860899066666667,0.8985523516118122,1.072799006004228,1.938931298,3.038167939,-0.2429289620803834,0.30798555595420135,-0.496183206,-1.297709924,-0.213740458,1.8073574706428823,,,-0.6022052586666666,0.9856525312979343,1.155059343072819,2.496183206,3.114503817,-0.3174503144437182,-0.5534254217697587,-0.496183206,-1.061068702,0.167938931,2.161086545873368,,,9.92143363205809,0.4125381295959375,9.930006698069436,10.72028570472273,1.3875193402911528,0.09935377019757663,0.3231849842751392,9.89577099953309,9.713993719987135,10.181385845237646,1.07958494195245,1.00086409548552,1.0805178064270262
146,1314,1323,9,2005-12-22 17:02:47,1,-0.07821058755555556,1.4788700251445892,1.4809366790234288,3.979163159,5.647921716,6.114564619650018,-2.2118515996373755,0.275333191,-0.098162268,0.596156213,2.6869232259302076,,,0.2109557684444444,0.8365293582202402,0.8627187858186196,1.647210742,3.275267871,2.4115185810551294,-0.6286359034301142,0.225054956,-0.002394202,0.395043274,1.909325227498076,4.08957191443579,7.8083228258998565,9.804787843666666,0.876112638834576,9.843852803411849,10.85770453,3.095702748,2.3846828102029614,-1.3264084622071044,9.80665,9.519345801,10.5273047,1.1029933855001115,1.0039842738433566,1.107388013195355,0.038167939000000005,0.1764003055145089,0.18048229650888142,0.366412214,0.6793893129999999,1.4142897388251976,-0.2159155917582078,0.038167939,-0.06870229,0.114503817,2.0301836860878435,4.728636160021147,9.599999989519999,-0.19253604744444458,2.564433039511904,2.571650626291564,6.435114504,9.251908397000001,3.4124759485349303,-1.6157211541847751,0.503816794,-1.083969466,1.267175573,2.502328441589177,,,-0.41306191688888894,0.6009986837434775,0.7292596005849467,1.854961832,2.465648855,4.2289026246300345,-1.186586050255119,-0.351145038,-0.419847328,-0.221374046,2.5436234648294187,,,9.940047392241445,1.0170314675144783,9.991941511334053,11.67793034411548,3.912046155702016,1.786899217485928,-0.590505218739976,9.815060293950884,9.664507505961195,10.531149585594488,1.1687348580722752,1.0052207114357536,1.174836485511177
147,1323,1332,9,2005-12-22 17:02:49,1,0.18807784155555557,0.5791682313707985,0.6089409780211671,1.194706628,1.893813513,-0.8308070479007359,0.10503983712296455,0.287304199,-0.258573779,0.521935962,1.9619415856728095,3.2377071800948674,6.352192358859565,0.4370748142222223,0.9147557120511803,1.0138108334189628,1.910572925,2.791639136,-1.149842260228128,0.08443860194964156,0.328005627,-0.131681091,1.187524023,1.8845457772006717,2.3195361536057537,4.371272063342012,9.959080839444447,0.3947618354653815,9.966901628556863,10.78348428,1.4245499899999992,0.8813852836381351,0.7833180447034351,9.86411084,9.715670337,10.13944403,1.0819294382422204,1.000785292261254,1.0827790690572947,0.038167938888888885,0.38671822363895325,0.38859718997117493,0.786259542,1.183206107,1.1207696657855282,-1.5533701187496096,0.198473282,0.145038168,0.229007634,2.023327914590228,10.18124638855728,20.600000023288892,-0.2417302798888889,1.118684572512397,1.1445036919959697,1.946564885,3.320610687,-1.565486431226987,-0.2959761677242307,0.305343511,-1.465648855,0.519083969,1.7007938887512604,,,-0.8702290075555555,0.6030051193458529,1.0587321188801413,1.595419847,1.961832061,0.17860319391965263,0.6540696197250704,-0.65648855,-1.473282443,-0.564885496,1.5069155063393491,,,10.028638963044791,0.40515446795064947,10.036819695202285,10.871177349250798,1.4975243824987121,1.06878360285278,0.5973158677349246,10.0458733096601,9.744323695110147,10.178990522638932,1.0831296844405152,1.0008157370294852,1.084013233431848
148,1332,1341,9,2005-12-22 17:02:51,1,0.5690219278888888,0.6700970829982779,0.8790995706182484,1.649604944,2.1260510740000003,-1.0381835813729596,-0.14792071842005536,0.701501086,-0.10055647,1.036689319,1.8764711064980668,1.544930920113693,2.899018233128818,0.36950512288888887,0.6930247741348897,0.7853772172694136,1.553836877,2.375048046,-0.19631008356031732,0.2159406022555592,0.316034619,-0.093373865,0.77811554,1.9784593222634521,2.1254839746987173,4.205183584064253,9.658741542222224,0.5758747973970879,9.675893755190083,10.5225163,2.288856790999999,4.457662634725978,-1.5665466061098214,9.746794958,9.603142859,9.847351428,1.0874981232979943,1.001775822750084,1.0894293272060207,0.08396946566666667,0.2627157151452613,0.27580866220739253,0.610687023,0.984732825,1.0187646410048856,0.3481600022368697,0.083969466,-0.022900763,0.259541985,2.214169120405645,3.284630431045844,7.2727272723663905,-0.12044105166666667,1.3905324075185939,1.3957386658275357,3.061068702,4.473282442,1.7866661136926583,1.4776507491135347,-0.770992366,-1.160305344,0.366412214,2.193153186155438,,,-1.3206106871111112,0.8971477587547079,1.5965233126862497,2.717557252,2.603053435,-1.465307168034892,-0.36969454082552095,-0.908396947,-2.160305344,-0.748091603,1.7021719823355046,,,9.729220175205082,0.5956745525669896,9.747438298865681,10.535807029303632,2.3010041055859034,4.577583997538518,-1.742341278061613,9.831529010980551,9.645377096415329,10.02294686861042,1.0808795815131955,1.0018725163304483,1.0829035461808272
149,1341,1350,9,2005-12-22 17:02:53,1,-0.25431742077777775,1.2670567083235504,1.2923273782671214,3.198653418,5.123591553000001,3.4852921985097822,-0.9714186307483078,-0.248996973,-0.478840332,0.225054956,2.4751107743991825,,,0.7520453436666665,0.6965498917729273,1.0250629008307692,1.623268726,2.207453931,-0.4542542903063893,-0.38900030995706386,0.49081134,0.330399829,1.414973181,1.5835796268545188,1.3630333722072931,2.158471878950282,9.767810728555556,0.8571634107636057,9.805348313121616,10.72123503,2.681505855000001,-0.0380066877431684,-0.8144490081230507,9.947907898,9.224858997,10.5249105,1.0934068518150177,1.0038429885272369,1.097608801802145,-0.10347752344444444,0.16117583882118425,0.19153393662196763,0.396946565,0.534351145,-0.42162242071878886,-0.2110364557441232,-0.114503817,-0.229007634,0.0,2.0724607450817305,,,-0.5445292621111112,2.1605735662006893,2.228136048866953,3.595419847,6.732824427000001,-1.154817065002046,0.34490340014734705,-0.984732824,-2.488549618,1.664122137,1.6136446644846196,,,-0.4614079729999999,1.5523718672650444,1.6194924303076965,3.236641221,5.931297710000001,3.232782182915103,1.3924977282035222,-0.86259542,-1.267175573,-0.20610687,1.998552855467841,,,9.89904122184933,0.9352552769393986,9.943124234611338,11.011177071183896,2.9350167239173857,-0.3184692669470408,-0.6639810914893464,10.016729446431313,9.376628469740728,10.810573458837693,1.1074162216393455,1.0044532608536578,1.1123478349478777
150,1350,1359,9,2005-12-22 17:02:55,1,-0.7746572483333333,2.2186900591191074,2.3500381764621014,6.445190869,7.960720520000001,4.8942742453443735,-1.9640997358164816,-0.059855042,-1.039083521,0.098162268,2.7425898581371153,,,0.416059044,0.8388083439527353,0.936325032229153,2.090138049,2.959233252,0.3798272893047798,0.4006056899445387,0.586579407,-0.208295544,0.809240161,2.232278297658998,2.250461913355627,5.02365728889191,10.922613996,1.6441317671782778,11.04566275845229,15.04995164,5.334281302999999,4.099921763578736,2.021875859201077,10.1011368,9.809044202,11.05881747,1.362521377767357,1.0112655049878492,1.3778708691446464,0.024597116111111112,0.24434842439805585,0.24558332725736065,0.526717557,0.885496183,1.03760363585131,0.3994751497326803,0.061068702,-0.076335878,0.129770992,2.1447610588320716,9.98423254775078,21.413793170739595,-0.9067005935555557,1.703754843331407,1.92999651101478,4.221374046,4.984732825,0.05147976881555838,-1.1112063315873708,-0.664122137,-1.061068702,0.335877863,2.187244392364434,,,-1.7743850721111112,0.6099880553131244,1.8763069609622622,2.847328244,1.8549618319999999,-1.1679681142517584,-0.3419838958774899,-1.709923664,-2.259541985,-1.175572519,1.5175172843465603,,,11.151674406111432,2.0115187571453013,11.331639324046106,16.395025348442047,6.566126211887763,5.36357848664897,2.28363328467728,10.143938871769425,9.938523156594155,11.059962936914742,1.446836144321261,1.016137927936279,1.4701850817539213
151,1359,1368,9,2005-12-22 17:02:57,1,0.3673769436666667,0.5829924591648858,0.6890907242018154,1.235408057,2.0901380499999997,0.8179347407381039,-0.8315220165877798,0.495599744,-0.026336218,0.684741675,1.7928090070157199,1.8757048750099308,3.362780594421099,0.24181436755555558,0.3801582123106543,0.4505490591972486,0.816422766,1.103726965,-1.217614834384181,0.36848213291698345,0.062249243,0.033518823,0.44771571,1.8120618594890314,1.8632021899763145,3.376237624972516,10.072672406999999,0.5218754863518595,10.086182798363025,10.65659159,1.5897499029999995,-0.2347261054264287,-0.9038602618762538,10.15141504,9.87847605,10.5249105,1.0565534854007952,1.0013412916470545,1.0579706317654296,0.21458863444444443,0.12581633001790712,0.24875295160441077,0.427480916,0.458015267,0.7019369225630063,-0.46018740488442544,0.221374046,0.198473282,0.290076336,1.7184958539901807,1.1592084186956848,1.9920948614390477,-0.27989821888888894,0.8084878860908511,0.8555674578271578,1.877862595,3.038167939,1.0059533026991367,-0.27325334173490157,-0.251908397,-0.832061069,0.0,2.1948737972913492,,,-0.9584393554444445,0.6191745963613428,1.141044775126723,2.129770992,1.938931297,-0.37822432242778437,-0.7807604905504983,-0.740458015,-1.244274809,-0.541984733,1.8665095694982439,,,10.107106319019787,0.5052977131839741,10.119729439215194,10.658883343862177,1.5080513482086886,-0.39233633514564925,-0.8197918396738246,10.172336534165465,9.910469464334952,10.555737539121413,1.0532775019219087,1.0012489351350398,1.054592977201006
152,1368,1377,9,2005-12-22 17:02:59,1,0.6174380057777777,0.5169349978522689,0.8052648526934256,1.611297717,1.855506286,0.36561553654756906,0.2214052413392421,0.553060583,0.335188232,0.907402429,2.000953737904467,1.3042035721125478,2.6096510126069603,0.5182116482222222,0.1599288125141657,0.5423288093263933,0.775721338,0.517147559,-0.6304805008026162,0.20111807442884957,0.502782349,0.407014282,0.5770026,1.4303524442367261,1.0465392107392943,1.4969199180705237,9.86171663811111,0.36025818640384927,9.868294736744971,10.46744966,1.0486603290000005,-1.1673506762223576,0.23412174918918546,9.84974563,9.464279163,10.12986722,1.0607151427109338,1.000667033831457,1.0614226755966607,0.03901611533333333,0.131256499982083,0.1369325602011827,0.290076336,0.427480916,-0.22386911369813323,0.6251027137630638,0.030534351,-0.06870229,0.083969466,2.118388318847007,3.5096410555305764,7.434782615381853,-0.21713316366666668,0.6194673199053357,0.6564195085420566,1.290076336,1.877862596,-1.2818390305989555,-0.34258755420805453,-0.007633588,-0.717557252,0.229007634,1.9653229668102488,,,-1.274809160222222,0.9733015680283131,1.6038872582924464,3.885496183,3.320610687,6.5232701285184245,-2.4711789983308545,-0.93129771,-1.244274809,-0.832061069,2.4225494422448577,,,9.909721967423822,0.3510321353309464,9.915937324916754,10.493862079497994,1.0583379414511,-1.1128817687849688,0.16519240435636348,9.930598982510352,9.525171454822104,10.151564953754887,1.0582824130129413,1.0006271979691623,1.0589461655931833
153,1377,1386,9,2005-12-22 17:03:01,0,0.36285456288888884,0.7962920289781361,0.8750682426093427,1.726219397,2.7126304809999997,-0.21982382887866425,-0.06313073641606746,0.332794031,0.031124622,0.833182178,1.9726683165333851,2.4116225400128175,4.7573313761210505,0.4527701362222222,0.3523273706644039,0.5737032093112099,1.381454358,1.261744275,5.926965475892482,2.2515931856418976,0.411802686,0.260967981,0.469263525,2.407959961839117,1.267095957560313,3.0511163336134306,10.013881456333333,0.6587832082731189,10.03552774581383,10.84333932,2.396595863,2.902536186283138,-1.4636484219746515,10.19690487,9.756371765,10.39322941,1.0804951762026802,1.0021616282931736,1.0828308051461975,-0.044953350222222216,0.2220732558625713,0.22657743635588437,0.496183206,0.7938931300000001,0.7730327043032563,-0.5524058792477553,-0.045801527,-0.091603053,0.045801527,2.189905641004106,,,-0.49024597133333336,1.7412865673323383,1.8089831458531065,2.992366412,5.916030534,0.13272295291513725,0.7274283524737327,-0.480916031,-1.778625954,-0.152671756,1.6541704210233625,,,-0.9694656487777777,0.5245187724103944,1.1022629390354302,1.549618321,1.885496184,4.053969793573277,1.7561054478335933,-1.099236641,-1.305343511,-0.816793893,1.4058517855603876,,,10.07028621239505,0.6293111623376543,10.089930472436201,10.888771507349578,2.26576713165732,2.1499932909799924,-1.2769914201718824,10.27679513554187,9.777146299630386,10.401195447194388,1.0791721050106005,1.0019507151660667,1.0812772624026408
154,1386,1395,9,2005-12-22 17:03:03,0,1.1617198501111112,1.1344209180491835,1.6237314523805144,3.557783667,3.825934253,0.8107111636236581,1.0782964894192655,0.986411084,0.287304199,1.338358728,2.1911158164633795,1.3976962279031513,3.062514311569799,0.30087134200000004,0.39332813998314065,0.495207623264705,0.916979236,1.101332764,-1.5345815994599796,0.21693398993201127,0.323217224,-0.093373865,0.627280835,1.8517066234859716,1.6459115712812056,3.047745358213611,9.53770134688889,0.858674341981032,9.576276343549338,10.35731638,2.3798364480000007,0.1263440972879355,-1.2890001819564285,9.86411084,9.457096558,10.14183823,1.0815598890874507,1.0040444752102697,1.085934231247287,0.06870229011111112,0.13314478836102678,0.14982502906461884,0.34351145,0.427480916,0.2334688666059126,0.8665683246575774,0.053435115,-0.038167939,0.160305344,2.2927507649729546,2.18078653305893,4.99999999191358,0.17557251899999993,1.4675383634049362,1.4780035715427902,3.236641221,4.793893129000001,0.45460062752661745,0.8562549000186522,-0.06870229,-1.083969466,1.091603053,2.1898737481544,8.418194259335031,18.43478261538186,-1.1967769296666668,0.9835306900739003,1.5490666989189381,2.442748092,3.045801527,-0.25268159740831475,0.7927590568433523,-1.305343511,-2.083969466,-1.06870229,1.5769160189840397,,,9.703682074022684,0.6521941688659296,9.725574688809495,10.380271072767687,1.9623530274502379,0.08870966441928019,-1.156393176745012,9.873046985326663,9.517379534633013,10.173866624018421,1.0673169869037666,1.002256114186327,1.0697249758992282
155,1395,1404,9,2005-12-22 17:03:05,0,-0.5602431884444443,0.8410341195741313,1.0105497615091656,1.958456958,2.461239307,-0.6654337919738773,-0.6741581013185565,-0.469263525,-0.861912598,0.031124622,1.9380113999287079,,,0.7480550074444445,0.23736593658178537,0.7848113671526783,1.09654436,0.703895288,-1.6973298512452182,-0.036573750815889455,0.746990918,0.550666382,0.955286462,1.397207540428854,1.0491359049033082,1.4658605972655514,10.208875879888888,0.4332351111895743,10.218064366236131,11.01572184,1.467645618999999,-0.13281138497870337,0.246370742525833,10.28309613,9.938331091,10.37647,1.0780634614516222,1.000900048786502,1.0790337711618738,0.048346055888888885,0.16890001810951252,0.17568311597135688,0.251908397,0.473282443,-1.2032541774568224,-0.8515450214374801,0.129770992,-0.13740458,0.175572519,1.4338793776919962,3.633866563492167,5.210526326675901,-0.6488549618888889,0.8178356139326911,1.0439673620302952,2.145038168,2.465648855,-0.4025283242644715,-0.9160885132836686,-0.335877863,-1.045801527,-0.20610687,2.0546984953900815,,,-0.6005089057777778,0.622146510589147,0.8646833099792522,1.946564885,2.34351145,1.658107505082608,-0.7609529614850172,-0.572519084,-0.755725191,-0.175572519,2.251188224098725,,,10.28909506069965,0.42485518347893747,10.297862841145383,11.041560206730415,1.4511199121419498,-0.4218038254973102,0.14216117167492257,10.34972531806411,9.986975660353483,10.57402084268343,1.0722186124497182,1.0008521430110238,1.0731322960466068
156,1404,1413,9,2005-12-22 17:03:07,0,0.37376148144444443,1.0540751748494814,1.1183792376673982,2.243366956,3.72058938,3.9014597238255018,-1.8256663662645312,0.651222852,0.248996973,0.962469067,2.0059089801049836,2.9922271105767573,6.002135231619506,0.37642170533333336,0.6038071082153346,0.7115309720436768,1.374271753,2.023100403,-0.47132354799099474,0.06674049872151105,0.442927307,-0.093373865,0.588973608,1.9314292799550001,1.8902495843420972,3.650883393621095,9.776589468000003,0.3047407135817441,9.781337767827202,10.36928739,1.0582371340000005,0.3714357169935987,0.23506093399591277,9.789890588,9.660603699,9.916783276,1.0601093261605468,1.0004856805988163,1.060624200692887,0.13570822744444444,0.15392941601912438,0.2052096199306985,0.427480916,0.503816794,-0.33608691290915615,0.5746311003903516,0.114503817,0.007633588,0.229007634,2.083142672085085,1.5121383853805488,3.1499999966840626,0.2688719254444444,1.7823761013410153,1.8025417273738216,3.984732824,6.6106870220000005,1.3002447400724426,0.43719936926984243,0.526717557,-0.664122137,0.908396947,2.210618907449915,6.704090523375493,14.82018926822966,-0.893129770888889,0.6586940484601512,1.109756116056525,1.824427481,1.786259542,-1.537194246369772,-0.15781374309150475,-0.809160305,-1.450381679,-0.320610687,1.6439895708644814,,,9.866972662741794,0.2728872376127325,9.870745512459825,10.46466024955816,1.067723427515853,2.270157218067144,0.6739475801433238,9.847054840368724,9.774249619243736,9.947380352854271,1.0601691874589043,1.0003823715588345,1.0605745660037413
157,1413,1422,9,2005-12-22 17:03:08,0,0.5509324041111111,1.4902393821613273,1.5888171480835114,4.235342737,5.384559534,3.8265445392117954,1.8251106341653673,0.189141931,-0.277727393,0.56263739,2.6657206854223743,2.883869484219123,7.6875905381412695,0.32321722433333333,0.4058577889975242,0.5188351558980012,1.084573352,1.285686291,-0.6427258834044891,0.5175043125372604,0.227449158,0.023942017,0.672770667,2.0904006593824924,1.6052212470054736,3.3555555531950287,10.329118006777778,0.6523727522690376,10.349698981412164,11.13782612,1.6879121670000004,-2.0603454443861344,-0.14570969599087563,10.45069025,9.722852942,11.00614503,1.0761497643557842,1.0019925200410027,1.0782940143283835,0.12722646322222225,0.12091200353471124,0.17551719443636707,0.312977099,0.40458015199999997,-0.6034384758923634,-0.24201501886842194,0.114503817,0.045801527,0.20610687,1.783170589098428,1.3795651469914478,2.4599999958603993,-0.6284987277777778,1.0820922951915262,1.2513730004004202,2.717557252,3.3587786260000003,0.12884381757185448,-0.9610259327702121,-0.419847328,-0.740458015,-0.053435115,2.1716604490670837,,,-1.2264631043333334,0.8844060440990645,1.5120799572542165,2.564885496,2.541984733,-1.5300000553895106,-0.2269009619837863,-1.129770992,-1.977099237,-0.511450382,1.6962631398524528,,,10.455830799336443,0.7651151224040598,10.48378742892491,11.801354168911288,2.308926397872707,-1.1206038640288285,0.2823801741593842,10.507500014812535,9.891184822647274,11.012107044986559,1.125676598168253,1.0026737836643493,1.1286864138677757
158,1422,1431,9,2005-12-22 17:03:10,0,0.32640949288888893,0.38970366797706885,0.5083425084357623,1.194706628,1.230619653,1.5751032384811356,1.5882077852886414,0.193930334,0.079008655,0.265756384,2.3502001272257784,1.557376606717759,3.6601466992465284,0.5565188747777777,0.5803755433475946,0.8040827254082378,1.328781921,1.611297717,-1.7441780220271954,0.033477641106784715,0.536301172,0.0,1.051054529,1.652543798059297,1.444843583659789,2.3876673033427536,9.991801595444446,0.17394204179638392,9.993315513713675,10.41238302,0.5793968019999998,3.119853530201767,1.7571883957823302,9.9503021,9.866505042,9.986215125,1.0419347818760696,1.000151516045907,1.0420926517143123,0.022900763444444448,0.22000983524149254,0.22119849133601044,0.34351145,0.6488549610000001,-1.0940022539185779,-0.4388811579821273,0.015267176,-0.114503817,0.213740458,1.5529556640519337,9.659000752207303,14.99999992722222,-0.24851569122222225,0.7739813164690177,0.8129004410300025,1.839694656,2.656488549,0.5366878624863958,-0.7728300466579093,-0.198473282,-0.435114504,0.458015267,2.2631241947279257,,,-0.9016115354444444,0.6522382923528194,1.1127974437685462,1.870229008,2.038167939,-1.3757410412107531,0.039810178357910134,-0.717557252,-1.503816794,-0.473282443,1.6806553775558404,,,10.037084984632036,0.16805089433638482,10.038491723950026,10.426247112342846,0.5760411595777359,2.158471361582266,1.3342889570902112,10.038628324258056,9.909767262999528,10.095431443413792,1.0386268574060489,1.000140154170274,1.038772425291473
159,1431,1440,9,2005-12-22 17:03:12,0,0.39796952044444445,0.4676112475952983,0.6140358442960904,0.986411084,1.31202251,-1.7862720610609766,-0.26514054277891386,0.493205542,0.047884033,0.833182178,1.6064389288719583,1.5429217886092064,2.4786096254265795,0.8837264349999999,0.5423457726423573,1.036875763542019,1.711854187,1.9608511599999998,0.9970125550156004,-0.8675915405824268,1.108515369,0.744596716,1.134851587,1.650973286473802,1.1732994764856377,1.937086092711485,9.919975545666667,0.2448076895015233,9.92299579922635,10.45308445,0.835576381000001,1.1982014657762825,0.9571402324700505,9.897629663,9.730035547,9.995791931,1.053420223236916,1.0003044617948682,1.0537409494488332,0.016963528333333335,0.22518085644405017,0.2258189084252949,0.480916031,0.763358779,0.43608370144464725,0.8526125249996293,-0.007633588,-0.160305344,0.099236641,2.129653510211241,13.31202471490325,28.350000162112497,-0.235793045,0.5309042400177817,0.5809110707666282,0.946564885,1.8854961829999999,1.517523947926505,1.0516760313516182,-0.320610687,-0.503816794,-0.076335878,1.6294488651263241,,,-0.6963528414444444,0.6981826428851701,0.9860863464290905,1.732824427,2.160305343,-1.011800841439345,0.19335650586928457,-0.702290076,-1.122137405,-0.190839695,1.7572745361246185,,,9.992386712944358,0.2649618416641459,9.9958990090219,10.59380992902638,0.9667845959941452,2.091123824280957,1.0742202639463707,9.93784427942172,9.846069547674338,10.088957281054183,1.0598156223332018,1.0003514972126721,1.0601881445703982
160,1440,1449,9,2005-12-22 17:03:14,0,0.740606380111111,1.0050838418263495,1.2484756062341378,2.298433594,3.28723888,-0.38265777624646535,0.09554111485283781,0.821211169,0.040701428,1.175553015,1.8409919925731846,1.6857478409068427,3.103448276607032,0.465805234,0.5982056690103891,0.7581718396629895,1.28329209,1.671152759,-1.8553341898522095,-0.06333345051594139,0.497993945,-0.119710083,0.943315454,1.6926137622975137,1.62765848110455,2.754997145437829,10.071874339555556,0.6126846592061616,10.090492317197622,10.9630494,2.159569895999999,0.7689543428711518,-0.7510126869530547,10.12986722,9.897629663,10.33816277,1.0864731923253381,1.0018485117083864,1.0884815507421997,-0.03731976255555555,0.1855045408010642,0.18922129725540077,0.297709924,0.5801526720000001,-1.0049550196024324,0.22732471939650883,-0.061068702,-0.190839695,0.099236641,1.5733425799220007,,,-0.021204410444444457,1.1313904090640496,1.1315890971304088,2.259541985,3.6946564889999998,-0.06642839071729334,-0.5737999906527207,-0.13740458,-0.41221374,1.091603053,1.9967866345919745,,,-3.484308736333333,2.870389414882181,4.514370694034381,8.977099237,8.709923664,0.1469866254120369,-1.1404594686448004,-2.427480916,-3.687022901,-1.770992366,1.9885604983354588,,,10.181894393001626,0.5296958098814258,10.195663346798181,10.965195553293924,1.8657698441410595,0.6791478169207235,-0.5876090748819076,10.206977013186902,9.990088950222235,10.435533257174026,1.07547642368335,1.0013522978401759,1.0769307881282573
161,1449,1458,9,2005-12-22 17:03:16,0,0.5352370822222222,1.2840577238628774,1.3911444829339876,3.263296863,4.259284753999999,0.6291308421212563,0.9577844797381685,0.565031592,-0.509964954,1.115697974,2.3457641553647663,2.599118277003845,6.096918489749052,0.6485626275555556,0.47059506607679813,0.8013071808473903,1.247379065,1.367089148,-1.6488910653334168,-0.11163925762711682,0.531512769,0.316034619,1.079784949,1.5566802529847348,1.2355124190049798,1.9232977849824535,9.908004537000002,0.8442276290142303,9.943906385058318,10.97980881,2.631227620999999,-0.475497551299755,-0.537817718794784,9.983820923,9.624690674,10.57040033,1.1041745954586042,1.0036235195416237,1.108175593682613,0.05682782033333335,0.2906585627202358,0.2961617822178123,0.679389313,1.022900763,1.267059360332941,0.6930568013812972,0.099236641,-0.129770992,0.122137405,2.2939803640847316,5.211563288555227,11.955223850130539,-0.572519084,1.7317349066443402,1.8239199238000228,3.732824427,5.6259541980000005,-0.5227776439598184,-0.5231419750433278,-0.435114504,-1.328244275,0.732824427,2.046594468480225,,,-1.490245971222222,2.234475666565847,2.685835914425703,6.679389313,7.4198473279999995,2.2086939111111574,-1.4580213682720773,-1.099236641,-1.900763359,0.312977099,2.486894034413943,,,10.04730108095726,0.7144167928275025,10.072668482844,11.04909617506708,2.082511128079279,-1.0880746070100948,-0.05411289553273476,10.04744633850618,9.689880445255357,10.587556602078571,1.0969383330629965,1.0025247976229974,1.0997078803588887
162,1458,1467,9,2005-12-22 17:03:18,0,0.16200764566666673,1.8372055159082588,1.8443347269240982,3.636792322,6.253654737,0.46796193084126436,-0.7971493766934089,0.64882865,-0.900219824,1.106121167,1.9718721709834555,11.384244980134122,22.448275863984573,0.21388201488888886,0.5137247404554648,0.5564697882625486,0.854729993,1.644816541,-0.32761083591549145,-0.7288745919987578,0.318428821,-0.136469495,0.67755907,1.5359863392920245,2.60176054799013,3.996268659821771,9.979564564333334,0.47243662106838263,9.990740976255168,10.78587848,1.4867992319999992,-1.0446063769518124,0.11893615576240357,9.952696301,9.595960254,10.35971058,1.0795874405746904,1.0011199298175573,1.0807965027400501,-0.01696352833333334,0.18797778690740655,0.188741647932093,0.351145038,0.534351145,-1.262376055543566,-0.6772311131870509,0.106870229,-0.167938931,0.13740458,1.860453386135199,,,-0.7938931297777778,2.141075848585456,2.283521861271375,4.038167939,7.061068702,-0.12762499629110113,0.31219759463049473,-0.969465649,-1.41221374,-0.251908397,1.7683946922022051,,,-1.2849872772222222,0.9808557983434726,1.6165612885897618,2.618320611,3.3053435120000003,0.26470555035018517,0.6709775679497718,-1.297709924,-1.847328244,-0.847328244,1.6196853342220896,,,10.165035356321356,0.4451861066430418,10.174779332487324,10.900830659006685,1.4445393755582927,-0.6860986533694935,-0.19664971048484833,10.26297072115741,9.96448121330409,10.481771116672238,1.071357943282478,1.000958577695444,1.0723849231107454
163,1467,1476,9,2005-12-22 17:03:20,0,0.48628895944444456,1.2242982956763224,1.3173394660730045,3.600879297,4.352658618,4.625214059909551,2.010785365380643,0.07182605,-0.198718738,0.588973608,2.733448279458475,2.7089643729069737,7.404814004236873,0.5035804157777778,0.5905201312544606,0.7760845705022776,1.711854187,1.97521637,0.17336402184460553,0.9036293110543947,0.339976636,0.088585461,0.979228479,2.2057572744837555,1.541133344718377,3.399366086062041,10.397485765333334,1.3277846953248948,10.481923603873877,12.04283435,4.74530769,2.3837218045647663,-1.408989609310701,10.93910739,9.672574707,11.12824932,1.1489145318278455,1.0081209862120775,1.158244850899675,0.055131467333333344,0.15938496561686072,0.16865066248021168,0.267175573,0.427480917,-1.8566708477412384,0.0838419678617601,-0.022900763,-0.038167939,0.198473282,1.5841952179188656,3.0590635554922527,4.84615385592071,-0.4028837998888888,1.9670536999082864,2.007888347128841,3.648854962,6.358778626,0.24108053463334844,0.889080434342696,-0.244274809,-2.015267176,0.213740458,1.8172598925720358,,,-0.6437659032222222,0.6978043859099105,0.9494027065195417,1.770992366,2.27480916,-0.7351358339985596,0.13447810133169522,-0.709923664,-1.145038168,-0.190839695,1.865375307905284,,,10.537954162711149,1.0770028001320744,10.592847254959052,12.050296663743898,3.7346083685681215,0.4393083063997869,-0.8147156910937541,10.958116628340278,9.673247015757187,11.130044311378281,1.1375880699216672,1.0052090843630868,1.14351386214833
164,1476,1485,9,2005-12-22 17:03:22,0,-0.03192268877777774,0.7994020681123963,0.8000392018902444,1.625662927,2.877830395,0.7923074016939156,0.6732753086617509,-0.225054956,-0.49081134,0.378283862,2.031979086973567,,,0.6118515354444445,0.40415011447879734,0.7332800395885254,1.051054529,1.3862427609999999,2.453417021220327,-1.415327035521339,0.660799658,0.521935962,0.972045874,1.4333603429186363,1.1984607328898442,1.7178260870695072,10.335768566666667,0.5251270174573928,10.349099972855534,11.36527528,1.5634136830000003,0.2877055853428958,1.2544254569416238,10.14423243,9.96466731,10.37647,1.0981897275907833,1.0012898321109724,1.09960620796537,0.050890585333333335,0.13997223945893938,0.1489364948383033,0.213740458,0.419847328,-0.19507939810592578,-0.9195426612573833,0.061068702,0.045801527,0.145038168,1.4351113757044758,2.9266021183047757,4.1999999921399995,-0.9966072944444444,0.5909349273784318,1.1586328960182462,2.122137405,1.832061069,-0.644194356452878,-0.6265424907805459,-0.984732824,-1.473282443,-0.473282443,1.8315873926011683,,,-0.4571670907777777,0.8430532296426768,0.9590310197804682,2.381679389,3.1755725189999997,2.3963196055900866,-1.035912545229984,-0.480916031,-0.618320611,0.175572519,2.4834226838097373,,,10.391709009840197,0.5422328318947364,10.405846077526734,11.476105116543254,1.640334218381252,0.42336312098827555,1.2742627630941994,10.170059416754691,10.101966427487081,10.431039872054278,1.1028517076884246,1.0013604179710143,1.1043520469709278
165,1485,1494,9,2005-12-22 17:03:24,0,1.2194467122222223,1.3660845557925565,1.8311846705137451,4.077325427,4.800374328,0.829888153439283,0.589970152374874,1.467645618,-0.134075293,1.695094775,2.2266052641518086,1.5016520624970486,3.3435863872803493,0.41632506644444445,0.35044229282097894,0.5441841246743567,0.988805286,1.0175357059999999,-1.4371139255264196,0.47147188503797754,0.344765039,0.1436521,0.814028564,1.8170417716461453,1.3071135238669904,2.3750798731499123,10.163918091444446,0.5080671395667573,10.176608629003045,10.93671318,1.553836874,-0.9892105895501051,0.1165088963236148,10.15859764,9.811438403,10.44111344,1.0746913415566242,1.001248587153539,1.0760331873597113,0.0890585241111111,0.09534348094873489,0.130467620796392,0.236641221,0.27480916,-1.2491109200739312,0.34986761210803524,0.099236641,0.015267176,0.145038168,1.8137927215619478,1.4649650002465582,2.6571428547902043,0.10856658188888886,1.2630238340838593,1.2676813117526537,2.58778626,4.404580153,0.1963979131461473,0.42494197204380235,0.13740458,-0.702290076,0.679389313,2.0413539554528994,11.676533328184235,23.8359374954665,-0.764206955,0.6010094567206687,0.9722266387720744,1.93129771,1.977099237,0.4453977633214228,-1.103706729930026,-0.580152672,-0.732824427,-0.465648855,1.9864686205669448,,,10.336400872524333,0.6095521712286192,10.35435835032627,11.655740410357577,2.1233357180555785,1.1633561554093514,1.042005956481227,10.299198252401323,9.900094792818383,10.448976867041125,1.1256844717944594,1.0017373046985505,1.127640128716393
166,1494,1503,9,2005-12-22 17:03:26,0,-0.36817501088888893,1.1676172248146532,1.2242887005632725,2.52348855,4.237736939,0.3377014448969602,-0.22032578767784453,-0.02873042,-1.36948335,0.229843359,2.061187486937509,,,0.3854664672222222,0.588586342718942,0.7035753550175279,1.520318054,2.147598889,0.5696964186305129,0.2556050505909489,0.450109912,0.124498486,0.581791003,2.160846088706625,1.8252569674547467,3.9440993790091046,10.001378401333334,1.3834467062844389,10.096608079735796,11.35809268,5.11401475,7.163297292374498,-2.53620724488128,10.32858596,10.27351932,10.56082352,1.1249414249123963,1.009521655374,1.1356527294763485,0.08142493633333334,0.16932116813918835,0.18788208599253595,0.366412214,0.503816794,-0.521648801144079,0.7733528266164899,0.022900763,-0.045801527,0.145038168,1.9502243232202383,2.307426870110081,4.500000006140625,-0.6972010177777777,1.9308501024235174,2.0528690599303396,3.885496183,7.129770992,0.9007220473393227,0.5254318630613205,-0.664122137,-1.954198473,0.358778626,1.8927150585687365,,,-0.6649703138888889,0.8973890916049317,1.1169121272888982,1.564885496,2.824427481,0.8261295894172616,1.191749560161637,-0.86259542,-1.404580153,-0.458015267,1.4010820168982103,,,10.117512923345718,1.2535262519123918,10.194871054520558,11.399703526587137,4.6398969887440655,6.592447750802647,-2.399096400664999,10.374606507888437,10.274738108934466,10.699772933702405,1.118180256093807,1.0076459631691046,1.12672982114832
167,1503,1512,9,2005-12-22 17:03:28,0,0.9329405803333333,0.39761371641451293,1.014137463026417,1.594538306,1.175553015,-1.2193960097535292,0.4199499092794533,0.804451758,0.67755907,1.280897888,1.572309833857764,1.0870332842248889,1.7091531225174945,0.37775181766666666,0.5973870621271782,0.7068010595262373,1.319205115,1.939303345,-0.20803458884352466,-0.46729704168045455,0.524330164,0.263362183,0.656011255,1.8664447332383058,1.8710725573527964,3.4922535201778553,10.057243108222222,0.22860690967069172,10.059840955851767,10.27830773,0.6464344509999993,-0.8601102382765777,-0.8861605352749354,10.13226143,9.854534033,10.25197151,1.0217167224717556,1.0002583061383314,1.0219806381728058,0.05682782022222223,0.1246617375042937,0.1370034669225514,0.198473282,0.389312977,0.04399241058821168,-0.9889591078895277,0.091603053,-0.045801527,0.145038168,1.4486734274556552,2.4108520507527205,3.492537303452439,0.06361323155555555,0.37178002038424673,0.3771830149752924,0.694656489,1.2442748099999998,-0.28607459220460285,-0.2744915632956706,0.198473282,-0.13740458,0.297709924,1.8416961035361148,5.929316995095366,10.9200000064976,-0.9372349449999999,0.45974761148467547,1.0439239476106568,1.65648855,1.3053435119999999,-1.5571965816723043,-0.44563552451281996,-0.755725191,-1.404580153,-0.534351145,1.58679044943014,,,10.132488970749725,0.24720405807522658,10.135504061895178,10.41887187710103,0.7127591529258659,-1.2489268840291214,-0.6034405149815656,10.166652803130487,9.901207287971745,10.355807859762637,1.0279579400763288,1.0002975666841738,1.0282638261120274
168,1512,1521,9,2005-12-22 17:03:29,0,0.5227340292222222,0.826548013820458,0.9779736624559185,2.193088721,2.5043349370000003,-0.2935966791458178,0.8661175639982498,0.04309563,-0.160411511,1.170764612,2.242482395172735,1.870881954846232,4.195419847189028,0.49107736277777764,0.3580137810694601,0.6077259609959315,1.007958899,1.012747302,-1.831207360457077,-0.09547192462786791,0.584185205,0.179565125,0.809240161,1.6585746926923661,1.2375360932101032,2.052546045491658,9.982490810444444,0.4015874108287058,9.990565310789169,10.65659159,1.2497732670000001,-1.2311161381364673,0.1328181929555784,10.08437739,9.579200842,10.2423947,1.066665524771813,1.0008088662937988,1.0675283145615582,0.12044105177777777,0.1586112586112999,0.19915716987243517,0.34351145,0.48854961799999996,-1.0142740586037888,-0.15878591091591882,0.152671756,-0.007633588,0.229007634,1.7248259262773573,1.6535655155178668,2.8521126719634005,-0.25699745533333335,0.9188534395357603,0.9541170449135189,1.755725191,3.030534351,1.0492655644011561,1.2232895288794734,-0.709923664,-0.923664122,0.122137405,1.840157033521122,,,-0.7591178966666666,0.6477924856139947,0.9979454321041714,1.969465649,1.992366412,-0.7452055418212629,-0.7225704519421475,-0.503816794,-1.366412214,-0.290076336,1.9735203806157766,,,10.050793627033515,0.34453740588249154,10.056697199243384,10.658191459318981,1.1572502080093319,-0.5614273456077967,0.1353112989031914,10.118066457331649,9.83507064958393,10.24712380750646,1.0598103182544714,1.0005873737367357,1.0604328230013353
169,1521,1530,9,2005-12-22 17:03:31,0,0.44798173288888893,0.6404602007785121,0.7815861448256256,1.625662927,2.22181914,-0.2681188286651812,0.28979331270917735,0.308852014,0.019153613,0.895431421,2.0799536145343143,1.744683069520335,3.6288598566656436,0.4583566067777778,0.4929680160512054,0.6731331546033815,0.995987891,1.783680237,4.507855941698997,-1.912786554974673,0.600944617,0.397437476,0.675164868,1.4796298238895222,1.4685795833411703,2.1729541502668437,9.798137283333334,0.4522867557458926,9.808570616173892,10.958261,1.556231081,4.878658095095066,2.0635288775791696,9.696516724,9.531316809,9.873687646,1.117212836489174,1.001064828195284,1.118402476217601,0.1730279898888889,0.15469398652973929,0.23209677885195348,0.374045802,0.534351146,1.2232847318418747,-0.7942671064204349,0.160305344,0.13740458,0.282442748,1.6115941110866983,1.3413828537278623,2.1617647077804927,-0.39525021211111117,1.0564349720687307,1.1279528271979014,1.954198473,3.122137404,-0.923243092438832,0.022315898965974905,-0.244274809,-1.221374046,-0.076335878,1.7325179084436413,,,-0.3350296861111111,0.5194137110897428,0.6180901987928044,1.465648855,1.748091603,1.0893760694979235,-0.9245804318867797,-0.396946565,-0.519083969,0.122137405,2.371253997980501,,,9.852924542375549,0.43808748022871447,9.862659006478909,10.970929293441673,1.5429370676132432,4.747487071451943,1.9960233465075283,9.822665972919111,9.589246315479286,9.876699677457605,1.1123703340280473,1.0009879771291756,1.1134693304772405
170,1530,1539,9,2005-12-22 17:03:33,0,0.4793723768888889,0.793652694280973,0.9271906356642902,2.099714856,3.119644763,1.87070942575438,0.2461694613713961,0.299275208,0.134075293,0.828393774,2.264598859430509,1.934176186124297,4.380133185034734,0.2830478406666666,0.6792286091706481,0.7358448094686512,1.235408057,2.185906116,-0.4926284048096541,-0.7112684537392445,0.474051929,-0.141257898,0.727837305,1.6788975625065292,2.599718859311929,4.3646616561010525,9.77845162488889,0.261517210317755,9.781948038687618,10.31900916,0.8044517629999994,0.19133690522362112,1.1172832103520947,9.665392102,9.607931262,9.945513696,1.054903289118722,1.0003575631329842,1.0552804836437746,-0.016115351888888893,0.08662202840635658,0.08810834450683068,0.13740458,0.267175572,-0.8421151027509834,0.22079449190834394,0.007633588,-0.106870229,0.015267176,1.559495650146367,,,-0.273960984,0.9552221443404443,0.9937323411223994,1.458015267,2.755725191,-1.437913392764235,0.4783647749655748,-0.526717557,-0.977099237,0.778625954,1.4672112465950369,,,-0.6437659033333333,0.6580843377615182,0.9206028100660993,2.007633588,2.458015267,1.1893907395240397,-0.4747601902449953,-0.618320611,-0.961832061,-0.312977099,2.1807815119050655,,,9.850298842423953,0.24345472887444797,9.853306931688977,10.340369605761007,0.7236483117737809,-0.2613498809806627,1.0657467329873183,9.74823249126263,9.6723015032603,10.073714943347223,1.0494313916585303,1.0003053805080582,1.0497518675500872
171,1539,1548,9,2005-12-22 17:03:35,0,1.3231954508888888,2.2187287807291907,2.5833318802835015,5.604826086,7.328651281,-0.28403488085269846,0.5903893046176988,0.636857642,-0.660799658,2.475604517,2.169611318149688,1.9523433809782866,4.235826296285119,0.5743423761111112,0.8622705040171248,1.0360403404766165,2.415749475,3.1818940060000003,1.256265273290472,0.7369270288495694,0.325611426,0.169988318,1.022324109,2.3317137186846093,1.8038723652809245,4.206113940881586,9.558983139444443,0.8084567562298741,9.593110078951295,10.65659159,2.9305028329999994,2.091995217910612,-1.0989287145084916,9.713276135,9.246406812,9.840168823,1.1108588875032448,1.0035701432891988,1.1148248129057112,0.033927056777777784,0.190690734391094,0.19368531530350286,0.328244275,0.633587786,-0.18603885253981023,-0.5271470734316773,0.015267176,-0.022900763,0.183206107,1.6947297965550183,5.708874676991336,9.675000019895622,1.3273960983333335,2.053797510705698,2.4454170639895922,6.259541985,7.091603054,3.0055214036863305,1.5190506231858898,1.290076336,-0.282442748,1.984732824,2.559703241289986,1.8422662738424769,4.7156549524738125,-2.693808312111111,0.7468221078437028,2.7954152613096723,3.908396947,2.465648855,-0.10603124556738219,-0.31394489861412633,-2.694656489,-2.786259542,-2.198473282,1.3981453850863244,,,9.977337639378485,0.4769463360822258,9.988730859206335,10.688885895329578,1.3626947271808376,-1.4244760540384998,0.30048375608987293,9.8459315689939,9.69230349089044,10.513542248250554,1.0700944940845944,1.0011419098199987,1.0713164454957163
172,1548,1557,9,2005-12-22 17:03:37,0,-1.323993518,2.9101426796904026,3.1971689432780455,8.221688501,9.99339773,2.656690401480459,-1.4661001251036132,-0.553060583,-2.221819141,1.106121167,2.571552722694201,,,0.34476503922222224,0.9420601275179695,1.0031650991382592,1.968033765,3.313575098,-0.10522913619953211,-0.11667845246753078,0.658405457,-0.316034619,0.756567725,1.9618243962938742,2.9097065682801375,5.708333331708501,11.116012286444445,2.2540496868122304,11.34224268577437,17.20712733,7.553706235999998,6.850565404330629,2.5193757872276192,10.46984386,9.718064539,11.18810436,1.5170833323449748,1.0203517586613147,1.5479586461939627,0.1365564036666667,0.27304694730183815,0.30529049577939105,0.519083969,0.870229007,-0.6999478033657272,-0.07728103138004827,0.091603053,-0.045801527,0.442748092,1.7002952144802448,2.235636613018919,3.8012422344328916,-2.4554707380000003,3.3733299570032167,4.172372411948578,11.3129771,12.335877863,5.782501404277481,-2.246767001531833,-1.312977099,-1.984732824,-1.167938931,2.7114015679910564,,,-0.840542832888889,0.9228923407228353,1.2482958489419695,2.664122137,3.213740458,0.4462842424189173,-0.39007189208715737,-0.801526718,-1.34351145,-0.557251908,2.1342073189284867,,,11.49712814528522,2.773218891808453,11.826863430808393,19.073050900123846,9.31411282932678,7.32458950570599,2.6280266170004745,10.72322752224819,9.84330496049606,11.579329792837264,1.612688859705566,1.0286797956286493,1.6589404466145212
173,1557,1566,9,2005-12-22 17:03:39,0,0.6560112548888889,0.41452966595762686,0.7760061923076622,1.273715283,1.223437048,-1.0740901656710018,-0.07859568914911973,0.7206547,0.344765039,0.912190833,1.641372576180438,1.1829159736582526,1.9416058390884376,-0.1165178141111111,0.4529015652772373,0.4676496860212814,0.746990918,1.465251416,-0.44897986118682365,0.2699406904734348,-0.237025964,-0.349553442,0.177170923,1.59733009628495,,,9.918911455333335,0.4741720855520586,9.930238850373117,10.84812772,1.6089035130000013,-0.027228149473563334,0.6388787984842275,9.785102185,9.696516724,10.31661495,1.0924337151862562,1.001141999814273,1.0936812742861044,0.028837998333333337,0.07477434049419997,0.08014257385569726,0.160305344,0.221374046,-0.6175523677940746,0.8190893034215565,0.007633588,-0.030534351,0.061068702,2.0002520044919176,2.779061602311762,5.5588235406306215,-0.7268871924444444,1.168683081394012,1.3762939857735228,3.13740458,3.847328244,0.42540350263035975,-0.8529566868283385,-0.79389313,-0.946564885,0.396946565,2.2796034949151323,,,-1.5555555555555556,0.9723749882916563,1.8344661905510693,2.702290076,3.20610687,0.7842719794913791,1.0385032051410836,-1.65648855,-2.458015267,-1.450381679,1.4730661649251975,,,9.959859926107397,0.48136858758670675,9.9714856197457,10.87262675251621,1.6295130191705027,-0.23119225007207334,0.51601225326942,9.815670284932832,9.739799803747832,10.385531579034534,1.0903718028721874,1.0011672547329535,1.0916445445197691
174,1566,1575,9,2005-12-22 17:03:41,0,-0.020217702888888897,1.0001582127635977,1.0003625373176355,2.051830823,3.928884925,1.8402413772549817,-0.2122883327039169,0.009576807,-0.47644613,0.44771571,2.0510872273383645,,,0.5006541693333334,0.44571385402892766,0.6703099558742734,1.371877551,1.331176123,-0.4243927288235554,0.8369463818047523,0.416591089,0.119710083,0.797269153,2.046631620159489,1.3388682186884655,2.7401700315944235,10.164982181333333,0.5892828049243001,10.182048760981436,11.14500873,2.0254946060000005,-0.2230506387358968,-0.13475498892213542,10.20169327,9.787496387,10.50575688,1.094574283783507,1.0016789581470633,1.0964120281948315,-0.0008481763333333362,0.20729542769020093,0.20729716289509548,0.419847328,0.725190839,0.28288395050114445,-0.5831028536627152,0.007633588,-0.13740458,0.160305344,2.0253404442996037,,,-0.22137404588888882,1.2700336673403636,1.2891826807598794,2.923664122,4.740458015,1.4361635171154399,-0.6086492241110192,-0.404580153,-0.671755725,0.351145038,2.26784315802064,,,-1.0398642919999999,0.44265709008188936,1.1301606280420615,1.816793893,1.351145038,-0.86136805826757,-0.6481028614297777,-0.870229008,-1.374045802,-0.755725191,1.607553694511099,,,10.234496995561866,0.6158156070217004,10.253007247340479,11.360319864348646,2.2290374944518447,0.32266076084245476,0.06303694339235633,10.233893660673774,9.801027918504932,10.597932494546763,1.1079988134501118,1.001808613729296,1.1100027553161613
175,1575,1584,9,2005-12-22 17:03:43,0,1.3444772434444445,3.0161774384190094,3.3022636778682335,9.753977563,10.132261425,8.272623797176216,2.8451462061948005,0.316034619,-0.002394202,0.493205542,2.953724630886123,2.4561692613019575,7.254847644732966,0.6017426838888889,0.5542632860106851,0.818108823955081,1.786074438,1.860294689,0.7560221761208687,0.8568142356885412,0.672770667,0.162805713,0.828393774,2.183174640954693,1.3595658839886184,2.9681697606311017,10.362636829666666,1.1305594861891195,10.424126189536283,13.47217274,3.8690298809999994,7.615745840777635,2.7143041997537143,9.938331091,9.883264453,10.00297454,1.2924030748518125,1.0059337561356567,1.300071879526956,0.014418999111111112,0.22473954409929994,0.22520162125821253,0.419847328,0.687022901,-0.057031684856968745,0.9465720096152173,-0.061068702,-0.091603053,0.022900763,1.8643175198042197,15.618394836065619,29.117647124096887,-1.0856658185555554,1.6943805328323311,2.012360718067484,5.503816794,5.93129771,5.453142908402647,-2.207894562272752,-0.442748092,-1.114503817,-0.244274809,2.7350050836240936,,,-0.5860899067777778,0.9857335439391757,1.1468094865642116,1.86259542,3.381679389,0.7282929791259498,0.9428641458347549,-0.977099237,-1.244274809,0.030534351,1.6241541788952671,,,10.763971555025316,2.0913083522003917,10.96524756954339,16.63328056446148,6.98629543921899,8.602107332066979,2.913900137629911,9.966088657297774,9.915428570001007,10.161179423579158,1.5169088029221867,1.0186990474184323,1.5452735525574657
176,1584,1593,9,2005-12-22 17:03:45,0,0.2790575046666667,1.4764886803750137,1.5026283353465475,2.5953146,4.242525342,-1.6791412886260186,0.15293610089681497,-0.004788403,-0.869095203,1.584961499,1.7271833220165178,5.384654812066181,9.300285986216695,0.32241915688888884,0.7578395223001559,0.8235744376126973,1.371877551,2.576160986,1.4439700685246244,-1.1164223504989932,0.220266553,0.019153613,0.928950244,1.6657602377469047,2.5543595038197906,4.2549504943739205,9.868367198222224,0.8470059853625671,9.904649933146972,10.91516537,2.5977088029999997,-0.5509176950358272,-0.39533823689583647,9.770736975,9.607931262,10.75475386,1.1020243465113522,1.0036766705368732,1.1060761269570873,0.17981340122222222,0.20815776976586658,0.2750682031297027,0.633587786,0.732824427,1.5996245098458228,0.756158115391059,0.167938931,0.083969466,0.259541985,2.3033843199289916,1.5297425067320756,3.523584903535533,-0.023748939777777818,1.091982261362709,1.0922404823441512,2.213740458,3.8396946560000003,0.42392889561750824,-0.47073638758537895,-0.13740458,-0.427480916,0.801526718,2.026788508377662,,,-1.2324003392222223,0.849210565477886,1.4966526586467281,3.496183206,3.091603053,6.396374832924071,-2.350396378010582,-1.061068702,-1.13740458,-0.961832061,2.3360017341373283,,,10.01313344053261,0.880576952203108,10.05177880112091,11.097192875355136,2.7315531765526853,-0.477864758495234,-0.4767816096441186,9.897853211602015,9.733920930179048,10.90443397779849,1.1040028929126104,1.003859467250468,1.1082637559222286
177,1593,1602,9,2005-12-22 17:03:46,0,0.5142213122222222,0.953915548353612,1.0836874232611156,1.90339032,3.076549133,-0.5677032722355095,-0.22704065193997838,0.667982263,-0.316034619,0.931344446,1.756401596202133,2.107433895685749,3.701500258272929,0.5666277263333334,0.31056199091420295,0.6461545716392296,1.024718311,1.082179151,0.44252235924652084,-0.7723603089258197,0.624886633,0.509964954,0.754173523,1.585871795970416,1.1403511363987024,1.8084507047175151,10.09182602011111,0.639859266208083,10.112090402124776,11.20965217,2.1667524999999994,-0.11338371754378951,0.492156576938208,9.861716638,9.799467395,10.44111344,1.1085395525780308,1.0020079995407454,1.1107654994905058,-0.01696352844444445,0.18259644725510188,0.1833827250519271,0.34351145,0.5954198470000001,-0.024635348992386064,0.5350609361827556,-0.053435115,-0.129770992,0.083969466,1.8731941621149455,,,-0.09923664111111113,1.1105930201694758,1.1150178327668905,2.114503817,3.801526718,-0.21441206304012272,-0.1891760007374037,0.122137405,-0.740458015,0.366412214,1.896385649503837,,,-1.4164546226666668,0.40084390508631595,1.4720800026896013,1.870229008,1.0839694659999999,-1.5997301082026714,0.29535705772654497,-1.320610687,-1.79389313,-1.190839695,1.270466961430731,,,10.171973393241014,0.6141854359437956,10.190498832860373,11.243960195583977,2.0265841727963902,-0.2586678237026767,0.5920322184580632,9.941113363068656,9.835614125702993,10.477281146633088,1.1033768199184326,1.0018212237589676,1.1053863159979622
178,1602,1611,9,2005-12-22 17:03:48,0,0.33146391888888893,0.9997798755192924,1.0532939423629815,2.149993091,3.8235400509999997,1.3289880528209714,-0.2419658779337554,0.354341846,-0.153228906,0.943315454,2.0412090153833606,3.1777031596493597,6.4863563376884645,0.19446237911111108,0.6119919328750306,0.6421446432025028,1.146822595,2.219424939,0.8500902904303658,-0.7271089799088875,0.373495459,-0.021547815,0.543483777,1.785925658868021,3.302153589489908,5.897400824993164,9.877145937000002,0.41484776229149256,9.885854061570697,10.72123503,1.6711527550000014,2.4543258491864455,0.08071383124486878,9.871293445,9.737218152,9.993397729,1.0845026603899284,1.000881643809481,1.0854588054468268,0.01950805766666666,0.2755411772684695,0.27623089017056024,0.541984733,0.8320610690000001,-0.014875417502043575,-1.040986375740083,0.175572519,-0.145038168,0.213740458,1.9620714130318615,14.159835637689078,27.782608717939517,-0.13316369799999997,1.2400768572745675,1.2472061507276988,1.938931298,3.6030534349999996,-1.1360108854230697,0.38225878496626453,-0.13740458,-1.305343511,0.557251908,1.5546197369766859,,,-0.8278201866666666,0.45302785131301193,0.9436739349574722,1.572519084,1.27480916,-1.3201361075863534,-0.6119960978651154,-0.610687023,-1.251908397,-0.503816794,1.666379695091258,,,9.9550306539735,0.38633285769404924,9.962524198138043,10.8698796182204,1.5062833398681992,3.3215372510182117,1.2617092310968339,9.894252937953178,9.814094859871242,10.044766850137997,1.0910768598436065,1.000752739436473,1.0918981564242338
179,1611,1620,9,2005-12-22 17:03:50,0,0.28570806500000007,0.791040428121701,0.8410553235840126,1.18273562,2.173935107,-1.4116918186371734,-0.5096158957293534,0.586579407,-0.428562097,1.072602344,1.4062518681410585,2.943757725509122,4.139664800851876,0.41659108877777773,0.4966107542892932,0.6482055048553931,1.244984863,1.675941162,-0.3027536117496563,0.10622033607604366,0.378283862,0.062249243,0.59136781,1.9206638229302624,1.5559754452673025,2.9885057470927143,10.165514225666666,0.339398095202247,10.171178424315361,10.70208142,1.0749965450000012,-1.0496951071590406,0.04058219915873345,10.13704983,9.876081848,10.49139167,1.0521968029206386,1.0005571974543495,1.0527830843007007,-0.014418999111111108,0.09638658342895252,0.09745912476763091,0.190839695,0.335877863,1.2906316539297489,0.6970681309505711,-0.030534351,-0.030534351,0.015267176,1.9581511269982548,,,-0.4860050891111112,0.5266991184147958,0.7166679202956012,1.106870229,1.503816794,-0.9739288259018308,0.6907591994424337,-0.610687023,-0.900763359,-0.167938931,1.5444673853176707,,,-0.6556403731111111,0.7772730554358057,1.0168666095215193,1.519083969,2.526717557,0.8983567750250376,1.0776552791152847,-0.748091603,-1.328244275,-0.580152672,1.493887157642826,,,10.220777695495785,0.34076131289803413,10.226456618649108,10.74819631783603,1.0499704035311606,-1.2732672427067198,0.06563847738186802,10.163895899434392,9.894765357047529,10.567555098847782,1.0510186195123998,1.000555625346966,1.0516025920975343
180,1620,1629,9,2005-12-22 17:03:52,0,0.7600260157777777,1.629300352525336,1.797848487330962,3.538630054,5.72453617,5.9062635267335715,-2.2868624546859406,1.288080493,0.46208092,1.786074438,1.9682582147138306,2.3655091404879367,4.655932797746034,0.2192024631111111,0.533209382132052,0.5765084258080039,0.883460413,1.651999146,-0.5275577554306183,-0.677113259781672,0.390254871,0.004788403,0.543483777,1.5324327858032403,2.6300271339368053,4.03033980759689,10.14183823311111,1.3243463249961196,10.22794094307965,13.1178309,4.498704923,1.7099649446144118,1.2944129059119889,9.87847605,9.509768994,10.22802949,1.2825485572319113,1.0084898524300487,1.293437205217182,0.19423240033333336,0.6471624997880343,0.6756815274011461,1.938931298,2.297709924,6.779097854388157,2.490650533938028,-0.007633588,-0.099236641,0.198473282,2.8695934687716775,3.478727165197826,9.982532752890295,-0.37065309577777783,1.2571473939736926,1.3106499485310703,2.877862595,4.091603053,0.10873418668819745,-0.7445131346971342,-0.229007634,-0.748091603,0.816793893,2.1957522664426192,,,-1.1340118744444443,0.9109209426435528,1.4545651910889457,2.72519084,2.702290077,-0.9711700510155041,-0.612629037082053,-0.984732824,-1.687022901,-0.427480916,1.8735432806279468,,,10.314155728160431,1.339249304202267,10.400740218059044,13.126204655771131,4.310426425396789,0.8110426222284364,1.1714280190602469,9.92823611460525,9.756612650892594,10.369813922062423,1.2620452372206934,1.0083947239289992,1.2726397585730693
181,1629,1638,9,2005-12-22 17:03:54,0,0.5360351495555555,1.4272438545948356,1.5245847638087464,2.233790149,4.316745593,-0.44937649075557307,-0.922778083351398,1.455674609,0.11492168,1.498770239,1.4651793734442833,2.844188044520644,4.167245657028479,0.13806562888888887,0.363720831864253,0.3890436497521951,0.849941589,1.233013855,0.1596428484209813,0.3069349135832834,0.191536133,-0.162805713,0.335188232,2.184694672542215,2.817816808449016,6.156069369618472,9.885658654333334,0.5431268149241271,9.900567345717374,11.11388411,1.8698715000000004,1.7381037860438155,1.23117626806944,9.780313782,9.514557397,10.14423243,1.1225502258522047,1.0015081131066066,1.1242431585606367,0.1899915181111111,0.1960260306302244,0.2729889771379173,0.496183206,0.549618321,-1.5197743863972857,0.6508637287607266,0.099236641,0.045801527,0.427480916,1.8175942897112738,1.4368482332893806,2.6116071440085102,0.6284987277777777,1.4449386728607387,1.5757088624320288,2.709923664,4.320610687,-1.6814843475303443,-0.08267056808859967,0.748091603,-0.679389313,1.778625954,1.7198124149770706,2.5070995258866495,4.311740890202987,-0.8795589483333333,0.4395747435936749,0.9832852581009666,1.389312977,1.3435114499999998,-0.35876748587543794,0.6004188458047522,-0.870229008,-1.351145038,-0.72519084,1.412929732805311,,,10.009926917616374,0.546178116107362,10.024816578398601,11.308564413416285,1.8187726032491724,2.724652334846784,1.5588830692308207,9.893088093088812,9.518750242096619,10.151494653173165,1.1280569898689112,1.0014874894596906,1.1297349627512716
182,1638,1647,9,2005-12-22 17:03:56,0,0.6919242797777777,1.4509204460652687,1.6074605282109526,3.220201233,5.183446594,0.33640881327836336,0.0624274614861608,0.574608398,-0.193930334,1.273715283,2.003284793925218,2.323174045471007,4.6539792389338,0.992263577,0.9975138635482427,1.4069900192296239,2.588131995,2.861070984,-1.1427593000690943,0.5548333767748825,0.790086548,0.105344873,1.709459985,1.839481417513603,1.4179599572560184,2.6083109921508285,9.265826447444445,0.8640561753751341,9.306026693942202,10.88164655,2.901772416999999,-0.22499657080573066,0.2814291001306688,9.241618408,8.619125977,9.708487732,1.1693117705200065,1.0043385494781034,1.1743848874917364,0.06191687877777779,0.3226728873972214,0.328559723853734,0.648854962,1.1145038170000001,-0.2016801614503354,0.1643037858601471,0.022900763,-0.145038168,0.290076336,1.9748463213612053,5.30646457540194,10.479452046166072,0.43511450399999996,1.641164170408737,1.6978646783017084,3.580152672,5.717557252000001,0.03680889516680175,0.3233027842687724,0.335877863,-0.519083969,1.366412214,2.1086207385979976,3.902110048489003,8.228070172535551,-0.14249363877777776,1.0413623955017306,1.051066161503278,1.694656489,3.183206107,-1.1371548158615927,0.2656774739819609,-0.183206107,-0.992366412,0.41221374,1.612321422826735,,,9.51477006298716,0.7967645454060807,9.548072218638318,11.021514329559698,2.8788922094252616,0.285799620212396,0.1920507583002855,9.590902902269885,8.968885538129763,10.049416412925805,1.1543182830189687,1.0035000483911538,1.1583584528683288
183,1647,1656,9,2005-12-22 17:03:58,0,0.07076196011111113,1.1712174755408473,1.1733531565607354,2.161964099,3.955221142,-0.33538209970197563,-0.4252852862942652,0.308852014,-0.687135876,0.852335791,1.8425519093816765,16.581693818519508,30.552631606095456,0.3977034981111111,0.8720888043243993,0.9584920213740826,1.264138477,2.475604517,0.24375721765145464,-1.3081651337144131,0.699106885,0.351947644,0.967257471,1.3188826289735267,2.4100668611828437,3.178595317878805,10.534221283333332,0.5526400213532284,10.548707458235548,11.30302604,1.6735469630000015,-1.275424155777312,-0.14649365444066773,10.63025537,10.0891658,11.07078848,1.0715081525154577,1.001375153845034,1.0729816410713746,-0.18490245955555557,0.6241495094315633,0.6509620032485421,1.93129771,2.076335878,8.454179656600738,-2.8788046185063405,0.045801527,-0.061068702,0.122137405,2.966836313582217,,,-1.2620865140000002,1.527976580106837,1.9818109895183387,3.870229008,5.007633588,-0.6218040062000183,0.0076836460513615736,-1.526717557,-2.061068702,-0.328244275,1.9528749353340826,,,-0.8854961831111109,1.1403806890189072,1.4438045595549225,3.229007634,3.5496183209999996,0.4911327459440056,-1.1703136187211967,-0.610687023,-0.916030534,0.053435115,2.23645756804882,,,10.642145354596602,0.5616367830912017,10.656955176056766,11.54124556636225,1.8515603401532346,-0.7943836874908747,-0.0650428115487815,10.72703344275236,10.271114243294791,11.158053739208297,1.082977771389359,1.0013916199193584,1.0844848648282468
184,1656,1665,9,2005-12-22 17:04:00,0,0.34157277011111115,0.9086856591320419,0.9707634028915653,1.388636963,2.571372583,0.5198764669341447,-1.4643052977952127,0.73501991,0.512359155,0.833182178,1.430458707923821,2.8420397872341607,4.065420561915069,0.4277640301111111,0.27056950543024216,0.50615207470252,0.960074866,0.9648632690000001,0.29594953973371485,0.42220972989282274,0.380678064,0.229843359,0.600944617,1.8968110850168172,1.183250668764851,2.2444029848667313,10.20089520722222,0.2960409900868351,10.205190017659685,10.78109008,1.0175357100000006,0.46956748257785286,0.2748838232006518,10.19690487,10.08677159,10.35731638,1.0564320763595525,1.0004210228955615,1.0568768584513055,0.038167939000000005,0.10178117047499999,0.10870233774288725,0.145038168,0.282442748,-1.1199017898482326,-0.621508979045615,0.061068702,-0.045801527,0.145038168,1.3342690783988251,2.8480012437372433,3.7999999947599994,-0.05513146733333333,0.9396432048037883,0.9412591731421588,1.717557252,2.7175572519999998,-0.18104188421835588,-0.9878377462919202,0.030534351,-0.076335878,0.526717557,1.8247442373032752,,,-1.1950805767777777,0.4861863843366544,1.2901917629972124,2.022900763,1.633587786,-0.2796233595521205,0.265330227569345,-1.381679389,-1.480916031,-0.93129771,1.5679070515073275,,,10.25858061108495,0.32557433795075613,10.263745651742358,10.912468083637597,1.1138883910263626,0.5674097091970358,0.43783348732386496,10.24276826406214,10.123733581058143,10.424628965629251,1.0632052326613446,1.0005034849218641,1.0637405404648363
185,1665,1674,9,2005-12-22 17:04:02,0,-0.12955291199999994,2.2080520954872207,2.2118494554090216,4.517858533,8.497021692,1.656375733727634,0.54415348719219,-0.46208092,-0.964863269,1.09654436,2.042570538402463,,,0.18036319155555558,0.593669754775398,0.620463261284008,1.12527478,2.0422540160000002,-0.29135797710630307,-0.24579855991372632,0.146046301,-0.184353528,0.627280835,1.8136042054630563,3.4400769687693873,6.238938057676764,10.770981224555557,2.3094834794251504,11.01579549925769,16.68040297,9.040505472,5.24046320385373,1.889139379175377,10.39322941,9.725247144,10.8217915,1.5142259105231233,1.022729059646303,1.5486428415613809,0.07379134844444445,0.2610592779218112,0.27128787236864615,0.633587786,0.885496183,1.019840040362272,1.0043173915372565,0.030534351,-0.053435115,0.160305344,2.3354814222547837,3.676418416081549,8.586206911193816,-1.607294317222222,3.248272966355445,3.6241788430112623,6.79389313,11.816793893,1.1308231984630224,0.33494370913232524,-1.091603053,-2.335877863,-0.908396947,1.874602061402434,,,-0.9423240033333333,0.706931514194294,1.1780181208365164,2.083969466,2.038167939,-1.2680480049059337,-0.3577482210732583,-0.916030534,-1.465648855,-0.282442748,1.769047036831796,,,11.019457824791827,2.279594788793955,11.252777575046188,17.165563204564798,8.267666781808131,6.8186441666189825,2.4749131856869457,10.443830105127724,9.779440167223724,10.823874307983518,1.5254512132747224,1.0211734328461637,1.5577502520990936
186,1674,1683,9,2005-12-22 17:04:04,0,0.04123347311111111,1.042650176938007,1.043465184265226,1.690306372,3.354276526,-0.7960211604036118,0.17997290467416183,-0.189141931,-0.567425793,0.931344446,1.6198972399738074,25.306264680964876,40.993548310741645,0.3639186523333333,0.7215834120925491,0.8081580328891342,1.726219397,2.128445276,-0.7513735336484868,0.7410686429193548,-0.047884033,-0.177170923,0.713472095,2.135992376180227,2.2207106662642215,4.74342105284249,10.240000501777779,0.5867992415657975,10.25679987258752,10.93431898,1.7286135970000007,-1.0666793565104369,-0.5880923237286978,10.39322941,9.90720647,10.76672487,1.066055603680367,1.0016405634752483,1.0678045355663488,-0.007633587888888886,0.15152239109839882,0.1517145565469363,0.27480916,0.503816794,-0.1437778102767,0.6539848826334232,-0.030534351,-0.099236641,0.045801527,1.8113565781341596,,,-1.4970313825555555,1.724088775795349,2.283327630275538,5.687022901,5.969465649,3.264192477354827,-1.6429927232119987,-0.847328244,-2.183206107,-0.175572519,2.490673184869981,,,-0.6446140797777777,0.6206159670819433,0.894813662415146,1.671755725,1.7938931299999998,-1.6490156489322887,-0.2944166697351294,-0.465648855,-1.129770992,-0.06870229,1.8682724629928527,,,10.323481541125698,0.6079568185695189,10.341367541249475,11.076515168590847,1.7963504876148715,-1.1414892394413902,-0.4075869143593617,10.466777981958643,9.917171994425104,10.783122274777137,1.0710880475342384,1.0017325550544673,1.0729437665447732
187,1683,1692,9,2005-12-22 17:04:05,0,0.39264907222222223,0.6618234369329281,0.7695346357316774,1.367089148,1.977610571,-1.4129282807549384,-0.23246655263427032,0.581791003,-0.220266553,0.943315454,1.7765141223307837,1.9598534420989395,3.4817073175873627,0.6187681178888887,0.6233749095326684,0.8783337984790409,1.429338391,1.867477295,-1.3230949512047885,-0.21643402834820413,0.60573302,0.090979663,1.199495032,1.6273293746353623,1.4194878066370606,2.3099742046772103,9.920773612111113,0.6030135912467329,9.939083179749952,11.12106671,1.7836802349999985,0.3252370370876365,1.2744594041757193,9.67736311,9.550470422,10.01973395,1.1189227928646617,1.0018455786166198,1.1209878528448214,-0.051738761555555554,0.2691861288107082,0.2741132455599288,0.625954198,0.9541984729999999,1.18245250110275,-0.7355472585577805,-0.030534351,-0.190839695,0.076335878,2.283560565347248,,,0.061068702444444414,1.4308809120708763,1.4321834976521097,2.244274809,4.038167939,-1.408050026872917,-0.551460314095463,0.694656489,-1.114503817,1.183206107,1.567030211337594,23.452004714771853,36.74999990447919,-1.4037319764444447,0.710779937708149,1.5734267004029854,2.259541985,2.0763358779999996,-1.2245244471104044,0.4832631314740739,-1.603053435,-1.900763359,-0.79389313,1.436064345686575,,,9.990771403688784,0.5775076019968658,10.007448639445007,11.13818380505959,1.7882561451383392,0.2644654636355952,1.1972769367135419,9.737019466628043,9.647843402979108,10.108033316711367,1.112989354864907,1.0016692640720481,1.114847228007555
188,1692,1701,9,2005-12-22 17:04:07,0,0.4711256822222223,1.3324232498269777,1.4132625818045417,2.92810863,4.098873242,-0.7946952435903132,0.6002154166455608,0.064643445,-0.423773694,1.709459985,2.071878692395017,2.999757039646862,6.215132692806288,0.7137381172222222,0.6751756641409862,0.9824888179639218,1.671152759,1.88902511,-1.7314343508585637,0.00907753224699634,0.797269153,0.016759412,1.323993518,1.7009381974069109,1.3765396498475422,2.341408870670819,10.18041148211111,0.5073930936530645,10.193047910050584,10.80263789,1.7693150259999992,1.927901183976438,-1.046762588847531,10.17535706,10.02691655,10.58715974,1.0598044849125399,1.0012412492325757,1.0611199664161177,0.03138252766666667,0.17486839091526013,0.1776620870755529,0.290076336,0.564885496,-0.8689892761258333,-0.4297151926676339,0.106870229,-0.091603053,0.183206107,1.6327419134541723,5.661178378064774,9.243243217406865,-0.4147582695555556,0.49149609780636416,0.6431118381149596,1.099236641,1.572519084,-0.6590033285683252,0.5039214745304337,-0.564885496,-0.79389313,-0.198473282,1.7092464729338503,,,-1.0237489397777777,0.6095987382280889,1.1915001105100251,2.061068702,1.755725191,-0.4815368918082443,-0.7630686101440645,-0.984732824,-1.160305344,-0.641221374,1.7298099125796584,,,10.324742363194357,0.5104079082452778,10.337350777599625,10.981321660337644,1.7510053984427323,0.8419044324558076,-0.887505935706744,10.3696315087078,10.089037962817004,10.761004573119676,1.062295543277245,1.0012211844094254,1.0635928020328973
189,1701,1710,9,2005-12-22 17:04:09,0,0.702565176,1.2959275467795506,1.4741187309813193,2.375048047,4.252102149,-0.015655974376033832,-0.6678884839893741,0.916979236,-0.062249243,1.786074438,1.6111646891691913,2.0981949879356376,3.380537675553677,0.5179456258888888,0.550627055358422,0.7559482955005056,1.525106458,1.7764976319999999,-0.6273326642371968,0.7010313497715883,0.306457813,0.177170923,0.964863269,2.0174745641700835,1.4595128479039878,2.944530046725735,9.900821931444446,0.5086387370919233,9.913878569109155,11.1043073,1.8411410769999996,2.7613179049934278,1.4396067044151832,9.780313782,9.540893616,10.11310781,1.1200769933374135,1.001318742802882,1.121554086811051,-0.01950805777777779,0.18496859029782475,0.1859944722700803,0.480916031,0.641221375,3.9674724693497048,-1.9339471165982822,0.06870229,-0.038167939,0.076335878,2.5856469019233415,,,0.6055979644444444,1.120875970775948,1.2740140644444151,2.129770992,3.4274809160000004,-1.2316211223785571,-0.36242099096424174,0.977099237,-0.488549618,1.610687023,1.671701319034317,2.1037291061788057,3.5168067216899943,-1.279898218777778,0.6458895465424546,1.433636200981039,2.13740458,1.7328244270000002,-1.680201758633895,-0.05852591808723122,-1.34351145,-1.954198473,-0.648854962,1.4908974665520942,,,10.037734538266896,0.5228359980201354,10.051341808014584,11.364634724569973,1.8578942268027134,4.579552133076367,1.967246680675539,9.882362236390595,9.791156406121043,10.132336383267877,1.130658467460356,1.0013556116368503,1.1321912012361484
190,1710,1719,9,2005-12-22 17:04:11,0,1.3532559826666666,1.6657996417506316,2.1462036718540154,5.446808777,5.8179100340000005,3.6108911079945276,1.727950724843629,1.051054529,0.342370837,1.568202087,2.5378806533746774,1.5859554284953545,4.024965599092907,0.7485870522222222,0.7232523536312231,1.0409017925759663,1.91775553,2.300827796,-0.5153226829616822,0.31198091229810765,0.746990918,0.124498486,0.940921252,1.8423981433003824,1.3904886405475376,2.5618336896250558,8.984374740555557,2.0717176700207682,9.220141191056078,10.40280621,7.060500692,7.177072324796839,-2.6091217084957274,9.643844287,9.208099585,10.08198319,1.1282697297619646,1.026241831770025,1.1578775942015895,0.09584393555555555,0.19004452178216688,0.21284496762242228,0.564885496,0.679389313,3.7124630631788627,1.7848849049724953,0.015267176,-0.007633588,0.167938931,2.6539762828787308,2.2207452812603625,5.893805306779858,1.3519932144444444,3.294320275315179,3.5609593831236688,9.641221374,11.221374046000001,4.18477439052238,1.9573111705034072,0.34351145,-0.755725191,2.847328244,2.7074786136826794,2.633858916656563,7.131116688305076,-0.36471586088888885,0.6509200065665613,0.7461330405045307,1.244274809,2.3129770990000003,3.8111298402461067,1.7525333253384536,-0.419847328,-0.870229008,-0.328244275,1.667631295564433,,,9.45164344860188,1.1692332728663004,9.52368995326268,10.422107500427293,3.988078633501689,5.062767558652904,-2.147354999741355,9.827143551377185,9.39472955610995,10.203487221277452,1.0943350268198124,1.0076226430940387,1.102676752154565
191,1719,1728,9,2005-12-22 17:04:13,0,0.7940768837777777,2.3143941123134524,2.446830236134374,4.371812231,7.9774799309999995,-0.23333491609896573,-0.46391015631785326,1.695094775,-1.005564697,2.152387292,1.7867247863941755,3.081351801218179,5.50552763883686,0.3708352348888889,0.45329156480969074,0.5856552007476032,1.357512341,1.7286135980000001,1.875820802442294,0.6817242319670993,0.4333505,0.040701428,0.509964954,2.3179378229154324,1.5792868251127203,3.660688665160804,10.252503553,1.2381486446582388,10.326995747580545,12.42351241,3.794809627000001,-1.1166268860193767,0.3049505329677372,10.44829604,9.01416925,11.01332764,1.2030132202688897,1.0072657565242928,1.2117540214228688,-0.0016963530000000085,0.19570648566005014,0.19571383738230677,0.267175573,0.480916031,-1.947326461553276,-0.34639132043794213,0.030534351,-0.244274809,0.175572519,1.3651337921401034,,,-1.011874469777778,2.4720677628749637,2.6711437563024734,6.381679389,8.198473282,0.9604257724724459,-1.00755491243738,-0.389312977,-2.114503817,0.79389313,2.3891186589799385,,,-0.5564037320000002,1.3843008345234178,1.491936296711679,2.473282443,4.259541985,-1.081440544045034,0.4606679523036426,-0.885496183,-1.320610687,0.816793893,1.6577667883349105,,,10.560890276042016,1.2018352493465814,10.629055056267738,12.936234257715364,4.056290060363702,-0.009926666586906663,0.5485637994716503,10.671601388342769,9.50051408437425,11.068392206595663,1.2170634350122338,1.0064544539753773,1.2249189149386346
192,1728,1737,9,2005-12-22 17:04:15,0,0.4543662705555555,1.1674050138089376,1.2527103312756744,2.525882751,3.3159692990000003,-1.0361340985028158,0.7995937225257616,0.004788403,-0.344765039,1.486799231,2.0163342537678397,2.7570495709199108,5.5591334891817406,0.7507152315555554,0.7985045296987189,1.0959848734534996,1.74537301,2.513911743,-0.3991457779831338,-0.5236193575185601,0.766144531,0.373495459,1.577778894,1.5925156015157838,1.4599209225880654,2.324946846200811,9.979830586666669,0.9175399336143314,10.021920877174422,11.48259116,2.741360899,-1.3247121313184875,0.2067750511226615,9.868899243,9.217676392,10.86009873,1.1457475368970782,1.0042175355725964,1.1505797678911565,0.11620016944444446,0.243046577615582,0.2693958393694392,0.633587786,0.86259542,0.9242835615862113,0.9137407678370691,0.045801527,-0.045801527,0.20610687,2.351884080626508,2.3183773367752094,5.452554751246896,-0.0924512299999999,2.3376080683505607,2.3394355539629963,4.93129771,7.4503816789999995,0.6464667896655403,-1.2827823266786933,1.007633588,-0.213740458,1.465648855,2.107900643660133,,,-0.38337574199999996,1.1247267084213752,1.1882706460190084,2.946564885,3.7709923659999998,1.7806129710370255,-1.4022748125074838,-0.129770992,-0.748091603,0.419847328,2.479708553663005,,,10.119501751553145,0.8972448860712839,10.159200957027487,11.75780953978152,2.84175530373623,-0.775771328611758,0.4220586278942702,10.021218128298289,9.387797821842312,10.88799788591717,1.1573557398378087,1.003923039537816,1.1618960921645107
193,1737,1746,9,2005-12-22 17:04:17,0,0.4650071667777778,0.7857909245023759,0.9130712141914203,1.8746599,2.616862415,-0.23490374920427115,0.18604263317800976,0.371101257,0.102950671,0.773327136,2.053136569046396,1.9635637457341981,4.0314645320206015,1.0537147528888888,0.7973465948185456,1.3213918316398139,2.664746448,2.772485523,0.2371152556655689,0.6671858843449006,0.974440076,0.471657727,1.640028137,2.0166209478479344,1.2540318221957654,2.528906841907897,9.636129636444444,0.6951369591949296,9.661170206677951,10.6781394,2.0590134229999997,-0.8183205279374617,0.16786633382859675,9.581595044,9.224858997,9.900023865,1.1052635624428915,1.002598612843356,1.108135714531549,-0.1467345208888889,0.19240335736133732,0.24197122048790481,0.511450382,0.717557252,0.8613988390559015,-0.16574202120338194,-0.145038168,-0.213740458,-0.053435115,2.113682697341957,,,0.6242578456666668,1.050257513898187,1.221776863169371,2.961832061,3.641221374,1.5253860733801705,1.062759135957927,0.65648855,-0.145038168,0.916030534,2.4242004823342365,1.9571670130386474,4.744565217016946,-0.46480067844444445,0.9730916306786807,1.0784002004725841,1.992366412,3.045801527,-1.1876475436782727,0.21528181024421666,-0.961832061,-1.145038168,0.282442748,1.847520439190285,,,9.773258076961673,0.6335706262245421,9.79377277545845,10.776545287803028,1.8873026917218176,-0.9611207804524038,0.30973990147568164,9.654987114010728,9.267692689683164,10.072285734781802,1.100346672817164,1.0020990644404588,1.1026563713902517
194,1746,1755,9,2005-12-22 17:04:19,0,0.5823230484444445,0.6488210696405808,0.8718193122196698,1.608903516,2.059013428,-0.806771067901987,-0.27505748124929724,0.770932935,0.268150586,1.024718311,1.8454552376268183,1.4971403150683364,2.7629054359051266,0.2200005302222222,0.29361161881099007,0.3668896509836017,0.737414111,0.878672009,-0.9464426690728422,0.5058190127654666,0.201112939,-0.052672437,0.371101257,2.009907090655329,1.66767621247552,3.351874244371771,10.242926747666667,0.5571021153860934,10.258065661957565,11.16176814,1.6591817510000002,-1.3613852047131032,0.029344287718769586,10.30943235,9.631873279,10.65180319,1.0880967726102446,1.00147798716752,1.0897049656771824,0.11111111122222221,0.10216917832894722,0.15094442698373878,0.244274809,0.31297709900000004,-1.099522004113512,-0.3566950854754337,0.129770992,0.015267176,0.198473282,1.6183095585656548,1.3584998414951492,2.198473278801527,-0.19592875322222225,0.8530057593636878,0.8752182024197372,1.664122137,2.954198473,1.2386714076630252,0.9524720891145902,-0.167938931,-0.870229008,-0.015267176,1.9013797158230492,,,-1.056827820222222,0.68102281556479,1.2572498227939617,2.335877863,2.251908397,-0.333622825343431,-0.30129585221874566,-1.106870229,-1.473282443,-0.564885496,1.8579265796268114,,,10.287685186010552,0.5349033255925703,10.301581822913944,11.171100957083826,1.6371055565852206,-1.3537626632826156,0.0705792180963922,10.321213142181513,9.724846333809312,10.701911633401776,1.084406370702779,1.0013508030866154,1.0858711901754696
195,1755,1764,9,2005-12-22 17:04:21,0,0.04016938344444443,0.9478053934326293,0.9486562302469153,1.67354696,2.918531823,-0.6987030018078237,0.3062773328723432,-0.081402856,-0.54827218,0.56263739,1.7641237222090564,23.616400076414862,41.66225160798323,0.3636526298888889,0.47601273701741414,0.5990253425589899,1.280897888,1.7094599849999998,0.3099527265435045,0.2355986130718778,0.457292517,-0.009576807,0.567425793,2.138303335428353,1.6472460071085342,3.5223116312712155,10.223773133333333,0.6300504689202415,10.243168488082928,11.20965217,1.9345149389999996,-1.378463505104881,0.05380678136974871,10.31661495,9.73482395,10.83855092,1.0943539768033197,1.0018970838355516,1.096430058043085,-0.12977099244444446,0.20254197206938032,0.24054887430576283,0.465648855,0.732824428,0.6156440661672962,0.1907471539571032,-0.091603053,-0.259541985,-0.053435115,1.9357764876010664,,,-0.8074639525555556,0.6597722260907157,1.0427355489275978,1.778625954,2.022900763,-1.1465194548927014,-0.05557158100494285,-0.717557252,-1.503816794,-0.351145038,1.7057306196467832,,,-1.1721798132222223,0.8504143504112226,1.4481747414973876,2.519083969,2.679389313,-1.0517730947490467,0.04371617941893527,-1.290076336,-1.72519084,-0.610687023,1.739488955866825,,,10.283719649137606,0.6529861081297498,10.304430148216314,11.406040531191962,2.050120150845574,-1.0678968425003887,0.24373032994768315,10.320516111031736,9.842279688358609,10.849679540228518,1.1069064826613761,1.0020139112874829,1.109135694120996
196,1764,1773,9,2005-12-22 17:04:23,0,0.7398083131111111,0.7785210157836704,1.0739698841984098,1.692700574,2.726995691,2.0599731999168664,-1.118305668626923,0.847547388,0.402225879,1.266532678,1.5761154934650694,1.451686693924878,2.2880258899520842,0.32481335866666666,0.400101590685237,0.515349396853414,0.969651672,1.304839904,-0.49859361141299186,-0.11983738540623998,0.296881006,0.198718738,0.596156213,1.8815422661216539,1.5866016070548414,2.985257983170224,9.610059442222223,1.4309977042095958,9.716017543854974,10.59673655,4.9320554219999995,7.761611798869675,-2.7151240589606247,10.05564697,9.794678992,10.27591353,1.0906460905581679,1.0110257488280685,1.102671280412977,0.07633587788888889,0.21401291243851525,0.22721948187486687,0.496183206,0.786259542,0.7008537401238417,0.2095845981688406,0.114503817,-0.091603053,0.129770992,2.183717707239802,2.9765752115354913,6.499999996361111,0.1475826970000001,1.1490514908536795,1.1584903888625306,2.190839695,4.320610687,1.203397151955647,-0.46637864203139195,0.20610687,-0.190839695,0.671755725,1.8911159868586278,7.849771093846658,14.844827608754153,-0.9762510602222222,0.7612731853914627,1.2379834390576787,2.13740458,2.541984733,-0.4470761526634357,0.37674337393683793,-0.877862595,-1.618320611,-0.633587786,1.7265211412092376,,,9.685836603548685,1.4158257360482012,9.788768728777892,10.66290173047855,4.893382408497195,7.920970299316197,-2.74600279249933,10.066115867699487,9.899843211829612,10.315079921293206,1.0892995866917157,1.0106270763633878,1.1008756565820952
197,1773,1782,9,2005-12-22 17:04:24,0,0.6150438042222223,1.1114274161670603,1.2702557941296433,2.36547124,3.902548706,0.2881110340162829,-0.26962429704045765,0.368707056,0.181959326,1.204283435,1.862200708653944,2.0653094713082996,3.8460207610600183,0.5094329087777778,0.56134686490019,0.7580449797202405,1.228225452,1.862688892,0.22170432481289826,-0.7425542994038399,0.617704028,0.227449158,1.015141504,1.6202540546515873,1.488017296603253,2.4109660582131145,9.76887481688889,0.47199557118606006,9.780270702146499,10.60631335,1.3718775470000004,-0.5913810910184862,0.9696671403964644,9.490615381,9.459490759,10.02691655,1.0844601006465198,1.0011665504442648,1.0857251780587165,0.06785411366666666,0.23258290420743238,0.24227874044383793,0.58778626,0.778625955,1.482782160726713,1.1161655033121534,0.083969466,-0.145038168,0.13740458,2.4260744418730926,3.570582936710842,8.662500005342345,0.2027141646666667,1.1519503616854025,1.1696506608144308,2.122137405,4.061068703,-0.004550220907680647,-0.13590845364651455,0.152671756,-0.526717557,1.091603053,1.814334378713,5.769950327535066,10.468619242713205,-1.1017811706666667,0.5802531051165493,1.2452370914942292,2.053435115,1.801526718,-0.8096514559337278,-0.18221668556992246,-1.145038168,-1.366412214,-0.79389313,1.6490314407001554,,,9.881413494669054,0.4467038486922733,9.891505293991615,10.73805823320488,1.2212876312986296,-0.03198123926003671,1.251870282481927,9.634260638566927,9.553680057637058,10.036534763897095,1.0855838332035757,1.0010212910661016,1.0866925302739308
198,1782,1791,9,2005-12-22 17:04:26,0,0.5852492947777779,0.8783694098845944,1.0554854604677872,2.272097375,3.124433166,0.3885111722343906,0.2742108147853683,0.550666382,0.292092603,1.015141504,2.152656251648426,1.8034801064878865,3.882272725954718,0.12316837444444445,0.4649850994467437,0.48102140406720467,0.869095203,1.371877552,-1.2523635108772058,0.2189019389133279,0.05746084,-0.277727393,0.531512769,1.8067703342335606,3.905397032613848,7.056155501930478,9.886456722888887,0.447315075463206,9.896570987483068,10.42914243,1.3096283060000005,-1.320704282538049,-0.437570345735248,9.974244116,9.615113867,10.27830773,1.0538137343924998,1.0010230424182978,1.054891830543768,0.46480067833333333,0.8042439054077654,0.928896081359299,1.946564885,2.06870229,0.5071452510691703,1.4931014902390976,0.145038168,-0.06870229,0.312977099,2.0955679801679175,1.9984826284894923,4.187956205184396,-0.3112807464444445,0.9618036386513732,1.010921333452822,1.801526718,3.458015268,0.6312452765893539,0.6436057763040756,-0.465648855,-0.93129771,0.389312977,1.782064200630577,,,-0.7506361324444444,0.462320730617525,0.8815866725908892,1.854961832,1.6946564880000001,3.0173383148003596,-1.5650711932845396,-0.580152672,-0.854961832,-0.503816794,2.1041173711808336,,,9.956680089615334,0.38996160295450566,9.964313747505205,10.436421703368511,1.023108250448363,-2.003373103748396,-0.2088155923069317,10.048251014881037,9.636810388976093,10.291187247021142,1.0473798766103195,1.0007666870705059,1.0481828892196245
199,1791,1800,9,2005-12-22 17:04:28,0,0.48389475766666656,1.071566520251134,1.1757588799666394,2.315193005,3.0334535029999996,-1.1147847339335337,0.6622321952564724,0.02873042,-0.426167896,1.309628308,1.969105268476212,2.42978222296958,4.784496976499242,0.6320692384444444,0.5779053767434984,0.8564380576882281,1.242590662,1.778891834,0.3017686223642917,-1.0647451972609154,0.725443103,0.545877979,1.094150159,1.450882116745382,1.3549750653836077,1.965909091000981,9.71221204611111,0.8117140965805947,9.746073188890664,10.9558668,2.3463176300000015,-1.3768130467006512,0.3089817972258078,9.402029919,9.227253198,10.40041201,1.1241313899107954,1.0034864501123728,1.1280506179214718,-0.00763358766666667,0.16836248523367411,0.1685354505578094,0.305343511,0.519083969,-0.3409694102107279,-0.8298324751335574,0.022900763,-0.061068702,0.114503817,1.8117464900671685,,,-0.04156064466666661,1.200209495876834,1.2009288576672779,1.786259542,3.526717557,-1.425987865568691,0.005849646398064766,0.13740458,-1.229007634,0.809160305,1.4873983005701827,,,-1.1577608142222224,0.638641362234703,1.3222227091173029,2.083969466,1.824427481,-1.387923734077686,0.21125864237282657,-1.419847328,-1.419847328,-0.442748092,1.5761107804533387,,,9.826039350045873,0.7421511874548787,9.854026471127964,10.9929476597629,2.2420485580234093,-1.2272813673287901,0.32677750536698663,9.6002680138913,9.309632650343145,10.445851630695476,1.1155792702578935,1.0028482606353455,1.1187567307789765
200,1800,1809,9,2005-12-22 17:04:30,0,1.2268953395555555,1.1160091142725448,1.6585380662989113,3.270479468,3.292027283,-1.0478723514896933,0.7171539529374855,0.555454785,0.368707056,2.197877124,1.9719049773142652,1.3518170725953844,2.665654813869238,0.3828062432222222,0.6043139150342501,0.715357202909102,1.242590662,1.644816541,-1.997114665501754,-0.1380289908139972,0.725443103,-0.160411511,0.799663354,1.7370212488905237,1.8687187462975394,3.2460041705188853,9.115789810222223,0.7495020683244431,9.146550017059653,10.20408748,2.1787235149999997,-1.350741194524451,-0.028880526976470967,9.165003955,8.702923035,9.825803613,1.1156214595632108,1.003374387461516,1.1193859986281591,-0.045801526666666655,0.18990440885948387,0.19534959521142448,0.290076336,0.5725190840000001,-1.3695613215539204,0.3972797452576564,-0.099236641,-0.213740458,0.083969466,1.4849088153269727,,,-0.342663274,1.2386471780489874,1.2851711757727524,2.320610687,3.839694656,-1.2738924684784534,0.11859242983851047,-0.908396947,-1.221374046,0.679389313,1.8056821773991738,,,-0.8922815945555556,1.259572541514897,1.5435962656474984,3.770992366,5.213740458,3.70954407373787,-0.7421413436899791,-0.839694656,-1.007633588,-0.610687023,2.442991376646125,,,9.302417992104033,0.6219977169327533,9.323189457459845,10.349448395379671,1.9920369493206138,-0.965895685873305,0.25029711245953457,9.216576858740753,8.75052932279006,9.833335694100478,1.1100759501458672,1.002232910343681,1.1125546502172194
201,1809,1818,9,2005-12-22 17:04:32,0,0.18222534855555553,0.9102553649834704,0.9283161676591573,1.855506287,3.572148877,2.5371242333910917,-0.8039791374018325,0.179565125,-0.052672437,0.74938512,1.9987869991307445,5.094330591312542,10.182481755189547,0.375357616,0.4693555082298314,0.6009891288491721,1.264138477,1.6136919189999999,-0.15875925828414417,0.5013261016952639,0.270544788,0.079008655,0.701501086,2.103429856411356,1.6011107893683236,3.3678242377796854,9.875283780444443,0.7742609445229088,9.90558982365627,11.29584343,2.829946359999999,0.38013438056270665,-0.01774779355259355,10.06761798,9.382876306,10.34055697,1.1403504113428524,1.003068878210046,1.1438500078720395,-0.0033927057777777703,0.27455249320072384,0.27457345460773896,0.671755725,1.015267175,3.7939864347065857,1.653898276606413,-0.06870229,-0.152671756,0.061068702,2.4465428603055726,,,-0.7107718404444445,0.8631202621940599,1.1181114417528897,2.06870229,2.778625954,-0.7908884560318046,0.27166833489253917,-0.778625954,-1.244274809,-0.13740458,1.8501754053753772,,,-1.1586089906666668,1.5250193173703654,1.915217666900138,4.236641221,5.312977099,0.3964257053227982,-0.6894450973740832,-0.916030534,-1.580152672,0.007633588,2.212093849289301,,,9.936749711971167,0.777607713629334,9.967129405935035,11.516815031301084,2.8501906160344532,0.7737375833460964,0.456714927946537,10.073687060349249,9.383048889761099,10.349749689304621,1.1554796333278539,1.0030573069509106,1.1590122892424626
202,1818,1827,9,2005-12-22 17:04:34,0,0.686071787111111,0.8236232431978379,1.0719373786772988,1.757344019,2.353500232,-1.7721647848715074,-0.10684410125543853,0.644040247,-0.076614453,1.517923853,1.6394092173261545,1.5624274293379388,2.5614579290598254,0.09018159600000003,0.620002187432011,0.6265264820241724,1.118092175,2.054225024,0.17973270911295458,-0.4436626701446329,0.076614453,-0.146046301,0.430956299,1.7845888515161952,6.947387380726464,12.398230066808749,10.415309266000001,0.9503441144740241,10.458576434789816,12.70363401,3.4428619890000007,3.367791133812715,1.4455729063135003,10.2423947,10.08677159,10.70208142,1.2146618700172365,1.0041541895381885,1.2197078056500985,0.03307888055555555,0.17358837559582513,0.17671201566618483,0.404580153,0.641221374,1.4579358058901004,0.7518814032909581,0.007633588,-0.022900763,0.06870229,2.2894886432865214,5.34214014193737,12.230769185810653,-0.2951653943333333,1.035945333363845,1.0771747043679962,2.053435115,3.2900763360000003,1.733556585512443,1.5120606951387547,-0.770992366,-1.038167939,-0.221374046,1.9063157598049973,,,-0.8897370653333334,1.053939665262125,1.3792827351347556,2.633587786,2.977099236,-1.5387498679562688,-0.33489108749729296,-0.72519084,-1.778625954,0.167938931,1.9093893651490528,,,10.491048091988919,0.9280711989926667,10.532018145579887,12.75167133231649,3.357432960841635,3.671635809484311,1.5208957672072074,10.383177835579293,10.225853346430414,10.702815455983746,1.2107528828810608,1.0039052393270653,1.2154811626546453
203,1827,1836,9,2005-12-22 17:04:36,0,-0.2519232191111112,2.793941305650009,2.805275980673663,7.852981445,10.189722265,7.206811545532753,-2.5630266248558846,0.718260498,-0.222660754,0.945709656,2.7993614528842805,,,-0.010108851333333328,0.712175421114276,0.7122471616753385,1.08217915,2.049436621,-1.4994187615819903,-0.25241887231474885,0.131681091,-0.5770026,0.536301172,1.519387100756586,,,9.282585858333334,1.4231928253507657,9.391053084476729,10.33098016,4.101267439999999,1.168753905003788,-1.5994823087726127,9.926360083,9.591171851,10.20648168,1.1000875053168377,1.0116850226648881,1.1129420527498253,0.05597964377777778,0.2156704335062116,0.2228170918180294,0.419847328,0.832061068,2.1151290103756395,-0.8054651387706596,0.045801527,-0.015267176,0.183206107,1.884268951606646,3.9803235029959407,7.499999994045455,0.4571670906666668,1.2632579130028088,1.3434367508568599,3.419847328,4.41221374,2.496476917237082,1.406527584018653,0.13740458,-0.465648855,0.709923664,2.5455960809608498,2.938612114222362,7.480519481428521,-1.0390161153333333,1.4346427159499977,1.7713707151104074,3.290076336,5.160305343999999,0.7190635752167456,0.3927448074453077,-0.755725191,-2.213740458,-0.679389313,1.8573618203883049,,,9.79206998010167,0.8271111698621549,9.826939878849318,10.415971773737574,2.8545397444422766,6.765408010263622,-2.5041257201536817,10.0716198579637,9.743415378705267,10.265305119341983,1.059940520869171,1.003561034471619,1.0637150056018518
204,1836,1845,9,2005-12-22 17:04:38,0,1.0726023436666665,1.2953248080148194,1.6817675659548958,4.185064502,4.630386011000001,3.2631953758388903,1.4280493828392307,1.201889233,0.280121594,1.364694946,2.4884916243605577,1.5679320261466259,3.9017857146325574,0.37243136944444444,0.14579144364623134,0.3999503344000559,0.672770667,0.483628736,0.1658194253469647,0.8315385039371439,0.320823022,0.256179578,0.469263525,1.6821355281754853,1.0738900297165126,1.8064285723395734,9.733227816222222,0.5295511285512224,9.747622690699096,10.84333932,1.7070657849999993,0.48637183069252554,0.9322918954974118,9.619902271,9.248801013,9.97903252,1.1124086009552263,1.0014789414928604,1.114053788192194,0.015267175444444447,0.1656877413657902,0.1663896459667741,0.312977099,0.526717557,-0.6163772069350326,0.5562921005896967,-0.038167939,-0.106870229,0.091603053,1.8809890313877915,10.898521902250192,20.50000015647222,0.48006785422222226,1.8242782256211434,1.8863870729871313,4.305343511,5.900763358000001,0.5554666427543733,0.7841191199353339,0.435114504,-1.465648855,1.694656489,2.2823224208075192,3.9294175946092973,8.96819787689235,-1.169635284111111,0.557719693846246,1.2958001214468342,1.977099237,1.946564886,0.5988496776472498,0.5934588519880776,-1.076335878,-1.442748092,-1.030534351,1.5257748508253393,,,9.887709932921858,0.4874862239231943,9.89971972007877,10.85322721523704,1.6164068295500478,0.0003220963537664545,0.5230681339202207,9.890377509467458,9.579561371660262,10.16244524314231,1.0963166152294546,1.0012146176656056,1.0976482207574092
205,1845,1854,9,2005-12-22 17:04:40,0,-0.026868262777777777,0.6084233118933425,0.6090162805705274,1.426944189,2.217030737,2.43237416123754,-1.1102046816358941,-0.019153613,-0.244208569,0.299275208,2.343031269481395,,,0.47405192866666673,0.6602500353940147,0.8128070744711712,1.352723938,1.800439648,-1.6354320584707671,-0.23388171211898687,0.653617053,-0.181959326,1.089361755,1.6642620130737786,1.7145950165360528,2.85353535382656,10.135985739777778,1.3378006835924567,10.223889552709327,13.45541333,4.448426684000001,3.743955951022727,1.859146959857405,9.483432776,9.193734375,10.74517705,1.316075771420508,1.0086724483625285,1.3274893705893274,-0.09584393544444444,0.2555222090075057,0.2729059531368898,0.534351145,0.8854961830000001,-0.23954747458865455,0.0769123796286402,-0.091603053,-0.221374046,0.099236641,1.9580047223519859,,,-0.03986429177777771,1.4638974627518953,1.4644401466807648,3.305343511,5.503816793,1.9487461772754306,-0.987681820114002,0.328244275,-0.885496183,0.709923664,2.2570697194362945,,,-0.9686174724444445,0.6493531435467608,1.1661386336789996,1.969465649,2.114503817,-0.8255809511477157,0.22122323123143545,-1.030534351,-1.564885496,-0.427480916,1.6888777990200181,,,10.185548809213095,1.346873866197925,10.274214021340477,13.537957131667278,4.477705528862236,3.83992655571169,1.879743025137889,9.497781388864666,9.272916117834361,10.83015579363186,1.317663531589639,1.008705000956569,1.329133793892563
206,1854,1863,9,2005-12-22 17:04:42,0,1.1058551445555556,1.154659829496177,1.5987979617800772,2.916137622,3.869029883,-0.5858546183459006,-0.23013672213677516,1.012747302,0.375889661,1.944091748,1.8239563044934188,1.445757131620196,2.636997834984978,0.3357202771111111,0.3236096698974171,0.4662953172772342,1.019929907,1.209071838,1.3399868758933655,0.5832274404603078,0.328005627,0.098162268,0.469263525,2.1873046312270907,1.388939986853721,3.0380348657416385,9.577072662888888,0.6226238368979953,9.597290306775516,10.48899747,2.0039467859999984,-0.8311294265395954,-0.04645566758120664,9.385270508,9.253589417,10.25915411,1.0929123882597314,1.0021110463080196,1.0952195769219562,0.2290076335555555,0.6381444004134034,0.6779917197176508,1.946564885,2.2900763349999997,6.734552946483424,2.4630032310881402,0.045801527,-0.045801527,0.175572519,2.8710747172703606,2.9605638431837478,8.499999999029631,0.18659881233333334,0.9899174526273435,1.0073508225938068,2.0,3.3282442750000003,-0.35094984381310734,0.485602956398468,0.091603053,-0.473282443,0.740458015,1.985405635397449,5.398484641983208,10.718181830800042,-1.0610687022222223,0.8518132377220207,1.360680926152058,2.603053435,3.091603053,0.336760371629226,0.08544801045495654,-1.091603053,-1.465648855,-0.450381679,1.9130520498742591,,,9.728083467829599,0.4959430622304345,9.740716989936319,10.532649591513001,1.5584800806025285,-1.1112367527799032,0.3062070979019386,9.524587093984202,9.478940392779316,10.271276638340547,1.081301263797611,1.0012986650606461,1.0827055119689373
207,1863,1872,9,2005-12-22 17:04:44,0,0.35966229377777775,0.6722841503266856,0.7624453713847086,1.261744275,2.027888806,-0.9754251658234416,-0.32558195737598067,0.359130249,-0.002394202,0.912190833,1.654865151464549,2.119892422906572,3.508136095521834,0.05001221255555554,0.5236834692767869,0.5260661530629712,0.948103857,1.8866309079999999,0.3159617489676396,-0.21334854569551753,0.062249243,-0.256179578,0.299275208,1.8022521530415017,10.51875384394554,18.95744676256442,9.723118964888888,0.4919713131991977,9.735557414878356,10.40759462,1.7381904089999995,0.9457552412920203,-0.9047755933787379,9.837774622,9.428366138,10.10592521,1.0690291450692493,1.0012792654326645,1.0703967171010473,0.05937234955555556,0.1701899329300085,0.18024896438667232,0.305343511,0.511450381,-1.2770754168301224,-0.4206355031854227,0.114503817,-0.129770992,0.160305344,1.6940097938370027,3.035907551848033,5.1428571260142855,-0.1730279898888889,1.4705441994632078,1.4806886667560728,3.770992366,5.129770992,6.563190777553773,2.4379744729109087,-0.595419847,-1.053435115,-0.175572519,2.546782757689081,,,-0.7319762511111112,0.4492869841945197,0.8588643818189708,1.687022901,1.404580153,1.006227130451764,-1.3879151052917806,-0.603053435,-0.648854962,-0.526717557,1.964248298930606,,,9.768136975249684,0.4718545887212834,9.779526916990276,10.410162273177054,1.6112232865583334,0.314985627371664,-0.7562932065577267,9.842325990109954,9.475853952239794,10.15596780011007,1.0644852620724583,1.0011660301006684,1.0657264839297527
208,1872,1881,9,2005-12-22 17:04:45,0,0.312044283,1.2272436801314075,1.266293285528856,2.176329309,4.125209460000001,-0.2536989322003391,-0.16109494489700393,0.404620081,-0.392649072,1.012747302,1.718661335309123,4.058056354549063,6.974424553068964,0.6717065769999999,0.7339512399879994,0.9949241922201806,1.522712256,2.209848132,-0.8427322275687708,-0.6120968707621425,0.883460413,-0.038307227,1.379060156,1.5304806817512966,1.481188700970812,2.2669306928641255,9.792816834777778,0.43634324705419597,9.802533192433312,10.76433066,1.4963760340000007,1.3948050606292997,1.2007618787370533,9.622296472,9.509768994,10.03649336,1.0981172365026124,1.000992192320092,1.099206779991231,-0.05767599666666666,0.16467296603736395,0.17448124923623215,0.290076336,0.526717557,-0.738454230303228,0.13554750047018937,-0.038167939,-0.20610687,0.061068702,1.6625072165047508,,,-0.2366412215555556,0.6874186024150453,0.7270099054934256,1.511450382,2.465648855,0.3595092125940873,0.0290189429144695,-0.442748092,-0.541984733,0.061068702,2.078995582562483,,,-0.9270568277777778,1.1949598754648183,1.512403208770826,3.877862595,4.404580151999999,4.024108938680156,-1.627554941740097,-0.671755725,-1.145038168,-0.603053435,2.5640401795706658,,,9.922473758185554,0.47701607951547226,9.933933250329263,11.044799727263072,1.6231915151597036,2.4324116986625652,1.4855637454165833,9.688461174985346,9.62831732505495,10.087683089243713,1.1118254420420017,1.0011549027412903,1.1131094922928524
209,1881,1890,9,2005-12-22 17:04:47,1,1.211998085,1.8735395115591185,2.231387384435264,6.279990955,6.636727002,6.923008912197375,2.518161608948807,0.531512769,0.119710083,1.288080493,2.8143884826118555,1.8410816089987996,5.181518875914725,0.3572680922222222,0.45465291739507285,0.5782298548293379,0.857124194,1.5322890619999998,1.7320846968324828,-1.3870223797321424,0.509964954,0.210689746,0.672770667,1.4823243505006787,1.618476061583682,2.3991064767879275,9.902950111222223,0.43629945614837023,9.912556588529096,10.6661684,1.5322890670000007,-0.06748583488254578,-0.08090564912570601,9.9503021,9.715670337,10.18493386,1.0760259782368347,1.0009700621732898,1.0770697903357993,0.12298558122222222,0.14431965437586175,0.18961438718550871,0.290076336,0.389312977,-1.4025550483877285,-0.5842520058377625,0.160305344,-0.015267176,0.259541985,1.5298223953660468,1.5417611178573456,2.3586206864027583,-0.4885496183333334,2.500108447705648,2.5473953324646708,5.419847328,9.641221374,1.443569214716141,-0.07453255416556093,-0.72519084,-1.694656489,0.580152672,2.127603540341011,,,0.4588634436666666,3.3816371610683795,3.412627367447586,9.328244275,11.748091602999999,5.637682816987473,2.3059748577650687,-0.740458015,-1.320610687,-0.282442748,2.7334494131941787,7.437130620339044,20.32902033001422,10.151384124942414,0.7222311908880452,10.17704365448161,11.797519237538305,2.590682827380343,2.04693764094805,1.1913215501461654,10.069344448617711,9.751778516758199,10.29969414433505,1.1592285184256919,1.002527687773744,1.162158686178692
210,1890,1899,9,2005-12-22 17:04:49,1,1.3404869071111112,3.7552387030934087,3.987320261196356,10.47223806,13.450624925,3.456023786595514,1.5863029589724942,1.113303772,-0.76375033,1.939303345,2.626384983898411,2.974531299070609,7.812264338014881,0.86217862,1.1485601128115241,1.4361553904528317,3.318363501,4.4699745,1.9793691881906588,0.5879022779936883,0.761356128,0.445321509,1.244984863,2.310588062447541,1.6657283736087445,3.8488120953405223,10.413713133333335,1.7850029360441286,10.565588327445155,14.89193433,6.191405497,4.231122891716366,1.8480310991923785,10.10592521,8.975862024,10.79066688,1.4094751629984235,1.0145841538140399,1.4300311655726612,-0.24851569133333337,0.7245621229397418,0.7659962916606254,1.748091603,2.2824427480000002,0.6469581376521942,-1.29141615168005,-0.030534351,-0.213740458,0.236641221,2.2821149684814555,,,-5.864291772111112,3.847814193768471,7.013956947274212,13.19083969,11.664122133000001,-0.6602948082223818,-0.5395106092011946,-6.236641221,-8.847328244,-2.038167939,1.8806559249164296,,,3.1399491092222225,7.221420668039006,7.874528358783549,17.58015267,23.114503815,-0.13975249915804966,0.6173619866700607,3.740458015,-2.786259542,7.251908397,2.232534047628443,2.5078522246286026,5.59886547790409,11.048152915659777,2.7443103009895617,11.383888697449525,18.50537798584817,9.517257641148156,7.0980921620757425,2.574833870955061,10.268469952558494,9.44339907822224,10.950349218936033,1.625576152197813,1.03038840830252,1.6749748240376396
211,1899,1908,9,2005-12-22 17:04:51,1,1.6998831785555553,2.074329465213371,2.681873515098825,4.979939453,7.096413721,-0.2243842572637238,-0.4304857218764426,2.219424939,0.509964954,3.263296863,1.8568882629859944,1.577681071812063,2.9295774649829838,-0.23356767299999998,0.8283162023298865,0.8606169815387332,1.529894861,2.533065357,-1.2210321275692522,-0.23287691516554068,0.081402856,-0.895431421,0.332794031,1.7776721745190722,,,10.103264984,0.631050120598058,10.122953501405968,10.91037697,1.8531120899999998,-0.9606525145375655,-0.516159988528141,10.29746134,9.799467395,10.62786117,1.077785941472977,1.0019487282019375,1.0798862533327769,-0.24257845622222218,0.7061403634153955,0.7466448421221321,2.030534351,2.641221374,4.715315341488337,-1.8483781186929442,-0.091603053,-0.312977099,0.030534351,2.7195451390633947,,,0.1492790503333333,5.114725492057766,5.116903467330021,11.11450382,20.480916034,2.517373408745202,0.4074484091452638,0.0,-0.870229008,1.732824427,2.1721152042368903,34.277438501278034,74.45454533092098,0.6140797281111111,6.188511856181534,6.218904478007072,13.54961832,25.35114504,2.923550698730784,0.148139655960375,-0.114503817,-0.473282443,1.770992366,2.1787789743222024,10.127193902225395,22.064917143052707,10.484999188943867,0.6870856856136317,10.50748755562093,11.154354025946548,1.8648343072570697,-0.7404571577381827,-0.9806708494950653,10.846296382191904,10.048026533544965,10.952920475467566,1.0615624303051951,1.0021448133921438,1.0638392836223103
212,1908,1917,9,2005-12-22 17:04:53,1,-0.029262464777777768,2.8602125215118486,2.8603622078432718,6.126762048,10.103531006,1.156258836922488,1.017905328045788,-0.366312854,-2.231395947,0.581791003,2.1419532222877504,,,0.6698444199999999,1.0634441272068529,1.2568233601806902,1.740584607,3.093308545,-0.1159742673536206,-1.166359326688196,1.144428394,0.265756384,1.386242761,1.3849079052363895,1.8762914531417465,2.5984908659834773,10.772843381888888,0.8960920454440316,10.810047894649463,12.3971762,2.947262247000001,-0.5802966148237432,0.34675451302286375,10.78587848,9.967061511,11.38203469,1.1468197292757696,1.0034535462404588,1.150780324240294,-0.2544529263333334,0.8787214149505357,0.9148210845910079,1.977099237,3.175572519,0.43993361510809503,-0.4814508930815303,-0.076335878,-0.93129771,0.190839695,2.161186783188221,,,-1.2849872774444444,4.03412786093166,4.2338374911584795,8.374045802,13.282442749,-0.8359173563815605,-0.1503355871106964,-2.045801527,-4.083969466,1.816793893,1.9778855044596102,,,0.4088210346666668,6.278225814638833,6.291522392710953,9.954198473,17.740458015,-1.530888500883711,0.13731860901929344,-0.236641221,-5.244274809,5.389312977,1.5821605410691126,15.389429259286429,24.348547723617447,11.231217783454507,0.6914907837306482,11.252484721312408,12.641168019548218,2.674768199612739,1.572844484316552,0.3396574082358119,11.085957498283012,10.863945610326526,11.529042858349538,1.123411258280193,1.0018935558251956,1.1255385002123997
213,1917,1926,9,2005-12-22 17:04:55,1,-0.6818154284444444,1.1626613900132785,1.3478329964400224,2.346317627,3.5290532470000002,-1.5327100782496443,0.02134820459375954,-0.227449158,-1.685517969,0.059855042,1.7408073798439683,,,0.6996389295555555,0.47551384263395496,0.8459361951625863,1.558625281,1.640028137,-0.11350283704382669,0.14939013531204656,0.610521423,0.495599744,0.900219824,1.8424856270636785,1.2091039526630771,2.2277566544076017,9.574146416555557,1.1990255216602075,9.64893474986934,10.6709568,4.218583326000001,5.40299026986731,-2.1786172102595054,10.04367596,9.291896643,10.3788642,1.1059207131797113,1.007811488362499,1.114559599960561,-0.16284987277777777,0.3036850634607683,0.3445935269747667,0.580152672,0.9236641219999999,-1.1156351005749792,0.1107082122956413,-0.190839695,-0.427480916,0.015267176,1.683585519128113,,,-4.043256997555556,4.386028936989561,5.965331255210538,9.580152672,15.106870229,1.2906355693090035,0.9937724404794279,-4.381679389,-6.58778626,-2.977099237,1.6059716153452541,,,-2.249363867777778,3.8614621167207304,4.468839613203135,7.954198473,12.961832060999999,5.898468728231512,2.3686424486053372,-3.870229008,-4.473282443,-2.664122137,1.7799248040809994,,,9.712413783855162,1.1415875485458995,9.779274187781768,10.960566555407683,4.1119603440408,4.2246537716292405,-1.856647529822597,10.04418417993715,9.314412551171673,10.396445168004403,1.120795505366014,1.0068840151804228,1.1285110786391033
214,1926,1935,9,2005-12-22 17:04:57,1,0.28544204244444443,1.7554659179806291,1.7785212252842046,3.090914343,5.8179100340000005,-0.5235059803694133,0.06942575206387248,0.275333191,-0.814028564,1.019929907,1.7379125416431718,6.230761278378808,10.828518169679173,0.18727977433333332,0.7009427418046429,0.7255304550209829,1.544260071,2.310404602,-0.06000914687457026,0.6568931046911534,0.047884033,-0.282515796,0.390254871,2.1284565800278346,3.874045970012941,8.24573863620436,9.71407420211111,0.8155622250537076,9.748250065886449,11.26232461,2.7724855230000003,-0.18955664494001034,0.581137859968063,9.560047229,9.126696729,10.27112512,1.1553175732957432,1.003518180226368,1.1593821887372877,0.1840542834444444,0.8564557743307968,0.8760094021406464,2.358778626,3.053435115,4.566051668936952,1.9760379255017047,-0.030534351,-0.34351145,0.480916031,2.6926407641698917,4.759516517338017,12.81566819232426,-3.139949109333333,4.724451539242241,5.672717404899664,9.694656489,13.404580153,-1.4651092389033646,-0.21390079573006254,-2.755725191,-8.129770992,0.030534351,1.7089969051915912,,,-0.877862595888889,5.75171351666597,5.818320300143229,12.49618321,20.099236644999998,0.36695080365258015,-0.5822305225779183,-1.122137405,-2.893129771,3.374045802,2.1477303698272476,,,9.898739174116445,0.8560807787919523,9.935688780200623,11.690218145382453,3.1050796968350323,0.9584734389021801,0.7418135294789487,9.690370840834225,9.495847178545988,10.346153473001936,1.17658859934081,1.0037327588326395,1.1809805208273825
215,1935,1944,9,2005-12-22 17:04:59,1,1.048128282333333,1.9064380284326032,2.175564030885098,5.085284326,6.955155823,1.3549386223635391,0.573420888192206,0.969651672,0.296881006,1.898601917,2.337455599470967,2.0756658011764344,4.8517766495902475,-0.7453947836666668,1.0686856133261147,1.3029590644558602,2.221819141,3.77805022,1.0571437632577547,0.9697245561543328,-1.043871924,-1.558625281,-0.301669409,1.7052102415265615,,,9.738282240333332,0.7725431751043534,9.76887731265942,11.32457385,2.9017724099999995,1.2087557548234216,0.47452745699974663,9.696516724,9.33020387,10.02931075,1.1592502892143568,1.0031417319370115,1.1628923428709714,-0.30195080577777783,1.1760852297751625,1.2142284615364385,2.549618321,3.809160306,-0.2477999387287948,-0.7349869142921575,0.022900763,-0.809160305,0.641221374,2.0997846795435926,,,-1.1263782869999999,4.941394736370917,5.068146602660509,11.77099237,18.435114507,1.6349868561330219,-0.6280072010557907,-2.305343511,-2.519083969,1.625954198,2.3225437803675315,,,-2.1195928747777777,11.64392271165745,11.835269750616623,21.90076336,37.74045802,-0.5346297090317718,-0.4394993167299052,2.358778626,-6.549618321,3.763358779,1.8504659227440894,,,10.058295676276769,0.8321257203768352,10.092657981221826,11.472380311674145,2.8598112891036322,-0.13216851950459407,0.13959408689029076,9.90471822448798,9.526215812780595,10.420810235027277,1.1367055470441383,1.0034163148560151,1.1405888910914201
216,1944,1953,9,2005-12-22 17:05:01,1,-1.3407529295555554,3.718185842661492,3.952533918726081,8.836998328,14.080299964,1.2949953286772367,-0.4602503939387415,-0.598550415,-1.843535278,0.553060583,2.235780516931833,,,0.6597355686666666,0.47422804996906176,0.8124920085400157,1.221042847,1.6017209110000001,1.1658156807837923,-1.0440166770188994,0.746990918,0.411802686,1.048660327,1.502836746904278,1.231541919411851,1.850806451845157,11.262856655111111,2.7090040648978997,11.58406850192168,18.63646572,9.337386472,7.17152843657359,2.5932012327182483,10.36449899,9.92157168,10.86728134,1.608801408322853,1.0285195716012954,1.6546837352797816,-0.642917727,1.00012480877543,1.188946103412151,2.442748092,3.297709924,-0.6700448251389322,-0.40032019178036465,-0.480916031,-1.396946565,0.106870229,2.0545490539811424,,,-1.9516539440000003,6.6893288462205724,6.968218820474097,12.53435115,21.511450387,-0.2735744450450994,-0.28418471434687814,-0.519083969,-3.572519084,0.687022901,1.7987883952741888,,,0.4843087364444444,11.08552791586156,11.096102204177031,22.3740458,40.59541985,1.017042344763432,-0.5234288753701892,1.488549618,-3.595419847,4.290076336,2.016387861998737,22.911216274228572,46.19789839898243,11.820623022943721,3.2781369784205734,12.26675632348811,20.63900165738121,11.252306341374174,6.654211039452095,2.494208421429772,10.85504761394493,10.374277197644275,11.229397940212785,1.682515011557058,1.037741944707859,1.7460164000933875
217,1953,1962,9,2005-12-22 17:05:03,1,0.6115855127777778,2.621808388524979,2.6921953988482343,5.36540592,7.953537915,-0.8569263385044055,0.4332411317613278,1.192312427,-1.584961499,1.790862842,1.9929481798740942,4.4019934131867755,8.772944760628334,0.5996145047777779,1.1299572831722526,1.2791954565796104,2.631227625,4.319139795,1.3729151638854589,-0.29405292826628965,0.541089575,0.102950671,1.065419739,2.056939470403948,2.1333630964342514,4.388198757758795,10.079855011444444,1.1005282975434036,10.13975540067094,11.96143149,3.2369606400000013,-1.4913129013794872,0.39183233071807994,9.725247144,9.17218656,11.05642327,1.1796568080141778,1.005942584408058,1.1866670181683423,-0.16624257822222224,1.601553390807741,1.6101583333392229,3.404580153,5.618320611,1.6409967531261893,0.9980376233018275,0.083969466,-1.305343511,0.435114504,2.114438116119562,,,1.5470737915555555,5.5965728090395785,5.806467473722663,14.10687023,19.725190841,1.6815754763872546,1.0953729993931316,0.297709924,-2.847328244,4.229007634,2.429509903196918,3.7531936132693207,9.118421052053238,2.650551315111111,8.267005055509468,8.681520308209638,15.70992366,31.14503816,1.8042441689453206,-0.7603708818153055,1.450381679,-0.86259542,7.122137405,1.8095820895729502,3.2753639813405044,5.927039997466127,10.508326902899112,1.1286994147937512,10.568769874831649,12.250185649274055,3.2630012558365102,-1.6352544348112725,-0.13592178553749293,11.150810652951533,9.34595071948062,11.304410694225274,1.1590928551151929,1.0057519120304357,1.165759855252922
218,1962,1971,9,2005-12-22 17:05:04,1,1.1202203545555554,1.6811086403746203,2.020153435633734,4.601655591,6.021417175,0.770282003719851,0.6096982050538273,1.455674609,0.016759412,1.606509314,2.2778742989670158,1.8033536236138334,4.1078128711789885,0.7624202176666667,1.4830571903371805,1.6675560614617129,3.995922571,5.01824668,1.1221758893526026,1.1798394176723441,0.253785376,0.07182605,1.405396375,2.3962748019981612,2.187187620188183,5.241102581499267,10.332310275777779,1.2579074208821492,10.408600612688211,12.96939039,3.8953660979999984,0.21325342339303877,0.9970789729664538,9.533711011,9.457096558,11.0995189,1.2460263269387197,1.0073836668541867,1.2552265702283811,1.1772688718888888,1.3107550570228503,1.7618288271649754,4.580152672,4.4732824429999996,5.245143199817575,2.2119082107769903,0.625954198,0.404580153,1.267175573,2.5996581514505555,1.496539039835632,3.890489913872688,-0.443596268111111,3.7806523715670934,3.8065877112865785,8.251908397,14.251908397,1.214661944242632,-0.4953248544799564,0.396946565,-2.27480916,1.702290076,2.16779673105469,,,-2.8074639522222227,17.901553746661506,18.12036093425398,27.11450382,50.58778626,-1.4726945546540016,-0.16346796296622582,-0.419847328,-22.82442748,11.41984733,1.4963556144593049,,,10.653376200776627,1.3062562385688803,10.733160291175842,13.664650661965892,4.5665819703308586,2.0479301577940383,1.3150124860749677,10.263637582950476,9.759641432747964,11.218047914164808,1.273124624179902,1.0074890897397766,1.2826591687403046
219,1971,1980,9,2005-12-22 17:05:06,1,-0.030326554444444456,1.8728588818557788,1.8731043994530978,3.236960645,6.3015387700000005,-0.3464415386620594,-0.2825781661669197,0.1436521,-0.814028564,1.266532678,1.728126123640047,,,0.6474985378888889,0.513151775048592,0.8261834546901612,1.613691919,1.5490484740000001,-0.5225626250055058,0.9669108915827207,0.366312854,0.296881006,0.984016882,1.9531883746149015,1.2759618846149963,2.492193919481731,9.951366189555555,1.0558945732628002,10.007227507580472,11.95903729,3.150769382,-0.6234312582911716,0.622575040250571,10.17535706,8.899247571,10.28788453,1.1950400129247618,1.0056134320615742,1.2017482888481776,-0.14503816788888887,1.4759278723162599,1.483037138585736,2.435114504,4.129770993,-1.3531955728313547,-0.6367238132104823,0.694656489,-1.488549618,0.954198473,1.6419781006443241,,,-0.22731128122222222,5.551693779443692,5.556345403166065,12.57251908,20.389312973,2.4324081082614333,1.1739204780704402,-1.488549618,-2.213740458,2.473282443,2.262731736014115,,,-1.7446988974444444,16.13257804387834,16.226646251908292,32.58778626,52.48091603,-0.12682407550994856,-0.4287807118049839,-3.801526718,-6.145038168,10.77099237,2.00828845061977,,,10.15397466900749,1.110180166317113,10.21448489061145,12.394784073467958,3.4915174442486787,0.02118594336082147,0.6878897534777672,10.268426132531898,9.016677249246264,10.712696343685698,1.213451701794626,1.0059592645812534,1.2206829815421925
220,1980,1989,9,2005-12-22 17:05:08,1,1.2880804933333334,3.5019969853817754,3.731371630235842,10.80024369,12.914323756,7.177888957898038,2.530022453883814,0.452504114,0.234631763,0.988805286,2.894443320114263,2.8968466253065337,8.384758364014042,0.34183879277777784,1.084598766390527,1.1371931429197157,3.119644763,3.852270471,4.833060266944729,2.067063083565605,-0.033518823,-0.272938989,0.538695374,2.7432848873766402,3.326694239933678,9.126070033332978,8.64466412722222,3.3044722777548494,9.254715279625467,10.69968722,11.14740293,7.656509682280712,-2.69863097330495,9.746794958,8.688557825,10.56800613,1.156133592089611,1.0705696766728257,1.2377215658739673,-0.023748939777777773,0.3431520961555999,0.34397292515044053,0.770992366,1.099236641,0.9813626196706347,-1.0919851840555719,-0.022900763,-0.152671756,0.305343511,2.2414332920615703,,,1.1407972861111109,7.233987152325895,7.323386413949122,19.77099237,26.389312980999996,5.097946543259079,2.0549256091199313,-1.145038168,-3.13740458,2.519083969,2.699706290568181,6.419533516698638,17.33085501754459,0.17048346055555585,6.99119405138104,6.993272400985726,17.33587786,28.01526717,4.395505970184471,1.4444415889187383,-0.022900763,-1.580152672,0.534351145,2.4789364500596958,41.02023960680228,101.68656715148457,10.0044228832872,0.8818277419797028,10.043211507987152,11.250684271086756,2.5460709687469,-1.5040693217746886,-0.3385086917509351,10.327737629689548,9.198810053628026,10.678928761163485,1.1202277540545,1.0038771476528396,1.1245710424617783
221,1989,1998,9,2005-12-22 17:05:10,1,0.6435082018888889,1.6984755913192155,1.8162935170851189,4.594472986,5.973533142000001,2.289640694011755,1.3379650858262422,0.031124622,-0.397437476,1.446097803,2.5295872846440846,2.8224869733653035,7.13972715889844,0.20297509633333335,1.6367087322579896,1.6492466049627272,4.082113831,6.133944654,5.8135520664948235,-2.143166538826488,0.459686719,0.122104285,0.739808313,2.475138538237134,8.125364316882857,20.1114023579336,9.61990227088889,1.604731213733411,9.752829434055714,12.19366906,5.963956339999999,1.2254105550458823,-0.6555062889865939,9.636661682,8.848969336,10.66377419,1.2502698978227964,1.0138179328046897,1.267546043258638,-0.04495335011111112,0.4565915736599789,0.45879915957149275,0.893129771,1.496183206,0.39186740357051786,0.6988905390407107,-0.030534351,-0.511450382,0.122137405,1.9466682803738382,,,-0.3587786260000001,1.5190520026298155,1.5608462733940525,2.748091603,4.5877862590000005,-1.136570180733917,-0.21232958665668655,-0.106870229,-1.633587786,0.480916031,1.7606420631189315,,,-1.5648854962222225,1.3270592238641417,2.051816950882697,3.832061069,4.152671756,-0.8223775021354007,0.15594298808936136,-1.984732824,-2.183206107,-0.114503817,1.867642757971873,,,9.988021375482077,1.1730505005681198,10.056670347285428,12.367294740368768,3.724737105694153,-0.011379968891819026,0.7779568837956333,9.755396409618292,8.91620531840917,10.67788065127575,1.2297603792598255,1.0068731302449818,1.2382126825165964
222,1998,2007,9,2005-12-22 17:05:12,1,0.5384293511111111,0.41904144688742045,0.6822769967890131,1.328781921,1.434126794,-0.08614972105258456,0.25647694379300773,0.553060583,0.248996973,0.830787976,1.9475695754856466,1.267161597674896,2.4678853748554106,0.42669994022222224,0.2895560719987417,0.5156700086460221,0.921767639,0.931344446,-0.4471782059860443,0.05645347219765799,0.471657727,0.301669409,0.541089575,1.7875145413638758,1.2085073374452897,2.160224439028396,9.897629662222222,0.4308469198941307,9.907002674819637,10.63983218,1.3790601590000016,-0.6652085143448421,0.04040499639942369,9.84974563,9.619902271,10.12747302,1.0739708597276325,1.0009469956865724,1.074987905499299,0.25699745533333335,0.6180640101382973,0.6693659781285884,1.946564885,2.167938931,7.352449531461197,2.646996399730015,0.030534351,0.015267176,0.06870229,2.908072636799081,2.6045626687641747,7.574257427861483,0.17217981344444444,0.8521636561171622,0.8693841411969352,1.72519084,2.93129771,-0.20100518603914352,0.3082560653816218,0.045801527,-0.27480916,0.595419847,1.9843826891353489,5.049280306471297,10.01970443275367,0.1840542833333333,2.990471359294012,2.9961299921684175,8.58778626,10.015267176,8.672100750190364,2.925666029599334,-0.809160305,-1.007633588,-0.419847328,2.8662929453820793,16.278512718675756,46.65898616685278,9.935075740659432,0.4175996700289774,9.943848322307007,10.644629199420587,1.3132525703108886,-0.790770980147188,0.04530296897889326,9.87292767307343,9.667169946600803,10.168186003122463,1.0704738099777247,1.0008829909178925,1.0714190286297767
223,2007,2016,9,2005-12-22 17:05:14,0,0.49107736266666663,0.3286359888289554,0.5908964285534599,1.029506714,1.0606313360000001,-1.0981665267405991,-0.036964551943841725,0.584185205,0.179565125,0.701501086,1.742279465997581,1.203265459732764,2.096424702636534,0.3756236383333334,0.3241262242051878,0.496135996368216,0.888248816,1.070208142,-0.3618816697452507,-0.4254172620670596,0.457292517,0.213083948,0.545877979,1.7903333410639504,1.3208327318525632,2.3647308778042246,9.977436385444443,0.3341491336686482,9.98303022479258,10.63504377,1.074996540999999,-0.24953817880880091,0.4969725502291639,10.06043538,9.651026892,10.15620344,1.0653121878353289,1.0005606489615206,1.065909454007134,0.07718405433333334,0.1866874643728391,0.20201383021291144,0.419847328,0.54961832,0.09746121032088784,1.2052443437336828,0.007633588,-0.030534351,0.099236641,2.078309824418972,2.6173000622703504,5.4395604328688565,-0.106870229,0.8807085924483088,0.8871690203443725,2.114503817,3.2519083970000002,4.466485682027262,1.94451423959967,-0.419847328,-0.488549618,-0.160305344,2.3834283755526235,,,0.6327396097777778,2.8813475578133407,2.9500039258785127,8.0,9.503816794,4.658199679527344,2.1082800589799713,-0.816793893,-0.984732824,1.839694656,2.711860797818293,4.662271620571649,12.643431636609018,10.007575190006314,0.3234823050211284,10.012801904826226,10.646080099512126,1.03039452635557,-0.23249264434660866,0.5100976723540396,10.10116773588071,9.699472373165195,10.185534081083208,1.0632468514513063,1.0005222758481127,1.063802159602401
224,2016,2025,9,2005-12-22 17:05:16,0,0.17211649711111113,0.5035525200835859,0.5321552678122516,0.895431421,1.39821377,-1.5458540842288748,0.12480087643637613,0.038307227,-0.186747729,0.684741675,1.68265067577216,3.091831850776714,5.202472953083325,0.44585355344444444,0.3149723268756637,0.5458873123791282,1.216254443,1.180341418,3.698365474470073,1.619198158386614,0.342370837,0.277727393,0.50517655,2.228032078084442,1.2243646106706392,2.727923627845553,10.079855011444444,0.41086349063946354,10.088225109486906,10.6685626,1.3024457050000002,-0.7574396187154897,-0.29888474542140636,10.16817445,9.787496387,10.33816277,1.0575262233162648,1.0008303788132824,1.058404370686597,-0.07379134855555557,0.2984592905381654,0.3074461110994779,0.648854962,1.038167939,-0.02011315677228076,-0.5424146282349361,-0.030534351,-0.312977099,0.114503817,2.110467293535078,,,-0.6624257846666667,0.5472664053924826,0.8592487641320516,1.366412214,1.427480916,-1.911518286453742,0.13582694283997554,-0.86259542,-1.106870229,-0.091603053,1.5902405345677122,,,-0.7531806616666666,0.24964931480223645,0.7934770881946523,1.160305344,0.786259542,-1.0988529901527087,-0.2379602795366465,-0.717557252,-1.0,-0.526717557,1.4623047864431329,,,10.108796412099625,0.4070665121091572,10.116989080084991,10.692344054848526,1.2834528945744754,-0.8017912248458274,-0.27914981966539787,10.17395057554102,9.824426734487357,10.348662427657567,1.0568701784897747,1.0008104493998473,1.0577267182916483
225,2025,2034,9,2005-12-22 17:05:18,0,0.03272075611111114,1.3643252652131406,1.3647175814722214,3.524264844,4.872200379000001,5.563199011605208,-2.1339607199380115,0.074220251,-0.055066638,0.799663354,2.582413307959377,41.70800872809898,107.70731678792866,0.4006297443333333,0.4769665280947888,0.6228974722756457,1.204283435,1.441309399,-0.5046979255590625,0.7697662421792997,0.239420166,0.067037646,0.574608398,1.933357396042022,1.554795870966037,3.005976096467785,9.106479026333332,2.5152076003387656,9.44744566165113,11.70525192,9.442731351,7.2876361381213695,-2.5390516541788366,9.579200842,9.387664709,9.998186133,1.2389858951519255,1.0374422028900325,1.2853762564160924,-0.128922816,0.31044183956465643,0.33614762863607667,0.93129771,1.0839694659999999,5.1935775596477605,-2.086262863155184,-0.106870229,-0.160305344,0.106870229,2.770502096887467,,,0.9287531802222221,3.877273166711171,3.986957446358233,11.32824427,14.534351140000002,6.680619261504713,2.3985196272427367,-0.13740458,-0.877862595,1.0,2.841325602897379,4.292806238794549,12.19726027456455,-0.7133163698888888,0.6385512393027433,0.9573755421810876,2.038167939,2.160305344,0.5305782098786844,-0.672771521536092,-0.870229008,-0.916030534,-0.190839695,2.1289116435507194,,,9.37592296596063,1.8965108500532157,9.565808113693143,11.713351891129385,7.355629939510876,6.3077684532845755,-2.2178073382889267,9.612754251362368,9.459894632275436,10.067631930650343,1.2245020757171685,1.0202524219132232,1.24930120838821
226,2034,2043,9,2005-12-22 17:05:20,0,0.04442574211111109,1.5182620540687952,1.5189118840101687,3.227383838,5.968744739,2.1934093491498876,-0.5936235196430392,-0.040701428,-0.186747729,0.69192428,2.1247999123419814,34.18990458755402,72.64670627061548,0.7203886774444445,0.8830291525536219,1.1396053399531452,2.130839478,2.422932081,-0.9793983342245052,0.48630046522148035,0.715866296,-0.244208569,1.031900916,1.8698047502020387,1.5819312207902243,2.9579025111264716,10.370085457777778,1.3644821105376737,10.459468620899987,12.59589493,4.541800544999999,-0.07409564872047358,0.3139711090554725,10.04607017,9.612719666,10.65419739,1.204257633588673,1.0086193275345836,1.2146375245685963,0.03986429177777779,0.17003769057594498,0.17464815480085844,0.381679389,0.557251908,-0.07348779292606,0.7778454824603955,-0.022900763,-0.076335878,0.175572519,2.1854189609687418,4.381067542211183,9.574468076033043,-0.7404580152222223,2.0774456943934747,2.2054611049530704,3.603053435,6.4198473279999995,-1.150946825588925,0.2880272080905188,-0.259541985,-2.458015267,0.404580153,1.633696203895044,,,-1.3918575063333334,1.0371446336690067,1.7357811812221213,3.374045802,2.977099237,0.1182921038833733,-1.1817107819889623,-1.236641221,-1.328244275,-0.496183206,1.9438197847175738,,,10.545421955077623,1.3417724334608199,10.630441076165585,12.789785377397308,4.064804361972273,-0.3787113911294373,0.7780920505511978,10.050398029706704,9.671611645328504,10.858428574809125,1.2031283825158647,1.0080621829501117,1.2128282236481798
227,2043,2052,9,2005-12-22 17:05:22,0,0.8201470797777778,1.9089204413024417,2.07764734343688,4.994304663,6.421248852000001,1.2174316888200991,0.9982118834400285,1.09654436,-0.687135876,1.137245789,2.403826943382189,2.533261892488634,6.089523191807532,0.6682482857777778,0.45192799066977785,0.8067184640230824,1.333570325,1.3168109129999999,-1.3740069306983536,0.2451297806403066,0.665588062,0.289698401,1.017535706,1.6530802063826853,1.207213667722527,1.995621018986753,9.873421624666667,0.9396281220377827,9.918031840348146,12.09311259,3.138798381000001,2.5668746280168913,1.6844748021678075,9.495403784,9.263166223,9.945513696,1.219305683291243,1.0045182123662206,1.2248147653076926,0.034775233333333336,0.13759816299788372,0.14192452682246276,0.381679389,0.534351145,4.765395870274087,1.7630473582616062,0.015267176,-0.022900763,0.045801527,2.689312394026531,4.081195529647903,10.97560972032778,0.24936386755555556,1.9034031354236496,1.9196681573602363,3.908396947,6.900763359,0.41138060638756446,0.2526901023324006,0.27480916,-1.213740458,1.244274809,2.0359752970922296,7.698261084006307,15.67346939760329,-1.3630195079999998,1.3998847981912443,1.9538422729062608,4.809160305,4.702290076,3.547199026776413,-1.8148014746276584,-0.923664122,-1.854961832,-0.374045802,2.461386147535118,,,10.11993986115031,0.959992685777726,10.165371058158463,12.195185496793984,3.1684540102419803,0.7864905306815251,1.1396190043839312,9.664002451568237,9.532655146280856,10.858513036848782,1.1996793257248042,1.0044892753940722,1.2050650166025576
228,2052,2061,9,2005-12-22 17:05:23,1,0.6605336358888888,1.4553269206175319,1.5982118539213452,3.270479468,5.351040711,0.8016364631196273,-0.3029389616654763,0.857124194,0.416591089,1.264138477,2.046336635519007,2.4195767892585978,4.95126862631132,-0.253785376,1.6324015811737975,1.6520114827961019,4.721365674,5.679046338,7.406911371292276,-2.6526589511267016,0.270544788,0.021547815,0.586579407,2.8579496711541506,,,8.93888490911111,2.256735732725159,9.219355703393427,11.03487545,8.147468248,6.587426149566115,-2.4231629896701,9.555258826,8.750807068,9.96466731,1.196924796592708,1.0313764856728878,1.2344800903245232,0.12553011033333336,0.24641532245875297,0.27654713837382233,0.679389313,0.954198473,2.40245844386288,0.946973517187989,0.083969466,-0.015267176,0.190839695,2.456685384614742,2.2030342970262473,5.4121621593093945,-0.2994062765555556,1.6241464493903477,1.651513187203825,2.58778626,4.72519084,-1.4025308866966126,0.38659239147876584,-0.893129771,-1.702290076,1.366412214,1.566918314701064,,,-1.1781170483333332,1.5425934520391658,1.9410188916771924,5.129770992,5.5572519080000005,4.920363286152192,-2.030745426650451,-0.870229008,-1.114503817,-0.358778626,2.642823835458642,,,9.412963091040732,1.2946306429645134,9.50157579851878,11.270064930473376,4.84165531934898,2.4410553793569063,-1.1826164638376992,9.706570410350182,8.861080398636902,10.029257315203589,1.1861258773760757,1.009413901512308,1.197291949566894
229,2061,2070,9,2005-12-22 17:05:25,1,0.3774857952222222,0.6369086437088174,0.7403702762979877,1.956062756,2.454056701,4.237700120912509,1.6472844760012864,0.258573779,0.095768066,0.488417139,2.642006059158316,1.9613195666399552,5.181818179008523,0.6198322076666667,0.46593108789968346,0.7754248798770365,1.144428394,1.549048475,1.1494404644673164,-1.1889080054663186,0.790086548,0.430956299,0.969651672,1.4758726779330043,1.2510238582084854,1.8463519317722363,10.072140361444445,0.31594682891835957,10.07709451475681,10.45547865,1.0103531009999998,0.11101928514462678,-0.8587414593418244,10.07958899,10.00058033,10.25675991,1.0375489318562099,1.0004918669850282,1.0380592679211413,-0.023748939666666663,0.18325714741729524,0.18478959444410079,0.312977099,0.473282443,-1.540058248694224,-0.6734568246066097,0.061068702,-0.20610687,0.129770992,1.6936943876170265,,,-0.7938931298888889,0.8672478435232909,1.1757487502781259,1.847328244,2.450381679,-1.2163457306478063,0.683429287421996,-1.190839695,-1.427480916,-0.045801527,1.5711930321533496,,,-0.9168787108888891,0.7236888552006009,1.1680719710800473,1.969465649,1.938931298,-1.9288705412678664,-0.10717058927841988,-1.015267176,-1.595419847,-0.229007634,1.6860824484804229,,,10.129919449225845,0.28635240857314137,10.133965943780336,10.48555097262871,0.8303812965727442,-0.6899475333787044,-0.5961550485621268,10.135722297806804,10.056117246839344,10.324829426403577,1.0346937251219162,1.000399459697066,1.0351070435639094
230,2070,2079,9,2005-12-22 17:05:27,1,0.537099239,1.9117280062789703,1.9857440828379034,3.900154504,6.50504591,-0.449696954550439,0.10430017764984491,0.608127222,-0.945709656,1.680729565,1.9640771123065057,3.6971642084897898,7.261515602333594,0.4203154026666667,0.8667378252288357,0.9632753995619601,1.628057129,2.3151930050000002,-1.8142968998722786,0.15422527274476425,0.196324536,-0.186747729,1.35511814,1.6901263436607463,2.2917918150287027,3.8734177207660867,10.057243107222224,1.2646613449076762,10.136444506584771,12.85925712,4.534617948000001,1.6514268093626434,1.1463218779010655,9.943119495,9.248801013,9.969455713,1.2686161416506994,1.0078750606421827,1.2786065706978504,0.12722646322222222,0.16732093865357794,0.21019721562368485,0.458015267,0.572519084,0.1780208977402804,0.3849363723042878,0.13740458,-0.022900763,0.229007634,2.1789787540287056,1.6521501132711705,3.599999995284,-0.6471586087777778,2.854226449569509,2.926674373813622,5.20610687,9.931297709999999,0.04259493467116471,0.4767823969624965,-1.320610687,-2.633587786,0.335877863,1.7788473212399605,,,-0.8363019506666666,1.3044732755641302,1.5495326648218433,3.671755725,4.488549618,1.204495000371991,-1.1141398927551922,-0.709923664,-1.06870229,-0.106870229,2.3695891079664064,,,10.305130574928597,1.192841199268109,10.373937839268153,12.961988004097744,4.2748263046689114,1.786563579740264,1.2847023811632667,10.01188092133949,9.890838839023656,10.066957774746806,1.2494761589020829,1.0066769910229918,1.2578188999985143
231,2079,2088,9,2005-12-22 17:05:29,1,0.13567142722222222,1.4945964600245971,1.5007415881765163,3.359064929,4.903325000000001,0.8427763196526517,1.0317314707053995,-0.375889661,-0.912190833,0.945709656,2.2382700362701677,11.061589156266377,24.758823562002036,0.08486114766666666,0.6714274851559918,0.6767690021020492,1.24019646,2.094926453,-1.0263111195828043,0.408358944609759,-0.023942017,-0.457292517,0.502782349,1.8325255089224555,7.9750159019812905,14.61442007444294,9.805319888666666,1.3975631902569556,9.904417246352422,11.76510696,4.855440969000001,0.5910528124981074,-0.6615096371285644,9.670180505,9.033322864,10.71644663,1.1878646332607636,1.010106489009124,1.1998697741211406,-0.016963528333333328,0.24545879774864898,0.24604426976812113,0.465648855,0.7022900759999999,-0.15936443021158908,-1.0715242506437088,0.06870229,-0.06870229,0.13740458,1.8925409457364735,,,0.0856658184444444,1.8624799314150258,1.864449014420474,4.671755725,7.358778625999999,4.270311899573663,1.5478507412693403,-0.358778626,-0.564885496,0.458015267,2.5057031266967202,21.764211774029775,54.53465349227598,-1.2603901613333335,1.1902058099879738,1.7335435468758766,3.580152672,4.603053435,1.4591282038979987,-0.046366513393531684,-1.152671756,-1.877862595,-0.58778626,2.0652222313376605,,,9.954098387116595,1.312877711797585,10.040304905058017,11.805108460455537,4.703224675694882,1.357093538639698,-0.8164061156337866,9.813239731173622,9.43824692158118,10.73278332293116,1.1757719085312304,1.008660404447378,1.1859545687969761
232,2088,2097,9,2005-12-22 17:05:31,1,0.822275259,1.6584958662529297,1.8511469795620155,3.639186523,6.189011291,1.2285637042417026,-0.2960548137121756,0.593762012,0.371101257,1.280897888,1.9659090084035562,2.251249760102554,4.425752183551956,0.76268624,0.8102572629553658,1.1127475602567092,2.047042419,2.72699569,-0.4296780704750276,0.015168183893852964,0.600944617,0.268150586,1.472434021,1.8396287640727338,1.4589847068129997,2.683990232995419,9.613517733222222,0.8208702336943436,9.648499942869023,10.99896243,3.0095114900000004,0.7260062962375109,-0.4902674086666225,9.813832605,9.239224207,9.976638318,1.1399660563950225,1.0036388563081242,1.1441142290703832,0.05004240866666668,0.13900263381391,0.14773616643315757,0.351145038,0.496183206,1.2863332137970067,1.0722958255288662,0.0,-0.007633588,0.091603053,2.376838701570571,2.952219334949096,7.016949170831944,1.7472434266666665,2.0243115871146258,2.6740787186910584,4.671755725,6.343511449999999,-0.7222113097539786,-0.3150721324327527,1.603053435,0.854961832,3.045801527,1.7470524305607538,1.530455732658029,2.673786407605849,-0.7430025445555556,1.618736643866759,1.781112321953068,4.473282443,5.877862596,2.259884108612442,-1.2433509612588198,-0.526717557,-1.213740458,0.358778626,2.511510581261293,,,9.842336696650127,0.9417599323164233,9.88728999374158,11.386256752342097,3.2588131020468296,-0.08080854927240466,-0.28384703659480254,9.94708040900933,9.30160163303688,10.233925027259618,1.151605420651091,1.0045673398987411,1.1568651940364374
233,2097,2106,9,2005-12-22 17:05:33,1,-2.1053013265555554,6.246036885571123,6.591302636923267,19.6133,20.977994946,8.544446348950563,-2.897883328246059,-0.004788403,-0.756567725,0.746990918,2.9756333581362044,,,0.027932352666666653,1.0043656146459556,1.00475395207416,2.372653845,3.722983581,3.1744098200108235,-1.4203373906233945,0.181959326,-0.229843359,0.44771571,2.361427730741463,35.970974735443356,84.94285724207649,9.957484705777778,1.8200146498561285,10.122448073044845,14.58787072,6.847416753,4.8492528193750655,1.8957831615160834,9.507374792,9.17218656,10.18972227,1.4411405832593172,1.0165667708403656,1.4650156290509253,-0.011874469888888897,0.24040378262559223,0.24069686690074535,0.450381679,0.885496183,0.57593593667311,0.08392873268085148,-0.061068702,-0.106870229,0.145038168,1.871157214463124,,,-1.6624257841111116,5.479902113729278,5.7265161017613515,16.39694656,19.587786255,6.679562498218507,-2.456897670005066,-0.511450382,-1.702290076,1.312977099,2.8633371964075427,,,-1.7311280745555555,1.9077684385345506,2.5761181699570734,6.748091603,6.5190839689999995,5.734157471070477,-2.300550068246574,-1.007633588,-1.740458015,-0.557251908,2.619480613000158,,,11.122802887170526,4.816846673951803,12.121004741654444,24.558440408576978,16.80213525403966,8.31534101722555,2.8384292770398916,9.607569708353482,9.204352824579113,10.260749476602308,2.026105997977268,1.0897437331767592,2.2079363140475716
234,2106,2115,9,2005-12-22 17:05:35,1,0.02128179266666665,1.8413496432065826,1.8414726235369658,3.80678064,6.052541797,0.3882050439582052,0.9087835127182847,-0.079008655,-1.321599316,0.651222852,2.067248022774411,86.52807836161456,178.87499890751698,0.3197589328888889,1.1561540685636398,1.1995574206425046,2.676717456,4.170699292,5.367117087659116,-2.084609799289075,0.615309827,0.237025964,0.77811554,2.2314208640102464,3.751443031802122,8.371048251309109,10.308368258666667,1.2371993724998864,10.382346480617981,11.61187805,4.103661644,1.739159656946394,-1.4088054263270182,10.51772789,10.21845269,11.06839427,1.118425210685979,1.0071765210647299,1.126451612769792,-0.11111111122222221,0.6982877353424675,0.707072443506851,1.938931298,2.580152672,5.70001585707716,-2.186540610833562,0.122137405,-0.160305344,0.236641221,2.7421961014115146,,,-1.8821034775555556,2.552035014086875,3.1709929380798236,6.366412214,8.65648855,-0.41993209842473345,0.02380040198561117,-1.923664122,-3.625954198,-0.122137405,2.007703056524353,,,-0.8320610687777779,1.2732616958929044,1.5210262878739778,2.816793893,4.755725191,1.6080481982149566,0.8969117931409485,-1.099236641,-1.58778626,-0.335877863,1.851903491383563,,,10.55710989176499,1.0819004600484077,10.61240207833529,11.769054729039766,3.3227333896119884,-0.01586729389519448,-0.9973098769343386,11.060655597050241,10.277352906540974,11.177841424714448,1.1089906547232815,1.005237435921116,1.1147989222145114
235,2115,2124,9,2005-12-22 17:05:37,1,0.36099240588888887,1.6050720223740933,1.6451661661113477,2.375048047,4.589684583,-0.8623356172087471,-0.7410686284714005,1.230619653,-0.277727393,1.410184778,1.4436523774457763,4.557342867256103,6.579218865149824,0.11385759,0.7059373606672006,0.715060212839717,1.233013855,2.32237561,-0.46009008988063105,-0.6826367409878187,0.509964954,-0.414196887,0.586579407,1.7243496881239342,6.2803034285173,10.829439258287481,10.180411480444445,0.9297119645177966,10.222775662613975,11.44188973,2.552218966,-1.7129783725465892,0.06187814613627357,10.19211647,9.409212524,11.02051024,1.1192547022081767,1.004161342815161,1.1239123047215458,-0.01781170477777777,0.18952900217633917,0.19036412343992104,0.442748092,0.633587787,1.4946836188769845,-1.2400550994654418,0.053435115,-0.099236641,0.099236641,2.325795869512836,,,-0.29516539444444445,1.9919812833545625,2.013730876585159,4.93129771,6.992366412,2.3486752563137996,-1.3372635826398998,0.114503817,-1.030534351,1.236641221,2.4488365189902574,,,-1.758269720111111,2.998572004456266,3.476053289949461,9.152671756,10.534351145,3.723907415254418,-1.811703695223774,-1.0,-1.488549618,-0.396946565,2.633064280822079,,,10.336895504543321,0.933603983704318,10.378970328035265,11.700502947299078,2.5298648436191353,-1.517211066771424,0.2678401798254172,10.304452031808804,9.622745336903337,11.077702265723886,1.1273279118733137,1.0040703539542846,1.1319165354971827
236,2124,2133,9,2005-12-22 17:05:39,1,0.12769075522222226,0.7238870027193665,0.735062801177729,1.223437048,2.33674082,-0.5215716637092527,-0.45230101267871115,0.131681091,-0.301669409,0.73501991,1.6643979889062408,5.756585900823341,9.581249996296389,1.0446699911111113,0.9879608029512447,1.437846284724538,2.633621826,2.683900061,-0.991551731258526,0.6479277034409402,0.797269153,0.107739075,1.584961499,1.8316435170985947,1.3763641120726022,2.5210084030449456,10.370883525666665,1.2464369089532519,10.445517223715886,12.24394729,4.1826703,-0.5199456074065303,-0.3599994100160306,10.60391915,9.605537061,11.46104335,1.1721724283983652,1.007196464781859,1.1806079259976001,0.05089058511111111,0.1302441108043215,0.13983340106054637,0.236641221,0.404580152,-0.8890357833301428,0.0657671411638385,0.038167939,-0.045801527,0.152671756,1.6923082697354754,2.747726337892234,4.650000004585,-0.22815945722222228,1.6264397147694254,1.6423650275438737,2.641221374,5.045801527,-0.5573576909097069,0.5343229559060849,-0.618320611,-1.435114504,0.534351145,1.608181695119201,,,-0.3053435113333334,1.6345941902553494,1.662868854338763,3.022900763,4.977099236,0.6377659918084184,1.3791304555591477,-0.839694656,-1.381679389,-0.427480916,1.8178828445265764,,,10.491787246476052,1.28021471081967,10.569604975168968,12.559281108612353,4.444364592415269,-0.19215088401608327,-0.30170959567577077,10.666824292917298,9.615066770424782,11.465123069719764,1.188245079936072,1.0074170135997613,1.1970583098538072
237,2133,2142,9,2005-12-22 17:05:41,1,1.540535757111111,1.652536928816833,2.2592318871778687,5.573701465,6.349422803,3.8464516323877067,1.5162784389928743,1.21146604,0.787692346,1.855506287,2.4670780793389113,1.4665234979125006,3.6180279745353534,0.3064578124444444,1.047122586299732,1.0910463333641123,1.675941162,3.04303031,-0.30280531969808155,-0.9529176513702163,0.739808313,0.040701428,1.271321082,1.536086150285143,3.5601844334182227,5.468750000634491,9.986481145666666,2.0011355135836246,10.18500608819069,13.21359896,6.818686326000001,-0.24412082812090663,-0.19564310133220222,10.25436571,8.884882361,11.08275948,1.2973579834498974,1.0198793688816172,1.3231486413744091,0.05597964377777778,0.21782121700637178,0.22489954000758605,0.351145038,0.5725190840000001,-1.7273858963578075,0.03666476601704803,0.022900763,-0.183206107,0.267175573,1.5613417350171352,4.017523600192403,6.272727268396694,0.5309584392222222,1.787437579003704,1.8646313209361043,3.20610687,5.839694656000001,-0.27579051221093387,-0.3306729952817944,0.770992366,-0.015267176,1.305343511,1.7194320582314537,3.511821610119845,6.038338659230063,-0.439355386,1.244262378442368,1.3195537206246162,2.580152672,4.480916031,0.31261017582905115,0.3068589111385637,-0.748091603,-0.923664122,0.389312977,1.9553221908833498,,,10.279580842839678,2.087840399454289,10.489464230267911,14.3410948711351,7.481295140760568,0.4151871971633332,0.3622866583395892,10.368228712587644,9.03270160657358,11.173295127113892,1.3671904070899161,1.0204175044330168,1.3951050232874525
238,2142,2151,9,2005-12-22 17:05:42,1,0.18648170711111112,1.2038025655776212,1.218160926962582,1.980004773,3.66312854,-1.3226162819580174,0.09201095056961411,0.304063611,-0.74938512,1.127668982,1.625404927358025,6.53233470367561,10.617689014506162,0.48017044422222216,0.34251332714572363,0.5898127116102193,0.993593689,1.25456167,1.3580611743448117,-0.8967975161527351,0.56263739,0.299275208,0.641646045,1.6845918533824706,1.2283403085452191,2.0692520769565865,9.863312772777778,1.5059788545148665,9.977620516129443,12.12663141,5.2313306289999995,0.452162085390551,-0.7834330827201937,10.36210479,9.727641345,10.49139167,1.2153831056609687,1.0115891836733748,1.2294684037059902,0.07039864288888889,0.18224151551847262,0.19536616620865294,0.488549618,0.641221374,2.050687183479093,1.394226980024225,0.022900763,-0.038167939,0.114503817,2.500686927941373,2.7751410849922484,6.939759034433155,-0.6573367261111112,2.1058910473785795,2.206098065572726,5.190839695,6.854961832,0.8533117067668758,-1.170071576993384,-0.06870229,-1.06870229,0.900763359,2.35295056734135,,,-0.9050042409999999,0.5768073622981758,1.0731912268693613,1.763358779,1.8167938940000001,-0.8248215649218875,0.19274887638496935,-0.908396947,-1.465648855,-0.648854962,1.6430983918345545,,,9.9648724668535,1.4443070871485646,10.06899728089359,12.186926478077757,5.061510018567633,0.5048005200620214,-0.7411176751905694,10.39134106925261,9.797357251832851,10.537674642846351,1.2103416197363603,1.0104491868196452,1.2229887054365776
239,2151,2160,9,2005-12-22 17:05:44,1,0.3615244506666666,0.662826416581873,0.7550091303743299,1.271321082,2.219424939,-0.03103929814892048,-0.5620558869123263,0.428562097,-0.12928689,0.936132849,1.683848619644752,2.0884040594821753,3.516556292819557,0.5525285385555557,0.4408565187773375,0.7068537727612487,1.084573352,1.3048399050000001,-1.2687637684688822,-0.3355155463538567,0.69192428,0.225054956,0.969651672,1.5343673526183925,1.2793072636739031,1.9629272993488067,9.966529465777779,0.5909371462945322,9.98403306800851,11.20725797,2.0231004020000007,0.8739650504269463,0.6859378320341173,10.00536874,9.631873279,10.17775126,1.1225181140386071,1.0017562384469774,1.1244895235079102,0.05937234955555556,0.16731233922952382,0.17753448890343063,0.312977099,0.526717557,-1.1026521732467036,-0.05387259624407747,0.038167939,-0.030534351,0.213740458,1.76290872231729,2.9901880291483,5.271428557954285,-0.4546225615555556,0.9450253637111569,1.0486918572835107,2.038167939,2.877862595,-0.9932356148041879,-0.10694561361512377,-0.488549618,-0.961832061,0.503816794,1.9435336746864695,,,-0.6200169635555555,0.5751962035306412,0.8457373751069027,1.709923664,1.946564885,-0.1748510621053203,-0.5745936239099825,-0.564885496,-0.938931298,-0.213740458,2.021813998445868,,,10.020456033712374,0.5840019028565547,10.037459705827107,11.289010430272407,2.0159728438537634,1.3342419663800413,0.8442824298937512,10.051586843258441,9.693606001819376,10.218694461539533,1.1246879948836785,1.001696896035223,1.1265964734830596
240,2160,2169,9,2005-12-22 17:05:46,1,-0.8313200208888888,2.7886651681898034,2.9099392429062445,8.164227661,10.479420666,5.942550261164323,-2.1979151956584113,-0.253785376,-1.046266125,0.402225879,2.8056350938949977,,,0.8943673313333333,1.2063039393405939,1.5016864244658217,3.945644336,4.048595007,4.329684203683701,2.0295643105056813,0.363918652,0.150834705,1.242590662,2.6274755313204223,1.6790488335783573,4.41165972611923,10.024522351333331,0.6456023467726191,10.045289979017026,10.71644663,1.8339584710000008,-1.030942612887566,-0.665419513441435,10.26633672,9.536105212,10.62786117,1.0668130688496709,1.0020716825157192,1.0690231668319476,-0.054283291000000004,0.18190962109435158,0.18983620815977453,0.366412214,0.709923664,2.2321829432321607,0.7797078874281964,-0.091603053,-0.114503817,-0.022900763,1.9301492457730263,,,-0.5928753181111112,2.0152061316829064,2.1006086965443456,5.320610687,7.259541985,2.5809211320691743,-1.3652014107805839,-0.58778626,-0.93129771,0.824427481,2.5328899645863565,,,-0.8973706531111111,0.7952141347587734,1.1990161004695503,2.282442748,2.389312977,-0.6420887704767746,-0.7074170600276032,-0.664122137,-1.190839695,-0.404580153,1.9035964130141083,,,10.487213586335336,1.2841380268312783,10.56554112562961,13.697459332856834,4.756286386961007,4.266422541878352,1.7626218057493865,10.328132807155962,9.67876535194768,10.751692978886739,1.2964276197486848,1.0074688608799132,1.3061104572814646
241,2169,2178,9,2005-12-22 17:05:48,1,0.5791307793333333,1.6773358483231637,1.7744993681715475,2.755726111,5.396530542,0.3682974910151904,-1.1226129570545988,1.127668982,0.361524451,1.417367383,1.55295975892035,3.0640736626263645,4.758383096426433,0.5509324044444445,1.152205907872885,1.2771471991920573,2.449268298,4.048595006999999,5.442756150218479,-2.1702104858396147,0.79248075,0.428562097,1.094150159,1.917765077940463,2.3181558915197984,4.44567841397861,10.690110414222223,1.8164286941491739,10.84333315310338,13.46499014,6.70137045,1.3901841825872658,-0.8232862642075501,10.62546697,10.10831941,11.88242284,1.241775932721047,1.0143331296819262,1.2595744682006325,-0.14249363866666667,0.23886069623280096,0.278134624355338,0.580152672,0.885496183,0.6947456787307855,0.08825230422434151,-0.152671756,-0.282442748,-0.022900763,2.085870011131053,,,-1.2892281595555555,1.7394437935403875,2.165126776490739,4.083969466,6.083969466,-0.02676599183698425,0.20584744961433085,-1.366412214,-2.809160305,-0.229007634,1.886249576858193,,,-0.9431721798888889,1.3534557141268537,1.6496715221579688,3.442748092,4.328244275,-0.5665042981198871,-0.5295375436077798,-0.633587786,-1.633587786,-0.015267176,2.086929455808555,,,10.92421062614411,1.7376561917929552,11.061547217511492,13.562137845680153,6.085726097341184,0.1756098731186988,-0.5265200795763076,10.71298368142279,10.184639226822489,12.226443622804146,1.2260615607380843,1.0125717634040032,1.2414753165984265
242,2178,2187,9,2005-12-22 17:05:50,1,0.816954811,1.0579390370684951,1.336656339291989,2.980781067,3.624821314,0.39190641452838637,0.8284867654938218,0.787692346,0.07182605,1.189918225,2.2300280029935626,1.636144767488234,3.648648648450153,0.14578027888888892,1.1149427192151045,1.1244328156202545,2.43729729,4.230554333000001,2.8205240642992333,-1.0796219617963074,0.11492168,-0.105344873,0.469263525,2.1675792952160946,7.713202527738864,16.718978098935207,9.451244063333332,1.2998945282682668,9.540216985441964,11.08275948,4.85304676,4.080971816697925,-1.6857657466402496,9.509768994,9.363722693,10.02931075,1.1616884078120973,1.0094138847237908,1.1726244085682043,-0.20101781155555556,0.33016186430377403,0.38654238733045637,1.099236641,1.1526717560000002,7.1402049918501405,-2.596168065831579,-0.076335878,-0.145038168,-0.038167939,2.843767403082392,,,-0.1458863443333334,1.1193120423290266,1.1287791075164888,2.198473282,3.4122137400000003,-0.8006154004711354,-0.6513312163060747,0.366412214,-1.083969466,0.503816794,1.9476558941961863,,,-0.9626802374444444,0.9761209882191308,1.3709724370708496,2.496183206,3.045801527,-0.9751940502190504,0.3198362547310007,-1.244274809,-1.687022901,-0.091603053,1.820739161855959,,,9.64403376396069,1.0292483738703198,9.698800928750343,11.245359769858624,3.9217817902808267,2.335593764237732,-0.9272223041777002,9.60408682384775,9.441056047051749,10.03044263084211,1.1594587673744068,1.005678864895135,1.1660431770658057
243,2187,2196,9,2005-12-22 17:05:52,1,0.504378483,1.621695763235374,1.6983211718073068,2.940079639,4.695029456,-1.3899141506680994,-0.24355960426728468,1.11090957,-1.441309399,1.307234106,1.7311682194194447,3.367156270635968,5.8291139255438855,0.4008957667777778,0.7648100240712691,0.863511313614499,1.68791217,2.106897461,-1.2896622210355164,0.6270944936468017,0.205901343,-0.366312854,1.122880579,1.9547076493239113,2.1539546814250987,4.210351692078689,9.607399217444444,0.9769377974580064,9.656941916748503,11.79623158,3.67749375,2.1269139652479625,0.9136188563858166,9.660603699,8.997409839,9.844957227,1.22152868699989,1.0051567232903262,1.2278277724299442,-0.029686174888888892,0.1613096873383474,0.1640185483679486,0.297709924,0.5801526720000001,0.7886831818550704,0.024998007982145125,0.0,-0.083969466,0.022900763,1.8150991272775858,,,-0.31128074655555554,2.3586750796326545,2.3791266957554598,4.061068702,6.5114503809999995,-1.7514308297109098,-0.29118005673220315,-0.083969466,-2.083969466,1.93129771,1.7069577291723264,,,-0.5623409668888889,1.454620830316835,1.5595349060002375,2.389312977,4.198473282,-1.4625566366613012,0.479900866321791,-1.351145038,-1.847328244,0.480916031,1.5320676490197367,,,9.7960645315353,0.9610377041508139,9.843092693600086,11.909371551689212,3.6157028716806447,2.022356156391756,0.7379052835100864,9.820871043465035,9.614910274580334,9.956643043320922,1.2099217108290168,1.0048007199129194,1.2157302060792672
244,2196,2205,9,2005-12-22 17:05:54,1,0.5325768582222222,1.9948143509651686,2.064684577539736,4.560954163,6.943184815,0.4682010253979412,0.423622998100986,0.890643018,-1.302445703,1.233013855,2.2090319328266603,3.876782375471202,8.563936064035481,1.445033713,2.812786328781735,3.1622601668882333,8.520963708,9.938331091,4.243019962653696,1.9289022385464047,0.155623108,-0.031124622,2.35110603,2.6945802237343757,2.1883642841267283,5.896723122334517,8.395135109888889,4.7527227557213685,9.647106670190853,11.2527478,16.163255405,8.48879411605663,-2.881506155609833,9.684545715,9.404424121,10.40041201,1.1664375843143218,1.1491306028925286,1.3403891244996213,-0.25360474955555556,0.49360952902657446,0.5549466065694724,1.450381679,1.7862595419999998,3.3013420353149456,-1.6280938128490074,-0.099236641,-0.450381679,0.053435115,2.6135517576472114,,,2.4079728583333333,5.638528845541426,6.13117776846119,16.34351145,18.763358778,3.700773593140786,1.9283787075769225,0.839694656,-1.519083969,1.34351145,2.665639795027818,2.5461988689959134,6.787249031250329,-0.6776929603333334,3.686691478455739,3.7484612584103787,7.625954198,14.488549618,2.6389215050839914,0.862861803385497,-0.65648855,-2.351145038,-0.083969466,2.03442257296637,,,10.331782300175849,0.7640375485748928,10.35999415414214,11.404349800599574,2.1588980533669346,-1.7252490465605508,0.04644757718917397,10.521093023974824,9.613210121892429,10.840766132003909,1.100806586463167,1.0027305892774967,1.103812437124761
245,2205,2214,9,2005-12-22 17:05:56,1,0.42563585066666665,1.7499027515055479,1.8009235178372858,2.875436194,5.602431885,-0.32100480382117613,-0.6902912665941191,0.754173523,-0.356736047,1.915361328,1.5966453686234758,4.231136815699448,6.755625000798806,0.9111267431111112,1.0226403032438534,1.3696514636326063,2.255337964,2.5905261960000003,-1.7501659189978445,0.16811316528979536,0.905008228,-0.193930334,2.097320654,1.6466510085845967,1.5032502052961674,2.4753284667059363,10.23122176088889,0.9317139995735881,10.273557791606944,12.24634149,3.612850303,2.085563844820534,0.561174016883149,10.35731638,9.82101521,10.51054529,1.192025366324871,1.0041379252358593,1.1969578781699712,0.03562340955555556,0.22144715233172452,0.22429415637549022,0.488549618,0.786259542,0.6126218487856638,0.6234703769133119,0.022900763,-0.145038168,0.122137405,2.1781647185766198,6.296257409771462,13.714285749040815,0.6513994911111111,2.3621538198858456,2.4503248694450916,4.633587786,9.221374046,2.4361749214755113,-0.8434671289159011,1.244274809,-0.190839695,1.618320611,1.8910095733751977,3.7616315377611076,7.113281249416321,-0.12468193377777775,1.1109019608798243,1.1178768945179989,1.809160305,3.160305343,-1.5453611704529187,-0.05354943909805906,0.0,-0.946564885,0.93129771,1.6183895685401617,,,10.47390748612213,0.9810822180495037,10.519755717050568,12.778701644285348,3.876518326929043,3.335292129585908,1.135574289219877,10.424098051676138,10.010811072955134,10.72369231310118,1.214733686598202,1.0043773759687287,1.220051032646322
246,2214,2223,9,2005-12-22 17:05:58,1,-3.857856941444444,7.838944734296119,8.73682520873572,19.6133,26.499023975,0.09934169491484468,-0.8644053922144715,-0.909796631,-9.746794958,0.007182605,2.2449001246344245,,,1.4711039087777777,5.647992377489465,5.836434237323364,15.04516323,20.530279233,3.193046811571878,1.5811391240673762,0.603338818,-0.902614026,0.981622681,2.5778005230981296,3.9673840865343015,10.227124773599316,9.790821667000001,6.044114224616572,11.506150775789836,19.61270145,19.169774142999998,-0.207344150696251,0.5123801635808024,9.811438403,6.543353137,10.32379756,1.7045406263289378,1.1751976664605543,2.003172166448979,-0.46225614933333325,0.9646357826026015,1.0696742217487596,2.34351145,3.2061068699999997,-0.07715577437638732,-0.8390311760461742,-0.114503817,-1.045801527,0.13740458,2.1908646598669117,,,-5.3672603902222225,11.267351093660809,12.48041204304841,31.48854962,35.763358780000004,2.087631006684364,-1.5952094595497512,0.801526718,-7.763358779,1.79389313,2.5230376618486026,,,-1.3638676843333333,4.804472855771785,4.994306206292987,8.20610687,16.152671755,0.46737406191410535,0.638620237632559,-1.641221374,-3.213740458,-1.114503817,1.6430924599016454,,,13.367968967952898,8.005310155244308,15.581642564563253,31.554659428904884,24.946745256694225,1.9078009942487721,1.7039199501267188,10.370363095742123,8.221170112702701,11.192975213005129,2.0251176535565296,1.165595357224213,2.3604677348182834
247,2223,2232,9,2005-12-22 17:06:00,1,-0.3607263835555556,2.438686847940398,2.465221504471869,5.008669873,8.130708838,1.2238223644900552,1.233246486616454,-0.622492432,-2.183511914,0.11492168,2.031732184679697,,,0.4131327974444444,1.1423791385721764,1.2147875553236378,1.924938135,3.5865140870000003,0.21952158521827236,-0.9866728486446769,0.53390697,0.007182605,1.400607971,1.5845882899970665,2.940428750363241,4.6593689653962995,10.889627217111112,1.4116606781771257,10.980745275160452,12.74912384,4.187458702999999,-1.434765929028158,-0.04854872979364108,10.25197151,10.08677159,12.31816754,1.1610435831563999,1.0083674175646862,1.1707585196274688,0.05513146733333333,0.15164104047004992,0.16135204939871609,0.282442748,0.503816794,-0.42976454686677634,-0.3030098693387008,0.083969466,-0.06870229,0.13740458,1.750475119792606,2.9266779428009193,5.123076922518817,-2.187446989111111,3.051112583794501,3.7542259294241234,7.534351145,10.419847328,-0.4612242109233673,-0.15071562946173442,-1.717557252,-4.923664122,-0.480916031,2.0068987020596616,,,-1.1696352840000002,2.4151397253101923,2.6834579538999956,7.496183206,8.389312977000001,5.676413615354383,-2.202675884347038,-0.809160305,-1.312977099,0.618320611,2.793478912201864,,,11.24252775448583,1.3173315293630885,11.31944312537672,13.161240333437421,3.58483652601487,-1.9900321081627212,0.34486928421334,10.30832192229296,10.266507852575787,12.620782830090306,1.16271093795521,1.006841465955928,1.170665585253816
248,2232,2241,9,2005-12-22 17:06:02,1,0.3748255711111111,1.3381729331079393,1.3896765838357772,2.087743848,3.960009546,-1.445340982338088,-0.2893306327598051,0.459686719,-0.541089575,1.479616626,1.5023235422427725,3.707528757219794,5.569907735513385,0.4344145901111111,0.6206901926018092,0.7576096298843329,1.242590662,2.351106031,4.254439534255541,-1.6667973473634121,0.502782349,0.337582434,0.737414111,1.6401463405232997,1.7439783265349296,2.8603796702182125,9.979298542444445,1.0294395533760097,10.032255239640227,11.51132158,3.3159692970000005,-0.46702301129426793,-0.6084660883894106,10.40520042,9.430760339,10.55364092,1.1474310915172465,1.0053066552694605,1.1535201127653893,0.10517387622222221,0.15746412962342932,0.18935811669340047,0.366412214,0.557251909,0.409327870716071,-0.47386687172748615,0.129770992,0.076335878,0.160305344,1.9350224875402462,1.8004291892152489,3.4838709683553595,-0.34266327388888895,1.7491281614971679,1.7823769086853416,3.664122137,6.114503816,0.02033306303026361,-0.4029495798222929,-0.503816794,-1.038167939,0.832061069,2.0557504527494186,,,-0.10602205277777774,1.195129636363134,1.199823121709484,2.885496183,4.251908396999999,4.141815894367138,1.892594659993158,-0.427480916,-0.908396947,-0.053435115,2.4049346364394135,,,10.109440338051606,0.9749536417793437,10.156343759062302,11.568759875131702,3.1838168456811715,-0.29130001973043473,-0.6530637796321871,10.474173665893762,9.687192292796668,10.677840126577246,1.1390673799130844,1.0046395665281445,1.14435215880223
249,2241,2250,9,2005-12-22 17:06:03,0,0.26362820500000006,1.1838591896392812,1.212857127350496,2.439691492,4.072537024,0.14703511056452978,0.4695473936295687,0.067037646,-0.174776721,0.404620081,2.0115242240687836,4.600634925805817,9.254288599355291,0.6336653726666667,0.5345608894808898,0.8290278337181362,1.661575952,1.953668555,0.5378896482804052,0.1825104561562533,0.684741675,0.215478149,0.845153186,2.004246280306343,1.3083054076780647,2.622166246843435,10.144498456222223,1.005492136193143,10.194207343596721,12.05480536,3.4811692149999995,0.27002411290532713,0.25742992769427236,10.0963484,9.852139832,10.54885251,1.1825152219973212,1.004900083290368,1.1883096450772361,0.015267175555555556,0.12798754529088854,0.1288949122309775,0.20610687,0.40458015199999997,-1.1794894975020167,-0.2405567782753436,0.030534351,-0.083969466,0.114503817,1.5990302986564744,8.442616760509711,13.5,-0.2849872774444445,2.9337219619407193,2.9475315601836223,6.503816794,11.06870229,2.6002746378736576,1.1914051719484606,-1.190839695,-1.458015267,0.290076336,2.2065299933870195,,,0.3087362172222223,3.01003316590205,3.0258251290606673,7.969465649,10.778625953999999,4.654523419386928,2.0389725950269293,-0.595419847,-1.465648855,0.053435115,2.6338156731066706,9.800680841025974,25.813186806210478,10.257072955553204,0.9341452291505133,10.299522946461432,12.11895548138153,3.1903572927280717,0.3850506583479465,0.6646535458974414,10.105688392899845,9.882111654785298,10.571122356819806,1.1766521172269628,1.0041386067050684,1.1815218175688513
250,2250,2259,9,2005-12-22 17:06:05,0,-0.18515159499999997,0.7176501606233593,0.7411496921498231,1.314416711,2.370259643,-0.3809700310716595,0.4205178871261121,-0.201112939,-0.622492432,0.095768066,1.7734834473010768,,,0.5565188747777777,0.5748080038506396,0.8000734336763599,1.242590662,1.752555616,-0.4237413260392753,-0.5734413987546986,0.555454785,0.435744702,1.151610999,1.5530957655852426,1.437639350499721,2.232791587699835,9.958548795666665,0.5753340840169027,9.97515430576919,10.59673655,1.7022773829999984,-0.3773029860955992,-1.0136710553907213,10.22802949,9.682151514,10.33576857,1.0623130455106158,1.0016674628445612,1.0640844130432974,-0.05852417288888889,0.07033218808463679,0.09149696985748372,0.13740458,0.183206107,-1.6904376804749406,0.26152420298860973,-0.06870229,-0.13740458,-0.007633588,1.501739130968187,,,-1.2773536895555553,0.8967868408793598,1.560723898130471,2.503816794,2.549618321,-1.2780513618170262,0.011621934121967386,-1.190839695,-2.083969466,-0.770992366,1.6042663260293653,,,-0.6802374895555555,0.5938894715500512,0.9030103801257456,1.86259542,1.992366412,0.10146405696878613,-0.48194283950925765,-0.801526718,-0.938931298,-0.06870229,2.0626511732241997,,,10.01723420582599,0.5900361471840518,10.034596344116391,10.623944455018778,1.714363115236086,-0.2978041582649631,-1.0172415431532444,10.27776981684289,9.762549493826336,10.391279560271519,1.0587316211526476,1.0017332267503842,1.060566643119907
251,2259,2268,9,2005-12-22 17:06:07,0,0.6182360732222221,0.8808122804390015,1.0761255110838082,1.91775553,2.410961072,-1.685611249176687,0.05395204020558606,0.902614026,-0.275333191,1.242590662,1.782092804461585,1.7406384999100495,3.1019793458585063,0.3471592406666667,0.5115567305897674,0.6182312083613609,1.134851587,1.561019483,-0.7620504430911774,0.21738958819213552,0.373495459,0.067037646,0.574608398,1.835642671627587,1.780828899078537,3.2689655180161403,9.751849383666666,0.7965434070716609,9.784326640145927,10.9606552,2.633621825999999,-0.10162926515801995,0.08464833612608837,9.509768994,9.3732995,10.02452235,1.1202258063449657,1.003330368958903,1.123956571597379,0.03731976266666667,0.14137348001377453,0.14621636548861908,0.229007634,0.43511450399999996,-1.0590866644678543,-0.11343935358576761,0.015267176,-0.053435115,0.160305344,1.5662243637004167,3.9179339588677733,6.1363636217479325,0.5368956742222222,1.7306428296855725,1.812010366675815,2.992366412,5.305343511,-1.0874812741736979,0.15439556906408894,0.198473282,-0.702290076,2.526717557,1.6514068942605347,3.374976655009927,5.573459716051751,-1.2044105175555555,0.866267621352631,1.4835849441816218,2.267175573,2.6793893129999997,-0.8698417051040415,0.6624275553301541,-1.664122137,-1.916030534,-0.435114504,1.5281737536441662,,,9.829823328785983,0.8049081118497186,9.862722937590137,11.093466151077541,2.7614503631214617,0.18433838987508544,-0.002912023729808677,9.607804779635433,9.416897028353523,10.092311174167797,1.124787365646928,1.0033469176101883,1.128551936288729
252,2268,2277,9,2005-12-22 17:06:09,0,0.7557696574444444,1.2010277964019924,1.4190333128027401,3.220201233,4.180276099,0.7938504445849652,1.0217370364178628,0.509964954,0.112527478,0.818816968,2.269292203323799,1.8776002699037324,4.260823653451201,0.6222264093333334,0.5113044774241343,0.8053558052847325,1.726219397,1.556231079,0.6593606251896533,1.2326225774675494,0.366312854,0.208295544,0.995987891,2.1434245406472203,1.2943131201191023,2.774262504944957,9.334726250777777,1.0680080384737618,9.395624265965743,10.49618008,3.6822821550000002,2.4976308203397988,-1.5428122357552494,9.844957227,8.808267908,9.986215125,1.1171349324835027,1.0065238137200747,1.1244229126832135,0.03986429188888888,0.17447300274823455,0.1789692444410156,0.320610687,0.488549618,-1.7518980874424108,0.15756028070354375,0.106870229,-0.13740458,0.175572519,1.7914289575361444,4.489462522997895,8.042553167471707,1.0856658185555554,2.547336308734345,2.7690418088891726,5.160305344,8.412213741,-0.8465361444059982,-0.1755527710397581,1.702290076,-0.618320611,2.870229008,1.8635707584603447,2.5505471035030802,4.75312500016407,-0.5156912637777777,1.0812968706602397,1.1979734563154347,2.022900763,3.946564885,2.633360014490905,1.397132172241533,-0.740458015,-1.259541985,-0.145038168,1.6886023244803483,,,9.493213344261262,0.9049360549198683,9.536247105814427,10.541694109116245,2.9995313554983314,0.7764948749444924,-1.1944713702007923,9.900204803186,8.893882027239483,10.028632879666265,1.1054342439059468,1.0045331080207083,1.1104452967433625
253,2277,2286,9,2005-12-22 17:06:11,0,0.361790473111111,1.4436082819715648,1.4882530759957646,2.468421912,4.450820887,-0.18812194278165695,-0.9325960636293873,0.916979236,-0.234631763,1.489193433,1.6586036016410861,4.113577295714752,6.822794118301486,1.0808490383333336,0.9230951445105829,1.4213863969678007,3.160346191,3.3638533319999997,1.9164677070556415,1.1326028263815209,0.964863269,0.584185205,1.367089148,2.2234250994253695,1.315064682075838,2.923947821495262,9.922901791444444,1.3028813941473003,10.008070737653016,11.56159982,3.6152445099999992,-1.5856043655141,-0.3150028439866661,10.27351932,9.095572107,11.08754789,1.1552276280884182,1.0085830685417048,1.165143026001572,-0.09754028833333334,0.21114312403800092,0.23258445063390726,0.610687023,0.740458015,3.280180153768108,-1.6377790741802456,-0.061068702,-0.152671756,0.053435115,2.6256571380226705,,,-0.42832909255555546,2.639927819745581,2.6744503556798587,4.419847328,8.572519084,-0.7927064358840292,0.4012821262585537,-1.41221374,-2.335877863,1.351145038,1.652618946025062,,,-0.26632739622222223,1.8815910235755433,1.9003460374307017,3.351145038,5.923664122,-1.0857869178167916,-0.17947512695665363,-0.015267176,-2.106870229,1.442748092,1.7634393799830275,,,10.144751382124415,1.2168548773158212,10.21747113514702,11.73500353125529,3.618858363125746,-1.3905508929673038,-0.3535372323900933,10.653977599593231,9.281271503088135,11.13192397589551,1.1485232868325037,1.0071682144079688,1.156756148005064
254,2286,2295,9,2005-12-22 17:06:13,0,1.7852763713333333,1.6235763093505828,2.4131331820530697,4.630386011,5.116408948,-0.7958047913212103,0.03922273476809577,1.97521637,0.131681091,2.619256616,1.918827375727565,1.3516860586973554,2.5936522128177817,-0.29475282655555557,1.1792957216347746,1.2155729627745813,2.238578552,3.892971899,-0.8560705495025447,-0.07808250387140767,-0.141257898,-1.290474695,0.459686719,1.8415830398945185,,,9.821813278222223,0.9730373834945354,9.869894519291492,11.73637654,3.083731740000001,-0.26308474998841547,0.5595689059674578,10.01973395,8.942343201,10.44111344,1.189108608715151,1.0048953527935498,1.1949297148646587,0.10178117055555556,0.1330474959516085,0.16751430642978637,0.404580153,0.458015268,1.7878547822825492,1.344035279376822,0.053435115,0.007633588,0.152671756,2.4151976128055654,1.6458280595068562,3.975000000409375,-0.1747243427777777,2.3133520143621977,2.3199409773338555,4.419847328,7.877862595,0.08280232199248783,0.5195397063391736,-0.511450382,-1.877862595,1.022900763,1.905155075574129,,,-2.7345207804444445,1.946203221977284,3.356383601425388,6.328244275,6.27480916,-0.6041125504320921,-0.33278867760474784,-2.572519084,-4.015267176,-1.381679389,1.885435345445176,,,10.19286575039846,0.9061649951573091,10.233066363710067,11.747285064120128,3.059578017446924,-0.46929619899679853,-0.11535400829618449,10.417286430211172,9.3335141246295,10.4894281038953,1.1479731144693828,1.0039439951723133,1.1525007148907953
255,2295,2304,9,2005-12-22 17:06:15,0,-0.02128179244444449,2.2864191146141755,2.286518157015754,3.912125513,7.778761193999999,-0.4000360429328724,0.07194233975848907,0.04309563,-1.024718311,1.683123767,1.7109531804925202,,,0.1992507825555555,1.079916051297361,1.0981436846782326,2.159569897,3.203441821,-0.9859921255697506,0.46111637372374026,0.246602771,-0.916979236,0.893037219,1.966564054532423,5.5113644754295805,10.838451268806757,9.497265941,1.6491227429430675,9.639381005820377,12.6868746,5.324704495,-0.17509871439418045,0.5738747295478701,9.409212524,7.821856824,10.04128176,1.3161503412241418,1.0149637870207322,1.3358449346174837,-0.006785411333333335,0.17304462010105287,0.17317760349675776,0.320610687,0.541984733,-0.3711081364281519,-0.7997130788548314,0.045801527,-0.053435115,0.122137405,1.8513403611455017,,,-0.9041560644444443,3.982373010930218,4.0837229322099065,7.465648855,13.587786260000001,0.06241003356885155,-0.14956836834378476,-0.374045802,-1.786259542,0.946564885,1.828147741394386,,,-1.4529262085555554,2.086166420397989,2.5422598020469467,5.526717557,6.824427481,-0.24925320810433593,-0.6760297137767914,-1.114503817,-3.106870229,-0.015267176,2.1739389312414343,,,9.82890251282588,1.6566310401828117,9.967534851202283,13.26531083436692,5.525443405904251,0.5783577325804803,0.867678866435401,9.602449523746213,8.733382137830048,10.368986656883335,1.330851713326777,1.0141045593030857,1.349622790241008
256,2304,2313,9,2005-12-22 17:06:17,0,1.2359401015555556,1.2428357870328288,1.7527660220812895,4.213794922,4.716577271,3.348285121464772,1.4009284305519243,1.12527478,0.718260498,1.522712256,2.404082957402613,1.4181642135207493,3.4093844165235137,0.7281033269999999,1.3528609183201814,1.5363486320189805,2.55221897,4.673481641,3.231291754897426,-1.7846604678265179,1.194706628,0.804451758,1.632845532,1.6612238373565131,2.1100695121792525,3.5052977721114034,9.153831014444442,1.9232568937847276,9.353691213659744,11.64779108,5.810727432999999,-1.2194705766469331,-0.20393990396513212,8.599972363,7.826645227,10.78109008,1.2452614496178842,1.0218335032512538,1.2724498695267774,0.23748939777777775,0.660641777214089,0.7020318880631005,1.946564885,2.305343511,5.259281672689546,2.076413426542001,0.183206107,-0.27480916,0.251908397,2.7727585001452777,2.9560557003054164,8.196428569924745,1.604749787888889,2.275283798576182,2.784266195210633,5.580152672,7.931297709999999,-0.029216841948893624,-0.21934568989535075,1.923664122,0.236641221,2.809160305,2.0041735526576883,1.735015773937845,3.4772727275701394,-0.4130619166666666,1.4961072338851131,1.552081506327456,2.511450382,4.847328245,-0.28583626356921776,0.36205172290397425,-0.671755725,-1.030534351,0.106870229,1.6181175870992808,,,9.496642847973572,1.6546509558807705,9.63971447542741,11.94574220620647,4.561642342076235,-1.8653486293082318,0.28534847321726936,8.702033808222875,8.062403614982422,10.915625402830235,1.2392215803338735,1.015065495222279,1.2578910671317387
257,2313,2322,9,2005-12-22 17:06:19,0,-0.05480061577777774,1.8754513258855965,1.876251791006651,3.368641736,5.683834741,-0.4422953461812149,-0.8828054526442918,0.797269153,-0.730231506,1.177947217,1.795410270703938,,,0.8589863513333333,1.6075161084737613,1.8226260150616689,3.974374756,5.916072302,0.5299727780322137,0.28052156124738253,0.304063611,-0.035913025,1.877054102,2.1805761155370793,2.121833498556243,4.626819448098224,9.817024874000001,1.9971427682332916,10.018111429478175,12.28225452,6.495469107000001,0.10883270692181579,-0.66185649870535,9.854534033,8.616731775,11.76510696,1.2260049817233627,1.0204834517645711,1.2511177956296171,-0.009329940666666679,0.20390485733007127,0.20411819770819123,0.381679389,0.7022900759999999,0.4228649691989572,0.09850651359418265,0.038167939,-0.083969466,0.076335878,1.869893979495407,,,0.12128922833333333,1.8600994290044173,1.8640496137957956,4.175572519,6.190839695,2.0118307120634986,-1.3690719680082506,0.65648855,-0.770992366,1.564885496,2.240054389162535,15.368632807794919,34.42657337652834,-0.33502968622222207,2.7827366725444613,2.8028321889428165,5.664122137,9.862595419,0.1542305791537082,-0.31139252260838,-0.702290076,-1.480916031,1.580152672,2.02085667466821,,,10.134262220748145,2.1216908890301056,10.353977157956091,13.125875809749562,6.986013454508186,-0.28251868070973174,-0.32983372227538715,9.948288484933343,8.924772947607453,11.796009264242722,1.2677134215680126,1.0216804077516486,1.2951979654598444
258,2322,2331,9,2005-12-22 17:06:21,0,0.6291429918888888,1.4282709074205595,1.5606981416106227,3.270479468,5.468356592,1.4218005617424962,-0.308812981343194,0.754173523,0.368707056,1.189918225,2.0955233948218215,2.4806731724451176,5.198308667765611,0.25431742088888887,0.9998892302391487,1.03172468387444,2.197877124,3.567360474,3.6112526432455443,-1.6986691001590963,0.378283862,0.15801731,1.015141504,2.130294213516636,4.056838419752613,8.642259410770965,10.384716690777779,0.997131968940207,10.432478752012925,12.22718788,3.857058876,1.5766733850444368,-0.2542701591228053,10.39083521,9.955090503,10.6781394,1.1720309401675792,1.0045992647327164,1.1774214207363443,-0.08821034777777777,0.6985473071045776,0.7040947420043225,1.946564885,2.6335877859999997,6.408193308917664,-2.2965385879097147,0.0,-0.030534351,0.099236641,2.7646348834515933,,,-0.3545377437777777,2.3274198991292123,2.3542685485359716,4.335877863,7.290076336,0.18353024185410938,0.9370768334125784,-0.557251908,-2.435114504,0.251908397,1.8417091226471656,,,-1.1280746395555556,1.0248596804177648,1.524102935157071,3.511450382,3.343511451,2.1244175760799235,-1.4725317064338161,-0.595419847,-1.473282443,-0.41221374,2.3039456856882943,,,10.562304350268773,0.8800989921804994,10.598907841081731,12.498410777012756,3.247153600476471,1.7197703334206853,0.8875787213006773,10.445659566652212,10.110936984078096,10.792084075893909,1.1792168555866187,1.0034654834398922,1.1833034120716959
259,2331,2340,9,2005-12-22 17:06:22,0,1.1106435479999999,1.4005897562358989,1.7875068548083843,3.790021228,4.879382983,0.178720850503316,0.49778052544267515,0.909796631,0.426167896,1.723825195,2.1202834650982525,1.609433429858978,3.4124550895063592,0.40834439433333336,0.9707208286453327,1.0531116140036336,2.090138049,3.222595434,-0.6282835734528525,0.021546732160772346,0.368707056,-0.138863696,1.161187805,1.9847260453750806,2.5789789908171823,5.118566773550002,9.47678221588889,0.6418979010564811,9.498496411683726,10.58715974,1.8962077140000009,-1.2371957956469424,0.6326302188369866,9.169792358,8.999804041,10.08198319,1.1146142801061811,1.0022913047171675,1.1171682010640107,0.09329940633333332,0.2307476383351393,0.24889606629956346,0.595419847,0.9465648849999999,3.1030075178645484,0.4206659053709234,0.076335878,0.007633588,0.160305344,2.3922428982198993,2.6677132908040777,6.381818174412893,0.2332485157777778,1.3947507556284642,1.4141197051306187,2.320610687,4.572519084,-0.5387026389293021,-0.43952506320717993,0.480916031,-0.450381679,1.511450382,1.6410284635597032,6.062716842656735,9.949090905302517,-0.6403731975555554,1.8653757958836419,1.972233427365041,4.526717557,6.923664122,1.1495215627759459,-0.5759220692612045,-0.488549618,-1.801526718,0.374045802,2.295224030883515,,,9.698782181238126,0.677704294809148,9.722430709977054,10.706995367912379,1.845646511941462,-2.058764277419804,0.16018802490376743,9.573620924486823,9.082252761920447,10.301843005252438,1.1012673360505387,1.0024382987778275,1.1039525548500921
260,2340,2349,9,2005-12-22 17:06:24,0,-0.8283937743333332,0.998553365610114,1.297437886499971,2.40856687,3.18668241,-1.1937075894948013,0.10382887437055945,-1.278503687,-1.38384856,-0.004788403,1.8564024490586308,,,0.8315860432222222,0.962883232011615,1.2722733455398354,2.688688464,3.179499804,-0.20315788700784676,0.5325306911129938,0.536301172,0.328005627,1.407790576,2.1132946574929377,1.5299359049005223,3.233205374132897,10.98858755288889,0.8213868170692816,11.019243744956357,12.27746611,2.346317624000001,-1.3273629551597321,0.5009747728978395,10.65419739,10.30943235,11.48498536,1.1141840941325531,1.0027898209774384,1.1172924682910923,-0.09669211177777777,0.40739494841572055,0.4187123218567778,1.091603053,1.450381679,3.4742073743337567,-1.6539682440764092,0.0,-0.190839695,0.221374046,2.6070478369475527,,,-2.31043257,2.4425890534496086,3.3621927286443083,6.427480916,8.824427481,0.3737289352798996,0.2540082589036803,-2.358778626,-3.549618321,-0.824427481,1.9116931820240022,,,-0.7633587786666666,1.5489350328659173,1.7268226200182821,4.541984733,5.580152672,3.5984087930682485,-1.6215539107504784,-0.450381679,-0.694656489,-0.282442748,2.630255522684729,,,11.137241325770448,0.8292242744923498,11.16806864439221,12.486394965679258,2.458937617191495,-1.3082778828929467,0.498425566865152,10.66271841649526,10.525303988560093,11.745083178000423,1.1180442530633097,1.0027679492362647,1.1211389427996863
261,2349,2358,9,2005-12-22 17:06:26,0,-0.10827111966666667,0.7379932407981646,0.7458931953152887,1.35511814,2.377442249,-0.9335719927124595,-0.04934742725117406,-0.11492168,-0.636857642,0.392649072,1.8167723589798834,,,0.44904582255555553,0.4718718618092413,0.651387138898148,1.177947217,1.460463013,-1.1957295164681647,-0.15641568557101473,0.464475122,-0.016759412,0.782903943,1.808367323605058,1.4506028253220393,2.6232227488415516,10.122152574222223,0.6430894575556669,10.142560662192404,10.86967554,1.867477297999999,-1.2953630678303512,-0.43580620338777454,10.08677159,9.514557397,10.70926403,1.0716894778374857,1.0020161806315935,1.073850197405784,-0.10856658177777778,0.19869426508348484,0.2264202147688608,0.450381679,0.603053435,-0.4135496485738992,-0.5801877810054296,-0.076335878,-0.13740458,0.0,1.9891407640425056,,,-0.6675148430000001,1.1932247658259605,1.3672459206030687,1.977099237,3.7480916029999998,1.249097267922222,1.3257806606639644,-1.114503817,-1.694656489,-0.259541985,1.4460450802646647,,,-0.45801526722222224,0.3862156219584386,0.5991164257916713,1.022900763,1.1908396940000001,-0.836194761052929,-0.024903207463176362,-0.41221374,-0.679389313,-0.244274809,1.7073488874025458,,,10.170483513579907,0.6430114694091331,10.190789893319966,10.89078755834907,1.8422644988010752,-1.2965020895851271,-0.40137659974982187,10.09509273947042,9.615236974204475,10.844195410478159,1.0686892451278924,1.0019965992484965,1.070822989271591
262,2358,2367,9,2005-12-22 17:06:28,0,0.2912945352222222,1.2436350911712724,1.2772943068231806,2.284068384,3.730166187,-1.209577225800314,0.16803582049641208,0.210689746,-0.696712683,1.120486377,1.788208380636108,4.3848893555409845,7.841095893740452,0.33651834444444445,0.4549740710410535,0.5659028198085775,0.921767639,1.410184778,-0.8410458922574398,-0.436375270440566,0.509964954,0.055066638,0.617704028,1.6288444000187126,1.6816403300177354,2.739130434395008,9.823675435333334,0.7110993409952906,9.849378728200856,10.82897411,1.934514943,-1.7478157384230508,0.39092389623829077,9.497797986,9.255983618,10.56800613,1.099457580912627,1.0026164639738682,1.1023342720638811,0.03477523311111111,0.2073162492344856,0.21021261625931845,0.358778626,0.664122137,-0.9201200759078794,0.03580905473903363,0.022900763,-0.145038168,0.198473282,1.7067416427442699,6.044894525585595,10.317073212813801,0.7497879557777778,1.709756208355881,1.8669355293209504,3.778625954,6.748091603,2.321066080010058,-0.5962141605757894,0.65648855,0.236641221,1.740458015,2.0239723839710617,2.4899513454898345,5.039592760703013,-1.1518235794444445,0.5608646349517112,1.281119314078017,1.969465649,2.045801527,1.4597104417824749,0.8717757696546196,-1.045801527,-1.58778626,-0.93129771,1.5373007239511998,,,9.923574815171204,0.6961687776290139,9.947964016784827,10.932257744616061,1.9891950308534643,-1.5630441601398068,0.32575015025486626,9.563821863592445,9.503875696342527,10.656260238701115,1.0989442388583708,1.0024577032035207,1.1016451176347035
263,2367,2376,9,2005-12-22 17:06:30,0,-0.6488286501111111,2.4040722923339577,2.4900887943952634,6.004657764,8.267178333,1.6165053171759967,-1.2858781166080888,-0.064643445,-0.641646045,0.454898315,2.411423149855295,,,0.44532150866666664,0.7649972820454154,0.8851734788266247,2.042254016,2.9041666139999998,1.559148097553642,0.3809745578049489,0.639251843,0.08619126,0.675164868,2.3071794002540464,1.9877177760331297,4.586021506382423,9.992865686222222,1.17567723106714,10.061788189706999,12.24394729,4.103661644999999,0.22606757745325545,0.582961129250149,10.00297454,9.267954626,10.24718311,1.2168758732692568,1.0068971710066916,1.2252688742611122,-0.12298558100000001,0.2523178733892289,0.2806951413287564,0.557251908,0.8244274810000001,-0.41875775092876477,-0.4105198820676073,-0.122137405,-0.198473282,0.030534351,1.9852566929447995,,,-0.6963528415555555,2.2949616473353682,2.3982819356119838,4.419847328,7.152671755,-1.1809749796594349,-0.17839574486728252,-1.015267176,-2.061068702,1.251908397,1.8429223280090137,,,-0.7421543682222222,0.7105460966518751,1.0274574744185483,1.832061069,2.145038168,-1.114743280849709,0.07163990603701513,-0.572519084,-1.27480916,-0.435114504,1.7831016023673267,,,10.311882586354578,1.3743119701710071,10.403059928026854,12.845289074719082,4.3959885923926585,-0.7106651168811515,0.6474684471393396,10.023039807332141,9.293067759698294,11.513712799417362,1.2347606534604905,1.0088419685647827,1.2456783683434185
264,2376,2385,9,2005-12-22 17:06:32,0,0.6453703587777777,1.8508044714394576,1.960096959716342,3.315969299,5.853823059,0.7497437428011677,-1.12997886020419,0.727837305,0.284909998,2.176329309,1.6917373819506738,3.037166075350027,5.138087384862057,0.5019842813333333,0.7488354498557681,0.9015224620975529,1.539471667,2.6072856069999997,0.7571471044059983,-0.7548548011349547,0.421379492,0.349553442,1.185129822,1.7076353964804651,1.7959177122100238,3.066772654536054,10.395889631333333,0.9368210884570286,10.43801489645621,12.1074778,3.1292215740000007,-0.3280773126652692,0.44427159624664614,10.5296989,9.588777649,10.64462058,1.159940651561111,1.0040521077672766,1.164640856084882,-0.17387616633333333,0.6750035005823591,0.6970384831680501,1.954198473,2.2977099229999998,5.856306816869946,-2.298375545187737,0.099236641,-0.282442748,0.27480916,2.803573289265378,,,-0.6420695503333336,2.157903172294549,2.2513994333445426,4.877862595,8.221374045,5.05905546989101,1.9386046067437792,-1.221374046,-1.786259542,-0.503816794,2.166591375460081,,,0.25445292622222215,1.8118549271662856,1.8296350916944608,3.969465649,6.160305344,0.28567654701443423,0.7270169804063001,-0.045801527,-1.374045802,1.290076336,2.169539525678752,7.1904659099757415,15.599999999738005,10.615275358821672,0.9606283756952027,10.65865272066772,12.208282655555978,2.89720654218708,-0.8822256092478251,0.48270772308742727,10.805146680926267,9.794433481825399,10.8577942816334,1.145387036757792,1.0040863152749024,1.1500674493017706
265,2385,2394,9,2005-12-22 17:06:34,0,1.6198104344444444,2.602735221724504,3.0656184495041785,7.781155396,8.815450513,2.5466562962192185,1.6071745693460238,0.217872351,-0.074220251,2.42293208,2.5382008636001308,1.8925785291385724,4.803744457090589,-0.1915361326666667,1.2515892574408483,1.2661602424094027,2.114080066,3.940855933,-0.6959516115645226,0.09628373557733451,-0.186747729,-0.804451758,0.526724365,1.6696781301370458,,,9.288704374333333,1.7724208754738089,9.456294449390551,11.69088671,6.3087213779999995,1.4640885428802548,-1.017088799407751,9.612719666,8.839392529,10.6709568,1.236307390021412,1.0180423521196675,1.2586132832803256,0.19253604744444447,0.26841534188857574,0.3303285112228286,0.778625954,0.816793893,1.1075334547595945,1.470765291359265,0.022900763,0.022900763,0.259541985,2.3571260958299933,1.7156709904837097,4.044052863527644,0.5886344358888889,3.8407398865892586,3.8855853324244345,8.541984733,12.770992367,0.7030065020759091,1.061677532867782,-0.167938931,-1.473282443,0.541984733,2.198377851007116,6.601016005047113,14.511527379639054,-1.8201865987777777,2.1061482673606955,2.7836917534951087,5.770992366,7.938931297,1.0727072643416378,-0.055532485446147674,-1.763358779,-2.259541985,-0.58778626,2.07314346452122,,,9.974723250601812,0.9631090410108074,10.021111862012777,11.925432192611016,3.012945522662781,-0.05782875004525412,0.9142639443787735,9.701533495170294,9.178709705219664,10.799466912893998,1.1900308425671788,1.0046506163875941,1.1955652195053643
266,2394,2403,9,2005-12-22 17:06:36,0,0.743000582,1.046794080079329,1.283677417010001,2.964021655,3.40455476,0.641409692217862,1.1662838316828645,0.227449158,0.134075293,1.218648645,2.3090081789425976,1.7276936897607988,3.9892588603651995,0.8427589843333334,0.9294759696890953,1.2546586324192073,2.176329309,2.889801404,-0.7494226254465439,-0.23725281096397477,0.632069238,0.596156213,1.453280408,1.73459876078296,1.4887514173600986,2.582386363666702,9.855864147111111,1.1641774569367196,9.924382461269309,11.55920562,3.260902666,-1.665886804395459,-0.14075481980011686,9.967061511,8.62391438,10.8098205,1.1647279480724084,1.0069520351676398,1.1728251777281409,-0.1704834604444444,0.19860372839531298,0.2617404271747712,0.442748092,0.633587787,-0.8540439511896691,0.3486992110853599,-0.20610687,-0.34351145,-0.030534351,1.691554097236821,,,-0.10432569977777775,1.5282011450934765,1.5317580068336956,2.335877863,4.236641221999999,-1.624204254199657,0.45746462554992734,-0.824427481,-1.213740458,1.305343511,1.5249653356332078,,,-0.6547921966666667,1.3871805433043571,1.5339565445402066,3.419847328,5.320610687,1.3719356113616277,-0.20976923932045757,-0.625954198,-1.297709924,0.0,2.2294290800950147,,,10.034370065151572,1.0133018444596729,10.085403473951619,11.575747397367225,2.9417486363008063,-1.5961446021241592,-0.06622354730190262,10.066601318933897,8.939704382070977,10.828815574995026,1.1477723650089793,1.005085860743494,1.1536097754226458
267,2403,2412,9,2005-12-22 17:06:38,0,0.6937864365555555,0.8674060247585389,1.1107352660899297,1.90339032,3.284844678,3.356379159309842,-1.3535739841503203,0.746990918,0.44771571,1.091755957,1.7136309416918196,1.6009757579067152,2.743481595647459,0.57035204,1.2410434253708946,1.3658295037040624,2.58094939,4.821922144,2.613585980613508,-0.945029977211456,0.644040247,0.526724365,0.804451758,1.8896570787207276,2.3947131033388827,4.525186567229601,9.812768514888889,0.735941840194724,9.840327043292,10.97980881,2.3343466149999994,-0.9494235400358342,0.09677975305794174,9.593566052,9.476250171,10.46744966,1.1157971439053713,1.002808435597079,1.1189307883234343,-0.05682782033333332,0.2032794188451577,0.2110732652181765,0.34351145,0.6488549610000001,-0.018752229690103484,0.9212578515243837,-0.122137405,-0.229007634,0.0,1.6274512532173528,,,0.4223918574444444,0.9988111989183567,1.084453176637928,2.27480916,2.8778625950000003,-0.4017015700739366,1.0438494267834946,-0.129770992,-0.297709924,0.86259542,2.097655490348112,2.5674102318143337,5.385542168741255,-0.5682782018888889,2.215892350469497,2.2876011504655485,3.908396947,7.763358779,0.5435720815723117,0.824285823716275,-1.366412214,-1.839694656,-0.236641221,1.7085132809120174,,,9.974465072820212,0.6643085838357933,9.996562378311268,11.017300250577774,1.983709288181016,-1.2529076597384918,0.2237197769866546,9.880104448326025,9.52214574999066,10.608678380034727,1.1021088883995882,1.0022153875250182,1.1045504866821603
268,2412,2421,9,2005-12-22 17:06:40,0,0.8954314210000001,1.8754104222061965,2.0782111734454953,4.659116431,6.636727002000001,0.32944796887171,0.5949196497614784,0.739808313,-0.466869324,2.312798804,2.2418878747897337,2.3209049009298672,5.203208555934737,0.3953092964444445,0.9106520120504057,0.9927519966773444,1.798045447,3.3159693,3.1595966071434187,-1.5932404265645081,0.682347473,0.083797058,0.938527051,1.8111728337166821,2.5113297501640277,4.5484522200015896,9.991003528666665,1.040498483399793,10.045038009076274,11.56159982,3.8857892979999997,2.175074177762994,-0.790074152047421,9.890447058,9.674968909,10.21845269,1.1509762142814617,1.0054083136148007,1.1572010546114717,-0.0025445292222222274,0.20222205089514098,0.20223805897308184,0.374045802,0.740458016,0.5278085871211022,0.15075941633900017,0.007633588,-0.114503817,0.061068702,1.849532199326468,,,-1.4495335028888887,3.9399575961972353,4.1981440227592985,7.572519084,14.557251908,1.3889686320542278,0.6651679265632156,-1.496183206,-4.34351145,0.297709924,1.8037778225204475,,,-1.0644614077777779,1.0748105524059277,1.5127114107493813,3.664122137,3.984732824,3.3738687411978274,-1.5240638273142884,-0.885496183,-1.351145038,-0.312977099,2.4222215228645845,,,10.27354187065595,0.8134151732090104,10.305692932167522,11.810386394166676,2.7787582868750285,0.3047135939065493,0.7771290714490681,10.017135458617869,9.909680786879596,10.352248356818388,1.1460060446107898,1.003129501190179,1.1495924718913517
269,2421,2430,9,2005-12-22 17:06:41,0,0.47431795111111114,1.5264092621831415,1.5984063170623186,2.540247961,5.018246679,0.039641401103716944,-0.39239054071214957,0.244208569,-0.335188232,2.068590234,1.5892379389920548,3.3699047512707034,5.355580481508985,0.7608240832222221,1.1551183024281433,1.3831672271332234,2.906560815,4.786009118,3.730839428636717,-0.7423464604012296,0.818816968,0.622492432,1.043871924,2.1013806270006765,1.8179855996083485,3.8202797191831923,9.810374314666667,1.187721439032735,9.882010241373436,11.42034192,4.335899208,2.2980151897932846,-1.2578428038904246,9.902418066,9.809044202,10.31900916,1.1556699134135648,1.0073020584545558,1.164108682675482,-0.15691263777777775,0.34468954725132617,0.3787247811785021,0.79389313,1.244274809,0.6149910027953815,0.15000763135868986,-0.20610687,-0.34351145,-0.091603053,2.096227047856736,,,0.5368956742222223,2.9386966629026077,2.987339123961901,5.541984733,10.748091602999999,0.6716926173855446,-0.18918931563742403,0.305343511,-0.671755725,2.27480916,1.8551575509278133,5.564096094254309,10.322274883343836,-0.6378286685555555,1.5305427530707054,1.6581274165179851,2.465648855,4.908396947,0.279660717128011,0.9409342658126747,-1.053435115,-1.610687023,-0.259541985,1.4870080733468507,,,10.059613106724749,0.962478512103644,10.105551976178718,11.705954388148502,3.657482361899481,1.5416204628837216,-0.5057590676712839,10.044098294067382,9.936607819936722,10.35413608188438,1.1583686290211883,1.0045666636446744,1.1636585089264706
270,2430,2439,9,2005-12-22 17:06:43,0,-0.13833165144444448,1.4316795553393105,1.438346966127406,2.415749475,4.402936853,-1.2525238307072342,-0.34280405689808974,0.361524451,-1.501164441,0.893037219,1.6795318041405163,,,-0.24873095033333328,0.9357912061483566,0.9682831544327928,2.020706201,2.7700913209999998,-0.06061764393377356,-1.059612508243256,-0.01436521,-0.308852014,0.555454785,2.086895957808646,,,9.639055884,1.1400691224001493,9.70624314236591,12.1122662,4.735730885000001,3.408347689700129,0.32298051709962466,9.600748657,9.459490759,9.73482395,1.2478840703188503,1.0069703152647382,1.2565822157028177,-0.06530958433333335,0.2354235853318153,0.2443145643146951,0.297709924,0.58778626,-1.9117033500528757,0.4928947170185223,-0.229007634,-0.282442748,0.152671756,1.2185516849356872,,,-0.4071246817777777,1.990052894683008,2.0312707919302335,4.503816794,6.160305343999999,0.19281998999908634,-1.0191355577324408,0.152671756,-1.458015267,1.335877863,2.2172409566920455,,,-1.631043256888889,1.014511188043427,1.9208162474604382,3.351145038,2.839694656,-0.9727594547291201,-0.8881760151024354,-1.122137405,-2.41221374,-0.954198473,1.7446463410701762,,,9.798446847617512,1.0990948891091832,9.859897068471431,12.43789329512652,4.490365857595494,4.183061130951669,1.2092619335962431,9.681911439022167,9.59465852796025,9.793861089596449,1.2614627930446287,1.006271424625716,1.2693739618693536
271,2439,2448,9,2005-12-22 17:06:45,0,-0.7781155396666667,1.4317045668751958,1.6294912579949727,3.694253162,5.066130713,0.7785071314692757,-0.49859597425201935,-0.521935962,-1.391031165,-0.409408484,2.267120577587902,,,0.24633674866666666,0.8549102611684344,0.8896928393522929,1.795651245,2.726995691,-0.34884093963344753,0.7131221152786992,0.244208569,-0.399831677,0.411802686,2.01828222682702,3.611693521847164,7.289416843890416,11.573304801888888,2.099741835300805,11.76224042486536,16.24465826,7.769184383000001,1.82727069698465,1.0784099112612542,10.97502041,10.33098016,12.04283435,1.3810853777192666,1.016325122876366,1.4036317662132858,-0.06106870222222222,0.32470426744420794,0.3303971060520752,0.641221374,1.030534351,-0.8441502927164639,-0.4885129947561645,0.015267176,-0.351145038,0.129770992,1.9407596563480027,,,-2.0975402887777777,4.057675819836112,4.567757471881428,11.87022901,15.14503817,3.304538515636075,-1.5785573033418483,-0.65648855,-2.79389313,-0.221374046,2.598699489425986,,,-0.8973706532222222,0.9231355158857183,1.287421170384451,2.65648855,3.3740458020000004,0.6831977518354257,-0.13863614509316577,-0.969465649,-1.122137405,-0.610687023,2.063418414353647,,,11.701806880206824,2.2056315782464195,11.907858536303394,16.755918112798334,8.119766890654164,2.2442801011623157,1.2735668442684147,11.029338932267615,10.482007908363343,12.12989729287672,1.4071311026843911,1.0176085332979727,1.4319086175606224
272,2448,2457,9,2005-12-22 17:06:47,0,0.8696272473333333,1.0851324292283135,1.3905984101341016,2.549824768,3.282450476,-1.0992849345035949,-0.33322672390569696,1.091755957,-0.15801731,1.618480322,1.8336169158672555,1.5990741026092492,2.9320893242695707,-0.040169383444444456,0.5601417472323681,0.5615802314530285,1.070208142,1.948880151,-0.00301420237721306,-0.25112911976011754,-0.026336218,-0.260967981,0.330399829,1.9057083601945024,,,9.622030448777776,0.9231698871592832,9.66621500887314,11.67412729,3.186682404999999,1.3488770724877606,1.200424450421742,9.342174878,8.954314209,10.19690487,1.2077247691349395,1.004592020398457,1.213270665910529,0.12722646311111113,0.09608757050549945,0.1594346076653756,0.312977099,0.328244275,0.290692096447958,0.2030914886178513,0.152671756,0.083969466,0.167938931,1.963043680308621,1.2531560161830169,2.4599999980087994,0.8083121287777777,1.5508084210388868,1.7488211047143696,3.580152672,5.106870229,-0.3313246455517591,0.06464212468004168,0.916030534,0.091603053,1.954198473,2.0471806191890263,2.1635467815616036,4.429171039921709,-1.1340118744444443,0.5966919611909268,1.2814149319915376,2.27480916,2.0076335870000004,-0.09284393153814552,-0.718928083136002,-0.86259542,-1.435114504,-0.816793893,1.7752322867539545,,,9.743260739318837,0.8681699476708618,9.781863262814026,11.749438470052151,2.862294131644237,1.981963469427848,1.4443751742527806,9.51897275331078,9.088158026136597,10.212346992932542,1.2011452373003317,1.0039619717185038,1.2059041407603313
273,2457,2466,9,2005-12-22 17:06:49,0,-0.008246694555555536,1.241456145500304,1.2414835356022906,2.906560815,4.73094248,2.8269056017034684,-1.1981742223520822,-0.064643445,-0.363918652,0.818816968,2.341199646751592,,,0.48123453366666663,0.4860773179418523,0.6840013416733324,1.151610999,1.3455413330000001,-2.0322982122311846,-0.14154523754168807,0.746990918,-0.038307227,0.854729993,1.6836385089285253,1.4213471682128174,2.39303482695961,10.380194307555556,0.8007745485584988,10.411036151134422,11.74116494,2.446874095,-0.3292389458743301,0.8308956001248835,10.13944403,9.825803613,10.6757452,1.127761422547807,1.0029712202551369,1.131112250129443,-0.07803223077777777,0.19297458203423193,0.20815431379494126,0.351145038,0.6335877860000001,-0.33120797958499626,0.40976904976844186,-0.122137405,-0.160305344,0.091603053,1.6869457644097783,,,-0.4376590331111111,1.919297114835493,1.9685646660142004,3.595419847,5.114503816,-1.3916154757080155,-0.498775998152726,-0.465648855,-1.770992366,1.381679389,1.8264169367012626,,,-0.7005937233333333,0.8220348041839866,1.0800799898451356,1.900763359,2.732824428,-0.4578088173417161,0.48753059542511323,-0.641221374,-1.305343511,-0.20610687,1.7598357314929385,,,10.471779259505817,0.8606114599481658,10.507083941075674,12.135540331754482,2.800332220584565,0.1513615330522855,1.0064889607548066,10.172524460930422,9.99561874399366,10.702042318262388,1.1549865214565036,1.0033714119343957,1.1588804567990083
274,2466,2475,9,2005-12-22 17:06:51,0,-0.05799288455555556,0.860177847161373,0.862130560533756,1.300051501,2.37983645,-1.3411248335216182,-0.16599084416435272,-0.035913025,-0.684741675,0.895431421,1.507951997659289,,,0.17850103488888888,0.46039571896415915,0.493788251679735,0.852335791,1.582567297,1.6112271208533837,-1.277403820124854,0.234631763,0.1436521,0.531512769,1.7261159780545257,2.766304699505536,4.774962741983829,10.334704476222221,1.7207066284532264,10.47697226836315,14.75067643,6.732495070000001,5.321750394587376,1.927539844930875,9.967061511,9.710881934,10.2447889,1.4079140473189917,1.0137660242214235,1.4272954261960673,0.011026293555555558,0.19502156425473668,0.19533302248707893,0.34351145,0.6793893129999999,-0.14041938382035646,-0.1698573341169548,0.022900763,-0.106870229,0.160305344,1.7585938395169354,17.715202438870413,31.153845874792896,-1.251908396888889,3.0400150382123132,3.2876992056387886,8.687022901,12.267175573000001,4.365689239044917,-1.4092542620911515,-0.954198473,-1.519083969,-0.13740458,2.6422803175244076,,,-0.8167938932222223,0.7003790793273748,1.0759568387089586,1.549618321,1.79389313,-1.6001406906008033,0.610174807718371,-0.984732824,-1.450381679,-0.083969466,1.440223497124093,,,10.382338449675531,1.7207824294031968,10.523974717422771,14.808552426677103,6.732323941992,5.392817909055038,1.9472270062378993,10.029775123693858,9.725483201623572,10.27032729912993,1.40712542782539,1.0136420391642758,1.4263214880208321
275,2475,2484,9,2005-12-22 17:06:53,0,0.2918265801111111,1.923077873251821,1.9450941518214726,2.973598462,5.533000037,-1.6211079081156923,-0.29923005529618263,1.070208142,-1.319205115,1.891419312,1.5287683936612477,6.665239852658008,10.189608022914914,0.39956565488888895,0.6926859772824474,0.7996665403094755,1.752555615,2.315193005,0.058180711261520024,0.539270488992393,0.210689746,0.138863696,0.835576379,2.191608034921345,2.0013395308759616,4.386151796473473,9.545149973555556,1.0871238609678895,9.60685829534054,11.37964049,3.256114257,-1.0463479234573358,0.5575941740215127,9.04289967,8.597578162,10.02691655,1.184532980518645,1.0064648876084654,1.1921908531062186,0.11365564033333334,0.1713148405133941,0.20558788670471242,0.381679389,0.625954198,0.9135199635254665,-0.721984680156613,0.175572519,-0.007633588,0.213740458,1.8565266422929345,1.808866556043826,3.3582089536480284,-0.28413910088888905,2.710633835837228,2.7254854284401504,4.847328244,8.496183206,-0.6779583416563177,0.5607811534320868,-0.816793893,-2.709923664,1.893129771,1.7785192294255714,,,-1.2536047497777778,1.1548506767300166,1.7044661786639188,3.740458015,3.664122137,1.0009392875808967,-1.3420158322115032,-0.786259542,-1.351145038,-0.435114504,2.1945040985982107,,,9.782813740611179,1.0055543040547774,9.834357332428691,11.403712445211813,2.866736958266628,-1.3716810928194074,0.5231261477706696,9.218283005872774,9.102016017978713,10.347022175187833,1.1595788173781514,1.005268790062264,1.1656883947275654
276,2484,2493,9,2005-12-22 17:06:55,0,0.6216943643333335,1.6856940481403364,1.796682583702414,3.660734338,4.841075756,-0.722178614820181,0.786525740434768,0.320823022,-0.804451758,1.218648645,2.0374964232448587,2.8899772730432667,5.888318357084586,0.9076684515555554,0.8060664169731488,1.2139213675198202,2.40856687,2.944868042,0.5649219393026135,0.16014478559036835,0.998382092,0.529118567,1.098938562,1.9841209937023985,1.3374061480702681,2.6535756154928776,9.599950590444443,1.5490137314102534,9.724119234104041,12.41154141,5.813121635,0.9176317888515202,-0.21453492355172107,9.787496387,8.55208833,10.31422075,1.2763666416667063,1.0129343002851694,1.2928755510839969,0.18150975400000002,0.6437385242455997,0.6688386041453073,1.938931298,2.290076336,7.341107560398575,2.6013365136341267,0.076335878,-0.160305344,0.129770992,2.8989524318467135,3.6848631514607595,10.682242993949513,-0.020356234111111274,2.4995127368062215,2.4995956268412125,6.549618321,8.763358779,5.770056004126735,2.256592795039734,-0.694656489,-1.259541985,0.450381679,2.620271155329584,,,-0.5402883801111111,1.125779677733661,1.2487159070345801,2.366412214,3.458015267,-1.1284024106354096,-0.10599965728659724,-0.396946565,-1.610687023,0.091603053,1.8950765347577716,,,9.873739886566362,1.3301988289731077,9.962939740466814,12.417515546697949,5.1133430547766014,1.4008221845600293,-0.06887899424871378,10.016772652352756,9.435091883060554,10.365423385358845,1.2463706365964757,1.0090340494002492,1.2576304104985083
277,2493,2502,9,2005-12-22 17:06:57,0,-0.21840439588888894,1.1560062373228026,1.1764569269092746,1.666364355,3.145980981,-1.1988597072337845,0.6969585131173401,-0.806845959,-1.034295117,0.656011255,1.4164261494704988,,,0.6275468574444445,0.8180718005350068,1.0310463273388764,2.700659473,2.853888379,4.490932820044831,1.9624567439704743,0.395043274,0.134075293,0.926556042,2.6193386285273754,1.6429790303430096,4.303518440037896,10.06336162288889,0.9669115648949367,10.109706480771857,11.40837091,3.7493197990000002,4.35963003777678,-1.6646273055317664,10.30703815,9.799467395,10.43632504,1.1284571843602123,1.004605305823211,1.1336540748025905,0.011026293333333326,0.2676020130397358,0.26782908081011597,0.473282443,0.9007633589999999,-0.15540053307342294,-0.02846191804049154,-0.007633588,-0.183206107,0.106870229,1.7671062513765832,24.290037704733304,42.92307747420713,-0.14164546222222218,2.032214420019167,2.037144787662867,3.404580153,6.541984733,-0.887392921213173,0.33638399484978126,-0.832061069,-1.396946565,1.786259542,1.6712509457444777,,,-0.1450381678888889,1.2024401808770466,1.2111558358577106,2.335877863,4.091603054,0.6281906697763775,0.5409740464776533,-0.030534351,-1.213740458,0.366412214,1.9286352704115808,,,10.185070517577465,0.9579201998739753,10.230018209043045,11.498285769465337,3.6783356719238904,4.089250727465428,-1.6410393375939254,10.421297866077177,9.951095334433033,10.675155632652235,1.1239751029280847,1.0044130957550081,1.1289353126835515
278,2502,2511,9,2005-12-22 17:06:59,0,0.2207985975555556,1.7183952460679006,1.7325225084804126,3.617638708,6.955155822,3.0092934038486705,-0.6999431136543885,0.471657727,-0.474051929,0.830787976,2.08807602226941,7.846619170869005,16.384337346571044,0.5400254855555555,0.6626256645739035,0.8548100937644109,1.594538306,2.279279981,-0.14905767736960218,-0.03982491460624193,0.361524451,0.280121594,1.180341418,1.8653714054521462,1.5829069490767054,2.952709360299183,10.828708086222221,1.7124727890665852,10.963278791944864,13.97974349,4.695029452,0.3105170073551031,1.3560249538223101,10.32858596,9.607931262,10.5273047,1.2751425695998397,1.012427217046682,1.2909890430777207,-0.022900763333333334,0.2159104675493923,0.2171215672351472,0.290076336,0.541984733,-1.9656388885203144,-0.01896428448775129,-0.045801527,-0.27480916,0.221374046,1.33600885298438,,,-0.9134860052222223,3.061687322135253,3.195056484674503,6.190839695,9.068702290000001,-0.9463813702131714,-0.642212066683761,0.129770992,-2.511450382,1.519083969,1.937630750722297,,,-0.5996607294444445,1.2741823263540566,1.408237760902213,2.93129771,4.549618321,0.1708477604835945,-0.23926149991894582,-0.389312977,-1.351145038,0.099236641,2.0815360810393346,,,10.988798459870136,1.781045989596156,11.132197285742865,14.406109746586928,5.102396740074747,0.3851828368272816,1.3436241010737462,10.482030333412185,9.717404473576007,10.539349404992457,1.2940940029006673,1.0130495455346102,1.3109813415175855
279,2511,2520,9,2005-12-22 17:07:01,0,0.7890224582222223,1.7279536158860573,1.899573672757321,3.224989636,5.8346694459999995,0.14268521325200823,-0.6637346732958886,1.029506714,0.239420166,1.865083093,1.697743910779083,2.4075026673351294,4.0873229936526165,0.14258801,0.5224934705655987,0.5416001914507086,1.115697974,1.750161414,-0.4171273306370882,0.33068113830980467,0.179565125,-0.294486804,0.569819995,2.0600029165638514,3.798357179195562,7.824626867294102,9.811704425444443,1.3990682624707556,9.910950294262355,12.03804595,4.776432315000001,-0.31814966524444,-0.07155353768688141,9.679757312,8.987833032,11.19768116,1.2146207571002614,1.010115048773844,1.226906705300054,0.041560644555555554,0.20787764151436755,0.2119915116636728,0.34351145,0.603053435,-1.5144309588207383,-0.1013469539669563,0.038167939,-0.114503817,0.244274809,1.6204019080961374,5.100775359253546,8.265306124904207,-0.37065309588888884,2.8466951365853643,2.870724110420711,7.251908397,9.419847328,3.094748266052493,-1.7242859388840441,0.549618321,-0.465648855,1.625954198,2.5261599924129308,,,-1.6191687872222222,0.7932603699085898,1.8030445296725743,3.106870229,2.8778625950000003,0.42781162269596784,-0.18099431165389937,-1.65648855,-1.908396947,-1.091603053,1.7231245140485771,,,10.024682944474621,1.2784281378751319,10.105871889201406,12.047548770243655,4.076718537888811,-0.96085251539763,0.25260534520198885,9.855417276853396,9.175219901167418,11.279502777962803,1.1921335340810149,1.0080989039929222,1.20178850912028
280,2520,2529,9,2005-12-22 17:07:02,0,0.5538586507777777,2.2168345155990723,2.284975858645503,4.058171814,6.517016919,-1.0231531948157566,0.6062591923542928,-0.308852014,-0.70628949,2.327164014,1.7760239341896675,4.125557767196984,7.327089336423928,0.389190781,1.1988080676976751,1.2604008279878365,2.46602771,4.424484668,0.9055781874505096,-0.4677504410118328,0.502782349,0.205901343,0.957680664,1.9565424389135664,3.23851665948849,6.336295283417827,9.893639326777778,0.9820748139911212,9.942261818552131,11.255142,3.2417490429999987,-0.2495717177514818,-0.6950466877504595,10.09156,9.423577734,10.62786117,1.1320504534489377,1.0049145203466991,1.1376139384359025,-0.011874469888888881,0.2376952943537253,0.23799171412687092,0.435114504,0.7938931300000001,-0.41421133625608064,0.26270233681165633,0.083969466,-0.183206107,0.122137405,1.8282758523603262,,,-0.7854113655555556,2.665302869033006,2.7786166336541314,4.961832061,7.5954198470000005,-1.5094588237755757,0.02531036234824486,-1.923664122,-2.328244275,2.229007634,1.7857202756591661,,,-0.46055979644444434,1.766005965988519,1.8250732582578677,3.717557252,6.167938931,2.6793203551366878,1.629803535091875,-1.167938931,-1.465648855,-0.534351145,2.036935906643338,,,10.240461882989049,0.8895141446166522,10.279022083370807,11.486137240205174,2.7945075427567225,-0.8914499770449469,-0.3588316468724407,10.634341445449023,9.719686195925417,10.675523179239052,1.1174348247375803,1.0037654747239293,1.1216424973257682
281,2529,2538,9,2005-12-22 17:07:04,0,0.45915467411111116,0.9931078567944078,1.0941143587326065,1.97521637,3.220201233,-0.3574876467970576,-0.052292169616587225,0.311246216,0.11492168,0.804451758,1.8053107101967285,2.3828884261076717,4.301853996856005,-0.2692146757777778,1.1084530907601973,1.1406773409119548,3.22977804,3.840299463,6.38203418752259,-2.4096468751627134,0.083797058,-0.193930334,0.320823022,2.83145629720131,,,10.594342345777777,1.0920505268051448,10.650477176757649,12.31337914,3.6798879529999997,-0.11106408564364134,0.09626841382068134,10.41477722,10.01494554,11.22880579,1.1561340337756203,1.0052985668338577,1.1622598872224779,0.027989821888888877,0.25269110163564706,0.2542365492512999,0.465648855,0.8625954199999999,-0.42244727643824653,-0.15928899092757762,0.106870229,-0.229007634,0.152671756,1.831557486015631,9.083178530415166,16.636363634198354,-1.219677692888889,2.071217990792699,2.40365505842958,5.236641221,6.5954198470000005,-0.43834902538072384,-0.6860900892235229,-1.06870229,-3.06870229,0.427480916,2.1786159385204558,,,-1.6997455472222223,2.2252050242491332,2.8001200555057197,7.778625954,7.725190839,7.351823088636127,-2.619468844959113,-1.015267176,-1.358778626,-0.870229008,2.7779615872917027,,,10.711639924033044,1.091634213714348,10.767121022756752,12.321489660905726,3.6555438791451387,-0.09158884840976267,-0.16723757427224467,10.617994191865469,10.066026176367611,11.231068312343082,1.1443625120274725,1.0051795149124858,1.1502897547238087
282,2538,2547,9,2005-12-22 17:07:06,0,1.0779227919999999,1.0713551003038555,1.5197760678666314,2.911349219,2.978386865,-0.9314078674178452,0.9404929848567809,0.49081134,0.339976636,1.900996118,1.9156435481227005,1.4099118036522895,2.700888450088548,0.34795730811111114,0.7211922886639308,0.8007450315151817,1.161187805,2.181117712,-0.7790837234281347,-0.5024137281897111,0.227449158,-0.11492168,1.065419739,1.450134261592336,2.3012737851721874,3.33715596118247,11.044984302666668,1.4011018577873957,11.133497413753163,13.81454358,4.853046766,0.16590896053515714,0.6533479092316931,10.65898579,10.21366428,11.91115326,1.2408089809168996,1.0080138738689854,1.250752667585472,-0.07803223066666665,0.9455573297412174,0.9487716758262535,1.938931298,3.854961832,2.8648520601308682,0.30006281502696835,-0.053435115,-0.27480916,0.099236641,2.043622662229508,,,-1.0067854114444446,2.279567191451213,2.491995875806806,4.259541985,7.114503817,-1.1703992442842304,0.40689651203805743,-1.847328244,-2.58778626,1.038167939,1.7092893396627054,,,-1.3536895673333331,0.8924009118471997,1.6213743652139136,2.938931298,3.412213741,1.474748000008967,0.33260848916911134,-1.427480916,-1.603053435,-1.015267176,1.812617345539601,,,11.178151910723598,1.3980688197621507,11.265241966509409,14.125934258711286,4.964306762435461,0.8452239794379928,0.9209375372509393,10.668084659013205,10.29117053179575,11.923040374812029,1.2539397112557784,1.0077910961025913,1.2637092760530277
283,2547,2556,9,2005-12-22 17:07:08,0,0.40488610277777776,0.7367430879116473,0.8406682662074063,1.446097803,2.760514514,4.447902876337814,-1.8102499513024801,0.569819995,0.344765039,0.814028564,1.720176508534015,2.076308029443056,3.5716162967284966,0.41526097677777773,0.7341048218907701,0.8434166042696298,1.472434021,2.123656873,-1.7195928765299593,0.0395122144852232,0.090979663,0.011971008,1.113303772,1.7457968144640428,2.0310519202024,3.545803972300428,10.242660724555556,1.0698634735941428,10.298383687282382,12.86643972,4.161122484,4.0662735770951155,1.5276877762794048,10.16099185,9.911994873,10.35013378,1.2493649596575964,1.0054402819955988,1.2561618573535536,0.10771840544444443,0.27040204833093073,0.29106790034810903,0.572519084,1.022900763,1.2881700180639237,-0.5426714680143719,0.152671756,-0.045801527,0.213740458,1.9669605728260766,2.7021185390478766,5.3149606294095735,-0.20441051722222228,1.6174032710450759,1.6302689964353634,4.312977099,6.030534351,4.747827224104926,-1.9143312997211301,0.061068702,-0.20610687,0.72519084,2.6455616272102738,,,-0.7981340115555555,0.39177671939467756,0.8891045485551289,1.305343511,1.213740458,-0.6972909900664632,0.4410508825044483,-0.839694656,-1.20610687,-0.664122137,1.4681552502698305,,,10.310015378272515,1.0855248373178787,10.367004450305293,13.004003994551386,4.1759617046367214,4.2765299355490605,1.654780067668447,10.176963864901003,9.92877708925725,10.369402652620494,1.2543646582662011,1.0055275448136458,1.261298215127421
284,2556,2565,9,2005-12-22 17:07:10,0,-0.3402426581111111,1.1855086118674565,1.2333676399234812,2.173935107,3.514688037,-1.481288840982009,-0.23041895487421812,-0.098162268,-1.616086121,0.627280835,1.762601057973981,,,0.5990824597777777,0.4226333399829069,0.7331566910821316,1.185129822,1.103726966,-2.0040441860938554,0.010806625607854474,0.617704028,0.138863696,1.015141504,1.6164754907314025,1.223799293596556,1.9782415636732367,10.271125122333332,0.7652694831860657,10.299594587192392,11.55441721,2.4708161110000013,-0.42880283524507856,0.4064207484448025,10.23042369,9.756371765,10.55603512,1.1218322344811502,1.0027717961294382,1.124941724726564,-0.017811704999999997,0.10120703216128397,0.10276244544531915,0.152671756,0.27480916099999997,-1.2412651140983937,0.6558032384612292,-0.06870229,-0.114503817,0.038167939,1.4856765556561033,,,-0.8592027142222223,1.8217660668913582,2.0142147121406007,3.702290076,6.6259541980000005,4.322207935898135,1.7610375980578958,-0.763358779,-1.916030534,-0.603053435,1.8380811408459043,,,-0.43935538588888895,0.6063364017277201,0.7487836718102856,1.152671756,1.908396947,-0.3363590476037981,0.5368438917122788,-0.267175573,-0.992366412,-0.083969466,1.5393922161967826,,,10.367149629206676,0.8139850705336222,10.399055876828998,11.726031536213702,2.5435642945548906,-0.5645671582573142,0.526266002004124,10.2671367982687,9.778837880800772,10.727167570160617,1.1276053975574312,1.0030776297018453,1.131075749420915
285,2565,2574,9,2005-12-22 17:07:12,0,-0.5482721803333335,2.2396240464697,2.305757631073306,6.679822632,7.939172705,7.4601396813712295,-2.633157738214491,-0.198718738,-0.359130249,0.600944617,2.8970185512909317,,,0.1870137518888889,0.8106410318943265,0.8319333062128582,1.364694946,2.683900061,-0.35439118647117596,-0.6287931546282697,0.421379492,-0.251391174,0.732625708,1.6403898435229007,4.4485140681372854,7.297297296141145,10.704209600444443,2.639500756308183,11.02483865699623,18.04988632,9.066841690999999,8.195982118245619,2.8178804742611927,9.744400757,9.641450085,10.388441,1.6372018567859727,1.029953548045105,1.6862418612627466,-0.05852417288888889,0.20119488445237318,0.2095339121529791,0.34351145,0.664122137,-0.24364370161311122,0.562160678874811,-0.114503817,-0.167938931,0.053435115,1.6394074184478784,,,-1.692111959111111,3.5010817893180133,3.8885494181842497,11.03053435,11.641221373,6.278708725285199,-2.420794874454798,-0.122137405,-1.870229008,0.396946565,2.836670738558001,,,-0.7599660731111112,0.8195684339146455,1.11769443505335,2.221374046,2.488549619,-1.0297107603233204,-0.29253376156415273,-0.977099237,-1.259541985,-0.038167939,1.9874609520570523,,,10.88594145295562,3.0086504241702783,11.294055900872703,19.294580038330466,10.281601290126007,8.40186409261397,2.864344018533173,9.78177539579827,9.688750192294323,10.413924352240599,1.7083836141487094,1.0374900461922176,1.7724309947571721
286,2574,2583,9,2005-12-22 17:07:14,0,0.461016831,2.196187061394649,2.2440530579963007,4.4699745,7.491456995,0.09675701787548441,0.05931953767432595,0.229843359,0.050278235,1.474828223,1.9919201482656606,4.867616336541736,9.695903054784566,0.6693123752222222,0.9178162418080302,1.1359426523166694,2.384624854,3.107673755,-0.37620277248399336,0.44435218773871554,0.579396802,0.107739075,1.450886206,2.0992475712895695,1.697178618488144,3.5627980929058234,10.121354507333333,2.65904503407961,10.464814262870613,15.15529651,8.932766395,0.302894156176837,0.20796449747905252,10.14183823,9.636661682,10.84812772,1.448214572118238,1.0339341691162414,1.4973585303251034,-0.07209499588888887,0.10178823842978972,0.12473385232108654,0.221374046,0.328244275,-0.7406501048793488,0.5501645735403977,-0.122137405,-0.129770992,0.007633588,1.77477117783667,,,-0.508057676,4.077460447643881,4.108990910703352,7.946564885,15.160305343000001,1.234178021456791,0.4333697652650407,0.328244275,-2.122137405,1.152671756,1.9339455982490248,,,-1.0754877013333333,1.2165268769130213,1.623764588224231,3.251908397,3.824427481,-0.8949664557094263,-0.2075165975449966,-1.427480916,-1.946564885,0.229007634,2.0026969553242484,,,10.488810657748559,2.413157346451991,10.762828503364485,15.454598422726027,8.696196291267118,0.9383591158880797,0.690410969635585,10.247672000797401,9.759360974583782,10.896532562481488,1.4359235044853575,1.0261247775898688,1.4734366866761024
287,2583,2592,9,2005-12-22 17:07:16,0,0.19100408800000002,1.2230175240666905,1.2378426498577795,1.721430994,3.325546106,-1.832789760986723,-0.24599109685937018,0.457292517,-0.943315454,1.175553015,1.3906702876959216,6.480712862322504,9.012534820720695,-0.3641846747777778,0.6770926126607983,0.7688204494306988,1.343147131,2.257732165,4.215235320676541,1.9971944917101536,-0.708683691,-0.775721338,-0.045489832,1.747023159951823,,,10.791464948555557,0.9086604254074966,10.829652787813878,11.88481704,2.9328970329999997,0.19663710541593105,-0.5377125965008045,10.60152495,10.36449899,11.79383738,1.097432879230759,1.0035387076212885,1.1013163733243454,0.0746395251111111,0.16536612709060355,0.18143046794228865,0.259541985,0.427480916,-1.700542550974153,-0.49348891951294416,0.129770992,-0.083969466,0.221374046,1.4305314203486368,2.430755925526116,3.4772727266637395,-1.3791348598888888,1.691137870257908,2.1821916180714283,4.41221374,4.961832061,-1.305639565779996,-0.5055789760709398,-0.65648855,-2.679389313,0.190839695,2.0219185627243017,,,-1.7150127227777778,0.85818186781335,1.9177447060370827,3.06870229,2.801526717,-0.8182456869397567,0.3403522128625187,-2.122137405,-2.221374046,-0.992366412,1.6001620446870166,,,10.890010395286755,0.9013281336012339,10.927246625471332,12.067564194249586,2.9224324548384075,-0.2439761363849966,-0.3670417553088844,10.611421825024678,10.37240060430871,11.845563565826964,1.1043554344348907,1.0034193016198307,1.1081315587607228
288,2592,2601,9,2005-12-22 17:07:18,0,1.0880316432222221,1.7123826570020615,2.028809311062597,2.97120426,4.472368701,-1.636027227691864,-0.4936209189327623,1.965639563,-0.392649072,2.774879724,1.4645064195036743,1.8646602088283457,2.7308068460221744,0.10800509722222223,0.7084971314995481,0.7166821376098819,1.16837041,2.1523872920000002,-1.068457323297642,0.049928397072624586,0.15801731,-0.380678064,0.615309827,1.6302491002447586,6.63563253996519,10.817733977833093,10.309698372,1.4797158206074534,10.415346342363053,12.85686292,4.278438372,-1.0782560600457747,0.3603394200608716,10.05564697,8.6526448,11.23838259,1.234415303858538,1.0102474356233333,1.2470648952172856,0.0627650551111111,0.1463835541542106,0.15927208503036405,0.34351145,0.48854961799999996,-0.2206610641809208,0.3562455325130753,0.083969466,-0.045801527,0.160305344,2.15675866825321,2.537591733941911,5.472972968666911,-0.818490246111111,3.071211566279336,3.1784063251615575,5.763358779,8.709923664,-0.9175155107578856,-0.5978693461582364,-0.007633588,-2.27480916,2.129770992,1.813285712835048,,,-1.975402883777778,1.3955938230892106,2.418656377471244,4.396946565,4.900763359000001,-0.15887321878459915,0.1151725078890769,-2.290076336,-2.870229008,-1.167938931,1.8179294115343083,,,10.547498806556879,1.363601431533434,10.63527808467643,12.965740019534875,4.016042240192746,-0.8863384126312339,0.5082781214076564,10.442262162746424,9.158129931111773,11.24634989688731,1.219125622884862,1.008322283768829,1.2292715322683603
289,2601,2610,9,2005-12-22 17:07:20,0,-0.07395422900000002,1.9636065489553232,1.9649987040930124,3.936067529,6.892906579,0.3522520423346096,-0.5045370674731214,-0.167594116,-0.644040247,0.907402429,2.0030891220443716,,,0.9906674426666666,1.3126120819489768,1.644497631387209,3.603273499,4.982333655,1.3048016025742566,0.30623571210343276,0.938527051,0.612915625,1.106121167,2.191108962534944,1.6599895793088448,3.637218044938221,10.312358594555555,1.2595906723068804,10.388999395729423,13.25430039,4.283226768999999,2.3525312312072195,1.4106529336268523,10.04846437,9.533711011,10.57040033,1.2758014400740467,1.0074319371723877,1.2852831162211187,-0.05597964377777778,0.27462061210797084,0.28026808793018776,0.511450382,0.877862596,-1.0151872829530189,-0.05068308566770678,-0.083969466,-0.282442748,0.167938931,1.824861281129508,,,-0.3375742156666665,2.7939320106083736,2.8142516644723004,4.839694656,9.320610686999999,-0.07306488360518948,0.21440624028838812,-0.114503817,-1.664122137,0.702290076,1.7197092630688697,,,-0.6166242577777777,1.4208127254710516,1.5488493393937557,2.618320611,4.961832061,1.880495770167271,1.3220882135303946,-1.030534351,-1.610687023,-0.167938931,1.6904940618852267,,,10.612721850642593,1.3663951595658352,10.700322462953707,13.497794883989567,4.460139953371431,0.8324670240332672,1.2734428564725224,10.072013700265403,9.756683153080903,10.62094788216482,1.2614381417682667,1.00825430210496,1.2718504332771412
290,2610,2619,9,2005-12-22 17:07:22,0,0.6794212267777778,1.815338150652054,1.9383151974354016,3.981557361,6.6223617919999995,0.5983170558462056,0.0652692071594675,0.593762012,0.076614453,1.146822595,2.0541330771527906,2.852891727607706,5.8602192632145576,0.5214039171111111,0.870832708393698,1.0149934240117588,1.247379065,2.4779987180000003,0.21007710155001735,-1.2725178710377925,1.015141504,0.234631763,1.12527478,1.2289528537729215,1.9466547732042907,2.3923469388400926,9.33126795877778,0.753892762321268,9.361672714616398,10.43393083,2.6886884589999998,0.8149192310781217,-0.801404693709775,9.548076221,8.944737402,9.77791958,1.114537022182957,1.0032583734571696,1.1181686000330708,0.1577608142222222,0.23500763139674188,0.283049573959696,0.572519084,0.79389313,-0.506017301856378,0.05060675933134956,0.167938931,0.0,0.328244275,2.022681313350156,1.7941690739564247,3.629032258882414,0.8982188293333332,2.5802028591888413,2.7320768400495647,6.175572519,10.236641221,2.13843383366025,0.13354432963669072,1.129770992,0.305343511,1.86259542,2.260394886583045,3.0416606185792596,6.8753541089575805,-0.8829516537777777,1.6066198865926675,1.8332569604133373,3.648854962,5.27480916,-0.7229699682781394,-0.243421962468783,-0.770992366,-2.091603053,0.213740458,1.9903674393672053,,,9.597102878044188,0.5690428975264611,9.613958262390645,10.475959793155424,1.7640925725949845,-1.0809186036400815,-0.26398844637103025,9.625533967866478,9.103816989974069,10.004844509532711,1.0896614596442433,1.0017562992249482,1.0915752312212723
291,2619,2628,9,2005-12-22 17:07:23,0,1.654925392,1.267220568159231,2.084376650572578,4.659116431,4.48433971,2.69832527962612,1.4676644559935885,1.233013855,0.871489404,2.159569897,2.2352564876986807,1.2594988636035007,2.81530300611884,0.2338336955555556,0.6626082558928137,0.7026577388419519,1.414973181,2.188300317,-0.26951138629300964,0.07165029274822968,0.284909998,-0.1436521,0.529118567,2.013744534191017,3.0049464734863682,6.051194536519747,9.795743082555557,0.8687496806113433,9.834190792688402,11.02529865,2.4205378829999997,-1.6879168902376405,-0.14166902473219833,9.737218152,8.930372192,10.55124672,1.1211190511167601,1.0039249406409314,1.1255193768438108,0.2603901612222222,0.6355462384313217,0.686820251045015,1.938931298,2.259541985,6.026165008901886,2.2622760275751292,0.114503817,-0.038167939,0.290076336,2.8230549332956696,2.637658227258705,7.446254070810598,1.3638676844444444,1.9861187827944708,2.409315853108687,5.610687023,6.229007633999999,0.6513494036067105,1.2315251080595626,0.511450382,0.0,2.480916031,2.328746982576259,1.7665319595060966,4.113805970324348,-1.3536895675555556,0.5444460234554305,1.4590739932454346,2.114503817,1.770992367,-0.4880753750359945,0.4281553878371595,-1.480916031,-1.664122137,-1.053435115,1.449209448450716,,,10.053304236400297,0.693351567950798,10.077185245216244,11.098738796016603,2.1176859400986565,-1.2715709196423153,-0.11191700459039267,9.976527139461213,9.616802358542373,10.647135922465887,1.101372905820631,1.0023754387865316,1.1039891497395522
292,2628,2637,9,2005-12-22 17:07:25,0,1.3987458143333331,0.8800997431225995,1.652593540759338,3.260902661,3.51947644,2.3876369504297825,0.3918088307233865,1.273715283,1.115697974,1.719036792,1.9732030778128733,1.181482385022895,2.3313046785088707,0.38653055688888893,0.5268804624769329,0.6534591748141129,1.221042847,1.865083094,0.3797716325918996,-0.28229194484640086,0.363918652,0.112527478,0.639251843,1.8685832169199332,1.6905757207753036,3.1589814187730516,9.132815243666666,1.0776071558038498,9.196170477823358,10.47223806,3.8307226550000006,2.1568164037028037,-1.3644618930378514,9.428366138,8.46589707,9.801861597,1.1387607575624974,1.0069370979776062,1.1466604525107615,-0.04749787955555556,0.18102954216386896,0.18715700280335248,0.305343511,0.541984732,-1.3436881452196334,0.11288748183732546,-0.106870229,-0.167938931,0.076335878,1.6314832275916875,,,0.8532654791111111,2.6369274292097846,2.7715425749502094,4.885496183,8.419847328,-0.8510814052972848,-0.23827703968433497,0.717557252,-0.366412214,2.595419847,1.7627353904486809,3.248159737854932,5.725646123747398,-1.1000848176666667,1.0841512971874774,1.54452926202581,3.305343511,3.7480916029999998,0.3623789654290315,-0.5895847890127873,-0.977099237,-1.801526718,-0.122137405,2.1400329487216707,,,9.323114535993907,0.8984214545730939,9.36630267294935,10.56244630838827,3.136016751855191,0.6938635355596734,-0.9447766139518454,9.516571229559878,8.614304634566869,9.913612272586366,1.1277071302525252,1.0046323722387733,1.132931089456174
293,2637,2646,9,2005-12-22 17:07:27,0,0.4783082872222223,1.4898920171281533,1.5647865798017482,3.035847705,4.865017773,-0.823452603875007,-0.017131999963925726,1.094150159,-0.557848987,1.474828223,1.9401033624563864,3.271502128656925,6.347052280090526,0.3397106133333334,0.6404373279589703,0.7249574276152602,1.319205115,2.4516625,2.631460802881902,-1.0896351459970905,0.371101257,0.239420166,0.718260498,1.8197001158254371,2.134044092711086,3.883320282682954,9.935936888111112,1.3131123599536727,10.022330363462892,11.81299099,5.001487266999999,3.2355935835237943,-1.331164085009136,10.01494554,9.548076221,10.51533369,1.1786670925421783,1.008695050735996,1.1889156627126813,0.094995759,0.1942231403995816,0.2162101350414954,0.41221374,0.564885496,-1.3708601419956485,0.2775934343695849,0.06870229,-0.099236641,0.27480916,1.9065421698242189,2.2759977636632747,4.339285714849649,0.7811704834444444,1.504877716519238,1.695548367308047,3.824427481,5.129770992,0.20004447877609,0.6559148985475397,0.954198473,-0.41221374,1.503816794,2.2555696757102175,2.1705228285531244,4.895765472521194,-0.5606446141111111,1.634452028323325,1.7279339733398462,3.687022901,6.221374046,1.1511817749350906,-0.015520157469183353,-0.595419847,-1.58778626,0.06870229,2.133775339733334,,,10.08567529382788,1.3039862323055142,10.169622718005442,11.830571456865826,4.918658467253976,3.6528794032403393,-1.5412755921832781,10.476917857064478,9.758376225966016,10.574815799737422,1.1633245190030161,1.0083234311765852,1.1730073705729718
294,2646,2655,9,2005-12-22 17:07:29,0,0.559179098888889,1.7695290599888849,1.8557786394878395,2.861070984,5.427655164,-0.6419070446941433,-0.684639498590856,0.744596716,-0.191536133,1.771709229,1.541709190482763,3.3187553740390965,5.116555661120134,0.3035315661111111,0.6800073896486669,0.7446754068737987,1.541865869,2.619256616,1.5785074609612924,-0.35795734771320514,0.318428821,0.229843359,0.495599744,2.070520732614045,2.45337055521007,5.0797545993472815,10.419299600888888,2.0038914678006945,10.610249063420131,13.89355223,5.710170955999999,-0.7100304506405806,0.7711359303280444,9.727641345,8.487444885,11.31260284,1.309446380283322,1.018326516161888,1.33344397053471,-0.187446989,0.6356548957880441,0.6627167722522762,1.93129771,2.1908396949999998,7.537291071255044,-2.6604637618522777,-0.045801527,-0.145038168,0.175572519,2.9142128143767776,,,-0.7938931297777777,2.1871172638356313,2.3267462747958176,4.633587786,6.816793893,-0.7931670376004414,-0.303044001255956,-0.824427481,-1.870229008,0.679389313,1.9914452367208013,,,-0.8659881255555555,0.754770270129135,1.148744355491696,2.870229008,2.79389313,6.253550725101176,-2.311440657087117,-0.65648855,-0.946564885,-0.511450382,2.4985794222000406,,,10.611038222222142,1.9954219741023567,10.797029267728684,14.212512032668657,5.837832132839733,-0.5237249008802936,0.9026683180049927,9.768676958149669,8.931529101315538,11.501074185893293,1.316335417849476,1.01752807233481,1.3394082402704137
295,2655,2664,9,2005-12-22 17:07:31,0,0.28969840100000005,1.007034979470345,1.047876239552551,1.80283385,3.2441432490000004,-0.5387963585136255,-0.4201535418936708,0.351947644,-0.110133276,0.847547388,1.720464480394956,3.617128144081647,6.223140492929403,0.47804226466666666,0.40660565457649,0.6275767404399332,1.084573352,1.256955872,-0.8910798516648963,0.18337807218985624,0.428562097,0.208295544,0.787692346,1.7281923980160752,1.3128059730817634,2.2687813027499995,10.249045263000001,0.7816674502393054,10.278809892482027,11.41555352,2.5330653610000002,-0.773678133558362,-0.37692443595218467,10.42195983,9.651026892,10.84094512,1.1105909769135232,1.0029041367969638,1.1138162850359536,0.06785411355555555,0.09658789383016776,0.11803983209475515,0.251908397,0.335877863,0.011596259952148635,0.46630135272401,0.061068702,0.007633588,0.106870229,2.134096537834647,1.7396120280623817,3.7125000062634377,-0.544529262,1.3345322193372418,1.4413494932262085,2.465648855,4.198473282,-0.9646871260755758,0.3827160230949088,-0.610687023,-1.65648855,0.229007634,1.7106530141285003,,,-0.9109414758888887,0.5807996037070621,1.0803437194527061,2.015267176,1.8702290080000001,-0.28631414053684967,-0.8962336258781118,-0.65648855,-1.267175573,-0.564885496,1.865394447816033,,,10.322894076723454,0.7639946760902123,10.35112699102597,11.533112944195818,2.469230510771407,-0.8979394984071525,-0.1927849651123722,10.423967180004821,9.690492696140629,10.953019391073148,1.1141891075430321,1.0027349805289756,1.1172363930577591
296,2664,2673,9,2005-12-22 17:07:33,0,1.4008739935555556,2.011618133598546,2.451337484158962,6.641515405,7.34062229,5.5162038583960005,2.1459155397343435,1.261744275,0.136469495,1.357512341,2.709343551395438,1.7498629394476992,4.74097987081849,0.5009201917777778,0.7094083916154935,0.8684361258176487,1.843535278,2.25054956,-0.08664331886880117,0.7688915907397282,0.481234534,-0.050278235,0.507570752,2.122821959144407,1.733681612505074,3.6802973971906563,9.288970396777778,0.9144838969722993,9.333876570323584,11.05881747,3.232172242999999,0.17240684085730518,0.34828224891435766,9.531316809,8.497021692,9.572018237,1.1848043400488866,1.0048343542532316,1.1905321039494494,-0.026293469,0.1204888268389025,0.1233243848761022,0.251908397,0.389312977,2.098219298716133,1.5798695594718544,-0.06870229,-0.114503817,-0.022900763,2.0426487207139097,,,0.19847328244444448,1.9173226385373696,1.927567831255796,4.86259542,7.305343512,3.829223159581348,1.4425765399419077,0.190839695,-0.404580153,0.488549618,2.5226585239452017,9.711976380475038,24.500000000559822,-0.6717557252222223,0.30308750973978227,0.7369652589702559,1.290076336,1.061068702,0.7911396396879278,-0.44242028496499564,-0.664122137,-0.832061069,-0.526717557,1.7505253067187905,,,9.65739228928991,0.7869325045182192,9.68940083781776,11.181793527907038,2.577344199663262,0.0054572000433221746,0.4625352544954129,9.58507922394178,9.195106886166693,10.119306236929685,1.1540232172318092,1.0033144090629256,1.1578481222418289
297,2673,2682,9,2005-12-22 17:07:35,0,0.5674257933333333,1.3808384962342237,1.4928787571743243,2.406172668,4.7596729,0.8123907222365734,-0.769715414358458,0.849941589,-0.045489832,1.568202087,1.6117669679715523,2.6309673876551027,4.240506329232901,0.9026140258888891,0.7587071901239046,1.179130476273537,2.56658418,2.573766785,1.3475718981395755,1.312982320032448,0.730231506,0.397437476,0.907402429,2.1766752973015335,1.3063507129886844,2.8435013265747147,10.438719239555557,1.2786063061805968,10.51673397250649,12.33971536,4.369418033,0.3891474934264494,-0.21297054064317783,10.45069025,9.840168823,10.78827268,1.173341019394354,1.007473592416904,1.1821100919393421,-0.03477523322222223,0.1961801075758956,0.1992384286581028,0.366412214,0.641221374,0.05911826990854596,0.996886536100355,-0.122137405,-0.160305344,0.145038168,1.839063962047055,,,-0.683630195,3.4005043952684564,3.4685415358268132,7.946564885,12.763358778,1.5286795930386496,-0.8226775756316279,0.351145038,-1.20610687,0.877862595,2.2910392748419945,,,-1.2044105172222221,0.42564092336534737,1.277409444790043,1.946564885,1.519083969,0.0758749733017332,0.10899820050351934,-1.175572519,-1.534351145,-0.916030534,1.5238378680689497,,,10.608056032893705,1.299952428036896,10.687409841124813,12.632431682916716,4.306847140145669,0.04333630285651413,0.17841514015045534,10.488326903761305,10.096709483109269,10.842559547072668,1.1819918830386311,1.0074805231029178,1.190833800627163
298,2682,2691,9,2005-12-22 17:07:37,0,0.6650560166666666,1.5255742334410407,1.6642344327178646,3.993528369,5.621585498,1.7317297325389944,0.7796755809503941,0.746990918,0.263362183,0.866701001,2.399618882105546,2.5023973785835207,6.0048000001804365,0.27373705644444446,0.4196710671394469,0.5010546683395247,1.041477722,1.31202251,-0.545562482799002,0.7319914678813781,0.146046301,-0.067037646,0.469263525,2.0785710378698115,1.8304232347921623,3.8046647228829618,10.034365181111111,1.473766534700129,10.142015203434525,11.54484041,5.449202983000001,6.495604216347628,-2.378676206280579,10.41477722,9.885658655,10.75235966,1.138318192038444,1.0107281348027932,1.1505302230511043,0.08821034766666666,0.13173247507767483,0.15853867170367117,0.297709924,0.45038168,-0.35234220633584457,-0.36747704636860185,0.106870229,-0.022900763,0.183206107,1.877837885235077,1.797279751155323,3.3750000070853368,-1.0033927056666667,2.7576572541021123,2.9345307040286825,5.0,9.435114504000001,1.1727602668630448,0.9988096558375517,-0.984732824,-2.93129771,-0.419847328,1.7038499522720036,,,-0.3774385072222223,1.1595747392959759,1.2194561914015074,2.671755725,4.297709923,0.9236006358416979,-0.20406537703905916,-0.519083969,-0.801526718,0.022900763,2.1909403091630386,,,10.224895918883007,1.154429669756991,10.2898593000296,11.69088548546464,4.3985429977749035,4.831591055453046,-1.8905623680917427,10.560538012171737,9.901386757994976,10.781381708107896,1.1361560099690586,1.006353451581509,1.1433745221674376
299,2691,2700,9,2005-12-22 17:07:39,0,-0.06544151188888897,1.7069219464499323,1.708175963638035,2.58094939,4.912901807,-1.6992716349789592,0.058344945691168396,0.641646045,-1.680729565,0.888248816,1.510938828868164,,,0.7374141113333333,0.6888573044712698,1.0091104783505884,1.678335364,2.281674182,-0.21558496846946618,-0.5318208792555074,0.857124194,0.335188232,1.376665955,1.6631829715446749,1.368444762368319,2.2759740262704873,10.407594617666668,1.400420834533977,10.501390585988172,12.71560502,4.745307693,-0.4377274372522715,-0.023187508766229832,10.46744966,9.672574707,11.23838259,1.2108496409005314,1.0090122618882837,1.2217621349716614,0.007633587777777778,0.18911861764296947,0.18927261608999,0.320610687,0.541984733,-1.2708914304898307,0.43142892122087145,-0.076335878,-0.129770992,0.145038168,1.693909523856135,24.79471273533837,42.00000004366667,-0.3918575063333333,2.9420920846514855,2.9680731358641927,5.442748092,9.24427481,0.022789950230960088,0.6932768486543429,-0.381679389,-3.480916031,0.366412214,1.8337648173939871,,,-0.12637828655555564,1.7960848181841695,1.8005255192371974,3.20610687,5.4656488549999995,-0.8623658376137016,-0.39043597494335924,0.27480916,-1.0,1.282442748,1.7806506132488948,,,10.589282476207972,1.4430765602778943,10.687159272685548,12.902540454508877,4.871298134391843,-0.4077995596465822,-0.07025611545259199,10.528796547691247,9.719055436229018,11.446390686462475,1.2072937368385108,1.0092430055291741,1.2184527595234464
300,2700,2709,9,2005-12-22 17:07:41,0,1.2181166002222221,0.8527651877100665,1.4869487271278492,2.197877124,2.6958710690000003,0.16998073277577408,-1.0635954670653966,1.515529651,0.984016882,1.836352673,1.4781122468461716,1.2206949046229103,1.8043240881858431,0.18807784144444448,0.35621363791527744,0.40281686940747397,0.653617053,1.24019646,2.7380188574884814,-1.3715732081981606,0.227449158,0.102950671,0.46208092,1.6226158898495044,2.1417561277491606,3.475247525068333,10.368489324555554,0.7849103707630356,10.398156334829453,11.48737957,2.2864625899999993,-1.3494947572309983,0.16763616627248604,10.19690487,9.911994873,11.21922898,1.1047515732690136,1.002861266414543,1.107912561842022,0.029686174555555556,0.12473096835779214,0.12821498908947992,0.312977099,0.427480916,1.7428984811324861,1.2250683585415778,0.0,-0.053435115,0.091603053,2.441033620348214,4.319013514170872,10.542857194829388,0.49109414755555547,1.8556057061543143,1.919491077988061,3.877862595,7.06870229,1.3215747093733796,-0.3312490407893826,0.687022901,0.183206107,1.442748092,2.020255597678855,3.90860100358031,7.896373056576312,-1.4495335031111112,0.9499000346001892,1.7330486006961865,3.786259542,3.7175572519999998,4.174283835607817,-1.5485451571741224,-1.335877863,-1.511450382,-0.961832061,2.1847393895814657,,,10.481118357456783,0.8006816395563703,10.511657010716258,11.710449548935872,2.4729127293025446,-1.1178046026869652,0.16089456463770996,10.266135152105974,10.106381519211112,11.383034079557094,1.1140441071276856,1.0029136827023566,1.117290078172286
301,2709,2718,9,2005-12-22 17:07:43,0,0.6884659884444445,1.2408957841665773,1.4190869474444372,3.373430139,4.414907861,1.3536247794749352,1.1196307995290644,0.342370837,0.134075293,0.670376465,2.3771835440210634,2.061230287716602,4.899922720397709,0.6498927395555555,0.3695337541585494,0.7476066936494993,1.206677637,1.0606313360000001,-1.7139055139088906,0.25376205668491286,0.474051929,0.375889661,0.916979236,1.6140540838519126,1.1503539709656825,1.8567335247124241,9.919177477888889,1.2160732418142097,9.993443649078865,11.60230125,4.352658623,1.565189504887786,-1.2200786038717302,10.2400005,10.01494554,10.54166991,1.1609913116455537,1.0074871299919297,1.169683804515345,0.017811704777777784,0.22179772875190226,0.2225117734111908,0.480916031,0.7480916040000001,0.4744692021051753,0.755041114261149,0.0,-0.175572519,0.129770992,2.1613060002505615,12.492446747085133,27.000000112285704,-0.2960135707777776,2.895032009885044,2.9101261780795085,5.854961832,10.412213739999999,0.989298888892872,0.8630666290931222,-0.641221374,-2.145038168,1.366412214,2.011927137765514,,,-0.6123833758888889,1.4191575740034235,1.5456460199270576,3.603053435,5.389312977,1.7208848631767255,-0.4144708186723906,-0.778625954,-0.908396947,-0.259541985,2.331098704715091,,,10.069135640742187,1.0267165862334175,10.121345735627816,11.703175358494715,3.7026769004256312,0.8577106570632997,-0.7751128564370502,10.316535220201802,10.021379714517623,10.597327779436775,1.1562864923484188,1.005185161542007,1.162282024600086
302,2718,2727,9,2005-12-22 17:07:45,0,-0.6059990424444445,3.6373204663033354,3.6874564423234473,10.51054529,12.943054177,7.228246088340127,-2.57894059762175,0.342370837,-0.019153613,0.656011255,2.8503510358422997,,,0.7065555121111111,0.9662708702091933,1.1970380471436262,1.97521637,3.466804004,2.144348718228338,-1.072740388563291,0.758961926,0.442927307,1.223437048,1.650086540451462,1.6941882507816073,2.7955572296057363,11.406176225444446,3.0183521592256137,11.798784083243325,19.61270145,10.32559321,7.110779778091215,2.5845753594969234,10.20648168,9.629479077,11.50892738,1.6622646292726069,1.034420637559769,1.7194808376052233,0.14503816788888887,0.6411708853984587,0.6573706522405826,1.93129771,2.106870229,8.231543016336158,2.837181149343397,-0.129770992,-0.145038168,0.06870229,2.9379128858542187,4.532397656485721,13.315789478804865,-1.3316369803333334,4.891853516820927,5.0698607355059115,14.58015267,17.809160304,7.005675663099224,-2.5215129610572746,0.41221374,-1.549618321,0.786259542,2.8758487521935994,,,-0.44783715011111114,1.0901993976539806,1.1785978277872158,3.114503817,3.480916031,3.3177680323455263,-1.828420502250271,0.167938931,-0.770992366,0.328244275,2.6425501079086438,,,11.820706944623943,3.8095181155439364,12.419401794906955,22.339004010212477,12.67359619214673,7.804716826382666,2.741523856352419,10.212299004904885,9.734039296087412,11.671455362252555,1.7987181974717519,1.0506479733477614,1.8898196287974345
303,2727,2736,9,2005-12-22 17:07:46,0,-0.12210428466666667,1.110359042932889,1.11705266686795,2.461239307,4.070142823,2.564663209214891,1.2826765850473159,-0.328005627,-0.572214197,0.102950671,2.2033332715644915,,,0.6200982301111112,0.267432313480561,0.6753087125755876,0.938527051,0.957680664,2.9549761713902107,-1.486445926878165,0.667982263,0.524330164,0.77811554,1.3897748296782864,1.0890350589366842,1.5135135135474127,10.386046801111112,1.384340933916923,10.477899024908968,12.14817922,3.928884921,-1.5137026846463018,-0.10738740300904905,10.04607017,9.334992273,11.77468376,1.1594098388541727,1.0088438099266055,1.1696634390960352,-0.011026293444444455,0.2472808860672862,0.24752659606867536,0.496183206,0.8473282440000001,0.5235938144485397,0.9352976653237741,-0.061068702,-0.175572519,0.030534351,2.0045652220027934,,,-0.5691263783333332,2.646861146056504,2.7073564155866827,5.732824427,9.190839694,0.05536467364577646,-0.38622333754581456,-0.717557252,-1.900763359,1.877862595,2.11749897205821,,,-0.8100084816666667,0.634924496449001,1.0291952470561434,2.167938931,2.015267175,0.7898494479574119,-1.2530062755021671,-0.564885496,-0.916030534,-0.34351145,2.1064408694084626,,,10.47310687919632,1.343223284102943,10.55889276837423,12.267387697289045,3.6874771755652507,-1.6984437411103048,0.027685217731352806,10.076685392271244,9.397858803428937,11.873503341183781,1.161806258136465,1.0081910640431173,1.1713226876025553
304,2736,2745,9,2005-12-22 17:07:48,0,0.7483210301111112,1.5515630015982598,1.7225945872535289,2.52348855,4.9990930670000004,0.39627674990140793,-0.940498983014962,1.165976208,-0.076614453,2.008735193,1.4649346797399387,2.3019459803204474,3.372200497459374,0.27160887733333333,0.5411320794945362,0.6054711468801423,0.900219824,1.666364355,-0.4368629593211759,-0.6686405063049088,0.306457813,0.0,0.667982263,1.4868087912010868,2.2292023472306277,3.3143976472285948,9.906940447555556,1.264751713514349,9.987345289327378,13.22317577,4.367023828999999,5.637394309460884,2.2602543622625775,9.569624036,9.088389502,9.986215125,1.3239930519004361,1.0081160114161847,1.334738594624609,0.2315521628888889,0.6450469507055202,0.6853480668631176,1.916030534,2.34351145,5.5517660245294,2.2316726442011805,0.007633588,-0.053435115,0.122137405,2.795704294855307,2.95979989265738,8.274725271814514,-1.0339270571111112,2.7373343104214127,2.926090273118161,5.732824427,9.13740458,3.6916384248069765,1.8189470942843673,-1.549618321,-2.900763359,-0.572519084,1.9592096934490228,,,-0.673452078111111,0.9943399035321419,1.2009369447512568,2.251908397,3.6335877859999997,1.0127680810292983,0.6624774522503449,-0.786259542,-1.183206107,-0.450381679,1.8751262560803512,,,10.074192580140458,1.2616010495525893,10.152881036926871,13.465299413583232,4.3519344082706475,6.614616085797611,2.4854604405017797,9.593879737475193,9.361089068112742,10.026786780743997,1.3262540321913376,1.0078108946360163,1.3366132626973757
305,2745,2754,9,2005-12-22 17:07:50,0,0.8321180879999999,1.6058651851093328,1.8086524003033329,3.191470813,4.45560929,-1.7533850150969306,0.12524343287876216,1.051054529,-0.521935962,2.152387292,1.7645573093341496,2.1735525598901932,3.835358056776192,0.38812669133333333,0.7372892468209117,0.8332093146401496,1.194706628,2.2816741819999997,-0.056358563493353664,-1.0010908179202516,0.74938512,0.162805713,0.924161841,1.433861344332157,2.1467457230983573,3.078135708461119,9.770470951444445,0.8400812372187793,9.806520233913085,11.09712469,2.8275521559999994,-0.4357542488075028,-0.07829189958006058,9.701305127,9.205705383,10.47223806,1.1316067703224353,1.0036896156436872,1.1357819643647193,-0.036471586,0.2902721935947382,0.2925544786183534,0.458015267,0.885496183,-0.37490943338659743,0.8247765380258768,-0.129770992,-0.236641221,0.076335878,1.5655725701519527,,,-0.2510602206666666,2.1522579876354255,2.1668515592309703,4.572519084,6.679389313,0.07547946088019497,-0.9744734382447248,0.358778626,-0.93129771,1.198473282,2.110213348265913,,,-1.0737913485555557,1.2852265920331754,1.6747642380651577,2.900763359,3.832061069,-1.3918954049257555,0.11356930424230324,-0.954198473,-2.244274809,-0.13740458,1.732042811202626,,,9.974998154791766,0.7954320694903466,10.00666279861937,11.14542017886946,2.3768331830530904,-1.392235712402608,0.120518569440434,9.739638838079106,9.266943019233043,10.597455972521777,1.1137999154330658,1.0031744009709307,1.117335562966039
306,2754,2763,9,2005-12-22 17:07:52,0,-0.21813837344444437,2.0651816140587216,2.0766702793210032,4.616020801,7.1897875860000005,1.1734468223193701,-1.2224498061499456,0.581791003,-0.098162268,0.67755907,2.2227990870603076,,,0.3240152914444445,1.0542815351244474,1.102948532069466,1.848323682,3.208230225,-1.145575185168708,0.16595188895704527,0.153228906,-0.337582434,1.462857214,1.6758022956266,3.4040014813886557,5.704433496827456,10.691440524666667,2.553479672789282,10.992140780204405,17.76497632,8.839392531,7.984732196982993,2.763757252989114,10.04367596,9.435548743,10.40759462,1.6161525470991693,1.0281253265024464,1.661607365164094,-0.18999151822222224,0.686951692019334,0.712740769259491,1.946564885,2.366412213,4.7460960859983565,-2.0473280821444813,-0.053435115,-0.396946565,0.290076336,2.731097993766236,,,-1.2027141645555555,2.560894222542895,2.829257955838623,4.954198473,6.93129771,-1.692490765573797,-0.495905068981228,-0.190839695,-4.122137405,0.847328244,1.7510593061252067,,,-0.3053435113333333,0.8478362336565018,0.9011442387399543,1.328244275,2.610687023,-0.5483441808230305,0.8175184837179482,-0.595419847,-0.946564885,0.41221374,1.4739530231666889,,,10.907720499950477,2.716219310034109,11.240827987530192,18.413092703670863,9.272992447041242,7.861305961691873,2.739099234998215,10.06152985311663,9.512022483785222,10.53253067789763,1.6380548411644669,1.030538689323881,1.6880788890542677
307,2763,2772,9,2005-12-22 17:07:54,0,-0.2782594374444445,1.2968210613134377,1.3263382598692575,1.922543933,3.6439749270000004,-1.295899487731008,0.24337022451646428,-0.191536133,-1.565807886,0.62009823,1.4495125347507603,,,0.463677055,0.7080246199699732,0.8463422911665811,1.374271753,2.506729138,1.7314803504798206,-1.1725318793592516,0.586579407,0.062249243,0.981622681,1.62377771658525,1.8252839601187105,2.9638554208812424,10.19876702611111,1.4279707632037517,10.298249819918722,11.87284603,5.090072727,3.0162191797810625,-1.5635019903317477,10.54166991,10.01255134,10.78587848,1.1528993991809868,1.0097543941883282,1.1641452343800849,0.10517387622222224,0.22405668229720696,0.2475135170483399,0.450381679,0.6870229,-0.9413220767349348,0.19853360992171207,0.114503817,-0.083969466,0.229007634,1.819624577966138,2.353374487457016,4.282258058535249,-1.4257845632222221,1.3263895574482276,1.9473497063523253,4.175572519,4.442748092,0.47253656803136046,-0.6640594598247506,-1.679389313,-2.015267176,-0.06870229,2.1442335217856,,,-0.6157760814444444,0.9897662812314028,1.165683264845865,1.893129771,3.755725191,4.412669664357649,1.7707974592025457,-0.870229008,-1.030534351,-0.526717557,1.6240515996858915,,,10.32420272122001,1.39293071544117,10.417745332213975,11.929483549374194,4.913290392449336,2.8196351715168033,-1.5277148510756489,10.715729309476261,10.07232357719647,10.893575984960282,1.1451118422414865,1.0090605166829687,1.1554871471919808
308,2772,2781,9,2005-12-22 17:07:56,0,-0.1436520997777778,1.118792899071763,1.1279776047351138,1.821987463,3.51947644,-0.33470880819266924,0.5476038751702386,-0.150834705,-0.897825623,-0.124498486,1.6152691820755276,,,0.40062974444444444,0.6577216657029419,0.7701311457593916,1.936909143,2.236184351,2.346884545012628,1.375450277886141,0.318428821,-0.067037646,0.617704028,2.5150380602904994,1.9223014677238628,4.834661354677804,8.658231270444444,3.6667118306788256,9.402645605452866,10.43871924,12.040440150999999,8.44803168142655,-2.883915111023538,10.00297454,9.768342773,10.32858596,1.1101895868484382,1.0859776450589325,1.2056410730946159,-0.005937234888888891,0.18945307193782782,0.1895460820613436,0.419847328,0.610687023,0.9128068126856554,-1.1407278642815943,0.083969466,-0.106870229,0.13740458,2.215014541235007,,,1.3316369807777777,4.689224481539356,4.874636733833917,14.18320611,16.412213744,7.49893842835475,2.647826427799214,0.175572519,-0.93129771,1.06870229,2.909592423894296,3.6606348458322002,10.650955414076835,-1.0737913486666666,0.6521246758264855,1.256301895761197,1.86259542,1.740458015,-1.7151739493984506,0.3717253749916508,-1.213740458,-1.65648855,-0.488549618,1.4826017745292406,,,9.232339865042455,2.244789624116833,9.501325162323134,10.458067161095592,7.4251484790323605,7.803874095269723,-2.7546299838904353,10.052183334868795,9.883849645962266,10.367751580183896,1.1006956379691493,1.0291351164723876,1.1327645335820293
309,2781,2790,9,2005-12-22 17:07:58,0,0.6520209188888889,0.765730421973684,1.0057208150399928,2.339135022,2.6288334229999997,1.2398161756614137,1.1051782820963016,0.608127222,0.079008655,0.916979236,2.3258293822893417,1.5424670986842648,3.5875152993344566,0.45223809133333326,0.5791587006137444,0.7348088811040714,1.357512341,1.75973822,-1.3116169615930162,0.12461454471186423,0.53390697,-0.074220251,0.79248075,1.847435946827832,1.6248274861978893,3.001764705395884,9.77047095311111,0.8051801744537076,9.80359208448216,10.66377419,2.6647464429999994,1.0577269139802814,-1.1558687376465118,10.10592521,9.236830005,10.34295117,1.08774152352579,1.0033899216864777,1.0914288821056721,-0.26802374900000003,0.6042541211803457,0.6610293283897826,1.954198473,2.045801526,8.321766303928447,-2.849461386160728,-0.053435115,-0.190839695,0.0,2.956296171851073,,,-0.6225614926666666,1.0777522492678808,1.2446416042191923,2.20610687,3.129770992,-1.6621797650917225,-0.11747155979247521,-0.65648855,-1.778625954,0.351145038,1.7724836310481273,,,-0.8600508906666666,0.5192959703544501,1.0046670291011328,1.580152672,1.4198473280000001,-1.6652083345087347,0.29178260345524887,-0.969465649,-1.27480916,-0.236641221,1.5728123111731351,,,9.855127635883697,0.7336862332882951,9.882400326260587,10.730572787602314,2.3962158121613566,0.2057678551911719,-0.9072308188912087,10.136967838072934,9.33888672056801,10.431956720986555,1.085826563723377,1.002767360442658,1.0888314372034125
310,2790,2799,9,2005-12-22 17:08:00,0,0.19925078244444447,0.9478571349845285,0.9685731891012688,1.537077466,2.949656445,-0.852775295946945,0.1367063102453698,-0.169988318,-0.390254871,1.165976208,1.5869502514582732,4.861075962757278,7.714285721455429,0.6147777818888889,0.786375103267031,0.9981670822775393,1.623268726,2.322375611,-1.5061499933442244,-0.42096869691553446,0.998382092,-0.138863696,1.235408057,1.6262495075435197,1.6236225701109377,2.640415405079456,10.428078341888888,1.089818639719694,10.48487112806126,13.11064829,3.555389464000001,3.5004945323614223,1.809553954119964,9.825803613,9.646238489,10.85291613,1.250434853215432,1.005446141111564,1.257244897876861,-0.000848176333333333,0.13311776982006346,0.1331204719228407,0.282442748,0.473282443,1.0310311210781586,0.8291335505600437,-0.030534351,-0.076335878,0.053435115,2.121707832914756,,,-0.3087362171111111,0.7175492312210375,0.781149762197993,1.564885496,2.3053435110000002,-0.756658176499656,-0.4034410836593452,-0.290076336,-0.801526718,0.190839695,2.0033104684007554,,,-0.8897370653333332,0.3824607967299737,0.9684566621502991,1.389312977,1.2977099239999998,0.5690116098816764,0.7704159070854798,-0.908396947,-1.221374046,-0.664122137,1.434563911115298,,,10.51915945189851,1.1019430767399347,10.57671944030099,13.286063348968431,3.6345752675310745,4.101928940598114,1.94412443831682,9.92456455779926,9.768991181731893,10.858266773406905,1.2561610832129948,1.0054719189936883,1.2630346949033602
311,2799,2808,9,2005-12-22 17:08:02,0,0.3333260755555556,0.6546649825371131,0.7346376739628772,1.517923853,2.006340992,-0.4197260829053384,0.7912205478559866,0.15801731,-0.181959326,0.53390697,2.0662210866641506,2.2039610094663438,4.553870711944968,0.43707481411111115,0.47041999159038866,0.6421287733921941,1.029506714,1.563413684,0.4184198248759996,-0.6805889699657812,0.392649072,0.227449158,0.869095203,1.603271425700786,1.4691507098117877,2.3554473530892666,9.86437686211111,0.5086455544272326,9.87748202619431,10.54406411,1.8124106550000008,1.6039369407851947,-1.0363980090486435,9.84974563,9.698910925,10.29985554,1.067485021186368,1.0013285344088523,1.0689032117679482,-0.07972858344444443,0.20216156447652697,0.2173153127822674,0.503816794,0.8015267180000001,2.1915382089595212,-0.32373378832314775,-0.091603053,-0.160305344,-0.022900763,2.3183676637862343,,,-0.4580152674444445,0.6297285821364679,0.7786758455042843,1.65648855,1.8549618319999999,-0.6195326742276634,-0.7208912721159881,-0.366412214,-0.717557252,0.13740458,2.1273146708785204,,,-0.9024597115555556,0.46438569149148556,1.0149323137248916,1.809160305,1.519083969,0.11235645882472056,-0.9529510936975402,-0.717557252,-1.030534351,-0.610687023,1.7825428164369121,,,9.914437204325417,0.4696892301334613,9.925556561292439,10.545461178726654,1.6403395426344538,1.0313471445322833,-0.8887471817912734,9.903680209676283,9.802444632044336,10.308943041598859,1.0624554012267395,1.0011215318366402,1.0636469787842258
312,2808,2817,9,2005-12-22 17:08:04,0,0.7810417861111111,0.670552945368569,1.0294015369106935,1.608903516,2.0159177980000003,-1.1331011976324898,-0.46515224677452643,0.895431421,0.335188232,1.393425366,1.5629503729209817,1.317985228467982,2.0599455043383776,0.3476912854444445,0.6282343159524401,0.7180303515271763,1.223437048,2.0518308220000003,-0.26136706375241125,-0.4832270824651911,0.4333505,0.136469495,0.675164868,1.703879293400169,2.065137613700433,3.5187452180060053,9.785634230555555,0.592764424939791,9.803571132893095,10.65180319,1.7453730140000001,-1.659178875659475,0.15200754107254072,9.557653027,9.332598071,10.29506714,1.0865227625330227,1.0018329831173878,1.0885143404134032,0.06700593722222221,0.131124892611899,0.1472532956694363,0.267175573,0.41221374099999997,-1.1145820422727017,-0.19966431230934284,0.076335878,-0.06870229,0.175572519,1.814394521938395,2.197615640851008,3.9873417800862048,0.4062765054444444,1.40648623198996,1.4639891118630168,2.404580153,4.3129770999999995,-1.0931184260027313,-0.18561441662091688,0.740458015,-0.954198473,1.145038168,1.642484997678721,3.603430403295146,5.918580377591661,-0.7828668362222222,0.6888968045280516,1.0428131618586103,2.022900763,2.083969465,-0.7005538209662401,-0.686210704940016,-0.786259542,-1.061068702,-0.213740458,1.9398496652982165,,,9.867771541801892,0.5588621175280057,9.883584474653068,10.673179682253965,1.6573737474724712,-1.5369567039788214,0.14220811319106838,9.67867029610231,9.414779376905967,10.318599467753414,1.0798895592612026,1.0016024826663437,1.0816200635614839
313,2817,2826,9,2005-12-22 17:08:06,0,-1.630185308111111,2.9584071854942593,3.377821370937987,7.750030774,8.544905725,0.8699670882821984,-1.5461690798259342,-0.229843359,-0.964863269,0.225054956,2.2943873943955464,,,0.8565921496666666,0.8055813839815874,1.1758875273971787,2.341529224,3.191470813,2.2077360280620297,-0.4241893792710818,1.015141504,0.63446344,1.108515369,1.9912867255110387,1.3727507634231324,2.733540372639628,12.185089833555557,3.489873492927371,12.675000246487416,19.61270145,9.887454305999999,1.1526010640376372,1.6338397154993411,10.73799445,10.16099185,11.01332764,1.5473531415066606,1.040205728445492,1.6095656017233562,-0.011874469999999982,0.32619855059766595,0.3264146097370627,0.664122137,1.076335877,0.2966421039160103,-1.0548969929972283,0.122137405,-0.122137405,0.183206107,2.0345968507199212,,,-4.03731976311111,7.035756796944765,8.11183238087191,22.67175573,23.106870234000002,5.968168140401836,-2.4075622703795023,-0.717557252,-3.305343511,-0.259541985,2.7948994339997815,,,-0.9787955895555557,0.6837522540986093,1.1939673157663642,2.282442748,2.6946564879999997,1.9153620748713651,0.2047408638914687,-1.015267176,-1.312977099,-0.618320611,1.9116459201690816,,,12.540207215496435,4.0238318717263475,13.169966588397621,20.638122892183237,10.892018106442954,0.8084212385301139,1.5920413511619678,10.856813335973571,10.223757207225521,11.062401454874424,1.567059624157654,1.0502192158454102,1.6457561296658545
314,2826,2835,9,2005-12-22 17:08:07,0,0.578332712111111,0.9602643207110941,1.1209711376875555,2.3080104,2.99993468,-0.17888263281222372,0.8110612243960574,0.390254871,-0.040701428,0.713472095,2.0589382923463853,1.9382807062661729,3.990800367447619,0.6741007785555556,0.5059017429108371,0.8428217089808667,1.493981836,1.671152759,-0.23752654247627358,-0.43533271487237,0.823605371,0.521935962,0.950498059,1.7725953426217638,1.250290365762285,2.2162588792750877,9.873421624666667,0.6527569766553201,9.894975808409415,10.69968722,2.339135022999999,2.2881039972445834,-1.422882260058049,10.07719479,9.667786304,10.26873092,1.0813252530548572,1.0021830510801746,1.0836858413165584,-1.1111111413657998e-10,0.17981740201482738,0.17981740201482735,0.396946565,0.641221374,1.5577196479524016,0.9108756580634619,-0.007633588,-0.145038168,0.06870229,2.2074980538717193,,,0.346904156,1.640845021209575,1.677115045868447,4.618320611,5.511450382,5.356473135775097,2.2085086078919516,-0.27480916,-0.832061069,0.610687023,2.753729162693506,4.834519900846754,13.312958438583824,-1.173876166111111,0.4652214808254352,1.262701975758782,1.801526718,1.526717558,-0.20415987814383474,0.6289570995304031,-1.213740458,-1.496183206,-0.961832061,1.4267236074588605,,,9.976446644476207,0.5899011133952584,9.993871670862374,10.753622255883126,2.0785352487559727,1.4296252160157161,-1.2192491778710215,10.17124101567622,9.790320352799858,10.309780685925164,1.0760216470695578,1.001746616506571,1.0779010442397574
315,2835,2844,9,2005-12-22 17:08:09,0,0.805249825,2.6427776380113532,2.7627343203130112,8.219294299,8.868122949,8.586263970820207,2.9070155994025995,-0.045489832,-0.378283862,0.359130249,2.975057803628679,3.430903347682207,10.20713577801771,0.4689975031111111,0.36648658706592796,0.5952067509896781,1.177947217,1.218648645,0.08924074349340838,0.2780629514523986,0.464475122,0.217872351,0.644040247,1.9790555383341537,1.2691043066143286,2.511627906728813,9.584521290333335,2.7906423496259407,9.982521379309874,11.88721124,10.022128147,7.938467891687344,-2.7418378748966195,10.43153663,10.04846437,10.77630167,1.1908024824908316,1.041525296561024,1.240250908721867,-0.058524173111111105,0.14828297481947833,0.15941430130215214,0.251908397,0.458015267,-0.9324154644688316,0.3147101776334603,-0.053435115,-0.167938931,0.061068702,1.5802120320593793,,,0.14588634444444437,2.934696053816515,2.9383198862243685,8.259541985,10.534351145,7.914860108936036,2.7353757680589053,-0.671755725,-1.183206107,-0.152671756,2.8109744019781333,20.14115781304893,56.61627903868243,-0.8303647157777777,0.9344887401588496,1.2501099018455872,2.458015267,2.610687023,-1.255642885567466,-0.5969515205707869,-0.572519084,-1.732824427,0.099236641,1.9662393389342279,,,10.337327375475677,0.881684649792073,10.374859280464378,11.892704579126244,3.4530778446926256,2.1071537531708016,-0.6024543989012773,10.458095657926712,10.058123528644304,10.803938383672024,1.1463003263591183,1.0036307164923248,1.1504622178591877
316,2844,2853,9,2005-12-22 17:08:11,0,0.38865873622222225,1.3048757805863822,1.3615272365996853,3.134009973,4.934449621,1.614464574501084,0.4371328553140136,0.469263525,0.031124622,0.833182178,2.3018342114308052,3.503143271224988,8.0636550292493,0.2428784572222222,0.29997798206460613,0.385975044149489,0.536301172,1.0654197390000002,5.3678036143121695,-2.1535616361667302,0.318428821,0.237025964,0.363918652,1.3894711073400108,1.589169531805533,2.20810514910884,9.66938243811111,1.6005520132706088,9.800955233120707,11.66933889,5.968744737000001,4.184069809493749,-1.6421119810615066,9.72045874,9.643844287,10.27830773,1.19063281205136,1.0136071559742028,1.2068339384329467,0.04156064466666666,0.15152713899004364,0.15712339429765682,0.267175573,0.473282443,-1.197593405298393,-0.21217271927474643,0.076335878,-0.114503817,0.13740458,1.70041879628605,3.7805812580110487,6.428571432008748,-0.18659881255555547,2.531695654297444,2.53856297988364,4.122137405,8.152671756,-0.8697492499000368,0.26633009486208775,0.595419847,-2.267175573,0.641221374,1.6238074208381255,,,-1.2858354536666667,0.39276704716506744,1.3444845730780732,1.885496183,1.2900763360000003,-0.24684023163366842,0.254718868101341,-1.27480916,-1.450381679,-1.190839695,1.402393319161209,,,9.767627323466229,1.6293904081653048,9.902598478800659,11.817912295537374,6.105629107127863,4.2804729025189765,-1.6797728442161997,9.876031932266772,9.705559042788675,10.281181151122174,1.1934152758830918,1.0138182130485434,1.2099061424206305
317,2853,2862,9,2005-12-22 17:08:13,0,0.956882596888889,0.8273813479348499,1.2649838730747964,2.027888806,2.7461493040000002,0.1791520099931363,-0.5583173676096237,0.725443103,0.51954176,1.570596289,1.6030945920842536,1.321984407687669,2.1192660547838074,0.12396644144444445,0.3640285062580653,0.3845574495090131,0.70628949,1.244984864,1.8939947959022367,-1.187437782217449,0.098162268,-0.031124622,0.442927307,1.836629327820228,3.1021092888380806,5.697424897983569,9.197192666111112,1.0368211611960751,9.255449803109084,10.21127008,3.5003228270000006,2.960375631648623,-1.8196141672031936,9.581595044,9.385270508,9.746794958,1.1032710778216137,1.0063342303584257,1.1102594509763244,0.0983884647777778,0.12342642767704094,0.15784287456342094,0.320610687,0.404580153,0.05279401966504249,0.7367153916397363,0.06870229,0.045801527,0.106870229,2.0312015216827497,1.6042823202895593,3.2586206901808854,0.3324851568888889,1.3559696457248243,1.3961375504149063,3.648854962,4.809160306,3.461222156580746,1.6917264567142227,-0.175572519,-0.534351145,0.923664122,2.613535436329771,4.1990973776957885,10.974489797207362,-1.197625106222222,0.30987821118678305,1.237065237092252,1.694656489,0.969465649,-0.8022701644739576,-0.139359529547812,-1.221374046,-1.305343511,-0.977099237,1.3699006634309165,,,9.301231212879102,0.9479016898116107,9.349407451223001,10.224111822942278,3.207582072074591,3.073923486008195,-1.8265356184214525,9.66708722835907,9.423680533810083,9.775486090197619,1.0935571988152957,1.005179554968722,1.099221338438001
318,2862,2871,9,2005-12-22 17:08:15,0,0.3894568032222222,0.6758889664042701,0.7800657001067957,1.948880151,2.190694519,1.9006730838403154,1.3738139161581573,0.102950671,-0.1436521,0.701501086,2.4983538575445463,2.0029582065400304,5.00409836180979,0.4588886514444444,0.34456176760467777,0.5738480688469386,1.003170496,1.065419739,-0.9474453516626484,-0.07390427344292651,0.457292517,0.294486804,0.746990918,1.7481465050770673,1.25051701984923,2.1860869577888207,9.932744621111112,0.590325958138545,9.950271375448205,10.80742629,2.178723507000001,1.7251950521148265,-0.8960949918019688,9.97903252,9.682151514,10.29267294,1.0861438730873996,1.001764542934069,1.0880604205840383,0.0033927056666666743,0.1772100172606753,0.17724249115059704,0.282442748,0.526717557,-1.5764356296195192,-0.1344408697908037,0.0,-0.129770992,0.167938931,1.5935385818969212,52.24222451478892,83.25000036843733,-0.33163698055555557,0.9393560560317336,0.9961791439673385,2.0,3.480916031,4.03449305594463,1.724726214353622,-0.41221374,-0.916030534,-0.083969466,2.0076710219357627,,,-0.8922815944444444,0.3086220185829861,0.944147231176662,1.404580153,1.099236642,0.2615607615296467,0.1819259198864512,-0.900763359,-1.022900763,-0.702290076,1.487670679550174,,,9.982864767808946,0.5367639847318489,9.997284858783727,10.809501260057468,1.9516368443860515,1.017091822067111,-0.6197469755326139,10.030357770543226,9.711470136507979,10.318850839732685,1.0812436989389291,1.0014444842547883,1.0828055384376356
319,2871,2880,9,2005-12-22 17:08:17,0,0.618768118,0.41289488475527525,0.7438791364935126,1.22583125,1.3168109129999999,-1.092343386895191,-0.19116247437621797,0.600944617,0.292092603,0.998382092,1.6478903492014936,1.2021937052896325,1.98108340481757,0.5719481743333333,0.1988787498460931,0.605538992356048,0.821211169,0.569819995,-1.679808646625431,-0.3143175100960535,0.622492432,0.375889661,0.73501991,1.356165629904044,1.058730527572482,1.4358139528239762,10.110979632444444,0.44850872705375106,10.120922349566257,11.255142,1.5298948559999985,4.6609060903833885,2.0486073547125825,9.991003528,9.82101521,10.18732806,1.1120668266447427,1.000983358436398,1.1131603869405622,0.05852417311111112,0.18267522747970644,0.1918210561254989,0.320610687,0.580152672,-0.6692408759346602,-0.5502663648630978,0.114503817,-0.045801527,0.175572519,1.6714050765638602,3.277638041315285,5.478260861393194,-0.32061068688888894,0.6393000013016202,0.7151892785910711,1.374045802,1.847328245,-1.605954728359996,-0.24213725523361007,-0.27480916,-0.877862595,0.267175573,1.9212337812262537,,,-1.0780322306666665,0.2572059160169345,1.1082907441597893,1.450381679,0.717557252,-1.6264243945272048,0.16537474882557848,-1.145038168,-1.267175573,-0.770992366,1.3086653359173857,,,10.15718787469919,0.4296944553835863,10.166272809979265,11.26746963999354,1.4566803446515575,5.082784677239399,2.167256599094436,10.03601216606009,9.888048218957577,10.193978168917774,1.1083186385607646,1.0008944341083525,1.1093099565540163
320,2880,2889,9,2005-12-22 17:08:19,0,1.388636962777778,1.8594377086326048,2.3207372118957292,6.366182214,6.785167505,6.526637228074364,2.4068359797827243,0.833182178,0.497993945,1.632845532,2.7431723770222516,1.6712339323399634,4.584482758737262,0.3987675875555556,0.5497404363799829,0.6791392613272565,1.695094775,1.881842504,2.5104917814283887,1.5014206289476764,0.332794031,-0.021547815,0.588973608,2.4959457824412032,1.7030954433643384,4.250833888960051,9.72178885211111,0.8425565043820276,9.75823139447453,11.05642327,2.8730419959999995,-0.01967922945508871,-0.21231421040201656,9.785102185,9.375693701,9.988609326,1.133035569976395,1.003748542878043,1.1372828023927994,0.23664122122222223,0.6296257574424908,0.672627431804989,1.946564885,2.2442748089999998,7.103463288780592,2.553305510258407,0.061068702,-0.099236641,0.244274809,2.893971897304891,2.8423933426769548,8.225806454793616,0.8371501272222222,2.4863267154667668,2.623478772841881,6.717557252,7.900763359,2.627202015340692,1.8037402070153672,-0.076335878,-0.648854962,0.236641221,2.5605533086601695,3.133821148121831,8.024316109572565,-1.4435962681111112,0.8733515726655747,1.68722054123987,3.27480916,3.2824427480000002,1.3029715805638684,-0.6102408835847879,-1.290076336,-1.72519084,-1.007633588,1.9409490816141177,,,10.033566765699668,0.6306102197944032,10.053364177779597,11.090849960887418,2.161163319765352,-0.27630668958459115,0.10385654225831431,9.94941748483337,9.678159466468697,10.505681860485597,1.1031978713554333,1.0019731180887348,1.1053746110308584
321,2889,2898,9,2005-12-22 17:08:21,0,0.703895288,0.6009250091948276,0.9255157714185137,1.424549988,1.649604944,-1.4566392848614895,-0.3563172613716484,0.861912598,0.325611426,1.321599316,1.5391957997826766,1.314848653196999,2.02380952435073,0.49134338511111114,0.2996798791460922,0.5755226772747205,0.995987891,0.916979236,-1.2279840390556167,0.23334250381643412,0.493205542,0.232237561,0.739808313,1.730579750073991,1.171324769426932,2.027070926730335,9.924763949,0.4173838159682676,9.933536565252192,10.40520042,1.1611878099999995,-1.4865163672891066,-0.6447644101768469,10.12029042,9.430760339,10.22802949,1.047481966935895,1.000883911828762,1.0484078486368844,0.033078880444444445,0.14745102487073986,0.15111590606845263,0.320610687,0.526717557,3.024470684037868,-1.5345163845569763,0.053435115,-0.038167939,0.129770992,2.121621047983986,4.568350078299955,9.692307680680473,-0.09160305322222223,0.6663169448426197,0.6725841139545565,1.236641221,2.190839694,-0.14787836067652815,0.8553936129068197,-0.34351145,-0.534351145,0.480916031,1.838641733193767,,,-1.0127226462222223,0.35539705380019354,1.0732726699311774,1.694656489,1.229007634,0.2936395521393189,-0.11527361628565048,-1.091603053,-1.160305344,-0.778625954,1.5789617461410512,,,9.984678421225013,0.41128009084780565,9.993145375126101,10.40659354717794,1.1463606699463647,-1.2275171870173303,-0.6922237486679266,10.163743898257815,9.535676013286452,10.366943226713826,1.0413731769659782,1.0008479946517947,1.0422562558505677
322,2898,2907,9,2005-12-22 17:08:23,0,0.9318764907777779,1.0905323719558078,1.4344527347904725,2.738966699,3.567360473,-0.7798879617101826,-0.057552028304133675,1.031900916,-0.160411511,1.503558643,1.9094157880357592,1.5393163675512689,2.9391949749842485,0.252455264,0.27034604778730176,0.3698927491524047,0.782903943,1.09654436,2.6608493652767082,-0.2103434802690878,0.251391174,0.169988318,0.366312854,2.1165701268651382,1.4651813683409853,3.1011591146699162,9.36478678211111,0.9662429659245825,9.41450247987655,10.54166991,3.363853333,1.7315992980880708,-1.2305693235674187,9.6629979,8.875305554,9.902418066,1.1197267123284278,1.0053087912113927,1.1256711076579988,0.12044105166666667,0.22738406048559856,0.257312179831214,0.427480916,0.618320611,-1.9768226977130063,-0.24717872303494012,0.259541985,-0.083969466,0.282442748,1.6613318354397741,2.136415916919695,3.5492957765189446,0.4240882102222222,1.0607306661329803,1.1423661217509926,2.717557252,3.893129771,1.313063024391309,0.8360788884266009,0.282442748,-0.267175573,1.015267176,2.3788846677583457,2.6936993158861755,6.408000002112769,-0.8507209498888889,0.6856371955841675,1.0926227613171782,1.763358779,2.045801527,-1.3428530359346422,-0.006498475798752939,-0.564885496,-1.603053435,-0.34351145,1.6138770318808264,,,9.492816377119942,0.8448487841670463,9.530337467153254,10.577156435383115,2.892127126295768,0.8549920749547839,-1.0165287492813773,9.749424931749104,9.119683205517463,9.995627919453675,1.1098407031060307,1.0039525772481754,1.1142274342182268
323,2907,2916,9,2005-12-22 17:08:25,0,1.3202692042222222,1.2735038033623398,1.8343725654282788,3.378218542,4.16830509,-0.4812841516669808,0.23444056465945384,1.06781394,0.445321509,1.984793176,1.8416207294352296,1.3893928295547253,2.5587346362366508,0.09842829033333331,0.5850180514366866,0.59324046460497,0.919373438,1.594538306,-1.2114207574706204,-0.7298735624846073,0.390254871,-0.399831677,0.627280835,1.549748361504971,6.027133688860445,9.340540558882886,9.834848375222222,0.9388437659608911,9.879558197636918,11.71482872,2.956839046999999,0.40560220810568826,1.1150118815618235,9.641450085,9.354145886,9.823409412,1.1857644325433558,1.0045460611804995,1.191154990199358,0.18999151844444442,0.23570760156307974,0.30274552104935465,0.442748092,0.6793893129999999,-1.1647595202138876,-0.6788232795503528,0.335877863,0.0,0.374045802,1.4624430791424379,1.593468611273196,2.3303571423871974,1.490245971222222,1.547583357304495,2.1484523039969763,4.381679389,4.648854962000001,-0.8494950114114204,0.6928338073980755,1.007633588,0.267175573,2.900763359,2.0394585352666814,1.4416763041036291,2.9402390434958705,-0.8761662425555554,1.0282403253830001,1.3509054190940455,2.175572519,3.2519083970000002,-0.39961305986439744,0.7648946411454275,-1.145038168,-1.427480916,-0.198473282,1.610455097929061,,,10.031374916098079,0.8330932905825937,10.06590915606412,11.760427245468167,2.7471492667268294,0.7814248438622693,1.2455482509825444,9.789531949613536,9.587919463821194,9.994632324594534,1.1683422791853033,1.0034426227964643,1.1723644409496998
324,2916,2925,9,2005-12-22 17:08:27,0,0.7294334392222223,0.7993590434985426,1.0821497228565298,1.97521637,2.578555188,-0.5881581499101611,-0.2849291540034372,0.876277808,0.244208569,1.05344873,1.8252708735959933,1.483548278250584,2.707877461864275,0.04548983133333333,0.5461905819881039,0.5480816331599142,1.079784949,2.027888806,1.096855763985685,-0.4187043457253794,-0.021547815,-0.198718738,0.445321509,1.970117011173316,12.048442851848947,23.736842220577152,9.40575423311111,0.8354007486192508,9.44278068709007,10.54645831,2.540247958,-1.2043516995870633,-0.5863137751340375,9.780313782,8.439560852,9.825803613,1.1168805735813447,1.0039365746819764,1.1212772573700964,0.0746395251111111,0.2443484245245609,0.2554940533093622,0.442748092,0.832061069,-0.020775317841692953,-0.18121718036894807,0.045801527,-0.061068702,0.259541985,1.7329095776014138,3.4230396419192712,5.931818179991219,0.7167090754444444,1.2377216216715987,1.4302540723863724,2.65648855,3.7633587790000003,-1.1225752281710584,0.37530756650660557,0.282442748,-0.221374046,1.465648855,1.8573542989936476,1.995585267982613,3.706508876495896,-0.9940627649999999,0.6854923841587909,1.2075017968927204,2.099236641,2.389312977,0.20870049447883154,0.5316274963140541,-1.045801527,-1.458015267,-0.824427481,1.7384956663435136,,,9.488401246897865,0.7796091210561273,9.520375444475228,10.573772820193412,2.4869910335226635,-0.8347530311801075,-0.6315529378872348,9.828861519766578,8.645942546699086,9.853788580030901,1.1106466212243218,1.0033698192925617,1.1143892996357418
325,2925,2934,9,2005-12-22 17:08:28,0,0.34609515088888887,0.3071037141373113,0.4627035170665274,0.957680664,1.134851587,0.7198752003978406,0.3936214560287775,0.251391174,0.160411511,0.536301172,2.0697501287034843,1.3369257439121842,2.767102230529245,0.4328184557777778,0.3553788542211338,0.5600231653149591,1.242590662,1.410184778,2.9035984079085004,0.9150304054463261,0.380678064,0.268150586,0.512359155,2.2188201113094355,1.2938985337595958,2.8709280886995816,9.991003528,0.24660664420637907,9.994046544492136,10.54885251,0.9217676350000001,2.130921429496368,1.0610093534058203,9.983820923,9.844957227,10.07719479,1.0555136463531507,1.0003045756598532,1.0558351301184727,-0.09160305344444446,0.15088007215769073,0.17651038375873448,0.328244275,0.5419847329999999,0.7503906293807425,0.6568260166992467,-0.099236641,-0.175572519,-0.06870229,1.8596315299425383,,,-0.25360474977777775,0.4822373406448478,0.5448561478244182,0.93129771,1.664122137,0.6514929850861781,0.9592395618274487,-0.282442748,-0.564885496,-0.244274809,1.709254293483927,,,-0.9143341815555556,0.5173319955954154,1.0505424261911571,1.511450382,1.6183206110000001,-0.14847602426591688,0.5846311111278799,-0.847328244,-1.473282443,-0.687022901,1.438733309876793,,,10.017392072728914,0.24605463844075806,10.020413505632904,10.562657954700521,0.9247704008207993,1.9150588191045683,0.9091968395208148,9.995913504371597,9.904629966977156,10.126149901446984,1.0541139793046264,1.0003016187129399,1.054431919806356
326,2934,2943,9,2005-12-22 17:08:30,0,0.057992884666666696,1.0569126795625814,1.0585025209663497,1.905784521,3.5338416500000003,-0.03843395953914275,-0.6724332290625729,0.335188232,-0.11492168,0.775721338,1.8004534549999298,18.25228262140163,32.862385307337746,0.5413555973333334,0.5339915949297274,0.7604031208640087,1.582567297,1.711854187,-0.4004638782988996,0.5640882493117586,0.617704028,0.033518823,0.943315454,2.081221464743341,1.4046277984557338,2.9233415241212564,10.392165316444444,1.1527323988815488,10.455902254121453,12.82094989,3.6224271120000004,0.764965098418414,1.261464884498067,10.04367596,9.667786304,10.5249105,1.2261925923175405,1.0061331720326034,1.233713042431328,0.05428329077777778,0.21508255631006556,0.22182691830915674,0.442748092,0.709923665,-0.3304687112558993,0.30832706769030904,0.022900763,-0.038167939,0.175572519,1.9959168858981704,4.08646777177273,8.156250029359864,-0.7709923664444445,2.1035517375136665,2.2403926311056215,5.801526718,6.977099237,2.7991489640241882,-1.6614298953830906,-0.007633588,-1.129770992,0.664122137,2.589513390399333,,,-0.828668363111111,0.3955267736969886,0.9182225681894326,1.13740458,1.2366412210000002,2.3103694252453764,1.6795782669930328,-1.038167939,-1.106870229,-0.717557252,1.2387024882679092,,,10.46845876837096,1.1982918908893114,10.536817946650398,12.936232489516,3.704153634158491,0.6003372358739893,1.2671764915141863,10.094967534147239,9.803967847080743,10.551411871762193,1.2277171870116976,1.0065300136144182,1.2357341969575393
327,2943,2952,9,2005-12-22 17:08:32,0,0.5921658772222221,0.7691753484518461,0.9707168190633058,1.898601917,2.406172669,-0.7524046232536836,0.6600724119868315,0.294486804,0.136469495,1.165976208,1.9558761934629483,1.639265037723585,3.2061994620597014,0.2543174206666666,0.44949647911110907,0.5164537105954705,0.847547388,1.347935535,-1.1287656327513025,-0.23897222089498804,0.265756384,-0.179565125,0.639251843,1.6410907127044916,2.030744528792565,3.3326359860769377,9.840168824555555,0.9439060561052813,9.885336672997399,11.31499705,3.028665104,-0.8166543118454244,-0.4392243669980511,10.26154832,8.987833032,10.32379756,1.1446243485978413,1.0045901497471394,1.1498783457621276,0.035623409777777774,0.23850805405232955,0.24115372518794817,0.450381679,0.816793893,0.5118025761431637,-0.5772362028637272,0.053435115,-0.122137405,0.167938931,1.8676123648887681,6.769529550716456,12.64285709339796,0.4673452077777779,1.0306052044924592,1.1316177052166503,2.076335878,3.076335878,-1.2436015759781354,-0.05001013125763937,0.664122137,-0.244274809,1.381679389,1.8348386283002542,2.42137436392572,4.442831216506868,-0.8176420695555556,0.7625818305215457,1.1180651153437726,1.847328244,2.236641221,-0.8823910494455278,0.5218824106517463,-0.946564885,-1.358778626,-0.534351145,1.6522546125875686,,,9.908338327570938,0.8681752719907645,9.946300654841854,11.329493049798447,2.788168644102443,-0.8033629440647574,-0.3059560124026994,10.268813816873017,9.07695055767026,10.362714659417081,1.1390660148889884,1.0038313515360373,1.1434301772147812
328,2952,2961,9,2005-12-22 17:08:34,0,0.5982843926666667,0.6875546594092842,0.9114140794303865,1.709459985,2.080561242,-1.1289733099670403,0.28100797012769285,0.49081134,0.196324536,1.264138477,1.8756128784716322,1.5233793336443922,2.8572698969809553,0.25112515188888884,0.7803509637246832,0.8197630563139933,1.766920825,2.209848132,0.3321297268932657,1.3379579303146356,-0.067037646,-0.323217224,0.244208569,2.1554043102952636,3.2643606191891927,7.036016948958501,10.05351879477778,0.7696905891344574,10.082939242103572,11.3868231,2.6503812420000017,-0.368654393068784,0.156245299439038,9.890447058,9.567229834,10.63743798,1.1293158499311162,1.002926383083013,1.1326206607297333,-0.011874469888888893,0.13029933421787976,0.13083928894932462,0.267175573,0.435114504,0.07976490126787183,-0.40740108108545803,-0.007633588,-0.091603053,0.061068702,2.042013336708669,,,-0.5589482613333333,0.545927881866766,0.7813196599645307,1.58778626,1.687022901,-0.6667657852372706,-0.8121361458199,-0.305343511,-1.038167939,-0.251908397,2.0321852135041376,,,-0.8880407124444445,0.6315458066213772,1.089709324921046,1.679389313,1.763358779,-1.3357711032727688,0.28796281977604515,-0.916030534,-1.480916031,-0.396946565,1.54113512162675,,,10.128879939420273,0.757721601541728,10.157182229960894,11.493013144922545,2.5850313784155574,-0.45721463892799097,0.33808422849648595,9.912518518411943,9.650590330491847,10.78956959860365,1.1315158953259021,1.0027942171997195,1.1346775965023777
329,2961,2970,9,2005-12-22 17:08:36,0,0.35540593544444443,0.4918673010048675,0.6068334374002091,1.22583125,1.711854187,0.1381529017232408,0.31600713668909564,0.311246216,0.112527478,0.464475122,2.0200456574240473,1.7074375436114988,3.449101795295191,0.1244984862222222,0.6197206507062516,0.6321024900942922,1.455674609,2.173935107,1.1525672442542767,0.9167676046089851,0.095768066,-0.189141931,0.215478149,2.3029091513036968,5.0771901673248285,11.692307699241494,10.290278736333333,0.9986624286163437,10.338624817535639,12.65096157,3.6320039160000004,2.791070953394282,1.4496516461729243,10.10592521,9.725247144,10.49618008,1.223659992820548,1.0046982285359873,1.2294090271171638,0.017811704888888898,0.2508911014720098,0.2515225668382207,0.435114504,0.809160306,-0.2927653905047629,-0.28827612221055493,0.022900763,-0.061068702,0.13740458,1.7299223265317007,14.121195495166932,24.428571364408153,-0.284139101,1.2649191400734743,1.296439531810607,2.160305344,3.86259542,-1.0315155379453596,-0.18303844040956158,-0.381679389,-1.076335878,0.679389313,1.666337141835623,,,-0.9245122985555556,0.781965301954987,1.2108644530425487,2.198473282,2.236641221,-1.755161597655964,-0.26661914450466734,-0.755725191,-1.618320611,-0.152671756,1.8156229431592272,,,10.326881779933792,1.0052244524312384,10.375690988868847,12.738237374922736,3.678809553774796,3.1319932962524337,1.5464200174990288,10.149554282797887,9.760628990505765,10.49848719459886,1.227700149184132,1.0047264227455277,1.2335027790939235
330,2970,2979,9,2005-12-22 17:08:38,0,0.4849588472222222,0.3684791580059611,0.6090664769825119,1.098938562,1.206677637,-0.7513195264705841,0.11644637392017854,0.469263525,0.222660754,0.725443103,1.804299864678899,1.2559137346831823,2.2660449815372368,0.3309318738888889,0.9947534323825349,1.0483559969745229,1.680729565,2.978386865,-0.971651559120847,-0.24757174731266854,0.402225879,-0.464475122,0.770932935,1.6032049893838163,3.1678906738566703,5.0787781341494735,9.84149893488889,0.41836250364359157,9.850387224361999,10.46984386,1.3168109129999994,-1.217299515139318,-0.16707687424077153,9.897629663,9.469067566,10.20169327,1.0628865263393867,1.000903143873907,1.0638464657943087,-0.022900763333333338,0.19278063039245535,0.19413607705875235,0.396946565,0.664122138,1.1018562763184896,1.0766191858170042,-0.06870229,-0.160305344,0.076335878,2.0446821168631635,,,-0.11365564044444446,0.9839563015582646,0.9904986663196752,1.778625954,3.061068702,-0.23765503121488152,0.9788069048887522,-0.541984733,-0.809160305,0.381679389,1.795687378973172,,,-1.2052586936666667,0.5092421847777023,1.3084250538018016,2.229007634,1.6717557259999998,0.2737614464225624,-0.42785935606047576,-1.335877863,-1.358778626,-0.664122137,1.7035806732096148,,,9.91548697436846,0.42808737516983436,9.924723710998226,10.605091592790549,1.3486271028783108,-1.1670616177978759,0.06598206968354527,9.911376062419516,9.517809558035195,10.231252073734177,1.0685528284317238,1.000931546443825,1.0695482350190886
331,2979,2988,9,2005-12-22 17:08:40,0,1.3537880276666667,2.686416865241882,3.0082515848428675,7.716511951,8.925583789000001,2.6746007800431784,1.7036437986886745,0.347159241,0.227449158,1.187524023,2.565115228353836,2.222099415392058,5.699941049338324,0.45303615844444445,1.115725818749469,1.2041951102218746,2.808398547,4.204218115,1.4972708615962498,0.6228418974208794,0.344765039,0.021547815,0.703895288,2.3321789992010085,2.6580551856095265,6.199060482595876,10.063095601444445,1.8352518180121353,10.22907827320367,14.4154882,7.199364396,3.4052178248561864,1.2463391125364705,9.737218152,9.097966309,10.64222638,1.4092656068302014,1.0164941960538862,1.432510310041258,0.07803223066666669,0.13921983362814933,0.15959696456469794,0.244274809,0.419847328,-0.6575892019820109,-0.5434322639393891,0.099236641,0.007633588,0.20610687,1.5305730260363135,2.0452697968670726,3.1304347820515117,0.20610687033333322,3.3073810533399497,3.3137968365593387,5.419847328,9.862595420000002,-0.713139932064037,0.22619082307674823,-0.167938931,-1.305343511,1.251908397,1.6355400150684372,16.07805130998297,26.296296281800657,-1.0746395251111112,1.4274640328985648,1.786757866682016,3.770992366,5.007633587,0.08913159354874267,-0.48735040216837006,-0.641221374,-1.79389313,-0.259541985,2.110522324439337,,,10.596927950550109,1.6848809427876956,10.730037547954772,14.46966074810426,6.015345153903423,2.1605365269448837,1.336968477618762,10.225443856274326,9.710250601775385,10.763023256612794,1.3485191159337824,1.0125611496110771,1.365458066302424
332,2988,2997,9,2005-12-22 17:08:42,0,-0.6424441122222223,1.9410057977218749,2.044563020334402,5.600037683,7.694964135999999,5.287649164356699,-1.8426856607007918,-0.416591089,-0.77811554,0.110133276,2.738990007793488,,,0.6754308905555555,1.1026681064576294,1.2930908092301658,2.925714429,4.132392066,1.0628712947926626,0.4655480216328425,0.62009823,0.01436521,1.185129822,2.2625746066061727,1.9144679749049864,4.331626625180766,10.712722316777779,1.7044526631253771,10.847468751613153,15.24867037,5.9902925499999995,6.2622186024243,2.353158309823261,10.54885251,9.744400757,10.73320604,1.405735358097467,1.0125781692879634,1.423416935405693,-0.041560644555555554,0.1958167325506346,0.20017862004389975,0.404580153,0.755725191,2.5994356214600414,0.9654348460616611,-0.053435115,-0.13740458,0.007633588,2.0210957239652987,,,-1.6683630191111112,3.5972986897707524,3.9653490422614643,11.26717557,12.549618317999998,6.354931130385639,-2.387105465727718,-0.79389313,-1.740458015,0.259541985,2.841408271987642,,,-0.7811704834444445,0.6249604228426018,1.0004013466226598,1.549618321,1.923664123,-0.6620979982780746,0.5604151767034495,-0.847328244,-1.358778626,-0.458015267,1.548996636431457,,,10.923054242961166,2.051045125682591,11.113950697310939,16.50582245827195,7.16849092747653,7.187409155962584,2.5796743580079284,10.575271118416616,9.813847791434904,10.852223403953827,1.48514447362679,1.017476472248848,1.5110995598056587
333,2997,3006,9,2005-12-22 17:08:44,0,0.6850076973333334,0.9739313919519739,1.1907047919763425,2.401384265,3.208230224,-0.8624959460790369,0.2696833972152076,0.474051929,-0.11492168,1.517923853,2.0167755107579275,1.7382356382441209,3.505631067137419,0.4040880355555555,0.4136156551946676,0.578243072333134,1.180341418,1.637633935,2.141760516725401,-0.2645283917375768,0.378283862,0.265756384,0.557848987,2.0412547499055704,1.4309829083114118,2.9210006586243566,9.529720674333333,1.1837228291010604,9.602956621111604,11.06839427,4.118026851000001,1.391641368563456,-0.8591982665192495,9.557653027,8.877699756,10.04607017,1.1526027562872363,1.0076850045537555,1.161460513717975,0.1034775232222222,0.2053077560207161,0.22991057499486062,0.419847328,0.610687023,-1.6872025344647064,0.15448784467939955,0.030534351,-0.083969466,0.290076336,1.8261331737758701,2.221840722850684,4.057377050843793,0.588634436,1.997818298773632,2.0827310085941986,5.389312977,7.351145038,3.2289521628495166,1.4673386286436334,0.061068702,-0.328244275,1.190839695,2.5876183505030146,3.5382418717246074,9.155619595792729,-0.9312977097777778,0.7819119405758993,1.2160187938730647,1.778625954,2.648854962,1.9877202962969944,1.3095752587317637,-1.091603053,-1.534351145,-0.633587786,1.462663211260914,,,9.628803965221596,1.1202914882389812,9.693756692804286,11.083405466304187,3.9437588242268102,1.7337588410944607,-0.9355759830512714,9.57687607188067,9.175799649618257,10.116061877420636,1.14335502917372,1.0067456693289523,1.1510677241261205
334,3006,3015,9,2005-12-22 17:08:46,0,0.20935963411111103,1.6044335575625834,1.6180353818838653,3.72058938,5.980715747,3.7177911436931037,-1.6533434204188953,0.517147559,0.15801731,1.103726965,2.299448715187024,7.728497371299111,17.771283350760033,0.6897961005555556,0.4252005151272962,0.8103173072359791,1.699883179,1.465251416,2.6697405984694784,1.5114096450685535,0.502782349,0.418985291,0.842758984,2.0977994223008287,1.17472004637799,2.4643270346569506,9.610059441444443,0.6152787153844461,9.62973573706468,10.57997714,2.013523600000001,-0.08386266729821834,0.2788248955679962,9.512163196,9.346963281,9.73482395,1.098677827604122,1.002047468669692,1.1009273360342269,0.15351993211111115,0.6794459617298731,0.6965738901699031,1.908396947,2.442748092,5.140197250189823,2.152847151081471,-0.152671756,-0.160305344,0.091603053,2.739690611335601,4.537351473460481,12.430939232169436,-0.1102629345555555,1.1390463020541937,1.1443707410451107,2.625954198,4.290076335,3.46958058041945,1.3662996556153508,-0.099236641,-0.488549618,0.13740458,2.2946708647949308,,,-1.1687871077777776,1.0867877474245715,1.5959858743922881,2.832061069,3.809160306,0.23812023433094343,0.545839907926326,-1.213740458,-1.854961832,-0.671755725,1.7744900593674606,,,9.784937297539988,0.5113365666033438,9.798288779227466,10.792165873883603,1.449684209370913,0.36756328579321274,1.3485920363943795,9.557954696991919,9.421225210327199,9.753441879758402,1.1014337418553302,1.0013644933310748,1.1029366408507124
335,3015,3024,9,2005-12-22 17:08:47,0,0.47484999599999994,1.0099691233555335,1.1160287401463926,1.855506287,2.899378211,-1.468237169279063,-0.30554714373433767,0.74938512,-0.294486804,1.364694946,1.662597225548697,2.350276402121719,3.907563025440144,0.29023044566666667,0.5401656859911135,0.6131987279130007,1.309628308,2.054225024,1.173317033038554,-0.0495648392893917,0.287304199,0.102950671,0.49081134,2.1357322649009265,2.112799456667848,4.51237396887067,10.14449845788889,0.8952268638624143,10.183922628333887,11.73398234,2.57616099,-0.13710375045518752,0.9844229320460972,10.02212815,9.524134204,10.18972227,1.1522065483248578,1.0038862611698993,1.1566843238933164,-0.0008481765555555551,0.16234991821755765,0.16235213379785635,0.328244275,0.549618321,0.22215852548999138,-0.7044690369229789,0.022900763,-0.053435115,0.114503817,2.021804501865648,,,-0.21204410522222222,1.1390103014047737,1.1585798070334588,1.893129771,3.526717557,-0.9975023099700255,-0.03386676113487319,-0.480916031,-0.839694656,0.572519084,1.634008947426207,,,-1.1263782865555556,0.5456945880682254,1.2516032230186926,1.839694656,1.816793893,0.26227429607205455,0.6744153514588153,-1.312977099,-1.381679389,-0.839694656,1.469870500623123,,,10.225826117936599,0.8753817078072643,10.263226243664214,11.783825942872307,2.554899937034154,-0.09320602635933017,1.024563331418735,10.0776512631951,9.653453752640859,10.20359480853441,1.1481600096409064,1.0036574185103748,1.152359311313039
336,3024,3033,9,2005-12-22 17:08:49,0,-0.45144002388888893,3.722942969239614,3.7502136535642174,10.8193973,12.935871568,8.241233087642595,-2.8198532025252954,0.667982263,0.153228906,0.7206547,2.8850082420550103,,,0.6972447278888889,1.3269310709137403,1.4989650688141924,4.189852905,5.212177014,6.194619593547049,2.144134124907539,0.526724365,0.213083948,0.59136781,2.7951638047940146,2.149840664055998,6.009156810243654,9.136539558111112,1.55575644131763,9.268049050454495,10.27591353,5.3582233200000005,6.985117730709078,-2.5749003671466055,9.69172832,9.449913953,9.962273108,1.1087461313658111,1.0143937966345948,1.1247051977000844,-0.03816793888888889,0.2720862177315882,0.2747502528452107,0.709923664,0.969465649,3.864700086954562,-1.6897227108043351,0.015267176,-0.106870229,0.099236641,2.5838872090136276,,,-0.30958439355555556,2.213559441202051,2.2351035538578286,4.27480916,6.946564885000001,-0.3642698550852437,-0.6515235001396513,-0.290076336,-0.618320611,1.282442748,1.9125776757061674,,,-0.6361323154444444,1.0644712077712775,1.2400658349163372,2.511450382,3.992366413,0.95706827714847,0.32836694381084686,-0.786259542,-1.13740458,0.076335878,2.025255685049527,,,10.05899753754804,1.0120773024515295,10.109783970319796,12.601503969856696,3.9583676661762244,4.712229845184719,1.7191308239293317,10.018438649720675,9.488633193182787,10.08901750641813,1.2464661961968788,1.0050488562684485,1.2527594248649565
337,3033,3042,9,2005-12-22 17:08:51,0,0.05852492933333336,1.4812433373200642,1.4823990662802486,3.213018628,5.248090039,1.4176735086120837,-1.009792183923256,0.270544788,-0.538695374,1.307234106,2.1674451239789008,25.32936106316554,54.900000129859166,0.4727218167777778,0.4138178410699022,0.6282603931853715,1.314416711,1.448492004,0.7073880766985079,0.8500428361024626,0.385466467,0.323217224,0.524330164,2.092152752675871,1.329027709082255,2.7805289799389463,10.715648562666665,1.3272152993639712,10.797528632490213,13.95101307,4.570530966,3.4177006085588486,1.6413572065502793,10.59194814,9.567229834,10.9606552,1.2920561310688097,1.0076411678998898,1.3019289489023884,-0.03053435111111111,0.19902708668159627,0.20135572460384693,0.312977099,0.5954198470000001,-1.219571381912223,0.37069527330230023,-0.022900763,-0.198473282,0.160305344,1.5543491480848641,,,-1.0610687023333334,1.807260752817571,2.0957237937634043,5.603053435,6.412213739999999,4.265235320954089,-1.8671392059513223,-0.435114504,-1.580152672,0.099236641,2.6735648331492645,,,-0.7141645463333334,0.7252141518503851,1.017824427533339,1.366412214,1.984732825,-0.5065311607452241,1.017790514561503,-1.175572519,-1.267175573,-0.450381679,1.3424832191456153,,,10.824334920803413,1.4186670522274631,10.916906278007518,14.350330667855962,4.878251609088192,3.9436424857535624,1.7859288885074744,10.641668610934634,9.660440820408274,10.973214686569262,1.314505254731846,1.008552151968819,1.325747103434124
338,3042,3051,9,2005-12-22 17:08:53,0,0.38493442233333336,0.4087472151848752,0.5614702088432544,1.230619653,1.4796166259999999,0.8486370882873562,0.5936175374752526,0.387860669,0.112527478,0.60573302,2.191780852514567,1.458612626638649,3.1969592263025697,0.4990580348888889,0.5525508880836087,0.7445612171669594,1.821987463,2.2290017449999997,3.933592573893506,1.2295177494448961,0.454898315,0.311246216,0.615309827,2.447062002413483,1.4919331322513019,3.65085287807389,10.012285321,0.5881603216933888,10.029545847800216,11.30302604,2.2768857810000007,2.1408938297997846,0.7908442442208524,10.00776294,9.708487732,10.09156,1.126972867119312,1.0017239347708173,1.1289156948307066,0.010178117000000002,0.09815420619322981,0.09868050597300747,0.167938931,0.31297709900000004,-0.5576800867685812,-0.12565528679034543,0.0,-0.015267176,0.076335878,1.7018450538340077,9.69535975790094,16.500000049125,0.2680237489999999,1.0402889849909631,1.074261561409298,2.244274809,3.5267175570000004,0.16148523480130716,0.335134890848761,0.290076336,-0.167938931,0.465648855,2.0891325628888646,4.008083482965155,8.37341771903952,-0.9457167089999999,0.2588536609979887,0.9805025810745488,1.305343511,0.770992366,-1.419121859199254,0.32628256523867527,-0.954198473,-1.145038168,-0.679389313,1.3313004332629628,,,10.055129992268528,0.5964653830995296,10.072805473881354,11.310051784163306,2.2621001554987803,1.5447009961236295,0.6820537808155543,10.030381483856074,9.720983858281478,10.105814319419249,1.122830358780393,1.001757857096469,1.1248041340947057
339,3051,3060,9,2005-12-22 17:08:55,0,0.04336165233333336,0.7974504305262888,0.7986284630788214,1.21146604,2.1715409059999997,-1.8386670719446205,-0.3418140564084032,0.275333191,-0.790086548,0.828393774,1.5169332123846844,18.417851260361047,27.938650277602793,0.3043296332222222,0.4264419664936354,0.5238981546485263,0.955286462,1.443703601,-0.34399216483481254,-0.2898461599940299,0.351947644,0.079008655,0.63446344,1.823420169595528,1.7214825552856192,3.1389860129146467,10.453084448555556,0.9747423273943914,10.4984330780097,12.21042847,2.7820623320000006,-1.2176886770198774,0.6424833252798218,9.902418066,9.646238489,11.255142,1.1630715154603681,1.0043383012619218,1.1681172700835953,0.03986429166666667,0.1356870212515818,0.14142181403946238,0.282442748,0.366412214,0.10807500725538244,1.261443340014306,0.0,-0.06870229,0.030534351,1.9971653589536555,3.5475812594888043,7.08510639952422,-0.6437659032222222,2.060210923247239,2.158449347661132,5.183206107,7.045801527,1.1715474105375856,-1.190951339005083,0.099236641,-2.030534351,0.755725191,2.4013563777238764,,,-0.9974554708888888,0.5573622766284798,1.1426154750460267,2.229007634,2.1145038169999997,2.03554278930471,-0.9043165822970843,-0.900763359,-1.045801527,-0.854961832,1.9507941933923232,,,10.497160769673238,0.9690147406335856,10.541791773315008,12.243299568255425,2.765597743678393,-1.2113945426015178,0.6439182705773847,9.952198960249433,9.690463415840197,11.325623097664623,1.1614059385281668,1.0042517214531677,1.1663439130728435
340,3060,3069,9,2005-12-22 17:08:57,0,0.4817665784444445,0.8122080133800714,0.9443415129627996,1.436520996,2.27927998,-1.2340154356050044,-0.6518132104490526,0.790086548,-0.220266553,1.024718311,1.52118801967418,1.9601640197041967,2.9817780233704076,0.5466760455555556,0.7281260218956184,0.9105065637027546,1.405396375,2.159569898,-1.1379258361685651,-0.5015347909203325,0.679953271,0.110133276,1.180341418,1.5435323928744438,1.6655322125509613,2.570802921448252,10.056179016555555,0.7740435636068032,10.085924838673614,11.65257948,2.3822306520000005,0.09418556735830386,1.003772758138967,9.684545715,9.471461768,10.58715974,1.1553307868525038,1.0029579646572608,1.1587482144874588,-0.024597116222222222,0.1261931461337112,0.1285679907969853,0.221374046,0.35114503799999996,-1.2315429356365026,-0.4083832626878221,-0.030534351,-0.091603053,0.099236641,1.7218441746481024,,,-0.12977099244444446,1.0383487841875791,1.046426637707508,1.564885496,2.977099236,-1.75278485908813,0.05393943267944858,0.030534351,-1.045801527,0.893129771,1.4954564798047592,,,-0.9279050041111111,0.4711037862459859,1.0406471419601095,1.786259542,1.763358779,0.8400792557936052,0.11600062165153517,-0.916030534,-1.259541985,-0.671755725,1.716489163306107,,,10.14111617396006,0.7774610557897467,10.170874246937872,11.755390935740628,2.446622499676975,0.25244033396669785,1.0021521233592268,9.803569669967311,9.581599830347809,10.632936106333197,1.1557896253883784,1.0029343981931913,1.1591811723768273
341,3069,3078,9,2005-12-22 17:08:59,0,-0.7312955958888888,2.3407060173370593,2.4522842225493364,6.126762048,7.637503296,1.9994165419891843,-1.5697100952430474,0.287304199,-1.328781921,0.739808313,2.4983898651155383,,,0.3676429661111111,0.4146066528554026,0.5541299731316975,1.25456167,1.393425366,0.850216012580912,1.0224537205157846,0.272938989,0.011971008,0.486022937,2.264020592334633,1.5072503058965783,3.4124457303525273,10.456010694444444,1.7111070315029087,10.595095417956145,13.66131467,5.056553902999999,-0.8854796581497992,0.7375408785751042,9.847351428,8.978256226,12.18169805,1.2893998714581982,1.0133018918568628,1.306551329108588,-0.037319762444444446,0.20894426314142459,0.21225095940565888,0.404580153,0.6259541989999999,-0.6900975750713236,-0.7580080910924524,0.038167939,-0.152671756,0.114503817,1.9061405146666837,,,-2.5131467344444447,5.772594006466019,6.295931072711658,16.41984733,19.328244277,3.004555118227394,-1.7198495501018236,-0.839694656,-3.41221374,1.832061069,2.60800938580288,,,-1.0966921120000002,0.33411907487376097,1.1464593951455577,1.580152672,1.0610687030000001,-0.9688994342412296,0.2811878687974184,-1.129770992,-1.404580153,-0.86259542,1.3782892605624113,,,10.708289264499658,1.9772065847260265,10.889297720738588,14.097159604796667,5.484596904337495,-1.093103612647711,0.7785537135674633,9.855321889264347,9.011555599293974,12.191704595042987,1.2945885002252009,1.016903582987715,1.3164716843736994
342,3078,3087,9,2005-12-22 17:09:01,0,0.5259262978888889,1.3022021523710687,1.4043962818417586,2.865859387,4.4580034909999995,5.362990297417303,-2.220992947026068,1.055842932,0.167594116,1.173158813,2.040634416406774,2.6703290698318756,5.449165403030412,0.36125842844444445,0.7752667040344919,0.8553046910351038,1.93212074,2.774879724,0.6513349915420914,0.3933112162977361,0.509964954,-0.337582434,0.703895288,2.258985318625712,2.367570203740272,5.3483063310649595,9.956154593555558,0.9837570472911974,10.004638535143211,11.86566343,3.605667702,0.5748509085211886,0.28358968434366044,9.967061511,9.493009583,10.62307277,1.186016205215169,1.0048697457569649,1.1917918025982073,-0.19338422388888887,0.6657142157824208,0.6932336367660701,1.954198473,2.534351145,6.2065351994644065,-2.2387227525965714,-0.083969466,-0.183206107,0.152671756,2.81896083709429,,,0.2739609835555556,1.490070967230967,1.515046569546744,3.740458015,5.328244275,2.475270878567276,1.279020335419225,0.030534351,-0.480916031,0.961832061,2.4688732941846347,5.5301545128213965,13.653250789419383,-0.5097540287777779,0.9643180292567716,1.090760483059796,1.854961832,2.854961832,-1.4172325161523873,-0.02661882986830569,-0.564885496,-1.259541985,0.251908397,1.7006133434504982,,,10.095141236822943,0.9406331157401439,10.138869130718183,11.992679436156456,3.5961022528174524,1.32120980378824,0.3418895202227824,10.037666118191778,9.576035976354685,10.63589669865229,1.182841920685385,1.0043315782186124,1.1879654929850876
343,3087,3096,9,2005-12-22 17:09:03,0,1.0151415038888887,2.147399437203305,2.375255063318225,6.698976245,7.359775903,5.987667218452076,2.3558313296283293,0.258573779,-0.081402856,1.048660327,2.8203186884871,2.339826570206124,6.599056603771005,0.38466840011111114,0.32140020871517316,0.5012662687696019,0.897825623,1.072602344,-0.7588627721121757,-0.1649137671297676,0.366312854,0.136469495,0.636857642,1.7911151795706994,1.303112677373061,2.3340248971339053,11.036671102,3.1025561419234164,11.464465256936698,19.61270145,10.895413204999999,7.88088152821636,2.743196544119211,9.933542688,9.572018237,10.94628999,1.710738443568759,1.0387611582317766,1.7770486470731108,-0.12977099222222221,0.17731553585412746,0.21973008368809313,0.381679389,0.610687023,0.31710514119983646,0.667686815854773,-0.114503817,-0.27480916,-0.06870229,1.737037471581697,,,-1.155216284888889,2.6526958584663403,2.893323345635078,7.648854962,9.190839695,3.490619317177879,-1.6974261398902057,-0.595419847,-2.20610687,0.641221374,2.6436225918334384,,,-0.852417302888889,0.4119623523811221,0.9467461317817757,1.259541985,1.183206107,-0.16206456278177406,1.0969292005328164,-1.015267176,-1.190839695,-0.717557252,1.33039042116765,,,11.206921696678585,3.4251969578476094,11.718663239274935,20.725947211167693,11.922743789457348,8.132652447004807,2.8017729556382376,9.941535436179793,9.77605164273169,10.962805743529385,1.7686272561963357,1.0456629890389988,1.8493880632101034
344,3096,3105,9,2005-12-22 17:09:05,0,0.09443795444444443,1.3495003365779654,1.3528006821641143,2.298433594,4.35505282,-0.31701653889133663,-0.5897276630295887,0.220266553,-0.10055647,1.235408057,1.6990186538959526,14.324756292343608,24.338028153205215,0.40967450633333335,0.6116251430406603,0.7361511507421343,1.273715283,1.869871496,-0.9760288685179099,-0.288031381014166,0.46208092,0.035913025,0.967257471,1.7302360822447027,1.796917160725549,3.109090908292049,10.288682599666666,1.2496545185954113,10.36429573355226,13.52963358,4.517858531,5.31164787321628,2.1287948434865696,9.842563025,9.670180505,10.59194814,1.305407904967495,1.00734915604142,1.3150015513588043,-0.03816793888888889,0.14937058660011834,0.15416991827295431,0.267175573,0.427480917,-1.4372012823717024,-0.20892837265548955,-0.038167939,-0.20610687,0.06870229,1.732994192336353,,,-0.7430025445555556,1.628864462754811,1.7903218200205093,3.687022901,5.496183206,0.12666787952686498,-0.639384010671864,-0.427480916,-0.877862595,0.282442748,2.0594190719061687,,,-0.9024597116666667,0.5504397048492071,1.0570796563438185,1.526717557,1.801526717,1.0449250963271695,1.2460002572313362,-0.992366412,-1.160305344,-0.969465649,1.4442786291815934,,,10.401925442954097,1.2611745851215324,10.478101653206664,13.732249545014975,4.481234950256981,5.958473477353673,2.2890547653262465,9.98507220250529,9.764464923079258,10.636297391012686,1.31056655103288,1.0073232797783767,1.3201641965542759
345,3105,3114,9,2005-12-22 17:09:06,0,0.3532777561111111,2.7710939796149385,2.7935223315415003,5.477933398,10.805032092000001,1.8543437284691509,-0.4173907560627681,0.74938512,0.136469495,1.173158813,1.9609413306451746,7.907439070867785,15.506024093623116,0.1085371418888889,0.8013214878459957,0.8086386325504915,1.572990491,2.628833423,0.4933836902238484,-0.9791909153579609,0.325611426,-0.375889661,0.675164868,1.9452329231893115,7.450340210527259,14.49264706647881,10.121886551555557,0.9022798487678325,10.162022253865306,12.42830082,3.4979286280000004,5.139712191821497,1.9121968812842283,9.943119495,9.801861597,10.02452235,1.223014525014711,1.0039652392965797,1.227864070269587,-0.015267175555555536,0.2310623121705511,0.23156614336954648,0.450381679,0.748091603,-0.5446217589097753,-0.3958834303652546,-0.045801527,-0.160305344,0.190839695,1.9449375130856463,,,-0.6658184902222222,2.4384392069577303,2.5277064758295102,5.755725191,8.022900764,0.6906869933835216,-1.165525021063022,0.190839695,-0.816793893,0.679389313,2.2770544151536267,,,-1.2018659882222222,0.7670066453031272,1.4257563072224284,2.664122137,2.702290076,0.4601087864482025,-0.04334388897755519,-1.358778626,-1.442748092,-0.816793893,1.8685676672124147,,,10.517445978528356,1.0524684468741208,10.569974443816214,12.698074149185603,3.603589550323136,0.39595062943319004,0.9012998598894627,10.075141388720477,9.889741117567729,11.301726166834808,1.2013344229620533,1.0049944126544692,1.2073343828063445
346,3114,3123,9,2005-12-22 17:09:08,0,0.49187542988888894,0.7964567803334299,0.9361008714168965,1.798045447,2.7700913209999998,-0.041770266071567086,-0.14321172279616223,0.46208092,-0.131681091,0.873883606,1.9207817254549193,1.9031259024837952,3.6554894547307746,0.35327775622222224,0.43850596454645135,0.5631098063292997,1.130063184,1.321599317,-1.170055087358743,0.461855859264442,0.141257898,0.035913025,0.73501991,2.0068256160667053,1.5939577185694276,3.1987951805523713,9.676831065555556,0.589512735631696,9.694770999707679,10.8170031,2.0925322500000014,0.27731125885802665,0.2397974214729767,9.639055884,9.279925635,10.01015714,1.115756432031882,1.0018539058944596,1.117824939458007,-0.08142493633333335,0.19863632637691847,0.2146774566958652,0.389312977,0.72519084,2.897632363710807,1.3948542989048711,-0.091603053,-0.20610687,-0.038167939,1.8134786157427885,,,-0.1272264631111111,1.1957663254477158,1.2025155624733077,2.145038168,3.969465649,-0.2560746338793978,0.3663423410346537,-0.167938931,-0.755725191,0.671755725,1.7837924389004434,,,-1.0279898219999999,0.5613902824399504,1.1712907936774706,1.900763359,1.8854961829999999,-0.5005018363751157,0.2551334187359311,-1.038167939,-1.328244275,-0.564885496,1.622793732572783,,,9.740747125192998,0.5475469617019927,9.756124344852557,10.885434466049873,1.9062139073482793,0.7265339566235571,0.6600446729725734,9.664751571308654,9.305700396972643,10.011858018227477,1.1157539696378667,1.0015786488923204,1.1175153534061377
347,3123,3132,9,2005-12-22 17:09:10,0,-0.39264907244444447,2.0739747985533987,2.1108161357934745,5.736507178,7.36935271,5.066226094018633,-2.078590927929847,-0.210689746,-0.423773694,0.905008228,2.7176726010025485,,,0.5833871376666666,0.5035468984387141,0.7706490973991696,1.458068811,1.8267758669999998,0.31112402934760564,-0.1571944069985926,0.560243188,0.251391174,0.926556042,1.8920009326174174,1.320990895482341,2.4993160062317066,10.181475570444444,0.9068250050562501,10.221779511481955,12.20324586,3.224989634,1.5493307401180703,1.1145381108698678,9.880870251,9.569624036,10.56800613,1.1938474945866613,1.0039585559832318,1.1985734067294236,-0.06106870222222222,0.19551524386038108,0.2048306543779293,0.389312977,0.587786259,-1.3493822194411984,-0.4263830503728613,-0.022900763,-0.259541985,0.099236641,1.9006577808499587,,,-0.2247667515555555,1.2509984026706844,1.2710299351665328,1.961832061,3.839694656,-1.3010619791482378,0.4306717977181024,-0.748091603,-1.145038168,0.954198473,1.5434979198526562,,,-0.7226463103333333,0.31107845882647767,0.7867575848914562,1.20610687,1.1068702289999999,0.40091151653701207,0.6348907985222033,-0.79389313,-0.916030534,-0.526717557,1.5330095230875957,,,10.427002168097221,0.9010255036881062,10.465859791331075,12.350551397060292,3.2175773861356856,0.9919158790400324,0.8323496895718143,10.38349940409257,9.811013654361185,10.918284630184381,1.1800799593446032,1.0037266342336384,1.1844776857195274
348,3132,3141,9,2005-12-22 17:09:12,0,0.482032601,1.0550913474897061,1.1599884395865632,3.066972327,4.017470386,3.8971364744267873,1.5519059463548197,0.294486804,0.107739075,0.732625708,2.643968010658032,2.4064522548477236,6.362582780993272,0.2894323784444444,0.24021013162709037,0.3761276499119843,0.7206547,0.727837305,-1.087098419426927,0.4818070914242858,0.260967981,0.08619126,0.44771571,1.9159843743703413,1.2995354974916213,2.489889707133534,9.585851402555555,0.8740353918569604,9.625616083040859,10.75235966,3.028665104,0.9581570905728363,-1.0364458771659824,9.852139832,9.30147345,10.01494554,1.1170567750924871,1.0041482679853249,1.1216906259503936,0.04495335022222223,0.19907407094118149,0.2040864753414501,0.358778626,0.7022900759999999,0.13977453953423247,-0.3369487966424624,-0.007633588,-0.053435115,0.183206107,1.7579735521412663,4.539961411831816,7.981132089742255,0.12468193399999998,1.5248546734828519,1.5299435806291926,3.366412214,5.20610687,1.041617863126027,1.2503261646955166,-0.465648855,-0.618320611,0.267175573,2.2003505597347295,12.270771967887447,26.99999996791837,-0.7820186600000001,0.4214421264835394,0.8883505223520518,1.564885496,1.458015267,0.0648610954518265,-0.20708228145781227,-0.79389313,-0.969465649,-0.58778626,1.7615630954510078,,,9.673531017269207,0.7498852079006643,9.702552765488969,10.803570436440857,2.4620405979999536,-0.32016376787486056,-0.5223384582811962,9.856184417139833,9.330772759613362,10.046632463731607,1.1134771124222174,1.0030001194153357,1.1168176767257274
349,3141,3150,9,2005-12-22 17:09:14,0,-0.43042425400000006,1.599082482624322,1.6559981354661668,4.343081812,5.7341129770000006,3.5300037359892222,-1.7469016057565725,0.189141931,-0.452504114,0.339976636,2.6226368973401133,,,0.6185020954444445,0.9985718624834463,1.1746023184945735,3.248931653,3.5601778690000003,5.882735382104613,2.263120820559406,0.46208092,0.102950671,0.560243188,2.7659843692152646,1.899108066320334,5.252903226892669,10.485273159444445,2.321660286462367,10.73922994045209,16.60139431,8.722076646,5.982814429692683,2.2459081662456835,9.880870251,9.507374792,10.0939542,1.5458644988563426,1.0242203304716861,1.5833058478830908,0.05343511455555556,0.13955530982201156,0.14943559136659174,0.381679389,0.503816794,2.7304826412141363,1.3609411289048259,0.015267176,0.0,0.091603053,2.5541397836320896,2.796580350009845,7.142857130083899,-0.3944020356666666,1.246767408138181,1.3076627759990753,2.381679389,4.343511449999999,0.08787797245116113,0.12648090190047376,-0.198473282,-1.366412214,0.13740458,1.8213253697463083,,,-0.4707379134444445,0.5939609363209682,0.7578811100887201,1.664122137,2.351145038,2.0138438595027255,-0.08697368024477621,-0.519083969,-0.641221374,-0.152671756,2.195756187675917,,,10.628550871157076,2.5469563255794188,10.929459279634232,17.464942300153496,9.410196724233378,6.657099719675532,2.4347886135679087,9.915819364152691,9.536485403298132,10.106295307301687,1.597969474363418,1.0283113297499227,1.6432101150824314
350,3150,3159,9,2005-12-22 17:09:16,0,0.44691764311111115,0.939326813148055,1.0402260531359862,1.738190405,2.959233252,-0.7593943520170625,-0.5557177137280888,0.744596716,-0.213083948,1.13963999,1.6709737270661984,2.3275564730331504,3.8892857147012587,0.47112568222222223,0.41033350465705615,0.6247663511213585,1.391031165,1.31202251,1.398103512811721,1.2304224089060658,0.452504114,0.117315881,0.670376465,2.226482208113986,1.3261139748833868,2.952569171009178,10.085973527444445,0.5197703423948212,10.099357563981155,10.99656823,1.6759411669999995,-0.8926835759126415,0.47651656460832575,9.847351428,9.765948572,10.58715974,1.0888383900000433,1.0013269950094843,1.0902832731097083,0.29346904155555553,0.5880793152219328,0.6572376734054688,1.923664122,2.022900763,8.011187217784263,2.7737960628129534,0.13740458,0.007633588,0.236641221,2.926892659747513,2.239546869822211,6.554913294443149,-0.3842239185555556,0.7736122236658481,0.8637730559559058,1.832061069,2.2748091610000003,-0.8078233470947902,-0.7090369637972852,-0.213740458,-0.961832061,0.34351145,2.120998167710297,,,-0.8354537744444445,0.4514673465031207,0.9496345477035034,1.465648855,1.641221374,1.8995327122858798,1.0052433104360798,-0.908396947,-1.007633588,-0.595419847,1.5433819868331153,,,10.158856979037179,0.5167700840096072,10.171992255220198,11.093012212694337,1.6683718679559387,-0.826772303436853,0.5743655084793271,9.881868316673406,9.827403409686426,10.680593979814843,1.0905446970824695,1.0012929876077716,1.0919547578615183
351,3159,3168,9,2005-12-22 17:09:18,0,0.14178994288888888,1.0558002698322444,1.0652786479049856,1.948880151,3.493140222,0.21632809218318982,0.6672840698337175,-0.117315881,-0.351947644,0.165199915,1.829455753039579,7.513076218246113,13.744840510495195,0.5408235526666666,0.24062340650865338,0.5919372761355914,1.122880579,0.9074024300000001,3.458165463822146,1.5082096955468076,0.483628735,0.402225879,0.603338818,1.8969587222663582,1.0945109051129445,2.0762420080696464,10.054848904888889,0.5389938268382943,10.06928502156509,10.74278285,1.6328455329999993,-0.9292829633467745,-0.630462107232987,10.34534537,9.76355437,10.40520042,1.066886360550178,1.0014357368084548,1.0684181285684584,0.010178117111111112,0.0853081658953517,0.08591319593843741,0.167938931,0.26717557200000003,-0.6288131497797824,0.28320360054978033,0.007633588,-0.083969466,0.061068702,1.954751294787585,8.440971448898818,16.499999869,-0.3918575062222222,1.0628520354376443,1.1327871620108705,1.709923664,2.86259542,-1.6103284269388407,0.5095091901688837,-0.900763359,-1.022900763,0.900763359,1.5094836182329467,,,-1.0907548768888888,0.6803030558872396,1.2855187471625655,2.595419847,2.3358778620000002,1.4358924128107935,-1.2777584178568429,-0.86259542,-1.251908397,-0.786259542,2.0189669366772645,,,10.131121539082264,0.48588634722492563,10.142766347603407,10.754303470309297,1.4357455027197084,-1.3559858096880557,-0.4432944095312456,10.365163741426498,9.771991195672662,10.479437348075223,1.060292932100362,1.0011494096163216,1.0615116429926361
352,3168,3177,9,2005-12-22 17:09:20,0,0.5929639444444444,1.7213379387712133,1.820607189611269,4.266467358,6.133944653,0.9592286850414098,0.8336239011163871,0.399831677,-0.579396802,1.510741248,2.3434310170503965,3.0703505780895655,7.195154777913703,0.3857324896666667,0.7062750112324279,0.8047446458820408,1.367089148,2.319981409,-0.38297450102552677,-0.3488289104719286,0.46208092,-0.019153613,0.986411084,1.6987862609531268,2.0862765451193033,3.5441379313974286,10.205417587000001,1.0863187753643009,10.263071499641708,11.74355914,3.5362358490000005,-0.6287570775728013,-0.44436455660364443,10.51054529,9.627084875,11.08036528,1.1442538562076643,1.0056493438068765,1.1507181396437256,-0.03138252755555555,0.2704499328772879,0.2722646308816199,0.519083969,0.908396946,-0.5640190975105988,-0.29568657683233723,0.061068702,-0.236641221,0.106870229,1.906542055496355,,,-0.6649703137777778,1.1823463696753427,1.356513345341718,2.236641221,3.8625954190000003,-0.3503802503346627,0.6889983230947474,-1.213740458,-1.465648855,0.022900763,1.6488162307290608,,,-1.0152671754444444,0.8318003498246385,1.312501146476959,2.190839695,2.2366412220000003,-1.743790710974991,-0.44574717790407475,-0.595419847,-2.061068702,-0.312977099,1.6692097381253301,,,10.41365520037961,0.9212200922171935,10.454322603148324,11.96944382419657,2.8399924837853554,-1.1843355890698852,0.16639745707029197,10.635400852414529,9.750215402370767,11.109881011620034,1.144927727846467,1.0039051996620005,1.149398899222268
353,3177,3186,9,2005-12-22 17:09:22,0,0.6403159328888889,0.6418585407856752,0.9066349211732826,1.426944189,2.1045032590000003,0.2953723650016995,-0.7275183416728412,0.73501991,0.284909998,1.194706628,1.573890609853613,1.4159181032445227,2.2285002070182927,0.3907869153333334,0.553852645352864,0.6778400740293445,1.060631335,1.970427966,2.480471811866451,-1.4079096922223138,0.627280835,0.138863696,0.711077893,1.5647220865759612,1.7345516122287785,2.714091217960312,8.855087851111112,1.4819131012940738,8.978231857703532,10.54406411,5.262455248000001,3.1258866342040283,-1.5951614677896628,9.253589417,8.295908752,9.97903252,1.1744031872993954,1.0139065821438427,1.1907351216935653,0.07209499577777778,0.22086487923948725,0.23233377562823507,0.419847328,0.763358778,1.4034052450391998,-1.1508288156988915,0.160305344,-0.045801527,0.20610687,1.8070869242525098,3.222606134056374,5.823529406869204,1.5199321460000002,2.199063523485883,2.6732141905897313,6.824427481,7.564885496,3.0905954057912712,1.6713586362461805,1.053435115,0.152671756,1.900763359,2.552892134503625,1.758772059413849,4.489955356862358,-0.9253604748888888,0.7635943467481265,1.199736777327547,2.106870229,2.916030534,2.4103313683341963,1.0412116456770644,-1.076335878,-1.244274809,-0.755725191,1.7561103975599737,,,8.934127006298356,1.4392623014113755,9.049314965064129,10.57169306386824,5.142197940628872,3.3858513996470476,-1.6561801280656294,9.328520650419014,8.3826433226378,9.982227245364188,1.1682313086329097,1.0128930290205824,1.1832933487978665
354,3186,3195,9,2005-12-22 17:09:24,0,-0.2873041992222222,1.9636180817751567,1.9845250499716722,5.714959363,7.007828259,7.90342165577259,-2.732673737337182,0.299275208,0.047884033,0.409408484,2.879761766212816,,,0.24500663655555555,0.5619243380001508,0.6130148559318721,1.039083521,1.912967127,1.8993111177128466,-1.3227312273739098,0.339976636,0.05746084,0.572214197,1.6950380744369422,2.502033677740277,4.24104234729326,9.728705434888887,1.3619900899481772,9.823580123557482,11.34612167,4.924872817000001,3.524080520793156,-1.529115036912013,9.9503021,9.562441431,10.37168159,1.1549884591251391,1.0097520363118773,1.1662519485183267,0.0042408822222222255,0.16569208311335423,0.16574634683294062,0.312977099,0.54961832,-0.4099298863378342,-0.4777195518257361,0.045801527,-0.091603053,0.13740458,1.8882895760921745,39.08298748888372,73.7999978778,-0.27311280744444444,0.9118492199101393,0.9518716328586097,1.938931298,3.366412214,3.4128105531949595,1.5855375588996117,-0.519083969,-0.809160305,-0.053435115,2.036967203421228,,,-1.3053435114444443,0.5493119493333214,1.4162151321570058,1.992366412,1.641221374,-1.1553923306100198,0.22216492479848662,-1.335877863,-1.908396947,-0.969465649,1.4068246883970736,,,10.005547459201843,0.840162706367898,10.040759599328723,11.379826114132655,2.7211373036655093,-0.4558848027588418,0.29439937884707645,9.970720005573568,9.643133667594276,10.403606543945662,1.1333630689548084,1.0035192617166087,1.1373516702143993
355,3195,3204,9,2005-12-22 17:09:26,0,0.7086836914444444,1.3253087857229808,1.5028892015161486,2.944868042,4.493916516,-0.1572362797659821,-0.31304322185601147,1.019929907,0.325611426,1.513135449,1.9594711566422531,2.120676995477275,4.155405405192474,0.41180268555555555,0.43781243235242573,0.6010500626013735,0.883460413,1.505952845,2.611950232627967,-1.4922593522009564,0.521935962,0.248996973,0.694318481,1.469861610489384,1.4595583848378932,2.14534883814111,9.937267002444445,0.8035495563727442,9.969702471358813,11.77947217,2.9999346819999992,2.3527017530961594,1.177903579028727,9.727641345,9.497797986,10.08437739,1.181526951665843,1.0032640230866685,1.1853834829136014,-0.03816793888888889,0.11149568600143697,0.11784769643890788,0.251908397,0.404580153,0.46713170979662877,-0.19373561568701111,-0.053435115,-0.091603053,0.022900763,2.1375759103665555,,,0.004240882111111116,1.5465887110181766,1.546594525442899,3.763358779,5.320610687,3.404213493262768,-1.7097147823343841,0.229007634,0.076335878,0.93129771,2.433319604517729,364.6869884429986,887.399998490879,-1.171331637111111,0.3314948644015077,1.2173358818427926,1.908396947,1.099236642,1.5162885965556177,-1.4758594431034768,-1.015267176,-1.183206107,-0.969465649,1.5676831476544377,,,10.0643603299151,0.8506207420679301,10.100242793973074,11.910910951157858,3.0140917295317884,1.2314876901246645,1.055469197665598,9.784133208655206,9.517699644979151,10.22087688919213,1.1792697655016007,1.0035653000172615,1.1834742160168996
356,3204,3213,9,2005-12-22 17:09:27,0,-0.30831996944444445,1.4351022975791803,1.4678487006756744,3.655945935,4.8722003780000005,2.3506204300740894,-1.5286958649163152,0.205901343,-0.466869324,0.457292517,2.4906830883299547,,,0.5879095187777778,0.6204592695070207,0.8547557004119387,1.853112085,2.178723511,0.616423610512336,0.8385509223161959,0.351947644,0.263362183,0.708683691,2.168002019883478,1.4538898811996024,3.152036199128888,10.481282822,1.5921974178666396,10.601527352802213,13.94861887,5.530605833000001,1.2859374670916708,1.1364563440846216,10.04367596,9.631873279,10.64940898,1.3157178589284193,1.0114723104837722,1.33081218271509,-0.016115352000000003,0.18417345835796836,0.18487716823236508,0.427480916,0.603053435,1.540324194280812,-1.44056058085458,0.022900763,-0.022900763,0.122137405,2.31224288043354,,,-1.2892281594444444,2.5266456648723836,2.83655558079212,7.229007634,8.748091603,2.552966725505688,-1.5731546331114057,-0.778625954,-1.038167939,0.366412214,2.5485161239044962,,,-0.7404580153333333,0.43375082043892677,0.8581479165638176,1.450381679,1.389312977,-1.0833538366896036,-0.13803828261228762,-0.748091603,-1.106870229,-0.442748092,1.6901301640486357,,,10.597293865483174,1.7247991350496938,10.736739231613825,14.53836075559195,5.930136621370886,1.995708815231934,1.4051073820851139,10.098230879993919,9.646318414206165,10.665446344767481,1.3540759854523083,1.013158582549536,1.3718937060852268
357,3213,3222,9,2005-12-22 17:09:29,0,0.4149949544444445,0.27324917252179304,0.49687616414775937,0.890643018,1.003170496,0.8046231260903793,-0.06300852322115319,0.380678064,0.272938989,0.514753357,1.7924848931476285,1.1973065186128096,2.146153847080641,0.1487065253333333,0.3168788071315424,0.35003686818079965,0.550666382,0.876277808,-1.537116039153556,0.03446317827403839,0.059855042,-0.031124622,0.517147559,1.573166806290736,2.353876989568373,3.70304114608053,10.06415969,0.41014305914708177,10.072513469575874,10.76433066,1.3144167070000012,-0.3813875865755927,-0.06984115230717325,10.15620344,9.890447058,10.21845269,1.0686836699214914,1.0008300523673301,1.0695707333316369,-0.001696352777777781,0.13008383072277852,0.1300948908614753,0.236641221,0.404580152,-0.5767949840918805,-0.5646876331913647,0.045801527,-0.053435115,0.06870229,1.8189893502579972,,,-0.09414758266666665,1.312237202029338,1.31561021648198,2.694656489,4.5496183210000005,0.8113137777838189,1.0547870957592484,-0.541984733,-0.885496183,0.603053435,2.04821797158559,,,-1.1458863445555556,0.7008637326311659,1.34322949876653,2.58778626,2.160305344,0.3806107962002727,-1.0847485576404734,-1.053435115,-1.221374046,-0.541984733,1.9265406711037318,,,10.082794867739171,0.4027244485551723,10.0908344217102,10.773615104060259,1.2936848194056392,-0.3468987570241815,-0.0583385566159601,10.164590406528,9.930648046258906,10.23214930544179,1.0676634511890386,1.0007973537175443,1.0685147566109303
358,3222,3231,9,2005-12-22 17:09:31,0,0.41632506644444445,0.6893882259086662,0.805346314930086,1.438915198,2.140416284,-1.134672542152435,0.09491716291410643,0.284909998,-0.10055647,1.189918225,1.7867036470203697,1.9344170693540348,3.456230032673309,0.47990442177777776,0.7086792976000366,0.855882352247518,1.675941162,2.612074011,0.8693678447980755,-0.38894715864824986,0.56263739,0.12928689,0.667982263,1.9581443145766886,1.7834433554017946,3.4922394667495964,10.36795727788889,0.7946915275724669,10.398368753805793,11.88721124,2.8083985449999993,0.3721375490484782,0.12479355985879308,10.42674823,10.05564697,10.76911907,1.143180389294166,1.002933217711242,1.1465335862591883,-0.08227311266666668,0.0662338353302085,0.10562095440967766,0.167938931,0.19847328200000003,-1.0500729123296466,0.20417093887397375,-0.091603053,-0.145038168,-0.038167939,1.590015276216936,,,-0.08142493611111108,0.948983203236844,0.9524700206549074,1.519083969,2.961832061,-1.42255509098577,0.024907481467102893,0.076335878,-0.916030534,0.58778626,1.5948890107380969,,,-1.0313825274444444,0.6158333246023124,1.2012496000450645,2.41221374,2.183206106,1.7133919528560657,-1.0472766656663433,-0.961832061,-1.305343511,-0.603053435,2.008087028632106,,,10.432425702420668,0.8195632931369353,10.464568315414871,12.010520918028266,2.840659172105747,0.2163312586300261,0.24545819572054003,10.430030051309004,10.057043490664743,10.800617331132722,1.1477320952013017,1.0030810296580157,1.1512682918260735
359,3231,3240,9,2005-12-22 17:09:33,0,-0.16307173511111117,0.9518272047614367,0.965695303144899,1.735796204,2.774879725,-1.2486445037773444,-0.4405618387123642,-0.095768066,-0.952892261,0.77811554,1.797457436467981,,,0.502250304111111,0.4601849329517565,0.6811942017483092,1.644816541,1.5586252809999999,3.8427265567523357,1.8896322982669411,0.368707056,0.241814368,0.524330164,2.4146073715520764,1.356284299227843,3.274894066835892,10.541403887444446,0.9645265188188709,10.58543845684881,12.1146604,2.5881319939999994,-0.9741433432367934,0.8216740995957418,10.2376063,9.794678992,11.23598839,1.144464676582365,1.0041772964848459,1.1492454448528828,-0.008481764111111111,0.19188667678480242,0.1920740405415364,0.335877863,0.526717558,-1.5161808672910042,-0.540079705719449,0.083969466,-0.20610687,0.167938931,1.7486895264608426,,,-1.0262934691111112,1.3411871284359653,1.6888046655023279,3.65648855,3.8625954200000003,0.16095975417312047,-1.2101703602226996,-0.687022901,-1.091603053,0.022900763,2.1651340884426045,,,-0.6598812554444444,0.6178661048864652,0.9039921431375986,1.65648855,2.282442748,1.2875648142948943,0.4629830769394821,-0.65648855,-0.885496183,-0.480916031,1.832414764414454,,,10.60385843857522,1.0031383241619474,10.651201823397457,12.25873568291779,2.6940256044062156,-1.1389167170424135,0.8068775032624944,10.240657388630309,9.850154451763624,11.445043742698532,1.1509251149470352,1.0044647318800495,1.1560636869992889
360,3240,3249,9,2005-12-22 17:09:35,0,0.5277884547777778,0.5883494346873263,0.7903895939937537,1.534683264,1.75973822,-0.6108398481135913,0.8076124698231296,0.316034619,0.138863696,0.835576379,1.9416794902946664,1.4975499877626968,2.907762096929857,0.5426857097777776,0.5175058258687885,0.7498800300082322,1.467645618,1.6112977179999999,-0.7411723550656193,0.41176176002200104,0.550666382,0.136469495,0.840364783,1.957173893514524,1.3817943175900058,2.7044117645938766,9.675500953222222,0.9028350567888508,9.717532085646594,10.30224974,3.0885201380000007,7.229346077742761,-2.6239876457766425,10.00776294,9.84974563,10.15380924,1.0601714148407158,1.0043440781647976,1.064776882334868,-0.05089058522222223,0.17444413738194975,0.1817157360582534,0.358778626,0.580152672,-0.16201047524115442,-0.5394891131126114,-0.015267176,-0.114503817,0.045801527,1.9743949191333918,,,0.44529262077777776,1.6351248782960988,1.6946736811970537,3.916030534,5.709923664,0.8673897113822351,0.8368963379993704,0.450381679,-0.992366412,1.007633588,2.310787367178478,3.8057528962348934,8.794285715222498,-1.257845632,0.3363551580394829,1.3020408696662502,1.93129771,1.27480916,1.3814948350884482,-0.12737776690693836,-1.297709924,-1.381679389,-1.190839695,1.4832850143137566,,,9.742884073922788,0.8328718553123996,9.778418359083938,10.355372227664438,2.8489841421175495,6.573517857763811,-2.479869595556314,10.016316836985053,9.851669707457534,10.221087201186242,1.059002780142304,1.0036472039379243,1.0628651792523118
361,3249,3258,9,2005-12-22 17:09:37,0,0.3245473362222222,0.4573170449538495,0.5607761166938741,1.247379065,1.675941162,1.0926654262482254,0.29172847044340355,0.344765039,0.237025964,0.390254871,2.224379797688389,1.7278715740556954,3.843442622329526,0.48682100422222224,0.5049350553163549,0.7013943970686274,1.13963999,1.4437036010000002,-1.195812547957538,-0.38896001076711184,0.632069238,0.019153613,0.727837305,1.6248204929536854,1.4407644513802809,2.3409836061218536,10.036227338,0.525170006188847,10.049958343964365,10.77390747,1.565807885,-0.9995128532438007,-0.1866052237847079,10.21127008,9.665392102,10.2352121,1.0720350374855445,1.001368144174293,1.0735017359767185,-0.10178117044444444,0.25122636223060435,0.2710610479885738,0.526717557,0.8778625950000001,-0.18455892489403602,0.14466760843947055,-0.06870229,-0.297709924,0.053435115,1.9431694849132402,,,-0.06191687866666665,0.754584384582351,0.7571203955246141,1.473282443,2.732824428,0.6087119310746454,0.5907416083069114,-0.305343511,-0.519083969,0.442748092,1.9459024637411229,,,-1.2010178116666665,0.7069854470553387,1.3936542635419393,2.534351145,2.389312977,0.24011418385503358,-0.12313527374923287,-1.20610687,-1.557251908,-0.961832061,1.8184934465446305,,,10.076293910832756,0.5257258707988477,10.089999339381173,10.842487120117507,1.6094359855718565,-0.9912179846810769,-0.1425680503075029,10.244163336725089,9.693895753068995,10.300476059589855,1.0745775847377295,1.0013601656193933,1.0760391882238605
362,3258,3267,9,2005-12-22 17:09:39,0,0.040169383333333364,0.7770402934099772,0.778077886165674,1.908178723,2.7174188839999998,3.025997796873316,1.5553232988116674,0.083797058,-0.543483777,0.181959326,2.4524263662130306,19.36992359850367,47.50331134450239,0.8273296847777778,0.3876883911021222,0.9136611493928419,1.537077466,1.436520996,0.6563925713617165,-0.13275950589090202,0.955286462,0.658405457,1.051054529,1.682327706526034,1.1043495310315776,1.8578778137434555,10.200363162,0.6290117665313169,10.219738961398255,10.90080016,2.212242334999999,2.977212863574466,-1.6041543051042462,10.40041201,9.902418066,10.60870756,1.0666417411613185,1.0018995205455465,1.0686678490633919,-0.06106870222222222,0.3222623960065704,0.3279976193069121,0.496183206,0.8702290079999999,-1.8925174595341798,0.07502406251489831,-0.114503817,-0.320610687,0.213740458,1.5127646567937867,,,-0.6463104326666667,1.7640103955529176,1.8786830097151928,3.503816794,6.832061069,2.520142852230717,0.8603665890399165,-0.664122137,-1.297709924,-0.053435115,1.8650388468308854,,,-0.9431721798888889,0.3582659451321635,1.0089243025905368,1.572519084,1.038167939,-1.1707106249387587,-0.6541740421589025,-0.854961832,-1.267175573,-0.648854962,1.5586095804832578,,,10.27389665370152,0.5747119983366688,10.28995851944853,10.92098730980825,1.963200901101171,1.8519019253393632,-1.3519521640866765,10.431509156202281,9.972861865715215,10.692598158083493,1.0613247166319517,1.0015633664896972,1.0629839561286218
363,3267,3276,9,2005-12-22 17:09:41,0,0.26336218266666667,0.9769946601546395,1.0118686699516048,2.023100403,3.2273838379999997,-0.12543413572205964,0.4962266134593679,0.047884033,-0.023942017,0.538695374,1.9993705340207437,3.8421183318954757,7.681818181012746,0.5807269137777777,0.6336604587063892,0.859516913919589,2.140416284,2.29364519,3.722728079064103,1.694702118483263,0.373495459,0.225054956,0.780509741,2.4902549901423394,1.480070741561142,3.685753549936307,10.23920243311111,0.8611740687334192,10.275353387737445,12.41632981,2.9592332520000006,4.395309140119849,2.0113058456056607,10.00297454,9.674968909,10.16817445,1.2083603688820654,1.0035306416551968,1.2126266563349295,-0.100932994,0.1950768889626243,0.21964166700592144,0.526717557,0.648854962,1.2159473313904137,-1.198125832727916,-0.076335878,-0.114503817,0.030534351,2.398076668147852,,,-0.6581849025555556,1.2134271672537753,1.3804393707010778,2.152671756,3.679389313,-0.3999751597969148,0.8598068806520911,-1.007633588,-1.625954198,-0.221374046,1.5594105773053488,,,-0.7319762511111112,1.0916145865783509,1.314310327822657,2.93129771,4.053435115,0.8234574534552053,-0.4236807590858366,-0.526717557,-1.358778626,-0.06870229,2.2302934458836017,,,10.32115195468628,0.905183463009797,10.360769024229372,12.656892446857658,3.0604922502454297,5.059772276197338,2.1507688467827593,10.044958596251321,9.679974049401732,10.271337470192647,1.2216170843359835,1.0038384348682226,1.2263061819481151
364,3276,3285,9,2005-12-22 17:09:43,0,-0.10295067144444443,1.9905316385811564,1.993192174614241,5.432443567,7.201758594,6.529426155871533,-2.4069997935028082,0.47644613,-0.260967981,0.809240161,2.725499144632848,,,0.2678845634444444,0.6200077803118615,0.6754049059483223,1.386242761,2.2840683840000002,0.5970878397044581,-0.14422335693034813,0.299275208,-0.105344873,0.675164868,2.0524617881678027,2.521253547662488,5.174776564859767,10.104595096444445,0.8399937949257988,10.139449276888906,11.79144318,3.201047622999999,1.2499490481925033,0.31397531492222525,10.02691655,9.679757312,10.59434235,1.1629273797815158,1.0034493396431812,1.1669387112947371,-0.05258693811111112,0.16476468274259426,0.17295313451675157,0.427480916,0.564885496,1.8171320538437454,-1.2350417476356703,-0.053435115,-0.099236641,0.06870229,2.4716575226833823,,,-1.094995759,2.5863963057766846,2.808640518607404,7.709923664,9.770992366,5.008439098530053,-1.9511601340783675,-0.20610687,-1.435114504,-0.06870229,2.7450731458587576,,,-1.0178117048888888,0.43623651878664704,1.1073585539164446,1.519083969,1.541984732,2.8036669850170117,1.5742011483821412,-1.190839695,-1.290076336,-0.801526718,1.3718085832519085,,,10.29543244850464,1.1142213284636209,10.35555012882104,13.013672280533406,4.237856811836675,3.7306770895319694,1.5639547297387923,10.064041413426596,9.762772025386258,10.626520519096406,1.2566857500225328,1.005839257419938,1.2640238616128823
365,3285,3294,9,2005-12-22 17:09:45,0,0.919107415111111,1.4069019456846104,1.6805152558912908,4.635174414,5.114014746,6.019824625456982,2.269182583087893,0.524330164,0.304063611,1.098938562,2.758186453678847,1.8284209530483801,5.043125904320609,0.2479328828888889,0.5006001702387577,0.5586333724910003,1.165976208,1.975216369,2.1206412601690428,-0.39050984410426687,0.251391174,0.095768066,0.50517655,2.087193972678,2.253163702941944,4.70278970023727,9.809842268555554,0.7126601745966314,9.835694681027634,11.18092175,2.205059726,-0.3541150360538472,0.8468152267668699,9.531316809,9.270348828,10.15380924,1.1367699092538135,1.0026353545515148,1.1397657010081905,-0.030534351,0.16947405396917536,0.17220279196266872,0.312977099,0.48091603,-1.218863802874508,-0.7027613048806673,0.022900763,-0.183206107,0.114503817,1.8174914322402465,,,0.11535199311111113,1.4497853532371276,1.4543670969791667,2.175572519,4.022900763,-1.6702834877776138,-0.026012387806426476,-0.022900763,-1.267175573,1.13740458,1.495889534023998,12.608079477033991,18.860294133837908,-1.3358778625555556,1.1362284793338695,1.7537345354743281,3.870229008,4.503816794,2.6603107756682265,-0.7395831589647894,-1.381679389,-1.526717557,-0.809160305,2.2068499705705054,,,9.951009491314162,0.924393169768572,9.993852741987913,12.130652194585359,3.1495980619852606,2.504504627428081,1.5602359187868307,9.54572915827856,9.338641811217341,10.158812346150956,1.2138113806320112,1.0043054175268498,1.2190373454244738
366,3294,3303,9,2005-12-22 17:09:47,0,0.563701479888889,0.7905830566754379,0.9709690664131387,2.011129395,2.794033338,0.03224200718021475,0.2301919521779505,0.514753357,0.098162268,1.065419739,2.071260006695499,1.722488056274974,3.56772062297302,0.4349466348888889,0.39668677577774597,0.5886756095491915,0.909796631,1.089361756,-1.7388841531693768,-0.36783967499877984,0.66319386,0.02873042,0.689530078,1.545497411888227,1.3534433016123324,2.091743119779317,9.807182044777777,0.7588648076407724,9.836498129704864,10.79784949,2.2002713280000012,-1.4749182546164366,-0.31443797117061334,9.974244116,9.121908325,10.34295117,1.097733090335471,1.002989246533126,1.1010144851700538,-0.01187447011111111,0.03960175596226639,0.041343707087228794,0.076335878,0.122137405,-1.2141402305929252,-0.2158427684677464,-0.007633588,-0.053435115,0.022900763,1.8463723593760752,,,-0.578456319,0.8128309669065169,0.9976501860638394,1.961832061,2.587786259,-0.9997139803209292,-0.031241798242420474,-0.755725191,-1.175572519,0.236641221,1.9664528593336652,,,-0.8346055976666666,0.3509606036071676,0.9053948580265084,1.145038168,1.229007634,5.5659792585089765,2.2858225349548413,-0.946564885,-1.022900763,-0.893129771,1.2646837541090554,,,9.875480138671746,0.7217391409619655,9.901818790348399,10.829756446821914,2.181228281106149,-1.2331285490202255,-0.3611299216051186,9.992952893441254,9.184054584488806,10.366374798565309,1.0937138596575817,1.0026670755554976,1.0966308771573834
367,3303,3312,9,2005-12-22 17:09:48,0,0.37668772788888893,0.59458739479578,0.7038663327593717,1.450886206,2.157175696,0.3407527258087182,0.08311578620022214,0.301669409,0.002394202,0.833182178,2.0613092834147664,1.868567199425701,3.851694914860529,0.3351882323333333,0.35248922554999323,0.4864152600644625,0.876277808,1.137245789,-0.7353776535978662,-0.12751104364854196,0.251391174,0.193930334,0.538695374,1.8015014740365478,1.4511704563086782,2.6142857161183737,10.145828567111112,0.5411860884885068,10.16025195039874,11.02769285,2.1811177159999993,3.9726964013053223,-1.2554803189337602,10.18732806,10.04128176,10.37168159,1.0853759241243242,1.0014216072341675,1.0869189023898504,-0.021204410444444446,0.11263833979383453,0.1146168513518313,0.213740458,0.374045802,-0.6272757185384692,0.13723647124871058,-0.038167939,-0.083969466,0.083969466,1.8648257693268497,,,-0.1645462255555556,0.6148828622571206,0.6365189664433331,1.351145038,1.79389313,-0.13832791741460326,-1.0692655899936487,0.122137405,-0.34351145,0.290076336,2.1227097843600355,,,-0.8142493638888888,1.0274102111429844,1.3109438464535128,1.923664122,3.6717557249999997,6.306773939370256,2.3776237168686745,-1.267175573,-1.305343511,-0.763358779,1.4673886507069505,,,10.18314662414734,0.5160156454156155,10.196212400455234,11.053146699469371,2.0879701079253667,3.7287022230024043,-1.1040396508541794,10.23552823501402,10.114413937090152,10.413875640132325,1.0840443750441955,1.0012830784815483,1.0854352890548582
368,3312,3321,9,2005-12-22 17:09:50,0,0.40302394622222226,0.6152534107728918,0.7355032703504515,1.221042847,1.968033765,-0.11148769845904383,-0.8078315248351666,0.454898315,0.325611426,0.931344446,1.6601460472340244,1.8249617106992058,3.02970297037073,0.5408235528888888,0.4840821363587965,0.7258275484583491,1.393425366,1.654393347,-0.060200343659374767,0.3241421814069571,0.46208092,0.332794031,0.699106885,1.9197747026268464,1.342078288900759,2.5764879479764016,9.75530767588889,0.5804984406751786,9.772563956858148,10.48899747,1.9345149379999995,0.4768808735351042,-0.8433543592041723,9.73482395,9.576806641,10.16338605,1.0733107008871583,1.0017689120161641,1.075209293083035,0.0339270568888889,0.14039305520459558,0.14443425888210362,0.213740458,0.35114503799999996,-2.275843527698097,-0.13158851654703504,0.083969466,-0.106870229,0.167938931,1.4798459842859615,4.257199772887043,6.299999988209998,-0.11280746399999995,1.6879985119024943,1.6917637246729067,3.916030534,6.633587786,2.65502858565001,-0.8311605331402414,-0.374045802,-0.580152672,0.488549618,2.314762089343855,,,-1.016115352111111,0.2825789838623198,1.0546759174820237,1.65648855,1.0,1.837150899227864,-1.167504604935025,-0.954198473,-1.175572519,-0.816793893,1.5706137995022853,,,9.810664336812444,0.5671527590312132,9.827044163006507,10.525710528694438,1.877063723543369,0.3411675943618837,-0.8661056332387925,9.835979534767132,9.623477118610602,10.180770738961899,1.0710962883750976,1.0016695939879017,1.0728845842986325
369,3321,3330,9,2005-12-22 17:09:52,0,0.5844512274444444,0.581249888239918,0.824278272090339,1.726219397,2.114080066,0.613360102160212,0.478673661126224,0.440533105,0.311246216,0.840364783,2.094219216311952,1.410345694190011,2.953573054415541,0.43335050044444445,0.45682360370076974,0.6296669446092976,1.142034192,1.577778894,-0.12474354444892022,-0.4520774625337574,0.392649072,0.179565125,0.761356128,1.8137115212687898,1.4530200010465222,2.635359116532066,9.722320896666666,0.31698799472599815,9.727487085910818,10.33098016,1.2282254479999999,1.5394988587719043,0.017656928281226763,9.686939917,9.605537061,9.876081848,1.0620399768983784,1.0005313740719999,1.0626043174055295,0.016963528444444445,0.14266519027292776,0.14367017022644668,0.229007634,0.45038168,-1.1345763956186996,-0.24746548916880493,0.06870229,-0.099236641,0.129770992,1.5939817822937643,8.46935651960419,13.499999999999998,0.1526717558888889,0.5279514992997274,0.5495829788658183,1.122137405,1.900763359,0.25043380151297523,0.1561803689340904,0.045801527,-0.106870229,0.534351145,2.0417979598199527,3.599768507711358,7.349999994869165,-1.005937235,0.3904634296975386,1.0790604295824262,1.496183206,1.13740458,-1.5393884817733543,0.3566033514309294,-1.091603053,-1.374045802,-0.694656489,1.3865610905396573,,,9.777809232149357,0.30719172715161425,9.78263359926843,10.394685897913345,1.2125014484770897,1.9479668259849499,0.14343397552829268,9.74913212688181,9.654451281618474,9.915223916800002,1.062565186811319,1.0004933995954033,1.0630894560445812
370,3330,3339,9,2005-12-22 17:09:54,0,0.3389125459999999,3.170344328438944,3.188407890264541,5.736507178,10.666168396,0.2174543159174087,-0.23085278280917718,0.234631763,-1.594538306,1.525106458,1.7991760701370125,9.407759989695222,16.926216647052073,0.24181436755555558,0.4806366043183876,0.5380387846308142,0.955286462,1.575384692,-0.30216850397047956,-0.6620195132289391,0.46208092,0.026336218,0.497993945,1.7754973977489157,2.2250075132826947,3.9504950498052107,9.653155071333334,1.6028311174342171,9.785319127255068,12.59110653,6.1387330559999995,1.474165810163302,-0.12021420615022783,9.497797986,9.31583866,10.0963484,1.2867343789463102,1.0136912807206648,1.3043514205413944,0.03731976255555555,0.21738812962175266,0.2205682741865815,0.503816794,0.679389313,0.7427789659261519,1.284213935096329,-0.053435115,-0.106870229,0.13740458,2.284176162043209,5.910227158016763,13.499999986602274,0.16963528411111117,4.163675328773434,4.167129512392436,8.083969466,15.885496183999999,1.3549905170430305,-0.12086280711843234,-0.06870229,-1.381679389,1.030534351,1.939937177848553,24.565228479606663,47.655000009933055,-0.9711620014444446,1.2990352846900701,1.6219273423675276,3.877862595,4.709923664,1.8055614379183371,-1.058391039451944,-0.923664122,-1.167938931,0.045801527,2.390897849554397,,,10.189245695985884,1.5450479531474681,10.305721761754102,13.843864875790949,5.7305410465814965,2.905279777565907,1.4971495518019313,9.565316558211682,9.452110151923648,10.22152126739765,1.3433183231442716,1.0114312746245882,1.3586741638043751
371,3339,3348,9,2005-12-22 17:09:56,0,0.24154834533333336,0.8812349486949852,0.9137399181029164,2.023100403,3.423708374,1.6273937408947994,0.2626828003655015,0.177170923,-0.138863696,0.59136781,2.21408779776231,3.782844866281191,8.375550659260984,0.5754064657777778,0.2597068183989564,0.6313004295751599,0.936132849,0.845153186,-0.3815323346810242,-0.6649184187714322,0.658405457,0.459686719,0.768538733,1.4828642673821406,1.0971382268390575,1.6269070729586397,9.979298542444445,0.6823558226533278,10.002600105369739,10.90080016,1.8794483049999986,-1.90410175766762,-0.264397827486892,10.3860468,9.423577734,10.48181487,1.0897966573859206,1.0023349900622962,1.0923413217508404,-0.053435114444444445,0.18306468954545008,0.1907039381189148,0.404580153,0.603053435,-0.4222762538227274,-0.6200948298492682,0.0,-0.198473282,0.076335878,2.121509167512425,,,-0.5072094995555555,1.0901287880119928,1.2023486394935095,1.603053435,3.022900763,-1.0886950486667115,0.9394254921651187,-1.175572519,-1.221374046,0.511450382,1.3332683901695002,,,-0.7404580154444446,0.6963833172449149,1.016478134134206,1.854961832,2.458015267,0.31523310390852366,0.15573494025959655,-0.603053435,-1.267175573,-0.442748092,1.8248910327815167,,,10.04230787687658,0.66145464264893,10.064068249880822,10.931326739167735,1.89773736383105,-1.9045265774119402,-0.27248629890437676,10.470591441201506,9.490031307783081,10.525026233501114,1.0861737488015528,1.0021668697346302,1.0885273458243807
372,3348,3357,9,2005-12-22 17:09:58,0,0.4384049261111111,0.4470094747832018,0.626112090431452,1.412578979,1.680729565,1.6487268324262239,0.867922135388865,0.294486804,0.198718738,0.703895288,2.2561119655533184,1.4281593411493,3.222087378283679,0.611585512888889,0.8677564459537385,1.0616205014362847,2.659958044,3.169922998,2.756309331399703,1.4076828241507207,0.397437476,0.138863696,0.859518396,2.505563937773712,1.735849654812142,4.349282296494249,9.837242578,0.46339713631461765,9.848151016528975,10.49618008,1.6328455339999994,1.011069617544221,-1.0273415953891079,9.955090503,9.82101521,10.03170496,1.065802104616733,1.0011088918914504,1.0669839639284333,-0.03392705666666666,0.3093484409600852,0.3112033147292916,0.603053435,1.0,-0.38357900581660687,-0.2831951584868427,-0.061068702,-0.175572519,0.190839695,1.9378117341859997,,,0.4308736215555554,1.843866091422519,1.893540134470394,5.534351145,6.335877862999999,7.928621573456191,2.763560266832885,-0.190839695,-0.419847328,0.221374046,2.9227535473114794,4.3946531877126,12.844488193590701,-0.7794741304444445,0.6017630887867271,0.984732824200689,1.778625954,2.229007633,1.0963593272535075,0.6300792960647658,-0.839694656,-1.022900763,-0.671755725,1.8062015506020295,,,9.914319372151049,0.45978720100212783,9.924975208191452,10.564942148875238,1.575273473082012,0.5128350660642562,-0.936121921760768,10.026325133138661,9.849583842507817,10.229512029732353,1.0644804573572735,1.0010747924936063,1.0656245529624317
373,3357,3366,9,2005-12-22 17:10:00,0,0.4876190713333334,0.7540590824784181,0.8979852218139095,1.970427966,2.317587207,-0.3605217234538225,0.9271043356725668,0.011971008,-0.08619126,0.960074866,2.1942766073808886,1.8415711661122711,4.040916530627301,0.4948016764444445,0.36535444100045333,0.6150711882140038,0.888248816,1.1037269650000001,-0.1764108398525579,-1.031473382557725,0.718260498,0.399831677,0.746990918,1.444139854086205,1.2430660959635267,1.795161290444276,9.885658653111111,0.3481274950475834,9.891786479632417,10.31661495,1.048660324,-0.9543288988486709,-0.6635648930246191,10.04367596,9.631873279,10.12507882,1.0429475981150949,1.0006198703330078,1.0435940903900482,-0.03647158588888889,0.1602761708932447,0.1643734392578411,0.389312977,0.511450382,1.0387713703078383,-1.2610413112364653,0.015267176,-0.145038168,0.076335878,2.3684664551510175,,,-0.12722646299999996,0.7412838708981427,0.7521225632443324,1.351145038,2.4198473280000004,0.04128231094052648,0.9234159342023794,-0.450381679,-0.557251908,0.244274809,1.7964426331949717,,,-0.871077184,0.5143530917117242,1.0116000016996736,1.58778626,1.366412214,-2.054475165255674,-0.2973258437590313,-0.541984733,-1.320610687,-0.488549618,1.5695791393161602,,,9.946453020023311,0.31654715963818886,9.95148882247304,10.347413285848903,1.027372645882993,-0.04389934840285736,-0.8634309000357954,10.067769712608467,9.85218230498665,10.156973541574455,1.039785450241552,1.0005062912818863,1.0403118845500416
374,3366,3375,9,2005-12-22 17:10:02,0,0.06943184811111114,1.346459318033358,1.3482482993317588,3.363853333,4.934449622,4.78969387990006,-1.9776968241765622,0.493205542,-0.126892688,0.804451758,2.494980586786016,19.41829774103333,48.448275892308914,0.2758652357777777,0.43992513956874485,0.5192646307378431,0.768538733,1.357512341,-0.26666229421724186,-0.8441866811023301,0.423773694,0.01436521,0.67755907,1.4800521497255719,1.8823126780502888,2.785920925604028,10.148754815888887,0.8120093334249403,10.181187723964092,11.64539688,2.5067291429999994,-0.8402562301357039,0.7228340389653137,9.883264453,9.552864624,10.9558668,1.1438151614265504,1.0031957524507762,1.1474705115319142,0.001696352666666663,0.1694273535007981,0.16943584545973175,0.320610687,0.58778626,-0.013220862794094401,-0.2730515726818453,0.022900763,-0.106870229,0.091603053,1.8922246714093127,99.88244118640353,189.0000194535024,-0.8982188294444443,1.9350070148489833,2.1333188259337423,5.916030534,7.374045800999999,5.498449901507156,-2.0664326366973254,-0.671755725,-0.748091603,0.0,2.773158171240806,,,-1.219677692777778,0.48651476397048143,1.3131299592275611,2.122137405,1.3816793900000002,-0.951563076266166,-0.7519821377635626,-0.992366412,-1.595419847,-0.770992366,1.6160909208471121,,,10.243878694801491,0.8982994991513267,10.283189811725904,12.142199566492817,2.9266172507274746,0.43974109809468764,1.1002095747050393,9.900549590726804,9.57928701159467,10.995527981020631,1.1807814295761696,1.0038375226899516,1.1853127051040417
375,3375,3384,9,2005-12-22 17:10:04,0,0.558647054111111,1.2589509763807432,1.3773322373331167,2.916137622,3.703829968,-0.6331087773625343,0.7644674579250658,0.390254871,-0.512359155,1.309628308,2.1172361634738337,2.465478386035085,5.219999999176583,0.17557478833333331,0.9273142742707166,0.9437893141822069,2.284068384,3.2010476199999998,6.127140735475416,-2.326068257398262,0.320823022,0.098162268,0.804451758,2.420104094926254,5.375426182433427,13.009090916080938,9.819951120222223,0.7782003431622737,9.850737829099481,11.28387242,2.5234885449999993,-0.24628930553374317,0.1459689519057124,10.02691655,9.038111267,10.19690487,1.145484999780116,1.0031351183422756,1.1490762308137281,-0.005089058444444449,0.23423494101243084,0.23429021769367137,0.442748092,0.748091603,-0.33624005276339997,0.43162364058508695,0.015267176,-0.229007634,0.091603053,1.889742117098897,,,-0.2061068704444445,1.1312657741315186,1.1498879483522675,2.496183206,4.152671756,3.036131840261924,1.448034928919551,-0.450381679,-1.015267176,0.129770992,2.1708056072566957,,,-1.720101781,1.0857360557150353,2.034102485048139,4.41221374,3.9847328240000004,4.04965900125401,-1.6878273742629726,-1.687022901,-1.854961832,-1.030534351,2.1691206674355845,,,9.9684446532922,0.6744844946055455,9.991237067511365,11.324108411945652,2.4663730991651747,1.0607998946374657,0.22079627986695463,10.045411108544169,9.76771632920943,10.227386926417399,1.1334040354991077,1.0022864564144054,1.1359955144261875
376,3384,3393,9,2005-12-22 17:10:06,0,0.20270907388888892,0.9436597351585002,0.9651863366191535,2.207453931,3.284844678,4.750128591274509,-2.0289904822635276,0.474051929,0.011971008,0.756567725,2.287075404250179,4.7614362697360155,10.88976378141796,0.5315127684444444,0.433139541741503,0.6856498272730162,1.419761584,1.611297717,1.1007306180324115,0.6241709034115848,0.430956299,0.299275208,0.63446344,2.070680291201577,1.2899969069034374,2.671171170835943,9.960144927666667,0.37764258127585393,9.967301585650787,10.47702646,1.1300631789999986,-1.156229882957709,-0.25301920792420124,10.1011368,9.605537061,10.12029042,1.0511397061651095,1.0007185295029435,1.0518949810557046,-0.007633587666666668,0.16611703557694943,0.1662923364726654,0.259541985,0.45038168,-1.5989810259970385,-0.6319776230761661,0.045801527,-0.20610687,0.114503817,1.5607573415907994,,,-0.20695504677777776,0.8087236522465615,0.8347840062494067,2.183206107,2.7862595420000003,3.427362407643675,-1.7561831136067814,0.06870229,-0.34351145,0.175572519,2.6152946039406126,,,-0.963528413888889,0.34769440354092596,1.0243429126151644,1.526717557,1.007633588,-1.2470273648933858,-0.6010265783802887,-0.755725191,-1.213740458,-0.709923664,1.490436003605731,,,10.028784188411791,0.41507704298622583,10.037370235741658,10.723523124500135,1.3024561085169815,-0.9648296260855624,0.07389717394781126,10.135666031113226,9.637189582186334,10.200432878694365,1.0683598265923462,1.000856140402322,1.0692744926041096
377,3393,3402,9,2005-12-22 17:10:08,0,0.32241915666666665,1.7869860280141434,1.8158395239952814,3.82114585,7.208941199,3.4241386832535614,-0.9744739533790523,0.457292517,0.244208569,0.667982263,2.1043411598358457,5.631921945235372,11.851485158341553,0.18062921388888886,0.6531770532175283,0.6776925377780486,1.410184778,2.358288635,3.4321560428685522,-1.6136861433264005,0.330399829,-0.002394202,0.603338818,2.0808621895462722,3.7518434764097472,7.807069231156885,9.721522830888889,1.1707801770427984,9.791768602987423,11.19049856,4.316745594,3.4775052229779373,-1.6451565540787867,10.01733975,9.617508069,10.37647,1.1428475297696303,1.0072257992210167,1.1511055165599806,-0.201865988,0.6394327724110695,0.670540190849529,1.946564885,2.198473282,7.279154362414912,-2.6113172871724,0.015267176,-0.20610687,0.152671756,2.902980181596325,,,0.013570822666666673,1.7249610579502177,1.7250144401345122,3.190839695,6.305343512,0.4037871587326993,-0.1416383423743243,0.595419847,-1.152671756,0.923664122,1.849746657628667,127.11200216119381,235.12500114215615,-1.0466497032222222,0.5382920763726543,1.1769596257904302,2.038167939,1.770992366,-0.581549728340002,-0.29192562565966984,-1.183206107,-1.320610687,-0.549618321,1.7317229022458556,,,9.942667641539142,0.8824017775391195,9.98174697771456,11.211010782490773,3.4190753186664775,3.8522291583174777,-1.49698390303474,10.045021653416974,9.769001743695467,10.392392427642767,1.1231511685800784,1.003930467917096,1.1275656782142311
378,3402,3411,9,2005-12-22 17:10:09,0,0.7148022067777778,0.758068178195471,1.041925888730567,1.920149731,2.652775439,-0.09549408560161776,-0.35344033626646076,0.73501991,0.167594116,1.25456167,1.842885133931569,1.457642238441616,2.6862672118147897,0.44851377777777773,0.35962471020594433,0.5748865462395195,1.204283435,1.204283435,0.5249741304851918,0.7610481488665234,0.545877979,0.165199915,0.629675037,2.0948193045697923,1.2817589441463153,2.6850533800026954,9.753179497222222,0.4950320331876869,9.765734330756588,10.31661495,1.395819564,-1.5202029542726723,-0.4603472303126475,9.914389075,9.327809668,10.20408748,1.0564095438791987,1.0012872554573555,1.0577694128297597,-0.020356234111111107,0.16774605322583203,0.16897666892216226,0.259541985,0.503816794,-1.1332677172928198,0.014858951368795722,0.0,-0.213740458,0.091603053,1.535963435991012,,,0.039864291555555535,0.8350459471864625,0.8359969471557672,1.450381679,2.6870228999999997,-0.9867987281792061,0.20849965594762046,-0.053435115,-0.58778626,0.740458015,1.7349126500216243,20.971072469473288,36.38297891180943,-0.7837150127777779,0.5929244592399687,0.9827352825752629,1.79389313,1.992366412,-0.5472632338485575,-0.18040106240862622,-0.671755725,-1.312977099,-0.442748092,1.8254082882819611,,,9.825428074886936,0.4966228577055748,9.837970884159601,10.370995697926913,1.3499142105862632,-1.6838670893746581,-0.40714997686261334,9.943856521982859,9.407430411684567,10.280920497860391,1.0541803609752038,1.0012765661889809,1.0555260919811125
379,3411,3420,9,2005-12-22 17:10:11,0,0.3607263835555556,0.8656384646405669,0.9377918080567498,1.900996118,3.270479468,5.72075333779876,-2.140803913078606,0.653617053,0.237025964,0.725443103,2.027098234030386,2.599731682538048,5.26991150262572,0.42776402999999996,0.3874104687195275,0.5771212495094292,0.995987891,1.4077905769999999,1.3442362909843268,-0.8575510025674702,0.426167896,0.301669409,0.703895288,1.7257862049727337,1.3491579680260384,2.3283582095483815,10.076130697111111,0.9320325736089966,10.11914495120675,12.5527993,3.239354842000001,6.165934747915001,2.36021093062659,9.718064539,9.543287817,10.16338605,1.2404999988168988,1.004268925780009,1.2457956012419495,-0.04240882111111111,0.19883542052560754,0.2033077287356027,0.488549618,0.61832061,1.4262299056111747,-1.401671798517261,0.022900763,-0.122137405,0.122137405,2.4030056360294507,,,-0.16200169633333333,1.017154862814526,1.0299750310381868,1.893129771,3.6259541979999996,0.5666978186553413,0.6935855066360208,-0.427480916,-0.595419847,0.381679389,1.8380346260353289,,,-0.6827820186666667,0.2505582631006561,0.7273037386281924,1.083969466,0.7938931300000001,-1.0392651152320536,-0.14458468052264303,-0.694656489,-0.877862595,-0.519083969,1.4903944644152862,,,10.132592207147116,0.9696350442760632,10.178880928443299,12.73493417280789,3.348695040558825,6.568286650857157,2.4522715953484573,9.756395560661723,9.60939642860298,10.179800289851215,1.2511133848930385,1.0045683000312133,1.2568288462082968
380,3420,3429,9,2005-12-22 17:10:13,0,0.21122179099999996,0.48330963716328207,0.5274493818065873,0.962469067,1.819593261,2.1153405006996557,-0.7397369818184949,0.126892688,0.079008655,0.323217224,1.8247610106270482,2.4971352591484623,4.556675059156184,0.528586522111111,0.29698348806297287,0.6063026501175549,1.094150159,1.146822596,1.4633447198479166,-0.05716079328354131,0.529118567,0.359130249,0.66319386,1.804627043586,1.1470263140574508,2.0699547060528443,10.083579325888888,0.5810707648273169,10.100307681215995,11.22880579,1.9416975499999989,0.17397982492854958,0.4914749999749496,10.03409916,9.744400757,10.35252798,1.1117290823608001,1.0016589699735052,1.113573407527109,-0.06191687877777777,0.1671445645080213,0.17824422942176313,0.282442748,0.511450382,0.4616497523598735,1.2007226797790884,-0.13740458,-0.183206107,-0.038167939,1.5845828440913023,,,-0.6980491943333333,0.9002752455872799,1.1391962936766662,2.687022901,3.534351145,2.3909125238724345,-0.7447202871857495,-0.610687023,-0.977099237,-0.358778626,2.358700529412579,,,-0.9245122985555556,0.4251183417231261,1.0175699458267708,1.954198473,1.496183206,3.244662173625823,-1.5940751348088902,-0.870229008,-1.015267176,-0.580152672,1.920456162266293,,,10.115301505850233,0.5854028142079052,10.132226853418675,11.27010206520282,1.9672233219344744,0.2391868528440888,0.4602800528668445,10.099560505449134,9.810962239115598,10.40271143821903,1.1123025795065198,1.0016732420243384,1.1141637309263301
381,3429,3438,9,2005-12-22 17:10:15,0,0.8988897121111111,1.9567889281723483,2.1533754024686647,5.741295581,7.316680273,4.152675753847001,1.6165807262427294,0.612915625,0.313640417,1.259350073,2.666184249350153,2.3955946691294288,6.3870967746600735,0.3072558798888889,0.7434586221090849,0.8044481950471605,1.364694946,2.583343591,1.654961248387373,-1.2050094718979885,0.397437476,0.079008655,0.825999573,1.696436084265184,2.618170221308924,4.4415584381770215,9.232307624,2.1007216611020425,9.468291058136725,11.824962,7.939172705999999,4.8656379967959555,-1.9074666064760422,9.600748657,9.052476477,10.40041201,1.2489014044237723,1.0255606121186072,1.280824088796632,0.06700593722222221,0.25642436720758716,0.2650344349718351,0.625954198,0.862595419,0.9953855934403775,1.0097121783049876,0.06870229,-0.129770992,0.20610687,2.3617844151705016,3.9553873277357523,9.341772146609198,0.004240882222222199,3.1935152211594344,3.1935180370336123,7.870229008,12.290076336,4.0866989463774654,1.586458982384113,-0.389312977,-1.129770992,0.732824427,2.464438564846961,753.031532047647,1855.7999481240117,-1.0636132316666667,0.8526869042237041,1.36321240575745,2.503816794,3.236641221,1.4649348194429512,0.6508267143088603,-1.251908397,-1.389312977,-0.557251908,1.836703351161765,,,9.655973781915613,1.3018711176694389,9.743341217675976,11.934082080172784,4.868374353312502,0.9694550136268747,-0.31736971417669435,9.683314502215516,9.077073386113733,10.427177306551732,1.2248449288137886,1.0090480191572175,1.2359273491943168
382,3438,3447,9,2005-12-22 17:10:17,0,0.7552376126666667,0.7384783925786927,1.0562831949302496,2.226607544,2.3942016600000002,-0.0716703311421254,0.7805114140179839,0.428562097,0.306457813,1.156399402,2.107964563562929,1.3986104203690568,2.948221204367824,0.5996145045555555,0.3827880335619154,0.7113819176164111,1.18273562,1.192312427,-1.0460628618571306,-0.23680723122645203,0.653617053,0.270544788,0.888248816,1.6625888158120863,1.1863987815700014,1.9724933453313707,9.794146945777777,0.8929332837390576,9.834767116952856,11.06121167,2.841917371000001,-0.826280139363087,-0.39646129923845097,10.06043538,9.346963281,10.52012209,1.124704991837889,1.0041473924579607,1.1293695848384682,-0.49194232399999993,0.7885258567839507,0.9293978033971162,1.954198473,2.045801526,0.5240616647464318,-1.503962556201172,-0.06870229,-0.312977099,0.022900763,2.102650195489007,,,-0.03223070400000002,0.9584183383516708,0.958960129290636,1.740458015,3.381679389,0.015326035143459649,-0.1469622803403294,0.122137405,-0.763358779,0.328244275,1.8149430428222864,,,-1.1111111111111112,0.43364797720886616,1.1927357080979462,1.839694656,1.404580152,-0.3252564847628543,0.28485235279791027,-1.152671756,-1.351145038,-0.893129771,1.542416013463501,,,9.879597530355738,0.8590665303046264,9.916876658772198,11.124785735815504,2.609231047845734,-1.1770767850175727,-0.15937367458770055,10.069288663187,9.409642922362462,10.557615473817751,1.1218033780802166,1.0037733448454673,1.1260363290745234
383,3447,3456,9,2005-12-22 17:10:19,0,0.5014522366666667,0.4869715815252445,0.6989961851621227,1.400607971,1.6112977169999998,-0.20608820408511885,0.09865183880272686,0.553060583,0.184353528,0.766144531,2.003741938412937,1.3939436980251632,2.793103447519438,0.32720756033333337,0.5611019871649359,0.649538472717153,1.120486377,2.0135235959999997,1.3813914360934278,-0.9909906583259586,0.438138904,0.205901343,0.581791003,1.7250500533290585,1.9850961635955302,3.4243902428737787,9.95136618977778,0.7510453773612646,9.979667239036981,11.41076511,3.071760727999999,2.9672253265950914,-0.3292050988366878,9.940725293,9.72045874,10.10592521,1.1434013616571364,1.0028439360706345,1.1466531220327658,-0.1331636978888889,0.21252870831992673,0.25080076215111424,0.41221374,0.641221374,-1.1973178966564886,0.5158145155225976,-0.175572519,-0.312977099,0.053435115,1.6435904598712108,,,0.3011026295555556,2.504952035592508,2.5229838473807793,5.641221374,8.946564884999999,1.2415203521106992,0.6993972490471185,0.106870229,-0.664122137,1.335877863,2.2359324178220166,8.379149166199063,18.73521125447081,-1.1950805767777777,0.8354206215658709,1.4581307211388874,2.809160305,2.938931297,0.31083598990935624,-0.47981304497301075,-1.251908397,-1.328244275,-0.786259542,1.9265490153076792,,,9.996171106904937,0.7621137039824555,10.025181000676195,11.50061464840016,3.125474798574258,2.994768629864213,-0.24924067686051402,9.958429905966838,9.760443701882712,10.16952311047289,1.1471727690127937,1.0029021005604055,1.1505019797486278
384,3456,3465,9,2005-12-22 17:10:21,0,0.44053310555555547,1.0183625429111545,1.1095637367429125,1.94648595,3.3159693,-0.5730982625982293,-0.07332505170337639,0.268150586,-0.131681091,1.12527478,1.7542804307158097,2.5186841187420947,4.418478260663952,0.5472080905555556,0.3490777606129971,0.6490700866039367,1.022324109,1.0031704959999999,-1.7281871044041166,-0.16095664383716718,0.636857642,0.208295544,0.811634363,1.5750596585786323,1.1861485562922969,1.8682547400972827,9.95908083922222,0.7250834885091233,9.985441263533213,11.15219133,2.387019052000001,-0.6744822606061192,-0.04829745490780265,10.11550201,9.576806641,10.30464395,1.1168451183752643,1.00264687321416,1.1198012658034573,0.010178117111111098,0.2004210552108307,0.2006793298766725,0.305343511,0.587786259,-0.8212406963900891,-0.37496084074763075,-0.015267176,-0.053435115,0.122137405,1.5215493852189406,19.71674403879651,29.99999977075004,-0.9762510602222222,2.5381713046942513,2.7194447419571395,7.610687023,9.20610687,5.617527362939899,-2.19397463331232,-0.41221374,-0.770992366,0.213740458,2.7986180066754045,,,-0.8693808312222222,0.2829911106337576,0.9142794968686379,1.41221374,0.9770992360000001,-0.13336376463213284,-0.4788590872071167,-0.79389313,-1.045801527,-0.679389313,1.5446192819993914,,,10.04491558170674,0.6790668944042725,10.067842911502478,11.237073710584712,2.2583533408740006,-0.5246118593223352,0.19476461511171103,10.12119917226889,9.639440637671248,10.324345016972204,1.1161351850003929,1.002282481083016,1.1186827424462449
385,3465,3474,9,2005-12-22 17:10:23,0,-0.11066532111111103,2.1316985799357604,2.134569195176573,6.064512805,7.208941199,8.363478986124228,-2.8608018432415263,0.639251843,0.399831677,0.77811554,2.841094502208601,,,0.32773960499999993,0.37006652267645274,0.4943303347877789,0.988805286,1.256955872,-0.3143022698990787,0.1573638836217309,0.349553442,-0.011971008,0.454898315,2.0002925501719497,1.5083021009553574,3.0170454559497015,9.640385996555557,0.730349778157898,9.668011841171882,10.54166991,2.300827796,-0.4011167285354267,-0.6907901231670729,9.871293445,9.239224207,10.16338605,1.0903658459651016,1.0028656367728632,1.0934904384291735,0.05343511455555555,0.15288365287378872,0.1619528412334852,0.290076336,0.511450382,1.531789523454453,-1.2319969379164313,0.076335878,-0.007633588,0.152671756,1.791116066817259,3.0308317401491798,5.428571425600907,-0.6072943172222222,1.7859155664173787,1.8863458850651733,4.717557252,6.595419847,2.5299804572282083,-1.073510675865725,-0.854961832,-1.0,0.213740458,2.5008972582125404,,,-0.6666666666666666,0.5893758177604452,0.8898361079464229,1.854961832,2.236641221,1.2090437241825676,-0.3044402714880335,-0.72519084,-0.946564885,-0.34351145,2.0846106551923462,,,9.858062369936807,1.0439384083190926,9.913183196629017,12.16169300137319,3.8917458187469904,1.8258229764827236,0.8607268694140774,9.901921095217936,9.31639242974566,10.188453363616551,1.2268201606027798,1.005591446333339,1.2336798596914487
386,3474,3483,9,2005-12-22 17:10:25,0,0.32295120166666663,0.7321164758937282,0.8001824872696202,1.750161414,2.7700913209999998,1.0741767045279422,0.19883216089947894,0.337582434,-0.040701428,0.588973608,2.1872028466555102,2.477719491799652,5.419275125678043,0.3705692125555555,0.32429778956784255,0.49243334331930977,0.885854614,1.199495031,1.2329228883849312,-0.7617768351259161,0.404620081,0.260967981,0.524330164,1.798933045493597,1.328856598537539,2.390524047831397,10.27032705611111,0.8103585724412808,10.302247272096364,11.64779108,2.6479870389999984,-0.6889414105775331,0.1354659497870573,10.10831941,9.868899243,10.86728134,1.1306068251291193,1.003108003845531,1.134120755489404,0.009329940444444445,0.11378216350686772,0.11416404215426353,0.221374046,0.404580153,0.06726176868372935,0.12717398715215,0.022900763,-0.053435115,0.06870229,1.9390873152587706,12.23630984935633,23.727273214462816,-0.30025445300000003,1.534922819144671,1.5640143213146591,3.076335878,5.778625954000001,1.1945956140637177,0.3789156698500758,-0.625954198,-0.786259542,-0.229007634,1.9669486628575965,,,-1.294317218,0.566740542447125,1.4129585638880289,2.20610687,1.9923664120000002,0.12984342838409457,0.27131659619311804,-1.236641221,-1.549618321,-0.908396947,1.5613386877598663,,,10.314046017991162,0.799710075416897,10.345002729142347,11.699359446929948,2.6863552586489003,-0.51369349569564,0.17694735637724787,10.115396329538239,9.893674733464835,10.879769481442947,1.130918932865268,1.0030014129369975,1.134313287581065
387,3483,3492,9,2005-12-22 17:10:27,0,0.3240152915555556,0.6171387298939095,0.6970266286856619,1.256955872,1.980004773,-0.8865903792014116,-0.3548960345595685,0.459686719,-0.11492168,0.77811554,1.8033111222309548,2.151215226106543,3.879310343550507,0.481500556,0.32447973327154794,0.5806288683249258,1.08217915,1.134851587,0.27785214792736745,-0.002948884771845141,0.49081134,0.409408484,0.696712683,1.8638052791312498,1.2058737234873012,2.247513811801289,10.250375374333332,0.7916279749185549,10.280898315099362,11.69328091,2.2194249409999998,-0.22846375741413016,1.0236773434036865,10.0987426,9.543287817,10.36449899,1.1373792981520203,1.0029777388292003,1.140766116651656,-0.053435114555555545,0.14488184059011366,0.15442169277774562,0.259541985,0.427480916,-1.0705361103150746,0.3951459829938319,-0.06870229,-0.152671756,0.038167939,1.680735266731927,,,-0.25021204411111114,0.7571484254314197,0.7974207202923302,2.007633588,2.6641221379999998,2.2815351868056366,-1.3559010495582278,-0.175572519,-0.473282443,0.320610687,2.51765916900681,,,-0.9872773537777779,0.42858514850320584,1.0762907612722348,1.564885496,1.1450381680000001,-1.9103534208357775,0.08677491415008753,-1.030534351,-1.335877863,-0.572519084,1.4539616545163125,,,10.290211873851822,0.7945978608585862,10.320845225524993,11.715732693221849,2.2015804626190327,-0.3017836626127348,1.0060694820758684,10.133675668638125,9.582649403451859,10.448463651879038,1.1351524450969472,1.0029769408102287,1.1385317267365873
388,3492,3501,9,2005-12-22 17:10:29,0,0.3410407252222222,0.729313903789918,0.805113374948764,1.580173096,2.097320655,-1.2231134302308018,0.6249235133856252,0.074220251,-0.179565125,1.065419739,1.9626715257345706,2.360754348103594,4.6333853382770025,0.3125763281111111,0.3336266748541075,0.45717690128617977,0.770932935,1.065419739,-0.8097401935080502,-0.54488873291695,0.459686719,0.04309563,0.517147559,1.68629021464367,1.4626088419711287,2.4663829780672244,9.968657645555556,0.7650430718053481,9.997971101979171,11.25993041,2.5210943500000003,-0.518392016151183,-0.15332865231452844,10.12747302,9.612719666,10.48899747,1.1262215398653248,1.0029405620561846,1.1295332641923106,-0.12383375744444446,0.10202120417561053,0.1604466440417222,0.27480916,0.290076336,-1.5893471191425137,0.07491589365953713,-0.13740458,-0.221374046,-0.007633588,1.7127759925507646,,,-0.4631043257777778,1.3236248921197886,1.4023011344191418,2.641221374,4.198473282,-0.5582003623696048,0.07115731514968143,-0.496183206,-1.190839695,0.20610687,1.883490863104836,,,-1.000000000111111,0.24050849677823283,1.028515598931172,1.404580153,0.908396947,1.4338587212060734,0.6785777063211909,-1.053435115,-1.114503817,-0.946564885,1.3656381628627043,,,10.014358681729531,0.7275057493037095,10.04074919623041,11.275646186075216,2.394989682741487,-0.48236295052857336,-0.0609676087986093,10.140844836320118,9.692370321755696,10.493488983762541,1.1229885306076983,1.0026352675532808,1.1259479058451154
389,3501,3510,9,2005-12-22 17:10:30,0,0.7541735228888888,0.7140744079706189,1.0385951871375236,2.521094348,2.430114685,3.7368213976906723,1.9019367900548085,0.603338818,0.282515796,0.679953271,2.4274080789343904,1.3771302699134111,3.342857142932912,0.6408479775555556,0.3235510577884667,0.7178937367975023,1.089361755,0.8667010010000001,-1.9547034262422156,-0.00912063710101111,0.567425793,0.301669409,0.943315454,1.5174415086271722,1.1202247052972367,1.6998754668076683,9.599418544555556,0.6957801673069733,9.624601105228976,10.28549033,2.2385785499999997,1.4645840584575804,-1.3815912573860616,9.715670337,9.516951599,10.18493386,1.0686666613551359,1.0026233422947999,1.0714701398069115,-0.06446140800000001,0.23443142115392157,0.24313240085515098,0.541984733,0.877862596,1.184049512099092,-0.3548209587989636,-0.053435115,-0.190839695,0.007633588,2.2291752604495274,,,0.18999151833333333,1.2885846122902813,1.3025156736369434,3.244274809,4.41221374,2.591677021200584,1.5227695566209059,-0.34351145,-0.732824427,0.86259542,2.490776022634099,6.8556516894176625,17.07589284753247,-0.9813401186666666,0.4712412014908029,1.0886214670339744,1.755725191,1.664122138,0.16973742000527015,0.14789859033844685,-0.93129771,-1.312977099,-0.732824427,1.6127967747904113,,,9.68828057240476,0.6035042379450274,9.707059174376816,10.343418084021344,1.8917509149249412,0.3680646920553432,-1.1048780676628709,9.81402652238246,9.538158967279703,10.191777604163908,1.0655563027084751,1.0019382801552572,1.0676216493443242
390,3510,3519,9,2005-12-22 17:10:32,0,0.5184776707777777,1.8591393801636644,1.9300824671423977,5.279214661,7.019799268,5.071737885329728,1.9514338617943026,0.169988318,-0.253785376,0.529118567,2.7352275101572174,3.7225951587211963,10.18214468731229,0.6089252886666666,0.4506402295371105,0.7575398495492122,1.26892688,1.4413094,-0.9674661640083073,-0.2902101980616278,0.694318481,0.328005627,0.957680664,1.675062877226984,1.2440604186565472,2.0838794243190426,9.903482157000001,0.8548206079152646,9.94030568472288,11.42273612,3.4165257679999996,2.7125250131529475,-0.7008892457432626,10.02691655,9.689334119,10.26154832,1.1491332844577855,1.0037182404268634,1.153406038291911,-0.027141645333333336,0.09663257264002058,0.10037192339708007,0.175572519,0.297709924,-1.2041351166401966,0.2414318473613003,-0.053435115,-0.091603053,0.083969466,1.7492194336599474,,,0.10178117055555555,2.517417908508698,2.5194746144305493,6.687022901,8.610687023,5.563030294395011,2.2335941309547587,-0.740458015,-1.541984733,0.229007634,2.6541338669178844,24.75383806924618,65.6999999557875,-0.8804071246666666,0.889901591567472,1.2518153010081587,2.374045802,2.6641221379999998,-1.365929433889939,-0.2191379887700128,-0.65648855,-1.557251908,-0.022900763,1.896482492335766,,,10.136875934192375,0.5937241397745002,10.154248473390806,11.594209222516103,2.0830539583553325,3.5581453459474215,1.693729617314206,10.064844763416184,9.690891378565253,10.308440374225379,1.1418086974037234,1.0017137961746019,1.1437655247814609
391,3519,3528,9,2005-12-22 17:10:34,0,0.4963978106666667,1.7780249908006278,1.8460183244882031,4.402936853,6.074089612,1.2594414235181919,1.1311242038056346,-0.08619126,-0.651222852,0.926556042,2.3850992130431243,3.7188284976700117,8.869774923235088,0.7273052601111112,1.1123051839651859,1.328982980952396,3.694253162,4.1587282839999995,6.45766677395847,2.3437024362420127,0.464475122,0.17238252,0.770932935,2.779759571753558,1.8272698601813577,5.079370884015915,11.564459557777777,3.0299721895566765,11.954808920805245,19.61270145,10.299256992,6.116513354373831,2.396877895170691,10.71405243,9.76355437,11.21444058,1.6405700484152062,1.0337542244042814,1.695946217980356,-0.1306191687777778,0.22586031928176595,0.26091042730841335,0.610687023,0.740458015,0.6776597219356573,-0.8640130253384826,-0.13740458,-0.251908397,0.083969466,2.3406002945145907,,,-3.1984732825555557,7.76878912900977,8.401447248554387,25.07633588,26.412213743,8.781627701464748,-2.948406033960885,-0.717557252,-0.984732824,-0.526717557,2.984763831530908,,,-1.1730279901111114,1.3213287451926812,1.7668911450501352,2.58778626,4.5343511450000005,2.6021225200804636,1.4194082275040516,-1.473282443,-2.053435115,-0.65648855,1.4645985788369391,,,11.727068708488847,3.2507376481890624,12.169282466561947,20.43750027579901,11.053930904733795,6.469452232813914,2.472674729775042,10.717032061095232,10.023401525168897,11.311522492138222,1.6794334696360278,1.0377088059314428,1.7427629004173022
392,3528,3537,9,2005-12-22 17:10:36,0,0.4884171387777778,1.264378780881276,1.3554353555203926,2.925714429,4.302380384,-0.18344541950376403,0.5205816928236813,0.383072266,-0.454898315,1.359906543,2.158505322355805,2.7751592806760503,5.990196077724362,0.49001327299999997,0.50369359975667,0.7027234521147028,1.218648645,1.637633936,-0.7723156500698511,-0.3450296742484811,0.512359155,0.088585461,0.900219824,1.7341795571682228,1.4340906478153763,2.486970684567559,10.415043244333333,0.8787973599932815,10.452052936206579,11.6884925,2.6623522410000007,-1.3404974703853174,0.12048452200910481,10.13704983,9.799467395,11.11627831,1.1182963357858928,1.0035534842251743,1.1222701841741782,-0.045801526777777775,0.2076560385239579,0.21264714950038474,0.374045802,0.709923665,-0.21824295213886113,0.07250152084240048,0.0,-0.229007634,0.06870229,1.7589974889332962,,,0.11195928766666673,1.8793170340586087,1.8826490370214182,3.58778626,6.908396947,0.6387410584487689,0.027028392682662303,0.190839695,-0.595419847,0.755725191,1.9057116804289334,16.815478878595375,32.045454510945234,-0.6938083123333334,1.1182008720005805,1.315957128635157,2.282442748,4.229007633,2.9796260281893447,1.3219887024268795,-0.748091603,-1.328244275,-0.435114504,1.7344354905902077,,,10.530995419276588,0.8213229045794231,10.56297476255677,11.724305541983998,2.22904422746789,-1.812288799764807,0.36955384418038983,10.16053629496423,9.847623558753801,11.246458720819893,1.1099435344240212,1.0030366876071037,1.1133140861995916
393,3537,3546,9,2005-12-22 17:10:38,0,0.9015499362222221,0.948078404352663,1.308298493579422,2.679111658,2.8778303960000002,-0.7056799997503593,0.6990295055348074,0.588973608,0.131681091,1.640028137,2.0477831864425067,1.4511658655998627,2.9716730603146853,0.3444990168888889,0.2522560188574149,0.42698087976770505,0.696712683,0.778115539,-1.2521783784340892,-0.15657573482469686,0.361524451,0.15801731,0.586579407,1.6317186928347704,1.239425539218357,2.0223938207194085,9.356008043555555,1.3323161717108674,9.450394324708284,10.55603512,4.690241053,5.605925712261072,-2.289171234240873,9.809044202,9.646238489,10.04607017,1.116994144085712,1.0100883069695246,1.12826272389441,-0.03053435111111111,0.14434457618834537,0.14753881954512735,0.259541985,0.419847329,-1.3185626179953962,-0.652013228471371,0.038167939,-0.183206107,0.061068702,1.759143700621886,,,-0.02968617466666667,0.9451030083653996,0.9455691224800378,2.213740458,3.4732824430000004,2.9756758284719034,1.3585483627119819,-0.129770992,-0.671755725,0.251908397,2.3411725334196656,,,-0.8261238336666666,0.41076265464433365,0.9226085556738407,1.328244275,1.503816794,3.5218318801677153,1.689227781549358,-0.961832061,-1.022900763,-0.801526718,1.4396617794530393,,,9.478667635107012,1.165663062656958,9.550073848534783,10.558430950371989,4.109260016255816,5.319266117673751,-2.233348076597878,9.881855555518387,9.69298744216687,10.064041989727947,1.1055863146013172,1.007533359769183,1.113915094065094
394,3546,3555,9,2005-12-22 17:10:40,0,1.4538124524444445,1.3306242408153062,1.9708200113475203,4.228160132,4.129997864,0.23533190140703208,0.9266286705971093,1.091755957,0.196324536,2.442085693,2.145381165025342,1.355621908475043,2.908325709338065,0.6546811426666665,0.1494117871901524,0.6715141701518202,0.926556042,0.53390697,0.17891111059889298,0.28640936292798,0.598550415,0.588973608,0.768538733,1.3798011764822746,1.025711795236058,1.4152783417984587,9.541957705777778,1.0918207758736225,9.604219357422089,10.69489882,3.7780502240000002,3.007098471575495,-1.6931477857096104,9.87847605,9.466673364,10.29985554,1.113562531423758,1.006525039574071,1.1208285710095007,-0.06106870222222222,0.141673393435852,0.1542748741653551,0.351145038,0.488549618,0.3792501821239336,-0.6952818011966598,-0.030534351,-0.152671756,0.038167939,2.276099979985304,,,1.1798134012222223,2.4782045889977726,2.744714492735659,6.824427481,7.893129771,1.8405363408063273,1.5724540583358988,0.229007634,-0.58778626,1.282442748,2.4863888390074727,2.3263971149101073,5.784327821611676,-0.903307888,0.6575725315866207,1.1173033495073115,1.679389313,2.007633588,-0.672746796657973,0.6865435156015428,-1.183206107,-1.496183206,-0.534351145,1.5030737299235226,,,9.797542311681863,0.7643670022491424,9.827313583239507,10.71290315481259,2.584567009664209,1.1257161023666988,-1.1789874390970334,9.943340003306872,9.627789534193491,10.32964981146217,1.090115122924688,1.0030386468984316,1.0934275978618964
395,3555,3564,9,2005-12-22 17:10:42,0,0.8839924574444445,1.2712906602916798,1.548425848325816,4.395754248,4.541800549,7.871002308104275,2.727462989465961,0.584185205,0.260967981,0.646434448,2.8388535703874767,1.751627896014179,4.972615106590156,0.611053468,0.4974779752777402,0.7879534736526433,1.68791217,2.025494604,2.910220910336088,0.40163331516629164,0.622492432,0.450109912,0.746990918,2.142147000349527,1.2895000436404418,2.7622986504349565,9.825803612666666,0.2931895195891316,9.83017684119112,10.43393083,1.0702081369999998,1.0817715892979614,0.448337720207193,9.89284126,9.627084875,9.911994873,1.0614184259919908,1.0004450759140775,1.061890837768158,-0.05428329088888889,0.1367643384867289,0.14714333131827714,0.297709924,0.473282443,-0.1525590526893552,0.05906551624837692,-0.099236641,-0.129770992,0.007633588,2.023264808080504,,,0.4257845631111111,1.0981451192038936,1.177801000600294,3.236641221,4.099236641,5.051089706639361,1.9370474070123591,0.351145038,-0.061068702,0.458015267,2.7480374183332925,2.766189999924773,7.601593626012643,-1.0602205256666668,0.44366032264117444,1.1493050269319167,2.129770992,1.534351145,3.161724308735419,-1.5440960106432344,-0.954198473,-1.175572519,-0.740458015,1.8530946459752715,,,9.978054270216322,0.2988360656159794,9.982528237550596,10.480983044249585,0.955509794539978,-0.059825539536764616,0.5914535712770576,9.932664659395195,9.90005599948155,9.99575264937185,1.04993272193551,1.0004483807376783,1.0504034915438838
396,3564,3573,9,2005-12-22 17:10:44,0,0.5096989312222222,0.42004643186510543,0.6604786184364202,1.156399402,1.280897888,-1.4791699797480522,-0.019031771517369272,0.464475122,0.131681091,0.866701001,1.750850625168752,1.2958210778520545,2.2687891442641157,0.6307391261111112,0.3462491890115101,0.7195278633232605,1.374271753,1.2473790649999998,1.1735344612598313,0.8524717493833359,0.627280835,0.378283862,0.730231506,1.9099632176198078,1.1407693506499044,2.1788274995293504,9.995259886000001,0.547366814642628,10.010236291839107,10.63983218,1.776497634,0.17749080693451447,-1.0110208006645462,10.25675991,9.538499414,10.33816277,1.0628952074462195,1.00149835081928,1.0644877973511053,-0.054283291000000004,0.15798410074606012,0.16704984816015833,0.335877863,0.541984733,3.657220496576455,1.895661850769196,-0.122137405,-0.145038168,-0.030534351,2.0106445273627456,,,-0.4071246818888889,0.7059039663572377,0.8148931931989671,1.786259542,2.7709923659999998,1.8352775327976412,0.03371953893084346,-0.381679389,-0.580152672,-0.167938931,2.1920167660105374,,,-0.5979643765555556,0.4108449614681507,0.7255032584304776,1.435114504,1.526717557,1.0235955178778786,-0.4842827380688127,-0.610687023,-0.709923664,-0.305343511,1.9780951874767105,,,10.043293617437165,0.5394777881515628,10.057772266757832,10.689781173523999,1.7661020953439213,0.2661618249252653,-0.9782770883002256,10.289041171877988,9.585261622734269,10.343454663877193,1.0628378621034236,1.0014416236219092,1.0643700742716913
397,3573,3582,9,2005-12-22 17:10:46,0,0.15429299599999996,0.96266169024677,0.9749481311759227,1.522712256,2.906560816,-0.9336525759884653,-0.5434676800534369,0.423773694,-0.495599744,0.995987891,1.561839247964297,6.3188100331911565,9.86896551026853,0.5035804158888888,0.38757483567727846,0.6354584868558257,1.187524023,1.431732592,0.7310095608566218,-0.18680139916583569,0.538695374,0.284909998,0.627280835,1.8687672720774096,1.2618808571698603,2.3581616471400233,10.544064111111112,0.8987413367406895,10.582297669674,11.98058511,2.5354595609999997,-1.1834934276354305,0.5292461407644488,10.49139167,9.780313782,11.0995189,1.1321345783282124,1.0036260741740557,1.1362397822842438,-0.004240882111111112,0.23396143640789807,0.2339998692459619,0.488549618,0.801526717,0.6469198294369338,-0.7538599134562721,-0.007633588,-0.076335878,0.129770992,2.0878200469696666,,,-1.1687871076666667,1.11917320639555,1.6182125846011421,2.748091603,3.091603053,-1.8862531934279225,-0.13342064365699807,-0.809160305,-2.175572519,-0.389312977,1.6982265674799157,,,-0.8575063612222222,0.3323120146576945,0.9196458202060356,1.267175573,1.030534352,-0.5566449246174363,0.4704292482834986,-0.86259542,-1.198473282,-0.65648855,1.377895212654916,,,10.606384283691828,0.9186771703070272,10.646095778105149,12.093114246957358,2.5345670346332394,-1.167599563756871,0.6147901559486049,10.504793808050715,9.799723015222746,11.203028068090768,1.1359201062072124,1.003744112352631,1.1401731187084647
398,3582,3591,9,2005-12-22 17:10:48,0,0.47990442166666675,0.508811648916538,0.6994265851455634,1.441309399,1.6232687250000002,-0.4394809761666014,0.5803873171132674,0.438138904,-0.01436521,0.766144531,2.0607014797700853,1.4574289245273364,3.003325941433206,0.5179456256666666,0.42757191464024624,0.6716289253273424,1.103726965,1.376665954,-0.4340271627291097,-0.5990672623184938,0.588973608,0.371101257,0.825999573,1.6433582941086986,1.2967170529973382,2.1309707241553646,9.797871259666667,0.40781625271573,9.806354843517605,10.50575688,1.479616621,0.40354940702081166,-0.07749634257631956,9.768342773,9.615113867,10.1011368,1.0713213061981668,1.000865859902228,1.0722489203596062,0.04580152666666667,0.16770745098211406,0.17384927080639587,0.396946565,0.557251909,0.48073493534373135,0.7839614878583337,0.06870229,-0.106870229,0.106870229,2.283280011234861,3.795709083490431,8.666666678796295,0.32230703966666663,0.5137275120932435,0.6064633414314536,1.290076336,1.770992367,-0.2543156009771357,0.3401086151084432,0.236641221,-0.053435115,0.694656489,2.1272123933410287,1.881632315752906,4.0026315817805616,-0.8379983035555555,0.39920376347926295,0.9282266972771234,1.435114504,1.2671755729999998,-0.6858946287918104,-0.06562104730396558,-0.732824427,-1.091603053,-0.641221374,1.5460819088804387,,,9.8465039773392,0.38889291915544444,9.854180751251011,10.5690456025112,1.3913086236376753,0.13492783198621794,0.2353468432830303,9.77708268708446,9.636477282045579,10.127774694494004,1.0725443209644225,1.0007796446261006,1.0733805243805172
399,3591,3600,9,2005-12-22 17:10:49,0,0.3346561875555556,0.6653868663443966,0.7448049716354174,1.142034192,2.0039467899999996,1.330065529097463,-1.4889195810158264,0.732625708,0.198718738,0.823605371,1.5333332019687786,2.225582551082441,3.412559619297083,0.33066585155555556,0.4722028853192387,0.5764680999749898,1.089361755,1.522712255,-0.6517046915607017,-0.2521885388396552,0.509964954,0.079008655,0.536301172,1.8897173235557392,1.7433554062601373,3.2944489123243352,9.765948571111112,0.7209741202599677,9.792525474854369,10.74996545,2.1715409020000003,-1.2635617896291418,-0.39250815660501515,9.971849915,9.246406812,10.42435403,1.097772528404872,1.0027213847738123,1.1007599898487825,0.07803223055555557,0.10800187092205397,0.1332420096221135,0.236641221,0.374045801,0.5763302658811718,-0.5404010313574344,0.091603053,0.061068702,0.106870229,1.776025606872308,1.70752532220966,3.0326086966272445,0.3358778627777778,0.8617731222649231,0.9249145111643572,1.86259542,2.5954198469999996,-0.2727793161516079,0.8845891793318809,0.122137405,-0.145038168,0.480916031,2.0138027866545354,2.75372274765335,5.5454545428983,-0.9312977098888889,0.5329801871866763,1.0730253046307126,1.954198473,1.9007633579999998,0.2563627456393487,-0.24974220184755372,-0.893129771,-1.175572519,-0.557251908,1.8212044623426173,,,9.811888184089861,0.712359006857582,9.837713407684399,10.781144303864654,2.1266742340688722,-1.295796462482182,-0.3880865884805164,10.020166439810973,9.300483670965685,10.440211938295423,1.095899408438075,1.0026320340295372,1.098783852974034
400,3600,3609,9,2005-12-22 17:10:51,0,0.45516433799999995,0.5986370728485979,0.7520245471895953,1.436520996,1.8507178830000002,-1.0492631238645425,0.24978010861019875,0.438138904,-0.02873042,0.775721338,1.9102049279753552,1.6522044554149482,3.156049092756472,0.27613125822222223,0.5359637873496209,0.602914299977648,1.218648645,1.867477295,-0.144525330603809,-0.07495004102696383,0.294486804,-0.098162268,0.627280835,2.021263461565233,2.1834337186572355,4.413294796271373,9.897629663111111,0.5299286533141957,9.911805956822418,10.59673655,1.9057845239999995,2.0139958341831585,-1.1571550856824295,9.902418066,9.746794958,10.22324109,1.0691025022242424,1.0014322917904417,1.070633768961319,0.07803223077777778,0.12567902595826053,0.14793325050837453,0.328244275,0.40458015299999994,-0.008581550521292947,0.605583517332163,0.06870229,-0.053435115,0.122137405,2.2188674545579463,1.8957967628743395,4.20652173759818,-0.15521628488888886,0.9655139083578317,0.9779106310533311,1.885496183,2.893129771,-0.7833522971063869,-0.6928237995257872,-0.030534351,-0.702290076,0.580152672,1.9280863947343396,,,-0.6480067854444446,0.923060699459288,1.1278093140546022,2.435114504,3.404580153,0.6851645428290656,-0.22764271001442746,-0.740458015,-1.030534351,-0.007633588,2.1591544542627403,,,9.94446314381768,0.5297137714326555,9.958561336779205,10.69771660494822,1.912774729698258,1.4456487670361797,-0.9054545833062093,9.952542810459544,9.760796655983205,10.239625718521813,1.0742230974105815,1.0014176927157992,1.075746015670924
401,3609,3618,9,2005-12-22 17:10:53,0,0.48123453366666663,1.6339108346596953,1.7033059889555124,2.975992664,5.463568189,0.6072787645236408,-0.8205927512702557,0.268150586,-0.359130249,1.738190405,1.747186168132312,3.5394508701973777,6.184079603192734,0.39291509466666663,0.516905427081612,0.6492869105128636,0.960074866,1.728613599,1.6713517385358037,-1.4534620976943886,0.56263739,0.407014282,0.742202515,1.478660435710384,1.652486553268442,2.4434664868614653,10.315018820333334,1.1547246718668875,10.379450964846308,13.13698451,3.9911341680000003,3.470602041334727,1.6677638238691668,10.17056865,9.670180505,10.73799445,1.2656723900419258,1.0062464398403193,1.273578336483876,-0.06700593711111111,0.21433872937467158,0.22456822241378427,0.557251908,0.725190839,1.921596441383322,-1.2605094047090006,-0.061068702,-0.13740458,0.06870229,2.481437052893532,,,-0.4927905004444445,1.4084704353324884,1.4921901502603399,2.969465649,5.328244274999999,1.2450208787246124,0.34504458641297936,-0.488549618,-1.091603053,-0.06870229,1.9900048586180001,,,-1.0093299404444445,0.947028381175839,1.3840555203567941,2.938931298,3.374045802,0.5811676031629904,-0.6318164194740377,-0.946564885,-1.519083969,-0.305343511,2.1234200902882683,,,10.473882687881785,1.1634468429258977,10.53830285747302,13.481596907814287,4.011138930136447,5.141544085917687,2.1279684677332678,10.185043044870335,9.808273374790016,10.740264564475389,1.2792948817421859,1.0061505529048715,1.2871632525932726
402,3618,3627,9,2005-12-22 17:10:55,0,0.39690543077777773,0.48890301095826455,0.6297301605489055,1.606509314,1.824381665,3.9798805302824682,1.7012928500950575,0.323217224,0.081402856,0.486022937,2.5511074657749964,1.5866000102716744,4.0475871314027545,0.5823230482222223,0.31275637910232423,0.6609967361190351,1.151610999,0.9504980600000001,-0.852839878563068,0.2801153172464189,0.64882865,0.244208569,0.787692346,1.742234017313836,1.135103166767993,1.9776153503038574,9.928222239666667,0.3639812630865375,9.93489200746993,10.25197151,1.161187806000001,1.8192960775928269,-1.3978007029106767,10.1011368,9.703699329,10.20648168,1.0319157472765343,1.0006717988016642,1.032608987038973,-0.08651399511111112,0.20649917108769467,0.22388965811307668,0.312977099,0.610687023,-0.6298167984571994,0.9436396842436812,-0.175572519,-0.244274809,0.129770992,1.3979077981437142,,,-0.32739609855555557,0.7029392254091371,0.7754429443667642,1.312977099,2.13740458,-1.2501745919628497,0.10747338118854674,-0.374045802,-0.801526718,0.198473282,1.6931962674213157,,,-0.9703138253333334,0.2622580145816608,1.0051309297028528,1.305343511,0.832061068,-0.5562336013684108,0.6350047775422891,-1.007633588,-1.175572519,-0.854961832,1.298680074829554,,,9.971397250175324,0.32679173727436395,9.976750771686884,10.27743433458916,1.034708519004905,1.1886439324057712,-1.2400642717881827,10.143453168401349,9.791602799774413,10.24251307114979,1.0301384258044801,1.0005368877978928,1.030691494555435
403,3627,3636,9,2005-12-22 17:10:57,0,-0.19339828966666664,1.3473089738968849,1.3611187933421052,2.966415857,4.220977527,0.3140141376829737,-1.0666023007314585,0.05746084,-0.459686719,0.919373438,2.179395267709317,,,0.06331333266666665,1.1984552410049352,1.2001264694962601,3.210624426,4.302380383,7.376875690125262,-2.607526726529784,0.402225879,0.186747729,0.493205542,2.6752384082884397,18.955351407810276,50.710084128778405,8.676586816111111,3.0337765131454373,9.191678775350345,10.22324109,10.072406385,8.671300907753245,-2.927493479017226,9.698910925,9.497797986,9.97903252,1.1122278464969895,1.0593657356465085,1.1782560708108152,0.2866836301111111,0.6077336462066967,0.6719581002602548,1.946564885,2.114503816,7.338667455389366,2.6171071523159894,0.106870229,-0.007633588,0.267175573,2.896854557220278,2.343901184730434,6.7899408286603675,1.4037319767777776,3.7946916376409754,4.046003965323167,11.74045802,13.748091608,7.24680676387767,2.5833867213062556,0.114503817,-0.251908397,1.145038168,2.9017416000140406,2.8823194400761896,8.363746223798257,-0.7659033078888888,0.7629854898248098,1.0810896053141696,2.480916031,2.740458016,1.852842710354472,-1.062630548321794,-0.809160305,-0.908396947,-0.190839695,2.2948292341401566,,,9.205224393290267,1.7446347728892941,9.36909315897759,10.240118335725226,5.866277535041997,7.949308198785591,-2.7717570055243033,9.742390478696636,9.582117004137734,10.123658840566728,1.0929679278418754,1.0178017133190982,1.112424629560285
404,3636,3645,9,2005-12-22 17:10:59,0,-1.666098333111111,2.9579836823624666,3.3949302085194977,8.59518396,9.742006555,2.421397066625633,-1.6489366504188585,-0.435744702,-1.422155786,-0.105344873,2.531770443595744,,,0.7038952881111111,0.6308457617292073,0.9452168807827798,2.238578552,2.149993091,3.2848347811679925,1.7617739300019841,0.512359155,0.375889661,0.804451758,2.3683226543162506,1.3428373463320806,3.180272108380183,11.950990113555555,3.096577934195664,12.34564536979943,19.61270145,10.284891781999999,3.6603478759518833,1.8912035694968574,10.74517705,9.909600671,12.82094989,1.5886331465487926,1.033022808360977,1.641094274503169,-0.1204410517777778,0.13323121090677803,0.17960123193626407,0.335877863,0.45038168,0.31913117582689043,0.6637407016084796,-0.145038168,-0.183206107,-0.122137405,1.8701311754876746,,,-3.0678541143333335,5.829809686669157,6.587746947903622,17.94656489,20.297709928,4.688227742527136,-2.1309658748957374,-1.160305344,-1.534351145,-0.351145038,2.724234101874697,,,-0.3375742154444444,0.897059547770024,0.9584738823662812,1.374045802,2.702290077,-0.5911875030010809,0.7920700834821353,-0.541984733,-1.022900763,0.190839695,1.4335766756708639,,,12.29910740007634,3.6831919350846327,12.838767295550031,21.530129572451433,12.124571199654872,4.042956740554061,1.9943390650080726,10.766207093720615,9.91901364426047,12.957698306991903,1.6769623653755188,1.0438779724348404,1.7505440738177307
405,3645,3654,9,2005-12-22 17:11:01,0,0.6424441122222222,0.5699496382757496,0.8588230478391093,1.345541333,1.898601916,0.6802340438559709,-0.8349919847814564,0.66319386,0.469263525,0.988805286,1.5667270881766924,1.336805850501812,2.094409937614271,0.4692635253333333,0.2327648933217862,0.5238203430293353,0.852335791,0.8571241940000001,0.9883247522104579,-0.4328291851153696,0.459686719,0.385466467,0.560243188,1.6271529014524488,1.1162605119527425,1.8163265308007006,9.752115407333333,0.5814978436554723,9.769436762686174,10.65180319,1.9488801550000012,-0.13848121450123152,-0.5979592668962324,9.856928235,9.507374792,10.11071361,1.090319068411802,1.0017761639018152,1.0922556537825758,-0.17048346055555555,0.6482210143463409,0.6702649429615105,1.954198473,2.229007633,7.670288243643208,-2.6942430395670938,-0.053435115,-0.091603053,0.213740458,2.9155612172785506,,,0.06870229011111109,1.0502157293384355,1.0524604899075183,2.244274809,4.20610687,2.712322518548638,-0.5926236916756052,-0.053435115,-0.175572519,0.503816794,2.132407658549927,15.319147123121967,32.666666647798365,-0.39100933,0.34366743742214734,0.5205723808380103,1.091603053,1.282442748,1.109839058750306,-0.5655529413161949,-0.328244275,-0.465648855,-0.221374046,2.0969284833028454,,,9.805496638839465,0.5532586240657541,9.821092578699947,10.700152499267572,1.8671219383730122,-0.14753290203912428,-0.45486116560218687,9.889902537715269,9.565263821814813,10.125674380607826,1.0895073448828023,1.00159053033568,1.0912402393657845
406,3654,3663,9,2005-12-22 17:11:03,0,0.07289013944444442,0.6049813937313323,0.6093565944414944,0.945709656,1.824381665,-1.1278863374426642,-0.25911988335690256,0.177170923,-0.414196887,0.593762012,1.5519806704755366,8.359931797166272,12.974452555695867,0.5950921237777779,0.32564489422478676,0.6783651177035995,1.086967554,1.022324109,-0.7332675316391217,-0.4700270757525547,0.74938512,0.459686719,0.814028564,1.6023340906436945,1.1399329458390175,1.8265534201657498,10.026650531222224,0.6279967025807982,10.046297862083884,11.28626663,2.2361843550000007,0.4956381669166232,0.5585580531451565,9.859322437,9.703699329,10.32379756,1.1234254433761046,1.0019595108855626,1.125626807761518,-0.0025445294444444416,0.16576587752927802,0.16578540582073334,0.34351145,0.580152671,1.0768511880265148,0.5477630625939607,-0.007633588,-0.045801527,0.06870229,2.072024665255788,,,0.09669211188888889,0.9747307488671617,0.9795148785437979,1.732824427,3.396946564,0.07485397164171648,-0.402906330869972,0.259541985,-0.374045802,0.572519084,1.7690639161868724,10.130245988104809,17.921052639653045,-0.8965224767777777,0.4375571087285041,0.9976015110085835,1.801526718,1.473282443,0.37121689678938985,-0.8501480192295734,-0.824427481,-1.045801527,-0.526717557,1.8058580486497473,,,10.068708283891707,0.6170161421778961,10.087596117302555,11.312895722456679,2.18272956866746,0.5088898887441795,0.5671554835901345,9.957901479708486,9.738930500439192,10.357356231144438,1.12146596581642,1.0018758943926367,1.123569717533228
407,3663,3672,9,2005-12-22 17:11:05,0,0.25218924155555555,0.4167577017628282,0.48712051438530163,1.094150159,1.4149731810000001,0.16976780205018827,0.665121716888006,0.294486804,-0.067037646,0.457292517,2.2461590647248975,1.9315673871757624,4.338607595831824,0.44851377777777773,0.3976505568607001,0.5994085203165856,1.060631335,1.3215993160000001,-0.4502039526740642,-0.30545927037130033,0.524330164,0.268150586,0.665588062,1.7694632275827735,1.336432792068142,2.364768681700352,10.129867224444446,0.4614457511770849,10.14037189486427,10.9606552,1.5490484739999992,0.1754928578897177,0.6537150114087411,10.04607017,9.988609326,10.11071361,1.0808928226341652,1.001036999813233,1.0820137082893617,-0.017811705111111107,0.17529572162047785,0.17619831684045464,0.305343511,0.5725190840000001,-0.4650340732455023,0.6791253153062046,-0.106870229,-0.122137405,0.091603053,1.7329536199626965,,,-0.09923664111111112,0.9043573447351869,0.9097857538538913,2.015267176,3.3587786260000003,2.701734405559314,1.3323610077101082,-0.244274809,-0.625954198,-0.099236641,2.2151008272697634,,,-0.7073791347777777,1.0296826813832314,1.2492524423268176,1.893129771,3.427480916,4.351516646550424,1.9243823538352034,-0.854961832,-1.511450382,-0.458015267,1.5154101019597903,,,10.159196544931728,0.4630817393976094,10.169745283728412,11.012056814603353,1.555636112780597,0.163803221266706,0.6824457614721513,10.12108392149388,9.995660321053098,10.144650581292375,1.0828252338062625,1.001038343805047,1.0839495786797337
408,3672,3681,9,2005-12-22 17:11:07,0,0.947305790111111,1.0838728351293376,1.4395028943039139,2.760514514,3.397372156,-0.8279882563693812,0.3522153586085373,0.696712683,0.174776721,1.565807886,1.9176859768210988,1.5195757371387673,2.914069081828598,0.38839271377777773,0.25207247896614765,0.46302206725792855,0.732625708,0.8020575560000001,-0.5997784240178872,-0.4289690055838762,0.349553442,0.306457813,0.59136781,1.582269528402169,1.1921492109217338,1.8863013697501498,10.351197866666666,0.7406726917156422,10.377663191255431,11.72201133,2.5234885520000017,0.301973036188131,-0.07790676403781217,10.46026705,10.06043538,10.75714806,1.1295424715534574,1.002556740285488,1.132430418294648,-0.025445292555555554,0.1567727410540359,0.15882429049372015,0.290076336,0.458015267,0.0669073820298518,1.152382100139226,-0.099236641,-0.152671756,0.038167939,1.8263978079062755,,,-0.3706530956666666,1.7961929606005806,1.8340373139711095,3.358778626,6.167938931,0.5532760857309844,0.810878286639171,-0.519083969,-1.41221374,0.648854962,1.8313578466555174,,,-0.7251908396666668,0.4795610784786127,0.8694139301437579,1.610687023,1.732824428,0.27409328706166036,0.009768278699919475,-0.824427481,-1.0,-0.374045802,1.8526123945744375,,,10.460724192026806,0.7454533566629917,10.487251848249617,12.047074865019924,2.6781761641016963,1.3261520976478023,0.6105385565328606,10.496308412970425,10.08858995922531,10.779993941203298,1.1487351538173132,1.0025359292278282,1.1516482648689121
409,3681,3690,9,2005-12-22 17:11:09,0,0.3234832463333333,0.6109176623172431,0.6912754883470967,1.22583125,1.9249381349999999,-1.1899116215409786,-0.013596379507799104,0.088585461,-0.124498486,0.926556042,1.7732890441856621,2.136974622898312,3.7894736864883636,0.3248133584444444,0.5999183352058856,0.6822065132642464,1.048660327,1.814804858,-0.14921871100342532,-0.9055637130283143,0.442927307,0.258573779,0.708683691,1.5371596527015434,2.1003031295614956,3.228501229204713,10.240532546222221,0.5389072964744118,10.254702721406893,10.96783781,1.4389152030000005,-1.8701051206712749,0.10607946712454788,10.27830773,9.758765967,10.83615671,1.069542248855681,1.0013837342072507,1.0710222110515224,0.0025445294444444433,0.20787418084859674,0.20788975370029364,0.473282443,0.778625954,2.1902927421509997,1.0144748327230595,0.015267176,-0.152671756,0.053435115,2.276603029133953,81.70066734900094,185.99998676900103,-0.42154368111111107,1.0389520672909978,1.121213839199706,2.916030534,3.526717557,2.882546506892168,-1.719334857907391,0.0,-0.755725191,0.20610687,2.6007800047147014,,,-1.0746395251111112,0.6954974243893438,1.2800651453200518,2.854961832,2.435114504,4.824194608887202,-2.0508419254524215,-0.854961832,-1.083969466,-0.694656489,2.2303254193255766,,,10.28621635688247,0.5440114809111614,10.300591994247691,11.011870725530118,1.4513872981299532,-1.8532848053824988,0.05752340049043445,10.36062047588563,9.80967560322925,10.876859982723635,1.069052218715161,1.0013975631919898,1.070546286746352
410,3690,3699,9,2005-12-22 17:11:10,0,0.26176604833333333,1.2076510760625687,1.2356951831156133,2.262520569,3.6056676999999997,-0.8112630295669345,0.41399753687216834,0.002394202,-0.244208569,1.074996545,1.8309698054300139,4.720609074336779,8.643292678349571,0.5849832724444445,0.37504064953087646,0.6948819452542662,1.271321082,1.079784949,-0.4244223639470608,0.9986653487629277,0.4333505,0.292092603,0.751779321,1.8295497396105282,1.1878663510335823,2.173260573225599,10.360508650999998,0.9358698512827003,10.402691569300023,12.42830082,3.210624428000001,1.2226420505440245,1.221710634299095,9.97903252,9.727641345,10.97502041,1.1947197258715108,1.0040715103592865,1.1995840396118407,-0.2977099236666667,0.6197065064095629,0.687508074669642,1.946564885,2.328244274,6.372635638900945,-2.319144688769612,-0.13740458,-0.305343511,-0.061068702,2.831333851512004,,,-1.130619168666667,1.743392331950246,2.077911578402561,4.496183206,6.396946565,0.5710934954203077,-0.3440286496855717,-0.641221374,-2.503816794,-0.488549618,2.1637991013344937,,,-1.1068702289999999,0.8191408418692737,1.3770088680414572,2.679389313,2.8167938930000003,0.04741593267492661,-0.44104835637751444,-1.038167939,-1.564885496,-0.763358779,1.945803963347702,,,10.454737162453036,0.9613876707263539,10.498847336227021,12.502135480715715,3.217390264603246,0.6516291441994664,1.140603083528051,9.993110352821224,9.871865992419545,11.077572385530278,1.1908102937716034,1.004219156645315,1.1958345089358795
411,3699,3708,9,2005-12-22 17:11:12,0,0.22212870977777782,1.0082174811740423,1.0323970423497304,1.71664259,3.3375171139999997,0.10421221048267526,-0.5620740185084415,0.165199915,0.160411511,0.785298145,1.6627736419051824,4.647742488499401,7.728143704239605,0.667184196111111,0.3488767991284486,0.7528942638316096,1.278503687,1.2449848639999999,0.22296367428508646,-0.15063008698838012,0.66319386,0.54827218,0.854729993,1.698118512011863,1.1284653746597808,1.9162679428741767,10.212334169555556,0.8479419030312687,10.247476502124231,12.07395897,2.8060043439999998,1.3302161764207696,1.2861079618606799,10.08437739,9.765948572,10.20887588,1.1782372926151283,1.0034411655538495,1.1822918022007365,-0.010178116888888887,0.19244448241046241,0.1927134475682345,0.381679389,0.740458015,1.3572210972070131,-0.009790324115866252,0.015267176,-0.114503817,0.053435115,1.9805539977424662,,,-0.2315521628888889,0.7548636721520029,0.7895793612255382,1.786259542,2.41221374,0.5354900189702949,-1.1917957018394219,0.053435115,-0.374045802,0.221374046,2.2622925949172155,,,-0.8914334184444443,0.3952101673730393,0.9751126170420388,1.335877863,1.328244275,1.4444721776815843,1.1818643258899775,-1.015267176,-1.145038168,-0.72519084,1.3699729032861114,,,10.29042305436669,0.8664072075587763,10.32683243241369,12.26221508002196,2.8775880363698025,1.8869321608513614,1.5104057617897029,10.10062179963299,9.798290989578454,10.236529244476088,1.1874130000922183,1.003538180875037,1.191614282059915
412,3708,3717,9,2005-12-22 17:11:14,0,1.007958899111111,0.8815850911324558,1.3390942518001872,2.504334937,2.841917371,-0.3636586241693678,0.31940451427325944,0.835576379,0.756567725,1.362300745,1.8701707767271367,1.3285206896641266,2.4845605700872313,0.38147613122222224,0.6051181224897687,0.7153264855000244,1.103726965,1.8842367059999998,-0.30675710100711395,-0.8269780741930067,0.656011255,0.047884033,0.711077893,1.542969521432549,1.875153979380491,2.893305438177056,10.003506580555557,1.8462469802739165,10.172451613027652,13.77863055,6.576871956000001,0.6717860611725364,0.6986276303283849,9.646238489,9.356540088,10.94628999,1.354504407998755,1.0168885811301893,1.377380065584441,0.07463952488888889,0.1990198573827669,0.2125557863439524,0.381679389,0.717557252,0.713725835349508,-0.6242581561896217,0.083969466,-0.053435115,0.213740458,1.795666895571481,2.847764460724672,5.113636368508264,-0.08312128933333332,2.794390044048212,2.795626024169936,5.801526718,10.816793894,1.9449551003476886,0.35701677348230876,0.145038168,-0.396946565,0.534351145,2.0752155931595184,,,-0.8982188295555554,0.9026159412151121,1.2733862741147302,2.465648855,2.786259542,-0.4083886683282083,-0.7955328747112619,-0.603053435,-1.297709924,-0.450381679,1.9362929419936945,,,10.122972693071143,1.8190824804793675,10.28511726794843,14.010282435976231,6.42480317434971,1.0430851386881645,0.9364296720098672,9.684419049944538,9.414812558600756,10.97126812135803,1.3621898585091057,1.0160174861469566,1.3840087156973
413,3717,3726,9,2005-12-22 17:11:16,0,0.1316810912222222,0.5528377017169914,0.5683039980725108,0.926556042,1.683123767,-1.1762702717615467,-0.30405619223598607,0.17238252,-0.347159241,0.584185205,1.6303880408066025,4.3157600897569495,7.036363637330159,0.5557208074444445,0.32832187548171915,0.6454617492512928,1.300051501,1.165976208,2.1020924341126648,1.0550466048564275,0.521935962,0.4333505,0.696712683,2.014141817866051,1.1614856607934727,2.339396840255916,10.162055936666667,0.46618072084567747,10.172743254620675,10.88404075,1.6759411650000011,0.7392660625314003,-0.6182297929672447,10.26633672,10.00776294,10.36689319,1.0699218959503611,1.0010516885579666,1.0710471205662502,0.05682782011111112,0.17077227105799198,0.17997935909677276,0.366412214,0.5496183210000001,-0.769566525629628,0.45823551090923564,0.038167939,-0.091603053,0.20610687,2.03585686624756,3.167099472492043,6.447761207161951,-0.4181509752222222,1.5345421956954406,1.5904936304333572,3.755725191,5.65648855,1.489787349423521,-0.9783187494926955,0.114503817,-1.022900763,0.404580153,2.361358209260284,,,-1.0432569974444443,0.36076723154710943,1.103874158622695,1.496183206,1.198473282,0.4240300760540192,0.6841552590416975,-1.022900763,-1.389312977,-0.885496183,1.355392908070961,,,10.198012688577132,0.47416540576260646,10.209030102238026,10.932526987518727,1.694707829405278,0.6664600726193894,-0.5517130062300547,10.299390550091042,10.04549185390939,10.381085017676531,1.0708683271608823,1.0010803490834284,1.0720252387766032
414,3726,3735,9,2005-12-22 17:11:18,0,0.18621568466666663,0.6719676495171806,0.6972924803936438,1.26892688,1.924938135,-1.4019043508531066,0.40012692799266586,-0.035913025,-0.332794031,0.584185205,1.8197914299658737,3.7445421509032637,6.8142857153597385,0.493205542,0.3265177701477062,0.5914943456042028,0.974440076,0.993593689,-1.3376972570798062,-0.15280283789729085,0.512359155,0.146046301,0.814028564,1.6474207796604106,1.1992856836231633,1.9757281559500401,10.051922658333334,0.42725765892263007,10.060998868711948,10.58476554,1.51313545,2.0134676740796085,-1.3832707187500748,10.2400005,9.856928235,10.27112512,1.0520591124323528,1.0009029327708854,1.0530090510818766,0.21882951666666667,0.6153027432651352,0.653057289396702,1.938931298,2.076335878,8.413719158883927,2.867167214311698,0.015267176,-0.091603053,0.129770992,2.9690064401412553,2.984319937019627,8.860465112453218,-0.35114503811111114,0.7705597589521787,0.8467970122210478,1.465648855,2.6793893129999997,0.5162328543157022,0.47594825046672473,-0.320610687,-0.954198473,0.007633588,1.7308148633587848,,,-1.0076335876666667,0.4008744141259152,1.0844472061353627,1.786259542,1.374045802,0.5105023902962644,-0.9061777097673107,-0.916030534,-0.992366412,-0.847328244,1.647161366541467,,,10.0942359815101,0.40765248669086057,10.10246408557429,10.599354916702183,1.4393868612190808,1.959727829039685,-1.3720308393344063,10.252873347948722,9.872717784781706,10.332836818752709,1.04918511235664,1.0008151289586713,1.0500403335247288
415,3735,3744,9,2005-12-22 17:11:20,0,0.4631450101111111,0.9623718591239835,1.068018209406831,2.315193005,3.6631285399999998,1.1927186204006528,0.05042986204576207,0.507570752,0.122104285,0.756567725,2.1677467524508223,2.3060125578177066,4.998851233320147,0.28118568388888887,0.523887348130599,0.5945782895089373,1.161187805,1.65918175,-1.1076594035012932,0.2625993043980743,0.282515796,-0.105344873,0.775721338,1.9529603174024834,2.1145396923688553,4.12961210876883,10.062829577333334,0.9736668669654264,10.109825234408397,12.03565175,3.857058879,2.0608760392158914,0.17836759729743826,10.04367596,9.739612354,10.25915411,1.1904905842523494,1.0046702228944553,1.1960504406345582,-0.18999151833333333,0.6388181917887513,0.6664723994276547,1.923664122,2.20610687,7.0471743574097125,-2.5552601222237517,-0.022900763,-0.190839695,0.198473282,2.8863372641567477,,,-0.4537743851111111,1.8196217189252537,1.8753491388452077,3.778625954,5.641221374,-0.2660344429537451,-0.8811096512843691,0.20610687,-1.06870229,0.595419847,2.0148919877003713,,,-0.8269720103333333,0.6335520185583504,1.0417633445721324,1.603053435,2.053435114,0.24167782836016904,0.4961093611920666,-0.694656489,-1.526717557,-0.618320611,1.5387884814265547,,,10.142983123144404,0.9069982755598422,10.183454841470098,12.040378500925693,3.5258322435359535,1.8227057585741449,0.4863731767301978,10.106111530573457,9.755593839393606,10.325381815101366,1.182347119750916,1.0039901198527428,1.1870648264662675
416,3744,3753,9,2005-12-22 17:11:22,0,0.7350199096666666,1.0273955482502561,1.2632481467118166,2.858676782,3.5817256829999997,0.7262542492623103,0.9021415849894588,0.550666382,0.055066638,0.893037219,2.2629574319511323,1.7186584065249373,3.8892508140308975,0.5637014796666667,0.504122217070797,0.7562397555820278,1.683123767,1.7693150270000002,1.4564679815307313,1.099003207385685,0.569819995,0.201112939,0.696712683,2.2256483536819758,1.341560706970673,2.985842378833706,9.773663221111113,0.7098966301219618,9.799410491716252,10.46505546,2.454056705000001,3.8353631034595494,-1.8539380490233432,9.9503021,9.598354456,10.27351932,1.0679270420242564,1.002634352138257,1.0707403379109155,-0.09414758277777777,0.23270968698467254,0.2510329973517481,0.442748092,0.885496184,2.6344352442961583,1.0984699579824302,-0.076335878,-0.236641221,-0.022900763,1.7637047586203185,,,0.36132315522222225,0.9759521998846733,1.0406906932222826,2.633587786,3.3435114500000003,2.3700425126273155,1.649350136640659,-0.045801527,-0.114503817,0.20610687,2.530615295353168,2.8802214255608205,7.288732393528119,-1.1162001696666666,0.6070158715075532,1.2705790361193474,1.786259542,2.038167939,1.5622796724724282,1.263008956338392,-1.358778626,-1.511450382,-0.877862595,1.4058625958883002,,,9.892279595818902,0.582189686783595,9.909396572609866,10.535609802389123,2.0274619186960674,2.7914534784499923,-1.623725914199105,10.000835972915203,9.938718966790997,10.31316336610635,1.0631938812006116,1.0017303369385353,1.0650335648460778
417,3753,3762,9,2005-12-22 17:11:24,0,0.41020655122222227,1.7078769034433041,1.756448955130982,3.641580725,6.2440779299999996,0.5055394555058577,0.2634702659918656,0.162805713,-0.543483777,1.228225452,2.0732630540512575,4.281864709126638,8.877431903878191,0.5339069703333333,0.8702936756715111,1.021013092415738,2.762908716,3.0980969480000002,4.833193704731141,2.0604423544132295,0.237025964,0.083797058,0.785298145,2.7060463147077787,1.9123426910465138,5.174887891564775,10.130665292666668,0.4848401232391187,10.142260557545518,10.8146089,1.498770239999999,-1.0540018019225315,-0.21536339221912407,10.11310781,9.785102185,10.56800613,1.0662917639159128,1.0011445709184807,1.0675122104595067,0.07888040711111112,0.16486507576902243,0.1827638143461121,0.320610687,0.458015267,-1.5945007820523363,0.18207922912795343,0.030534351,-0.045801527,0.236641221,1.754235039069813,2.3169735177541693,4.064516129441206,0.23324851566666668,1.482795302638853,1.5010285738747782,2.465648855,4.4045801529999995,-1.1141971360625238,-0.3976573844049505,-0.015267176,-0.946564885,1.709923664,1.6426395192698673,6.435318868309046,10.570909092187478,-0.8091603053333334,0.5485570755828526,0.9775762194832405,1.824427481,1.786259542,-0.20954808479705544,-0.6634138370204284,-0.755725191,-0.93129771,-0.519083969,1.866276454601582,,,10.330097606491403,0.5311434122430325,10.343743514028594,11.228954084806793,1.8265214819660525,-0.34168270890013286,-0.013700743400672845,10.294109973263424,10.050184718121324,10.749843347912343,1.0855793233443618,1.0013209853437024,1.0870133577199261
418,3762,3771,9,2005-12-22 17:11:26,0,0.24367652444444443,0.5484234989347472,0.6001221398591744,1.343147131,1.623268725,0.6704525499420759,1.4695795034788166,0.052672437,-0.079008655,0.102950671,2.2381229449644784,2.462781924633022,5.512008733964945,0.332261986,0.4245399239351932,0.5391031203355846,1.25456167,1.5729904909999999,1.521575979265342,0.9506383503193734,0.196324536,0.119710083,0.502782349,2.3271274505312673,1.6225242220022864,3.775820656173409,10.044474032222222,0.798617697395121,10.076172329341098,11.5328694,2.937685439999999,0.5516937509032278,0.12328816975382188,10.00536874,9.593566052,10.59434235,1.1445684951632975,1.0031557946207228,1.1481805182633826,-0.08736217133333335,0.24008037754845332,0.25548138222555977,0.58778626,0.7938931300000001,0.49600028962788834,-0.7024315102648526,-0.129770992,-0.221374046,0.160305344,2.300700954721837,,,-0.4664970314444444,1.3290894743609736,1.4085802466326185,2.977099237,5.061068703,1.1979951830245978,0.024521783236052752,-0.65648855,-0.79389313,0.312977099,2.113546064639992,,,-1.1840542832222223,0.3956304342628002,1.2484021732325934,1.702290076,1.328244274,0.4438962730783791,0.9130504555150186,-1.244274809,-1.458015267,-1.083969466,1.363575066192104,,,10.078133812348115,0.7818225042102445,10.108413701846791,11.547221951419631,2.8700227325076177,0.5348309250080803,0.16526029163278202,10.007824228445669,9.68787305416273,10.594949675271392,1.1423376893755322,1.0030045135401533,1.1457698584306881
419,3771,3780,9,2005-12-22 17:11:28,0,1.2503053114444445,1.063990794771886,1.6417490012744027,3.454832996,3.342305518,0.16883079841736492,1.0798248590723647,0.744596716,0.445321509,2.039859814,2.1043612594362453,1.3130784827089423,2.7631914896120238,0.3750915934444444,0.521716264010725,0.6425586071371241,1.407790576,2.003946789,1.3935778040959628,0.12940393101864792,0.344765039,0.215478149,0.66319386,2.190913887641027,1.7130712027868862,3.753191488703707,9.635863615666668,0.8276553491226329,9.671343288119804,10.77151327,2.9281086309999997,1.1320349813565045,-0.9601790781567191,9.756371765,9.136273535,10.25197151,1.1137556541118374,1.0036820438590943,1.1178565512785914,-0.19423240033333333,0.6413739378153765,0.6701393537526734,1.954198473,2.259541984,7.5543618625985935,-2.664046680326723,0.0,-0.06870229,0.022900763,2.916107615612783,,,0.273960984,2.1835899602921236,2.200708916563662,4.045801527,6.870229008,-0.10623698057416053,-0.6131512775429656,0.58778626,-0.603053435,2.496183206,1.8384082949586047,8.032928209090027,14.767801852398076,-1.4037319763333336,0.6987264793865461,1.5680185440155368,2.679389313,2.2595419850000003,-0.3900572409625873,-0.6500441402750792,-1.175572519,-1.65648855,-0.977099237,1.708773995834485,,,9.807469135125531,0.6757599477710623,9.830722371395273,10.788584837196657,2.2175936863281347,-0.4537342276387841,-0.2683008629069034,9.796926333704677,9.312952679383242,10.279883664695069,1.0974356135403134,1.002370972159011,1.1000376028263246
420,3780,3789,9,2005-12-22 17:11:30,0,0.6506908067777778,1.6338768344613943,1.7586790600375903,4.716577271,6.2177417120000005,4.252718668656344,1.7220072509336453,0.320823022,-0.208295544,0.766144531,2.6818862964679795,2.7027876246578195,7.248569092833047,0.42563585088888883,0.5035364985878218,0.6593291158230402,1.405396375,1.7645266240000002,0.1207795346141527,0.4953688245320768,0.411802686,0.069431848,0.665588062,2.1315551539774553,1.5490450685629777,3.3018749996387764,10.071342294555556,0.39525218482934793,10.079095192710303,10.56321772,1.426944185,2.7086154989602065,-1.4832450455249961,10.27591353,9.967061511,10.29506714,1.0480323400100278,1.0007697979006174,1.0488391131051464,-0.070398643,0.14809850087877552,0.16397906847760213,0.351145038,0.519083969,-0.044059000304333296,-0.2974594044375226,-0.053435115,-0.175572519,0.022900763,2.141401590215539,,,-0.534351145,2.170487935036545,2.2352961822322372,5.06870229,8.175572519,1.4203365854409684,-0.4758175608341623,-0.900763359,-1.061068702,0.320610687,2.267575245862154,,,-0.8753180661111111,0.5610095577575545,1.0396698710436032,1.648854962,1.473282443,-1.8527872550957456,-0.26792232571333713,-0.900763359,-1.496183206,-0.351145038,1.5859408913570872,,,10.239159716725357,0.5248191291210315,10.252600978429944,11.341696152452732,1.9836729779347557,1.4305853788193978,0.6007222908384224,10.298270695845048,9.978149589658573,10.320900180483685,1.1062262323788952,1.0013127309346128,1.1076784097748191
421,3789,3798,9,2005-12-22 17:11:31,0,0.6980427952222221,1.645935858988602,1.787839085562848,4.568136768,6.205770704,2.864542443114652,1.315074199215057,0.524330164,-0.124498486,1.2976573,2.5551162880868876,2.56121701677859,6.544207316896283,0.3471592406666667,0.38659746859692085,0.5195932458238884,1.012747302,1.187524023,-1.0973829140825329,0.289084221982198,0.452504114,0.004788403,0.526724365,1.9491156017514164,1.4967000297214856,2.9172413790719562,9.565367676444446,1.4561194186546822,9.67556419786213,10.8170031,5.137956762000001,6.34981728873505,-2.410788701477366,9.991003528,9.69172832,10.28549033,1.1179713016001773,1.0115203644172563,1.1308507384026458,-0.16878710777777778,0.6444488873735605,0.6661857520159128,1.93129771,2.167938931,7.378299698567401,-2.6379062499654715,-0.007633588,-0.175572519,0.221374046,2.899037849662489,,,0.2790500424444444,3.0996275110818168,3.112163175934627,8.664122137,11.656488548999999,7.043665062051613,2.478987888728664,-0.450381679,-0.969465649,0.167938931,2.7839549686844554,11.152706334220401,31.048632213431482,-0.8693808312222223,0.5889850904040704,1.050107835612578,1.473282443,1.580152672,-1.507211411055568,0.6456406272901439,-1.076335878,-1.41221374,-0.213740458,1.4029820491155216,,,9.802057993474191,1.001272878136681,9.85306491828423,10.840178923850006,3.549775111816807,4.22572192229009,-1.903491535019726,10.014360856959753,9.880356241440419,10.286244899395653,1.1001834468515475,1.005203695473338,1.1059084664737704
422,3798,3807,9,2005-12-22 17:11:33,0,0.0031922687777778003,1.0194558275730436,1.019460825609591,2.636016028,3.572148877,5.252930719005983,-2.1205766724247574,0.280121594,0.021547815,0.521935962,2.5856962443101064,319.353067231155,825.7500265485105,0.25990389133333336,0.36223129311217733,0.44582680767303495,0.842758984,1.3646949460000002,1.6359551989715007,-0.7012257509630254,0.296881006,0.105344873,0.44771571,1.8903281935842478,1.7153525689280686,3.2425793229818947,10.087569661111111,0.5441402331001245,10.102234914168626,10.76672487,1.7860744429999986,0.1444394261964428,-0.6284402506893559,9.969455713,9.842563025,10.64940898,1.0657765297953437,1.0014537944767858,1.067325949827848,-0.042408821000000006,0.1747449284227284,0.17981740212803238,0.404580153,0.618320611,1.0149142285109525,-0.4549662217190952,-0.083969466,-0.106870229,0.053435115,2.2499499392830375,,,-0.6471586088888889,1.2857694330058984,1.439450346455657,3.740458015,4.54961832,3.179536029806922,-1.5622917263653073,-0.282442748,-0.79389313,-0.20610687,2.598532157924092,,,-0.9414758272222223,0.43248015843253385,1.0360578269004086,1.442748092,1.282442748,-0.6413083130934116,0.7896335391526167,-1.015267176,-1.297709924,-0.786259542,1.3925362605640395,,,10.146861864869983,0.5782788891938931,10.163326826312343,10.98321033539859,1.9428079018819862,-0.23155018345613332,-0.30989269650886564,9.991896221784657,9.857620534453007,10.66440578537817,1.080670780650644,1.0016226653778904,1.0824243477113034
423,3807,3816,9,2005-12-22 17:11:35,0,0.5589130764444445,0.5283628257560512,0.7691235938791066,1.443703601,1.632845532,-1.3079580468017604,0.17146623567892982,0.474051929,0.134075293,0.984016882,1.8770762104938445,1.3761059211066011,2.5830556876289203,0.4277640298888889,0.3595804314542887,0.5588203217060334,0.950498059,1.328781921,1.8991255304282815,-1.0219528631603103,0.440533105,0.258573779,0.624886633,1.7009010268241607,1.3063752037570484,2.2220149254879855,10.026118484666668,0.5619028008738228,10.041851752849395,11.16655654,2.0853496430000007,0.8923494979040587,0.43276791619022453,10.10831941,9.667786304,10.27112512,1.1120017318351139,1.0015692282319213,1.1137467163466548,-0.03392705688888889,0.15486595899384217,0.1585386717625208,0.259541985,0.465648855,-1.3360734245001695,0.006544939420814413,-0.030534351,-0.190839695,0.083969466,1.637089437640645,,,-0.0983884647777778,0.9899588752608341,0.9948360994199114,1.946564885,3.862595419,1.7927811074543474,0.33826882784811546,-0.129770992,-0.694656489,0.183206107,1.956668928816557,,,-0.9847328244444444,0.4480395101746397,1.0818678931440124,2.038167939,1.6183206110000001,2.589986113205474,-1.4869912939863885,-0.832061069,-1.145038168,-0.732824427,1.8839342140720041,,,10.07249782542015,0.5361020777090232,10.086754576216158,11.200757316382754,1.9977307775798607,1.2167997446022776,0.6224148143807194,10.1196820790599,9.756463420354757,10.289212762580423,1.1104421379294123,1.0014154136385145,1.1120138728762188
424,3816,3825,9,2005-12-22 17:11:37,0,0.43202038833333334,0.8675729329894586,0.9691874999150658,2.106897461,3.268085266,1.035014614290799,0.19386980707932036,0.454898315,-0.083797058,0.703895288,2.1738801430937116,2.2433837061580326,4.876847292156925,0.26868263066666676,0.36263137835968956,0.4513223599524055,0.715866296,1.122880578,-0.7694152369555951,-0.591604814956815,0.316034619,-0.026336218,0.574608398,1.586152957445964,1.6797600903064158,2.6643564350392213,9.649962802111112,1.227740817178381,9.727750490030775,11.43710133,4.091690637000001,0.1450557926607825,-0.843163163222029,10.02212815,9.514557397,10.35252798,1.1757190258653332,1.0080609313750564,1.1851964162491817,-0.14164546233333333,0.06160820968417728,0.1544636154572115,0.236641221,0.167938931,-1.372251057234081,-0.3101216188964351,-0.129770992,-0.183206107,-0.076335878,1.5320191768109483,,,-0.49194232400000004,1.4058109036085626,1.489399727019998,3.160305344,5.4274809170000005,1.53071253782017,0.13880076729491994,-0.549618321,-0.916030534,-0.175572519,2.121865129063212,,,-0.9652247668888888,0.2567860241077823,0.9987982342759685,1.473282443,0.854961832,-0.023611151399309804,-0.7262419832885483,-0.893129771,-1.145038168,-0.832061069,1.475055113676674,,,9.715200429658527,1.1777208881740135,9.786324431515572,11.514192223870042,3.8617588993804413,0.032503753295578974,-0.7220874407968426,10.050290800690673,9.612048489984042,10.378436436415884,1.176559422737928,1.007320899076865,1.1851728955297267
425,3825,3834,9,2005-12-22 17:11:39,0,0.9715138293333331,1.035341298710547,1.419778407147242,3.670311145,3.72058938,5.526326062337397,2.155058065755485,0.775721338,0.517147559,1.144428394,2.585129571293276,1.4614083343739064,3.7779299009244376,0.5150193794444444,0.49050362384690915,0.7112234291769998,1.103726965,1.539471667,-0.343775473493805,-0.6750102114611477,0.66319386,0.227449158,0.883460413,1.5518709307385867,1.3809644016584428,2.143078511318543,10.460533075555555,0.8280649821653266,10.493257065348216,12.53603989,3.136404171999999,4.443153760681161,1.7594893414290407,10.32140336,10.04128176,10.60391915,1.1946757629142286,1.0031283290780975,1.1984131018422515,0.1391009328888889,0.6707311348066681,0.6850031567296606,1.946564885,2.2442748089999998,6.706954509363788,2.5119406679522434,-0.106870229,-0.251908397,0.183206107,2.8416874665122456,4.924504404847003,13.993902446038073,-0.626802375,1.1926458347980382,1.347325240825967,3.572519084,4.282442748,3.8060914305299534,-1.8099920315008873,-0.404580153,-0.473282443,-0.022900763,2.651563984513417,,,-0.9440203563333335,0.5797731001385216,1.1078408192587714,1.786259542,1.709923664,-1.396814975906497,-0.15494574432409863,-0.908396947,-1.603053435,-0.58778626,1.612379243432411,,,10.570123668836365,0.9500205032510445,10.612730719804969,13.064272392454825,3.5672931294131036,5.87815015458472,2.186407328337162,10.35560886735013,10.109875631246675,10.613238062389742,1.2310000825777014,1.0040308942736613,1.2359621137614405
426,3834,3843,9,2005-12-22 17:11:41,0,1.0037025404444444,1.3529990090524697,1.6846439113924334,4.113238452,4.783614917,2.1534152102330815,1.4271525559721854,0.596156213,0.177170923,1.101332764,2.4416070507150827,1.6784294584394146,4.098065199853572,0.24287845733333333,0.4752061237120216,0.5336766858782805,0.962469067,1.6136919189999999,4.454119789680924,-2.0268261565888888,0.486022937,0.181959326,0.514753357,1.8034684528443448,2.197299388911415,3.9627601293558943,9.714872270222221,1.0834420210083908,9.775100502788675,11.30063184,3.9983167769999994,1.8432258780973259,-0.9594734636450566,9.825803613,9.361328491,10.45547865,1.1560629823474569,1.0061995907811432,1.163230099755239,-0.05343511455555555,0.19798334529123832,0.2050675900289342,0.335877863,0.6488549619999999,-0.5947508874556626,0.4348143856183932,-0.06870229,-0.221374046,0.038167939,1.6378885759207926,,,0.2646310431111111,1.3759199357425598,1.4011371305307287,3.381679389,4.992366412,2.008513497499931,1.253564545471412,-0.221374046,-0.297709924,0.496183206,2.413524925800141,5.294681659635945,12.77884615970821,-1.0398642917777778,1.048227331962776,1.4765155890773045,3.679389313,3.679389313,4.330191297141191,-1.917874018945245,-0.79389313,-1.022900763,-0.435114504,2.4919407151666464,,,9.89901855736282,0.8275610876832801,9.933550510913056,11.336184844044585,2.900019687573316,-0.058253102885597485,-0.027155559256163565,9.88447800890138,9.438784703558383,10.46964155810051,1.1412017114717026,1.0034884219430573,1.1451827045634548
427,3843,3852,9,2005-12-22 17:11:43,0,0.7153342514444444,1.0366391098744658,1.2594934439729761,2.513911743,3.375824341,-0.3730592783563971,0.04859277416125821,0.675164868,0.272938989,1.314416711,1.9959704872063937,1.7607061893509697,3.514317590586168,0.3476912854444444,0.37888576873008395,0.514240853803154,1.027112512,1.264138476,-0.48668802854853777,0.00948086869999573,0.421379492,-0.040701428,0.596156213,1.9973374429585244,1.4790156536302421,2.9540933437174584,9.752913473222222,0.9045401814676248,9.794769734712963,10.72123503,2.3271640090000005,-1.705600435098002,-0.5771547476782373,10.16578025,8.712499841,10.56321772,1.0945877565659983,1.0042916674699989,1.0992853632339117,0.12298558099999998,0.21851698036541883,0.2507491253064074,0.351145038,0.618320611,-0.2479962508367759,-1.076557873561196,0.198473282,0.053435115,0.27480916,1.4003838999275153,2.0388497844020224,2.8551724124472777,0.22476675144444438,1.0312290633012298,1.05543994312894,2.465648855,3.6946564889999998,1.2666363179995885,1.0009985258090042,0.045801527,-0.427480916,0.549618321,2.3361337336640657,4.695712049697053,10.96981132287012,-0.9592875317777777,0.6428651333410307,1.1547762329948958,2.259541985,2.290076336,0.6356322487113637,-0.6188281579842252,-0.885496183,-1.122137405,-0.65648855,1.9566924919643605,,,9.851894928762627,0.8534915698478689,9.888795758189172,10.74917864058511,2.131321018784707,-1.8284897807724896,-0.5279597840234556,10.193621380305162,8.762902364871177,10.616544843033694,1.0870058299751446,1.0037455565343893,1.0910772717645274
428,3852,3861,9,2005-12-22 17:11:45,0,0.05081027955555557,2.623666535992908,2.624158489229936,6.947973218,9.847351428,6.485663242084783,-2.334318958414536,0.684741675,0.184353528,0.991199487,2.647695726655174,51.64621238426176,136.7434558277354,0.837172513888889,0.36835449390027614,0.914627165126627,1.489193433,1.364694947,0.8310184216695466,-0.26975171329181236,0.830787976,0.768538733,1.055842932,1.6281972477756292,1.0925193433285818,1.7788369879492345,8.888606675,3.318808782855561,9.487982944757741,13.30697283,12.789825271,4.702088262402846,-1.8241025797738857,9.64863269,9.088389502,9.914389075,1.4025080891774062,1.0674319712496156,1.4970819743241703,-0.08566581855555555,0.17402711756589495,0.19396925044214405,0.503816794,0.648854962,3.2567061997956035,-1.4640472066378165,-0.053435115,-0.145038168,0.038167939,2.5974054797426533,,,0.7065309585555555,3.0450714784623494,3.125963260235525,7.549618321,11.221374046,1.9973446586390136,1.165610105132305,0.335877863,-1.213740458,0.58778626,2.4151334140859912,4.424382572883006,10.685474188469497,-1.2434266326666665,1.1896562508892874,1.7208694854940978,3.404580153,3.824427481,0.11852429666534459,-0.904888706146894,-0.961832061,-1.221374046,-0.732824427,1.9784069516593663,,,9.728786415643622,1.759342452903062,9.886585405881995,13.365951298187065,6.241383204841669,1.1287521410785928,0.43571535710028525,9.650120188478843,9.30125775337938,10.340037261546165,1.3519279659724612,1.0162198020900775,1.3738559700205755
429,3861,3870,9,2005-12-22 17:11:47,0,0.517413581,0.8816605450382856,1.022273021496924,2.138022083,2.765302918,-0.8954108371599103,0.5055976424890654,0.191536133,-0.284909998,1.120486377,2.09143940810379,1.9757367394979994,4.132133677024608,0.5860473621111111,0.5595558581825898,0.8102803644812371,2.00394679,2.037465613,4.642870940484139,1.8756176511550138,0.538695374,0.179565125,0.69192428,2.4731523529920163,1.3826192503663428,3.4194280523355784,10.011753275444443,1.0857891502617525,10.070458863785635,11.87284603,3.818751644999999,0.6461143381947947,0.33722709122575434,9.83538042,9.564835632,9.974244116,1.178977660362223,1.0058636671046597,1.1858907928864177,-0.2688719253333333,0.6138992889915972,0.6701973211352326,1.938931298,2.129770993,7.146500182652783,-2.5867257380578508,-0.076335878,-0.229007634,0.083969466,2.893075273287704,,,0.08142493633333335,1.2301529284445525,1.2328447783957215,2.122137405,4.030534352,-0.7722349686571417,0.2210115836883963,-0.091603053,-0.618320611,1.198473282,1.7213338144332322,15.140874944608651,26.062500022259762,-0.8405428328888889,0.5624439411091611,1.0113631597063857,1.961832061,2.091603053,0.8073200084442851,-0.3317016672614677,-0.847328244,-1.13740458,-0.511450382,1.939789918360829,,,10.099825115976124,1.0532192333226924,10.154591972440006,11.887105393128007,3.553996831409906,0.44687631452315735,0.5952202320506303,9.865466492524227,9.62562299719466,9.991389931570753,1.1706137898391304,1.0054225549289215,1.1769615074150863
430,3870,3879,9,2005-12-22 17:11:49,0,0.4724557942222223,1.7531173701301919,1.8156637879702153,4.857835168,7.01022246,4.790027475220622,1.6409636855218908,0.079008655,-0.112527478,0.627280835,2.6755147071753407,3.8430342270629607,10.28209459468517,0.43494663477777773,0.6270503075199031,0.763132140107674,1.553836877,1.944091748,-0.7768100149136568,0.6142021015060538,0.198718738,-0.052672437,0.821211169,2.036130828903054,1.7545420037508104,3.572477064442363,10.199299072666667,0.9131625893652296,10.240096068314758,12.09550679,3.7445313989999995,2.940983223748077,0.10112264320657338,10.14423243,9.919177478,10.40759462,1.181190753417472,1.0039999803278075,1.1859154931945297,-0.052586938,0.08488546894648391,0.09985453863736153,0.175572519,0.26717557200000003,-0.7211747899188312,0.1324330451612717,-0.06870229,-0.099236641,0.0,1.7582828121375733,,,-0.16284987266666662,3.069050402416904,3.0733679333270385,7.786259542,11.961832060999999,5.595161213634508,2.0062908179638135,-0.610687023,-1.473282443,0.06870229,2.533461567541988,,,-1.1891433417777777,0.45323741737361817,1.2725902890569016,1.877862595,1.595419847,0.6413631602345662,0.7817115833384388,-1.27480916,-1.351145038,-1.160305344,1.4756222887663688,,,10.400541989684347,0.7531928460492412,10.427778917033436,12.383394712356717,2.6377263463580025,5.803264795151314,2.2944142613409655,10.144676847837399,9.920813063123257,10.41178762137308,1.1875390541823674,1.0026187988449162,1.190648980085753
431,3879,3888,9,2005-12-22 17:11:51,0,0.5067726846666667,0.49297820818191457,0.7069979262108991,1.441309399,1.5275006590000002,-0.5887282256211215,0.4433667705337328,0.428562097,-0.026336218,0.816422766,2.038633135353857,1.3950987249360765,2.8440944877446017,0.3921170275555556,0.38404496833844365,0.5488590903001248,1.003170496,1.403002173,0.841283522161091,-0.6384093628183938,0.493205542,0.153228906,0.651222852,1.82773778138839,1.399732864756458,2.5583446407663835,10.068682070777777,0.261931719254074,10.072088505764496,10.44590184,0.8667009979999989,-0.3145277723925508,-0.2285582980755831,10.03649336,9.900023865,10.26154832,1.0371137856881978,1.000338319847898,1.0374646618664247,-0.03562340966666666,0.1734391164267813,0.17705974817326992,0.358778626,0.534351145,-0.32056363862535076,-0.7796006608869678,-0.022900763,-0.083969466,0.091603053,2.0263138838811674,,,0.3189143342222222,1.0169447821913515,1.0657781394824244,2.435114504,3.732824428,1.064238856122497,0.6370056230479825,0.381679389,-0.152671756,0.534351145,2.2848230919641197,3.3418947507695944,7.635638297472046,-1.0737913485555557,0.356978502471241,1.1315747926935138,1.671755725,1.1603053429999999,-0.7632545560891479,-0.03622187844978418,-1.091603053,-1.244274809,-0.732824427,1.4773709486941475,,,10.107799708191633,0.28362703627472097,10.111778243050273,10.592477947987714,1.0127523228498205,0.19882841648257266,-0.05796854671144397,10.06558597897074,9.94951485101929,10.29111901581392,1.0475385924595233,1.0003936103774806,1.0479509145203267
432,3888,3897,9,2005-12-22 17:11:52,0,0.36312058533333336,0.6026945312368499,0.7036314784570322,1.051054529,1.738190405,-1.38421846900837,-0.41481325644071976,0.521935962,-0.169988318,0.912190833,1.4937571174399689,1.9377350303925085,2.894505493361564,0.4141968873333333,0.14847911405914457,0.440005805403077,0.593762012,0.445321509,-0.6917265697210575,-0.744587306783966,0.445321509,0.337582434,0.517147559,1.3494413135210142,1.0623107484846293,1.4335260118025899,9.935670866999999,0.5539442517234029,9.951100934638838,10.58237134,1.6280571310000003,-1.1880634856617682,-0.5482107826058951,9.993397729,9.361328491,10.46026705,1.0634372427239451,1.0015529970593215,1.0650887576346686,-0.0016963528888888882,0.13366786793940572,0.13367863154816498,0.290076336,0.45038168,0.9373606274705066,-0.9977238106048338,0.030534351,-0.045801527,0.099236641,2.16995291349526,,,-0.34096692111111104,0.8646608460931381,0.9294604994611076,1.41221374,2.694656488,0.43464874842033296,1.172783734429343,-0.519083969,-1.022900763,-0.297709924,1.5193908087743246,,,-0.6378286683333333,0.27953043427118646,0.6963926147165199,1.122137405,0.916030535,-0.5995166350283023,-0.3622278535416348,-0.633587786,-0.755725191,-0.458015267,1.6113574171902838,,,9.971310005590311,0.5348728353997088,9.985645306019736,10.630944762336068,1.5990015412047995,-1.196409865640042,-0.5095763378914765,10.022680069812365,9.438842093510942,10.468502404600768,1.064622709553615,1.0014376546733967,1.066153269367409
433,3897,3906,9,2005-12-22 17:11:54,0,0.6634598821111112,0.8877050921207974,1.1082415556854395,1.640028137,3.2585084589999997,5.405268565300766,-2.1013461843046173,0.907402429,0.526724365,1.063025537,1.479847176444899,1.6703972396327043,2.471932638611811,0.1963245362222222,0.4278697310587906,0.4707609056402119,0.847547388,1.362300745,-1.1516378449653435,-0.056160478729226165,0.153228906,-0.076614453,0.593762012,1.8003775968766498,2.39787096762756,4.317073170317593,9.87209151211111,0.956935510664223,9.91836258638826,12.13381401,3.744531393000001,3.3161775586351707,1.2480421939364756,9.629479077,9.521740002,10.03170496,1.2233686663817045,1.0046870588892318,1.2291026673642766,-0.5114503815555556,0.7810337134628309,0.9335926062040459,1.954198473,2.0,0.4515716404468648,-1.4784299814931092,-0.091603053,-0.458015267,-0.015267176,2.09320260252028,,,-0.1967769296666667,1.1997382765049647,1.2157685191516283,2.870229008,3.7480916029999998,1.1828161824215169,-1.2928680141061117,0.404580153,-1.091603053,0.740458015,2.3608351119363293,,,-1.1908396946666668,0.7865435887109118,1.4271475030059226,2.923664122,2.977099237,1.8504781164889144,-0.904710226486092,-0.847328244,-1.465648855,-0.801526718,2.0486068299471825,,,9.94293285380242,0.9807231188618791,9.991182691308058,12.273445779174224,3.857221774177008,3.4737263707493398,1.2649929381103582,9.782581416680173,9.551679150158817,10.127095210954922,1.2284277205592133,1.0048526765910106,1.2343888830025196
434,3906,3915,9,2005-12-22 17:11:56,0,-0.28251579588888887,1.4943185891813342,1.5207903277242478,3.14358678,4.448426685,0.09157313159862746,-1.179452669013557,0.351947644,-0.521935962,0.656011255,2.067074416960653,,,0.025006106111111107,0.542908783475059,0.5434843627163606,1.259350073,1.9967641839999999,2.794404096349684,-1.4460024710441974,0.225054956,-0.248996973,0.316034619,2.317178118438788,21.734066083758282,50.36170235398728,10.003772603444443,0.7228101457747536,10.029851484855623,11.64300267,2.3080103970000003,1.5205854084066175,1.3378581946789532,9.543287817,9.485826978,10.33816277,1.16083500215134,1.0026069046593684,1.1638611883272063,-0.014418999111111105,0.15973663996318904,0.16038610189818725,0.358778626,0.564885496,1.0876534042222472,-0.8643901084353989,-0.030534351,-0.106870229,0.083969466,2.236968301827997,,,-1.0245971162222223,2.08215823440439,2.320599526775118,5.86259542,6.938931298,2.2417048214084456,-1.5025052736393834,-0.595419847,-1.183206107,0.709923664,2.526327939119728,,,-0.7226463106666666,0.3783228149202515,0.815687343661361,1.419847328,1.3358778619999998,0.124401227864122,-0.2887112859908175,-0.694656489,-0.86259542,-0.511450382,1.7406759330440962,,,10.126187938188984,0.8163437524433683,10.159040273651708,11.948275555363578,2.5584959317088476,1.187691869580763,1.264248387410332,9.60476959599877,9.512196942813791,10.598576936056803,1.1761224715638146,1.0032442944633515,1.1799381591865323
435,3915,3924,9,2005-12-22 17:11:58,0,0.9414532972222222,0.6505709444004045,1.144367451716724,1.685517969,1.90339032,-1.1596812857279089,-0.4666596557530756,0.981622681,0.49081134,1.529894861,1.4728817797740301,1.215532894826758,1.7903362535063145,0.6509568292222223,0.24258734815276095,0.694689437802849,0.933738647,0.651222851,-1.952431230062205,-0.08439340038638087,0.572214197,0.421379492,0.912190833,1.3441094627164787,1.0671820412927833,1.434409480142718,9.577870730111112,0.8365313878432036,9.614332659397949,10.99417402,2.387019052000001,-0.9517696022901072,0.6128371966956296,9.361328491,8.975862024,10.01973395,1.1435192029946317,1.0038068930260466,1.1478724582736626,-0.2892281595555556,0.6063399610714765,0.6717894585895595,1.954198473,2.145038168,7.6065525950622295,-2.6595518956471573,-0.152671756,-0.221374046,-0.053435115,2.9089448308743835,,,-0.03986429177777776,1.092968047358349,1.0936947994323032,1.900763359,3.419847328,-0.8050605908025261,-0.1955399440948884,0.129770992,-1.038167939,0.442748092,1.7379284970419686,,,-0.8498727736666667,0.2972855328616223,0.9003679356067118,1.610687023,1.061068702,4.887210212299914,-1.9954760328802472,-0.801526718,-0.885496183,-0.679389313,1.7889209058901467,,,9.674643040011821,0.7929973603110815,9.707088274302933,11.030812505190065,2.255088156475127,-0.9065938918433551,0.6560541151520882,9.515310450588107,9.120903459555514,10.07510953097566,1.1363667655512475,1.0033536363209399,1.1401777264101092
436,3924,3933,9,2005-12-22 17:12:00,0,0.7046933554444443,0.8066434572515269,1.0711052200107354,1.996764185,3.076549134,2.049126109032632,-0.8079566760158091,0.742202515,0.387860669,1.221042847,1.8642091810363757,1.5199593010710284,2.833522083858244,0.5192757377777777,0.3800047904533094,0.6434678955566618,1.05344873,1.1563994009999998,-0.9767942989168232,-0.3828384364713353,0.603338818,0.270544788,0.814028564,1.6371426411082484,1.2391641833881168,2.0286885239587678,10.018669857555556,0.9768056612341343,10.066175788973254,12.13860242,3.61524451,1.5903851048055504,0.7578347930117123,10.04367596,9.540893616,10.5273047,1.2058802344080792,1.0047417403800238,1.2115982054090446,0.1094147583333333,0.6544438244698395,0.6635271725617964,1.938931298,2.259541985,8.416193647329964,2.866640921935627,-0.129770992,-0.145038168,-0.007633588,2.9221580941651957,6.0643297363994835,17.72093022490644,-0.06276505522222221,1.3411613815130945,1.3426292501726458,2.480916031,4.366412214,-0.6556494161446356,0.519231715593849,-0.603053435,-1.229007634,0.954198473,1.847804247286423,,,-1.0245971161111112,0.462429642792515,1.1241176205702046,1.969465649,1.45038168,0.034774843470591676,-0.9850344637987759,-0.832061069,-1.366412214,-0.664122137,1.7520102994213325,,,10.098599281421858,0.9526305121733049,10.143431980323902,12.222436293877486,3.4677063658261567,1.7991609914358229,0.9846841870448567,10.057740251783713,9.593738132348854,10.553106717510135,1.204960640302652,1.0044394967710544,1.210310059174523
437,3933,3942,9,2005-12-22 17:12:02,0,-0.5801948688888889,1.372177664153972,1.489797847994165,2.444479895,3.813963245,-1.6543911853035618,-0.042171464121025626,-0.799663354,-1.776497632,0.512359155,1.640813146757596,,,0.0308585991111111,0.3895556405034569,0.39077595907010304,0.675164868,1.165976208,-1.2960044537278783,0.4666834720345517,-0.105344873,-0.282515796,0.454898315,1.7277543623887035,12.663438079708495,21.87931038505558,9.719128628222224,0.89894690671331,9.76061303571749,10.97023201,3.2154128330000002,1.4318272687161313,-0.9812077787080927,9.854534033,9.452308154,10.19451067,1.1239285862328618,1.0042683258018426,1.1287258796169077,0.03647158599999999,0.16931267037011377,0.1731962959569696,0.389312977,0.603053435,0.9252483821364912,0.8165790737434381,0.022900763,-0.06870229,0.045801527,2.2478135277022573,4.748800777596281,10.674418628243918,-1.9779474129999999,1.5018304237785856,2.483499665870797,4.946564885,4.587786259,-0.4559457591669869,-0.7733094247621171,-1.076335878,-3.0,-0.961832061,1.9917719148416198,,,-0.538592027,0.9607484175760224,1.101416766452554,2.20610687,3.244274809,-0.14683087923135218,-0.35594502820900575,-0.557251908,-0.740458015,0.106870229,2.0029719332359854,,,9.844841263596525,0.8490411095351106,9.881385040119294,11.010283720432993,2.864511921732838,0.3568625584434253,-0.594143412602507,9.883001133627298,9.55160833537389,10.351995305844905,1.1142449844561537,1.0037119721430043,1.1183810307989372
438,3942,3951,9,2005-12-22 17:12:04,0,0.7845000773333335,2.624848789052181,2.7395750649917785,6.2009823,9.253589417,6.284092626776074,-2.3470393267973826,1.359906543,0.610521423,2.133233679,2.263483260320377,3.4921284830259296,7.904374364217184,0.03910529366666667,0.8039971743836442,0.8049476258798706,1.237802258,2.4037784660000003,-1.1263966834792,0.038810089364420215,0.12928689,-0.538695374,0.584185205,1.5377426036221744,20.58410896338588,31.65306131059954,9.654485183222222,1.2458814004325178,9.734541828817683,12.15057343,4.374206438,0.2995485862563596,0.4837047670942014,9.871293445,8.633491187,10.21127008,1.248191609185962,1.0082921713665878,1.2585418279076688,0.04919423233333334,0.14363010600686357,0.15182121013352792,0.290076336,0.465648855,-0.920912465941929,0.3217952716761017,-0.015267176,-0.038167939,0.190839695,1.9106443410961855,3.086158741228206,5.896551734652199,0.09499575911111119,2.8891919355157087,2.890753229609561,7.549618321,9.992366413,5.968502863077415,-2.343800710780133,1.160305344,-0.595419847,1.664122137,2.6116439977201678,30.430339803152787,79.47321429548909,-0.9643765904444446,0.7820030207165255,1.2415920959022824,2.175572519,2.732824427,0.23501313888441633,0.37854812206425026,-0.961832061,-1.511450382,-0.641221374,1.7522441759900067,,,10.035105118353092,1.4870044040751922,10.144679237616902,13.65206244011154,5.493954574105054,3.5585845562874407,1.5464348353193402,9.91061059260113,9.130592442024348,10.232033335272128,1.345736234763255,1.010919080365527,1.3604304368614368
439,3951,3960,9,2005-12-22 17:12:06,0,0.7704008896666666,0.6259582412847626,0.9926435667607506,1.719036792,1.91775553,-1.3132389614645015,-0.18391765975705054,0.804451758,0.095768066,1.18273562,1.7317764901349797,1.2884766620534964,2.2313535914318385,0.5230000515555555,0.42664902146913253,0.6749506955679667,1.295263098,1.407790576,-0.29526097979838717,0.11210715481737156,0.47644613,0.347159241,0.737414111,1.9190484675477582,1.2905365755901275,2.4766022377005656,10.27218921088889,0.6907234785326973,10.29538586494447,11.64779108,2.540247964999999,0.809213219290629,0.4810291472739057,10.18493386,9.993397729,10.53688151,1.1313603232357163,1.0022581996475484,1.1339151607188975,-0.3502968617777778,0.5884681992108958,0.6848377273879368,1.93129771,2.167938931,6.7036908804011635,-2.4290049006073064,-0.198473282,-0.366412214,-0.06870229,2.8200807764581386,,,-0.06530958455555556,0.9864514208604641,0.9886110193359406,1.465648855,2.732824428,-1.6840013337131872,0.13689357176877173,0.091603053,-1.045801527,0.740458015,1.4825333992175105,,,-1.0941475827777778,0.48386216066070276,1.1963617861741063,2.236641221,1.7709923660000002,2.804255472294109,-1.4537490552324537,-0.954198473,-1.175572519,-0.900763359,1.8695358267440534,,,10.341624172754818,0.6976240174125509,10.365127582436099,11.719753346577827,2.52582787410471,0.6522419812417821,0.5101557611944426,10.253612146990346,10.031162955961475,10.563087761130605,1.1306906985339154,1.002272700040986,1.1332604193308158
440,3960,3969,9,2005-12-22 17:12:08,0,-0.07847661011111108,2.09190538429169,2.0933768688803016,5.590460876,7.350199096,5.889921886538808,-2.27272610079621,0.4333505,0.165199915,0.948103857,2.6705467893080366,,,0.34582912866666665,0.4968199027180363,0.6053328026557829,1.187524023,1.498770239,-0.9667880795263946,0.2904146902137031,0.229843359,0.079008655,0.610521423,1.9617704802878075,1.7503811925549029,3.4338461528051774,9.196926644555557,1.7180224217148057,9.356017354988753,10.30703815,5.870582474000001,7.9765125353240425,-2.778852629470232,9.770736975,9.579200842,9.945513696,1.1016480366514232,1.0172982471842782,1.120704616699494,-0.11535199322222223,0.0813011500387883,0.14112391483362827,0.229007634,0.24427480999999998,-1.0516224234226024,0.3602468497852075,-0.114503817,-0.175572519,-0.061068702,1.6227415053641214,,,0.530110262888889,1.869898747390825,1.9435890039599173,5.41221374,6.5648854960000005,5.52433279776257,2.1910329943735847,0.061068702,-0.763358779,0.870229008,2.784649290036638,3.6663862973867634,10.209600000018108,-0.9906700593333334,0.5719904573112108,1.143940667042919,1.916030534,1.740458015,-1.2299915337276324,-0.3256101463693882,-0.847328244,-1.351145038,-0.473282443,1.6749387351993783,,,9.563262452835032,0.9097947692642758,9.606441342348628,10.310924032653322,3.1673408044861615,6.180451526773831,-2.398384484718353,9.856002669410662,9.605630751136639,10.039015749485957,1.0733344081537335,1.0045150794225872,1.0781805982535433
441,3969,3978,9,2005-12-22 17:12:10,0,0.3399766356666667,0.6059921522667974,0.6948457392890676,1.448492004,1.8339584709999999,-0.35252476434230307,0.8013310681123937,0.251391174,-0.189141931,0.438138904,2.084623855479098,2.0438043865177127,4.260563380067646,0.930812401,0.3830768837623247,1.0065583066710238,1.589749902,1.1779472160000002,-1.1741505355765312,0.21163869780777647,0.950498059,0.531512769,1.22583125,1.5793917664419836,1.081376124329293,1.7079165471926283,10.08384534788889,0.7737135368326422,10.113484544765887,11.21444058,2.7940333410000004,1.1679486195884383,-0.8663575767997374,10.15620344,9.854534033,10.6685626,1.1088602084040262,1.0029392752322608,1.1121194537506276,-0.03477523322222222,0.19187542895331203,0.1950012745642383,0.465648855,0.6793893129999999,1.7522929210281273,-1.0941711058919166,-0.022900763,-0.114503817,0.06870229,2.387927238119685,,,-0.8804071246666667,0.8175030414005463,1.2014274542655379,2.282442748,2.5801526719999996,-0.8133456370340486,-0.13945125645824277,-0.839694656,-1.335877863,-0.183206107,1.8997757541634614,,,-1.0390161153333333,0.3872443242166314,1.1088339165810026,1.732824427,1.259541984,-0.6879662900880872,-0.28888915609149757,-1.076335878,-1.259541985,-0.79389313,1.56274479080061,,,10.159417951920087,0.7515096416939235,10.187175264191495,11.25745626706489,2.696855062717992,1.0182131465907904,-0.8045763189506431,10.192189578648552,9.922607533589936,10.749605248742352,1.1050616068848342,1.0027321754457559,1.1080808290732127
442,3978,3987,9,2005-12-22 17:12:12,0,0.6424441122222222,0.5779053765208562,0.8641232907060842,1.484405029,2.018311999,0.6713242326940332,-0.9173324998930142,0.754173523,0.557848987,0.979228479,1.7178162479419772,1.3450559733780902,2.310559005460295,0.5472080906666666,0.5086914655605758,0.7471303110068721,1.1540052,1.450886206,-1.17322281885984,-0.4469345500198863,0.538695374,0.198718738,0.993593689,1.5445835659442084,1.3653495329293086,2.108896450332211,10.069746160222222,0.6421902108555679,10.090202971111577,11.12585511,2.346317621999999,0.7026767217148953,-0.45010879723383385,10.00536874,9.768342773,10.50096848,1.1026393762200337,1.0020315120722867,1.1048794014242036,0.026293469111111103,0.1340226104668825,0.1365774748421374,0.221374046,0.39694656500000003,-1.0861142750907873,-0.25608405783445737,0.045801527,-0.076335878,0.114503817,1.620867908532314,5.194349755256237,8.419354823987515,0.0025445293333333043,1.2228309800841528,1.2228336274747673,2.229007634,4.213740458,-0.4274414422450681,0.14801887014206558,0.442748092,-0.923664122,0.839694656,1.822821669210266,480.57360214152817,875.9999756340106,-0.8235793044444445,0.6893884864456695,1.0740294949176423,2.458015267,2.320610687,2.597927328203557,-1.5230171999622235,-0.671755725,-1.160305344,-0.282442748,2.2885919601197573,,,10.135146950450077,0.6292098649714067,10.1546594606316,11.185481080672345,2.276391614007334,0.4430090794419703,-0.33584105334208714,10.109369301055393,9.807055941611797,10.546366999950873,1.1015121801018652,1.0019252320935175,1.103632846702398
443,3987,3996,9,2005-12-22 17:12:13,0,0.26602240666666666,1.117952003146391,1.149166916591212,2.248155359,3.569754675,-0.7683406183402886,0.16117906370571686,0.328005627,-0.902614026,1.077390747,1.9563349123108513,4.319812496212582,8.451000000977363,0.4309562987777778,0.491634022546887,0.6537792774185139,1.343147131,1.7142483880000001,0.4242457149808869,-0.09215903139269016,0.53390697,0.265756384,0.586579407,2.054435154787248,1.5170430952574023,3.116666666224068,10.211802126333332,0.85091166389626,10.247192460725069,11.78426057,3.2273838370000014,1.0787173891333044,-0.12229047199344013,10.12029042,9.742006555,10.75475386,1.1499989499725052,1.0034656306451997,1.1539844215754775,0.004240882111111112,0.09011450361002071,0.09021423857662812,0.13740458,0.27480916,-0.9218184936813034,-0.36783732125924373,0.007633588,-0.053435115,0.076335878,1.52309194388742,21.272517418078376,32.39999990567999,0.6539440204444444,2.3291993203692956,2.419258616990716,4.908396947,8.160305344,0.3491557985551328,0.49423037207607384,0.580152672,-0.541984733,0.72519084,2.028884763508868,3.6994888573895035,7.505836575528396,-1.3256997455555557,0.486677392459437,1.4122091557900274,2.335877863,1.7404580159999998,0.6834215046715739,-0.6464544302320223,-1.366412214,-1.610687023,-0.961832061,1.6540594241461688,,,10.30120681963562,0.7988137029388632,10.332132658503292,11.843275409076318,2.9830479850478007,0.8072836713994773,0.18430802521612266,10.143978434470592,9.832595046628338,10.818556996937344,1.146256615213836,1.0030021568743501,1.1496978573909697
444,3996,4005,9,2005-12-22 17:12:15,0,0.4471836656666667,0.8133654116854877,0.9281899179399548,1.498770239,2.5043349360000002,-1.0034239209284763,-0.26007693175584184,0.339976636,-0.10055647,1.333570325,1.6147236788850323,2.0756346646879384,3.351576441786208,0.6134476697777778,0.6509350317421183,0.8944464540177339,2.171540906,2.276885779,2.9109658132034317,1.5039430201328774,0.632069238,0.119710083,0.842758984,2.4278042539558724,1.4580648001185632,3.5398959242711667,10.064691734333334,0.6516782339920394,10.085767408968774,11.32936226,1.903390324,-0.5904218305370681,0.9110736267786603,9.619902271,9.555258826,10.5344873,1.1233019561729491,1.0020940208793028,1.1256541739229369,-0.057675996666666646,0.18905393889573577,0.1976560457043648,0.297709924,0.595419848,-0.6747437676033465,0.40712456992358237,-0.045801527,-0.236641221,0.061068702,1.5062019628040437,,,-0.17896522488888877,1.8234428020515816,1.832204192788908,4.244274809,6.198473282,3.223263490603358,1.7247268875379682,-0.79389313,-1.175572519,0.022900763,2.3164856983213946,,,-0.8982188294444443,0.5946581763165699,1.0772257944501222,1.603053435,1.9007633590000002,0.05084134789195005,0.8393294165309991,-0.854961832,-1.427480916,-0.717557252,1.4881313121714566,,,10.14983017629963,0.6043364981236781,10.167805820858648,11.354881704569422,1.7757861817012088,-0.25441314517950087,1.0219312297656191,9.788301644003571,9.679263713708293,10.539149792149988,1.11674848090387,1.0017710290957371,1.118726274956171
445,4005,4014,9,2005-12-22 17:12:17,0,0.6770270251111111,0.881688958706891,1.1116388858961541,1.86029469,3.105279553,1.166408210500033,-1.0564858468088398,1.036689319,0.205901343,1.151610999,1.673470327102054,1.6419416724372504,2.747740667656059,0.4674013686666666,0.43796919479717716,0.6405318532460045,1.142034192,1.2042834349999998,-1.9160194751062876,0.15441215565497368,0.426167896,0.05746084,0.871489404,1.7829467593415482,1.370410735152999,2.4433693792079083,9.85187380911111,0.3488173608872924,9.85804702270718,10.50815109,1.2425906649999998,0.16639135307713193,0.3039972590291599,9.80665,9.615113867,10.08437739,1.0659465374627815,1.0006266029910331,1.0666144627514371,-0.06022052599999999,0.2331389979468775,0.24079099674902887,0.450381679,0.7557251899999999,-0.5362830001090897,0.2010046319500527,-0.106870229,-0.190839695,0.091603053,1.8704257429916402,,,-0.187446989,0.8804226498660104,0.9001557732316411,1.496183206,2.374045801,-2.006356003600015,-0.011678146446368552,-0.625954198,-0.763358779,0.679389313,1.6621380993075967,,,-0.9889737064444445,0.5970390881113301,1.1552162848450807,1.671755725,1.534351145,-1.9082254128098883,0.1552234545104261,-0.984732824,-1.648854962,-0.473282443,1.4471365638895832,,,9.936611073427594,0.30145239259484835,9.941182684648998,10.508729304611565,1.017058818110966,-0.2581960166664672,0.5812111705026733,9.857447536378265,9.738037867825401,10.161001151383017,1.057090452712328,1.0004600775040526,1.0575767962493696
446,4014,4023,9,2005-12-22 17:12:19,0,0.6748988456666667,1.1939237352107375,1.3714745121152483,2.547430566,3.770867614,-0.9180780609948558,0.1403245171326503,0.50517655,-0.253785376,1.501164441,1.8574392331003329,2.03211862180695,3.774536854458007,0.2716088772222222,0.30250666358197204,0.40654847644212444,0.768538733,0.866701001,-0.7452542505956057,0.780752403736339,0.186747729,0.01436521,0.440533105,1.890398753245378,1.4968158647830156,2.829578844623715,9.866771063333335,0.6193283868341822,9.886189299571935,10.90080016,2.2002713269999994,0.09836129581691289,-0.31484056369385466,9.981426721,9.593566052,10.26633672,1.102629115191229,1.0019680436602771,1.1047991374310182,-0.0008481764444444495,0.18438426832387045,0.18438621913963626,0.282442748,0.5496183210000001,-1.20043348263076,-0.32683179975312937,0.083969466,-0.13740458,0.099236641,1.5317996611563756,,,0.2281594571111111,1.20993072466227,1.2312550898782115,3.022900763,4.160305343,2.1914794578691534,1.2704787435220946,0.328244275,-0.732824427,0.458015267,2.4551376784960195,5.396467477035607,13.249070633648472,-1.3316369806666666,0.44657918265166335,1.4045248358989113,2.122137405,1.335877863,-1.1891457142979043,-0.21094388199927613,-1.503816794,-1.618320611,-0.870229008,1.510929070643175,,,9.974514941612066,0.5403837040542985,9.989142248864505,10.97083028092959,1.894340106910981,0.140142964695249,0.021799155874462912,9.994684515492304,9.740670205747188,10.298190542498865,1.0982755083077005,1.0014664680275747,1.099886094226102
447,4023,4032,9,2005-12-22 17:12:21,0,1.0457340808888889,1.298815000687536,1.6674771884327215,3.83551106,4.402936853,0.8306420746940013,1.0085021380978327,0.699106885,0.272938989,1.987187378,2.3001880245240627,1.594551826230376,3.6677690151780853,-0.012503053000000049,0.8536930519540264,0.8537846059100042,2.358288635,2.8826187990000003,7.5800311434958,-2.694453460851657,0.347159241,0.059855042,0.402225879,2.7621587677683928,,,9.604738992777778,0.9331027048712429,9.64995812308136,10.70208142,2.9855694690000005,0.030264229296003364,-0.7729107614354865,9.840168823,8.899247571,10.42914243,1.1090287940630652,1.0047080019912655,1.1142501038338848,-0.14079728577777778,0.14126657735499568,0.19944954640205176,0.389312977,0.488549618,-0.2738801352616633,0.022748231487517888,-0.129770992,-0.244274809,-0.045801527,1.9519371391059483,,,-0.5190839695555556,1.6680898299540583,1.7469893669526761,3.671755725,5.740458015,-0.07176109818702958,-0.5081163221916687,-0.015267176,-1.366412214,0.564885496,2.1017619193668873,,,-1.4707379135555554,1.0225462400019256,1.7912763112685393,4.27480916,3.8091603050000002,7.6067577831308615,-2.6268292589021622,-1.259541985,-1.312977099,-1.083969466,2.386459940941597,,,9.795884022569455,0.8196196195948392,9.830112924298291,10.721015286336474,2.751353753489597,1.4981181289350207,-1.1967101915943463,9.89774838768021,9.600007082868622,10.446503255636367,1.0906299214362056,1.0034942126356308,1.094440814288485
448,4032,4041,9,2005-12-22 17:12:23,0,0.14285403233333333,1.3437717356420003,1.3513436839176798,3.224989636,5.212177014,2.73901079204124,1.0137058869979878,-0.05746084,-0.308852014,0.500388147,2.386505871437852,9.45961175785697,22.575419001648203,0.6057330201111111,0.26590133890284373,0.6615255200544063,1.039083521,0.825999573,-1.0643117081191584,0.21334615935640158,0.622492432,0.392649072,0.802057556,1.5707383759201639,1.092107410510758,1.7154150203160434,10.084111370666669,1.8978573586368765,10.261148312432722,13.558364,7.893682871999999,4.0336938661664785,-0.8655569569295323,10.13704983,9.974244116,10.51293949,1.3213300877419605,1.0175560280185947,1.3445273957841706,-0.09160305366666668,0.12763293854781488,0.15710278941956604,0.335877863,0.511450382,2.4159990628744143,0.23755353071205382,-0.083969466,-0.122137405,-0.053435115,2.137949709492356,,,-0.14249363855555558,1.0188035878717252,1.028720169768777,2.572519084,3.633587786,6.3457264689237896,2.355181688383885,-0.213740458,-0.770992366,-0.175572519,2.500698595788415,,,-0.8117048346666667,0.5603513325716348,0.9863358223931886,1.938931298,2.0,0.5529530245855963,-0.6462388746303143,-0.641221374,-0.984732824,-0.526717557,1.9657922321988552,,,10.226962503360186,1.7216702385628675,10.370868355903877,13.717566448817983,7.1957127857002625,3.549858944213387,-0.21247407810301175,10.172140149372416,9.982135078600999,10.535880746992659,1.3227018199501988,1.0140712212933614,1.34131384996385
449,4041,4050,9,2005-12-22 17:12:25,0,0.1364694946666667,0.5525369279783725,0.5691405623871422,1.204283435,1.690306372,-0.5319207441526057,0.8327615319542208,-0.076614453,-0.308852014,0.593762012,2.115968382131969,4.170459953539766,8.824561400637705,0.5570509196666666,0.3920776814178563,0.6811979413999144,1.151610999,1.338358728,-0.3101318699642164,-0.3492459449989642,0.509964954,0.287304199,0.849941589,1.6905673505609111,1.2228647639744246,2.0673352441265367,10.113639857777779,0.7561978786596807,10.141870951876715,11.59272444,2.7940333390000003,0.8354777292770041,0.11830853406018481,10.32858596,9.696516724,10.42435403,1.143055802524761,1.0027913881150539,1.146246514906772,-0.06700593722222221,0.11873864030161864,0.13634023736118975,0.305343511,0.45038167900000003,1.2778191339068652,-0.2625325857625062,-0.076335878,-0.091603053,-0.015267176,2.2395700411690664,,,-0.9067005937777779,1.193863073229517,1.4991380871614202,3.816793893,4.320610687,3.474793036607762,-1.6298080948456464,-0.709923664,-1.328244275,-0.145038168,2.5459922109156747,,,-0.6234096693333333,0.954690288937494,1.140207509013097,1.93129771,3.5877862599999997,6.593749500422701,2.375936513494607,-0.900763359,-1.038167939,-0.687022901,1.6938124812663518,,,10.152330232852654,0.7587416310896279,10.180643300874584,11.655318201115309,2.8385315365265757,0.9959727335117163,0.17183357475053745,10.340843004658288,9.698617482275854,10.459363093714364,1.1448508563416657,1.002788824572541,1.148043644541726
450,4050,4059,9,2005-12-22 17:12:27,0,-0.49214145244444446,2.7094837242303322,2.753816490088473,7.371746912,9.739612354,4.6055705636501045,-1.957970977435257,-0.354341846,-0.538695374,1.146822595,2.6769201718895816,,,0.682081451,0.7708928189913912,1.0293254316156573,2.53785376,2.676717456,2.9930535283336113,1.687383678440706,0.316034619,0.234631763,0.912190833,2.465550429485178,1.5090945958236552,3.7207488288667743,11.034010877777778,3.3131931865278794,11.520705062719603,19.61270145,12.190676304,5.338360269063658,2.076902561254677,10.63504377,8.822633118,11.07557688,1.7023872534907323,1.0441085467771303,1.7774770812941185,-0.08396946555555555,0.19491824947434155,0.21223570652420218,0.465648855,0.694656489,0.4279232218231952,-0.2842540241317615,-0.076335878,-0.198473282,0.015267176,2.1940175035858065,,,-2.1441899916666665,4.902614524122896,5.350998027705137,14.66412214,16.587786262,4.707591600819571,-2.02910635106267,-1.27480916,-3.557251908,1.229007634,2.7404461866880836,,,-0.9100932993333335,0.5532555384682141,1.0650640846151869,2.167938931,1.9236641220000001,1.8388393882915466,-1.3456247227915734,-0.740458015,-1.015267176,-0.564885496,2.035500926484896,,,11.303315775529194,3.6884568217751856,11.889897444781727,21.10548299396533,13.310917995722175,6.237434046404093,2.3351345493100153,10.645637229121089,8.991686271689872,11.089539172428507,1.7750769585677266,1.0518946547102963,1.8671939644168016
451,4059,4068,9,2005-12-22 17:12:29,0,0.635261507,0.5204842428536648,0.821255763653969,1.165976208,1.446097802,-0.8519113625353936,-0.756356611227886,0.758961926,0.366312854,1.127668982,1.4197479757247424,1.2927837663772836,1.8354271353639566,0.5315127686666666,0.37342041946473253,0.6495757330203479,1.192312427,1.2665326780000001,-0.4945446756485872,0.10282206739387185,0.514753357,0.251391174,0.797269153,1.8355248916951936,1.2221262993358555,2.243243243226294,9.838838711333333,0.5023452628285701,9.85165457934441,10.6709568,1.6448165410000009,-0.7707032721090008,0.21357471821569715,9.703699329,9.445125549,10.21605848,1.0831639207462054,1.0013025793375712,1.084574827688572,-0.11280746388888889,0.18835628534181156,0.21955321481774964,0.41221374,0.603053435,-0.17965239443215264,-0.2611912908959906,-0.099236641,-0.13740458,-0.06870229,1.8775117474010898,,,0.4062765056666666,1.1359308597245048,1.2063994019938709,3.297709924,4.152671756,4.730770871136306,1.9738198891622856,0.183206107,-0.198473282,0.396946565,2.7335142230257454,2.9694047900069136,8.116910227404675,-0.9601357082222223,0.5297729206848143,1.0965946952700012,1.65648855,1.717557252,-0.34490648413915004,0.7587025383310247,-1.129770992,-1.320610687,-0.564885496,1.510575016590011,,,9.894032996111271,0.509527903890331,9.907144271331747,10.743608009325849,1.6812975974865214,-0.6949082635974055,0.19415603973956833,9.744542525834051,9.492309109583832,10.228779890572778,1.0844303580411736,1.0013251699509824,1.085867412565583
452,4068,4077,9,2005-12-22 17:12:31,0,0.6054669975555557,0.8808727772167305,1.0688906093564743,2.367865442,2.808398547,0.002075692507938598,0.6652028361563319,0.574608398,-0.325611426,0.955286462,2.2152551638802156,1.7653986322489796,3.910808436396622,0.2154781493333333,0.3627002603506475,0.4218794990261387,0.787692346,1.027112512,-1.5698442220129145,0.4700240629475227,0.136469495,-0.064643445,0.636857642,1.8671026864739793,1.9578760089196487,3.6555555560368287,9.857992324,0.598645229251229,9.87615252872029,10.71405243,2.1523872930000003,1.2315088824807745,-0.9236905457744219,9.87847605,9.689334119,10.2400005,1.0848407210037574,1.001842180854217,1.0868391938098654,0.018659881333333333,0.24419822556999984,0.24491011523191647,0.34351145,0.6717557249999999,-1.9622514825219621,-0.01417373831168699,-0.038167939,-0.198473282,0.244274809,1.4026021329282927,13.124955665951527,18.40909081165289,-0.2858354536666667,0.9406303274243794,0.9831008694143873,1.717557252,3.106870229,0.9072665221436731,1.2660098172398861,-0.633587786,-0.893129771,-0.198473282,1.747081408872228,,,-0.887192535888889,0.7989479723047357,1.1939130865296712,1.93129771,2.229007634,-1.9167489526732222,-0.09029928350943607,-0.526717557,-1.664122137,-0.229007634,1.617620019237475,,,9.928868540255799,0.5258019849105283,9.942781211362199,10.75871379533659,1.87552934411897,0.42643769779598184,-0.5563387204877055,9.945804754275871,9.734114378382994,10.248281973421644,1.0820628118661584,1.0014012342947227,1.0835790353871895
453,4077,4086,9,2005-12-22 17:12:32,0,0.42377369377777774,0.7448024061823886,0.8569216812481392,1.364694946,1.977610571,-1.70753094086669,-0.1148776510248579,0.617704028,-0.117315881,1.230619653,1.5925550442512666,2.022120990118607,3.2203389828997526,0.4998561022222222,0.4058841174191576,0.6438928790582492,1.228225452,1.333570325,-0.694998801972607,0.18249792185924918,0.574608398,0.227449158,0.723048901,1.9074996663985309,1.288156483827404,2.457158063169878,10.214994392444446,0.5926379789319569,10.232171334166761,11.29823763,1.7022773759999996,-0.8792850978939248,0.7393217013037555,10.01494554,9.72045874,10.61828436,1.1041876900823075,1.0016815419629619,1.106044428018167,0.026293469000000003,0.18977177418727864,0.19158463610175386,0.366412214,0.72519084,1.2980397549133889,-0.34817239729086447,0.06870229,-0.076335878,0.122137405,1.912534436244628,7.286396332935523,13.935483902865764,-0.4011874468888889,0.7380548354201687,0.8400454199793708,1.503816794,2.2671755730000003,-1.0629355298374854,-0.13341699460386836,-0.41221374,-0.908396947,0.106870229,1.790161291560794,,,-0.8668363016666667,0.5886075479001908,1.0477900645321179,1.916030534,1.6030534349999999,-0.20417409686822552,-1.1424840212832579,-0.526717557,-0.961832061,-0.41221374,1.8286397236030174,,,10.271837098500363,0.5793148031171773,10.288160332111813,11.347631137550614,1.6725096670488124,-0.7216904710331362,0.8463578132772529,10.037751488496545,9.8285034284562,10.633833666122642,1.1029796164948886,1.0015891250469533,1.1047323890297396
454,4086,4095,9,2005-12-22 17:12:34,0,0.6693123751111111,1.5013513709738135,1.6437867850186125,3.394977954,5.3247044919999995,0.1563359107675426,-0.019316540660155247,0.758961926,0.026336218,1.675941162,2.0653396078747273,2.4559336509290315,5.0723370435761135,0.14418414444444444,0.8564832553178952,0.868534762775282,2.051830823,3.0909143439999998,4.9119168826190815,-2.050600165224843,0.464475122,0.01436521,0.593762012,2.3624049501987234,6.0237883029498915,14.23062730583799,9.222996839888888,0.9085432068223044,9.267638397524118,10.51054529,3.4620156029999993,3.318357061015056,-1.3951324921626787,9.306261853,8.949525806,9.76355437,1.1341125796198446,1.004840244273115,1.1396019615384172,-0.06361323155555554,0.21561038337536817,0.22479875588671297,0.465648855,0.824427481,1.3822749005774835,0.010767053646064706,-0.038167939,-0.106870229,0.030534351,2.0714031675275955,,,0.07548770133333332,1.4876443797522867,1.4895583888056072,2.312977099,4.61832061,-1.1253797238123062,0.00483957007214324,-0.045801527,-0.908396947,1.526717557,1.5527938457348058,19.73246452727603,30.64044947913458,-1.0407124682222222,1.5156853308516183,1.8385821884462956,4.72519084,5.3893129769999994,3.41001132018316,-1.664478139407686,-0.79389313,-0.961832061,-0.282442748,2.5700188273840774,,,9.410174372292369,0.8911382491321228,9.452275339621373,10.519593822437368,3.200424191214166,2.6441797356576053,-1.323565612559285,9.391851033528456,9.158660064992397,9.884390151500712,1.1129165671192507,1.0044739837609138,1.1178957377677943
455,4095,4104,9,2005-12-22 17:12:36,0,0.7390102457777776,1.0141672940917832,1.254859133038438,2.303221997,2.834734766,-1.462021930483922,0.4896207395146933,0.380678064,0.004788403,1.699883179,1.8354426695075496,1.6980267055942517,3.1166306694110233,0.5474741127777778,0.684637490252503,0.8766164481807657,1.589749902,2.169146704,-1.0179404420640301,0.0679230991442292,0.373495459,0.10055647,1.280897888,1.813506813954032,1.6012016417232648,2.9037900877795235,9.70130512688889,0.4798979330031934,9.713167515857089,10.53688151,1.4317325959999998,-0.24943653245577124,0.8409681999920232,9.64863269,9.323021265,9.689334119,1.0848038492899632,1.001222762176124,1.0861303064053889,0.1942324002222222,0.6298016914912307,0.6590723753134407,1.946564885,2.129770992,8.186112471533233,2.8142239198296353,0.045801527,-0.145038168,0.099236641,2.953491843857445,3.3932154190515735,10.021834064620144,0.19592875333333337,1.1460159806101038,1.162643842368114,2.610687023,4.038167939,0.7155376033699525,0.9065124913035553,-0.290076336,-0.519083969,1.053435115,2.2454744332386953,5.934013372657505,13.324675314798952,-0.9397794740000001,0.4002026765299202,1.0214439005904479,1.740458015,1.221374046,-0.1479872141282943,-0.9225081977574181,-0.801526718,-1.198473282,-0.564885496,1.7039193380996493,,,9.821054719872176,0.4854227244050778,9.833043833528476,10.619738872509492,1.4170570930492765,-0.6172717713597429,0.6679147174256956,9.71424539334264,9.371136518449505,9.936631471890719,1.0800052407270435,1.001220756222042,1.081323663844499
456,4104,4113,9,2005-12-22 17:12:38,0,0.8089741386666667,1.104611204801024,1.3691621784154882,3.567360474,3.643974927,3.953918203674988,1.9576245926255345,0.287304199,0.095768066,0.945709656,2.60550614838664,1.6924671790770853,4.4097336410279375,0.6983088175555555,0.6068869628429026,0.9251740324633635,2.070984436,2.161964099,1.8336315402184837,1.0916998267965683,0.828393774,0.210689746,0.919373438,2.2384809379980193,1.3248780614026245,2.9657142856215444,9.614581823111111,0.5919677021390695,9.632788246072597,10.17775126,1.6855179710000012,-0.6509725485589439,-0.9534078598216404,9.852139832,9.145850342,10.13226143,1.0565737562174267,1.0018936260875873,1.05857451184566,-0.09584393555555556,0.18625923310236628,0.2094721029126769,0.335877863,0.633587787,2.1555239677658715,1.30601715851573,-0.061068702,-0.236641221,-0.053435115,1.6034491387142762,,,1.1221374045555554,2.5150892323216705,2.7540635797386903,7.809160305,8.664122137,6.189954375757093,2.361712324438787,0.473282443,-0.442748092,1.389312977,2.83550472924846,2.454301557508005,6.959183673315811,-0.5911789651111111,0.7321447858276561,0.9410252686322873,1.671755725,2.847328244,3.699385532548252,1.3836703341668954,-0.595419847,-0.969465649,-0.458015267,1.7765258603839373,,,9.764058502550863,0.4293285613449551,9.773492797092672,10.180382232606325,1.2940651439852608,0.013293260263667506,-1.025598939224927,9.909406600182747,9.441030850516881,10.160877324309395,1.041631936909463,1.0009662267528758,1.0426383895535547
457,4113,4122,9,2005-12-22 17:12:40,0,0.1455142565555555,0.6839569035315375,0.6992649317314324,1.264138477,2.262520569,-0.8133894050119133,0.12281716434075654,-0.093373865,-0.339976636,0.785298145,1.807810487321162,4.805473692293937,8.687385737474925,0.43574470200000004,0.36479616839648477,0.5682866264463957,1.046266125,1.005564697,-1.011137931981314,0.6629625165076617,0.421379492,0.105344873,0.596156213,1.8410887680790606,1.3041733470035297,2.4010989007962737,10.358646493222222,0.6513168432101452,10.379102600985997,11.94227788,2.1811177120000007,3.2290418714807174,1.694236391748542,10.19451067,9.897629663,10.54166991,1.1506079416601493,1.001974785776999,1.1528801458582418,0.03392705688888889,0.1417698405185665,0.14577288111923178,0.34351145,0.511450381,1.4582664181900382,0.8074943837342461,0.061068702,-0.091603053,0.083969466,2.356483917739351,4.296655663255376,10.124999970525,0.5699745547777777,1.0226981937733772,1.1708042486434078,2.335877863,3.099236642,-0.7735132088942462,0.5254931477434656,0.534351145,-0.34351145,0.969465649,1.995105386495261,2.0541342395536977,4.098214285917929,-1.2807463952222222,0.5662224026887991,1.4003282251605846,2.366412214,2.106870229,0.7817089038894949,-0.25294784609057563,-1.099236641,-1.557251908,-1.007633588,1.689898247768753,,,10.398325098606206,0.6422827103680151,10.418142441737944,11.943291820717548,2.150508885916457,2.9593601015905895,1.6422987024743894,10.253697124359205,9.948837876182932,10.55964806822672,1.1463936001555743,1.0019058206916798,1.1485784207995602
458,4122,4131,9,2005-12-22 17:12:42,0,1.6083714708888888,3.0739271835178954,3.4692776075055667,9.955090503,10.764330664,7.072331360277136,2.562809597329585,0.51954176,-0.011971008,1.549048474,2.8694995411905864,2.1570126493155355,6.189546807553221,-0.17796899022222223,1.2350894073005185,1.2478456657402244,3.066972327,4.149151477,2.352507687531495,-1.6062815151155403,0.320823022,-0.349553442,0.610521423,2.457813823619499,,,8.676054772555554,3.776157544391534,9.4622033489272,11.61187805,12.876016526999999,5.776025946551821,-2.3277768334351756,10.00776294,9.380482104,10.39083521,1.2271854262481605,1.0906112970676975,1.3383822894630817,0.12807463955555554,0.34765715824559024,0.3704977907851609,0.694656489,1.152671756,-0.21320229006183578,-0.06905552418931835,0.122137405,0.030534351,0.236641221,1.8749274793997563,2.8928271207388274,5.423841061826105,-0.6055979643333333,1.2582021815751385,1.3963601341076433,2.335877863,4.358778625999999,2.4563586049895783,1.3398149613241668,-0.709923664,-1.564885496,-0.267175573,1.6728333944400124,,,-0.9660729433333333,0.994986500840398,1.386829141853945,2.755725191,2.877862596,-0.30262788751926006,-0.9676064060142615,-0.916030534,-1.053435115,-0.160305344,1.9870689963408783,,,10.073907125939487,1.2816759956560715,10.155111921583895,11.690239227618132,4.639910052048104,2.9310581670899314,-1.2914741715331721,10.21618332793969,9.744810762757545,10.493245077979283,1.1511679357045237,1.0080609037416388,1.1604473896246992
459,4131,4140,9,2005-12-22 17:12:44,0,-0.04628789877777777,0.8570327907231579,0.8582818732491011,1.8746599,3.203441821,2.016841445085916,1.0493223687239148,-0.11492168,-0.486022937,0.122104285,2.18420073687833,,,0.2644262723333333,0.733109875014129,0.7793403251104963,1.570596289,2.748543506,4.377285647696457,-1.7553307048396378,0.354341846,0.217872351,0.63446344,2.0152893907771525,2.9472877949437155,5.939637824717057,9.296685046222223,2.5448955914371005,9.63871601511155,10.86009873,8.659827404000001,8.289453133938483,-2.8402421504705155,10.13465563,9.564835632,10.35731638,1.1267163295374167,1.0367906374356861,1.168168941510295,-0.04919423255555555,0.13769224010214934,0.14621636536680163,0.236641221,0.435114503,-0.12741657529047945,0.5947522295828906,-0.053435115,-0.106870229,-0.053435115,1.6184318383674534,,,0.9185750635555555,3.9298753157284305,4.035802292550729,11.75572519,13.82442748,7.783908073968652,2.711554790098316,-0.061068702,-0.885496183,0.381679389,2.9128595351904827,4.393546540365716,12.797783933407432,-1.0517387617777778,1.4124396480932617,1.7610054464798428,4.832061069,5.259541985,6.578083838099495,-2.381692642641797,-0.687022901,-1.022900763,-0.427480916,2.7439217060112084,,,9.430779038189783,2.304185814794319,9.708185491442734,10.889467690265414,7.877221351631268,8.240883290452897,-2.828182642988187,10.203529358867096,9.669295161976587,10.396256876267719,1.1216789893295631,1.0294150093146703,1.1546731872487623
460,4140,4149,9,2005-12-22 17:12:46,0,0.996253912888889,0.9253928868468,1.3597330083413715,2.403778467,2.753331909,-1.095366682687402,0.14921110809946234,1.120486377,0.062249243,1.357512341,1.7678312229341078,1.3648458397503136,2.412817090002326,0.4437253743333333,0.5858096084499699,0.7348912199635833,1.108515369,1.9273323370000002,0.9138066690180757,-1.0630733072252334,0.62009823,0.251391174,0.782903943,1.5084074198830832,1.6561847991400234,2.498201439720385,9.724981121222221,0.8702456988243019,9.763840708678671,10.87446394,2.468421911,-1.5001556290052376,-0.1594972864161658,9.627084875,9.162609753,10.40041201,1.1137486020571947,1.0039958522255277,1.1181989768874032,0.016115351999999996,0.19433422888591348,0.19500127457728705,0.335877863,0.641221374,-0.4685357741636498,-0.16388007298307758,0.0,-0.076335878,0.167938931,1.7224393211177589,12.100342243674671,20.84210527948754,-0.23748939777777778,1.101457588373252,1.1267697338151532,1.786259542,3.145038168,-1.9636083330301006,-0.09243784634988227,0.259541985,-1.312977099,0.671755725,1.5852924412087877,,,-1.1255301104444446,1.201966843333151,1.646676143626713,3.977099237,4.083969466,2.669821516730673,-1.5154074284835513,-0.755725191,-1.572519084,-0.320610687,2.415228551402135,,,9.850551292564981,0.8295562525530459,9.885419785907095,11.148297890702686,2.4665799890558677,-1.3455265693168772,0.05198154507350753,9.752832992261535,9.261166300820925,10.406129185489734,1.1277515909436626,1.0035397504471075,1.1317435501419317
461,4149,4158,9,2005-12-22 17:12:48,0,0.5163494913333334,0.6594537176817603,0.8375535821453377,1.704671582,2.035071411,-0.7671969969457941,0.4565432154754135,0.567425793,-0.141257898,0.766144531,2.0352985389109044,1.622067216494358,3.3013910357462444,0.3955753187777778,0.3225233980773589,0.5103931574125059,0.69192428,1.003170496,1.079452467164379,-1.3211213785474685,0.466869324,0.284909998,0.63446344,1.3556691933484883,1.2902553146881979,1.7491593816769493,10.120290418555555,0.4117609247396455,10.128663545357297,10.63983218,1.2856862940000013,-0.24000720167508227,-0.9734867062191424,10.29027874,9.933542688,10.37407579,1.0504675303265465,1.000827360328157,1.0513366454871558,0.04325699744444445,0.16109101047785254,0.16679772625753703,0.282442748,0.557251908,0.10519906658111555,-0.5941447624580233,0.076335878,-0.083969466,0.145038168,1.6933249291654382,3.855970966818897,6.529411764252594,-0.6946564884444445,0.8977609859017754,1.135131016555047,1.938931298,2.389312977,-1.7125626055194778,-0.16742381077041274,-0.809160305,-1.526717557,0.0,1.7081123409739667,,,-0.8210347749999999,0.5483222762927742,0.9872970274634629,1.664122137,1.5954198469999998,-1.341754075660706,-0.023241095076504292,-0.938931298,-1.198473282,-0.351145038,1.6855334217661102,,,10.16870658310273,0.3863014624758496,10.17604158762865,10.663851870795254,1.1513798384574212,-0.45417479283755924,-0.9230508410246798,10.332701459194034,9.973865094117544,10.39425190191887,1.047937135374884,1.000721331121709,1.0486930450442244
462,4158,4167,9,2005-12-22 17:12:50,0,0.3479573077777778,0.9118762294939878,0.9760084763730955,2.238578552,2.8802245969999998,0.16016858090204522,0.8479816901795961,0.229843359,-0.452504114,0.957680664,2.2936056460479612,2.804966168425528,6.433486240874307,0.30486167799999997,0.38361224283650924,0.4899989750673287,0.806845959,1.247379064,-0.1694938633211347,-0.7549021195877585,0.423773694,0.184353528,0.574608398,1.6466278503728191,1.6072829431429185,2.646596857608322,10.002708513444443,0.5790366194605534,10.019454127426817,10.90080016,2.018312001,0.33581438476183756,-0.24962469087088987,9.923965881,9.765948572,10.27351932,1.087963477986353,1.0016741079638447,1.0897848463092221,-0.059372349555555544,0.22718465198283036,0.23481469713011327,0.427480916,0.671755725,-1.2533333300760994,0.007375660104949159,-0.06870229,-0.190839695,0.183206107,1.8205032360607665,,,-0.6743002543333333,0.7468876084913574,1.0062414882680684,1.717557252,2.114503817,-1.2433491039422093,-0.0018288902989469365,-0.625954198,-1.244274809,-0.122137405,1.7069036329999079,,,-1.346904156,0.9705510483246482,1.6601566621419035,3.877862595,3.465648855,5.491364358539984,-2.17669147353823,-1.160305344,-1.458015267,-0.740458015,2.335841359692436,,,10.065443378366277,0.5186541719025215,10.078797177894266,10.917365040995024,1.746547234231521,-0.16992334615978066,0.15428008420447398,9.941491615218847,9.85466491090483,10.28526350084648,1.0832011844568101,1.0013266975955268,1.0846382648637007
463,4167,4176,9,2005-12-22 17:12:52,0,1.126338869888889,1.4582765518516148,1.8426094951190324,4.951209033,5.4875102049999995,5.8330213119035825,2.1983344493246455,0.775721338,0.454898315,0.976834277,2.687063670362858,1.6359281779033357,4.395843174166959,0.47990442177777776,0.5697374004203192,0.7449221163850395,1.635239734,2.0422540160000002,0.7124467443208529,0.6189918468769787,0.509964954,0.10055647,0.54827218,2.1951821513039467,1.5522301578833535,3.4074279373012453,10.042611875777778,0.6991197405204831,10.066917189442767,11.58075343,2.528276952999999,2.0677279767766104,0.681668829543726,10.13704983,9.940725293,10.17775126,1.1503773411531388,1.002420218362079,1.153161505517517,-0.0033927054444444433,0.12388022419884258,0.12392667347180858,0.267175573,0.465648855,1.8066758021922062,0.9715530543135571,-0.030534351,-0.061068702,0.007633588,2.155916603867999,,,0.14503816811111114,1.2075822244470977,1.2162610324307968,3.160305344,4.335877863,4.15168972108788,1.783573129274116,0.007633588,-0.702290076,0.503816794,2.5983775355228413,8.385799739962525,21.78947366171191,-0.6819338422222222,0.7157322541009906,0.9885880965945563,1.770992366,2.160305343,-1.3060501217391973,0.1280741880492422,-0.908396947,-1.106870229,-0.099236641,1.7914360612884523,,,10.240219237484883,0.6563919395644587,10.261234838462702,11.812064863549768,2.719442659520679,4.368746980620923,1.123560474281683,10.188060930424497,10.082580445087133,10.259720382478278,1.1511348341111942,1.0020522608442688,1.1534972630577145
464,4176,4185,9,2005-12-22 17:12:53,0,0.3514155991111111,1.5133293880084269,1.5535954299329608,2.48039292,4.654328027,-0.8681088716475291,-0.4485270036281636,0.639251843,-0.569819995,1.561019482,1.5965500877580667,4.420963195324015,7.05828917746974,0.3812101087777777,0.4517438018770402,0.5910952626850327,0.916979236,1.386242761,-0.5078195283035143,-0.6878540086825095,0.454898315,0.124498486,0.833182178,1.5513222552903725,1.5505760447438848,2.4054431267313086,9.997654088555556,1.8520046263139214,10.16774352598942,12.64377897,7.180210782,3.9944197950180538,-1.509682111961729,9.947907898,9.722852942,11.04684646,1.2435186762610277,1.0170129348272379,1.2646745784567097,-0.11620016955555555,0.18407968754702803,0.21768741528198482,0.519083969,0.656488549,1.412071617548568,-1.0903407462051444,-0.114503817,-0.129770992,0.0,2.384538253291291,,,-0.08990670066666658,2.8042623750164815,2.8057032421048813,6.34351145,10.931297709999999,2.807947404801279,0.9930882550250795,-0.34351145,-1.328244275,0.541984733,2.260934568846633,,,-1.0873621713333332,0.6549789447272741,1.2693911570838972,1.877862595,2.244274809,1.4462473338743953,1.1301964340340838,-1.27480916,-1.442748092,-0.893129771,1.479341166448576,,,10.150857504230261,1.7624280718909564,10.302721037656852,12.862036829791638,6.84347100075835,3.1166311385650323,-1.1591833704736687,9.993311689267134,9.848154701666596,11.224104713697391,1.2484116363803683,1.0149606605514168,1.2670886991006938
465,4185,4194,9,2005-12-22 17:12:55,0,0.6496267171111111,1.4055910060728574,1.5484511448339164,3.756502405,5.377376929,2.0661105217251885,0.8761553393495244,0.502782349,0.076614453,1.08217915,2.425974121000062,2.3836013883786618,5.782555282986451,0.6193001627777778,0.713011316507941,0.944414013600481,2.281674182,2.375048047,2.231849168946031,1.5581043786879234,0.306457813,0.215478149,0.837970581,2.415968155005825,1.5249697486990057,3.684278350204033,9.841764957111112,0.826451686582123,9.876404196936997,11.1043073,3.203441821,3.1360716142481007,-1.1800463876836242,9.780313782,9.756371765,10.26873092,1.1243269390942725,1.0035196166517732,1.1282841389111458,0.223918575,0.621000694408073,0.660137402883172,1.93129771,2.122137405,7.624245771148088,2.691113898680913,0.007633588,-0.06870229,0.13740458,2.9255995820945655,2.948113629622607,8.625000002791193,0.17302798988888884,1.4123856575944225,1.4229448095633994,2.419847328,4.748091603,-0.5783631514690679,-0.24141096583645943,-0.091603053,-0.763358779,1.419847328,1.7005911344815117,8.223783969733184,13.985294110819423,-0.7955894827777779,0.3911923533595805,0.8865630730148978,1.351145038,1.091603053,-1.8072659659226447,-0.001598117418618317,-0.900763359,-1.190839695,-0.480916031,1.5240258466949428,,,10.025559050360071,0.5666960084916937,10.041562559596844,11.120040688315612,2.0789664872690317,0.6644157844628014,0.39828915914301155,9.916704085784112,9.769322997147116,10.303149963792334,1.107401425058897,1.001596271006573,1.109169137846356
466,4194,4203,9,2005-12-22 17:12:57,0,0.24873095022222222,0.6220302448802743,0.6699169434670716,1.060631335,2.0518308220000003,-0.13723456732399786,-0.6664173523128942,0.411802686,-0.229843359,0.775721338,1.583228108115664,2.693339702471895,4.264171121657383,0.47511601833333333,0.1875478721380624,0.5107929475045982,0.785298145,0.579396802,-1.0597372117809596,0.15177660837649765,0.44771571,0.339976636,0.653617053,1.5374099208621719,1.0750909836641933,1.652855544114802,10.009891119,0.9206088112816312,10.052136131074054,10.88882915,2.674323253999999,-0.20331244648815083,-1.0646632617904608,10.59913075,9.76355437,10.72123503,1.0832353450068672,1.004220326831914,1.0878069521986775,-0.08057675988888889,0.18278546239534285,0.19975770197234186,0.381679389,0.564885496,-1.1406709812425784,-0.3440614960920881,-0.045801527,-0.251908397,0.083969466,1.9107117534464164,,,-0.11026293477777777,0.8685541902446826,0.8755251545086553,2.0,2.977099237,1.0681771983104644,-0.9410386247302869,-0.099236641,-0.480916031,0.595419847,2.284343276376108,,,-1.0,0.41370321184733805,1.082197000315933,1.65648855,1.488549619,0.47228650302328834,0.5550292492157446,-1.145038168,-1.221374046,-0.702290076,1.530671910489874,,,10.046416111837623,0.9081091629416382,10.087375225697176,10.96201486303769,2.698764009661245,-0.14161368444276956,-1.0638311909537794,10.610968596204222,9.801024701345609,10.738478075485219,1.08670636491368,1.0040769875947395,1.0911368532825574
467,4203,4212,9,2005-12-22 17:12:59,0,0.3240152914444445,0.9420925786594164,0.9962551559991933,2.358288635,3.49074602,1.5799406349538998,0.6839850641534879,0.411802686,-0.186747729,0.696712683,2.3671532546647214,3.0747164788363412,7.278325120048697,0.4341485678888889,0.4927817902945828,0.6567487128620103,1.438915198,1.388636963,0.6726575296070116,1.476369371608052,0.17238252,0.11492168,0.411802686,2.1909676712260735,1.5127280415908022,3.3143382344825785,9.981426722222224,0.8430582073295622,10.01696693375982,10.98220302,3.0980969529999998,4.059717436778605,-1.7698057111864802,10.12029042,9.885658655,10.51054529,1.0963601150550952,1.0035606344189725,1.1002638526163488,-0.04919423233333334,0.16951649776741,0.17651038357613497,0.312977099,0.534351145,0.600404462656341,1.1047660437816844,-0.099236641,-0.198473282,0.076335878,1.7731370396405164,,,-0.48006785411111114,1.386413309588052,1.4671765434172341,3.145038168,4.908396947,0.05465142687840352,-0.4059721560644047,-0.13740458,-1.564885496,0.427480916,2.1435989977557988,,,-0.534351145,0.4357910309047139,0.6895251763204912,1.213740458,1.3587786259999999,-1.3985634693143707,0.06671003007296301,-0.709923664,-0.847328244,-0.190839695,1.7602554622832998,,,10.05879579659524,0.7642623123878515,10.087788150022703,11.041034819883151,2.8115058049481174,3.075826793350231,-1.491965266643559,10.223777670042802,9.910306933024032,10.519494648907976,1.0944951118802295,1.0028822886967521,1.0976497627698523
468,4212,4221,9,2005-12-22 17:13:01,0,1.7121202094444443,1.6874943860749296,2.4039536007632285,5.525817432,6.124367847,1.965541789990878,1.2087424108477778,1.517923853,0.775721338,1.810016455,2.298637307411264,1.4040799165283337,3.2274704787189212,0.30246747644444444,0.5329667133372541,0.6128132601634738,1.043871924,1.668758557,-0.9191704984016065,-0.44167391316910776,0.445321509,-0.047884033,0.689530078,1.7034094916966014,2.0260467914342253,3.4511873351505042,9.288704375,2.164250300669772,9.537505351510601,11.31499705,7.843404643,6.715257971282821,-2.4314572467138476,9.624690674,9.461884961,10.27830773,1.1863686187298308,1.026785326183944,1.2181458891569041,-0.06955046644444446,0.2373500135218428,0.2473303384169818,0.526717557,0.839694656,0.33467242948938924,-0.501570532844657,-0.076335878,-0.106870229,0.099236641,2.129611597069789,,,1.2849872773333333,1.2761315281892773,1.8109953009732613,3.549618321,4.4885496190000005,-0.002507363007703489,0.020672120532617584,1.152671756,0.786259542,1.984732824,1.960037289490686,1.4093488184034981,2.7623762379704933,-1.432569974666667,1.2092592551072407,1.8747172262447938,3.900763359,4.244274809,1.0257298544834468,-0.3556112106819518,-1.549618321,-1.877862595,-1.122137405,2.0807209238768962,,,9.768660310356015,1.3006986881761469,9.854873988872106,11.344659239946601,4.808000676935847,4.1135783449476335,-1.7117393839545751,9.892846184631855,9.584418374210609,10.4308123609667,1.1511724302874624,1.0088255375637019,1.1613321458132624
469,4221,4230,9,2005-12-22 17:13:03,0,0.6911262125555555,0.4729906817585779,0.8374817172403414,1.565807886,1.446097803,-0.8698244071553018,0.5110039301196527,0.53390697,0.234631763,1.074996545,1.8696621714437294,1.2117637878957184,2.2655889149539874,0.21228588055555553,0.5577148177269772,0.5967504612444661,0.928950244,1.8315642699999999,0.2391814747663341,-0.9007663544739063,0.332794031,-0.110133276,0.553060583,1.556681233329528,2.811069957562701,4.375939848514289,9.631873278666667,0.5653403640330199,9.648450268488611,10.6709568,1.8938135140000014,-0.5611412497726951,0.2202640171571449,9.780313782,9.155427148,9.945513696,1.105976245206015,1.001721055639162,1.107879691859606,-0.04664970322222222,0.15683238438593172,0.1636233223073595,0.267175573,0.503816794,-0.6471142499493192,0.5144752733837202,-0.091603053,-0.145038168,0.06870229,1.6328697476153307,,,0.03307888066666666,0.45103530733510344,0.45224668136873136,0.832061069,1.480916031,-0.5219897771799387,0.41148324677252957,-0.091603053,-0.27480916,0.229007634,1.8398389712485113,13.671764952568573,25.153845965485214,-1.0949957591111112,0.43510871712141924,1.1782764141687492,1.664122137,1.419847328,-0.09914708733489874,0.4776856370964778,-1.106870229,-1.374045802,-0.809160305,1.4123359484998308,,,9.688224893488862,0.5370081343778663,9.703096378126173,10.676816070276164,1.809130086732166,-0.523924255699268,0.22341197814673502,9.826305893037025,9.304809326722578,10.044081457705202,1.1003514398089522,1.0015350061338177,1.102040486018414
470,4230,4239,9,2005-12-22 17:13:05,0,0.4900132732222222,0.7523484277134954,0.8978536432052414,1.594538306,2.789244934,2.019204557138816,-1.0298073622570187,0.569819995,0.459686719,0.814028564,1.7759445741152966,1.8323047400352002,3.254071661191253,0.2795895494444445,0.37374396704836577,0.4667492571644837,0.876277808,1.446097803,2.5519751848613366,-0.9570708104105184,0.239420166,0.165199915,0.454898315,1.8774058973835654,1.6694088104935716,3.134157945964714,10.134655627222223,0.49908752873210427,10.146937126232869,11.17852755,1.7836802360000004,1.2854849723284634,0.47184944205291146,10.12747302,10.04846437,10.33098016,1.1016652030985943,1.0012118319025718,1.1030002361376623,-0.015267175777777777,0.13787498407817275,0.1387176913403116,0.229007634,0.427480916,-1.4312023589060745,0.1049223628557831,-0.076335878,-0.114503817,0.091603053,1.650889888573643,,,-0.10771840544444444,0.7109256697530074,0.719040028639057,1.007633588,1.946564886,-1.6033134248191656,0.4291267187737415,-0.267175573,-0.732824427,0.770992366,1.4013595180607266,,,-0.7837150126666667,0.5631176057706619,0.9650443818851007,1.732824427,1.702290076,-1.0729215300969752,-0.2703338525825776,-0.870229008,-1.076335878,-0.290076336,1.7955903992883013,,,10.185281234743607,0.49434324773703897,10.197270668046597,11.251388118365039,1.838216247320604,1.744434709066657,0.6116836820062577,10.202768667073839,10.087369420594735,10.358356525306831,1.1033725086479802,1.0011771332599135,1.1046713251259839
471,4239,4248,9,2005-12-22 17:13:07,0,0.790884615,0.3860501179579541,0.8800756602810059,1.419761584,1.462857214,1.7965515019508604,-0.8927011963549334,0.885854614,0.785298145,0.945709656,1.6132267350135256,1.11277377709643,1.7951564072339428,0.3426368596666667,0.1897401903051933,0.3916648534388629,0.665588062,0.603338819,-0.8844901886959304,-0.05278366101248454,0.409408484,0.215478149,0.464475122,1.699381642636707,1.1430902496009712,1.9425465860489017,9.85772630177778,0.44398366587121463,9.867719561090183,10.83376251,1.4317325909999994,1.0228525753652962,1.1581947057480872,9.667786304,9.524134204,10.15620344,1.0978993112774567,1.001013748911917,1.0990123055096588,-0.013570822777777778,0.11575666182826048,0.11654944010370925,0.20610687,0.35114503799999996,-0.5313206277076743,-0.4898406406875384,0.015267176,-0.053435115,0.030534351,1.768407208276589,,,-0.03138252766666663,1.094404635432539,1.0948544967706795,1.770992366,3.389312977,-0.897128346183873,-0.037186572463629865,-0.335877863,-0.496183206,0.854961832,1.6175595672517382,,,-0.9745547072222221,0.42561387984535665,1.063439726588211,1.702290076,1.27480916,-1.1957169423814085,-0.4969515704669188,-0.893129771,-1.381679389,-0.633587786,1.6007395938285902,,,9.90560249458022,0.4229220742953508,9.914626763603366,10.864323915104814,1.3892839280897409,1.5787673034877683,1.303526231695396,9.731075885287915,9.580364062692311,10.156485638066298,1.0957874839008352,1.000911026767739,1.0967857756304225
472,4248,4257,9,2005-12-22 17:13:09,0,0.2596378687777778,0.7552415949615344,0.79862487418281,1.338358728,2.0949264530000002,-1.5179256007251576,0.24086161740416268,0.090979663,-0.222660754,0.921767639,1.675829004661883,3.0759183086129376,5.154713117544081,0.22611904555555556,0.6819839160144096,0.7184927866480669,1.436520996,2.487575525,3.5399485438447673,-1.5996618525382686,0.385466467,0.095768066,0.624886633,1.9993534001944526,3.177497874550064,6.352941179592317,10.121088484222222,0.5168790030215114,10.13427826780083,10.93431898,1.7788918320000011,-0.3055217950307618,-0.3017913666809918,10.2423947,9.797073193,10.47223806,1.078944024533163,1.0013031981292497,1.0803501023674997,0.0025445292222222304,0.14802075904307543,0.14804262810640362,0.213740458,0.427480916,-1.5975295103337643,-0.14903007946836738,0.053435115,-0.160305344,0.091603053,1.4437764361112055,58.18075375731491,84.00000130999975,-0.6522476674444444,1.2902751208026881,1.445765163174542,3.335877863,4.3893129779999995,0.3965209217198371,-0.820505884342281,-0.20610687,-1.282442748,0.244274809,2.3073441994377832,,,-1.4054283289999998,1.048163503676064,1.753247135572796,3.809160305,3.7709923659999998,2.3340759890781424,-1.0935841372101727,-1.435114504,-1.755725191,-0.824427481,2.1726317001827153,,,10.17998951201752,0.4748085072555938,10.191056352672621,10.967125948058614,1.6049093180152418,-0.6718998101162699,-0.05712231008432616,10.279038284626932,9.82936305971861,10.527007664913103,1.0761520266917637,1.001087117097914,1.0773219299599353
473,4257,4266,9,2005-12-22 17:13:11,0,1.3418170193333332,1.0364402298179853,1.6954885028680524,3.145980981,3.0741549310000003,-0.029368132796544266,0.958228876002613,1.113303772,0.914585034,1.285686292,1.8555012173060008,1.2635765372170022,2.344567802965449,0.30778792455555554,0.5826066838274765,0.6589111886610103,1.276109485,1.644816541,-1.3163276813208968,0.560406547134276,0.280121594,-0.210689746,0.775721338,1.9366942115419434,2.1407961004723473,4.1460674158763595,9.211291854444445,0.737882093788653,9.240799078655941,10.21845269,2.1906945229999994,-0.9072609195420887,-0.60247465582836,9.619902271,8.827421521,9.643844287,1.1057975184854096,1.0032033752352836,1.1093398028713637,-0.032230703888888886,0.1391267896463342,0.1428113506359651,0.351145038,0.473282443,1.8780139706701977,-1.3504816979638308,0.015267176,-0.076335878,0.061068702,2.458803424491729,,,0.897370653,0.7882712731000459,1.194422742943391,2.465648855,2.618320611,0.13010710684517335,0.7929964749104108,0.870229008,0.213740458,1.076335878,2.0643016633490694,1.3310249660497766,2.7476370513756927,-1.2926208650000002,0.5009169378740426,1.386285136356318,2.198473282,1.6641221370000001,-0.30437215782250426,-0.025283663055845677,-1.465648855,-1.603053435,-1.061068702,1.585873803551281,,,9.400881662608443,0.5697690721873586,9.418132130629138,10.339294107225374,1.722127940638261,-1.2861240746853424,-0.023775871465029325,9.637587792340135,8.921227501054636,9.74717604774402,1.0978072895792663,1.0018349840621128,1.0998217484589154
474,4266,4275,9,2005-12-22 17:13:12,0,0.44292730711111106,0.9919285318015761,1.0863272120253322,2.614468213,3.531447449,1.4854063834870441,1.1578127280015262,0.270544788,-0.002394202,0.46208092,2.4067041532777442,2.452608350364861,5.902702703186788,0.6405819552222222,0.7539409169644693,0.9893291401902352,2.190694519,2.516305945,0.3392239128429617,0.7833944983536573,0.459686719,0.186747729,1.21146604,2.214323251995547,1.5444224304554914,3.4198504986610705,9.72365100988889,0.7948525159718115,9.756084229047017,10.60152495,2.6862942619999997,1.8462620991055445,-1.3040525657315825,9.842563025,9.516951599,10.33337437,1.0866577923175194,1.0033354980680758,1.090282337284454,0.013570822777777778,0.18241906779821476,0.18292316290518137,0.381679389,0.610687023,1.045186350327115,-1.1762585310149816,0.076335878,-0.022900763,0.129770992,2.08655581358958,13.479150520240973,28.12499988025781,-0.02035623411111118,1.5340831653548546,1.5342182160606608,3.282442748,5.0,0.9684370419169372,1.2694791855570493,-0.41221374,-1.076335878,0.13740458,2.1394888377926917,,,-0.7489397795555557,0.5290839939814318,0.9169736452527236,1.541984733,1.748091603,-0.37882935969567644,0.366764670907786,-0.664122137,-1.114503817,-0.610687023,1.6816020187526977,,,9.843362730585987,0.6695286383620882,9.8661065493677,10.680054861133362,2.3378522933587025,1.681946241848694,-1.1188695381445166,9.868565257513215,9.645426125338581,10.342247578840928,1.082499444709304,1.0023105740796325,1.0850006398674659
475,4275,4284,9,2005-12-22 17:13:14,0,0.9113927653333334,1.0533810135689785,1.3929279710198763,2.521094348,3.311180896,-0.5988142150591074,0.14015496587983112,0.895431421,0.438138904,1.441309399,1.8099244185283327,1.5283509196064617,2.7661996494759684,0.1894079534444445,0.6640182517370218,0.6905038822974884,1.35511814,2.3678654420000003,2.5785525290397695,-1.1904582485306443,0.148440503,0.021547815,0.600944617,1.962506185325367,3.6455907460085673,7.154494388206732,9.510567062,0.7946730059789767,9.543709500358387,10.5225163,2.6839000649999996,0.7199000460690428,-0.7998250659416271,9.722852942,8.966285217,9.868899243,1.1025604142293786,1.0034848014994615,1.1064026184141322,-0.004240882000000003,0.1287497164842327,0.1288195426746587,0.259541985,0.43511450399999996,0.40040531759277,0.5943280698445261,0.015267176,-0.099236641,0.061068702,2.014771824299116,,,0.1433418151111111,1.1013654920193408,1.110654231959863,1.992366412,3.3435114500000003,-0.5480657390646995,0.6266156636986838,0.198473282,-0.603053435,0.358778626,1.7938673933509133,7.748291948856247,13.899408281216624,-1.005937235,0.35010684340643,1.065121834608351,1.374045802,1.061068703,-0.3326078543730917,0.8114861200695894,-1.114503817,-1.328244275,-0.854961832,1.2900362731792474,,,9.641686665148654,0.7330165224898146,9.669510585916354,10.554463488821964,2.3371866899756277,-0.2897329239033217,-0.5420131116528718,9.742216612016856,9.137685728560966,10.275574638596158,1.0915199269955342,1.0028857939211273,1.0946698285656473
476,4284,4293,9,2005-12-22 17:13:16,0,0.6403159328888888,0.3993257730074034,0.7546294235578999,1.295263098,1.180341418,-1.560945482922543,0.24295263521423055,0.62009823,0.306457813,0.981622681,1.7164227335493225,1.1785267003325488,2.0228500205456568,0.385200445,0.32205437694594674,0.5020940196200707,0.802057556,0.8188169679999999,-2.0377834232163714,-0.040945430647408756,0.500388147,0.04309563,0.636857642,1.5974250332774498,1.3034616811516682,2.082182319389584,10.028246664555555,0.4136238676025715,10.03677318011223,10.70926403,1.3024457070000004,-0.6243688116237913,-0.03987403647424779,9.998186133,9.923965881,10.37407579,1.0670026947724898,1.0008502498833431,1.067909913689247,-0.17217981355555556,0.0984250172370623,0.19832642843086215,0.320610687,0.282442748,-1.428537705183912,0.1949268551014262,-0.183206107,-0.229007634,-0.053435115,1.6165807529366512,,,-0.2943172178888889,1.0776981802131924,1.117164263830831,1.946564885,3.450381679,0.655904899797604,1.2283735102163988,-0.526717557,-1.076335878,-0.198473282,1.7424159973799185,,,-0.9745547074444444,0.43233042312651515,1.0661456150840178,1.664122137,1.167938931,-1.127457359307654,-0.6539899580121237,-0.854961832,-1.259541985,-0.58778626,1.5608769697644522,,,10.069972418235565,0.3924733576087444,10.077617766141843,10.726094786450501,1.2681830228700885,-0.633661679757382,0.033834289072013066,10.038122680015418,9.943320690509005,10.408534461575037,1.0643482453251374,1.000759222328398,1.0651563222781795
477,4293,4302,9,2005-12-22 17:13:18,0,1.835554606222222,3.116427050001581,3.616818805304625,9.095572107,11.200075366,2.416215100204191,1.4520376511716062,0.967257471,0.07182605,2.573766785,2.5147989425569053,1.97042288638225,4.955217391064007,0.06331333277777776,1.1797226658827324,1.1814203936384757,2.827552161,4.422090467,3.88375697171268,-1.5478111441736362,0.248996973,-0.093373865,0.452504114,2.393349713806662,18.65989897870517,44.65966388034524,8.806139727666668,3.460809724056947,9.461781061159483,14.09466517,13.170503329,2.419622741109774,-1.1528340761903142,9.952696301,8.286331946,10.43632504,1.4896418632913058,1.0744527515766022,1.6005497988770403,-0.21798134033333333,0.6847962325360158,0.7186527289512211,1.938931298,2.580152672,4.462885192862945,-1.8472434873224517,-0.053435115,-0.145038168,0.122137405,2.6980086763597413,,,0.6827820188888888,5.763975061428479,5.804274269371445,11.61068702,21.95419847,1.8743554720999729,-0.4753963974141432,0.152671756,-0.389312977,1.496183206,2.000368432151526,8.500918461234393,17.004968934147406,-0.7769296013333334,1.3390887269243201,1.5481531655504144,3.198473282,5.045801526,1.233844137134665,0.020034499228701506,-0.541984733,-1.106870229,-0.213740458,2.0659927926852433,,,10.050943477088701,1.7265481419857467,10.198158327179781,14.253857210772624,6.6126186730375025,3.7669708716381347,1.4915420619546087,9.962809645237266,9.15113392185599,10.446377328776542,1.3976893428673032,1.014646868766764,1.418161115248985
478,4302,4311,9,2005-12-22 17:13:20,0,0.7342218424444443,0.7216734376721841,1.0295116631510797,1.697488977,2.042254016,-1.73807540805472,-0.01191019120607538,0.708683691,0.181959326,1.391031165,1.6488292826177486,1.402180653906355,2.3119565216809006,0.44957786744444445,0.2879679956265506,0.5338968302968913,0.976834277,1.0654197380000001,0.8713559901469514,-0.22073590719979846,0.481234534,0.387860669,0.550666382,1.8296311601190787,1.1875514097963604,2.172781063606762,10.146360613111112,0.6489512875012448,10.167092576781329,11.32217965,2.0661960320000006,-0.9439407262321353,0.45571191096703934,9.828197815,9.758765967,10.70686982,1.1136103624999494,1.002043290639939,1.1158857921301848,-0.056827820444444455,0.135559715206756,0.14698924301935432,0.366412214,0.496183206,2.221252118785536,-1.1455842003484953,-0.053435115,-0.083969466,0.022900763,2.4927825089333506,,,-0.5479219676666667,1.024569030440528,1.1618778682759885,2.534351145,3.236641221,-0.21125600189105498,-0.8242105133252587,-0.236641221,-0.908396947,0.259541985,2.1812543419563606,,,-0.7548770143333334,0.3936123497825525,0.8513342402782529,1.236641221,1.20610687,-0.7611006018832378,0.7352601091523047,-0.961832061,-1.022900763,-0.511450382,1.45259189927074,,,10.212869008658135,0.6418864126910669,10.233020646652053,11.3554733362916,2.088633617786609,-0.8894064363005181,0.3846762590032586,9.925305850564383,9.761056812829116,10.794734189490805,1.1096892822166622,1.0019731613101894,1.111878878174664
479,4311,4320,9,2005-12-22 17:13:22,0,0.568489883,0.5666132383726118,0.8026402114101012,1.419761584,1.934514941,-0.011566225414755493,-0.3671756828019747,0.524330164,0.349553442,0.871489404,1.7688642604956488,1.4118812584217988,2.497426298085941,0.3487553751111111,0.39539861682445354,0.5272289615106353,0.821211169,1.472434021,4.60203864881365,-1.8757052020812284,0.416591089,0.292092603,0.550666382,1.5575987454236893,1.5117443318046744,2.3546910746203342,10.11656610388889,0.38959923732005264,10.124065255621083,10.60391915,1.4317325899999993,3.397565627647971,-1.6661720514565181,10.2352121,10.14183823,10.30464395,1.0473973529667335,1.0007412744260438,1.0481737618383937,-0.20441051744444444,0.6248855953376707,0.6574691376045121,1.923664122,2.129770992,7.642345466057659,-2.7042942334418694,0.061068702,-0.213740458,0.106870229,2.925862237441087,,,-0.11280746377777777,0.8389060817989861,0.8464566958582712,1.946564885,2.7480916029999998,1.0628593315463135,-1.0188501924270188,-0.198473282,-0.389312977,0.679389313,2.2996626933481408,,,-0.8312128923333333,0.5246229995593503,0.9829263268667675,1.709923664,1.519083969,-1.265845341856655,-0.32703104734596755,-0.740458015,-1.244274809,-0.297709924,1.7396254604865973,,,10.162654610237748,0.3732964772342306,10.169508296220718,10.62849003716787,1.3703840223521748,3.392181024849198,-1.6884219533016926,10.255527246473322,10.202034612340144,10.356677968383167,1.0451331300961446,1.0006743991846447,1.0458379670269267
480,4320,4329,9,2005-12-22 17:13:24,0,0.6195661851111112,0.7120949277946119,0.9438969456057951,1.625662927,2.090138049,-1.621345013117736,0.016088580693081337,0.529118567,-0.04309563,1.252167468,1.7222885767011844,1.5234804098233983,2.6238729066668776,0.39451122911111114,0.2578455713054441,0.471299743832511,0.957680664,0.995987891,2.064543518044852,0.7275738007434868,0.354341846,0.308852014,0.469263525,2.0319991184640607,1.1946421522510655,2.427511800254173,10.036493358444446,0.6298656735635617,10.05623834745543,11.14500873,1.8148048600000006,-1.1589486709467165,0.5324800696662044,9.957484705,9.411606726,10.6757452,1.108268156036702,1.0019673194915604,1.1104484735819486,0.00763358766666667,0.16529650656912417,0.16547267673129967,0.328244275,0.549618321,0.3130862829987038,-0.5437758230894981,-0.015267176,-0.083969466,0.167938931,1.983676589295854,21.676920991405343,43.00000069866666,-0.21034775222222224,0.5714053187891167,0.6088926138535707,1.007633588,1.6259541990000002,-1.5010968516385943,-0.2741675242819044,-0.114503817,-0.839694656,0.221374046,1.654862557164013,,,-0.6912637828888888,0.5436261697320188,0.8794174378253836,1.526717557,1.54961832,-1.6331260236310512,-0.3804828823074024,-0.381679389,-1.114503817,-0.244274809,1.7360555878619544,,,10.093212904048743,0.6066694873138142,10.111428909570282,11.160309801907824,1.7663643222379424,-1.1787838090657643,0.5379917739174375,9.962366608903022,9.551051699197899,10.72300059498456,1.1037322125011229,1.0018047776951413,1.1057242037796537
481,4329,4338,9,2005-12-22 17:13:26,0,1.4721679983333333,2.8287671206834326,3.188918631507617,9.205705383,10.010157141,7.390057212634355,2.621692663595129,0.976834277,0.047884033,1.379060156,2.88677964123777,2.1661377200957,6.253162270489466,0.5650315917777778,0.4603194722068694,0.7288036197767819,1.35511814,1.6591817510000002,0.3437778730475154,-0.08624429467706737,0.500388147,0.328005627,0.912190833,1.8593735036813428,1.289845789832251,2.3983050854490213,10.319275177222222,1.0762618926800978,10.375248423284624,12.94784258,3.636792324,3.380094993387395,1.734592897359031,9.900023865,9.689334119,10.44829604,1.247954945439363,1.0054241451168928,1.25472403416277,0.05343511455555556,0.1681315882311999,0.17641865669115353,0.351145038,0.534351145,-0.8067703972152471,0.4358011467439213,0.083969466,-0.076335878,0.122137405,1.9904076166656817,3.301549143451992,6.571428561922903,-0.6547921968888889,2.5027531870051596,2.5869917541753122,7.053435115,8.664122138,4.766943209470492,-2.044828135646384,-0.038167939,-0.72519084,0.984732824,2.726500810687165,,,-1.0670059373333334,0.4241475785424018,1.148217243681686,1.86259542,1.435114504,0.22233896275457976,-0.18597555556729223,-1.076335878,-1.20610687,-0.977099237,1.622162905364237,,,10.70997924643027,1.9085285275518298,10.878701052949577,15.889748070834559,6.57544629456266,7.0391813637624665,2.5656032607280896,9.974065095682484,9.80142327394869,10.580994306659411,1.4606291682706292,1.0157537006036257,1.4836394828804873
482,4338,4347,9,2005-12-22 17:13:28,0,0.6288769694444445,0.3357729717628496,0.7129023294000968,1.32638772,1.0462661260000001,0.4130293779822747,1.098250977696465,0.553060583,0.339976636,0.74938512,1.860546200089075,1.1336117619792645,2.1091370561268015,0.6879339436666666,0.4017331190633094,0.7966445944090172,1.39821377,1.335964527,-0.5969133890522542,0.21426165423097854,0.730231506,0.392649072,0.952892261,1.7551286732037021,1.1580248390752843,2.0324825993431346,9.873421624333332,0.46966977337909305,9.884586196087271,10.63743798,1.6280571330000004,-0.16873237489212833,-0.15679995781719722,9.888052856,9.658209497,10.27112512,1.0761642186104603,1.001130770281948,1.0773811131273607,-0.03477523322222223,0.11436865712494523,0.11953872417849888,0.213740458,0.404580153,1.4145648417093826,0.7755704598035718,-0.015267176,-0.106870229,0.007633588,1.7880436609046972,,,0.4944868532222222,0.9649221187649565,1.084247178133966,2.442748092,3.412213741,0.5751768902236236,0.7453934594827305,0.305343511,-0.114503817,0.709923664,2.2529439239160114,2.1926713947371734,4.939965695917562,-1.169635284,0.41737692164247486,1.2418736619710997,1.633587786,1.4274809160000002,2.1872425247951757,1.445797263207447,-1.236641221,-1.381679389,-1.167938931,1.31542187907196,,,9.932425659472957,0.44140358855295503,9.942228955769638,10.684566656930663,1.509689124132013,-0.4078708735058729,0.03349025512997241,9.946404997547186,9.690688785901894,10.281595113530491,1.0746651183012874,1.0009869992117515,1.0757258119259476
483,4347,4356,9,2005-12-22 17:13:30,0,1.2569558716666667,1.3667939755429888,1.8568962908299207,3.718195178,3.684676355,-0.01250679016032219,1.2553601983251266,0.608127222,0.474051929,1.594538306,2.0023709435803716,1.4772963257395506,2.95809523771892,0.642976156888889,0.3994087025720638,0.7569317340539399,1.484405029,1.285686291,0.5057929284824745,1.1202099310455529,0.493205542,0.337582434,0.849941589,1.9610817755650067,1.1772314197721383,2.3086470829376586,10.019467925666667,0.3766648072329484,10.026545461447373,10.6781394,1.2761094809999989,-0.5289989310395988,0.07449662759588518,10.02691655,9.775525378,10.29027874,1.0649868831750717,1.0007063784058408,1.0657391669118503,-0.03986429177777778,0.10240127742039781,0.10988713926694549,0.198473282,0.305343511,-1.213637916425363,-0.14876062680636795,-0.038167939,-0.114503817,0.06870229,1.8061556914122123,,,1.001696352777778,2.11149563507031,2.3370514329148326,5.038167939,6.167938931,-0.6246671419575769,0.9325615846937387,-0.045801527,-0.465648855,2.687022901,2.155779658095185,2.3330936829649187,5.029635902166149,-1.121289228111111,0.4466854906210496,1.2069869347301896,1.923664122,1.48091603,-0.6360809390559612,-0.271442782515666,-1.122137405,-1.458015267,-0.702290076,1.5937737738892896,,,10.220096185990052,0.31977699182137886,10.225097719600862,10.712008732042724,1.0705173265766046,-0.4923367284559843,-0.26417519893406805,10.186758618959981,10.028941526850753,10.49803045478874,1.047619203825161,1.0004893822445298,1.0481318900625414
484,4356,4365,9,2005-12-22 17:13:32,0,0.2920926026666667,0.5938724864828946,0.6618176627546011,1.012747302,1.692700573,-1.321350371501139,-0.5309118513331267,0.359130249,-0.201112939,0.756567725,1.5302512444058507,2.265780292662396,3.4672131123968843,0.3359862997777778,0.23543388794827666,0.4102632194491781,0.77811554,0.6991068850000001,-0.2095510257491311,1.028197346693317,0.215478149,0.189141931,0.395043274,1.8966251496897595,1.2210712749910555,2.3159144897117763,10.058573218777777,0.8613232868938103,10.095383747142012,11.77468376,3.3039982860000006,1.3605285204432729,0.18860776375849575,9.96466731,9.694122522,10.53688151,1.1663433560248164,1.0036596172800647,1.1706117263250133,-0.01272264644444444,0.11715892556128117,0.11784769650368292,0.175572519,0.335877863,-1.672527077091746,0.26870857794453157,-0.06870229,-0.091603053,0.099236641,1.4898256326504702,,,-0.7430025446666667,1.4214333531814871,1.6039094609478142,3.083969466,4.038167939,-1.1592380901068933,-0.6940968486652876,-0.320610687,-1.938931298,0.320610687,1.9227827636714352,,,-0.9431721798888889,0.3470482537795841,1.00499564743725,1.595419847,1.1908396940000001,-0.1284138628534759,-0.41259998116833285,-0.916030534,-1.106870229,-0.687022901,1.5874893100963556,,,10.08866755659988,0.8613236687998775,10.125368710818677,11.819939843008543,3.3151676832436987,1.4499710551689242,0.21544937070927275,10.040368625371546,9.69860241057841,10.541424128222758,1.1673589555686268,1.0036378594113537,1.1716056433315702
485,4365,4374,9,2005-12-22 17:13:34,0,-0.11199543300000002,1.069231255901801,1.0750806740008865,2.303221997,3.440467786,0.3874407795822652,-1.160045054463929,0.438138904,-0.493205542,0.474051929,2.142371314729913,,,0.8829283678888888,0.4051254873454388,0.9714366491541362,1.438915198,1.2976573,-0.5141825426280899,-0.4036891327427369,0.972045874,0.711077893,1.12527478,1.481223916405577,1.10024401127452,1.6297077433818261,10.707135847333333,0.9599567372805891,10.750082557390009,12.6844804,3.344699724,0.7519036140075555,0.9799778457933672,10.54406411,10.18014546,10.82897411,1.1799426034435627,1.004011036253675,1.1846753960032304,-0.07888040733333332,0.25485972567179616,0.26678755299034435,0.580152672,0.938931298,0.7914528206286553,-0.4158297961031613,-0.053435115,-0.183206107,0.030534351,2.17458672826838,,,-0.3698049195555556,0.9766559049322356,1.0443239129534931,1.832061069,3.564885496,1.306346518523128,0.7511220639746228,-0.175572519,-0.908396947,0.045801527,1.754303474502156,,,-0.921119593,0.8167740757216527,1.2310894343545662,2.816793893,2.938931298,2.3834428085757926,-1.25116006254341,-0.86259542,-1.259541985,-0.221374046,2.2880497666498,,,10.798954767410834,1.0229069073213493,10.847292870095789,12.9284859038717,3.5527781409931176,0.857006532700515,1.0494965850202083,10.612987184835967,10.268789255213536,10.83934472382831,1.191862896918126,1.0044761834572018,1.1971978939005634
486,4374,4383,9,2005-12-22 17:13:35,0,0.2205325751111111,0.6557358973640064,0.691826700682271,1.244984863,2.056619226,-1.124450874218661,-0.01510685232465372,0.174776721,-0.342370837,0.845153186,1.799561742517615,3.137072608587223,5.645355849913503,0.32507938088888894,0.39765820954799946,0.5136230675310679,0.70628949,1.110909571,-0.6596767930250289,-0.9957633212083724,0.553060583,0.076614453,0.629675037,1.375112479653726,1.579992757850805,2.1726677590831494,10.220048820222223,1.2792288154023121,10.299797291688863,13.32612644,4.663904834,3.5114390015117376,1.5544274472685347,9.919177478,9.813832605,10.35252798,1.2938241464958877,1.0078031399721734,1.303920037410373,-0.10856658166666665,0.1515128950945495,0.18639436696079892,0.41221374,0.48091603,-0.23708825716278792,-0.7149160416894165,-0.061068702,-0.20610687,0.038167939,2.211513935325598,,,-0.5971162003333333,1.4564658681593896,1.5741158095304815,3.72519084,5.534351145,1.6711700896386699,-0.7202938889898138,-0.297709924,-1.083969466,0.198473282,2.366529080926472,,,-1.1017811704444442,0.815036197483509,1.3704764685153508,2.641221374,2.8320610690000003,0.14198846093802864,-0.2319325811603236,-1.13740458,-1.366412214,-0.717557252,1.9272285476461033,,,10.257168005395885,1.2723056229700405,10.335775592047177,13.349906366119766,4.681698677331346,3.557841923510395,1.556946182519348,9.940873776187187,9.850455018991536,10.408286638999224,1.291621150946021,1.0076636735022708,1.3015197137354986
487,4383,4392,9,2005-12-22 17:13:37,0,0.5996145045555555,0.6441397361798805,0.8800304277690008,1.934514941,2.059013427,0.4473855693461948,1.0454372817652349,0.49081134,0.148440503,0.809240161,2.198236424511211,1.4676603402402586,3.226264418726654,0.43521265711111107,0.22232948967130858,0.4887130639620943,0.715866296,0.627280835,-1.747124001666763,-0.21566548081410095,0.414196887,0.239420166,0.646434448,1.4647987720981492,1.122929344946244,1.6448655256302374,9.892841260444445,0.606769411337839,9.911431648499994,10.69489882,2.0685902380000005,0.5997659024505761,-0.6757908849655667,9.727641345,9.631873279,10.36928739,1.0790468218199918,1.0018791758167473,1.081074540512694,-0.011874470000000005,0.2024815811193444,0.20282946958065673,0.396946565,0.694656489,0.11908308476945972,0.6443911067710835,-0.030534351,-0.167938931,0.129770992,1.9570458169647338,,,0.005937234999999995,0.6215611353111146,0.6215894912952494,0.938931298,1.7709923669999998,-1.2095169078913686,-0.3856964522151255,0.229007634,-0.534351145,0.34351145,1.5105327730742089,104.69342906171812,158.14285572324505,-0.8863443595555555,0.6156545676058826,1.0791834275645331,1.58778626,1.664122138,-1.8595568403346374,0.10836723337183432,-0.732824427,-1.557251908,-0.427480916,1.4712848802573493,,,9.946650941507661,0.5602734898052587,9.962417946240452,10.730061560646273,1.886257524784412,-0.008817670317366577,-0.4320276466729999,9.81563291020672,9.644705816663407,10.371507496580852,1.0770539459946578,1.001585157137363,1.0787612457444764
488,4392,4401,9,2005-12-22 17:13:39,0,0.5214039171111111,0.6932019203896432,0.8674047193846133,1.798045447,2.171540906,-0.5649600569432414,0.5889856764379833,0.512359155,-0.124498486,0.859518396,2.0729025411294013,1.663594558687923,3.4484693881132404,0.3093840591111111,0.41587462464735536,0.5183340616413764,0.861912598,1.5275006599999998,2.822030892910889,-1.2419902825631506,0.383072266,0.165199915,0.438138904,1.6628515503508194,1.6753741712827672,2.7858985381352688,10.120822462333333,0.6900478677605706,10.144319266164283,11.09712469,1.9919757759999985,-1.6587759026094226,0.033441070147705955,9.897629663,9.512163196,10.70926403,1.0939250233392928,1.0023216298792315,1.096464712359116,-0.005089058444444449,0.19581305871863552,0.1958791782722165,0.335877863,0.6259541989999999,-1.0683425761091172,-0.20547209582054876,-0.007633588,-0.167938931,0.160305344,1.7147195835854747,,,-0.5377438507777776,0.8060425406131787,0.9689546048848009,1.58778626,2.480916031,-1.0370792666425044,0.6488542784352068,-0.79389313,-1.160305344,0.297709924,1.638659078552779,,,-0.6344359626666667,0.6964618251792737,0.9421083083472012,1.732824427,2.27480916,-0.6294555650081191,0.13873361650550056,-0.748091603,-0.908396947,-0.061068702,1.8393048990725929,,,10.174113361134378,0.6447416810841073,10.194521789693729,11.104189081289464,1.7993671246978309,-1.800422688687516,0.1443325448065912,9.949423245852152,9.559790896907534,10.738857342090471,1.0892309919348422,1.0020059171580802,1.091415899070677
489,4401,4410,9,2005-12-22 17:13:41,0,0.46952954788888884,0.7837722599745722,0.9136503444132186,1.750161414,2.4660277099999997,-1.0774937669287739,0.20823382124392306,0.593762012,-0.15801731,0.885854614,1.9155702448993448,1.9458846594877732,3.727478753720872,0.2782594374444444,0.28488155588913366,0.39822834581771327,0.912190833,1.058237134,1.781042352035196,0.9987483365510818,0.174776721,0.11492168,0.4333505,2.2906225600965886,1.4311404834102746,3.278202677967113,9.981958765888889,0.7596449505374567,10.010822206731227,11.25753621,2.430114689,-1.0034369621751855,0.37971363554364224,9.569624036,9.514557397,10.64701478,1.124536624217588,1.002891560816798,1.12778829025723,-0.04156064477777778,0.2602920636644817,0.26358916062892124,0.419847328,0.778625954,-0.7976739414045837,0.5643568412179977,-0.053435115,-0.267175573,0.083969466,1.5928095335872245,,,-0.21458863433333336,1.0673349086863044,1.0886928351401266,1.839694656,3.3740458010000003,-1.0538957426762559,0.056571238014951876,-0.450381679,-0.885496183,0.633587786,1.6898197513747863,,,-0.959287531888889,0.540087949518632,1.100875815908732,2.038167939,1.832061069,0.027117878711771404,-0.6942390979136629,-0.839694656,-1.320610687,-0.564885496,1.851405862084061,,,10.032748747321815,0.744215422545606,10.060313316295979,11.288779906278988,2.3376917289781023,-1.1859604640317234,0.38292617262742906,9.616980281338378,9.54291089990638,10.647713043483492,1.1221101720552882,1.0027474593123367,1.1251931240969693
490,4410,4419,9,2005-12-22 17:13:43,0,1.5312249728888887,2.0376105322283875,2.54882455234695,6.282385156,6.976703637,2.342435538767959,1.4534294077446284,1.070208142,0.289698401,2.006340991,2.464816634873985,1.6645656892195306,4.1028492006287784,0.26150002566666664,0.6720330465817976,0.7211176596933957,1.05344873,2.042254016,-0.4953240561990855,-0.718220446598055,0.263362183,0.095768066,0.909796631,1.460855542558623,2.7576198428852257,4.0284842317485205,9.13893375988889,1.5994479460855768,9.277841559321555,10.3788642,5.612008695000001,7.3629568667542795,-2.633471020160155,9.72045874,9.260772021,9.825803613,1.1186722831639904,1.015199562999607,1.1356756130078556,0.04156064466666667,0.20581171704672102,0.20996606882739047,0.473282443,0.694656489,0.6193074718418634,0.9373958979707337,0.030534351,-0.099236641,0.114503817,2.254090128196273,5.0520407109034045,11.387755093693045,0.9211195928888889,2.6329202237236746,2.789396029411549,5.167938931,7.93129771,-1.17716080222206,0.48829219988010447,0.458015267,-1.030534351,3.221374046,1.8527089292839598,3.028266960062398,5.610497237163197,-0.818490246,0.5690625402769907,0.996874343908821,1.908396947,1.8091603059999999,-0.4433303682661949,-0.5653188763327396,-0.755725191,-1.145038168,-0.335877863,1.9143806425161156,,,9.53434595340524,1.4802393449802982,9.648567835572415,11.651128208824252,5.814474084717519,4.5919282734064595,-1.6658554011677988,9.80279373519985,9.346321779434579,10.15802320395744,1.2075500123312377,1.0119800438043032,1.2220165143748527
491,4419,4428,9,2005-12-22 17:13:45,0,0.25697764466666667,0.6536526194753208,0.7023526584312016,1.711854187,2.243366956,1.5103013478431428,1.1587112101469887,0.124498486,-0.162805713,0.46208092,2.4373143127608494,2.7331274646175707,6.661490688112178,0.5687559055555556,0.3110929310899501,0.6482762465789229,1.101332764,1.086967554,-0.0959590433298887,-0.15546508561967726,0.509964954,0.450109912,0.77811554,1.698863362358165,1.1398145324674784,1.9363891490924006,9.927158149777776,0.4619630556596667,9.937901126268754,10.55603512,1.6208745240000013,0.9758542128249834,-0.9202360067675386,9.967061511,9.672574707,10.27351932,1.0621996522079837,1.0010821804517356,1.0633491439074436,-0.010178117000000002,0.10460460449608486,0.10509860773315709,0.198473282,0.335877862,-0.41357896654461257,-0.5262923809977612,0.0,-0.045801527,0.053435115,1.8884482514166032,,,0.02798982199999999,0.8966352120433128,0.8970719779435472,2.297709924,3.2213740459999998,4.500179694567686,1.9251062265547787,-0.114503817,-0.557251908,0.282442748,2.5613439952357924,32.04993507795611,82.09090875961986,-0.705682782,0.3020413277317903,0.7676048152983683,1.305343511,0.938931297,-0.3502459114030074,-0.7168995621436162,-0.648854962,-0.916030534,-0.427480916,1.7005410661638598,,,9.97429158182053,0.43468101523031605,9.983758818409909,10.597626357604671,1.4974082027164624,0.18724325543472542,-0.638329860478588,9.980875677583713,9.696898901577248,10.304230622040066,1.0614866154481617,1.00094916380895,1.0624941401272299
492,4428,4437,9,2005-12-22 17:13:47,0,0.0508102796666667,0.9845625480286114,0.9858727582707602,2.501940735,3.409343164,5.31125237966037,-2.1126798496128396,0.138863696,0.07182605,0.821211169,2.537792746589785,19.40301775031415,49.240837708700106,0.4769781751111112,0.367961400663616,0.6024149499395378,0.972045874,1.079784949,-1.425746694182091,-0.01975673218150298,0.430956299,0.174776721,0.845153186,1.6135819240501263,1.2629822104527244,2.0379252651833886,10.07799285411111,0.8429305197422601,10.113183071052731,12.03325754,3.2321722369999986,2.8284946080956486,1.1255425059037822,10.07958899,9.744400757,10.21127008,1.1898585693008124,1.0034917882410748,1.194013303461639,0.1357082272222222,0.6452153351127655,0.6593326562521202,1.938931298,2.160305344,8.390657043946879,2.869693729918859,-0.083969466,-0.145038168,-0.053435115,2.940748163486351,4.858457513946174,14.287500011513673,-0.480067854111111,1.304474929974141,1.390007189723092,3.992366412,4.725190839,6.761107934472383,-2.463968436038951,-0.099236641,-0.358778626,0.022900763,2.8721911954968613,,,-0.8948261237777779,0.34588339097062265,0.9593482745825415,1.442748092,1.190839695,-0.11374245378124215,0.18266974972235056,-0.923664122,-1.122137405,-0.664122137,1.503883553267252,,,10.137570840692032,0.9170486061214322,10.17896461807578,12.32898485872132,3.525871296217158,3.3970820499104537,1.3479124330926076,10.099016473961113,9.753158599474332,10.279042189747035,1.2112218994088593,1.004083204747393,1.2161675664186722
493,4437,4446,9,2005-12-22 17:13:49,0,0.30379758833333337,0.8323817726456517,0.8860882518744208,1.508347046,2.906560816,0.6422649661106155,-0.5690246261935586,0.359130249,-0.177170923,0.737414111,1.702253745955056,2.916706010523643,4.964973732263498,0.6437742243333333,0.4872962691532693,0.8074050444768601,1.508347046,1.7764976319999999,0.35664998577044216,-0.14737754299376324,0.670376465,0.292092603,0.952892261,1.8681417168718575,1.254174233696567,2.342975206194351,10.212866215555556,0.6900139214822357,10.23614944931322,11.40358251,2.164358303,-0.8496248195680396,0.18922438088659288,10.16099185,9.74918916,10.84573352,1.1140500211009625,1.0022797942581683,1.1165898259423808,-0.1111111111111111,0.15135612585267508,0.1877614333282437,0.297709924,0.412213741,-1.6100356591525786,0.5022162985829487,-0.190839695,-0.198473282,0.076335878,1.5855754758728586,,,-0.755725191,1.108258612705047,1.3414014003820414,2.511450382,4.145038168,1.5570769943477156,0.6875352407250801,-0.702290076,-1.549618321,-0.259541985,1.8722586552278235,,,-1.1306191687777778,0.42545327389147725,1.2080191194980026,1.717557252,1.221374046,-1.4200710866277872,0.08950405913703312,-1.06870229,-1.396946565,-0.755725191,1.4217964138793913,,,10.28256646936771,0.6961592114357062,10.306105512977824,11.528430052269442,2.1916495140202397,-0.7948189178712499,0.36670556837184143,10.174848068122747,9.781400049956588,10.897070181540496,1.1186019818788409,1.0022892187159926,1.1211627064715044
494,4446,4455,9,2005-12-22 17:13:51,0,0.5692879502222222,0.4546277010812228,0.7285431468750613,1.34075293,1.350329737,-0.993179587391801,0.3278507063715516,0.59136781,0.122104285,0.794874951,1.8403205571981414,1.279744541564025,2.3551401878023865,0.0808708116666667,0.6431518487207908,0.6482163131953689,1.285686292,1.908178724,-0.8836101918639603,0.5492194257624244,-0.155623108,-0.586579407,0.555454785,1.983421684749395,8.015454523533,15.898026315097983,9.929020307777778,0.3097558787388945,9.933850863420329,10.32379756,0.8475473889999989,-1.9866014349366279,-0.0678477114156612,9.940725293,9.651026892,10.2447889,1.039254333686001,1.0004865087886634,1.0397599400529958,0.013570822777777776,0.10685676506772822,0.10771506613099911,0.259541985,0.389312977,2.3004948194601385,1.3038645171002694,-0.015267176,-0.038167939,0.022900763,2.409523517205611,7.9372539082436875,19.124999953945313,-0.09754028844444444,0.782712899620008,0.7887671336341202,1.282442748,2.229007633,-1.4922031528905721,-0.3657946163878521,-0.045801527,-0.877862595,0.549618321,1.6258825872870073,,,-0.9041560645555555,0.549277897304269,1.0579245708175933,1.709923664,2.122137404,3.455439318286068,1.3814001449831137,-1.061068702,-1.152671756,-0.79389313,1.616300170321712,,,9.977286692769129,0.2934326711872494,9.981600697394583,10.412568269027046,0.8239807232308678,-1.8324774980427163,0.07556479237068121,9.978614616907095,9.702931653153927,10.247553133382846,1.0431761983571388,1.000432382546307,1.0436272495380312
495,4455,4464,9,2005-12-22 17:13:53,0,1.4351908841111112,2.5982500113293567,2.968278288033087,7.941566907,9.481038574,4.242350728469125,1.8064143811683073,1.137245789,-0.062249243,1.991975781,2.6754792294971894,2.0682114977837927,5.53345690452781,0.3596622937777778,1.0279947061970436,1.089095992800744,2.188300317,4.070142822,2.4031360717419554,-0.6103700915165925,0.457292517,0.117315881,0.828393774,2.0092813961903553,3.0281072318180136,6.08431952656141,9.908470075666667,4.7727576929048805,10.998045064263216,19.61270145,20.086753379,3.7871243153807974,-0.2508169219334171,9.794678992,9.593566052,10.50096848,1.7832897879032192,1.1099639985059186,1.979387463475829,0.008481764111111111,0.23266640291272123,0.23282095130546407,0.396946565,0.6717557249999999,-1.2745057276917096,-0.557434490702049,0.076335878,-0.20610687,0.20610687,1.7049434888666914,27.449590469094588,46.80000054234,-1.2773536892222221,9.371107803719585,9.45776368473561,23.4351145,38.87786259,4.192399385973209,-1.0085191669497129,-0.755725191,-1.541984733,1.259541985,2.477870591947987,,,-1.2179813402222222,0.8666661520220333,1.4948540946159925,3.190839695,2.946564886,1.911702346430605,-1.160513484592611,-1.122137405,-1.595419847,-0.404580153,2.1345492556714594,,,10.970139732585638,3.2572742530916394,11.443504765250363,19.87030523626449,11.695065705622536,7.36854744131114,2.621100115422241,9.94744057071102,9.60501040503603,10.521353994312905,1.7363828340949499,1.04315031933993,1.8113083078825196
496,4464,4473,9,2005-12-22 17:13:55,0,-0.08964955111111111,0.7230648546331531,0.7286012805506772,1.280897888,2.274491577,-0.7463494791478933,-0.4762861022346768,0.033518823,-0.54827218,0.373495459,1.758023108375402,,,0.4969298555555555,0.27833699514661464,0.5695706841206909,1.173158813,0.9983820919999999,3.4352006486752984,1.5784516811151292,0.457292517,0.347159241,0.596156213,2.059724711448474,1.1461792398927706,2.360813704156368,9.929552352888889,0.7920020061618693,9.961088148717774,10.91755957,2.7389666990000006,1.2593077752103374,-1.0982029003511649,10.26154832,9.583989246,10.47223806,1.0960207767466996,1.0031759534275189,1.0995016876892403,-0.06191687866666667,0.17791498692752652,0.18838110955519044,0.458015267,0.5954198470000001,1.2963376833818465,-1.1362113408033558,-0.015267176,-0.152671756,0.076335878,2.4313226951549205,,,-0.6251060222222221,1.5170108922911705,1.6407557972923767,2.977099237,4.389312977,-1.2060395980491516,-0.11134394262967164,-0.496183206,-1.366412214,0.839694656,1.8144682114869843,,,-0.8057675995555557,0.3921731507038554,0.8961368224922526,1.541984733,1.297709924,-0.34117522309159565,-0.2853191021802141,-0.763358779,-1.06870229,-0.557251908,1.7207023462238447,,,9.971697328963659,0.8023715325798438,10.00392661392293,11.054868066354343,2.865235046200528,1.4863176311953747,-1.063016886118382,10.276519872066366,9.599652098385183,10.474599426833928,1.1050528950271155,1.0032320761346876,1.1086245101167
497,4473,4482,9,2005-12-22 17:13:56,0,-0.15615515266666669,0.9544055004908075,0.9670958024267601,2.427720483,3.423708374,2.87328992606946,-1.564301796433656,0.169988318,-0.229843359,0.351947644,2.5103205669056305,,,0.39131896033333335,0.6776141626809248,0.7824905636377549,2.018312,2.2002713259999997,2.8564503985671195,1.664702024731526,0.126892688,-0.17238252,0.711077893,2.5793435650098835,1.9996234349882094,5.157715839479797,10.391899294777778,1.924394468105134,10.56857913920677,15.68202087,6.6774284260000005,7.61766658206907,2.689559560902125,9.823409412,9.380482104,10.17535706,1.48383436064964,1.0170016894330163,1.5090620516194435,-0.06955046644444444,0.2050658359907007,0.2165392908301049,0.404580153,0.564885497,-1.4310453671189212,-0.525249080225825,0.0,-0.198473282,0.122137405,1.8683914196312323,,,-0.4181509753333333,0.9596672984724055,1.046810184288223,2.381679389,2.908396946,0.5128312773925439,-1.3154894131292922,0.091603053,-0.450381679,0.198473282,2.275177892560741,,,-0.6225614927777777,1.08888676146169,1.2542954961157369,2.06870229,3.923664122,1.9615993963064922,1.2008094826000484,-1.0,-1.175572519,-0.030534351,1.6492942025274688,,,10.449789047706949,2.0110543635998597,10.641542688676774,15.99666179676364,6.936265629055056,7.770555527945961,2.72439876326859,9.828841983173085,9.40893045471344,10.222003266484428,1.5032277053011334,1.0183500011430282,1.5308119354116407
498,4482,4491,9,2005-12-22 17:13:58,0,0.6006785942222223,0.7163420820526957,0.9348586802701123,1.798045447,2.030283008,-1.5105315497548015,0.44517424223886154,0.512359155,-0.047884033,1.357512341,1.9233339593963912,1.55633759761424,2.9933569537768636,0.4612828533333333,0.4293631311884363,0.6301861385362898,1.094150159,1.24019646,-1.323259048458226,0.2113525163904815,0.414196887,0.07182605,0.739808313,1.7362333001188226,1.3661599038039751,2.371972318271589,9.850277673666668,0.5774266195393328,9.867187631199107,10.64940898,1.6591817459999998,-1.4482769392082484,-0.26023749986469635,9.957484705,9.440337146,10.35971058,1.079275005000167,1.001716698563498,1.08112779485087,-0.07888040711111108,0.28375779860511213,0.2945175833379631,0.625954198,0.908396946,-0.41410462829313044,-0.5457215192540974,-0.06870229,-0.297709924,0.160305344,2.1253542518774124,,,0.3138252756666667,0.969378452672523,1.0189116194023082,1.595419847,3.099236641,0.0833027487192135,-1.0151618796429112,0.603053435,-0.030534351,1.038167939,1.5658078842361918,3.2467481060529924,5.083783782586698,-0.9253604748888891,0.7554362226072923,1.1945609632470686,2.045801527,2.160305344,-1.6533983553042382,0.13801486621005754,-1.114503817,-1.534351145,-0.221374046,1.7125970042073702,,,9.91481979400401,0.573441821804564,9.931388979924625,10.682448630199922,1.692179952059739,-1.073181520263053,-0.515022633559646,10.159760253769067,9.598371774535599,10.362562258802683,1.0756248347329356,1.0016711535121026,1.0774223689532043
499,4491,4500,9,2005-12-22 17:14:00,0,-0.05240641422222225,1.8120999583288326,1.8128576036818191,4.771643909,6.263231543,5.38117013787007,-2.206698385609627,0.703895288,-0.404620081,0.945709656,2.6321118102762404,,,0.35647002488888885,0.49037635596025364,0.6062506487659559,0.986411084,1.374271753,-1.575275532002446,-0.2555884467827662,0.46208092,-0.050278235,0.840364783,1.6270680881049344,1.70070582780396,2.767164179673909,9.871825489444445,0.7039095649146859,9.896889772530733,11.40358251,2.597708804,1.5772315757154711,0.778946999833504,9.981426721,9.483432776,10.07240638,1.1522390136799503,1.0025389714509325,1.1551645156403343,0.06870229000000001,0.23192934076462,0.24189093360181013,0.419847328,0.671755725,-1.6147963638556435,0.03215586225187758,0.083969466,-0.114503817,0.27480916,1.7356885673571116,3.52085692633841,6.111111114345678,-0.22052586933333332,2.0355325820622006,2.0474434184323704,5.496183206,7.061068702,5.2927247552487575,-2.1073225963348046,0.015267176,-0.58778626,1.267175573,2.6844127444597055,,,-0.9024597115555556,0.44907557450935376,1.008019048729657,1.740458015,1.541984733,-0.07501773959974045,-0.5188935635668428,-0.79389313,-1.091603053,-0.58778626,1.7266122274111682,,,10.03736983293569,0.9239191235449674,10.079802563045545,12.365152733969962,3.4153806582701556,4.500674977278656,1.8240570491805157,10.035728579085637,9.527027811579448,10.137235862909833,1.2267256879914434,1.0042274750075084,1.231911640178496
500,4500,4509,9,2005-12-22 17:14:02,0,0.9305463785555556,1.0892737597435413,1.4326318041662656,3.232172241,3.5170822389999996,0.712150186237781,1.0215677477982694,0.775721338,-0.074220251,1.173158813,2.2561081162657803,1.5395598082817474,3.4734133789410393,0.4942696316666667,0.790823901067919,0.9325797077398714,1.364694946,2.458845105,-0.13023304558444515,-0.8585304167069888,0.770932935,-0.007182605,1.070208142,1.4633547509921376,1.8867833425153644,2.761033368362684,10.006166805555557,1.247911761892956,10.08368275512834,12.80897888,4.582501976,2.1364188847477648,0.9417691340346414,10.00058033,9.682151514,10.18972227,1.2702679359369606,1.007746817645469,1.2801084699975505,0.08312128922222223,0.14485701144771113,0.16701108492410502,0.320610687,0.404580153,-1.4662598075985303,0.6644994491237118,0.022900763,-0.030534351,0.259541985,1.9196970497239472,2.009245603465148,3.8571428571428568,-0.19338422388888887,1.261665775721174,1.2764004025677913,2.664122137,4.5648854960000005,1.9365703310992632,1.2904319688437917,-0.709923664,-0.832061069,0.229007634,2.0872150554328153,,,-0.8142493637777777,1.1884776819727993,1.4406530557215897,3.72519084,3.9847328249999996,3.4595393648626285,-1.6833697857279293,-0.847328244,-1.106870229,0.152671756,2.5857654104888828,,,10.164815350801696,1.1310727597178554,10.227550865367013,12.876996117484763,4.0312390672734555,3.2101764833078805,1.4515166572341807,10.030526066598359,9.746380919411695,10.269399649464942,1.2590498240482402,1.0061718302202478,1.2668204658010986
501,4509,4518,9,2005-12-22 17:14:04,0,0.4833627130000001,0.7414207214064866,0.8850673411948017,1.666364355,2.375048046,-0.6533585639095154,-0.2931229894110516,0.60573302,0.023942017,0.967257471,1.882754314208998,1.831062507286948,3.447440835180846,0.5291185666666667,0.31947618655122356,0.6180869610052456,1.244984863,1.185129821,2.0519511714718375,0.9239165414888413,0.560243188,0.356736047,0.646434448,2.0142551801694357,1.1681445330846367,2.3529411769523363,9.963603218555555,0.4881237872747153,9.975552813178528,10.59194814,1.6184803179999996,0.11019149825390251,-0.7332583360624777,10.03888756,9.643844287,10.39801781,1.0617905932999685,1.0011993246178972,1.063064024897565,-0.05513146733333332,0.13544822438656792,0.1462385044364187,0.290076336,0.41221374099999997,-1.2507816133068346,-0.36981546258932935,-0.061068702,-0.183206107,0.06870229,1.9835838524054301,,,0.09160305355555555,1.1975518193613024,1.2010501569361154,2.374045802,3.755725191,0.046595672437576674,0.8327803717984441,-0.236641221,-0.396946565,0.290076336,1.976641681689799,13.111464195980114,25.916666637757718,-0.9363867685555556,0.42739003027973155,1.029311623517594,1.717557252,1.465648855,-0.3073650144988589,-0.2522920292765034,-0.900763359,-1.251908397,-0.641221374,1.6686465136091428,,,10.02224662963305,0.4812505720903936,10.033794377917477,10.629378804549335,1.635809873751267,0.8477296970950841,-0.9814241168717421,10.10607381494362,9.865621627886215,10.432699325048242,1.0593578465134414,1.0011522115460902,1.0605784508556355
502,4518,4527,9,2005-12-22 17:14:06,0,0.20802952211111114,1.146248167539584,1.16497259352211,2.161964099,4.232948535,1.1142587140637534,-0.43271917714285746,-0.095768066,-0.210689746,0.916979236,1.8558068327286945,5.6000349455202985,10.392583115416032,0.3466271958888889,0.6986273130997445,0.7798913613694938,1.692700574,2.679111658,1.280590808527652,0.00420080837700823,0.493205542,0.016759412,0.656011255,2.1704312393300627,2.2499427933504887,4.8833461253934445,10.458670918222222,0.9918771623395075,10.505599348958532,12.95502518,3.2896330779999996,4.214521136406475,2.0628054964445712,10.17056865,9.83538042,10.2328179,1.2331543160632992,1.0044870357909959,1.2386875236152963,-0.1374045802222222,0.1410780284192465,0.19693407213762382,0.374045802,0.534351146,1.5699332927077068,0.5101680375228304,-0.122137405,-0.183206107,-0.091603053,1.899345288196777,,,-0.5368956744444444,1.4099401727846448,1.508704164529663,3.847328244,4.61832061,2.35448528708051,-1.562716767018766,-0.038167939,-0.977099237,0.427480916,2.5500879061995567,,,-0.9363867683333333,0.4858918377091343,1.0549459976046658,1.442748092,1.702290077,3.678094328920473,1.693055793774967,-0.992366412,-1.305343511,-0.809160305,1.367603740168566,,,10.547950718654626,1.036216674671697,10.59872678013894,13.228261003692367,3.441786657108704,5.10710177697154,2.242095493033527,10.172764506825219,10.086775285339986,10.237734243363896,1.2480990668125287,1.0048138318843787,1.254107205895214
503,4527,4536,9,2005-12-22 17:14:08,0,0.7081516464444443,0.9054126446003105,1.1494567461910454,2.240972754,2.734178296,-0.758439019035738,0.7983942877569187,0.289698401,0.208295544,1.347935535,1.9495929372078686,1.6231788091750519,3.16453794219316,0.2899644233333334,0.368284363639922,0.46873525502216584,1.058237134,1.2521674680000001,0.543055510946032,0.7849355699162683,0.246602771,0.011971008,0.428562097,2.257643568862678,1.6165267781258927,3.649541284530227,9.900023865,0.34601345382673354,9.906068737788903,10.40998882,1.182735622000001,-0.14330478210282838,-0.49155701972051585,9.998186133,9.710881934,10.18493386,1.0508698350021317,1.0006105917391042,1.051511487442258,-0.1942324002222222,0.6407780597093453,0.6695690756755115,1.946564885,2.2595419839999997,7.413141390647377,-2.6208051767823566,-0.061068702,-0.167938931,0.076335878,2.907190543464331,,,-0.4037319764444444,0.6392133474079836,0.7560378378813173,1.015267176,1.79389313,0.05202684949001757,1.247602473100977,-0.618320611,-0.870229008,-0.297709924,1.3428787887721785,,,-1.1730279898888887,0.7192516045343744,1.3759787555365959,2.374045802,2.152671756,-0.5483115978928597,-0.46922752677355206,-1.061068702,-1.442748092,-0.809160305,1.7253506222006922,,,9.979936770970992,0.26837182393936887,9.98354453029902,10.439393548349537,0.9407108296334066,-0.14992386993621043,-0.0856599466236487,10.011975676037554,9.803994157874424,10.188909349909347,1.0456600375414828,1.0003615012209817,1.0460380449217859
504,4536,4545,9,2005-12-22 17:14:10,0,1.1542712226666667,1.8264194889766956,2.1605902446299936,6.002263562,6.6056023800000006,6.160472518780713,2.3470515222456543,0.402225879,0.335188232,1.276109485,2.7780665847761905,1.87182197927318,5.200046093268453,0.5706180623333332,0.6369716409162581,0.8551829303678823,1.661575952,2.049436621,-0.7128626675905858,0.525700148294396,0.373495459,0.122104285,1.065419739,1.9429479857429144,1.4986958647451947,2.9118881116479116,9.862780728444445,0.5711085365657218,9.879302032932962,10.8098205,2.176329313,1.7487634515229065,-0.6923252803484883,9.974244116,9.629479077,10.05804117,1.0941886849865634,1.0016751162723176,1.0960215782577702,0.016963528333333328,0.10372056708757764,0.10509860765245417,0.183206107,0.320610687,-0.19741033444942513,-0.9862212669028724,0.061068702,-0.030534351,0.091603053,1.7431830077695796,6.195562950541099,10.800000058950005,0.7888040712222222,1.9448994187666162,2.0987724059305415,5.770992366,6.809160305,4.802167965276279,2.0722854117357516,-0.175572519,-0.282442748,1.389312977,2.74969899055886,2.6607017921174934,7.316129031963621,-1.0610687023333334,0.5996565304965756,1.2187923308088766,2.20610687,1.9541984730000002,-0.4353279722234831,-0.47176245902119535,-1.106870229,-1.511450382,-0.511450382,1.8100761009349902,,,10.140923945083632,0.4021918043989461,10.148896329527474,10.811595987469639,1.1908184254098693,-1.1692210663665996,0.4230300938610908,10.03537644486393,9.920802374355413,10.56239204151477,1.065297706905734,1.0007861595735277,1.066135200896675
505,4545,4554,9,2005-12-22 17:14:12,0,0.24819890511111112,0.9176454390542282,0.9506186660882384,1.886630908,3.5386300540000004,1.5596741866455748,-0.37670202737414493,-0.050278235,-0.059855042,0.814028564,1.9846348228816275,3.8300679274256884,7.601286182771084,0.35886422655555555,0.4847106372045049,0.6030986112739063,1.046266125,1.680729565,0.503528478068735,-0.7173006116201084,0.426167896,0.215478149,0.787692346,1.7348176657047922,1.6805760135596601,2.915492956883035,10.342419126222222,0.6427209258844003,10.362370557503574,11.61666646,2.451662505,1.3178843398561924,0.32531762879438264,10.21605848,10.10592521,10.58715974,1.1210433361300873,1.0019290874830984,1.1232059267978267,0.201865988,0.6202715962513822,0.6522934387432191,1.923664122,2.1832061069999997,8.085761349073564,2.7853983427594864,-0.015267176,-0.076335878,0.106870229,2.94907783482591,3.23131917964912,9.529411769951063,-0.11620016966666667,1.1425065471260691,1.1484004918391908,1.801526718,3.595419848,-1.0500689966299293,0.21662960295314662,0.190839695,-0.938931298,0.435114504,1.5687268777765953,,,-0.7608142493333333,0.5929462983453082,0.9645846954570899,1.519083969,1.9312977089999999,-0.1755953599363025,0.8765857797188504,-0.946564885,-1.20610687,-0.312977099,1.5748580463223587,,,10.40397193646989,0.6352127985169951,10.423345305335175,11.760761127622827,2.3999503739918264,1.5907076501249335,0.7858903545602041,10.293266036645644,10.116227901216604,10.588011103800746,1.1283096532936596,1.0018621127568956,1.1304106930927862
506,4554,4563,9,2005-12-22 17:14:13,0,0.4564944498888889,0.42197459954478966,0.6216508227617372,0.988805286,1.108515369,-1.9492798459889853,-0.2963558736891397,0.672770667,-0.038307227,0.857124194,1.5906120442455902,1.3617927291625287,2.166083916771991,0.5895056531111111,0.2278388345163171,0.6320027290793224,1.005564697,0.7709329340000001,-0.5336199073454972,0.21913280524169632,0.658405457,0.421379492,0.708683691,1.5910765108006235,1.072089344256384,1.7057761731259757,9.915187141666669,0.3956643104610634,9.92307846894524,10.42914243,1.0941501570000014,-1.6468675086635893,-0.1946792742216493,9.832986218,9.660603699,10.28309613,1.0509986858048652,1.0007958828376935,1.0518351576213356,0.11195928733333332,0.6602452819378715,0.6696706013716051,1.946564885,2.282442748,8.128697182258088,2.797786221960269,-0.076335878,-0.190839695,0.030534351,2.906749797606595,5.981376063763367,17.3863636627531,0.10347752333333331,0.9207266613904247,0.9265231690736925,1.938931298,3.5954198479999997,1.7798694542073612,0.20461154061655154,0.022900763,-0.335877863,0.213740458,2.092695965648091,8.9538591495766,18.737704919300192,-0.8337574215555557,0.29778120049740814,0.8853389641084628,1.358778626,0.9847328240000002,-0.4325229559102395,0.054732051874136295,-0.877862595,-0.992366412,-0.618320611,1.53475525316825,,,9.954817468991392,0.39366566387292284,9.962598230173127,10.45932554929436,1.0739539602363362,-1.6683913205048309,-0.20006576016473654,9.893830295756421,9.718164223025921,10.304223949830904,1.0498592141974397,1.0007816076192226,1.0506797921583675
507,4563,4572,9,2005-12-22 17:14:15,0,0.0633133328888889,1.2765594032412815,1.2781285100197226,3.339911316,4.642357019,6.369487937521194,-2.3616121347096266,0.416591089,-0.069431848,0.696712683,2.613126371735861,20.187351568788227,52.75210075990382,0.47218977166666654,0.49745749049878096,0.6858769097439886,1.635239734,1.865083093,2.7813893921592863,1.226086312274145,0.50517655,0.193930334,0.56263739,2.384159184787795,1.4525450378204519,3.4630985932375653,10.197702937555555,0.7328560504779814,10.224002307968801,11.5376578,2.4516624999999994,-0.17927302317298377,0.028624468824114433,10.39562361,9.825803613,10.60391915,1.1284874017494408,1.00257895043367,1.1313977148235739,-0.001696352666666669,0.10606614863737596,0.10607971294802619,0.244274809,0.42748091600000004,3.199762069316219,-0.8951021719944255,0.015267176,-0.030534351,0.038167939,2.3027476433659144,,,-0.19762510599999994,1.215504580378527,1.2314654146352182,2.076335878,3.65648855,-1.1682912034550443,0.16484880957275014,-0.435114504,-1.183206107,0.580152672,1.686069176871725,,,-1.0178117046666666,0.5444341311734885,1.1542743128663555,2.27480916,1.9312977100000002,2.1162158130532918,-1.3297222792051402,-0.755725191,-1.213740458,-0.65648855,1.9707699761169186,,,10.306928609782569,0.6336287948334862,10.326386726091396,11.54518249965619,2.3604526129241403,0.7846447908866461,0.18922200719961857,10.413322437766457,9.974765068514712,10.623347150934196,1.118027322227367,1.001887867573892,1.1201380097557252
508,4572,4581,9,2005-12-22 17:14:17,0,0.5070387072222222,0.8563724462646819,0.9952195824756153,2.238578552,3.315969299,1.5420069893996153,0.2450403755129377,0.502782349,0.098162268,0.859518396,2.2493312947395196,1.9628079046032982,4.4150052453863005,0.5549227403333333,0.4208149918465999,0.6964370072748217,1.561019482,1.405396374,2.747709121893883,1.6839092790288623,0.332794031,0.289698401,0.708683691,2.2414367210443262,1.2550161610902502,2.8130393089717685,9.860652548444444,0.4838434957175751,9.87251605263279,10.58955394,1.3814543550000007,-1.3782654711369258,0.21367341903871656,10.01015714,9.361328491,10.04607017,1.0726297008325443,1.0012031155270975,1.0739201982804418,-0.24342663277777776,0.6235337097788697,0.6693659782033494,1.954198473,2.13740458,7.521767361824013,-2.6737414774510717,-0.045801527,-0.167938931,0.091603053,2.919476843214051,,,0.3104325701111111,0.7748248284001295,0.8346986853296703,1.358778626,2.564885496,-0.17624563793647496,-0.5328635323320496,0.572519084,-0.167938931,0.832061069,1.6278672170944424,2.688824452379182,4.377049178549988,-0.8668363018888887,0.7439266370958819,1.1422924387621556,1.748091603,2.20610687,-0.45019490886809876,0.8390885398630531,-1.114503817,-1.458015267,-0.72519084,1.5303363164115122,,,9.935644573623462,0.47436972770575464,9.946962336911556,10.70414574917058,1.3416643156077335,-1.3047069235185682,0.36361348137238214,10.072416911513226,9.502766148582262,10.0994898445013,1.0761220749222344,1.0011391071011275,1.0773478932194585
509,4581,4590,9,2005-12-22 17:14:19,0,0.5525285386666667,0.6038524639911462,0.8184898193070581,1.618480322,1.877054101,-0.992170773141086,0.23958235087338103,0.617704028,-0.019153613,1.039083521,1.977398232479204,1.4813530198497897,2.9292248431287056,0.3256114256666667,0.18235093784973475,0.3731952103917694,0.617704028,0.59136781,-0.7191532242935494,-0.15631954073836954,0.337582434,0.239420166,0.430956299,1.6551767300323936,1.1461367168786483,1.8970588232132644,9.922103725666668,0.4455456817510718,9.932102159030354,10.50815109,1.2114660439999998,-1.631421072794375,-0.08221796662327407,9.923965881,9.519345801,10.3788642,1.057998691691456,1.0010076928885374,1.0590648294491556,-0.07379134866666667,0.24251913610849582,0.2534969319673449,0.419847328,0.755725191,-0.3686745861632703,0.7251064805804723,-0.175572519,-0.221374046,0.0,1.6562225220701452,,,-0.20441051744444444,0.881786985514961,0.9051695683491947,1.458015267,2.809160305,-0.7668498765206215,0.4157470815782369,-0.13740458,-0.946564885,0.236641221,1.6107647870432267,,,-0.8150975403333334,0.6711364423737018,1.0558447445242503,2.160305344,2.3664122140000003,0.4564668433757255,-0.6351689912433931,-0.854961832,-0.984732824,-0.27480916,2.0460445109980685,,,9.96383469837734,0.42172461416876933,9.972755564375577,10.511364960167308,1.1844885002854362,-1.4445876666290722,-0.12941737841065734,9.98156569732686,9.658920490800462,10.385666805444078,1.0540080815492698,1.0008953245681294,1.0549517608796877
510,4590,4599,9,2005-12-22 17:14:21,0,0.18036319188888886,0.5740816544323604,0.6017479762692552,0.897825623,1.716642591,-0.8759955363064771,-0.6059515547721982,0.198718738,-0.138863696,0.699106885,1.4920293185967664,3.3363125256729584,4.977876104305681,0.4538342257777778,0.2702329406352872,0.5281963145381741,0.79248075,0.852335792,-0.3816539957326821,-0.8067918408823171,0.567425793,0.342370837,0.624886633,1.500352668482554,1.1638529765641958,1.746189919109455,10.300387586666666,0.46197239999484707,10.31074211363633,11.24077679,1.489193428,0.36516344663582156,0.9547060656273455,10.26394252,9.916783276,10.36689319,1.0902005564792145,1.0010052560529923,1.091296487187591,-0.03731976255555555,0.1901920968287015,0.19381898352148383,0.34351145,0.5954198470000001,-0.21673759488766198,0.8999412923878266,-0.083969466,-0.20610687,0.13740458,1.772331294689323,,,-0.44529262077777776,0.6165956736469312,0.7605759284116574,1.27480916,1.923664122,-0.6524600132261895,0.46786727708377385,-0.473282443,-0.923664122,-0.244274809,1.676110316378586,,,-1.1560644614444446,0.6192687012906246,1.311479608462522,2.549618321,1.984732825,1.4454589376361602,-1.3575422605631247,-0.93129771,-1.465648855,-0.641221374,1.944077745889604,,,10.331696541450981,0.45666342410954974,10.341783932550014,11.259886113257856,1.4830915910873887,0.38028712778758056,0.9764369516947051,10.277767858187394,9.988829117148276,10.406771458395843,1.0887759971292943,1.0009763537922898,1.0898390277030456
511,4599,4608,9,2005-12-22 17:14:23,0,-0.28836828877777776,2.3669269447807926,2.384428533611767,6.703764648,8.164227661,6.9754806405709076,-2.5613509560062555,0.387860669,0.12928689,0.876277808,2.8114764412106754,,,0.36790898855555554,0.6507385498969304,0.7475410919688171,1.594538306,2.403778467,0.6132867530098682,0.14567468779847764,0.272938989,0.007182605,0.775721338,2.1330443545256164,2.0318641708204304,4.334056398731392,8.606090878444444,2.5964182377077787,8.989226211034309,10.40280621,8.398859419999999,4.477558393540102,-2.0891939727677875,9.914389075,7.951143713,10.13465563,1.157252689584173,1.0445190897936598,1.2087725259857252,0.07972858355555555,0.1919429049192825,0.20784303159987813,0.34351145,0.6793893129999999,1.390461156488283,-1.0742036579623255,0.091603053,0.0,0.198473282,1.6527446090244644,2.606882278989082,4.3085106329606155,1.4130619174444443,3.43076049609628,3.710372159784859,10.8778626,11.954198478,7.793467688921847,2.720215310865785,0.236641221,-0.007633588,1.13740458,2.9317443457291192,2.625767571809701,7.69807923185197,-0.9847328243333333,0.6260989923495498,1.1669184562516033,2.015267176,2.366412214,1.5830077084537146,0.5656261085392049,-0.893129771,-1.496183206,-0.770992366,1.7269991448018382,,,9.231436449426317,1.353176289118819,9.330086011888108,10.414733737328795,3.4055800810435315,-1.1129969329483762,-0.9564267865026852,9.979087951276176,8.067171453728978,10.202002309826854,1.1162527037862955,1.0106862635086353,1.1281812743211825
512,4608,4617,9,2005-12-22 17:14:25,0,0.649626717,0.4943702746540326,0.8163435795678813,1.711854187,1.7070657839999999,0.9286202335345779,1.1000310659394452,0.438138904,0.337582434,0.893037219,2.0969775837596996,1.2566348615367697,2.6351351356135804,0.4056841701111111,0.4982971073046797,0.6425571204390722,1.304839905,1.807622254,0.36029568255456645,-0.06348000927448698,0.371101257,0.153228906,0.708683691,2.030698693539302,1.5838851199520183,3.2163934438029047,9.844691204111111,0.580288109730755,9.861778703388024,10.35252798,2.0949264539999994,7.425943121678689,-2.6215648287372666,10.01494554,9.89284126,10.10831941,1.049762754911888,1.0017357069838593,1.051584835456984,-0.06615776077777777,0.12382213801771237,0.14038793101405508,0.221374046,0.335877863,-1.7411113721637221,0.44739491457892794,-0.129770992,-0.167938931,0.076335878,1.5768737697105666,,,-0.22900763355555556,0.5299955771167223,0.5773558763795543,1.541984733,1.992366412,4.041962074742731,-1.701498195114878,-0.099236641,-0.351145038,0.053435115,2.6707699636996467,,,-1.1679389313333335,0.44419348153452964,1.2495555995480214,1.778625954,1.61832061,1.997602163096519,1.257124858163073,-1.328244275,-1.419847328,-1.022900763,1.4234068133049458,,,9.901766017848765,0.5375922388778074,9.916348909126091,10.36698552942102,1.9333460360796355,7.361593008801341,-2.6042490672727436,10.039117381368595,9.958315934130983,10.147046093391555,1.0454438044107348,1.0014727566023112,1.0469834886760259
513,4617,4626,9,2005-12-22 17:14:27,0,0.4604847859999999,0.8281415530241979,0.9475572119839499,1.446097803,2.8778303960000002,2.027661097120289,-1.2064659955263537,0.538695374,0.155623108,1.05344873,1.5261324432033287,2.057738367894635,3.140381282868269,0.4011617893333333,0.5275183409239902,0.662726475427322,1.616086121,1.8315642699999999,2.2381479577059586,1.3012856144936193,0.318428821,0.138863696,0.44771571,2.4385416622415113,1.652017946496518,4.028514589302427,9.900821932,0.4818621230439406,9.912540846563843,10.72602344,1.8986019190000007,2.5501597485099268,-0.7361906189942474,9.847351428,9.785102185,10.22324109,1.082066001646606,1.0011836304747557,1.0833467679418518,-0.02035623411111111,0.2715621958091381,0.2723240761663702,0.473282443,0.7938931300000001,-0.6319777884434457,-0.6981303148048971,0.076335878,-0.091603053,0.160305344,1.7379383037394711,,,-0.9312977100000001,0.6872019368349114,1.1573944559401075,1.954198473,2.106870229,-1.4196330567974806,-0.059572644700898555,-0.65648855,-1.435114504,-0.465648855,1.688446374501318,,,-0.6861747243333335,0.679684151877588,0.9658189781876737,1.534351145,2.221374046,0.03439457705109472,0.5975462892158947,-0.534351145,-1.320610687,-0.320610687,1.5886529252916084,,,9.968340054540265,0.4772144623331709,9.979756364060785,10.845357473599597,1.894605187936742,2.266772980199069,-0.4349723854314068,9.872232382267114,9.810958440808953,10.226219390676722,1.0867356955382221,1.001145256828926,1.0879802870147752
514,4626,4635,9,2005-12-22 17:14:29,0,0.621960386888889,0.5857941452699584,0.8543942318927121,1.316810913,1.647210742,-1.3577658373589783,-0.42420626237499093,0.66319386,0.208295544,1.163582007,1.5412216794616123,1.3737116541561136,2.117194182714475,0.4860229368888888,0.40385355635357467,0.6319145434008706,1.103726965,1.5298948609999998,2.2396146330855187,-0.9843616325251499,0.49081134,0.330399829,0.73501991,1.7466395994937933,1.3001743239647443,2.2709359604818946,9.673106751666666,1.0700380870157897,9.732110548940742,10.73320604,3.823540049000001,5.143030879148263,-2.1101208571765855,9.888052856,9.576806641,10.36689319,1.1028651992828236,1.0060997773299576,1.109592431423408,0.058524173111111105,0.13550663567824572,0.14760463119826597,0.290076336,0.534351145,2.578388392625196,-0.7984603879180812,0.083969466,0.0,0.106870229,1.9652251670231315,2.5221139121099774,4.956521734177694,0.5793044954444445,1.1927435491548084,1.32598298348529,3.580152672,4.328244275,4.435790402728742,1.815840035160197,0.419847328,-0.129770992,0.763358779,2.699998956690772,2.288922309273625,6.180087846985019,-1.0653095843333333,0.7739143908829266,1.3167490250188725,1.847328244,2.748091603,4.5778332584232295,1.9794546367555728,-1.351145038,-1.541984733,-0.900763359,1.4029463541645857,,,9.730448929249441,1.0777963006640758,9.789958183284377,10.81756109486932,3.8868852815184827,5.367406850326869,-2.147065119371813,9.957690791065154,9.652891409993124,10.389767414993402,1.1049649949822564,1.0061157768225937,1.1117227142883463
515,4635,4644,9,2005-12-22 17:14:30,0,0.48176657866666667,0.528314203931663,0.7149929610815285,1.604115112,1.8291700679999998,0.7099219271541148,0.8778433182015497,0.375889661,0.08619126,0.790086548,2.2435397260045016,1.4841066041989408,3.329652124145963,0.5461440008888889,0.21159603516656983,0.5857014186470226,0.888248816,0.672770667,-1.2175301624510202,-0.012273618831143616,0.639251843,0.383072266,0.66319386,1.5165556847239086,1.0724303804376705,1.6264003899233732,9.972381959444443,0.28465789715330847,9.976443858583316,10.45787285,0.8044517559999989,-1.4376220655484024,0.494832872843122,9.868899243,9.737218152,10.16817445,1.048256573007473,1.000407314837658,1.0486835434633315,-0.24597116200000002,0.6077940143044412,0.6556793243346458,1.946564885,2.045801526,8.453336968634638,-2.8786204971710254,-0.015267176,-0.13740458,0.0,2.9687757608878202,,,0.02968617488888888,0.804163395825795,0.8047111507650483,1.503816794,2.572519084,-0.4400807890251963,-0.6856377095603752,0.335877863,-0.305343511,0.610687023,1.8687659448614622,27.107269756948057,50.65714257995757,-0.9312977098888889,0.32567986587972697,0.986601641739829,1.687022901,1.175572519,2.6988776648861936,-1.1205348757378097,-0.969465649,-0.992366412,-0.816793893,1.709933198595746,,,10.01514276028589,0.28391660881177083,10.019166290149398,10.49647770919559,0.8138522803805586,-1.3812221796660102,0.3566822623935496,10.000739392351408,9.765287047850855,10.22479215530996,1.0476398340164763,1.0004017446340818,1.0480607176982428
516,4644,4653,9,2005-12-22 17:14:32,0,0.628610947111111,0.9484565476727228,1.1378583152797135,1.68791217,3.1483751829999997,3.371559767421056,-1.8368064202915482,1.003170496,0.596156213,1.158793604,1.4834115525051725,1.8101153352625114,2.685145999695183,0.4937375867777777,0.3596792149943114,0.610856728125399,1.048660327,1.22583125,-0.19423290377995173,-0.21225289816035434,0.452504114,0.311246216,0.727837305,1.7167042265673904,1.2372092878566576,2.1239224136119557,9.723651009555557,0.6887703877096516,9.748014854451982,10.68532201,2.24815536,-0.2255895214759569,-0.5729086332080175,9.780313782,9.483432776,10.21845269,1.0961536445669184,1.0025056272456183,1.0989001970041292,-6.1679056923619804e-18,0.17873393739605065,0.17873393739605065,0.374045802,0.5954198479999999,0.32902885063995857,0.8757277781834829,-0.06870229,-0.129770992,0.114503817,2.092751983475663,,,0.005089058555555538,1.3290483368300825,1.329058080050601,3.083969466,4.419847329,2.1512871669029856,-1.4517081860690246,0.282442748,-0.496183206,1.007633588,2.3204173785110913,261.1599111194579,605.9999963320022,-0.9007633588888889,0.5248889600566812,1.0425368334529852,1.801526718,1.8473282450000001,-0.10516299388516259,0.028136418019711684,-0.79389313,-1.213740458,-0.534351145,1.728022128516232,,,9.809020629747643,0.68903945877494,9.833191805846347,10.857424190386562,2.295797551518847,-0.2999901749527325,-0.40719654933780686,9.846402841294022,9.542835815682523,10.332206326012667,1.1041607246927956,1.0024641783324832,1.1068815736261624
517,4653,4662,9,2005-12-22 17:14:34,0,1.0744645006666664,0.7614588307326352,1.316925781543357,1.968033765,2.0661960329999998,-1.4976753449577775,-0.29942979444622075,0.986411084,0.553060583,1.826775867,1.494415093532138,1.2256577864845717,1.8316414956277345,0.4785743096666667,0.5224707156190126,0.7085259476916633,1.400607971,1.771709228,-0.42116982944150116,0.2738604225503344,0.311246216,0.174776721,0.732625708,1.9767913589658923,1.4804930673883456,2.92662590262219,9.730035547333333,0.738120287808698,9.757992278724403,11.03008705,2.432508888000001,-0.4831276340990023,0.08868275867602855,9.880870251,9.260772021,10.05085857,1.1303643961728866,1.002873240416756,1.1336122048416326,0.05089058522222223,0.12661430328722006,0.13645890759187693,0.259541985,0.389312977,-0.9230330980946246,-0.08620758286665828,0.06870229,-0.053435115,0.129770992,1.9019790615372762,2.681417535208258,5.100000007204999,0.10093299400000008,1.5186929813676278,1.5220433111226164,2.496183206,4.458015267,-1.0209114511780863,-0.6631375374788853,0.671755725,-1.045801527,1.374045802,1.6400211398444933,15.079740041424067,24.731092451294945,-0.5470737911111111,0.7316130079303199,0.913535618513878,1.557251908,2.106870229,-1.4972763973161127,0.1170763037210616,-0.702290076,-1.267175573,0.083969466,1.7046427927280023,,,9.848352073475217,0.6816724148499899,9.871915510390627,11.119089839094986,2.2974089304425487,0.02437529918978054,0.18711731627445438,9.923995916649522,9.5314211522824,10.074329757630881,1.1263355959025028,1.002392627389802,1.1290304972993679
518,4662,4671,9,2005-12-22 17:14:36,0,0.12662666555555557,0.7595742393559801,0.7700567105888594,1.345541333,2.3822306519999996,-1.2209372943226615,0.14658225029149582,-0.141257898,-0.332794031,0.802057556,1.7473275857450417,6.081315552378724,10.62605042229169,0.582855093,0.22682836950947777,0.6254367822972733,1.034295117,0.718260498,-0.24657790870832397,0.6927501559466326,0.521935962,0.414196887,0.727837305,1.653716484663664,1.0730570768080656,1.7745321769025015,10.09102795211111,0.6631124889977811,10.112792062697254,11.57117662,2.327164009999999,1.8028267273946446,1.0650467515355193,9.993397729,9.873687646,10.15141504,1.1442118604101674,1.0021567783470058,1.1466796717750873,-0.037319762333333346,0.19181918078013113,0.19541587135076086,0.305343511,0.5954198470000001,-1.1238477230043387,0.39408031521917436,-0.061068702,-0.167938931,0.152671756,1.5625317886893897,,,-0.49872773522222225,1.0828339870449915,1.1921655914258051,2.167938931,3.3206106870000003,-0.8012541610342301,-0.3396850478890856,-0.244274809,-0.984732824,0.183206107,1.8184880914128636,,,-0.36386768455555557,0.3443679831202469,0.5009880234717472,0.900763359,1.06870229,-0.8528406083942421,0.2439441964363837,-0.328244275,-0.633587786,-0.213740458,1.7979738372943317,,,10.139445718927014,0.666605072331861,10.161334647059208,11.614388973418729,2.30436749915088,1.6407766530012147,1.0597882863650818,10.017461343300278,9.925216043704857,10.18833211712391,1.142998373425291,1.0021587894189654,1.1454658662197363
519,4671,4680,9,2005-12-22 17:14:38,0,-0.010640896333333353,1.2312851045499247,1.2313310835682238,2.813186951,4.4939165160000005,2.023484758115668,-1.201355560788904,0.414196887,-0.761356128,0.768538733,2.2846714328430506,,,0.6576073893333333,0.619943630117428,0.9037574802063751,2.317587207,2.185906116,6.500047210114754,2.422395002977695,0.495599744,0.263362183,0.603338818,2.564390622217338,1.3743116255469436,3.524271844556848,10.380460332,1.7991476322375224,10.535221350631957,15.09783567,6.567295155,5.878133845021313,2.1463906285635153,10.18972227,10.05325277,10.2328179,1.4330819607406116,1.0149088781886553,1.454447605127653,-0.05258693811111112,0.16086756473368027,0.16924467330833973,0.267175573,0.435114504,-1.7941822750790788,0.12210751481621625,-0.099236641,-0.167938931,0.106870229,1.5786350481662965,,,-0.7328244274444444,1.9672157098289398,2.0992782784702597,5.061068702,6.396946565,1.2671337780537995,-1.296648389074407,-0.244274809,-1.076335878,0.854961832,2.4108612726122196,,,-1.086513995,0.6935511156526789,1.2890018663112695,2.41221374,2.389312977,-0.11128006765339382,-0.43786813173863787,-1.229007634,-1.366412214,-0.610687023,1.8713811073858415,,,10.474609396877227,1.8990525822243645,10.64536719550818,15.531576648932042,6.878342262607788,6.412990872111752,2.311285062511701,10.230578622590745,10.086025118007017,10.273064023671635,1.458998676483945,1.0163020683789756,1.4827833726728212
520,4680,4689,9,2005-12-22 17:14:40,0,0.46261296522222217,0.4976021471671841,0.679425236841471,1.055842932,1.833958472,4.144060524988925,-1.7754326843288084,0.593762012,0.311246216,0.782903943,1.554023717029454,1.4686688180369096,2.2823461756909733,0.39264907222222223,0.3183257954750555,0.5054746343604185,0.845153186,1.036689319,-0.6385146512841637,-0.31054200394522685,0.292092603,0.260967981,0.711077893,1.6719992034207212,1.2873445275183075,2.152439024538635,10.082515236666666,0.6897598343684503,10.106081442711783,11.9638257,2.5115175459999985,7.3155662241872985,2.589864021643757,9.859322437,9.79228479,10.07719479,1.1838243900783094,1.0023373340373853,1.1865913831195265,-0.04240882088888889,0.14154130641332138,0.14775807764848456,0.236641221,0.45038167900000003,-0.27629784989463246,0.8072568587078526,-0.091603053,-0.167938931,0.053435115,1.6015450712817734,,,0.24257845644444448,0.8555430728452457,0.8892683830118188,1.679389313,2.7022900759999997,-0.5849969044786745,-0.08176379068235086,0.381679389,-0.213740458,0.72519084,1.8885067152754942,3.6659000805188144,6.923076919588756,-0.925360475,0.4679966645326133,1.036972944056824,1.977099237,1.664122138,1.8423446901349498,-0.9930879305726424,-0.938931298,-1.083969466,-0.488549618,1.9066063857608795,,,10.118300928688448,0.6855594078304202,10.141499168523476,11.991942855962797,2.4789191607608423,7.392708850582213,2.6150531870541927,9.8906362862232,9.81461730400564,10.124131345292138,1.1824625389885757,1.0022927011163756,1.1851735721717869
521,4689,4698,9,2005-12-22 17:14:42,0,0.8587203288888889,1.1010846409077568,1.3963480904452175,3.931279126,3.785232825,8.332046861515398,2.844567956647505,0.538695374,0.409408484,0.60573302,2.815400510016478,1.6260801607573132,4.578066913923816,0.5751404432222222,0.21298611814972598,0.6133103748954059,0.847547388,0.644040247,-0.4235563517003955,-0.7027421736685586,0.615309827,0.536301172,0.708683691,1.3819224697520256,1.066366279963441,1.4736355232673586,9.676565044666667,1.1758961942713624,9.747750659683836,10.61110176,4.144363076,7.312258287308978,-2.614106021962043,10.06043538,9.770736975,10.11550201,1.088569263869965,1.0073564963071688,1.096577319639722,-0.06615776077777777,0.10043640896455285,0.12026770787216567,0.167938931,0.297709923,-0.497718533698535,0.906802315858799,-0.122137405,-0.145038168,0.007633588,1.396375918118476,,,0.3375742154444444,1.37889436613281,1.4196147448817713,4.015267176,5.030534352,6.390469783959395,2.364756816614312,0.13740458,-0.465648855,0.251908397,2.8284203094371216,4.2053411662757805,11.89447236280641,-1.1501272265555553,0.6501757750081931,1.321181734536123,2.480916031,2.1984732830000002,0.5921141915462886,-0.6610973669387861,-1.160305344,-1.290076336,-0.740458015,1.8778007341064769,,,9.830071995595729,0.8451420533943763,9.866335719455883,10.64499995461394,3.043954148439979,5.934253554103183,-2.27880500328042,10.08047981303694,9.802097271175278,10.136697530790636,1.0789213196569598,1.0036890598437531,1.0829015249718754
522,4698,4707,9,2005-12-22 17:14:44,0,0.538961396,0.8375056309100932,0.9959392894069309,2.018312,3.0286651009999996,0.5149174853668557,-0.15266883344200727,0.584185205,0.270544788,0.751779321,2.0265411973071963,1.8478861321023645,3.7448173746380897,0.8518037462222223,1.1348598807180186,1.4189702501960804,3.919308118,3.952826941,6.848311894024361,2.5472718775071908,0.416591089,0.313640417,0.579396802,2.7620791327079695,1.6658417581388438,4.601186758548857,9.268486670999998,1.1967803778335209,9.345433561011067,10.51533369,3.0861259390000004,-1.6132945804261811,-0.675152523198919,9.689334119,7.869740857,10.18493386,1.1251841470330204,1.0083019906854727,1.13452541534113,-0.0763358778888889,0.31795417866639125,0.32698933619383797,0.816793893,1.267175572,3.2858259592239643,-1.0465319510464257,-0.114503817,-0.145038168,0.06870229,2.497922111184103,,,0.683630195,1.8856871373442279,2.005783194530557,3.801526718,6.236641221999999,-0.3463588577046286,0.3587958449295158,0.183206107,-0.480916031,1.809160305,1.8952829639644713,2.9340178494171942,5.560794045968083,-0.24936386766666668,1.2935621984929353,1.3173782675706909,2.923664122,4.145038168,3.480516587252497,1.9705732337123507,-0.72519084,-0.992366412,-0.58778626,2.219304958925258,,,9.452565027892398,0.9957481990259701,9.5048671785774,10.522537812814049,2.817663936621239,-1.0908640321422536,-0.7388874113342163,9.72134502652338,8.60774001316079,10.2238771843211,1.1070683698274428,1.005533117257662,1.1131939089299467
523,4707,4716,9,2005-12-22 17:14:46,0,0.7171964084444444,0.603533143114405,0.9373488908208956,1.841141077,1.905784522,-0.7834330415173612,0.714315085815035,0.392649072,0.289698401,1.304839905,1.964200411425885,1.3069626113353643,2.5671364989031713,0.3889247585555556,0.3501362216662517,0.5233142856259666,0.907402429,1.094150158,-1.0832810431248694,0.09789702214687777,0.282515796,0.162805713,0.713472095,1.7339531022253736,1.3455411981729475,2.3331053347440287,9.714606247555556,0.5613835495546261,9.730813225766694,10.41477722,1.5729904890000004,-1.4078661047665655,-0.12515153681551225,9.684545715,9.308656055,10.33816277,1.0702884721312094,1.0016683103563992,1.0720740454736006,0.028837998444444443,0.12988458729065694,0.13304749591760856,0.244274809,0.473282443,0.6394933808891263,-0.47047948847437726,0.030534351,-0.022900763,0.122137405,1.835997042374029,4.6136175564999995,8.470588188378894,0.20610687011111112,0.4281316991229295,0.47515975597780274,0.93129771,1.3587786259999999,-0.44021941726664426,0.5986137419979858,0.030534351,-0.015267176,0.34351145,1.9599675651898134,2.3054047432851057,4.518518521473555,-0.7463952501111111,0.5270281905360201,0.9137092442391614,1.374045802,1.5801526719999999,-0.520599016552131,0.7144084727001055,-0.839694656,-1.167938931,-0.526717557,1.5038107698518002,,,9.774867676685071,0.5414505727365615,9.789852236853188,10.449661486175597,1.5004966113561853,-1.5370964368964044,-0.13959175228457332,9.873264994809642,9.313125944045575,10.354408453446739,1.0673972633456719,1.0015329680834306,1.069033549282722
524,4716,4725,9,2005-12-22 17:14:48,0,0.2766633028888889,0.8028366719426583,0.8491697739447353,1.429338391,2.516305945,-1.164545749980991,-0.1599351218042651,0.438138904,-0.347159241,0.790086548,1.6832186387889763,3.0693256571355665,5.166346154603809,0.5296506115555555,0.2364725231152977,0.5800422609687065,0.806845959,0.711077893,-0.9917968206165968,-0.6603486699144584,0.670376465,0.371101257,0.713472095,1.3910123680514541,1.0951413031793797,1.5233550974865047,9.996856020222223,0.7320413645800543,10.02362284049582,11.59990704,2.4085668669999993,0.9656216811137508,1.2092900664502813,9.694122522,9.449913953,10.49618008,1.1572569344025925,1.002677523835439,1.1603555174281825,0.03392705688888889,0.2517955671258984,0.2540709601930034,0.389312977,0.717557252,-1.559336667791992,-0.3832582431138573,0.152671756,-0.27480916,0.221374046,1.532300175920384,7.48874153820904,11.47499997642,0.1849024596666666,0.9029442538913147,0.9216817483416532,1.511450382,2.916030535,-0.8537207373854141,-0.2987214626877995,0.389312977,-0.503816794,0.954198473,1.6398831643563465,4.984691658527514,8.174311930326786,-1.0610687022222225,0.5522390633061229,1.1961750598791028,1.633587786,1.610687023,-0.6134291636084597,0.7268541472434393,-1.007633588,-1.564885496,-0.900763359,1.3656761796764987,,,10.04938364934692,0.7351472275941361,10.076237054476268,11.678627582111048,2.4554060842742516,1.213114888305494,1.2288982548071894,9.824869573581006,9.467341525541865,10.512827169084561,1.1590266801953546,1.0026721444882933,1.1621237669506237
525,4725,4734,9,2005-12-22 17:14:49,0,1.512337382,1.8643523276089562,2.400619494725382,5.686228943,6.313509777999999,1.5426846025027778,1.3782769363717298,0.907402429,0.251391174,1.999158386,2.368650656838257,1.5873571091330612,3.7598944591849017,0.4556963826666666,0.6056757121382095,0.7579592742684875,1.958456958,2.106897461,3.8475050207024566,1.836281168348626,0.284909998,0.064643445,0.51954176,2.583855128483153,1.6632988610377462,4.297723292292567,9.964667309,0.9080490052085257,10.00595560528396,12.2583125,3.3327287110000015,4.531136222470863,1.8621437180641163,9.955090503,9.3732995,10.06761798,1.2251016278271925,1.0041434696215767,1.2301777992054388,-0.061916878777777774,0.10438429724796296,0.12136631076840522,0.229007634,0.3129771,-0.75160457423521,-0.2865544553615484,-0.038167939,-0.114503817,-0.015267176,1.88691270707733,,,0.3621713317777778,2.1466512429301194,2.1769886615081657,6.099236641,7.267175572,6.352613506968233,2.46376029843343,-0.404580153,-0.839694656,-0.06870229,2.801685074820093,6.010935903794641,16.840749407361674,-0.9177268871111112,0.30378690970336475,0.9667001219787708,1.381679389,0.9465648850000001,-0.9478224694254713,0.2739217396339054,-0.923664122,-1.160305344,-0.740458015,1.429274040197486,,,10.272750567915427,0.9629224081990857,10.317781922235934,12.769044894980969,3.299518174293503,5.24798079742285,2.1631422865484624,10.026171905657092,9.634216907385433,10.257373253803378,1.2375765441855577,1.0043835732234316,1.2430015515865966
526,4734,4743,9,2005-12-22 17:14:51,0,0.2207985974444444,0.9227498633850297,0.9487988886010169,1.891419312,3.524264844,2.5317291435945277,-1.0326173742726854,0.074220251,-0.040701428,0.869095203,1.9934881192671465,4.2971237117561225,8.566265066406972,0.3298677842222222,0.2838535119553546,0.4351845255946805,0.715866296,0.8906430169999999,-0.8403727789120596,-0.6005175962960712,0.426167896,0.102950671,0.555454785,1.6449718542307248,1.3192695571068849,2.1701612895842595,10.153277197000001,0.4040897003192422,10.161315186776969,10.84333932,1.2808978890000002,-0.8089555102155663,0.024097977719111,10.0987426,9.904812268,10.43632504,1.0671196710944029,1.0007916645651458,1.0679644719247783,-0.04664970311111111,0.19329864322822246,0.19884808340596707,0.41221374,0.6870229,0.17303261320005792,-0.2241468104698944,-0.038167939,-0.160305344,0.076335878,2.0730083636683934,,,-0.5385920271111111,1.2310742407942,1.3437355238344604,3.442748092,4.198473283,2.5628277084435362,-1.5544076069681347,-0.305343511,-0.687022901,0.213740458,2.562072692828596,,,-0.7133163697777778,0.34204968606141545,0.791086740583901,1.061068702,1.1984732820000001,3.9177077284564934,1.8331059017452855,-0.809160305,-0.938931298,-0.648854962,1.3412798465271019,,,10.206567168372215,0.40977782377555894,10.214789827859986,11.007546205359484,1.356545149891657,-0.11019895132573954,0.48071457917739946,10.099381147114968,9.924738984806222,10.452792438260756,1.0776086822009123,1.0008056243937973,1.0784768300422611
527,4743,4752,9,2005-12-22 17:14:53,0,0.7858301894444444,0.5428638112456852,0.9551074307126305,1.757344019,1.721430994,-0.4958693107933705,0.6752968426841429,0.636857642,0.49081134,1.072602344,1.8399438246321673,1.2154119853652599,2.236289776856732,0.3572680922222222,0.17571177690773257,0.3981395713367098,0.73501991,0.632069239,1.3293120795262157,0.8361296231013422,0.332794031,0.296881006,0.409408484,1.846136287162443,1.114400026210752,2.057334326802447,9.794146946777778,0.3485348373862345,9.800346470811544,10.25675991,1.0893617530000004,-0.4493207576451379,-0.6876921875986364,9.813832605,9.694122522,10.06522378,1.0465711534329727,1.0006329825422728,1.0472336147023422,0.03562340955555556,0.09500333180750645,0.10146260573674429,0.145038168,0.259541985,-1.6646012759370992,-0.30440349648879295,0.061068702,-0.030534351,0.129770992,1.4294741096667398,2.848200298697151,4.071428586132653,-0.24936386766666668,0.47590180535821375,0.5372754106051066,1.053435115,1.419847329,-0.21316750052285816,-0.7265269611779911,-0.198473282,-0.282442748,-0.06870229,1.9606985434408182,,,-0.8481764204444445,0.46182251996412954,0.9657552899901558,1.664122137,1.3587786259999999,-0.8110492418151227,-0.6817922788704798,-0.717557252,-1.167938931,-0.557251908,1.7231302321077244,,,9.849872626677108,0.31232276358279587,9.854822995387334,10.281270910085391,0.9379812176455165,-0.6819501205195713,-0.5739256403265541,9.901472438580399,9.725760510055833,10.092089662450416,1.04327301615642,1.0005025820026159,1.0437973463981551
528,4752,4761,9,2005-12-22 17:14:55,0,1.1606557604444445,0.8355232326348848,1.4301121866921906,2.729389893,2.75333191,-0.44300417520415447,0.4053314498336997,1.161187805,0.538695374,1.783680237,1.9085145336136198,1.2321587807780012,2.351592940834453,0.3240152913333333,0.4194555064393887,0.5300271982645315,1.38384856,1.5011644409999998,4.475570227112062,1.8856477510771406,0.260967981,0.004788403,0.395043274,2.610901034005682,1.6358092116068121,4.270935962020245,9.491413448222222,0.8018419301743395,9.525223342582544,10.91516537,3.0190882950000004,1.2827612237182269,-0.5075628270917206,9.670180505,9.478644373,9.765948572,1.1459222505790196,1.0035621558943526,1.1500042042783893,-0.09160305344444446,0.10819486849109598,0.1417647663143113,0.267175573,0.374045802,-0.10294044424516091,0.1172176752959325,-0.091603053,-0.152671756,-0.022900763,1.8846401679782427,,,0.21628498733333335,0.8432187596351332,0.8705154061510875,1.610687023,2.870229008,1.0280007070510537,-1.0394389867961469,0.41221374,-0.129770992,0.870229008,1.8502682567348472,4.024853582692124,7.447058822060761,-0.6055979642222222,0.48437037723993176,0.7754763417523799,1.41221374,1.625954198,-0.4256192211349372,0.3111314772537279,-0.763358779,-0.839694656,-0.236641221,1.8210919714310756,,,9.620018510492887,0.7150337623352168,9.646555313867486,11.002565387746593,2.6480639617138326,0.9961160429131732,0.0048073468362845335,9.749933203604195,9.480986881526489,9.854385703514467,1.1405693566002533,1.00275849816148,1.1437156150734755
529,4761,4770,9,2005-12-22 17:14:57,0,0.5953581458888889,0.7049531537604045,0.9227189555184158,1.618480322,1.944091748,-1.9832413160335416,-0.08833273968724739,0.950498059,-0.165199915,1.209071838,1.7540338933328634,1.5498552625676543,2.7184986603039696,0.38812669155555557,0.4662877290790664,0.6066849058511132,0.960074866,1.6567875490000001,2.362995853243075,-1.2861905842755492,0.368707056,0.246602771,0.699106885,1.582493410896912,1.5631104972956331,2.4736120624741345,9.889648990444446,1.0137351270878057,9.941469512204447,12.49533846,3.9839515579999993,5.411151322843521,1.920533607055024,9.639055884,9.600748657,9.919177478,1.2568904873329185,1.0052398747225582,1.2634764360265178,-0.10432569977777778,0.11615992066488955,0.15613128707275956,0.290076336,0.366412214,-0.8137585210460601,0.2596469300769761,-0.129770992,-0.167938931,-0.015267176,1.8579001136704907,,,-0.19677692977777778,1.3125765102533042,1.3272446102213076,3.114503817,3.954198473,1.480383261053431,-1.5563586806681036,0.183206107,-0.152671756,0.778625954,2.346593682140236,,,-0.9906700592222223,0.4678998107328028,1.0956082325006298,1.778625954,1.625954198,0.03777336325145164,0.14196438221681593,-0.992366412,-1.167938931,-0.816793893,1.6234141924439927,,,9.952378005747851,1.0012317107730666,10.002614303668372,12.501868625730129,3.9558088108837595,5.1738418569770275,1.819913057338447,9.809437773354446,9.604695890093232,10.04299820260297,1.2498601111856504,1.0050476677927132,1.2561689898142792
530,4770,4779,9,2005-12-22 17:14:59,0,0.5365671941111112,0.6596028658508937,0.8502824792002849,1.865083093,2.592920398,1.8693704375838465,0.19464776522138755,0.457292517,0.239420166,0.814028564,2.193486445532977,1.5846710133087454,3.4759543883217403,0.702033131111111,0.45530945305258025,0.8367539753217251,1.675941162,1.491587634,0.638256703696654,0.9759319945029009,0.565031592,0.320823022,0.926556042,2.0029079172950617,1.19190097766097,2.387267904788881,10.008294984222223,0.6695872235892671,10.030668748453499,11.45864915,2.4229320849999993,1.3915370252579038,1.0505784231479693,9.911994873,9.6629979,10.11071361,1.1423614354493226,1.002235522061105,1.1449152096400252,-0.07039864288888889,0.21006711961213553,0.22154946098498315,0.41221374,0.633587786,-1.0704479974729155,-0.06313235332388824,-0.083969466,-0.229007634,0.061068702,1.860594641789448,,,0.5250212044444446,1.0631795857941622,1.1857479060768952,2.366412214,3.145038168,-1.1500809514322823,0.5929884218470823,0.190839695,-0.259541985,1.572519084,1.9957127496260063,2.2584762216063328,4.507269790186928,-0.6802374893333334,0.6014402193426496,0.9079941515987044,1.839694656,2.244274809,0.8994586928364194,-0.30070204129432293,-0.496183206,-0.908396947,-0.396946565,2.0261084862285195,,,10.07886930744488,0.6736813299319901,10.101358970497651,11.603411837206817,2.3669302956322475,1.8600632122569767,1.3539188705965712,9.93733667755359,9.702530511668465,10.13311282432022,1.1486980980575097,1.0022313676630532,1.151261265848126
531,4779,4788,9,2005-12-22 17:15:01,0,0.6772930474444445,0.9201825409933965,1.1425680639969096,2.42293208,3.581725684,1.6488776001315752,-0.08865840117819936,0.658405457,0.280121594,1.144428394,2.1206019635488023,1.6869626350189717,3.5773762762546926,0.47165772699999997,0.3907987767385486,0.6125232202448757,1.194706628,1.120486377,-0.3596047571309784,0.9872528746188801,0.347159241,0.150834705,0.636857642,1.9504674900689936,1.2986604166136682,2.5329949232444147,9.718596582666667,0.40249937295932353,9.726927843972776,10.34295117,1.2042834329999987,-1.124022018833167,-0.09623525578205251,9.809044202,9.397241516,9.923965881,1.0633317462521261,1.0008572494223054,1.0642432867773195,-0.09329940633333333,0.2207671414235031,0.23967250562894662,0.572519084,0.847328244,1.8901209383252482,-0.7232626390927039,-0.091603053,-0.160305344,0.015267176,2.388755783637343,,,0.025445292555555624,1.5693001301843506,1.5695064069668072,2.755725191,4.938931298,-0.745088150638602,-0.31743849131761126,0.511450382,-1.381679389,0.702290076,1.7557909791051138,61.68160195211147,108.3000002842697,-0.457167091,0.5923612142971839,0.7482603539524438,0.977099237,1.8244274809999999,1.3914631501614423,1.5414786755729533,-0.65648855,-0.900763359,-0.549618321,1.3058278870967688,,,9.8074227658795,0.32898396521137346,9.812938996959964,10.370614037206542,1.0965358397623177,-0.5625135220507556,0.11460616048459488,9.82028034613981,9.545667606491211,9.94832420917468,1.0568305826031676,1.0005624547051908,1.0574250019369422
532,4788,4797,9,2005-12-22 17:15:03,0,-0.043627674666666665,1.0637537204305232,1.0646479942810207,2.56658418,3.7684734129999997,2.709749159026205,-1.4823790892491748,0.141257898,-0.49081134,0.699106885,2.4107349976583277,,,0.539759463111111,0.3026939903387293,0.6188407952011387,1.048660327,0.9337386469999999,-0.6415552798023691,0.41941937078164576,0.53390697,0.316034619,0.615309827,1.6945559102307715,1.1465121734674406,1.9428289797007787,9.771002998222222,0.6198249009349625,9.790642598884236,10.50575688,1.8507178789999994,-0.5808824177211851,-0.7669867088579526,9.955090503,9.531316809,10.30464395,1.073040586855582,1.0020099881931863,1.0751973857659711,0.17048346044444443,0.6452677370851165,0.6674092169037371,1.93129771,2.229007634,7.29440160644681,2.6079607271242424,0.038167939,-0.190839695,0.114503817,2.893723462435428,3.9148033197110417,11.328358217067944,-0.41984732833333327,1.365006550499052,1.4281157733230032,3.763358779,4.580152672,3.428474754339513,-1.828568635335175,0.167938931,-0.549618321,0.572519084,2.6351916625381495,,,-0.6972010177777778,0.30661313641502747,0.7616435351347962,1.129770992,0.8549618320000001,-1.7357159637152675,-0.04825467567089818,-0.65648855,-0.946564885,-0.374045802,1.4833330027544347,,,9.846624215525871,0.6458431224670196,9.867782009176048,10.664737426545088,1.91443705376585,-0.8743347866286886,-0.5700299388289205,9.99754169578061,9.533056220321336,10.429123197673288,1.0807633789060147,1.0021487357684287,1.0830856538354778
533,4797,4806,9,2005-12-22 17:15:05,0,0.3998316771111111,1.8873491669698517,1.9292361825560078,4.29759198,7.402871533,4.496522102397833,-1.6302090953840327,0.758961926,0.229843359,1.05344873,2.2276131967969848,4.825120902113724,10.748502997689505,0.4596867185555555,0.4374587831906812,0.6345723490722283,1.493981836,1.740584607,3.560981180454169,1.1537964968623828,0.440533105,0.356736047,0.50517655,2.3543128505114743,1.3804452542509926,3.250000001510691,10.154873330222223,1.604179079581043,10.280799719487975,13.97734929,6.438008261999999,3.7749877735037423,1.2194428941131308,9.938331091,9.507374792,10.30224974,1.3595585626967284,1.0124005869074681,1.3764178868092418,-0.033078880444444445,0.1909244933698292,0.19376886875859034,0.34351145,0.61832061,-0.9994030110467089,-0.05532387999410051,-0.015267176,-0.160305344,0.091603053,1.7727896756623405,,,-0.047497879555555594,1.8803151121471262,1.8809149288394553,4.091603053,6.931297709,1.433408242637154,-0.7182275058000226,0.091603053,-0.809160305,1.007633588,2.1753259492307624,,,-0.6615776078888889,0.6885949407571215,0.9549072853928219,1.442748092,2.274809161,0.9487852473759695,0.9752995714118353,-0.847328244,-1.305343511,-0.27480916,1.5108776674653752,,,10.342061088531048,1.6915228723272786,10.479478860445035,14.699237113793414,6.541710701612521,5.363666864504916,1.9785222247669847,9.973650720106658,9.514818261362542,10.322883031544453,1.4026687118264942,1.0132872713415295,1.4213063516028064
534,4806,4815,9,2005-12-22 17:15:07,0,0.8494095445555556,1.366856779141702,1.6092837006158063,4.359841223,5.164292981,5.155031678120279,1.9779278790509982,0.684741675,0.203507141,1.060631335,2.7091812471173786,1.8945910261202052,5.132790478921732,0.399565655,0.2463235332812702,0.46939109035403315,0.74938512,0.825999573,-0.20857419946923983,-0.3547917284649081,0.304063611,0.268150586,0.615309827,1.5965047811938322,1.1747533464907867,1.8754993343959956,9.862514704222223,0.6298181459868514,9.882604271547752,11.11867251,2.3415292240000003,0.8653293404119804,0.3379823159751508,9.74918916,9.574412439,10.17056865,1.1250751527116103,1.0020369619643688,1.1273668880047403,-0.03392705700000001,0.19980991529946202,0.20266979905417443,0.541984733,0.7099236640000001,4.619444270884928,-1.9742299316746914,0.0,-0.083969466,0.091603053,2.6742254422185785,,,-0.556403732,1.3081080420548468,1.4215244502547582,3.923664122,4.648854962,5.039923594195853,-2.0896541397898014,-0.229007634,-0.564885496,0.213740458,2.7601805380813684,,,-0.6497031382222223,0.6404074607733711,0.9122696331841813,1.809160305,2.076335878,-0.6996945834035295,-0.44740245022209024,-0.404580153,-1.13740458,-0.282442748,1.9831420878116002,,,10.011230543727946,0.501250648991049,10.023771207124856,11.168453673912186,1.8052427702669913,2.217413241245305,1.2891378625213366,9.830206580982289,9.688237231364761,10.194834817719778,1.1141967871307452,1.0012526595349227,1.1155924963599249
535,4815,4824,9,2005-12-22 17:15:09,0,-0.21654223922222218,2.8127822531539337,2.8211051992127296,5.202600208,8.480262281,-0.8781385924783938,-0.5085941639700083,-0.08619126,-2.138022083,1.695094775,1.844170933239874,,,0.3785498847777778,0.18587067598493012,0.42172019569421115,0.639251843,0.687135876,2.3635850535008363,-1.1334179200137773,0.397437476,0.328005627,0.457292517,1.5158198481524012,1.1140412734289322,1.6886858739245516,10.090229886555555,0.7420429796054321,10.117478289925836,11.28866083,2.382230653999999,-0.711664618983193,0.15217068949768575,10.01733975,9.524134204,10.40520042,1.1157583447686101,1.002700473990844,1.118771421158725,-0.006785411333333334,0.16138994317039668,0.16153252168992596,0.259541985,0.43511450399999996,-1.0359439750327804,0.8578412546753811,-0.076335878,-0.129770992,0.114503817,1.6067475594679979,,,1.3019508057777776,5.439431235876707,5.593075010269092,9.564885496,17.038167939,-1.0215484781750996,-0.04488289956093421,0.396946565,-1.519083969,6.213740458,1.710130023008545,4.2959188515020905,7.346579804362113,-1.826123833444444,0.9659146883228434,2.065845938155033,4.091603053,3.679389313,2.931160773888889,-1.2590487203609655,-1.702290076,-1.946564885,-1.34351145,1.9805944758175584,,,10.462511812101088,1.0176915039673513,10.511890858242493,12.429931823613284,3.516038983944947,0.2237939176204513,0.6212116947565081,10.258532779802566,10.049462615166115,10.804473715070412,1.1824639345324663,1.004719616763949,1.188044711140651
536,4824,4833,9,2005-12-22 17:15:11,1,0.327739605,5.102438691900529,5.112953535217109,8.930372192,17.733851696000002,0.16856497158850559,0.11301120966403903,-0.881066211,-2.513911743,2.439691492,1.746617122664854,15.600658135952502,27.248376625095403,-0.24713481566666662,2.0451935151702396,2.0600709045100847,5.600037683,7.026981872,5.546894824179104,-2.292736807755169,0.474051929,0.031124622,0.809240161,2.718371329229453,,,8.86094034411111,4.3166054973313495,9.856436820752576,11.65736788,14.839261886000001,8.319056474867846,-2.843277388432132,10.33337437,9.629479077,10.63025537,1.1827162383322534,1.1123465950544473,1.3155903806244862,-0.05597964377777778,0.551335551423044,0.5541702001916369,1.267175573,2.015267176,3.1491847000752546,1.4720725320665131,-0.06870229,-0.480916031,0.106870229,2.2866180328025574,,,0.7540288385555551,11.360647980911542,11.385643681213766,21.19083969,38.29770992,0.19252071056377407,-0.4531850114209911,1.305343511,-3.236641221,5.030534351,1.8611894314736672,15.09974565830203,28.10348703717213,-1.6963528414444442,2.096910663713891,2.6971554078832147,5.816793893,8.34351145,2.145244957876703,0.03418037742804257,-1.366412214,-2.450381679,-1.038167939,2.156640242530609,,,11.173689493428014,1.6383515773000896,11.293163099255466,14.277213903036111,4.8954260171363995,-0.4318941966224221,0.8537612190277618,10.64826699913584,9.771812575750566,12.053125731262146,1.2642351640150649,1.0106924043215737,1.2777528775462648
537,4833,4842,9,2005-12-22 17:15:13,1,1.838214830666667,4.5430951783177385,4.900892527176735,12.78503687,15.260641387,2.93686781142456,1.6829339036836166,-0.407014282,-1.264138477,4.21140072,2.608716024500357,2.666115214291533,6.955137482686526,1.3053719495555556,1.6534465128513807,2.106627944737006,4.036623999,4.697423657,-1.4648364291150329,0.4372169311013373,0.823605371,-0.306457813,3.033453503,1.9161542070514672,1.6138143197073116,3.0923170981070665,9.792816836222222,1.2467310886635332,9.871858993889528,11.6789157,3.715800977999999,-1.3592302594242782,0.148408782019549,9.988609326,8.674192615,10.46505546,1.1830513084950869,1.0080714424653527,1.1926002390651653,-0.5428329093333333,1.8597339093917873,1.9373378077137067,5.503816794,6.175572518999999,6.272672875357248,-2.4391064084235516,0.34351145,-0.41221374,0.503816794,2.840917454914675,,,-1.6590330785555558,8.10386271704923,8.27193941542865,16.16793893,30.53435114,1.9226605823389393,0.8341070783916447,-1.595419847,-4.198473282,-0.534351145,1.9545523870549504,,,-0.7514843086666666,4.08227214372867,4.150864310193154,9.190839695,14.992366413,1.0572491858752846,-0.5372902583290469,-0.282442748,-1.847328244,1.160305344,2.2141990217387564,,,11.030771358260688,2.0572583934685595,11.220972723241118,15.723759139645678,7.37230739295434,2.037959039211125,1.1833277315433202,10.629227004329929,10.017023299230003,12.078887136898473,1.4012830729976102,1.0172427982416654,1.4254451143047688
538,4842,4851,9,2005-12-22 17:15:15,1,0.8619125975555555,2.892294701520492,3.0179897226909964,6.313509778,9.840168823,0.42696694843903593,0.047324476943612755,0.715866296,0.469263525,1.719036792,2.0919586738587523,3.501503204907582,7.325000001050636,0.20111293944444444,0.8848006824126335,0.9073690880837008,1.357512341,2.686294262,-0.9847785902853485,-0.48178813519681757,0.395043274,-0.64882865,0.742202515,1.4960971878235019,4.5117389790543685,6.749999998756918,10.22430517822222,1.62965252452269,10.353365816395407,14.08029996,5.9424085170000005,2.8190885367720195,1.4987885744622058,9.619902271,9.583989246,10.46266125,1.3599731922639773,1.012622925071533,1.377140031969219,0.0593723493333334,1.1435091730449876,1.1450494769674324,2.679389313,4.335877863,2.4965807523964365,1.1031180691444995,-0.083969466,-0.572519084,0.183206107,2.339976889117611,19.28590479953549,45.12857151663546,0.7591178968888891,4.903131750936114,4.961548241064966,13.04580153,18.038167942,4.338096602072067,1.7720191646078134,0.908396947,-3.045801527,1.267175573,2.629381172196322,6.535938964683875,17.185474856364102,0.647158608888889,1.7640793162651551,1.8790396747098075,3.801526718,5.45038168,-0.040645177371364305,0.9938687762593761,-0.198473282,-0.244274809,0.770992366,2.0231221134737853,2.903522643291331,5.874180866614549,10.677526681526535,1.7647062989835447,10.822373323646863,14.574535401181633,6.247685827745416,1.3715154037156294,1.1710148115045351,9.998558499623057,9.648882504471203,11.673308499161786,1.3467041808044362,1.013565561242842,1.3649729788451301
539,4851,4860,9,2005-12-22 17:15:17,1,0.3570020697777778,1.7406735023929572,1.7769059400425735,4.474762903,6.447585071000001,2.9000923472449456,1.3432900192165864,0.51954176,-0.857124194,0.744596716,2.5182891238985827,4.977298706275399,12.534277198407827,0.38919078088888887,0.7306941611860263,0.8278788686276838,1.65918175,2.624045019,0.14302380331801512,-0.14012754909507819,0.344765039,-0.093373865,0.833182178,2.004135886147581,2.127180059961485,4.263157894466375,9.937267001222223,0.6865735795862529,9.960956717794028,11.03487545,1.9416975450000002,-1.5744390315374295,0.5068528904132446,9.485826978,9.406818323,10.45069025,1.1078128098165057,1.0023839267445356,1.1104537544017663,-0.12128922822222221,0.25897869440075977,0.28597384676970794,0.580152672,0.93129771,0.2702174031426834,0.009719958965531648,-0.145038168,-0.229007634,0.06870229,2.028691359553559,,,-0.48346055888888884,5.693750254304277,5.714238888110224,12.21374046,23.26717557,3.1944881506627585,0.6133309484493732,-0.091603053,-2.282442748,0.610687023,2.1374220957778767,,,-0.15097540299999995,2.6099175434416617,2.614280619190597,4.167938931,7.969465649,-1.1013029276253934,0.2740328572507228,-0.083969466,-2.458015267,1.030534351,1.5942966873580804,,,10.117433717886815,0.8372406098677942,10.152016394522066,11.775871310688933,2.6254728034969546,-0.24458292214512412,0.8755138507533803,9.758240238433041,9.416836460129277,10.518296865004759,1.1599539296491959,1.0034181273235436,1.1639187998701817
540,4860,4869,9,2005-12-22 17:15:18,1,0.3220866288888891,7.991509998856793,7.997997990643477,19.61270145,27.451317685,3.126086255028868,1.6050545684246778,-0.318428821,-4.680664246,1.980004773,2.452201347505223,24.83182247656286,60.892628538037926,0.43388254555555555,1.171558752658117,1.2493214055108524,2.669534851,4.7884033200000005,3.0322025597148192,-0.45085133630959934,0.409408484,0.292092603,0.790086548,2.136787890789734,2.87940000884614,6.152667071642284,9.691728320000001,6.339182814191858,11.580796025335884,17.13051288,24.281993239000002,6.401288729463488,-2.276027102293348,10.90558856,9.797073193,12.67969199,1.4792172181016507,1.194915462233663,1.7675395259119273,0.06191687866666665,0.264666381575957,0.2718124231898402,0.549618321,0.7633587789999999,0.17108740738773598,1.2395151221830676,-0.007633588,-0.145038168,0.030534351,2.022050039324853,4.389956810535609,8.876712341377935,2.123833757222222,12.87247289583183,13.046502530649423,35.19847328,45.92366412,4.973474078943298,2.0639152678457333,-1.129770992,-5.305343511,4.732824427,2.697924075614149,6.142901950910245,16.573083067497876,-1.3986429177777777,2.289631785523622,2.68302361613349,7.030534351,8.404580153,3.916094401123452,-1.607605892858862,-1.145038168,-1.473282443,-0.709923664,2.6203773640769197,,,13.624626294770415,3.7434169873112824,14.129529801555329,20.900999428469767,11.09619727580778,-0.02911870805263117,0.9970014346822003,13.449712262795757,10.305145135307836,14.068107703826312,1.4792423896631761,1.0370581545402615,1.53406038274182
541,4869,4878,9,2005-12-22 17:15:20,1,3.2975472478888883,7.3356472487018,8.042732023973315,19.61270145,26.807277439,1.8302844579550444,1.201838931409774,1.36948335,-0.701501086,3.371035938,2.438562094514598,2.439004332423842,5.947663513405662,1.4104508001111111,3.082778298020705,3.390117032534645,9.052476477,11.714828723,4.121733789040864,1.712604143341081,0.337582434,0.191536133,1.941697546,2.6702548584972754,2.4035698602656552,6.418144097111982,11.454858326555556,3.0988308388490986,11.866614169562494,19.61270145,10.766126316,5.779508565645852,2.3023465682287787,10.35971058,9.569624036,11.87045183,1.6527630518489413,1.0359459568393241,1.712173201176333,0.016115352000000006,0.3007811063149482,0.30121251382724473,0.610687023,1.129770992,1.0402876435975559,0.31812809943085074,0.015267176,-0.114503817,0.129770992,2.027429123845263,18.691029139620692,37.894736832307466,-2.4877014422222223,6.611682473374312,7.064205800679902,16.63358779,21.770992370000002,0.659282961133588,-0.9415301038025915,-1.93129771,-6.358778626,3.053435115,2.354629559121718,,,-2.8363019504444447,7.0291810158448955,7.57984132469864,22.61068702,23.343511447,8.724358844610162,-2.938584781628716,-0.450381679,-0.923664122,-0.022900763,2.9830026845448456,,,13.410497832537033,6.0953680476660566,14.730748920302347,29.17641936050931,20.22197552021454,5.0768748717032075,2.211436331406399,10.59285593966805,10.151627917995313,14.213276106357807,1.9806473872008992,1.0984490735729493,2.17564028754551
542,4878,4887,9,2005-12-22 17:15:22,1,1.8983358942222222,4.290773573397014,4.691952368199688,8.645462195,15.126566089,0.32295152023026485,-0.24960758343842313,0.775721338,0.155623108,5.164292981,1.8426150814308633,2.471613365411317,4.554232062572984,0.40169383399999997,1.0604116958223233,1.1339448403297203,2.161964099,4.264073157,3.660988182326127,-1.121389781819732,0.493205542,0.375889661,0.660799658,1.9065866540486744,2.822908255867628,5.38211920624104,10.187860109,1.0342253936350976,10.240220493983182,12.28704292,3.452438793999999,0.41245785769226995,0.779418682314,9.947907898,9.586383447,10.3788642,1.1998806985864672,1.0051394880203475,1.2060474710626985,-0.05428329088888882,0.8891842449164283,0.8908396584556205,1.938931298,3.2366412220000003,2.282148920103314,0.8272965276736493,-0.091603053,-0.13740458,0.106870229,2.1765210827741712,,,-1.3036471582222222,5.092061171804687,5.256289840804234,11.88549618,18.152671753,0.8263502035679595,-0.5983946867897728,-1.335877863,-4.145038168,2.511450382,2.261194975918883,,,-0.5267175573333334,2.8224966462987755,2.87122251028565,5.778625954,10.725190839,1.3164674540495245,0.28734443060677456,-1.381679389,-1.473282443,-0.06870229,2.0126012293714917,,,11.216126759803663,1.5365103968976015,11.320881754163773,14.28354665359755,4.310202271329118,-0.3282911261154098,1.1213668056578214,10.38456784188673,10.05724981974912,12.515199508192712,1.2616991294290414,1.0093396763966267,1.273482991007814
543,4887,4896,9,2005-12-22 17:15:24,1,2.971736304777778,3.888752646766957,4.894242925404428,12.46181964,13.591882823999999,3.4070135734925664,1.7912636361972198,2.164358301,0.574608398,2.576160986,2.5462200855038755,1.646930421631206,4.1934473189847425,0.1782350124444444,0.8731323061388339,0.8911384537120983,1.491587634,2.932897033,-0.18459957918480452,-0.4064426401810726,0.165199915,-0.009576807,0.845153186,1.6738001011926817,4.999794605394184,8.368656716451408,9.038909333777779,2.5874835910055616,9.401965394425682,10.49139167,8.671798408,8.311882772689343,-2.8489327814748737,10.01973395,9.251195215,10.25436571,1.1158721852156812,1.0401659146298976,1.1606922121449317,0.03816793888888889,0.22892280027744333,0.2320828301402156,0.580152672,0.824427481,2.7937362449373575,1.3830659735109818,0.061068702,-0.114503817,0.106870229,2.4997655864912276,6.080570156429838,15.200000023288887,3.874469889222223,9.507641749553615,10.26677985350541,28.09923664,32.625954197,4.6291288795700645,2.0864003463798024,0.900763359,-1.709923664,3.053435115,2.7369084601931943,2.6498540825068604,7.2524080566905,-2.2866836301111113,2.2954308653182616,3.240050135672884,7.938931298,7.633587787,3.5305030731460185,-1.854085699382209,-1.389312977,-2.992366412,-0.664122137,2.45024952255909,,,10.603221896059212,0.8463924961058154,10.636949507943232,12.623913610718475,3.118046241525864,3.0538313839092384,1.540980830093418,10.347384203776283,10.096514182480112,10.670801016037082,1.186798301645736,1.0031808833404265,1.1905733685918873
544,4896,4905,9,2005-12-22 17:15:26,1,-0.9922635768888886,3.3257283542666576,3.470598808907988,8.439560852,11.829750403,1.7620498177628745,-1.1401564659130643,-0.308852014,-1.970427966,0.351947644,2.4317304640162307,,,0.646966493,0.44043735261691336,0.7826561854639074,1.350329736,1.340752929,-1.0986625769069573,0.4420380568817139,0.50517655,0.351947644,1.027112512,1.7253166346594615,1.2097321792272593,2.0871710523036313,10.436059014555555,0.8119920767862945,10.467600436014454,12.36844578,2.892195609,2.9392620837033423,1.4657093073758352,10.3788642,9.967061511,10.47223806,1.1815932271779848,1.003022349855909,1.185164415297889,-0.07972858344444446,0.32045133373449924,0.33022069031221707,0.580152672,1.13740458,0.6962989291029249,0.8185802939626832,-0.198473282,-0.290076336,0.022900763,1.7568634825742664,,,-1.3409669212222222,2.0983558952074794,2.4902388935128665,5.511450382,6.984732825,0.024251305869649187,-0.6003074321269735,-1.221374046,-2.854961832,0.41221374,2.2132215492888907,,,-0.6624257846666666,1.34338507483134,1.4978288885820217,3.259541985,4.839694657,0.26793751778566044,-0.2821474107652116,-0.969465649,-1.297709924,0.236641221,2.1761778063219044,,,10.943513902455026,1.5709134768859858,11.05568929036487,15.034228572937709,5.427833111178456,5.382385736329404,2.2166300955808933,10.42920481476925,10.026023260519683,11.012947939636295,1.359863521674779,1.0102503993607281,1.3738026658480316
545,4905,4914,9,2005-12-22 17:15:28,1,1.1856618664444443,1.3440834682626959,1.792304223952396,3.873818286,4.73094248,0.29322815530693624,0.4999265847525457,1.237802258,0.186747729,1.881842505,2.1613620244990783,1.5116487041344657,3.267220103499477,-0.20217702911111113,0.8116638765885587,0.8364650618280252,2.154781494,2.729389892,3.0219523182223575,-1.7898553616620432,0.0,-0.052672437,0.220266553,2.5760567802926557,,,9.714074202333334,0.8556814057188163,9.751688483361788,11.16655654,2.9688100560000006,-0.30315479740897633,-0.14380001406773765,9.765948572,8.980650427,10.2352121,1.1450895461901027,1.0038721426504462,1.1495234962604854,-0.03901611533333334,0.19127835757345305,0.19521697500909527,0.366412214,0.595419848,-0.7003399986682246,-0.478012406978356,-0.045801527,-0.114503817,0.114503817,1.876948528594548,,,1.1603053434444446,2.5634992618543544,2.8138651274632105,7.427480916,9.129770992000001,3.4619517492022798,1.7193280636537587,0.06870229,-0.366412214,1.564885496,2.639600897537016,2.4251074455195236,6.401315789817034,-1.1323155216666665,0.5875163232777777,1.2756621303170734,2.389312977,2.099236641,1.1206102060356793,-0.7981917465089484,-1.076335878,-1.473282443,-0.740458015,1.87299828082701,,,9.911400754751805,0.8784028609315987,9.950249067605668,11.207600649378168,2.796566102959142,-1.086140700310795,-0.24915303436580072,10.15503957556256,9.140549597260543,10.724891743546024,1.1263638300136598,1.0039195582758813,1.1307786786852432
546,4914,4923,9,2005-12-22 17:15:30,0,0.46580523411111113,0.5546000016974755,0.7242621611047666,1.345541333,1.8507178829999997,0.07932199913102256,0.21596117267556533,0.387860669,0.270544788,0.60573302,1.8578097894104446,1.5548605040620997,2.8886350656142272,0.6943184814444444,0.3888332230159668,0.7957822748693917,1.338358728,1.31202251,-0.3097989376079955,0.07825384469875575,0.644040247,0.481234534,0.866701001,1.6818152028073998,1.1461343693658625,1.9275862068595795,9.634267480777778,0.46627073079549175,9.64554396006616,10.37168159,1.8004396469999993,2.5905694781917923,-1.011517021482903,9.718064539,9.435548743,9.758765967,1.0752821855294161,1.0011704552848342,1.076540755246157,-0.17811704833333333,0.28116760513601635,0.3328376557496189,0.511450382,0.8625954200000001,-0.010853551475744183,1.0694719242045712,-0.236641221,-0.374045802,-0.13740458,1.5366361743178023,,,-0.06361323155555554,0.8430267759027439,0.8454234371709339,1.427480916,2.5801526719999996,-0.9859275237222409,0.24003513814803062,-0.198473282,-0.923664122,0.572519084,1.688480414946648,,,-0.699745547111111,0.5028134045114621,0.8616641749882813,1.160305344,1.8091603059999999,6.5898370103361685,2.43243743733433,-0.839694656,-0.916030534,-0.709923664,1.3465864981746285,,,9.694886477504873,0.4511314452200794,9.705377035055012,10.391665417493641,1.7136355279365674,2.2152597537547054,-1.0173138711099348,9.829416711867918,9.449099270543057,9.85774584689869,1.0707121815010188,1.0010820712108883,1.0718707683277684
547,4923,4932,9,2005-12-22 17:15:32,0,-0.035913025000000015,0.8807618230941355,0.8814936950340347,1.544260071,2.52348855,-1.22078660021638,-0.7882522968183386,0.402225879,-0.912190833,0.531512769,1.751867403816627,,,0.44345935188888885,0.3161188034427682,0.5445982874264305,1.13963999,1.1540052,1.6302356943173075,0.9539243413709853,0.414196887,0.220266553,0.49081134,2.092624997749288,1.2280681083998934,2.5698860225762994,10.33789674611111,1.5266187129684872,10.450008317127804,13.38358728,6.265625744,3.0060846219849617,-0.1721321949157386,10.31422075,10.18014546,10.46744966,1.2807250361766693,1.0108447176219735,1.294614137545397,-0.08651399500000001,0.1381564575463379,0.16300882826587365,0.27480916,0.374045801,-1.6797660698800647,-0.141375701787451,-0.076335878,-0.244274809,0.022900763,1.6858544590712334,,,-0.36641221355555553,2.168592884098834,2.1993301269265557,5.496183206,8.267175572000001,3.248414759797085,-1.2195252712842053,-0.34351145,-0.702290076,0.122137405,2.499026016471942,,,-0.8965224766666667,0.618033746468372,1.088906911972858,2.061068702,2.030534351,-0.0449563255747627,-0.8236784284178821,-0.748091603,-1.114503817,-0.549618321,1.8927868666622754,,,10.38961875164141,1.527126207172802,10.501251937606906,13.478750190928801,6.25188946125221,2.908701266190185,-0.056350095138986485,10.333254818943976,10.213673262936847,10.473577942326783,1.2835374554398538,1.0107446855013675,1.2973286617277804
548,4932,4941,9,2005-12-22 17:15:34,0,0.1106653211111111,0.4028283764626346,0.41775293437646543,0.675164868,1.2354080559999998,-0.32211878084884393,-0.8588208873535519,0.253785376,-0.076614453,0.416591089,1.616182227439636,3.77492181093506,6.100961540807489,0.48176657855555555,0.2325124101586479,0.5349402369339117,0.895431421,0.742202515,-0.7969507454805669,0.1865007439020554,0.502782349,0.258573779,0.603338818,1.6738905753889375,1.1103722440393908,1.8586416344710015,10.188126130777777,0.7483028249107805,10.215570036684513,11.79862578,2.2122423330000007,0.9342326562227523,1.4589355026044553,9.730035547,9.69172832,10.37407579,1.154964993400336,1.002693714776835,1.1580761396697858,-0.12892281611111112,0.07654292912065641,0.14993302675657955,0.229007634,0.213740458,-1.8829260988366427,0.20752390946414448,-0.160305344,-0.190839695,-0.061068702,1.5273995260017013,,,-0.21374045800000005,0.9571421936309473,0.9807171672886692,1.946564885,3.229007633,1.6832769911437868,1.1865742715676992,-0.496183206,-0.954198473,0.099236641,1.9848381877331187,,,-0.9677692961111111,0.3106781196337189,1.0164144354123168,1.366412214,0.8473282449999999,-1.9711143517647387,0.21088434723639232,-1.06870229,-1.267175573,-0.72519084,1.3443455409463008,,,10.21010809660988,0.7564670523022653,10.238093071743267,11.832714556777168,2.224120184091028,0.9013021506959742,1.4544444834552275,9.75893660224512,9.707445858486748,10.391645281811881,1.1557537594022262,1.0027409088002388,1.158921575052281
549,4941,4950,9,2005-12-22 17:15:36,0,0.2971470282222222,0.6945160846604312,0.7554130977374919,1.489193433,2.1787235110000003,-1.018571638864326,0.09489373141436883,0.260967981,-0.263362183,0.804451758,1.9713630031835891,2.5422199315167107,5.011638318947961,0.3551399127777778,0.19138643690832954,0.40342672925857753,0.62009823,0.545877979,-1.456953651683515,-0.5324085268261931,0.4333505,0.117315881,0.457292517,1.5370777021632254,1.1359656145182824,1.7460674165001975,10.362104784888889,1.0149570268770898,10.411693106283165,13.00051501,3.5362358470000004,5.357866774254314,2.15759070028576,10.25197151,9.672574707,10.47223806,1.2486456215420483,1.004785545255882,1.2546210716724964,-0.017811704777777777,0.18426327719222452,0.185122154667423,0.305343511,0.5954198470000001,-0.638817388494203,0.10351287215264522,-0.015267176,-0.160305344,0.038167939,1.6494163626636584,,,-1.0924512297777778,1.3118495484855084,1.7071610724546797,4.557251908,4.977099236,6.128689835238879,-2.237801220617952,-0.770992366,-1.045801527,-0.488549618,2.6694914624823616,,,-1.0076335877777778,0.5356098105261115,1.1411412341817,1.854961832,1.977099237,1.231315865184623,0.7543714822419859,-1.160305344,-1.251908397,-0.900763359,1.625532209718259,,,10.39853296448224,1.0036272216885076,10.44685385240638,13.025918991969425,3.4447161093167615,5.600473004109453,2.225472856624438,10.267874017908245,9.710764170705133,10.481345093821854,1.2468748176245397,1.0046468947195906,1.2526689136305496
550,4950,4959,9,2005-12-22 17:15:38,0,0.8270636622222223,0.6139934306885255,1.0300593353283582,1.881842505,2.272097376,1.0074258699295608,-0.5465642023217882,0.857124194,0.799663354,1.134851587,1.8269263142983057,1.2454414120440385,2.2753296885800927,0.4604847858888889,0.20505203136331188,0.5040759601502104,0.797269153,0.6919242800000001,-0.29414610269428376,0.08750523632718057,0.440533105,0.325611426,0.572214197,1.5816448631321767,1.0946636579473001,1.731369151449825,9.877411960111111,0.6070224462498284,9.896046851141982,10.78348428,2.0542250269999993,-0.2943912480280879,-0.3161385422301553,9.801861597,9.502586389,10.41956562,1.0896759526512962,1.0018866167682512,1.0917317535755284,-0.048346056222222225,0.13946248972875344,0.14760463134192278,0.259541985,0.45038168,1.1041920808690575,1.2900070344553072,-0.122137405,-0.145038168,0.022900763,1.7583593593264486,,,0.07633587799999998,1.0701008658507976,1.0728201290825303,2.305343511,3.6488549609999996,0.5873849188802298,0.6633331983712896,0.160305344,-0.916030534,0.603053435,2.1488630279257683,14.053943665684052,30.199999939740003,-0.6361323155555556,0.5742411196512112,0.8569814387676956,1.694656489,1.908396947,-0.5587899030910641,-0.5723066368594236,-0.381679389,-1.175572519,-0.259541985,1.977471637468423,,,9.946579460256297,0.5589410780244549,9.962271733289331,10.805705028761182,1.8403864944292234,-0.7678374153080787,-0.09852051803718598,9.848804257702241,9.585788764888887,10.496758947182682,1.084662747418692,1.0015776552226558,1.0863739712669773
551,4959,4968,9,2005-12-22 17:15:40,0,0.7118759604444446,0.8459934142461388,1.1056546658005562,1.728613599,2.193088721,-1.8428454326465622,-0.23072172406493718,0.660799658,-0.112527478,1.520318054,1.5634299320289002,1.5531563463812772,2.4282511210531355,0.4187192681111111,0.3341042326968685,0.5356785078696622,0.940921252,1.007958898,-0.9976884854512753,0.2037873255093356,0.375889661,0.213083948,0.567425793,1.756503645707098,1.2793261468147075,2.247141040928448,9.648366668222222,0.5230214306281247,9.662532317221913,10.55842932,1.6400281359999997,-0.7902262655124774,0.5982185276580922,9.488221179,9.267954626,10.00776294,1.092718655251615,1.0014681914034578,1.0943229753876533,-0.3367260391111111,0.5832185901609194,0.6734451346061889,1.938931298,2.015267176,7.588445358481849,-2.681479747881851,-0.106870229,-0.312977099,-0.076335878,2.8791228837577547,,,-0.15945716699999998,1.1563951593778459,1.1673372917628306,2.358778626,4.091603053,1.3858666212184998,0.9148930422565091,-0.41221374,-0.671755725,0.114503817,2.0206487384960847,,,-1.3027989823333332,0.35488658265613027,1.350270222925069,2.045801527,1.259541985,0.7601242667519328,-0.8471514650028529,-1.190839695,-1.465648855,-1.06870229,1.5151052672762144,,,9.728362964506491,0.482605963469522,9.740326200141238,10.585018169295438,1.507117867220952,-0.6580763414421926,0.7284767263762151,9.590294155427591,9.391826314659344,10.033511873237607,1.0867211171163806,1.0012297275171984,1.0880574879776193
552,4968,4977,9,2005-12-22 17:15:41,0,0.9002198244444445,1.1657257272115313,1.4728585143881403,4.017470386,4.218583325,6.473894107682328,2.3991160921187036,0.536301172,0.277727393,0.888248816,2.727668915074949,1.6361098416123974,4.462765956614335,0.23862209877777774,0.4603623623995263,0.5185306266163883,0.780509741,1.458068811,0.35442071458312085,-1.1915481476801897,0.363918652,0.179565125,0.53390697,1.5052336370044836,2.1730201405163303,3.27090300939339,9.80931022388889,0.6790247856823157,9.832784027327255,10.98459722,2.0757728429999993,-1.1071602134497303,0.35170076036738057,9.593566052,9.34456908,10.47702646,1.1171400886535927,1.002393012648453,1.1198134190158346,-0.0050890584444444435,0.13113586499378663,0.13123457472602104,0.183206107,0.366412214,-1.844206214012749,0.10214239759506952,-0.038167939,-0.13740458,0.106870229,1.3960201218503596,,,0.03816793899999996,2.135513521871364,2.135854581581561,5.106870229,8.351145038,3.3937354936262913,1.2722973926577141,-0.450381679,-0.549618321,0.709923664,2.3910196288824386,55.959389936710046,133.79999975896013,-1.2145886344444445,0.572563690098798,1.3427787346175737,2.229007634,1.893129771,-0.3261393032192492,-0.5035570565502404,-1.045801527,-1.519083969,-0.992366412,1.6599962276248186,,,9.932342666024725,0.6858550188426574,9.955994573231086,11.013755725253029,2.0351576145959935,-1.4626768923754825,-0.0403830544463686,10.0167431808488,9.355775787233686,10.49853087303227,1.1062436448957063,1.0023813019749375,1.1088779450720585
553,4977,4986,9,2005-12-22 17:15:43,0,1.691636483888889,4.240656634315258,4.565610877394828,13.38598148,15.090653062,7.78514964681049,2.7125390786745243,0.521935962,-0.335188232,1.448492004,2.9319146636601103,2.6989314317098336,7.913036640843237,0.6230244765555555,0.31013466729168104,0.6959475628547352,1.244984863,1.094150158,0.48072022522808666,0.4812148794392343,0.641646045,0.464475122,0.742202515,1.788906132371736,1.1170469043244358,1.9982920572928469,11.446345609222222,2.9484743725898097,11.819996993721263,19.61270145,10.320804807,7.980053333964987,2.761124459958836,10.66137999,9.998186133,10.94389579,1.659281424556892,1.0326437272868987,1.713446554872344,-0.22391857488888892,0.16080941801217088,0.2756795188288097,0.496183206,0.5419847329999999,0.14940401925813163,-0.444728789634021,-0.175572519,-0.236641221,-0.167938931,1.7998551655486519,,,-1.7446988972222224,4.090326017652438,4.446879936838062,13.16793893,14.007633586,8.370148814092817,-2.8537969463743025,-0.557251908,-1.038167939,0.251908397,2.9611635836885255,,,-0.9745547072222221,0.6244214670419213,1.157436411156905,1.755725191,2.2671755730000003,2.8966598786301025,1.50883635932213,-1.152671756,-1.396946565,-0.809160305,1.5169085524491845,,,11.972499793221958,4.207222756986998,12.690211764411542,23.749911483807512,14.295833314265076,8.482159304767029,2.881586707956745,10.71069199845522,10.03234034239302,10.952369638373467,1.871514197297465,1.0599467098421589,1.9837053158483369
554,4986,4995,9,2005-12-22 17:15:45,0,0.5738103312222222,0.6405064968568818,0.8599458522100278,1.367089148,2.319981409,2.9850305664051273,-1.4208291468071232,0.658405457,0.397437476,1.029506714,1.5897386381789427,1.4986587125023243,2.3824756607084527,0.5490702475555556,0.2619752137776194,0.6083659666553911,0.933738647,0.825999572,-0.6096530941515792,0.016038745865730095,0.545877979,0.383072266,0.656011255,1.5348305102164208,1.1079929560266986,1.700581394014658,10.006166805222222,1.040385846317136,10.06010819241762,11.33415066,3.7900212290000006,3.0182133900222965,-1.291470063216912,10.09156,9.710881934,10.46505546,1.126643018466008,1.0053908143093562,1.1327165417714908,-0.05173876177777778,0.1400544493124125,0.14930555328754774,0.267175573,0.404580153,-1.6329761037329629,0.07886298489796598,-0.091603053,-0.160305344,0.083969466,1.7894550277406376,,,0.09329940644444451,2.0492349556468104,2.0513577656488082,5.465648855,7.305343511,5.74463342932394,2.196759027234768,-0.282442748,-0.908396947,0.267175573,2.6644054715981307,21.986825466786833,58.58181807677996,-0.6751484308888889,0.9917536512075217,1.1997502691873752,1.93129771,3.7099236639999997,5.944719943703991,2.178907088150695,-0.72519084,-1.083969466,-0.702290076,1.6097497617634398,,,10.064097050704618,1.0145656288601974,10.115107160147435,11.35648111924199,3.6614715430980826,2.73900029862312,-1.1989258784041772,10.160093136502313,9.747653563799863,10.491800902843215,1.122724746207875,1.0050685232053924,1.128415302637298
555,4995,5004,9,2005-12-22 17:15:47,0,0.2787914823333333,1.478239862256503,1.5042997643374612,3.526659045,5.3031566770000005,5.116238079675648,-2.0233727032719986,0.399831677,0.11492168,1.359906543,2.344385825622493,5.3957881056741375,12.649809153004888,0.2215966646666666,0.5902581030122492,0.6304837111004615,1.158793604,2.1978771249999998,2.687827047160095,-1.283199179133343,0.330399829,0.090979663,0.632069238,1.837943762222522,2.845185923934627,5.229291721258971,10.257824000666666,2.415838483815204,10.538464252847074,16.8767275,8.628702781000001,7.505269006887493,2.636911622300858,9.696516724,9.224858997,10.02691655,1.601440883138222,1.0273586534690173,1.6452541493111177,-0.072943172,0.25564887175392365,0.26585156003017113,0.603053435,0.8931297709999999,0.5376214669946515,-0.7654351125305114,0.015267176,-0.236641221,0.106870229,2.268384037060231,,,0.20525869388888887,0.632052509518768,0.6645460903548714,1.183206107,2.13740458,-0.3451202316719195,-0.42608218457433056,0.282442748,-0.061068702,0.679389313,1.7804726025371107,3.2376026455405835,5.7644628082866785,-1.3155216284444444,0.715750346239475,1.4976300320997342,2.748091603,2.190839695,-0.08461468855479204,-0.8888610749830854,-1.190839695,-1.748091603,-0.65648855,1.834960266620102,,,10.363518887151336,2.513390653110239,10.663941874348547,17.280163707141433,9.031233828032647,7.708079129206512,2.6824968790926604,9.717775213132459,9.408416251625978,10.050903336598891,1.6204292850383777,1.028988511573002,1.6674031181209439
556,5004,5013,9,2005-12-22 17:15:49,0,0.7834359875555555,0.9344094500411996,1.219382207071862,2.798821741,3.3279403079999996,1.3580648048661264,0.7694518276845566,0.679953271,0.464475122,1.280897888,2.2952784818148952,1.5564541665701723,3.572495756459653,0.31151223833333336,0.4112260717389952,0.5158941332379433,0.694318481,1.2928688959999999,1.096256888867086,-1.3187920370322794,0.557848987,0.064643445,0.572214197,1.3458545780356121,1.656095876033966,2.2288642164262105,9.82872985988889,1.0334984541683858,9.88291706498845,11.35809268,3.7780502240000002,1.4920302571441626,-0.7957559612598726,9.825803613,9.414000928,10.3812584,1.1492652022991832,1.0055131442080525,1.1556012670927553,-0.042408821000000006,0.13665383019709684,0.14308311363031984,0.244274809,0.374045801,-1.560642952204756,-0.44236734509409603,0.015267176,-0.20610687,0.038167939,1.707223185197986,,,0.13061916877777774,1.1560087653882742,1.1633647892672014,2.282442748,3.839694656,-0.5880227520174155,0.33168865801884795,0.251908397,-0.86259542,0.93129771,1.9619321205670157,8.906539523662357,17.474025974572825,-0.8117048346666667,0.45898963352494654,0.9324892612274982,1.34351145,1.4427480910000001,-0.3118746213600616,0.9284476395588561,-1.038167939,-1.114503817,-0.389312977,1.4407795412372317,,,9.929734087037023,0.9085540147991843,9.971213037392825,11.384799729141575,3.2824106140747435,0.6594688484792366,-0.3853646615284099,9.854800730362422,9.458800529891695,10.426645700865274,1.1417667726532057,1.004177246841882,1.146536214298437
557,5013,5022,9,2005-12-22 17:15:51,0,0.48203260088888883,0.7048103893153445,0.8538812055588026,1.625662927,2.595314599,0.9948503847740389,-0.49968811856114626,0.536301172,0.217872351,0.885854614,1.9038513980830891,1.7714179580057636,3.372516555938764,0.46686932366666656,0.3194562499152507,0.5657024491646522,1.165976208,1.194706628,1.6551041971385025,0.927495196695978,0.378283862,0.287304199,0.651222852,2.0611121795950247,1.2116933379168644,2.4974358967145998,10.182273637888889,0.7461236627655062,10.209573789193438,12.17212124,2.841917369999999,6.510271875900164,2.3282640839271815,9.955090503,9.904812268,10.0987426,1.192226188020098,1.0026811449265087,1.1954227192153588,0.05173876166666667,0.08551873100022113,0.09995175241429397,0.175572519,0.282442748,-0.37342813473319847,-0.41141252116620264,0.061068702,0.015267176,0.122137405,1.756572693915986,1.9318543620785789,3.393442621049718,0.25530110255555555,0.7808356536571853,0.8215126115820293,1.671755725,2.6412213739999997,-0.4024574472637745,0.44001263106138916,-0.091603053,-0.221374046,0.679389313,2.034972685057888,3.217818502774627,6.548172758620236,-1.0254452926666666,0.5447194740964969,1.16114484613772,1.702290076,2.038167939,4.274855460701053,1.7803013306798212,-1.167938931,-1.259541985,-0.870229008,1.4660445522040375,,,10.232690569377858,0.7593240695174265,10.260824982972036,12.285136087723039,2.8059299195928293,6.952429445074369,2.4949287918114504,9.957896586336025,9.942949137632262,10.119722576200104,1.1972854140003726,1.0027494639267576,1.2005773070561996
558,5022,5031,9,2005-12-22 17:15:53,0,0.6852737195555556,0.5000931158003242,0.8483473316893162,1.441309399,1.4317325920000001,-1.3284292511938993,0.39555552626036333,0.500388147,0.335188232,1.08217915,1.698961433791413,1.237968577343845,2.1032608691528147,0.45144002388888893,0.41291493752607683,0.6117980392261523,1.422155786,1.572990491,3.0122807492123247,1.235185114924107,0.399831677,0.275333191,0.567425793,2.3245510688443014,1.3552144401284447,3.150265175313807,9.797605238333333,0.5314609732403339,9.81200892642757,10.80024369,1.896207716000001,0.2156989273302541,0.301956896925873,9.69172832,9.502586389,10.0963484,1.1007168634866127,1.0014701233356373,1.102335053033554,-0.06530958444444446,0.17541059434748354,0.18717429959704254,0.290076336,0.496183206,-1.658400805122247,0.07922363845087116,-0.045801527,-0.213740458,0.099236641,1.549765841915742,,,0.413061917,0.8289031624857743,0.926121266387201,1.297709924,2.3969465650000004,-0.9910050823821033,-0.8309633720432408,0.79389313,-0.381679389,1.06870229,1.4012311034194975,2.2420882397328366,3.1416837781247215,-0.9024597116666667,0.48930150185994825,1.0265717173699478,1.687022901,1.480916031,-1.2963111657677344,-0.1342083151234798,-0.816793893,-1.297709924,-0.480916031,1.6433561069869647,,,9.853164510163918,0.5335338264120842,9.86759895862614,10.893478900620794,1.9059909106681783,0.32834958408844006,0.40029923328931466,9.7650223083818,9.519589673667811,10.128901234820109,1.1039644949390492,1.0014649555934372,1.1055817539008663
559,5031,5040,9,2005-12-22 17:15:55,0,0.46234694277777777,0.7404803338782683,0.8729695414826506,2.030283008,2.6934768680000003,1.124086200721253,0.6752965905170949,0.49081134,0.08619126,0.823605371,2.3257203275978786,1.8881265575973198,4.391254316081493,0.713738117111111,0.5625388336892875,0.9087750212378298,1.944091748,1.781286035,0.8758223449524216,1.1799271541554297,0.368707056,0.296881006,0.948103857,2.139244260204225,1.2732611576303925,2.7238166232018037,9.709285799444444,0.6733020287421709,9.73260326722516,10.5225163,2.161964102999999,0.04645443559959528,-0.7062872182008766,9.670180505,9.404424121,10.27112512,1.0811615362392193,1.0024015636435433,1.0837580144774488,-0.08821034777777778,0.14811307315917818,0.17239068390064635,0.328244275,0.51908397,-0.08268008081518463,0.3544220434060716,-0.114503817,-0.175572519,0.022900763,1.904072004199348,,,-0.09923664111111112,1.2001549495082462,1.2042507271196294,2.038167939,3.72519084,-0.998361687067074,0.1270146113933126,-0.427480916,-0.473282443,1.152671756,1.6924780638289205,,,-0.5428329093333333,0.6946746118115771,0.8816123772672751,1.190839695,1.916030535,-0.5950387211115982,1.0129181009667323,-0.916030534,-1.045801527,-0.152671756,1.3507520149515522,,,9.791644699049163,0.6597031941461,9.813842989205815,10.721131848100232,2.1124722275170917,-0.6259321018156077,-0.33006746778231866,9.706555645882196,9.494341244894617,10.334728917655143,1.09244990569875,1.0022670645064162,1.0949265601049973
560,5040,5049,9,2005-12-22 17:15:57,0,1.0789868815555554,2.098919823269171,2.360016337884395,6.701370447,7.673416321,6.574656057528516,2.4005689009674187,0.70628949,-0.148440503,1.19710083,2.839544091041062,2.18725211420736,6.210798816514579,0.6956485934444445,0.444717702239852,0.8256517427140377,1.601720911,1.654393348,1.0949953267040442,0.3673604729968722,0.66319386,0.500388147,0.933738647,1.939947350846629,1.1868804889346412,2.302485660280309,9.111267427666668,2.3917309281400603,9.419955996239116,10.79066688,8.350975388,8.318756919447916,-2.83842615329347,9.660603699,9.557653027,10.05804117,1.1455113892578834,1.0338798713815713,1.1843211677920658,-0.06191687866666667,0.24976455426118774,0.2573247606218891,0.625954198,0.9160305339999999,1.959184248213825,-1.091012669441723,-0.038167939,-0.190839695,0.091603053,2.432545536959702,,,0.10008481755555554,0.9949431181571963,0.9999643889026715,2.251908397,3.267175573,0.8928666070717499,0.9616914972000625,0.091603053,-0.72519084,0.496183206,2.25198859278496,9.991169623180925,22.50000001998305,-1.0212044106666665,0.4952464280758153,1.1349570357008707,2.083969466,1.8625954200000001,1.5349672759987358,-0.7534899082164624,-0.938931298,-1.267175573,-0.763358779,1.8361659520556963,,,9.697052738257659,0.9767891675581474,9.746124813812374,10.952117364830602,3.7583489163873667,5.184774689591155,-1.9269988162213492,9.75561499206397,9.655471267033459,10.087823157258756,1.1237407250632656,1.0050605144551923,1.1294274312463366
561,5049,5058,9,2005-12-22 17:15:59,0,0.5243301636666667,0.6602365301817044,0.843109955057518,1.80283385,2.1260510740000003,-0.24748749160270656,0.4424844707686087,0.390254871,-0.026336218,0.981622681,2.1383140350620207,1.6079753054098747,3.4383561635910738,0.28517602,0.30213025646397296,0.415461254816892,0.876277808,1.065419739,0.27623192711123323,0.443029944240793,0.253785376,0.15801731,0.47644613,2.109168539401359,1.4568590122580856,3.072761194998093,10.068416047555555,0.749736475334387,10.096291719691992,10.98699142,2.3319524190000003,-0.668455743377415,-0.48353115801431373,10.16578025,9.483432776,10.60152495,1.088220479859033,1.0027686253731245,1.0912333546911246,0.0025445292222222226,0.14563957256388346,0.14566179912919316,0.27480916,0.48854961799999996,0.027167015708197795,0.06754380627496172,0.022900763,-0.091603053,0.06870229,1.8866247818088597,57.245087954612615,108.000001572,-0.07294317199999997,0.6969512668971285,0.7007580001476502,1.267175573,2.2061068710000002,-0.8491677219484668,-0.3279214177760888,-0.167938931,-0.34351145,0.549618321,1.8082926955282783,,,-0.6335877862222223,0.6346751759535837,0.8967976705041605,1.564885496,2.2824427480000002,1.082457637408516,0.728858727468101,-0.549618321,-1.106870229,-0.41221374,1.7449705184004938,,,10.11507780648041,0.7097534138978135,10.139948172436197,11.019262358130257,2.1769096728177733,-1.0018374135260042,-0.3375900730481355,10.176433263806171,9.53740110710476,10.642371537522653,1.0867178185470743,1.0024587419327464,1.0893897772165988
562,5058,5067,9,2005-12-22 17:16:01,0,0.3695051228888888,1.3327153879048255,1.3829910849312956,3.59130249,4.757278698,3.342010102870259,1.5030966284430922,0.47644613,-0.316034619,0.684741675,2.596764743554662,3.742819785876595,9.71922246144315,0.7049593777777778,0.698481736013376,0.9923932989803442,2.109291663,2.810792749,2.4099193636131906,-0.015622292924853832,0.756567725,0.363918652,0.907402429,2.1254593971636417,1.407731183190492,2.992075471992523,10.324595624666665,1.137195661931438,10.387034648368212,11.70285771,3.380612739,-0.7766496895868427,-0.6136687163518989,10.71405243,9.840168823,11.05402906,1.1266793754113935,1.0060475999226908,1.1334930815150286,-0.03223070388888889,0.1691213588693403,0.17216518898716263,0.320610687,0.541984733,-0.9405803519166263,-0.3049437429561307,0.0,-0.198473282,0.099236641,1.862227137124138,,,0.21628498722222217,2.147157562023307,2.1580233529439825,4.671755725,7.4351145039999995,0.7383413729997494,0.5752902615260737,0.419847328,-1.297709924,1.221374046,2.164830940604408,9.977684446154923,21.600000004623535,-0.8269720103333333,0.39200618461881814,0.9151784277692289,1.374045802,1.458015268,2.520992370580138,1.292776350576514,-0.923664122,-1.053435115,-0.65648855,1.5013966242072294,,,10.479332087248752,0.9856959939154735,10.525587754955174,11.79078420066431,3.006306592891349,-1.066302513470247,-0.33389354031156243,10.736970789837923,9.877780859394006,11.127388797612605,1.1202019759051949,1.0044139900636135,1.1251465362960806
563,5067,5076,9,2005-12-22 17:16:03,0,0.43122232111111114,0.5642921569822515,0.710195979048133,1.199495032,1.7717092289999998,-0.9670904193835752,-0.5928643146672984,0.727837305,-0.045489832,0.821211169,1.6889634233182627,1.6469369610047158,2.7816162876479007,0.3343901653333333,0.25878306422803643,0.42283029338365297,0.756567725,0.814028565,-1.1481825830404149,-0.03997953628747076,0.342370837,0.138863696,0.531512769,1.7892940426421435,1.2644818455176725,2.2625298332139145,9.886988767,0.6551972569533018,9.908674498857216,10.87206974,2.001552589000001,-1.2107012488981082,0.008356401572081718,9.787496387,9.452308154,10.57997714,1.0972274587538318,1.0021933606245814,1.099634074258072,-0.10093299400000001,0.12701141010608677,0.16223244920465388,0.320610687,0.39694656500000003,-0.5411413675986783,-0.7602761784884068,-0.045801527,-0.175572519,-0.022900763,1.9762426602803382,,,-0.26632739611111117,1.0133071084263463,1.0477220900156146,1.717557252,3.236641221,-0.19085741502849185,0.46095104189390534,-0.030534351,-1.297709924,0.167938931,1.639325225999962,,,-0.8642917725555557,0.3967961120381403,0.9510244069611508,1.358778626,1.267175573,0.35088615687057434,1.1465621525547032,-1.0,-1.076335878,-0.885496183,1.4287526335331013,,,9.922260899181339,0.6432206142059675,9.943087755318382,10.880646941284617,1.9803147349022545,-1.1296574510988768,-0.01936311465061993,9.824320835156884,9.542527961229553,10.607091039971783,1.0942925587139418,1.00209900307487,1.0965894821594897
564,5076,5085,9,2005-12-22 17:16:05,0,0.6959146157777779,2.559720707177771,2.652634021347046,4.31195719,8.034940772,-0.5184801080574521,-0.33463116104345186,1.022324109,-0.292092603,2.142810486,1.6255379201576876,3.8117233942304423,6.196100918473755,0.49054531788888883,0.5712906591427264,0.7529991541339484,1.436520996,1.893813513,-0.16668617497288007,0.39592164538659785,0.378283862,0.122104285,0.73501991,1.9077325493840627,1.5350246484352477,2.9284164859267494,9.83804064411111,2.0650147606260716,10.052429043608601,13.71638131,6.907271788999999,0.09795454234146739,0.594794564595636,9.653421094,8.918401184,9.904812268,1.364484270468038,1.0217917781856105,1.3942188090278322,-0.07972858344444443,0.12150552812385776,0.14532804403388677,0.335877863,0.389312978,0.615366759597209,-0.8057298759510831,-0.076335878,-0.129770992,0.053435115,2.3111703266417174,,,0.4198473281111111,2.8577635217111195,2.888439738846005,6.251908397,9.717557252,2.3641410228738122,-1.3767812200077858,0.809160305,-0.511450382,2.396946565,2.164458656664852,6.879738289251634,14.89090909575934,-0.8125530110000001,0.4400801589607401,0.9240740998405249,1.427480916,1.198473282,-1.8125717031237691,-0.055539231407204924,-0.893129771,-1.167938931,-0.358778626,1.5447688840606528,,,10.223912714363447,2.031357541940215,10.423761540543795,14.217693964683882,6.278861336369234,0.3787191782252801,1.1536985971504623,9.715344064141314,9.284024398375578,9.9198457861843,1.363969610143457,1.0195471960455593,1.3906313915131163
565,5085,5088,3,2005-12-22 17:16:07,0,1.3176089803333333,2.4021295694605613,2.739766393970813,4.582501978,5.71017096,,1.1563610114238558,0.497993945,-0.3148375185,2.5402479615,1.6725885783854966,2.0793470861724828,3.4778921868312573,1.0039685626666668,0.5447158104243254,1.1422207268952889,1.522712256,1.271321082,,-1.3834923784791642,1.237802258,0.744596716,1.380257257,1.3331155880343186,1.1377056706451116,1.516693164132037,9.056466813666667,1.918804222157382,9.257505106129548,11.00135663,4.556165761,,-1.1734304326256602,9.722852942,8.0840219055,10.362104786,1.1883716513119522,1.02219831382361,1.2147514981668563,-0.152671756,0.03470275257475116,0.1565661078151588,0.190839695,0.083969466,,0.7821521386963157,-0.160305344,-0.1755725195,-0.1335877865,1.2189080872170905,,,1.2162849873333332,2.428091633185508,2.715691099804599,3.290076336,5.480916031,,-1.6120266958172313,2.549618321,0.17938931300000016,2.9198473285,1.2115061010571966,2.2327753183558294,2.705020920478012,-0.5368956743333334,0.07488009618719511,0.5420922374678024,0.625954198,0.18320610599999998,,0.2489422241259835,-0.541984733,-0.5839694655000001,-0.4923664125,1.154700537539386,,,9.643101005282878,1.2340955693981104,9.721748241571353,11.061857102483966,3.008381931429703,,-0.5022235227658451,9.813970742310403,8.933722956682333,10.437913922397184,1.1378464888837738,1.0081558034335,1.147126541184608
