time_ms,time_sec,active_power,current,voltage,label
0,0,5.295,0.122,232.731,0
250,0.25,6.442,0.122,232.724,0
500,0.5,5.251,0.122,232.74,0
750,0.75,5.235,0.122,232.715,0
1000,1,5.225,0.122,232.715,0
1250,1.25,5.225,0.123,232.726,0
1500,1.5,6.31,0.122,232.702,0
1750,1.75,5.427,0.122,232.759,0
2000,2,5.225,0.122,232.746,0
2250,2.25,5.225,0.122,232.746,0
2500,2.5,5.225,0.122,232.688,0
2750,2.75,5.225,0.122,232.742,0
3000,3,5.225,0.122,232.724,0
3250,3.25,5.225,0.122,232.719,0
3500,3.5,6.443,0.122,232.713,0
3750,3.75,5.359,0.122,232.721,0
4000,4,5.225,0.123,232.692,0
4250,4.25,5.225,0.122,232.715,0
4500,4.5,5.225,0.122,232.697,0
4750,4.75,5.225,0.122,232.739,0
5000,5,6.139,0.122,232.728,0
5250,5.25,5.695,0.122,232.734,0
5500,5.5,5.225,0.122,232.695,0
5750,5.75,5.225,0.122,232.697,0
6000,6,5.225,0.122,232.692,0
6250,6.25,5.225,0.122,232.713,0
6500,6.5,5.866,0.122,232.702,0
6750,6.75,5.962,0.122,232.737,0
7000,7,5.225,0.122,232.732,0
7250,7.25,5.225,0.122,232.753,0
7500,7.5,5.225,0.122,232.739,0
7750,7.75,5.225,0.122,232.752,0
8000,8,6.555,0.122,232.715,0
8250,8.25,5.244,0.122,232.753,0
8500,8.5,5.225,0.122,232.722,0
8750,8.75,5.225,0.122,232.722,0
9000,9,5.225,0.123,232.684,0
9250,9.25,5.225,0.122,232.697,0
9500,9.5,5.225,0.122,232.67,0
9750,9.75,5.225,0.122,232.724,0
10000,10,5.712,0.122,232.729,0
10250,10.25,6.12,0.122,232.736,0
10500,10.5,5.225,0.122,232.749,0
10750,10.75,5.225,0.122,232.736,0
11000,11,5.225,0.122,232.76,0
11250,11.25,5.225,0.122,232.707,0
11500,11.5,5.225,0.122,232.715,0
11750,11.75,5.79,0.122,232.722,0
12000,12,6.032,0.122,232.736,0
12250,12.25,5.225,0.122,232.702,0
12500,12.5,5.225,0.122,232.728,0
12750,12.75,5.225,0.122,232.727,0
13000,13,6.455,0.122,232.716,0
13250,13.25,5.321,0.122,232.713,0
13500,13.5,5.225,0.122,232.707,0
13750,13.75,5.225,0.122,232.722,0
14000,14,5.347,0.122,232.697,0
14250,14.25,6.391,0.122,232.723,0
14500,14.5,5.244,0.122,232.706,0
14750,14.75,5.225,0.122,232.716,0
15000,15,5.225,0.122,232.719,0
15250,15.25,5.225,0.122,232.719,0
15500,15.5,5.225,0.122,232.735,0
15750,15.75,5.225,0.122,232.709,0
16000,16,5.225,0.122,232.703,0
16250,16.25,5.849,0.122,232.714,0
16500,16.5,5.947,0.122,232.707,0
16750,16.75,5.225,0.122,232.723,0
17000,17,5.225,0.122,232.685,0
17250,17.25,5.225,0.122,232.697,0
17500,17.5,5.225,0.122,232.711,0
17750,17.75,5.225,0.122,232.704,0
18000,18,5.981,0.122,232.707,0
18250,18.25,5.819,0.122,232.692,0
18500,18.5,5.225,0.122,232.702,0
18750,18.75,5.225,0.122,232.714,0
19000,19,5.225,0.122,232.715,0
19250,19.25,5.225,0.122,232.716,0
19500,19.5,5.698,0.122,232.673,0
19750,19.75,6.051,0.122,232.71,0
20000,20,5.225,0.123,232.71,0
20250,20.25,5.225,0.122,232.731,0
20500,20.5,5.225,0.122,232.726,0
20750,20.75,5.225,0.122,232.734,0
21000,21,6.602,0.123,232.72,0
21250,21.25,5.249,0.122,232.697,0
21500,21.5,5.225,0.122,232.743,0
21750,21.75,5.225,0.122,232.743,0
22000,22,5.225,0.122,232.718,0
22250,22.25,5.225,0.122,232.701,0
22500,22.5,5.225,0.122,232.715,0
22750,22.75,5.225,0.122,232.743,0
23000,23,5.504,0.122,232.711,0
23250,23.25,6.259,0.122,232.708,0
23500,23.5,5.225,0.122,232.737,0
23750,23.75,5.225,0.122,232.709,0
24000,24,5.225,0.122,232.703,0
24250,24.25,5.225,0.122,232.727,0
24500,24.5,5.225,0.122,232.729,0
24750,24.75,5.609,0.122,232.724,0
25000,25,6.172,0.122,232.716,0
25250,25.25,5.229,0.122,232.709,0
25500,25.5,5.225,0.122,232.71,0
25750,25.75,5.916,0.122,232.72,0
26000,26,5.895,0.122,232.719,0
26250,26.25,5.225,0.122,232.729,0
26500,26.5,5.225,0.122,232.706,0
26750,26.75,5.225,0.122,232.684,0
27000,27,5.225,0.122,232.709,0
27250,27.25,5.605,0.122,232.713,0
27500,27.5,6.174,0.123,232.7,0
27750,27.75,5.225,0.122,232.72,0
28000,28,5.225,0.122,232.712,0
28250,28.25,5.225,0.122,232.712,0
28500,28.5,5.225,0.122,232.721,0
28750,28.75,5.225,0.122,232.691,0
29000,29,5.225,0.122,232.703,0
29250,29.25,5.699,0.122,232.709,0
29500,29.5,6.062,0.122,232.724,0
29750,29.75,5.225,0.122,232.716,0
30000,30,5.225,0.122,232.696,0
30250,30.25,5.225,0.122,232.688,0
30500,30.5,5.225,0.122,232.726,0
30750,30.75,5.225,0.122,232.696,0
31000,31,5.826,0.122,232.69,0
31250,31.25,5.949,0.122,232.677,0
31500,31.5,5.225,0.122,232.729,0
31750,31.75,5.225,0.122,232.68,0
32000,32,5.225,0.122,232.686,0
32250,32.25,5.225,0.122,232.696,0
32500,32.5,6.572,0.122,232.694,0
32750,32.75,5.235,0.122,232.702,0
33000,33,5.225,0.122,232.731,0
33250,33.25,5.225,0.123,232.69,0
33500,33.5,5.225,0.122,232.73,0
33750,33.75,6.198,0.122,232.704,0
34000,34,5.584,0.122,232.692,0
34250,34.25,5.225,0.122,232.716,0
34500,34.5,5.225,0.122,232.701,0
34750,34.75,5.225,0.122,232.701,0
35000,35,5.225,0.122,232.74,0
35250,35.25,5.225,0.122,232.769,0
35500,35.5,5.225,0.122,232.755,0
35750,35.75,5.225,0.122,232.766,0
36000,36,6.545,0.123,232.683,0
36250,36.25,5.254,0.122,232.714,0
36500,36.5,5.225,0.122,232.698,0
36750,36.75,5.225,0.122,232.741,0
37000,37,5.225,0.123,232.719,0
37250,37.25,5.225,0.122,232.742,0
37500,37.5,6.423,0.122,232.742,0
37750,37.75,5.368,0.122,232.743,0
38000,38,5.237,0.122,232.732,0
38250,38.25,5.225,0.122,232.73,0
38500,38.5,5.225,0.122,232.71,0
38750,38.75,5.225,0.123,232.711,0
39000,39,6.118,0.122,232.7,0
39250,39.25,5.6,0.122,232.73,0
39500,39.5,5.225,0.122,232.701,0
39750,39.75,5.225,0.122,232.733,0
40000,40,5.225,0.122,232.736,0
40250,40.25,5.225,0.122,232.73,0
40500,40.5,5.8,0.122,232.71,0
40750,40.75,5.953,0.122,232.704,0
41000,41,5.23,0.122,232.691,0
41250,41.25,5.23,0.122,232.691,0
41500,41.5,5.225,0.122,232.71,0
41750,41.75,5.225,0.122,232.725,0
42000,42,5.225,0.122,232.711,0
42250,42.25,5.53,0.122,232.763,0
42500,42.5,6.219,0.122,232.759,0
42750,42.75,5.225,0.122,232.711,0
43000,43,5.225,0.122,232.715,0
43250,43.25,5.225,0.122,232.74,0
43500,43.5,5.225,0.122,232.739,0
43750,43.75,5.225,0.122,232.728,0
44000,44,5.638,0.122,232.727,0
44250,44.25,6.082,0.123,232.699,0
44500,44.5,5.228,0.122,232.701,0
44750,44.75,5.225,0.122,232.699,0
45000,45,5.225,0.122,232.708,0
45250,45.25,5.225,0.122,232.709,0
45500,45.5,6.556,0.122,232.689,0
45750,45.75,5.249,0.122,232.693,0
46000,46,5.225,0.122,232.688,0
46250,46.25,5.225,0.122,232.696,0
46500,46.5,5.225,0.122,232.714,0
46750,46.75,5.225,0.122,232.743,0
47000,47,6.423,0.122,232.718,0
47250,47.25,5.36,0.122,232.743,0
47500,47.5,5.225,0.122,232.723,0
47750,47.75,5.225,0.122,232.723,0
48000,48,5.225,0.122,232.737,0
48250,48.25,5.225,0.122,232.738,0
48500,48.5,5.734,0.122,232.722,0
48750,48.75,6.08,0.122,232.734,0
49000,49,5.225,0.122,232.712,0
49250,49.25,5.225,0.122,232.716,0
49500,49.5,5.225,0.122,232.703,0
49750,49.75,5.225,0.123,232.67,0
50000,50,5.225,0.123,232.67,0
50250,50.25,5.849,0.122,232.702,0
50500,50.5,5.932,0.122,232.673,0
50750,50.75,5.225,0.122,232.696,0
51000,51,5.225,0.123,232.715,0
51250,51.25,5.225,0.122,232.715,0
51500,51.5,6.533,0.122,232.717,0
51750,51.75,5.317,0.122,232.706,0
52000,52,5.225,0.122,232.697,0
52250,52.25,5.225,0.122,232.732,0
52500,52.5,5.225,0.122,232.744,0
52750,52.75,5.225,0.122,232.72,0
53000,53,6.199,0.123,232.7,0
53250,53.25,5.602,0.122,232.704,0
53500,53.5,5.225,0.123,232.73,0
53750,53.75,5.225,0.122,232.763,0
54000,54,5.225,0.122,232.722,0
54250,54.25,5.225,0.122,232.722,0
54500,54.5,5.225,0.123,232.703,0
54750,54.75,5.9,0.122,232.736,0
55000,55,5.882,0.122,232.739,0
55250,55.25,5.225,0.122,232.729,0
55500,55.5,5.225,0.122,232.68,0
55750,55.75,5.225,0.122,232.694,0
56000,56,5.225,0.122,232.71,0
56250,56.25,5.225,0.122,232.702,0
56500,56.5,6.044,0.122,232.717,0
56750,56.75,5.761,0.122,232.703,0
57000,57,5.225,0.122,232.725,0
57250,57.25,5.225,0.122,232.714,0
57500,57.5,5.225,0.122,232.728,0
57750,57.75,5.225,0.122,232.718,0
58000,58,5.727,0.122,232.715,0
58250,58.25,6.019,0.122,232.728,0
58500,58.5,5.225,0.122,232.715,0
58750,58.75,5.225,0.122,232.707,0
59000,59,5.225,0.122,232.741,0
59250,59.25,5.225,0.122,232.713,0
59500,59.5,6.629,0.122,232.728,0
59750,59.75,5.241,0.122,232.743,0
60000,60,5.225,0.122,232.737,0
60250,60.25,5.225,0.122,232.699,0
60500,60.5,5.225,0.122,232.707,0
60750,60.75,5.225,0.122,232.707,0
61000,61,5.225,0.122,232.709,0
61250,61.25,5.225,0.122,232.725,0
61500,61.5,6.594,0.122,232.693,0
61750,61.75,5.233,0.122,232.768,0
62000,62,5.225,0.122,232.735,0
62250,62.25,5.225,0.122,232.708,0
62500,62.5,5.225,0.122,232.702,0
62750,62.75,5.225,0.123,232.707,0
63000,63,6.527,0.122,232.721,0
63250,63.25,5.283,0.122,232.748,0
63500,63.5,5.23,0.122,232.72,0
63750,63.75,5.225,0.122,232.704,0
64000,64,5.225,0.122,232.705,0
64250,64.25,5.936,0.122,232.709,0
64500,64.5,5.881,0.122,232.722,0
64750,64.75,5.225,0.122,232.704,0
65000,65,5.225,0.122,232.739,0
65250,65.25,5.225,0.122,232.691,0
65500,65.5,5.225,0.122,232.724,0
65750,65.75,5.225,0.122,232.729,0
66000,66,6.045,0.122,232.727,0
66250,66.25,5.743,0.122,232.716,0
66500,66.5,5.225,0.122,232.715,0
66750,66.75,5.225,0.122,232.75,0
67000,67,5.225,0.122,232.72,0
67250,67.25,5.225,0.122,232.72,0
67500,67.5,5.225,0.122,232.73,0
67750,67.75,5.225,0.123,232.694,0
68000,68,6.156,0.122,232.732,0
68250,68.25,5.627,0.122,232.708,0
68500,68.5,5.225,0.122,232.735,0
68750,68.75,5.225,0.122,232.738,0
69000,69,5.225,0.122,232.704,0
69250,69.25,5.225,0.122,232.693,0
69500,69.5,5.821,0.122,232.716,0
69750,69.75,5.928,0.122,232.687,0
70000,70,5.225,0.122,232.713,0
70250,70.25,5.225,0.122,232.716,0
70500,70.5,5.225,0.122,232.74,0
70750,70.75,5.225,0.122,232.721,0
71000,71,5.225,0.122,232.724,0
71250,71.25,5.935,0.122,232.751,0
71500,71.5,5.816,0.122,232.721,0
71750,71.75,5.225,0.123,232.715,0
72000,72,5.225,0.122,232.714,0
72250,72.25,5.225,0.122,232.709,0
72500,72.5,5.225,0.122,232.715,0
72750,72.75,5.225,0.122,232.726,0
73000,73,5.225,0.122,232.771,0
73250,73.25,6.491,0.122,232.732,0
73500,73.5,5.319,0.122,232.72,0
73750,73.75,5.319,0.122,232.72,0
74000,74,5.225,0.122,232.727,0
74250,74.25,5.225,0.122,232.713,0
74500,74.5,5.225,0.122,232.723,0
74750,74.75,5.225,0.121,232.736,0
75000,75,5.225,0.122,232.718,0
75250,75.25,6.507,0.122,232.72,0
75500,75.5,5.275,0.122,232.728,0
75750,75.75,5.225,0.122,232.718,0
76000,76,5.225,0.122,232.745,0
76250,76.25,5.225,0.122,232.732,0
76500,76.5,5.225,0.122,232.705,0
76750,76.75,6.306,0.122,232.731,0
77000,77,5.439,0.122,232.743,0
77250,77.25,5.225,0.122,232.746,0
77500,77.5,5.225,0.122,232.716,0
77750,77.75,5.225,0.122,232.727,0
78000,78,5.225,0.122,232.724,0
78250,78.25,6.043,0.122,232.717,0
78500,78.5,5.757,0.122,232.704,0
78750,78.75,5.225,0.123,232.684,0
79000,79,5.225,0.122,232.712,0
79250,79.25,5.225,0.122,232.719,0
79500,79.5,5.225,0.122,232.687,0
79750,79.75,5.225,0.122,232.7,0
80000,80,6.101,0.122,232.707,0
80250,80.25,6.101,0.122,232.707,0
80500,80.5,5.674,0.122,232.72,0
80750,80.75,5.225,0.122,232.726,0
81000,81,5.225,0.122,232.732,0
81250,81.25,5.225,0.122,232.745,0
81500,81.5,5.225,0.122,232.705,0
81750,81.75,5.225,0.122,232.715,0
82000,82,6.215,0.121,232.714,0
82250,82.25,5.561,0.122,232.72,0
82500,82.5,5.225,0.122,232.717,0
82750,82.75,5.225,0.122,232.721,0
83000,83,5.225,0.122,232.705,0
83250,83.25,5.225,0.122,232.736,0
83500,83.5,5.225,0.122,232.676,0
83750,83.75,6.331,0.122,232.682,0
84000,84,5.442,0.122,232.717,0
84250,84.25,5.225,0.122,232.715,0
84500,84.5,5.225,0.122,232.73,0
84750,84.75,5.225,0.122,232.701,0
85000,85,5.612,0.122,232.71,0
85250,85.25,6.146,0.122,232.699,0
85500,85.5,5.225,0.122,232.704,0
85750,85.75,5.225,0.122,232.727,0
86000,86,5.225,0.122,232.7,0
86250,86.25,5.225,0.122,232.723,0
86500,86.5,6.537,0.122,232.717,0
86750,86.75,6.537,0.122,232.717,0
87000,87,5.267,0.122,232.725,0
87250,87.25,5.225,0.122,232.726,0
87500,87.5,5.225,0.122,232.733,0
87750,87.75,5.225,0.122,232.725,0
88000,88,5.225,0.122,232.696,0
88250,88.25,6.41,0.122,232.695,0
88500,88.5,5.415,0.122,232.723,0
88750,88.75,5.225,0.122,232.729,0
89000,89,5.225,0.122,232.72,0
89250,89.25,5.225,0.122,232.681,0
89500,89.5,5.225,0.123,232.713,0
89750,89.75,6.11,0.122,232.675,0
90000,90,5.652,0.122,232.701,0
90250,90.25,5.225,0.122,232.712,0
90500,90.5,5.225,0.122,232.711,0
90750,90.75,5.225,0.122,232.732,0
91000,91,5.225,0.122,232.687,0
91250,91.25,5.796,0.122,232.709,0
91500,91.5,5.952,0.122,232.709,0
91750,91.75,5.225,0.122,232.727,0
92000,92,5.225,0.122,232.718,0
92250,92.25,5.225,0.122,232.725,0
92500,92.5,5.225,0.122,232.705,0
92750,92.75,5.578,0.122,232.717,0
93000,93,6.244,0.122,232.717,0
93250,93.25,6.244,0.122,232.717,0
93500,93.5,5.225,0.122,232.727,0
93750,93.75,5.225,0.122,232.746,0
94000,94,5.225,0.122,232.749,0
94250,94.25,5.225,0.122,232.748,0
94500,94.5,5.225,0.122,232.738,0
94750,94.75,5.642,0.122,232.725,0
95000,95,6.122,0.122,232.721,0
95250,95.25,5.225,0.122,232.742,0
95500,95.5,5.225,0.122,232.718,0
95750,95.75,5.225,0.122,232.714,0
96000,96,5.225,0.122,232.68,0
96250,96.25,5.347,0.122,232.711,0
96500,96.5,6.376,0.122,232.721,0
96750,96.75,5.227,0.122,232.702,0
97000,97,5.225,0.122,232.707,0
97250,97.25,5.225,0.123,232.689,0
97500,97.5,5.225,0.122,232.706,0
97750,97.75,5.225,0.122,232.697,0
98000,98,6.612,0.122,232.726,0
98250,98.25,5.243,0.122,232.739,0
98500,98.5,5.225,0.122,232.727,0
98750,98.75,5.225,0.122,232.744,0
99000,99,5.225,0.122,232.729,0
99250,99.25,6.141,0.122,232.694,0
99500,99.5,5.68,0.122,232.717,0
99750,99.75,5.68,0.122,232.717,0
100000,100,5.225,0.123,232.726,0
100250,100.25,5.225,0.122,232.743,0
100500,100.5,5.225,0.122,232.748,0
100750,100.75,5.225,0.122,232.721,0
101000,101,5.225,0.122,232.736,0
101250,101.25,5.225,0.122,232.701,0
101500,101.5,6.499,0.122,232.693,0
101750,101.75,5.27,0.122,232.709,0
102000,102,5.225,0.122,232.705,0
102250,102.25,5.225,0.123,232.71,0
102500,102.5,5.225,0.122,232.717,0
102750,102.75,5.225,0.122,232.702,0
103000,103,5.225,0.122,232.757,0
103250,103.25,6.599,0.122,232.71,0
103500,103.5,5.256,0.122,232.74,0
103750,103.75,5.225,0.122,232.707,0
104000,104,5.225,0.122,232.709,0
104250,104.25,5.225,0.122,232.724,0
104500,104.5,6.041,0.123,232.735,0
104750,104.75,5.714,0.122,232.73,0
105000,105,5.23,0.122,232.741,0
105250,105.25,5.225,0.122,232.694,0
105500,105.5,5.225,0.122,232.755,0
105750,105.75,5.401,0.122,232.735,0
106000,106,6.425,0.122,232.718,0
106250,106.25,6.425,0.122,232.718,0
106500,106.5,5.226,0.122,232.728,0
106750,106.75,5.225,0.122,232.727,0
107000,107,5.225,0.122,232.725,0
107250,107.25,5.225,0.122,232.753,0
107500,107.5,5.225,0.122,232.73,0
107750,107.75,5.477,0.122,232.715,0
108000,108,6.311,0.122,232.723,0
108250,108.25,5.233,0.122,232.753,0
108500,108.5,5.225,0.122,232.747,0
108750,108.75,5.225,0.122,232.726,0
109000,109,5.225,0.122,232.695,0
109250,109.25,5.225,0.123,232.689,0
109500,109.5,5.594,0.122,232.727,0
109750,109.75,6.212,0.122,232.739,0
110000,110,5.225,0.122,232.724,0
110250,110.25,5.225,0.122,232.696,0
110500,110.5,5.225,0.123,232.684,0
110750,110.75,5.225,0.122,232.693,0
111000,111,5.312,0.122,232.682,0
111250,111.25,6.43,0.122,232.716,0
111500,111.5,5.239,0.122,232.724,0
111750,111.75,5.225,0.123,232.717,0
112000,112,5.225,0.122,232.756,0
112250,112.25,5.225,0.122,232.713,0
112500,112.5,5.225,0.122,232.734,0
112750,112.75,5.225,0.122,232.734,0
113000,113,5.225,0.122,232.735,0
113250,113.25,5.768,0.122,232.737,0
113500,113.5,5.981,0.122,232.718,0
113750,113.75,5.225,0.122,232.725,0
114000,114,5.225,0.122,232.714,0
114250,114.25,5.225,0.122,232.735,0
114500,114.5,5.225,0.122,232.728,0
114750,114.75,5.225,0.122,232.752,0
115000,115,5.916,0.122,232.725,0
115250,115.25,5.886,0.122,232.731,0
115500,115.5,5.225,0.122,232.719,0
115750,115.75,5.225,0.122,232.729,0
116000,116,5.225,0.122,232.768,0
116250,116.25,5.26,0.122,232.722,0
116500,116.5,6.505,0.122,232.723,0
116750,116.75,5.231,0.122,232.721,0
117000,117,5.225,0.122,232.726,0
117250,117.25,5.225,0.122,232.715,0
117500,117.5,5.225,0.122,232.737,0
117750,117.75,5.225,0.122,232.724,0
118000,118,6.598,0.122,232.731,0
118250,118.25,5.267,0.122,232.73,0
118500,118.5,5.225,0.122,232.736,0
118750,118.75,5.225,0.122,232.709,0
119000,119,5.225,0.122,232.692,0
119250,119.25,5.225,0.122,232.692,0
119500,119.5,5.225,0.122,232.72,0
119750,119.75,5.225,0.122,232.727,0
120000,120,6.556,0.122,232.741,0
120250,120.25,5.243,0.122,232.727,0
120500,120.5,5.225,0.122,232.71,0
120750,120.75,5.225,0.122,232.725,0
121000,121,5.225,0.122,232.705,0
121250,121.25,5.225,0.122,232.702,0
121500,121.5,6.452,0.122,232.737,0
121750,121.75,5.305,0.122,232.699,0
122000,122,5.225,0.123,232.696,0
122250,122.25,5.225,0.122,232.717,0
122500,122.5,5.225,0.122,232.727,0
122750,122.75,5.754,0.122,232.708,0
123000,123,5.995,0.122,232.731,0
123250,123.25,5.225,0.122,232.699,0
123500,123.5,5.225,0.122,232.722,0
123750,123.75,5.225,0.122,232.731,0
124000,124,5.225,0.122,232.735,0
124250,124.25,5.225,0.122,232.724,0
124500,124.5,5.882,0.122,232.727,0
124750,124.75,5.86,0.122,232.702,0
125000,125,5.225,0.122,232.731,0
125250,125.25,5.225,0.122,232.724,0
125500,125.5,5.225,0.122,232.707,0
125750,125.75,5.225,0.122,232.707,0
126000,126,5.225,0.122,232.714,0
126250,126.25,5.225,0.122,232.744,0
126500,126.5,6.004,0.122,232.712,0
126750,126.75,5.734,0.122,232.721,0
127000,127,5.225,0.122,232.743,0
127250,127.25,5.225,0.122,232.676,0
127500,127.5,5.225,0.122,232.699,0
127750,127.75,5.225,0.122,232.734,0
128000,128,5.692,0.122,232.755,0
128250,128.25,6.086,0.122,232.744,0
128500,128.5,5.225,0.121,232.727,0
128750,128.75,5.225,0.122,232.707,0
129000,129,5.225,0.122,232.713,0
129250,129.25,5.225,0.122,232.723,0
129500,129.5,5.408,0.122,232.739,0
129750,129.75,6.332,0.122,232.677,0
130000,130,5.226,0.122,232.673,0
130250,130.25,5.225,0.122,232.702,0
130500,130.5,5.225,0.122,232.714,0
130750,130.75,5.225,0.122,232.734,0
131000,131,5.225,0.122,232.671,0
131250,131.25,5.539,0.122,232.702,0
131500,131.5,6.258,0.122,232.671,0
131750,131.75,5.225,0.122,232.705,0
132000,132,5.225,0.121,232.698,0
132250,132.25,5.225,0.121,232.698,0
132500,132.5,5.225,0.122,232.708,0
132750,132.75,5.225,0.122,232.732,0
133000,133,5.26,0.122,232.731,0
133250,133.25,6.501,0.122,232.666,0
133500,133.5,5.23,0.122,232.726,0
133750,133.75,5.225,0.122,232.684,0
134000,134,5.225,0.122,232.729,0
134250,134.25,5.225,0.122,232.752,0
134500,134.5,6.275,0.122,232.719,0
134750,134.75,5.524,0.122,232.7,0
135000,135,5.225,0.122,232.732,0
135250,135.25,5.225,0.122,232.726,0
135500,135.5,5.225,0.122,232.693,0
135750,135.75,5.225,0.122,232.699,0
136000,136,5.996,0.122,232.69,0
136250,136.25,5.812,0.122,232.706,0
136500,136.5,5.225,0.122,232.713,0
136750,136.75,5.225,0.122,232.71,0
137000,137,5.225,0.122,232.677,0
137250,137.25,5.347,0.122,232.717,0
137500,137.5,6.441,0.122,232.666,0
137750,137.75,5.228,0.122,232.712,0
138000,138,5.225,0.121,232.717,0
138250,138.25,5.225,0.122,232.72,0
138500,138.5,5.225,0.122,232.758,0
138750,138.75,5.225,0.122,232.758,0
139000,139,5.225,0.122,232.698,0
139250,139.25,6.603,0.122,232.71,0
139500,139.5,5.248,0.122,232.742,0
139750,139.75,5.225,0.122,232.693,0
140000,140,5.225,0.122,232.716,0
140250,140.25,5.225,0.123,232.688,0
140500,140.5,6.065,0.122,232.706,0
140750,140.75,5.741,0.122,232.717,0
141000,141,5.225,0.122,232.714,0
141250,141.25,5.225,0.122,232.706,0
141500,141.5,5.225,0.122,232.717,0
141750,141.75,5.382,0.122,232.694,0
142000,142,6.42,0.122,232.736,0
142250,142.25,5.226,0.123,232.688,0
142500,142.5,5.225,0.122,232.693,0
142750,142.75,5.225,0.122,232.713,0
143000,143,5.225,0.122,232.723,0
143250,143.25,6.386,0.122,232.714,0
143500,143.5,5.343,0.122,232.751,0
143750,143.75,5.225,0.122,232.719,0
144000,144,5.225,0.122,232.732,0
144250,144.25,5.225,0.122,232.74,0
144500,144.5,5.225,0.122,232.726,0
144750,144.75,5.225,0.122,232.734,0
145000,145,6.514,0.122,232.71,0
145250,145.25,6.514,0.122,232.71,0
145500,145.5,5.305,0.122,232.716,0
145750,145.75,5.225,0.122,232.737,0
146000,146,5.225,0.122,232.712,0
146250,146.25,5.225,0.122,232.702,0
146500,146.5,5.225,0.121,232.729,0
146750,146.75,6.203,0.122,232.726,0
147000,147,5.511,0.122,232.73,0
147250,147.25,5.225,0.122,232.736,0
147500,147.5,5.225,0.122,232.721,0
147750,147.75,5.225,0.122,232.723,0
148000,148,5.225,0.122,232.726,0
148250,148.25,5.225,0.122,232.719,0
148500,148.5,6.294,0.122,232.718,0
148750,148.75,5.446,0.123,232.718,0
149000,149,5.225,0.123,232.709,0
149250,149.25,5.225,0.123,232.705,0
149500,149.5,6.482,0.123,232.725,0
149750,149.75,5.287,0.123,232.753,0
150000,150,5.225,0.123,232.696,0
150250,150.25,5.225,0.123,232.717,0
150500,150.5,5.477,0.122,232.701,0
150750,150.75,6.313,0.123,232.7,0
151000,151,5.225,0.122,232.694,0
151250,151.25,5.225,0.122,232.713,0
151500,151.5,5.722,0.122,232.715,0
151750,151.75,5.722,0.122,232.715,0
152000,152,6.063,0.122,232.695,0
152250,152.25,5.225,0.123,232.713,0
152500,152.5,5.225,0.122,232.712,0
152750,152.75,5.937,0.123,232.716,0
153000,153,5.785,0.123,232.719,0
153250,153.25,5.225,0.123,232.714,0
153500,153.5,5.225,0.123,232.716,0
153750,153.75,6.234,0.123,232.71,0
154000,154,5.554,0.122,232.694,0
154250,154.25,5.225,0.122,232.698,0
154500,154.5,6.092,0.123,232.699,0
154750,154.75,5.694,0.123,232.706,0
155000,155,5.225,0.123,232.721,0
155250,155.25,5.225,0.122,232.71,0
155500,155.5,6.307,0.122,232.683,0
155750,155.75,5.465,0.123,232.685,0
156000,156,5.225,0.123,232.705,0
156250,156.25,5.225,0.123,232.707,0
156500,156.5,5.26,0.123,232.716,0
156750,156.75,44.256,0.736,232.6,0
157000,157,212.293,1.2,232.475,1
157250,157.25,265.942,1.218,232.471,1
157500,157.5,266.572,1.217,232.46,1
157750,157.75,264.267,1.215,232.465,1
158000,158,265.014,1.214,232.437,1
158250,158.25,265.014,1.214,232.437,1
158500,158.5,263.986,1.212,232.46,1
158750,158.75,263.7,1.212,232.462,1
159000,159,263.7,1.21,232.467,1
159250,159.25,263.7,1.21,232.476,1
159500,159.5,263.7,1.208,232.482,1
159750,159.75,262.938,1.207,232.474,1
160000,160,263.091,1.206,232.495,1
160250,160.25,262.287,1.206,232.467,1
160500,160.5,263.09,1.205,232.465,1
160750,160.75,261.449,1.204,232.437,1
161000,161,261.904,1.203,232.491,1
161250,161.25,261.925,1.203,232.482,1
161500,161.5,261.925,1.202,232.469,1
161750,161.75,261.454,1.202,232.43,1
162000,162,261.608,1.201,232.495,1
162250,162.25,260.852,1.2,232.469,1
162500,162.5,260.807,1.2,232.479,1
162750,162.75,261.084,1.199,232.46,1
163000,163,260.53,1.198,232.471,1
163250,163.25,260.686,1.198,232.452,1
163500,163.5,260.175,1.198,232.426,1
163750,163.75,260.523,1.198,232.443,1
164000,164,261.151,1.197,232.462,1
164250,164.25,260.2,1.196,232.495,1
164500,164.5,260.2,1.196,232.477,1
164750,164.75,260.2,1.196,232.477,1
165000,165,260.2,1.195,232.483,1
165250,165.25,258.849,1.194,232.473,1
165500,165.5,259.763,1.194,232.47,1
165750,165.75,260.175,1.194,232.493,1
166000,166,259.29,1.193,232.498,1
166250,166.25,259.41,1.193,232.468,1
166500,166.5,258.688,1.192,232.502,1
166750,166.75,259.213,1.192,232.483,1
167000,167,259.339,1.191,232.499,1
167250,167.25,258.151,1.191,232.444,1
167500,167.5,258.401,1.191,232.476,1
167750,167.75,259.202,1.19,232.49,1
168000,168,258.533,1.189,232.474,1
168250,168.25,258.135,1.189,232.498,1
168500,168.5,258.281,1.189,232.469,1
168750,168.75,258.425,1.188,232.512,1
169000,169,258.425,1.188,232.52,1
169250,169.25,257.768,1.188,232.494,1
169500,169.5,257.733,1.187,232.455,1
169750,169.75,257.97,1.187,232.482,1
170000,170,257.802,1.186,232.46,1
170250,170.25,257.296,1.187,232.475,1
170500,170.5,258.425,1.187,232.439,1
170750,170.75,258.08,1.186,232.46,1
171000,171,257.18,1.186,232.457,1
171250,171.25,257.18,1.186,232.457,1
171500,171.5,257.056,1.186,232.48,1
171750,171.75,257.758,1.185,232.476,1
172000,172,257.209,1.185,232.5,1
172250,172.25,257.419,1.184,232.485,1
172500,172.5,256.793,1.184,232.5,1
172750,172.75,257.578,1.183,232.494,1
173000,173,256.533,1.183,232.493,1
173250,173.25,256.7,1.182,232.492,1
173500,173.5,257.014,1.182,232.47,1
173750,173.75,257.718,1.182,232.492,1
174000,174,255.579,1.182,232.482,1
174250,174.25,257.645,1.181,232.462,1
174500,174.5,255.585,1.181,232.487,1
174750,174.75,256.7,1.181,232.505,1
175000,175,256.7,1.18,232.487,1
175250,175.25,256.283,1.18,232.475,1
175500,175.5,255.774,1.179,232.463,1
175750,175.75,256.7,1.179,232.502,1
176000,176,255.333,1.179,232.464,1
176250,176.25,256.038,1.178,232.482,1
176500,176.5,256.022,1.178,232.482,1
176750,176.75,255.346,1.178,232.496,1
177000,177,255.78,1.178,232.488,1
177250,177.25,255.745,1.177,232.494,1
177500,177.5,255.346,1.176,232.464,1
177750,177.75,255.346,1.176,232.464,1
178000,178,254.975,1.176,232.479,1
178250,178.25,254.975,1.176,232.472,1
178500,178.5,254.975,1.176,232.481,1
178750,178.75,256.34,1.175,232.464,1
179000,179,254.993,1.175,232.457,1
179250,179.25,254.478,1.175,232.449,1
179500,179.5,254.93,1.174,232.448,1
179750,179.75,254.498,1.174,232.466,1
180000,180,254.102,1.173,232.489,1
180250,180.25,254.95,1.173,232.472,1
180500,180.5,254.646,1.173,232.471,1
180750,180.75,253.896,1.173,232.465,1
181000,181,254.95,1.172,232.496,1
181250,181.25,253.65,1.172,232.448,1
181500,181.5,254.373,1.171,232.471,1
181750,181.75,254.182,1.171,232.457,1
182000,182,253.605,1.171,232.451,1
182250,182.25,254.48,1.171,232.479,1
182500,182.5,254.043,1.17,232.469,1
182750,182.75,253.716,1.17,232.481,1
183000,183,253.521,1.169,232.451,1
183250,183.25,254.298,1.169,232.475,1
183500,183.5,253.225,1.169,232.476,1
183750,183.75,253.225,1.168,232.484,1
184000,184,253.225,1.168,232.474,1
184250,184.25,253.225,1.168,232.474,1
184500,184.5,253.225,1.168,232.462,1
184750,184.75,253.225,1.168,232.45,1
185000,185,253.225,1.167,232.461,1
185250,185.25,253.225,1.167,232.464,1
185500,185.5,253.225,1.167,232.494,1
185750,185.75,253.225,1.166,232.494,1
186000,186,253.225,1.166,232.468,1
186250,186.25,252.197,1.166,232.453,1
186500,186.5,252.893,1.165,232.475,1
186750,186.75,252.748,1.165,232.496,1
187000,187,252.369,1.165,232.466,1
187250,187.25,253.2,1.164,232.472,1
187500,187.5,251.884,1.164,232.484,1
187750,187.75,252.456,1.164,232.499,1
188000,188,252.638,1.163,232.49,1
188250,188.25,251.871,1.163,232.485,1
188500,188.5,252.629,1.163,232.471,1
188750,188.75,251.475,1.163,232.481,1
189000,189,252.834,1.162,232.471,1
189250,189.25,251.524,1.162,232.465,1
189500,189.5,251.475,1.161,232.492,1
189750,189.75,252.712,1.161,232.469,1
190000,190,251.579,1.161,232.471,1
190250,190.25,251.475,1.161,232.468,1
190500,190.5,251.475,1.16,232.479,1
190750,190.75,251.475,1.16,232.479,1
191000,191,251.475,1.16,232.467,1
191250,191.25,251.475,1.16,232.481,1
191500,191.5,251.475,1.16,232.479,1
191750,191.75,251.475,1.159,232.473,1
192000,192,251.475,1.159,232.483,1
192250,192.25,250.649,1.159,232.508,1
192500,192.5,250.65,1.158,232.477,1
192750,192.75,251.477,1.158,232.488,1
193000,193,250.847,1.157,232.501,1
193250,193.25,250.73,1.158,232.487,1
193500,193.5,251.363,1.157,232.468,1
193750,193.75,250.226,1.157,232.487,1
194000,194,250.585,1.157,232.494,1
194250,194.25,250.977,1.156,232.458,1
194500,194.5,250.139,1.156,232.51,1
194750,194.75,250.726,1.156,232.486,1
195000,195,250.841,1.155,232.481,1
195250,195.25,249.889,1.155,232.471,1
195500,195.5,250.322,1.155,232.486,1
195750,195.75,250.467,1.155,232.476,1
196000,196,249.795,1.155,232.465,1
196250,196.25,250.982,1.154,232.492,1
196500,196.5,249.729,1.154,232.465,1
196750,196.75,249.725,1.154,232.516,1
197000,197,249.725,1.153,232.511,1
197250,197.25,249.725,1.153,232.511,1
197500,197.5,249.725,1.153,232.52,1
197750,197.75,250.807,1.153,232.478,1
198000,198,249.964,1.152,232.484,1
198250,198.25,249.194,1.152,232.503,1
198500,198.5,248.922,1.152,232.486,1
198750,198.75,249.7,1.151,232.484,1
199000,199,249.7,1.151,232.472,1
199250,199.25,249.7,1.151,232.453,1
199500,199.5,248.513,1.151,232.524,1
199750,199.75,249.572,1.151,232.495,1
200000,200,249.076,1.15,232.482,1
200250,200.25,249.031,1.15,232.497,1
200500,200.5,249.613,1.149,232.466,1
200750,200.75,248.478,1.149,232.468,1
201000,201,248.835,1.149,232.471,1
201250,201.25,249.264,1.149,232.47,1
201500,201.5,248.308,1.149,232.483,1
201750,201.75,248.964,1.148,232.481,1
202000,202,249.126,1.149,232.484,1
202250,202.25,248.166,1.148,232.492,1
202500,202.5,248.519,1.148,232.46,1
202750,202.75,248.725,1.147,232.475,1
203000,203,248.045,1.147,232.518,1
203250,203.25,249.283,1.147,232.471,1
203500,203.5,247.979,1.146,232.488,1
203750,203.75,247.979,1.146,232.488,1
204000,204,247.975,1.146,232.478,1
204250,204.25,247.975,1.146,232.489,1
204500,204.5,247.975,1.146,232.488,1
204750,204.75,247.975,1.145,232.482,1
205000,205,247.975,1.145,232.488,1
205250,205.25,247.975,1.145,232.49,1
205500,205.5,247.975,1.144,232.488,1
205750,205.75,247.975,1.144,232.479,1
206000,206,247.975,1.144,232.494,1
206250,206.25,247.975,1.144,232.477,1
206500,206.5,246.765,1.143,232.473,1
206750,206.75,247.768,1.143,232.497,1
207000,207,247.95,1.143,232.485,1
207250,207.25,246.937,1.143,232.459,1
207500,207.5,247.639,1.143,232.456,1
207750,207.75,247.47,1.143,232.471,1
208000,208,247.077,1.142,232.468,1
208250,208.25,246.696,1.142,232.471,1
208500,208.5,247.547,1.142,232.47,1
208750,208.75,246.949,1.142,232.463,1
209000,209,246.834,1.141,232.492,1
209250,209.25,247.629,1.141,232.51,1
209500,209.5,246.247,1.141,232.495,1
209750,209.75,247.215,1.14,232.47,1
210000,210,246.519,1.14,232.478,1
210250,210.25,246.519,1.14,232.478,1
210500,210.5,246.599,1.14,232.494,1
210750,210.75,247.121,1.14,232.503,1
211000,211,246.225,1.139,232.498,1
211250,211.25,246.512,1.139,232.487,1
211500,211.5,247.294,1.139,232.469,1
211750,211.75,246.225,1.139,232.461,1
212000,212,246.225,1.138,232.483,1
212250,212.25,246.225,1.139,232.474,1
212500,212.5,246.225,1.138,232.453,1
212750,212.75,246.225,1.138,232.456,1
213000,213,246.225,1.138,232.466,1
213250,213.25,246.225,1.137,232.475,1
213500,213.5,246.225,1.137,232.491,1
213750,213.75,244.839,1.137,232.466,1
214000,214,246.187,1.137,232.475,1
214250,214.25,246.2,1.137,232.474,1
214500,214.5,246.115,1.136,232.485,1
214750,214.75,245.033,1.136,232.494,1
215000,215,246.198,1.136,232.492,1
215250,215.25,246.166,1.135,232.489,1
215500,215.5,244.934,1.136,232.473,1
215750,215.75,246.193,1.135,232.471,1
216000,216,245.102,1.135,232.453,1
216250,216.25,245.839,1.135,232.488,1
216500,216.5,245.107,1.134,232.498,1
216750,216.75,245.107,1.134,232.498,1
217000,217,245.235,1.134,232.477,1
217250,217.25,244.585,1.134,232.486,1
217500,217.5,245.725,1.134,232.487,1
217750,217.75,245.361,1.134,232.489,1
218000,218,244.988,1.133,232.49,1
218250,218.25,244.739,1.133,232.483,1
218500,218.5,245.498,1.133,232.477,1
218750,218.75,244.5,1.132,232.484,1
219000,219,245.837,1.132,232.472,1
219250,219.25,244.528,1.132,232.467,1
219500,219.5,244.5,1.131,232.453,1
219750,219.75,244.5,1.132,232.464,1
220000,220,244.5,1.132,232.485,1
220250,220.25,245.292,1.131,232.481,1
220500,220.5,245.03,1.131,232.478,1
220750,220.75,243.399,1.131,232.471,1
221000,221,244.903,1.13,232.474,1
221250,221.25,244.774,1.13,232.49,1
221500,221.5,244.621,1.13,232.456,1
221750,221.75,243.26,1.13,232.465,1
222000,222,244.472,1.129,232.484,1
222250,222.25,244.475,1.13,232.465,1
222500,222.5,244.475,1.129,232.512,1
222750,222.75,244.086,1.129,232.457,1
223000,223,243.267,1.129,232.457,1
223250,223.25,243.267,1.129,232.457,1
223500,223.5,244.329,1.128,232.481,1
223750,223.75,243.266,1.124,232.473,1
224000,224,241.995,1.118,232.486,1
224250,224.25,240.024,1.114,232.491,1
224500,224.5,240.491,1.111,232.456,1
224750,224.75,239.253,1.105,232.482,1
225000,225,236.65,1.1,232.476,1
225250,225.25,235.415,1.096,232.485,1
225500,225.5,234.683,1.093,232.499,1
225750,225.75,234.654,1.088,232.528,1
226000,226,231.313,1.082,232.523,1
226250,226.25,231.889,1.075,232.513,1
226500,226.5,230.826,1.072,232.503,1
226750,226.75,228.714,1.065,232.519,1
227000,227,228.302,1.055,232.518,1
227250,227.25,224.161,1.052,232.499,1
227500,227.5,224.591,1.044,232.499,1
227750,227.75,221.895,1.039,232.532,1
228000,228,221.775,1.036,232.508,1
228250,228.25,221.775,1.031,232.524,1
228500,228.5,219.055,1.03,232.515,1
228750,228.75,220.389,1.021,232.545,1
229000,229,216.587,1.013,232.515,1
229250,229.25,213.615,1.008,232.533,1
229500,229.5,216.605,1.007,232.517,1
229750,229.75,216.605,1.007,232.517,1
230000,230,213.602,1.008,232.516,1
230250,230.25,214.194,1.004,232.503,1
230500,230.5,213.05,0.996,232.508,1
230750,230.75,212.441,0.999,232.498,1
231000,231,213.31,0.997,232.506,1
231250,231.25,210.846,0.992,232.531,1
231500,231.5,211.635,0.989,232.519,1
231750,231.75,210.397,0.992,232.524,1
232000,232,209.264,0.993,232.533,1
232250,232.25,211.802,0.986,232.524,1
232500,232.5,209.163,0.986,232.534,1
232750,232.75,209.043,0.991,232.512,1
233000,233,212.022,0.988,232.508,1
233250,233.25,208.99,0.986,232.507,1
233500,233.5,210.336,0.982,232.53,1
233750,233.75,209.585,0.986,232.536,1
234000,234,210.822,0.993,232.546,1
234250,234.25,211.946,0.998,232.534,1
234500,234.5,211.036,0.998,232.538,1
234750,234.75,215.198,1.002,232.505,1
235000,235,213.275,1.004,232.523,1
235250,235.25,213.469,1.005,232.509,1
235500,235.5,215.158,1.003,232.532,1
235750,235.75,211.581,1,232.524,1
236000,236,212.857,1.008,232.511,1
236250,236.25,212.857,1.008,232.511,1
236500,236.5,218.509,1.017,232.533,1
236750,236.75,213.465,1.017,232.542,1
237000,237,217.687,1.016,232.516,1
237250,237.25,215.962,1.009,232.55,1
237500,237.5,215.163,1.013,232.537,1
237750,237.75,216.508,1.019,232.524,1
238000,238,217.525,1.022,232.51,1
238250,238.25,218.135,1.02,232.507,1
238500,238.5,216.733,1.024,232.529,1
238750,238.75,219.199,1.028,232.515,1
239000,239,220.414,1.029,232.493,1
239250,239.25,216.784,1.028,232.49,1
239500,239.5,220.936,1.03,232.497,1
239750,239.75,221.306,1.034,232.483,1
240000,240,216.84,1.032,232.488,1
240250,240.25,221.685,1.031,232.516,1
240500,240.5,218.687,1.026,232.501,1
240750,240.75,219.093,1.032,232.514,1
241000,241,220.824,1.032,232.5,1
241250,241.25,219.944,1.034,232.515,1
241500,241.5,221.75,1.039,232.532,1
241750,241.75,220.639,1.036,232.532,1
242000,242,221.408,1.034,232.533,1
242250,242.25,222.518,1.039,232.532,1
242500,242.5,218.442,1.032,232.492,1
242750,242.75,218.442,1.032,232.492,1
243000,243,221.794,1.033,232.519,1
243250,243.25,220.207,1.027,232.512,1
243500,243.5,216.367,1.024,232.517,1
243750,243.75,220.392,1.028,232.52,1
244000,244,218.809,1.028,232.497,1
244250,244.25,219.394,1.034,232.519,1
244500,244.5,222.481,1.036,232.522,1
244750,244.75,220.653,1.033,232.509,1
245000,245,220.731,1.024,232.509,1
245250,245.25,217.39,1.023,232.533,1
245500,245.5,219.051,1.026,232.529,1
245750,245.75,219.22,1.023,232.5,1
246000,246,216.824,1.024,232.528,1
246250,246.25,219.455,1.017,232.529,1
246500,246.5,213.567,1.001,232.537,1
246750,246.75,213.148,1.012,232.53,1
247000,247,216.776,1.004,232.557,1
247250,247.25,213.655,1.002,232.534,1
247500,247.5,212.801,0.999,232.537,1
247750,247.75,212.583,0.995,232.543,1
248000,248,210.492,0.989,232.542,1
248250,248.25,210.276,0.985,232.535,1
248500,248.5,208.031,0.987,232.523,1
248750,248.75,210.023,0.982,232.526,1
249000,249,206.752,0.973,232.546,1
249250,249.25,206.752,0.973,232.546,1
249500,249.5,205.666,0.969,232.532,1
249750,249.75,208.416,0.978,232.541,1
250000,250,205.086,0.957,232.554,1
250250,250.25,203.522,0.966,232.531,1
250500,250.5,205.629,0.96,232.576,1
250750,250.75,203.622,0.954,232.544,1
251000,251,202.384,0.955,232.55,1
251250,251.25,203.102,0.963,232.585,1
251500,251.5,203.807,0.948,232.531,1
251750,251.75,202.768,0.959,232.568,1
252000,252,202.072,0.946,232.564,1
252250,252.25,200.516,0.943,232.559,1
252500,252.5,201.287,0.947,232.542,1
252750,252.75,201.703,0.951,232.536,1
253000,253,202.111,0.953,232.536,1
253250,253.25,202.889,0.955,232.533,1
253500,253.5,202.855,0.954,232.519,1
253750,253.75,203.072,0.964,232.522,1
254000,254,204.126,0.956,232.521,1
254250,254.25,203.137,0.959,232.53,1
254500,254.5,203.427,0.963,232.519,1
254750,254.75,206.627,0.967,232.548,1
255000,255,204.045,0.97,232.521,1
255250,255.25,205.261,0.969,232.548,1
255500,255.5,206.296,0.974,232.504,1
255750,255.75,206.296,0.974,232.504,1
256000,256,205.368,0.974,232.511,1
256250,256.25,207.395,0.976,232.559,1
256500,256.5,207.509,0.974,232.544,1
256750,256.75,205.387,0.978,232.529,1
257000,257,208.921,0.987,232.53,1
257250,257.25,209.683,0.987,232.532,1
257500,257.5,209.864,0.982,232.548,1
257750,257.75,208.694,0.988,232.552,1
258000,258,209.682,0.987,232.558,1
258250,258.25,210.122,0.99,232.54,1
258500,258.5,210.276,0.994,232.543,1
258750,258.75,212.164,0.99,232.529,1
259000,259,210.862,0.989,232.547,1
259250,259.25,207.717,0.988,232.556,1
259500,259.5,212.707,0.991,232.531,1
259750,259.75,212.17,0.997,232.514,1
260000,260,210.142,0.994,232.513,1
260250,260.25,212.165,0.993,232.519,1
260500,260.5,211.789,1,232.529,1
260750,260.75,212.372,0.998,232.55,1
261000,261,212.882,0.996,232.519,1
261250,261.25,212.423,0.999,232.544,1
261500,261.5,213.31,1.003,232.526,1
261750,261.75,213.509,1.003,232.519,1
262000,262,213.434,0.999,232.537,1
262250,262.25,213.434,0.999,232.537,1
262500,262.5,212.857,0.998,232.519,2
262750,262.75,211.578,0.995,232.517,2
263000,263,211.953,0.993,232.523,2
263250,263.25,211.856,0.999,232.51,2
263500,263.5,211.55,0.999,232.526,2
263750,263.75,214.459,0.999,232.542,2
264000,264,210.064,0.997,232.53,2
264250,264.25,212.864,0.991,232.517,2
264500,264.5,210.005,0.987,232.522,2
264750,264.75,210.838,0.988,232.548,2
265000,265,209.555,0.986,232.518,2
265250,265.25,209.55,0.992,232.509,2
265500,265.5,211.756,0.985,232.537,2
265750,265.75,208.03,0.978,232.51,2
266000,266,205.776,0.978,232.538,2
266250,266.25,210.836,0.982,232.523,2
266500,266.5,207.69,0.986,232.534,2
266750,266.75,208.398,0.976,232.531,2
267000,267,207.238,0.971,232.518,2
267250,267.25,204.842,0.966,232.537,2
267500,267.5,205.311,0.969,232.543,2
267750,267.75,206.645,0.972,232.537,2
268000,268,205.828,0.964,232.522,2
268250,268.25,203.862,0.962,232.514,2
268500,268.5,204.066,0.962,232.536,2
268750,268.75,204.066,0.962,232.536,2
269000,269,203.84,0.96,232.5,2
269250,269.25,202.216,0.959,232.481,2
269500,269.5,202.594,0.952,232.551,2
269750,269.75,202.928,0.952,232.521,2
270000,270,199.991,0.945,232.554,2
270250,270.25,201.117,0.944,232.523,2
270500,270.5,201.382,0.953,232.532,2
270750,270.75,201.018,0.944,232.526,2
271000,271,200.247,0.937,232.545,2
271250,271.25,198.124,0.939,232.552,2
271500,271.5,201.325,0.944,232.503,2
271750,271.75,197.896,0.936,232.514,2
272000,272,197.483,0.929,232.538,2
272250,272.25,199.262,0.932,232.535,2
272500,272.5,196.166,0.923,232.571,2
272750,272.75,196.616,0.923,232.551,2
273000,273,195.6,0.92,232.519,2
273250,273.25,195.6,0.922,232.549,2
273500,273.5,196.056,0.924,232.531,2
273750,273.75,196.404,0.922,232.533,2
274000,274,196.866,0.929,232.525,2
274250,274.25,197.3,0.93,232.544,2
274500,274.5,196.602,0.922,232.515,2
274750,274.75,196.746,0.927,232.545,2
275000,275,196.2,0.928,232.53,2
275250,275.25,196.2,0.928,232.53,2
275500,275.5,198.449,0.933,232.544,2
275750,275.75,198.338,0.933,232.513,2
276000,276,196.36,0.929,232.541,2
276250,276.25,198.966,0.943,232.55,2
276500,276.5,199.901,0.943,232.533,2
276750,276.75,200.8,0.956,232.529,2
277000,277,203.406,0.954,232.536,2
277250,277.25,202.235,0.959,232.502,2
277500,277.5,203.16,0.955,232.551,2
277750,277.75,202.749,0.958,232.538,2
278000,278,203.697,0.96,232.537,2
278250,278.25,204.519,0.965,232.547,2
278500,278.5,204.96,0.976,232.519,2
278750,278.75,209.557,0.976,232.525,2
279000,279,206.84,0.973,232.526,2
279250,279.25,204.735,0.972,232.522,2
279500,279.5,208.231,0.978,232.551,2
279750,279.75,206.963,0.978,232.562,2
280000,280,207.038,0.979,232.547,2
280250,280.25,211.208,0.98,232.545,2
280500,280.5,207.138,0.981,232.528,2
280750,280.75,209.349,0.986,232.532,2
281000,281,211.096,0.986,232.52,2
281250,281.25,208.382,0.985,232.53,2
281500,281.5,209.517,0.983,232.538,2
281750,281.75,209.517,0.983,232.538,2
282000,282,207.236,0.976,232.545,2
282250,282.25,208.897,0.984,232.537,2
282500,282.5,209.429,0.99,232.543,2
282750,282.75,210.015,0.988,232.513,2
283000,283,211.72,0.991,232.528,2
283250,283.25,209.726,0.991,232.528,2
283500,283.5,211.521,0.999,232.546,2
283750,283.75,214.232,0.992,232.551,2
284000,284,208.047,0.992,232.536,2
284250,284.25,211.945,0.995,232.532,2
284500,284.5,212.213,0.994,232.541,2
284750,284.75,210.402,0.999,232.507,2
285000,285,212.98,1,232.548,2
285250,285.25,213.025,1.002,232.538,2
285500,285.5,214.248,0.991,232.525,2
285750,285.75,208.451,0.996,232.526,2
286000,286,213.148,1.001,232.524,2
286250,286.25,214.987,0.996,232.499,2
286500,286.5,208.261,1.002,232.552,2
286750,286.75,214.88,1.003,232.56,2
287000,287,211.727,0.987,232.559,2
287250,287.25,209.089,0.993,232.528,2
287500,287.5,212.253,0.995,232.517,2
287750,287.75,210.417,0.992,232.511,2
288000,288,210.339,0.987,232.529,2
288250,288.25,210.339,0.987,232.529,2
288500,288.5,209.55,0.985,232.547,2
288750,288.75,209.55,0.988,232.55,2
289000,289,210.679,0.981,232.544,2
289250,289.25,204.837,0.964,232.554,2
289500,289.5,201.824,0.953,232.545,2
289750,289.75,204.398,0.974,232.561,2
290000,290,204.706,0.941,232.563,2
290250,290.25,195.448,0.952,232.56,2
290500,290.5,202.49,0.958,232.549,2
290750,290.75,201.139,0.96,232.553,2
291000,291,204.084,0.93,232.563,2
291250,291.25,185.871,0.89,232.557,2
291500,291.5,190.359,0.895,232.554,2
291750,291.75,174.592,0.886,232.576,2
292000,292,197.3,0.96,232.544,2
292250,292.25,203.495,0.938,232.535,2
292500,292.5,188.864,0.883,232.548,2
292750,292.75,173.711,0.819,232.566,2
293000,293,167.335,0.853,232.557,2
293250,293.25,191.159,0.886,232.566,2
293500,293.5,168.273,0.82,232.58,2
293750,293.75,169.762,0.851,232.567,2
294000,294,178.491,0.845,232.569,2
294250,294.25,162.619,0.793,232.552,2
294500,294.5,168.076,0.834,232.548,2
294750,294.75,168.076,0.834,232.548,2
295000,295,150.028,0.735,232.611,2
295250,295.25,146.087,0.776,232.579,2
295500,295.5,131.143,0.668,232.607,2
295750,295.75,131.859,0.757,232.589,2
296000,296,132.402,0.695,232.593,2
296250,296.25,126.551,0.69,232.578,2
296500,296.5,120.266,0.65,232.61,2
296750,296.75,119.421,0.684,232.586,2
297000,297,115.695,0.645,232.619,2
297250,297.25,122.243,0.722,232.587,2
297500,297.5,120.191,0.621,232.622,2
297750,297.75,110.637,0.67,232.606,2
298000,298,100.216,0.528,232.671,2
298250,298.25,92.266,0.651,232.643,2
298500,298.5,93.59,0.493,232.684,2
298750,298.75,88.996,0.644,232.643,2
299000,299,97.2,0.535,232.645,2
299250,299.25,87.979,0.605,232.617,2
299500,299.5,79.858,0.43,232.679,2
299750,299.75,71.415,0.611,232.596,2
300000,300,78.357,0.393,232.679,2
300250,300.25,62.662,0.595,232.661,2
300500,300.5,92.998,0.486,232.638,2
300750,300.75,63.878,0.469,232.656,2
301000,301,90.915,0.662,232.585,2
301250,301.25,90.915,0.662,232.585,2
301500,301.5,99.735,0.501,232.638,2
301750,301.75,75.341,0.561,232.634,2
302000,302,89.437,0.537,232.627,2
302250,302.25,95.494,0.612,232.626,2
302500,302.5,87.916,0.457,232.649,2
302750,302.75,69.975,0.557,232.654,2
303000,303,80.835,0.466,232.692,2
303250,303.25,69.542,0.554,232.637,2
303500,303.5,78.575,0.429,232.662,2
303750,303.75,69.887,0.585,232.612,2
304000,304,87.278,0.453,232.636,2
304250,304.25,61.021,0.49,232.656,2
304500,304.5,68.934,0.42,232.688,2
304750,304.75,69.971,0.579,232.645,2
305000,305,87.689,0.412,232.702,2
305250,305.25,42.758,0.483,232.696,2
305500,305.5,59.691,0.353,232.693,2
305750,305.75,47.808,0.56,232.662,2
306000,306,87.744,0.454,232.677,2
306250,306.25,58.244,0.467,232.639,2
306500,306.5,65.955,0.377,232.691,2
306750,306.75,48.383,0.505,232.666,2
307000,307,80.469,0.453,232.661,2
307250,307.25,61.365,0.481,232.661,2
307500,307.5,76.62,0.401,232.664,2
307750,307.75,76.62,0.401,232.664,2
308000,308,46.215,0.411,232.669,2
308250,308.25,58.545,0.36,232.671,2
308500,308.5,36.052,0.426,232.681,2
308750,308.75,72.287,0.421,232.657,2
309000,309,54.479,0.474,232.68,2
309250,309.25,79.233,0.488,232.653,2
309500,309.5,67.503,0.556,232.651,2
309750,309.75,90.485,0.494,232.627,2
310000,310,50.647,0.432,232.664,2
310250,310.25,75.61,0.45,232.68,2
310500,310.5,64.161,0.509,232.674,2
310750,310.75,87.853,0.546,232.675,2
311000,311,73.518,0.462,232.679,2
311250,311.25,70.026,0.526,232.667,2
311500,311.5,91.575,0.526,232.652,2
311750,311.75,74.545,0.549,232.66,2
312000,312,101.241,0.573,232.641,2
312250,312.25,82.943,0.554,232.624,2
312500,312.5,99.2,0.564,232.61,2
312750,312.75,66.177,0.505,232.631,2
313000,313,84.563,0.535,232.639,2
313250,313.25,78.959,0.545,232.646,2
313500,313.5,102.579,0.585,232.63,2
313750,313.75,83.787,0.582,232.615,2
314000,314,111.347,0.641,232.633,2
314250,314.25,111.347,0.641,232.633,2
314500,314.5,85.278,0.502,232.643,2
314750,314.75,81.53,0.585,232.653,2
315000,315,108.325,0.654,232.594,2
315250,315.25,98.351,0.602,232.625,2
315500,315.5,114.316,0.624,232.641,2
315750,315.75,90.962,0.551,232.659,2
316000,316,98.188,0.612,232.633,2
316250,316.25,93.252,0.577,232.659,2
316500,316.5,99.803,0.615,232.621,2
316750,316.75,97.664,0.59,232.626,2
317000,317,109.134,0.647,232.618,2
317250,317.25,101.542,0.616,232.651,2
317500,317.5,107.724,0.659,232.627,2
317750,317.75,105.697,0.641,232.651,2
318000,318,120.064,0.689,232.634,2
318250,318.25,113.768,0.619,232.65,2
318500,318.5,115.334,0.701,232.598,2
318750,318.75,123.647,0.674,232.62,2
319000,319,122.121,0.694,232.602,2
319250,319.25,118.459,0.644,232.615,2
319500,319.5,112.341,0.682,232.627,2
319750,319.75,130.152,0.72,232.602,2
320000,320,134.282,0.688,232.635,2
320250,320.25,108.689,0.613,232.653,2
320500,320.5,112.91,0.701,232.635,2
320750,320.75,112.91,0.701,232.635,2
321000,321,122.335,0.703,232.622,2
321250,321.25,130.3,0.729,232.625,2
321500,321.5,134.315,0.727,232.607,2
321750,321.75,145.415,0.789,232.591,2
322000,322,151.216,0.739,232.609,2
322250,322.25,142.056,0.752,232.592,2
322500,322.5,133.623,0.689,232.618,2
322750,322.75,130.657,0.746,232.622,2
323000,323,137.897,0.724,232.6,2
323250,323.25,144.808,0.805,232.587,2
323500,323.5,153.51,0.732,232.609,2
323750,323.75,135.754,0.777,232.586,2
324000,324,137.79,0.674,232.594,2
324250,324.25,122.03,0.734,232.608,2
324500,324.5,138.161,0.724,232.616,2
324750,324.75,141.454,0.766,232.599,2
325000,325,135.144,0.677,232.589,2
325250,325.25,125.427,0.754,232.621,2
325500,325.5,137.351,0.693,232.634,2
325750,325.75,126.885,0.748,232.578,2
326000,326,140.685,0.711,232.612,2
326250,326.25,139.777,0.798,232.583,2
326500,326.5,150.57,0.73,232.613,2
326750,326.75,132.033,0.722,232.583,2
327000,327,121.053,0.614,232.639,2
327250,327.25,121.053,0.614,232.639,2
327500,327.5,97.92,0.614,232.619,2
327750,327.75,100.571,0.587,232.607,2
328000,328,97.74,0.625,232.619,2
328250,328.25,108.813,0.641,232.603,2
328500,328.5,103.051,0.607,232.649,2
328750,328.75,97.143,0.593,232.646,2
329000,329,100.258,0.639,232.587,2
329250,329.25,107.11,0.576,232.656,2
329500,329.5,89.246,0.578,232.625,2
329750,329.75,95.152,0.566,232.635,2
330000,330,91.557,0.578,232.626,2
330250,330.25,92.495,0.544,232.644,2
330500,330.5,78.425,0.578,232.634,2
330750,330.75,90.199,0.487,232.669,2
331000,331,68.743,0.529,232.642,2
331250,331.25,87.836,0.511,232.639,2
331500,331.5,70.666,0.492,232.628,2
331750,331.75,73.613,0.447,232.643,2
332000,332,53.696,0.455,232.667,2
332250,332.25,74.179,0.458,232.693,2
332500,332.5,60.62,0.42,232.666,2
332750,332.75,62.088,0.364,232.657,2
333000,333,25.964,0.342,232.687,2
333250,333.25,51.453,0.377,232.674,2
333500,333.5,40.818,0.351,232.662,2
333750,333.75,40.818,0.351,232.662,2
334000,334,52.95,0.412,232.686,2
334250,334.25,38.083,0.277,232.686,2
334500,334.5,36.816,0.317,232.715,2
334750,334.75,27.925,0.273,232.696,2
335000,335,37.665,0.339,232.648,2
335250,335.25,32.696,0.314,232.665,2
335500,335.5,56.604,0.421,232.685,2
335750,335.75,39.493,0.324,232.695,2
336000,336,51.078,0.426,232.683,2
336250,336.25,37.723,0.298,232.698,2
336500,336.5,43.738,0.389,232.663,2
336750,336.75,38.406,0.3,232.706,2
337000,337,44.533,0.4,232.676,2
337250,337.25,35.507,0.319,232.706,2
337500,337.5,54.231,0.442,232.693,2
337750,337.75,45.056,0.329,232.694,2
338000,338,54.156,0.45,232.658,2
338250,338.25,57.764,0.43,232.661,2
338500,338.5,78.936,0.555,232.657,2
338750,338.75,60.823,0.412,232.707,2
339000,339,77.374,0.589,232.634,2
339250,339.25,68.917,0.397,232.67,2
339500,339.5,76.406,0.618,232.629,2
339750,339.75,78.774,0.454,232.675,2
340000,340,77.41,0.553,232.666,2
340250,340.25,77.41,0.553,232.666,2
340500,340.5,70.242,0.428,232.678,2
340750,340.75,81.341,0.606,232.652,2
341000,341,79.348,0.44,232.673,2
341250,341.25,71.349,0.552,232.653,2
341500,341.5,81.785,0.489,232.657,2
341750,341.75,80.5,0.548,232.657,2
342000,342,75.928,0.413,232.706,2
342250,342.25,66.882,0.521,232.636,2
342500,342.5,69.792,0.465,232.678,2
342750,342.75,89.862,0.636,232.638,2
343000,343,97.097,0.502,232.639,2
343250,343.25,84.642,0.594,232.632,2
343500,343.5,82.167,0.399,232.675,2
343750,343.75,56.56,0.521,232.626,2
344000,344,72.99,0.419,232.697,2
344250,344.25,66.677,0.519,232.7,2
344500,344.5,73.139,0.435,232.703,2
344750,344.75,75.485,0.609,232.652,2
345000,345,87.822,0.481,232.68,2
345250,345.25,75.12,0.54,232.685,2
345500,345.5,78.077,0.432,232.703,2
345750,345.75,72.317,0.581,232.649,2
346000,346,111.107,0.821,232.59,2
346250,346.25,201.42,0.97,232.561,2
346500,346.5,207.92,0.975,232.538,2
346750,346.75,207.92,0.975,232.538,2
347000,347,208.58,0.977,232.573,2
347250,347.25,206.29,0.972,232.549,2
347500,347.5,206.075,0.948,232.543,2
347750,347.75,139.621,0.534,232.633,2
348000,348,75.011,0.578,232.642,2
348250,348.25,102.779,0.631,232.616,2
348500,348.5,113.931,0.783,232.582,2
348750,348.75,186.082,0.956,232.547,2
349000,349,203.518,0.959,232.554,2
349250,349.25,203.519,0.959,232.545,2
349500,349.5,204.075,0.913,232.576,2
349750,349.75,141.044,0.635,232.661,2
350000,350,106.188,0.693,232.625,2
350250,350.25,112.122,0.581,232.657,2
350500,350.5,101.371,0.828,232.593,2
350750,350.75,196.947,0.942,232.545,2
351000,351,200.796,0.951,232.538,2
351250,351.25,203.336,0.948,232.518,2
351500,351.5,195.986,0.903,232.546,2
351750,351.75,146.912,0.622,232.637,2
352000,352,91.726,0.566,232.665,2
352250,352.25,91.858,0.581,232.622,2
352500,352.5,74.591,0.393,232.682,2
352750,352.75,27.884,0.207,232.705,2
353000,353,15.287,0.19,232.714,2
353250,353.25,15.287,0.19,232.714,2
353500,353.5,16.922,0.19,232.702,2
353750,353.75,23.005,0.361,232.67,2
354000,354,83.683,0.556,232.637,2
354250,354.25,84.834,0.617,232.618,2
354500,354.5,121.363,0.74,232.601,2
354750,354.75,165.804,0.922,232.573,2
355000,355,200.034,0.957,232.538,2
355250,355.25,203.254,0.955,232.571,2
355500,355.5,203.456,0.961,232.548,2
355750,355.75,200.706,0.776,232.597,2
356000,356,92.398,0.518,232.627,2
356250,356.25,62.772,0.416,232.716,2
356500,356.5,58.679,0.44,232.67,2
356750,356.75,101.34,0.861,232.583,2
357000,357,201.877,0.957,232.565,2
357250,357.25,204.3,0.966,232.546,2
357500,357.5,207.095,0.964,232.55,2
357750,357.75,183.694,0.768,232.609,2
358000,358,92.923,0.491,232.662,2
358250,358.25,80.353,0.549,232.653,2
358500,358.5,81.891,0.536,232.663,2
358750,358.75,125.782,0.906,232.556,2
359000,359,202.45,0.972,232.543,2
359250,359.25,210.581,0.983,232.533,2
359500,359.5,206.542,0.977,232.525,2
359750,359.75,206.542,0.977,232.525,2
360000,360,194.803,0.773,232.627,2
360250,360.25,71.037,0.354,232.695,2
360500,360.5,29.253,0.244,232.712,2
360750,360.75,24.527,0.237,232.712,2
361000,361,25.089,0.23,232.688,2
361250,361.25,22.933,0.227,232.693,2
361500,361.5,24.034,0.241,232.696,2
361750,361.75,25.097,0.245,232.697,2
362000,362,28.392,0.249,232.703,2
362250,362.25,25.002,0.248,232.731,2
362500,362.5,26.899,0.25,232.69,2
362750,362.75,28.171,0.246,232.707,2
363000,363,24.107,0.235,232.649,2
363250,363.25,25.542,0.238,232.681,2
363500,363.5,26.2,0.242,232.699,2
363750,363.75,25.211,0.249,232.697,2
364000,364,26.717,0.251,232.683,2
364250,364.25,26.5,0.246,232.703,2
364500,364.5,25.218,0.238,232.69,2
364750,364.75,26.568,0.251,232.702,2
365000,365,27.059,0.254,232.695,2
365250,365.25,30.007,0.246,232.681,2
365500,365.5,22.935,0.238,232.703,2
365750,365.75,25.745,0.248,232.694,2
366000,366,27.202,0.241,232.704,2
366250,366.25,27.202,0.241,232.704,2
366500,366.5,22.813,0.238,232.694,2
366750,366.75,25.594,0.232,232.702,2
367000,367,25.52,0.241,232.674,2
367250,367.25,23.17,0.235,232.704,2
367500,367.5,28.086,0.258,232.68,2
367750,367.75,28.851,0.254,232.693,2
368000,368,27.925,0.254,232.69,2
368250,368.25,26.29,0.24,232.66,2
368500,368.5,26.175,0.249,232.699,2
368750,368.75,28.278,0.245,232.681,2
369000,369,24.046,0.24,232.692,2
369250,369.25,26.358,0.237,232.702,2
369500,369.5,25.363,0.243,232.67,2
369750,369.75,25.413,0.248,232.707,2
370000,370,28.059,0.239,232.681,2
370250,370.25,23.496,0.229,232.661,2
370500,370.5,23.264,0.228,232.67,2
370750,370.75,22.883,0.229,232.689,2
371000,371,26.26,0.256,232.68,2
371250,371.25,28.659,0.245,232.708,2
371500,371.5,25.129,0.237,232.677,2
371750,371.75,24.93,0.233,232.672,2
372000,372,27.894,0.278,232.695,2
372250,372.25,29.847,0.249,232.688,2
372500,372.5,28.815,0.278,232.682,2
372750,372.75,28.815,0.278,232.682,2
373000,373,31.749,0.256,232.663,2
373250,373.25,25.183,0.239,232.7,2
373500,373.5,25.363,0.235,232.672,2
373750,373.75,23.264,0.231,232.702,2
374000,374,23.466,0.232,232.705,2
374250,374.25,25.288,0.239,232.702,2
374500,374.5,24.512,0.236,232.709,2
374750,374.75,25.242,0.23,232.709,2
375000,375,21.305,0.228,232.677,2
375250,375.25,26.608,0.27,232.692,2
375500,375.5,31.293,0.253,232.68,2
375750,375.75,27.926,0.271,232.692,2
376000,376,35.147,0.26,232.685,2
376250,376.25,29.301,0.333,232.683,2
376500,376.5,44.995,0.304,232.688,2
376750,376.75,33.96,0.335,232.67,2
377000,377,46.904,0.313,232.699,2
377250,377.25,33.027,0.296,232.676,2
377500,377.5,37.261,0.286,232.688,2
377750,377.75,32.953,0.362,232.683,2
378000,378,53.705,0.339,232.68,2
378250,378.25,36.421,0.36,232.652,2
378500,378.5,57.752,0.367,232.658,2
378750,378.75,32.398,0.385,232.649,2
379000,379,55.811,0.364,232.666,2
379250,379.25,55.811,0.364,232.666,2
379500,379.5,40.137,0.396,232.679,2
379750,379.75,70.657,0.428,232.685,2
380000,380,48.648,0.457,232.659,2
380250,380.25,74.53,0.462,232.661,2
380500,380.5,29.328,0.278,232.731,2
380750,380.75,34.561,0.375,232.698,2
381000,381,61.026,0.415,232.669,2
381250,381.25,33.145,0.401,232.646,2
381500,381.5,71.645,0.45,232.658,2
381750,381.75,56.121,0.446,232.676,2
382000,382,79.162,0.452,232.655,2
382250,382.25,39.62,0.409,232.654,2
382500,382.5,81.787,0.587,232.633,2
382750,382.75,101.866,0.564,232.633,2
383000,383,70.197,0.548,232.628,2
383250,383.25,114.607,0.694,232.618,2
383500,383.5,123.086,0.674,232.585,2
383750,383.75,106.531,0.653,232.623,2
384000,384,122.205,0.693,232.591,2
384250,384.25,123.569,0.744,232.597,2
384500,384.5,160.187,0.818,232.565,2
384750,384.75,137.963,0.707,232.603,2
385000,385,136.448,0.753,232.593,2
385250,385.25,136.222,0.749,232.599,2
385500,385.5,149.095,0.809,232.581,2
385750,385.75,149.095,0.809,232.581,2
386000,386,167.136,0.825,232.569,2
386250,386.25,154.74,0.802,232.59,2
386500,386.5,174.255,0.848,232.566,2
386750,386.75,144.339,0.733,232.603,2
387000,387,149.256,0.814,232.57,2
387250,387.25,145.647,0.794,232.614,2
387500,387.5,171.802,0.862,232.556,2
387750,387.75,161.249,0.799,232.601,2
388000,388,171.296,0.869,232.545,2
388250,388.25,160.914,0.821,232.6,2
388500,388.5,180.205,0.929,232.551,2
388750,388.75,189.659,0.902,232.562,2
389000,389,197.356,0.959,232.529,2
389250,389.25,196.095,0.913,232.552,2
389500,389.5,197.053,0.953,232.525,2
389750,389.75,181.79,0.867,232.561,2
390000,390,193.985,0.959,232.521,2
390250,390.25,190.727,0.901,232.57,2
390500,390.5,198.252,0.953,232.535,2
390750,390.75,174.733,0.837,232.591,2
391000,391,183.163,0.934,232.553,2
391250,391.25,161.19,0.769,232.591,2
391500,391.5,169.398,0.915,232.548,2
391750,391.75,188.384,0.877,232.565,2
392000,392,183.03,0.901,232.573,2
392250,392.25,183.03,0.901,232.573,2
392500,392.5,163.995,0.787,232.594,2
392750,392.75,162.272,0.863,232.539,2
393000,393,154.638,0.698,232.597,2
393250,393.25,139.901,0.841,232.568,2
393500,393.5,168.19,0.798,232.552,2
393750,393.75,156.883,0.847,232.568,2
394000,394,163.42,0.785,232.594,2
394250,394.25,159.203,0.851,232.563,2
394500,394.5,165.838,0.783,232.598,2
394750,394.75,160.563,0.896,232.547,2
395000,395,164.483,0.769,232.578,2
395250,395.25,153.38,0.873,232.566,2
395500,395.5,168.588,0.784,232.591,2
395750,395.75,160.891,0.905,232.584,2
396000,396,184.231,0.84,232.556,2
396250,396.25,153.153,0.766,232.57,2
396500,396.5,152.489,0.856,232.587,2
396750,396.75,175.05,0.834,232.565,2
397000,397,167.001,0.881,232.555,2
397250,397.25,175.731,0.797,232.614,2
397500,397.5,156.587,0.845,232.557,2
397750,397.75,166.043,0.777,232.584,2
398000,398,141.546,0.787,232.562,2
398250,398.25,148.996,0.754,232.57,2
398500,398.5,142.687,0.777,232.609,2
398750,398.75,142.687,0.777,232.609,2
399000,399,147.099,0.71,232.622,2
399250,399.25,124.852,0.748,232.591,2
399500,399.5,140.757,0.716,232.616,2
399750,399.75,127.928,0.745,232.586,2
400000,400,132.469,0.679,232.631,2
400250,400.25,108.352,0.624,232.616,2
400500,400.5,98.551,0.569,232.608,2
400750,400.75,85.645,0.576,232.584,2
401000,401,90.625,0.515,232.615,2
401250,401.25,71.725,0.486,232.658,2
401500,401.5,73.968,0.404,232.637,2
401750,401.75,48.421,0.384,232.63,2
402000,402,52.654,0.339,232.65,2
402250,402.25,38.779,0.373,232.672,2
402500,402.5,54.521,0.357,232.656,2
402750,402.75,40.244,0.284,232.697,2
403000,403,26.281,0.239,232.673,2
403250,403.25,25.36,0.235,232.641,2
403500,403.5,24.888,0.239,232.681,2
403750,403.75,24.403,0.238,232.666,2
404000,404,26.242,0.256,232.636,2
404250,404.25,29.609,0.251,232.678,2
404500,404.5,24.764,0.227,232.686,2
404750,404.75,23.775,0.232,232.67,2
405000,405,23.98,0.234,232.67,2
405250,405.25,23.98,0.234,232.67,2
405500,405.5,22.71,0.225,232.71,2
405750,405.75,20.137,0.225,232.685,2
406000,406,24.952,0.228,232.678,2
406250,406.25,21.701,0.22,232.699,2
406500,406.5,21.586,0.214,232.643,2
406750,406.75,20.809,0.213,232.673,2
407000,407,19.81,0.217,232.683,2
407250,407.25,19.992,0.216,232.677,2
407500,407.5,21.95,0.221,232.684,2
407750,407.75,22.703,0.226,232.699,2
408000,408,22.706,0.218,232.694,2
408250,408.25,21.486,0.222,232.702,2
408500,408.5,22.59,0.229,232.721,2
408750,408.75,22.7,0.226,232.698,2
409000,409,20.544,0.214,232.683,2
409250,409.25,20.432,0.203,232.673,2
409500,409.5,18.446,0.203,232.683,2
409750,409.75,19.999,0.223,232.677,2
410000,410,23.021,0.218,232.723,2
410250,410.25,18.858,0.217,232.712,2
410500,410.5,21.873,0.219,232.681,2
410750,410.75,22.14,0.214,232.692,2
411000,411,18.345,0.205,232.669,2
411250,411.25,20.922,0.223,232.67,2
411500,411.5,23.058,0.233,232.659,2
411750,411.75,23.058,0.233,232.659,2
412000,412,22.803,0.222,232.673,2
412250,412.25,19.755,0.213,232.676,2
412500,412.5,20.069,0.218,232.687,2
412750,412.75,23.141,0.219,232.662,2
413000,413,20.179,0.219,232.674,2
413250,413.25,21.951,0.225,232.678,2
413500,413.5,22.115,0.221,232.663,2
413750,413.75,20.265,0.224,232.662,2
414000,414,23.214,0.225,232.667,2
414250,414.25,23.981,0.232,232.708,2
414500,414.5,22.174,0.232,232.665,2
414750,414.75,23.901,0.232,232.67,2
415000,415,24.441,0.241,232.654,2
415250,415.25,23.606,0.23,232.676,2
415500,415.5,24.644,0.241,232.694,2
415750,415.75,25.457,0.238,232.691,2
416000,416,24.458,0.232,232.695,2
416250,416.25,23.385,0.239,232.698,2
416500,416.5,26.706,0.248,232.698,2
416750,416.75,26.429,0.243,232.687,2
417000,417,23.88,0.243,232.665,2
417250,417.25,26.545,0.241,232.684,2
417500,417.5,25.916,0.287,232.689,2
417750,417.75,52.207,0.426,232.679,2
418000,418,51.328,0.285,232.695,2
418250,418.25,51.328,0.285,232.695,2
418500,418.5,25.371,0.249,232.686,2
418750,418.75,31.611,0.311,232.681,2
419000,419,55.931,0.467,232.661,2
419250,419.25,66.306,0.407,232.667,2
419500,419.5,68.061,0.493,232.638,2
419750,419.75,63.128,0.375,232.677,2
420000,420,67.294,0.562,232.632,2
420250,420.25,70.696,0.406,232.655,2
420500,420.5,70.096,0.595,232.62,2
420750,420.75,95.601,0.519,232.643,2
421000,421,89.298,0.605,232.634,2
421250,421.25,87.714,0.482,232.656,2
421500,421.5,89.017,0.659,232.615,2
421750,421.75,106.895,0.586,232.654,2
422000,422,98.695,0.616,232.648,2
422250,422.25,109.987,0.643,232.628,2
422500,422.5,108.851,0.62,232.636,2
422750,422.75,100.802,0.605,232.624,2
423000,423,115.931,0.736,232.597,2
423250,423.25,121.781,0.575,232.625,2
423500,423.5,106.56,0.782,232.576,2
423750,423.75,140.273,0.663,232.607,2
424000,424,132.867,0.838,232.537,2
424250,424.25,158.855,0.718,232.608,2
424500,424.5,131.907,0.779,232.566,2
424750,424.75,131.907,0.779,232.566,2
425000,425,144.441,0.714,232.595,2
425250,425.25,136.762,0.85,232.529,2
425500,425.5,173.683,0.816,232.54,2
425750,425.75,166.105,0.871,232.527,2
426000,426,172.677,0.767,232.595,2
426250,426.25,142.231,0.878,232.544,2
426500,426.5,175.915,0.816,232.605,2
426750,426.75,146.782,0.757,232.569,2
427000,427,149.147,0.853,232.553,2
427250,427.25,162.593,0.749,232.591,2
427500,427.5,144.524,0.852,232.562,2
427750,427.75,172.146,0.786,232.595,2
428000,428,146.251,0.847,232.557,2
428250,428.25,156.883,0.724,232.612,2
428500,428.5,123.291,0.79,232.546,2
428750,428.75,159.893,0.766,232.59,2
429000,429,152.74,0.86,232.562,2
429250,429.25,176.12,0.78,232.595,2
429500,429.5,133.228,0.846,232.572,2
429750,429.75,171.675,0.806,232.565,2
430000,430,158.947,0.923,232.519,2
430250,430.25,194.051,0.851,232.594,2
430500,430.5,163.86,0.933,232.536,2
430750,430.75,193.071,0.889,232.563,2
431000,431,175.172,0.931,232.539,2
431250,431.25,175.172,0.931,232.539,2
431500,431.5,198.947,0.878,232.566,2
431750,431.75,175.42,0.917,232.511,2
432000,432,199.624,0.928,232.533,2
432250,432.25,189.1,0.956,232.521,2
432500,432.5,201.973,0.923,232.544,2
432750,432.75,192.674,0.956,232.507,2
433000,433,207.011,0.929,232.511,2
433250,433.25,190.611,0.95,232.516,2
433500,433.5,202.675,0.94,232.553,2
433750,433.75,191.119,0.95,232.564,2
434000,434,203.604,0.916,232.524,2
434250,434.25,185.189,0.93,232.493,2
434500,434.5,201.366,0.909,232.536,2
434750,434.75,174.966,0.913,232.526,2
435000,435,195.326,0.907,232.538,2
435250,435.25,174.075,0.896,232.537,2
435500,435.5,203.179,0.894,232.548,2
435750,435.75,166.206,0.857,232.52,2
436000,436,181.946,0.861,232.553,2
436250,436.25,147.675,0.781,232.534,2
436500,436.5,152.839,0.721,232.586,2
436750,436.75,120.955,0.694,232.596,2
437000,437,140.141,0.749,232.595,2
437250,437.25,130.026,0.656,232.596,2
437500,437.5,103.956,0.623,232.596,2
437750,437.75,103.956,0.623,232.596,2
438000,438,112.134,0.603,232.619,2
438250,438.25,69.877,0.494,232.639,2
438500,438.5,83.018,0.525,232.663,2
438750,438.75,74.611,0.477,232.635,2
439000,439,81.428,0.452,232.673,2
439250,439.25,38.277,0.29,232.682,2
439500,439.5,36.968,0.304,232.663,2
439750,439.75,29.021,0.277,232.672,2
440000,440,43.033,0.309,232.698,2
440250,440.25,29.126,0.234,232.673,2
440500,440.5,23.459,0.229,232.688,2
440750,440.75,24.053,0.231,232.698,2
441000,441,23.221,0.233,232.687,2
441250,441.25,21.822,0.224,232.699,2
441500,441.5,22.984,0.226,232.677,2
441750,441.75,22.037,0.227,232.698,2
442000,442,23.976,0.226,232.664,2
442250,442.25,23.193,0.23,232.678,2
442500,442.5,24.425,0.237,232.685,2
442750,442.75,24.425,0.23,232.704,2
443000,443,23.463,0.236,232.687,2
443250,443.25,25.245,0.239,232.674,2
443500,443.5,23.588,0.239,232.659,2
443750,443.75,24.532,0.238,232.68,2
444000,444,25.106,0.235,232.689,2
444250,444.25,25.106,0.235,232.689,2
444500,444.5,22.384,0.239,232.682,2
444750,444.75,26.512,0.249,232.685,2
445000,445,27.743,0.247,232.684,2
445250,445.25,22.862,0.238,232.688,2
445500,445.5,26.774,0.242,232.715,2
445750,445.75,26.292,0.24,232.675,2
446000,446,25.332,0.238,232.68,2
446250,446.25,25.707,0.239,232.689,2
446500,446.5,24.457,0.237,232.686,2
446750,446.75,25.602,0.239,232.711,2
447000,447,23.485,0.238,232.706,2
447250,447.25,25.555,0.241,232.704,2
447500,447.5,26.471,0.239,232.682,2
447750,447.75,25.286,0.242,232.682,2
448000,448,26.916,0.247,232.661,2
448250,448.25,26.974,0.248,232.673,2
448500,448.5,24.564,0.244,232.675,2
448750,448.75,26.672,0.241,232.668,2
449000,449,25.541,0.241,232.697,2
449250,449.25,26.368,0.239,232.707,2
449500,449.5,24.671,0.24,232.732,2
449750,449.75,26.129,0.245,232.707,2
450000,450,27.15,0.249,232.701,2
450250,450.25,25.219,0.246,232.712,2
450500,450.5,26.967,0.244,232.709,2
450750,450.75,26.967,0.244,232.709,2
451000,451,25.241,0.238,232.697,2
451250,451.25,23.711,0.238,232.71,2
451500,451.5,26.767,0.237,232.687,2
451750,451.75,23.435,0.233,232.698,2
452000,452,22.304,0.232,232.686,2
452250,452.25,25.181,0.23,232.703,2
452500,452.5,23.266,0.228,232.699,2
452750,452.75,24.423,0.243,232.675,2
453000,453,27.185,0.247,232.686,2
453250,453.25,32.781,0.319,232.686,2
453500,453.5,38.122,0.263,232.69,2
453750,453.75,26.806,0.255,232.712,2
454000,454,28.813,0.261,232.696,2
454250,454.25,43.042,0.434,232.68,2
454500,454.5,63.145,0.393,232.682,2
454750,454.75,54.409,0.395,232.67,2
455000,455,60.224,0.458,232.652,2
455250,455.25,81.097,0.555,232.641,2
455500,455.5,84.26,0.444,232.655,2
455750,455.75,64.03,0.513,232.625,2
456000,456,79.789,0.476,232.649,2
456250,456.25,68.695,0.454,232.667,2
456500,456.5,68.796,0.473,232.66,2
456750,456.75,79.046,0.526,232.653,2
457000,457,77.441,0.455,232.648,2
457250,457.25,77.441,0.455,232.648,2
457500,457.5,73.3,0.543,232.607,2
457750,457.75,88.523,0.549,232.628,2
458000,458,84.859,0.529,232.632,2
458250,458.25,79.112,0.462,232.678,2
458500,458.5,66.337,0.54,232.623,2
458750,458.75,93.301,0.531,232.667,2
459000,459,82.089,0.509,232.652,2
459250,459.25,75.728,0.438,232.656,2
459500,459.5,64.449,0.529,232.636,2
459750,459.75,84.556,0.506,232.651,2
460000,460,79.221,0.614,232.601,2
460250,460.25,107.728,0.531,232.639,2
460500,460.5,72.595,0.506,232.647,2
460750,460.75,81.391,0.493,232.638,2
461000,461,67.821,0.59,232.643,2
461250,461.25,103.276,0.579,232.639,2
461500,461.5,85.189,0.521,232.663,2
461750,461.75,82.603,0.503,232.664,2
462000,462,76.63,0.514,232.661,2
462250,462.25,87.461,0.586,232.633,2
462500,462.5,99.465,0.63,232.64,2
462750,462.75,105.951,0.627,232.62,2
463000,463,109.202,0.672,232.629,2
463250,463.25,123.252,0.709,232.594,2
463500,463.5,129.387,0.724,232.595,2
463750,463.75,129.387,0.724,232.595,2
464000,464,131.447,0.731,232.636,2
464250,464.25,132.217,0.733,232.611,2
464500,464.5,132.648,0.712,232.624,2
464750,464.75,123.85,0.706,232.606,2
465000,465,130.86,0.721,232.61,2
465250,465.25,130.72,0.72,232.596,2
465500,465.5,128.916,0.718,232.636,2
465750,465.75,131.346,0.744,232.587,2
466000,466,141.245,0.757,232.583,2
466250,466.25,147.293,0.764,232.575,2
466500,466.5,145.009,0.756,232.577,2
466750,466.75,143.993,0.752,232.589,2
467000,467,138.422,0.729,232.596,2
467250,467.25,119.558,0.678,232.641,2
467500,467.5,119.44,0.686,232.629,2
467750,467.75,111.083,0.659,232.598,2
468000,468,119.961,0.66,232.585,2
468250,468.25,110.33,0.652,232.601,2
468500,468.5,120.934,0.691,232.61,2
468750,468.75,113.881,0.648,232.607,2
469000,469,116.551,0.697,232.611,2
469250,469.25,131.015,0.692,232.597,2
469500,469.5,108.004,0.631,232.59,2
469750,469.75,110.742,0.644,232.608,2
470000,470,109.22,0.636,232.603,2
470250,470.25,109.22,0.636,232.603,2
470500,470.5,115.194,0.659,232.586,2
470750,470.75,99.63,0.575,232.607,2
471000,471,95.473,0.603,232.622,2
471250,471.25,95.263,0.558,232.616,2
471500,471.5,78.994,0.515,232.623,2
471750,471.75,87.623,0.585,232.607,2
472000,472,83.654,0.485,232.646,2
472250,472.25,80.593,0.511,232.651,2
472500,472.5,69.844,0.464,232.616,2
472750,472.75,80.602,0.558,232.594,2
473000,473,75.134,0.48,232.633,2
473250,473.25,84.043,0.565,232.627,2
473500,473.5,76.247,0.44,232.659,2
473750,473.75,70.632,0.514,232.649,2
474000,474,66.401,0.455,232.637,2
474250,474.25,85.113,0.62,232.62,2
474500,474.5,83.369,0.494,232.639,2
474750,474.75,85.139,0.587,232.611,2
475000,475,81.399,0.482,232.627,2
475250,475.25,85.028,0.606,232.619,2
475500,475.5,93.809,0.561,232.643,2
475750,475.75,99.351,0.65,232.62,2
476000,476,97.403,0.542,232.614,2
476250,476.25,97.913,0.681,232.625,2
476500,476.5,114.623,0.622,232.609,2
476750,476.75,114.623,0.622,232.609,2
477000,477,112.858,0.679,232.604,2
477250,477.25,106.315,0.595,232.636,2
477500,477.5,115.873,0.737,232.617,2
477750,477.75,119.926,0.635,232.619,2
478000,478,111.559,0.73,232.588,2
478250,478.25,146.371,0.784,232.554,2
478500,478.5,133.005,0.658,232.594,2
478750,478.75,120.228,0.726,232.57,2
479000,479,116.733,0.614,232.63,2
479250,479.25,117.093,0.754,232.575,2
479500,479.5,131.947,0.629,232.619,2
479750,479.75,102.708,0.684,232.589,2
480000,480,107.681,0.56,232.609,2
480250,480.25,100.887,0.699,232.602,2
480500,480.5,122.389,0.6,232.637,2
480750,480.75,104.946,0.714,232.583,2
481000,481,109.207,0.537,232.691,2
481250,481.25,79.31,0.594,232.61,2
481500,481.5,88.183,0.495,232.673,2
481750,481.75,73.744,0.537,232.624,2
482000,482,75.442,0.395,232.661,2
482250,482.25,60.002,0.56,232.592,2
482500,482.5,71.428,0.408,232.654,2
482750,482.75,51.65,0.561,232.619,2
483000,483,78.416,0.402,232.636,2
483250,483.25,78.416,0.402,232.636,2
483500,483.5,58.275,0.498,232.637,2
483750,483.75,70.803,0.405,232.67,2
484000,484,54.887,0.512,232.664,2
484250,484.25,67.544,0.365,232.648,2
484500,484.5,40.73,0.393,232.642,2
484750,484.75,53.237,0.307,232.648,2
485000,485,42.799,0.484,232.607,2
485250,485.25,70.282,0.416,232.648,2
485500,485.5,51.6,0.474,232.611,2
485750,485.75,65.536,0.362,232.657,2
486000,486,44.422,0.47,232.609,2
486250,486.25,64.527,0.367,232.66,2
486500,486.5,38.11,0.47,232.635,2
486750,486.75,72.154,0.393,232.668,2
487000,487,50.931,0.452,232.651,2
487250,487.25,67.438,0.374,232.686,2
487500,487.5,28.044,0.387,232.654,2
487750,487.75,49.237,0.324,232.674,2
488000,488,36.894,0.331,232.638,2
488250,488.25,41.553,0.293,232.679,2
488500,488.5,42.866,0.449,232.681,2
488750,488.75,70.711,0.411,232.657,2
489000,489,41.833,0.461,232.625,2
489250,489.25,68.097,0.424,232.645,2
489500,489.5,45.345,0.466,232.623,2
489750,489.75,45.345,0.466,232.623,2
490000,490,69.612,0.389,232.638,2
490250,490.25,44.207,0.476,232.634,2
490500,490.5,74.625,0.447,232.659,2
490750,490.75,51.265,0.429,232.617,2
491000,491,61.35,0.4,232.645,2
491250,491.25,39.242,0.367,232.653,2
491500,491.5,50.703,0.336,232.686,2
491750,491.75,30.146,0.364,232.624,2
492000,492,60.594,0.393,232.645,2
492250,492.25,59.817,0.518,232.647,2
492500,492.5,95.474,0.532,232.638,2
492750,492.75,60.145,0.525,232.625,2
493000,493,89.474,0.539,232.612,2
493250,493.25,72.364,0.54,232.625,2
493500,493.5,98.083,0.57,232.597,2
493750,493.75,92.14,0.612,232.622,2
494000,494,111.769,0.642,232.605,2
494250,494.25,90.973,0.648,232.611,2
494500,494.5,125.035,0.695,232.568,2
494750,494.75,122.232,0.74,232.577,2
495000,495,162.464,0.843,232.59,2
495250,495.25,157.085,0.808,232.576,2
495500,495.5,162.954,0.826,232.544,2
495750,495.75,155.653,0.863,232.513,2
496000,496,198.917,0.921,232.533,2
496250,496.25,198.917,0.921,232.533,2
496500,496.5,175.093,0.874,232.528,2
496750,496.75,195.019,0.945,232.522,2
497000,497,184.014,0.934,232.529,2
497250,497.25,206.127,0.951,232.524,2
497500,497.5,187.408,0.897,232.54,2
497750,497.75,194.152,0.935,232.536,2
498000,498,184.063,0.899,232.554,2
498250,498.25,195.898,0.939,232.564,2
498500,498.5,167.97,0.863,232.568,2
498750,498.75,199.084,0.962,232.517,2
499000,499,196.311,0.932,232.553,2
499250,499.25,201.907,0.942,232.545,2
499500,499.5,171.423,0.88,232.531,2
499750,499.75,195.036,0.945,232.514,2
500000,500,186.667,0.87,232.536,2
500250,500.25,177.972,0.862,232.569,2
500500,500.5,159.374,0.811,232.561,2
500750,500.75,174.999,0.923,232.55,2
501000,501,186.457,0.86,232.538,2
501250,501.25,157.349,0.77,232.585,2
501500,501.5,145.642,0.771,232.591,2
501750,501.75,139.548,0.76,232.6,2
502000,502,156.66,0.807,232.555,2
502250,502.25,139.434,0.694,232.622,2
502500,502.5,123.938,0.71,232.613,2
502750,502.75,123.938,0.71,232.613,2
503000,503,120.333,0.656,232.642,2
503250,503.25,117.803,0.683,232.6,2
503500,503.5,107.162,0.614,232.599,2
503750,503.75,109.809,0.681,232.588,2
504000,504,98.31,0.56,232.632,2
504250,504.25,95.823,0.617,232.613,2
504500,504.5,86.923,0.49,232.615,2
504750,504.75,88.325,0.583,232.613,2
505000,505,73.148,0.421,232.672,2
505250,505.25,68.103,0.531,232.62,2
505500,505.5,73.852,0.442,232.643,2
505750,505.75,68.155,0.493,232.619,2
506000,506,65.005,0.382,232.668,2
506250,506.25,53.686,0.406,232.694,2
506500,506.5,46.672,0.304,232.681,2
506750,506.75,46.111,0.449,232.617,2
507000,507,53.474,0.305,232.684,2
507250,507.25,35.876,0.338,232.655,2
507500,507.5,39.313,0.295,232.675,2
507750,507.75,38.63,0.349,232.639,2
508000,508,37.738,0.256,232.686,2
508250,508.25,28.755,0.287,232.672,2
508500,508.5,32.965,0.235,232.688,2
508750,508.75,24.45,0.268,232.697,2
509000,509,28.36,0.231,232.702,2
509250,509.25,28.36,0.231,232.702,2
509500,509.5,21.583,0.219,232.689,2
509750,509.75,21.96,0.228,232.675,2
510000,510,31.655,0.318,232.662,2
510250,510.25,35.487,0.257,232.679,2
510500,510.5,23.401,0.247,232.677,2
510750,510.75,25.382,0.233,232.713,2
511000,511,25.218,0.266,232.678,2
511250,511.25,31.126,0.245,232.721,2
511500,511.5,31.306,0.32,232.666,2
511750,511.75,38.183,0.262,232.677,2
512000,512,23.853,0.24,232.656,2
512250,512.25,25.077,0.241,232.681,2
512500,512.5,38.866,0.381,232.672,2
512750,512.75,51.685,0.332,232.675,2
513000,513,26.159,0.301,232.659,2
513250,513.25,33.839,0.26,232.675,2
513500,513.5,28.725,0.299,232.655,2
513750,513.75,38.954,0.275,232.68,2
514000,514,27.182,0.272,232.67,2
514250,514.25,30.885,0.26,232.701,2
514500,514.5,31.629,0.285,232.685,2
514750,514.75,33.627,0.269,232.706,2
515000,515,28.453,0.261,232.675,2
515250,515.25,30.213,0.257,232.668,2
515500,515.5,26.745,0.247,232.684,2
515750,515.75,26.745,0.247,232.684,2
516000,516,27.054,0.249,232.66,2
516250,516.25,28.607,0.269,232.677,2
516500,516.5,32.839,0.26,232.669,2
516750,516.75,36.108,0.362,232.648,2
517000,517,49.63,0.341,232.689,2
517250,517.25,32.29,0.33,232.698,2
517500,517.5,45.26,0.33,232.68,2
517750,517.75,44.825,0.376,232.663,2
518000,518,58.051,0.35,232.693,2
518250,518.25,34.261,0.365,232.689,2
518500,518.5,54.295,0.366,232.692,2
518750,518.75,49.367,0.422,232.657,2
519000,519,71.518,0.478,232.624,2
519250,519.25,70.748,0.438,232.658,2
519500,519.5,60.684,0.43,232.629,2
519750,519.75,68.04,0.466,232.628,2
520000,520,73.732,0.486,232.645,2
520250,520.25,71.463,0.482,232.627,2
520500,520.5,75.862,0.478,232.635,2
520750,520.75,65.46,0.436,232.663,2
521000,521,67.078,0.469,232.653,2
521250,521.25,75.84,0.488,232.625,2
521500,521.5,75.305,0.513,232.651,2
521750,521.75,84.784,0.537,232.649,2
522000,522,85.718,0.529,232.643,2
522250,522.25,85.718,0.529,232.643,2
522500,522.5,73.26,0.507,232.645,2
522750,522.75,88.975,0.552,232.621,2
523000,523,90.057,0.547,232.628,2
523250,523.25,88.544,0.572,232.615,2
523500,523.5,99.333,0.612,232.608,2
523750,523.75,100.195,0.588,232.601,2
524000,524,82.917,0.528,232.631,2
524250,524.25,94.673,0.582,232.625,2
524500,524.5,99.472,0.62,232.627,2
524750,524.75,110.486,0.646,232.601,2
525000,525,94.569,0.594,232.619,2
525250,525.25,104.215,0.602,232.604,2
525500,525.5,93.322,0.56,232.629,2
525750,525.75,100.151,0.613,232.6,2
526000,526,101.433,0.612,232.595,2
526250,526.25,114.247,0.686,232.587,2
526500,526.5,113.107,0.664,232.602,2
526750,526.75,127.108,0.697,232.58,2
527000,527,111.253,0.612,232.614,2
527250,527.25,110.513,0.67,232.601,2
527500,527.5,96.347,0.577,232.624,2
527750,527.75,111.021,0.683,232.589,2
528000,528,109.565,0.634,232.607,2
528250,528.25,122.089,0.705,232.604,2
528500,528.5,114.231,0.626,232.618,2
528750,528.75,114.231,0.626,232.618,2
529000,529,121.949,0.706,232.588,2
529250,529.25,114.717,0.606,232.654,2
529500,529.5,106.429,0.647,232.65,2
529750,529.75,104.095,0.604,232.64,2
530000,530,110.837,0.676,232.62,2
530250,530.25,92.365,0.562,232.647,2
530500,530.5,108.596,0.679,232.614,2
530750,530.75,116.185,0.627,232.612,2
531000,531,116.387,0.682,232.591,2
531250,531.25,107.424,0.6,232.604,2
531500,531.5,106.925,0.661,232.588,2
531750,531.75,92.534,0.56,232.627,2
532000,532,108.333,0.687,232.594,2
532250,532.25,106.705,0.558,232.639,2
532500,532.5,98.873,0.671,232.614,2
532750,532.75,104.791,0.565,232.665,2
533000,533,96.303,0.619,232.64,2
533250,533.25,85.203,0.511,232.633,2
533500,533.5,97.037,0.658,232.63,2
533750,533.75,97.225,0.5,232.654,2
534000,534,86.555,0.654,232.606,2
534250,534.25,90.702,0.457,232.664,2
534500,534.5,82.719,0.625,232.644,2
534750,534.75,89.143,0.503,232.644,2
535000,535,86.725,0.647,232.602,2
535250,535.25,86.725,0.647,232.602,2
535500,535.5,91.693,0.493,232.651,2
535750,535.75,83.262,0.612,232.6,2
536000,536,86.183,0.428,232.666,2
536250,536.25,65.298,0.555,232.642,2
536500,536.5,82.521,0.459,232.629,2
536750,536.75,76.178,0.58,232.603,2
537000,537,72.555,0.393,232.649,2
537250,537.25,70.733,0.593,232.606,2
537500,537.5,85.019,0.413,232.684,2
537750,537.75,54.122,0.553,232.626,2
538000,538,78.087,0.407,232.656,2
538250,538.25,48.707,0.47,232.632,2
538500,538.5,64.289,0.349,232.661,2
538750,538.75,58.068,0.575,232.608,2
539000,539,75.221,0.39,232.649,2
539250,539.25,39.544,0.447,232.655,2
539500,539.5,77.21,0.517,232.61,2
539750,539.75,70.767,0.371,232.64,2
540000,540,35.483,0.396,232.647,2
540250,540.25,63.33,0.376,232.631,2
540500,540.5,47.499,0.353,232.663,2
540750,540.75,47.232,0.307,232.683,2
541000,541,34.062,0.378,232.675,2
541250,541.25,53.141,0.34,232.686,2
541500,541.5,36.252,0.349,232.675,2
541750,541.75,36.252,0.349,232.675,2
542000,542,52.192,0.32,232.661,2
542250,542.25,33.781,0.339,232.659,2
542500,542.5,47.383,0.337,232.662,2
542750,542.75,29.815,0.337,232.663,2
543000,543,47.842,0.324,232.684,2
543250,543.25,37.62,0.359,232.679,2
543500,543.5,56.022,0.345,232.702,2
543750,543.75,33.819,0.35,232.636,2
544000,544,50.343,0.346,232.646,2
544250,544.25,31.442,0.301,232.628,2
544500,544.5,42.358,0.306,232.704,2
544750,544.75,29.422,0.27,232.696,2
545000,545,31.367,0.265,232.668,2
545250,545.25,27.209,0.257,232.664,2
545500,545.5,30.787,0.26,232.667,2
545750,545.75,29.677,0.282,232.687,2
546000,546,41.603,0.295,232.692,2
546250,546.25,32.674,0.337,232.646,2
546500,546.5,51.115,0.358,232.687,2
546750,546.75,33.281,0.266,232.701,2
547000,547,30.859,0.261,232.653,2
547250,547.25,30.855,0.324,232.661,2
547500,547.5,51.824,0.363,232.67,2
547750,547.75,35.741,0.266,232.709,2
548000,548,25.978,0.247,232.682,2
548250,548.25,25.978,0.247,232.682,2
548500,548.5,26.144,0.247,232.68,2
548750,548.75,27.825,0.254,232.7,2
549000,549,29.628,0.263,232.659,2
549250,549.25,28.986,0.253,232.699,2
549500,549.5,27.879,0.256,232.654,2
549750,549.75,32.619,0.28,232.675,2
550000,550,34.273,0.288,232.643,2
550250,550.25,36.645,0.291,232.661,2
550500,550.5,32.266,0.26,232.654,2
550750,550.75,27.997,0.259,232.691,2
551000,551,30.742,0.269,232.671,2
551250,551.25,31.626,0.271,232.686,2
551500,551.5,35.294,0.313,232.674,2
551750,551.75,46.303,0.349,232.672,2
552000,552,47.43,0.35,232.639,2
552250,552.25,39.402,0.311,232.656,2
552500,552.5,48.542,0.36,232.624,2
552750,552.75,50.676,0.365,232.656,2
553000,553,53.844,0.387,232.67,2
553250,553.25,60.842,0.416,232.64,2
553500,553.5,54.227,0.356,232.634,2
553750,553.75,55.567,0.394,232.643,2
554000,554,64.741,0.431,232.635,2
554250,554.25,70.363,0.462,232.674,2
554500,554.5,77.399,0.498,232.641,2
554750,554.75,77.399,0.498,232.641,2
555000,555,76.428,0.478,232.637,2
555250,555.25,75.999,0.453,232.644,2
555500,555.5,69.761,0.438,232.633,2
555750,555.75,76.519,0.476,232.68,2
556000,556,77.431,0.456,232.687,2
556250,556.25,77.57,0.515,232.632,2
556500,556.5,91.73,0.562,232.627,2
556750,556.75,103.206,0.608,232.59,2
557000,557,106.976,0.612,232.633,2
557250,557.25,102.412,0.567,232.623,2
557500,557.5,93.984,0.547,232.635,2
557750,557.75,100.966,0.62,232.59,2
558000,558,106.061,0.579,232.652,2
558250,558.25,96.45,0.566,232.649,2
558500,558.5,101.324,0.595,232.621,2
558750,558.75,104.593,0.605,232.6,2
559000,559,110.024,0.64,232.612,2
559250,559.25,111.279,0.611,232.584,2
559500,559.5,104.878,0.601,232.616,2
559750,559.75,103.774,0.589,232.605,2
560000,560,101.615,0.57,232.631,2
560250,560.25,99.185,0.594,232.608,2
560500,560.5,110.728,0.658,232.581,2
560750,560.75,114.189,0.622,232.593,2
561000,561,107.697,0.634,232.61,2
561250,561.25,107.697,0.634,232.61,2
561500,561.5,112.658,0.638,232.595,2
561750,561.75,110.771,0.621,232.634,2
562000,562,110.198,0.64,232.602,2
562250,562.25,119.003,0.716,232.605,2
562500,562.5,129.286,0.692,232.611,2
562750,562.75,116.62,0.611,232.62,2
563000,563,101.373,0.597,232.63,2
563250,563.25,108.081,0.656,232.602,2
563500,563.5,117.788,0.667,232.593,2
563750,563.75,114.857,0.667,232.591,2
564000,564,117.565,0.667,232.613,2
564250,564.25,115.204,0.668,232.601,2
564500,564.5,121.989,0.701,232.609,2
564750,564.75,127.688,0.703,232.59,2
565000,565,123.941,0.678,232.593,2
565250,565.25,126.535,0.744,232.579,2
565500,565.5,133.676,0.698,232.6,2
565750,565.75,120.022,0.682,232.589,2
566000,566,121.835,0.678,232.592,2
566250,566.25,120.051,0.687,232.613,2
566500,566.5,126.139,0.718,232.61,2
566750,566.75,132.683,0.733,232.586,2
567000,567,132.421,0.705,232.579,2
567250,567.25,122.782,0.717,232.568,2
567500,567.5,130.795,0.703,232.605,2
567750,567.75,130.795,0.703,232.605,2
568000,568,127.36,0.711,232.59,2
568250,568.25,128.444,0.729,232.568,2
568500,568.5,137.712,0.775,232.571,2
568750,568.75,154.195,0.809,232.575,2
569000,569,159.355,0.814,232.552,2
569250,569.25,158.489,0.796,232.552,2
569500,569.5,151.954,0.783,232.556,2
569750,569.75,149.455,0.795,232.567,2
570000,570,153.342,0.776,232.567,2
570250,570.25,143.026,0.763,232.593,2
570500,570.5,143.95,0.759,232.622,2
570750,570.75,138.667,0.776,232.579,2
571000,571,150.95,0.782,232.568,2
571250,571.25,151.318,0.791,232.563,2
571500,571.5,149.83,0.778,232.58,2
571750,571.75,146.331,0.781,232.582,2
572000,572,151.224,0.805,232.565,2
572250,572.25,157.693,0.81,232.582,2
572500,572.5,161.135,0.812,232.563,2
572750,572.75,157.228,0.804,232.556,2
573000,573,156.123,0.81,232.563,2
573250,573.25,161.459,0.825,232.554,2
573500,573.5,164.081,0.833,232.564,2
573750,573.75,167.716,0.839,232.552,2
574000,574,164.713,0.821,232.572,2
574250,574.25,164.713,0.821,232.572,2
574500,574.5,158.813,0.813,232.556,2
574750,574.75,163.083,0.829,232.529,2
575000,575,159.659,0.818,232.546,2
575250,575.25,165.338,0.834,232.544,2
575500,575.5,162.039,0.83,232.568,2
575750,575.75,157.734,0.818,232.554,2
576000,576,161.997,0.812,232.566,2
576250,576.25,154.6,0.828,232.573,2
576500,576.5,173.319,0.87,232.549,2
576750,576.75,166.36,0.826,232.566,2
577000,577,160.911,0.833,232.575,2
577250,577.25,163.052,0.837,232.583,2
577500,577.5,161.904,0.862,232.549,2
577750,577.75,180.787,0.877,232.562,2
578000,578,162.191,0.799,232.569,2
578250,578.25,152.893,0.818,232.6,2
578500,578.5,162.852,0.829,232.575,2
578750,578.75,158.301,0.819,232.581,2
579000,579,157.525,0.816,232.575,2
579250,579.25,158.485,0.814,232.592,2
579500,579.5,154.433,0.826,232.569,2
579750,579.75,165.83,0.864,232.564,2
580000,580,174.644,0.867,232.545,2
580250,580.25,163.987,0.823,232.568,2
580500,580.5,159.628,0.817,232.602,2
580750,580.75,159.628,0.817,232.602,2
581000,581,157.181,0.812,232.553,2
581250,581.25,153.582,0.818,232.561,2
581500,581.5,166.507,0.861,232.578,2
581750,581.75,162.117,0.81,232.596,2
582000,582,158.427,0.82,232.577,2
582250,582.25,155.555,0.814,232.588,2
582500,582.5,162.267,0.833,232.601,2
582750,582.75,160.5,0.815,232.562,2
583000,583,149.281,0.784,232.592,2
583250,583.25,154.368,0.811,232.599,2
583500,583.5,152.985,0.785,232.606,2
583750,583.75,152.098,0.807,232.596,2
584000,584,153.968,0.781,232.603,2
584250,584.25,148.8,0.799,232.603,2
584500,584.5,151.899,0.803,232.589,2
584750,584.75,160.722,0.855,232.569,2
585000,585,168.3,0.827,232.595,2
585250,585.25,155.078,0.781,232.6,2
585500,585.5,148.252,0.792,232.582,2
585750,585.75,153.57,0.799,232.582,2
586000,586,154.906,0.817,232.57,2
586250,586.25,155.175,0.797,232.614,2
586500,586.5,150.945,0.778,232.587,2
586750,586.75,147.397,0.787,232.578,2
587000,587,145.559,0.754,232.647,2
587250,587.25,145.559,0.754,232.647,2
587500,587.5,146.589,0.801,232.601,2
587750,587.75,148.605,0.743,232.616,2
588000,588,135.897,0.771,232.598,2
588250,588.25,145.758,0.761,232.587,2
588500,588.5,140.142,0.721,232.608,2
588750,588.75,132.541,0.735,232.613,2
589000,589,133.816,0.726,232.613,2
589250,589.25,124.644,0.631,232.623,2
589500,589.5,97.893,0.607,232.645,2
589750,589.75,106.484,0.643,232.621,2
590000,590,114.458,0.653,232.627,2
590250,590.25,111.086,0.646,232.645,2
590500,590.5,111.73,0.64,232.649,2
590750,590.75,104.868,0.598,232.654,2
591000,591,96.743,0.614,232.649,2
591250,591.25,106.427,0.616,232.644,2
591500,591.5,103.091,0.63,232.657,2
591750,591.75,110.334,0.597,232.639,2
592000,592,95.591,0.591,232.655,2
592250,592.25,100.005,0.582,232.643,2
592500,592.5,93.298,0.56,232.652,2
592750,592.75,97.285,0.598,232.651,2
593000,593,104.06,0.612,232.637,2
593250,593.25,104.85,0.618,232.63,2
593500,593.5,102.81,0.624,232.606,2
593750,593.75,102.81,0.624,232.606,2
594000,594,110.569,0.646,232.61,2
594250,594.25,109.639,0.628,232.621,2
594500,594.5,107.025,0.637,232.647,2
594750,594.75,115.076,0.691,232.62,2
595000,595,121.931,0.663,232.61,2
595250,595.25,107.757,0.631,232.603,2
595500,595.5,114.683,0.67,232.649,2
595750,595.75,115.089,0.644,232.594,2
596000,596,110.594,0.637,232.642,2
596250,596.25,110.811,0.649,232.622,2
596500,596.5,112.089,0.646,232.627,2
596750,596.75,114.47,0.662,232.605,2
597000,597,112.344,0.677,232.637,2
597250,597.25,126.333,0.708,232.595,2
597500,597.5,127.489,0.712,232.603,2
597750,597.75,130.907,0.727,232.584,2
598000,598,134.694,0.752,232.621,2
598250,598.25,142.394,0.749,232.584,2
598500,598.5,133.842,0.695,232.579,2
598750,598.75,125.268,0.71,232.566,2
599000,599,129.896,0.708,232.586,2
599250,599.25,126.825,0.706,232.619,2
599500,599.5,123.909,0.714,232.609,2
599750,599.75,129.101,0.701,232.621,2
600000,600,126.394,0.71,232.59,2
600250,600.25,126.394,0.71,232.59,2
600500,600.5,136.64,0.764,232.603,2
600750,600.75,144.332,0.773,232.569,2
601000,601,141.198,0.76,232.575,2
601250,601.25,143.247,0.769,232.628,2
601500,601.5,144.335,0.769,232.598,2
601750,601.75,152.75,0.81,232.566,2
602000,602,159.107,0.832,232.586,2
602250,602.25,169.156,0.874,232.567,2
602500,602.5,175.333,0.862,232.571,2
602750,602.75,172.755,0.876,232.546,2
603000,603,173.254,0.867,232.567,2
603250,603.25,180.274,0.896,232.558,2
603500,603.5,181.046,0.892,232.55,2
603750,603.75,180.195,0.893,232.566,2
604000,604,178.125,0.883,232.595,2
604250,604.25,181.207,0.92,232.558,2
604500,604.5,189.417,0.912,232.548,2
604750,604.75,186.044,0.911,232.531,2
605000,605,184.612,0.889,232.563,2
605250,605.25,177.72,0.889,232.55,2
605500,605.5,179.327,0.899,232.553,2
605750,605.75,188.452,0.919,232.556,2
606000,606,186.893,0.903,232.546,2
606250,606.25,182.115,0.896,232.559,2
606500,606.5,189.161,0.931,232.545,2
606750,606.75,189.161,0.931,232.545,2
607000,607,186.945,0.897,232.561,2
607250,607.25,183.248,0.915,232.562,2
607500,607.5,192.738,0.949,232.55,2
607750,607.75,203.275,0.985,232.551,2
608000,608,206.732,0.968,232.537,2
608250,608.25,199.38,0.958,232.529,2
608500,608.5,201.399,0.957,232.531,2
608750,608.75,198.36,0.959,232.515,2
609000,609,206.133,1.003,232.537,2
609250,609.25,215.683,0.991,232.542,2
609500,609.5,202.764,0.96,232.513,2
609750,609.75,204.718,1.001,232.538,2
610000,610,213.017,0.99,232.51,2
610250,610.25,205.638,0.978,232.506,2
610500,610.5,206.496,0.974,232.531,2
610750,610.75,205.327,0.977,232.544,2
611000,611,204.082,0.951,232.551,2
611250,611.25,194.626,0.938,232.541,2
611500,611.5,190.309,0.904,232.558,2
611750,611.75,185.101,0.907,232.577,2
612000,612,187.963,0.92,232.513,2
612250,612.25,190.133,0.92,232.53,2
612500,612.5,188.477,0.891,232.573,2
612750,612.75,175.148,0.897,232.563,2
613000,613,182.544,0.856,232.539,2
613250,613.25,182.544,0.856,232.539,2
613500,613.5,166.695,0.832,232.568,2
613750,613.75,164.604,0.838,232.553,2
614000,614,163.679,0.813,232.599,2
614250,614.25,155.398,0.832,232.592,2
614500,614.5,163.539,0.794,232.605,2
614750,614.75,142.186,0.756,232.563,2
615000,615,142.811,0.748,232.596,2
615250,615.25,141.867,0.779,232.588,2
615500,615.5,151.511,0.777,232.612,2
615750,615.75,140.588,0.753,232.571,2
616000,616,140.128,0.743,232.602,2
616250,616.25,132.798,0.742,232.597,2
616500,616.5,142.884,0.735,232.625,2
616750,616.75,134.365,0.706,232.624,2
617000,617,121.438,0.697,232.602,2
617250,617.25,129.414,0.708,232.648,2
617500,617.5,126.807,0.702,232.607,2
617750,617.75,124.663,0.659,232.58,2
618000,618,102.765,0.628,232.626,2
618250,618.25,113.135,0.662,232.591,2
618500,618.5,118.885,0.667,232.599,2
618750,618.75,112.246,0.643,232.652,2
619000,619,104.631,0.598,232.64,2
619250,619.25,99.862,0.614,232.603,2
619500,619.5,111.853,0.648,232.597,2
619750,619.75,111.853,0.648,232.597,2
620000,620,110.172,0.602,232.643,2
620250,620.25,99.79,0.589,232.645,2
620500,620.5,99.914,0.622,232.636,2
620750,620.75,111.037,0.642,232.637,2
621000,621,102.479,0.593,232.626,2
621250,621.25,99.534,0.586,232.627,2
621500,621.5,99.525,0.583,232.636,2
621750,621.75,98.896,0.585,232.651,2
622000,622,97.467,0.57,232.645,2
622250,622.25,87.036,0.534,232.646,2
622500,622.5,90.081,0.539,232.635,2
622750,622.75,86.17,0.521,232.656,2
623000,623,82.809,0.513,232.673,2
623250,623.25,90.46,0.55,232.656,2
623500,623.5,92.628,0.57,232.655,2
623750,623.75,90.055,0.527,232.667,2
624000,624,84.561,0.506,232.673,2
624250,624.25,79.338,0.491,232.657,2
624500,624.5,75.68,0.473,232.672,2
624750,624.75,81.898,0.541,232.655,2
625000,625,82.449,0.474,232.667,2
625250,625.25,77.14,0.516,232.663,2
625500,625.5,83.438,0.512,232.677,2
625750,625.75,85.128,0.498,232.666,2
626000,626,77.056,0.476,232.651,2
626250,626.25,77.056,0.476,232.651,2
626500,626.5,71.59,0.434,232.686,2
626750,626.75,75.876,0.503,232.638,2
627000,627,78.204,0.499,232.654,2
627250,627.25,79.021,0.48,232.668,2
627500,627.5,75.369,0.474,232.662,2
627750,627.75,78.48,0.497,232.641,2
628000,628,83.784,0.529,232.635,2
628250,628.25,82.88,0.512,232.65,2
628500,628.5,90.948,0.57,232.651,2
628750,628.75,89.772,0.541,232.63,2
629000,629,88.568,0.548,232.647,2
629250,629.25,102.461,0.632,232.618,2
629500,629.5,107.213,0.625,232.61,2
629750,629.75,103.985,0.611,232.617,2
630000,630,110.466,0.686,232.586,2
630250,630.25,120.057,0.672,232.591,2
630500,630.5,120.554,0.674,232.617,2
630750,630.75,123.39,0.726,232.603,2
631000,631,130.269,0.707,232.603,2
631250,631.25,125.165,0.712,232.615,2
631500,631.5,126.62,0.702,232.618,2
631750,631.75,135.044,0.768,232.578,2
632000,632,142.895,0.745,232.611,2
632250,632.25,139.266,0.757,232.599,2
632500,632.5,139.804,0.746,232.591,2
632750,632.75,139.804,0.746,232.591,2
633000,633,133.446,0.74,232.608,2
633250,633.25,142.313,0.761,232.587,2
633500,633.5,147.319,0.788,232.555,2
633750,633.75,153.042,0.797,232.606,2
634000,634,153.241,0.78,232.57,2
634250,634.25,145.132,0.79,232.578,2
634500,634.5,151.889,0.786,232.568,2
634750,634.75,149.789,0.801,232.549,2
635000,635,163.377,0.851,232.529,2
635250,635.25,173.63,0.856,232.567,2
635500,635.5,166.956,0.835,232.547,2
635750,635.75,163.103,0.832,232.553,2
636000,636,163.225,0.832,232.588,2
636250,636.25,168.241,0.873,232.547,2
636500,636.5,185.56,0.899,232.505,2
636750,636.75,181.173,0.881,232.562,2
637000,637,174.252,0.864,232.56,2
637250,637.25,173.207,0.847,232.568,2
637500,637.5,161.918,0.827,232.581,2
637750,637.75,164.921,0.831,232.601,2
638000,638,167.131,0.859,232.566,2
638250,638.25,177.436,0.882,232.538,2
638500,638.5,176.8,0.866,232.547,2
638750,638.75,165.076,0.834,232.561,2
639000,639,167.374,0.864,232.543,2
639250,639.25,167.374,0.864,232.543,2
639500,639.5,181.473,0.89,232.558,2
639750,639.75,179.486,0.882,232.548,2
640000,640,180.299,0.872,232.566,2
640250,640.25,171.059,0.877,232.552,2
640500,640.5,179.174,0.877,232.574,2
640750,640.75,172.802,0.867,232.583,2
641000,641,177.923,0.888,232.554,2
641250,641.25,180.407,0.883,232.571,2
641500,641.5,175.001,0.883,232.563,2
641750,641.75,182.666,0.894,232.527,2
642000,642,177.5,0.874,232.563,2
642250,642.25,178.156,0.868,232.57,2
642500,642.5,171.267,0.853,232.555,2
642750,642.75,172.872,0.884,232.551,2
643000,643,180.509,0.891,232.566,2
643250,643.25,179.84,0.865,232.583,2
643500,643.5,164.717,0.853,232.563,2
643750,643.75,172.694,0.847,232.547,2
644000,644,162.598,0.817,232.567,2
644250,644.25,162.652,0.846,232.6,2
644500,644.5,167.112,0.843,232.569,2
644750,644.75,161.912,0.823,232.553,2
645000,645,159.539,0.813,232.581,2
645250,645.25,156.294,0.804,232.606,2
645500,645.5,156.81,0.818,232.577,2
645750,645.75,156.81,0.818,232.577,2
646000,646,162.169,0.83,232.556,2
646250,646.25,158.937,0.813,232.596,2
646500,646.5,155.624,0.807,232.597,2
646750,646.75,163.91,0.833,232.553,2
647000,647,155.761,0.785,232.571,2
647250,647.25,149.38,0.78,232.574,2
647500,647.5,151.27,0.806,232.569,2
647750,647.75,153.713,0.796,232.573,2
648000,648,147.285,0.771,232.599,2
648250,648.25,148.38,0.778,232.582,2
648500,648.5,145.234,0.75,232.581,2
648750,648.75,140.299,0.746,232.593,2
649000,649,138.766,0.74,232.595,2
649250,649.25,131.005,0.716,232.631,2
649500,649.5,124.668,0.691,232.625,2
649750,649.75,123.444,0.677,232.59,2
650000,650,119.726,0.678,232.621,2
650250,650.25,122.39,0.679,232.606,2
650500,650.5,120.521,0.653,232.629,2
650750,650.75,106.379,0.613,232.623,2
651000,651,110.795,0.669,232.601,2
651250,651.25,112.091,0.638,232.606,2
651500,651.5,115.235,0.666,232.591,2
651750,651.75,113.947,0.629,232.58,2
652000,652,113.282,0.683,232.608,2
652250,652.25,113.282,0.683,232.608,2
652500,652.5,117.859,0.646,232.609,2
652750,652.75,106.819,0.63,232.616,2
653000,653,102.538,0.588,232.626,2
653250,653.25,101.66,0.583,232.62,2
653500,653.5,99.669,0.607,232.624,2
653750,653.75,105.25,0.625,232.586,2
654000,654,116.322,0.688,232.58,2
654250,654.25,119.415,0.662,232.597,2
654500,654.5,110.871,0.627,232.619,2
654750,654.75,107.131,0.631,232.619,2
655000,655,106.567,0.576,232.637,2
655250,655.25,99.578,0.617,232.634,2
655500,655.5,106.92,0.64,232.628,2
655750,655.75,114.425,0.663,232.609,2
656000,656,112.313,0.636,232.603,2
656250,656.25,105.745,0.599,232.602,2
656500,656.5,116.867,0.748,232.565,2
656750,656.75,135.279,0.694,232.596,2
657000,657,113.172,0.638,232.639,2
657250,657.25,115.013,0.683,232.608,2
657500,657.5,123.271,0.681,232.577,2
657750,657.75,117.221,0.642,232.6,2
658000,658,110.042,0.659,232.593,2
658250,658.25,118.013,0.666,232.603,2
658500,658.5,114.921,0.685,232.628,2
658750,658.75,114.921,0.685,232.628,2
659000,659,120.11,0.661,232.621,2
659250,659.25,118.309,0.673,232.615,2
659500,659.5,120.587,0.697,232.621,2
659750,659.75,126.645,0.689,232.595,2
660000,660,121.7,0.686,232.571,2
660250,660.25,120.476,0.664,232.618,2
660500,660.5,115.525,0.685,232.613,2
660750,660.75,128.174,0.716,232.581,2
661000,661,131.984,0.724,232.57,2
661250,661.25,131.694,0.748,232.592,2
661500,661.5,139.042,0.732,232.57,2
661750,661.75,132.605,0.724,232.6,2
662000,662,132.147,0.678,232.595,2
662250,662.25,120.64,0.718,232.603,2
662500,662.5,136.582,0.745,232.607,2
662750,662.75,132.234,0.756,232.568,2
663000,663,144.143,0.741,232.563,2
663250,663.25,139.874,0.757,232.565,2
663500,663.5,145.11,0.771,232.578,2
663750,663.75,149.012,0.776,232.596,2
664000,664,144.745,0.774,232.58,2
664250,664.25,144.787,0.78,232.576,2
664500,664.5,148.754,0.769,232.586,2
664750,664.75,144.947,0.768,232.572,2
665000,665,149.323,0.8,232.551,2
665250,665.25,149.323,0.8,232.551,2
665500,665.5,156.253,0.822,232.546,2
665750,665.75,161.904,0.835,232.554,2
666000,666,167.891,0.851,232.559,2
666250,666.25,162.322,0.848,232.529,2
666500,666.5,175.876,0.862,232.524,2
666750,666.75,171.681,0.868,232.562,2
667000,667,177.226,0.914,232.542,2
667250,667.25,197.785,0.944,232.512,2
667500,667.5,188.477,0.901,232.523,2
667750,667.75,178.641,0.882,232.548,2
668000,668,182.156,0.909,232.525,2
668250,668.25,188.678,0.916,232.541,2
668500,668.5,183.6,0.897,232.559,2
668750,668.75,180.095,0.912,232.479,2
669000,669,194.134,0.936,232.528,2
669250,669.25,190.069,0.916,232.543,2
669500,669.5,191.204,0.942,232.536,2
669750,669.75,200.217,0.929,232.527,2
670000,670,175.098,0.868,232.541,2
670250,670.25,176.736,0.898,232.542,2
670500,670.5,188.026,0.92,232.555,2
670750,670.75,186.372,0.902,232.536,2
671000,671,180.666,0.874,232.548,2
671250,671.25,169.845,0.846,232.575,2
671500,671.5,165.393,0.842,232.522,2
671750,671.75,165.393,0.842,232.522,2
672000,672,166.765,0.853,232.507,2
672250,672.25,170.768,0.859,232.52,2
672500,672.5,175.284,0.865,232.529,2
672750,672.75,170.561,0.855,232.548,2
673000,673,169.748,0.86,232.543,2
673250,673.25,176.254,0.887,232.523,2
673500,673.5,173.253,0.856,232.561,2
673750,673.75,169.151,0.839,232.513,2
674000,674,160.684,0.808,232.542,2
674250,674.25,158.203,0.818,232.507,2
674500,674.5,155.975,0.809,232.58,2
674750,674.75,158.337,0.839,232.539,2
675000,675,167.471,0.837,232.547,2
675250,675.25,162.306,0.811,232.541,2
675500,675.5,150.791,0.764,232.565,2
675750,675.75,146.783,0.794,232.548,2
676000,676,148.056,0.79,232.55,2
676250,676.25,148.98,0.76,232.544,2
676500,676.5,142.374,0.749,232.582,2
676750,676.75,142.27,0.767,232.549,2
677000,677,144.93,0.743,232.567,2
677250,677.25,133.468,0.732,232.564,2
677500,677.5,126.481,0.681,232.596,2
677750,677.75,117.858,0.697,232.551,2
678000,678,128.794,0.709,232.582,2
678250,678.25,128.794,0.709,232.582,2
678500,678.5,126.978,0.68,232.575,2
678750,678.75,119.844,0.664,232.583,2
679000,679,119.342,0.687,232.592,2
679250,679.25,114.387,0.634,232.652,2
679500,679.5,107.7,0.65,232.571,2
679750,679.75,113.886,0.609,232.601,2
680000,680,101.997,0.641,232.59,2
680250,680.25,109.908,0.621,232.628,2
680500,680.5,106.542,0.674,232.602,2
680750,680.75,120.037,0.68,232.588,2
681000,681,114.935,0.635,232.59,2
681250,681.25,106.551,0.642,232.614,2
681500,681.5,110.475,0.614,232.58,2
681750,681.75,107.989,0.672,232.572,2
682000,682,114.166,0.648,232.57,2
682250,682.25,109.639,0.644,232.558,2
682500,682.5,108.154,0.621,232.584,2
682750,682.75,103.834,0.609,232.624,2
683000,683,107.816,0.659,232.587,2
683250,683.25,118.198,0.658,232.586,2
683500,683.5,106.096,0.589,232.61,2
683750,683.75,90.202,0.526,232.601,2
684000,684,85.805,0.573,232.611,2
684250,684.25,98.531,0.565,232.606,2
684500,684.5,93.013,0.566,232.626,2
684750,684.75,93.013,0.566,232.626,2
685000,685,97.503,0.583,232.578,2
685250,685.25,94.2,0.56,232.622,2
685500,685.5,93.57,0.576,232.594,2
685750,685.75,101.744,0.594,232.652,2
686000,686,99.599,0.593,232.589,2
686250,686.25,100.462,0.584,232.616,2
686500,686.5,94.626,0.611,232.624,2
686750,686.75,106.636,0.599,232.607,2
687000,687,91.865,0.531,232.638,2
687250,687.25,85.48,0.546,232.624,2
687500,687.5,98.267,0.611,232.583,2
687750,687.75,109.053,0.641,232.604,2
688000,688,106.001,0.616,232.561,2
688250,688.25,106.254,0.607,232.619,2
688500,688.5,97.269,0.602,232.621,2
688750,688.75,104.738,0.629,232.623,2
689000,689,116.513,0.64,232.63,2
689250,689.25,100.492,0.612,232.622,2
689500,689.5,110.277,0.65,232.642,2
689750,689.75,115.23,0.681,232.636,2
690000,690,122.697,0.673,232.593,2
690250,690.25,112.171,0.634,232.612,2
690500,690.5,109.821,0.635,232.577,2
690750,690.75,101.241,0.617,232.6,2
691000,691,110.185,0.65,232.599,2
691250,691.25,110.185,0.65,232.599,2
691500,691.5,110.688,0.64,232.584,2
691750,691.75,107.927,0.621,232.597,2
692000,692,104.972,0.629,232.608,2
692250,692.25,111.727,0.645,232.61,2
692500,692.5,118.005,0.682,232.621,2
692750,692.75,120.702,0.689,232.592,2
693000,693,125.021,0.688,232.582,2
693250,693.25,116.99,0.666,232.606,2
693500,693.5,125.931,0.7,232.583,2
693750,693.75,121.949,0.685,232.599,2
694000,694,128.127,0.73,232.583,2
694250,694.25,133.772,0.749,232.593,2
694500,694.5,144.551,0.774,232.568,2
694750,694.75,143.465,0.722,232.594,2
695000,695,131.96,0.726,232.562,2
695250,695.25,135.504,0.756,232.596,2
695500,695.5,143.754,0.761,232.575,2
695750,695.75,141.242,0.748,232.612,2
696000,696,125.93,0.705,232.623,2
696250,696.25,142.471,0.793,232.572,2
696500,696.5,159.734,0.824,232.56,2
696750,696.75,155.863,0.784,232.568,2
697000,697,140.342,0.759,232.55,2
697250,697.25,150.747,0.819,232.556,2
697500,697.5,163.862,0.833,232.551,2
697750,697.75,163.862,0.833,232.551,2
698000,698,165.506,0.844,232.557,2
698250,698.25,173.819,0.86,232.51,2
698500,698.5,170.473,0.853,232.561,2
698750,698.75,169.154,0.851,232.544,2
699000,699,168.695,0.831,232.58,2
699250,699.25,174.755,0.905,232.533,2
699500,699.5,185.497,0.896,232.535,2
699750,699.75,192.787,0.953,232.493,2
700000,700,192.479,0.894,232.516,2
700250,700.25,183.489,0.922,232.533,2
700500,700.5,195.735,0.948,232.528,2
700750,700.75,191.56,0.899,232.537,2
701000,701,192.15,0.971,232.53,2
701250,701.25,198.385,0.92,232.521,2
701500,701.5,191.62,0.94,232.527,2
701750,701.75,200.002,0.983,232.485,2
702000,702,191.507,0.872,232.538,2
702250,702.25,180.34,0.94,232.51,2
702500,702.5,197.693,0.939,232.519,2
702750,702.75,194.878,0.941,232.522,2
703000,703,199.502,0.969,232.505,2
703250,703.25,198.784,0.916,232.534,2
703500,703.5,183.155,0.91,232.56,2
703750,703.75,193.508,0.958,232.526,2
704000,704,203.522,0.95,232.53,2
704250,704.25,203.522,0.95,232.53,2
704500,704.5,192.312,0.935,232.499,2
704750,704.75,193.055,0.933,232.529,2
705000,705,193.499,0.916,232.528,2
705250,705.25,185.069,0.903,232.548,2
705500,705.5,185.849,0.905,232.545,2
705750,705.75,186.029,0.905,232.543,2
706000,706,181.275,0.891,232.553,2
706250,706.25,179.486,0.875,232.581,2
706500,706.5,173.684,0.846,232.571,2
706750,706.75,166.187,0.853,232.569,2
707000,707,173.047,0.853,232.538,2
707250,707.25,164.546,0.827,232.574,2
707500,707.5,162.495,0.83,232.562,2
707750,707.75,160.897,0.832,232.57,2
708000,708,165.68,0.816,232.56,2
708250,708.25,156.866,0.807,232.572,2
708500,708.5,159.785,0.824,232.557,2
708750,708.75,158.219,0.816,232.547,2
709000,709,155.36,0.799,232.567,2
709250,709.25,149.715,0.794,232.564,2
709500,709.5,155.297,0.802,232.565,2
709750,709.75,157.877,0.808,232.556,2
710000,710,153.281,0.784,232.566,2
710250,710.25,143.707,0.763,232.582,2
710500,710.5,140.227,0.737,232.59,2
710750,710.75,140.227,0.737,232.59,2
711000,711,136.962,0.734,232.573,2
711250,711.25,136.27,0.737,232.574,2
711500,711.5,135.529,0.725,232.604,2
711750,711.75,130.001,0.687,232.618,2
712000,712,105.729,0.634,232.619,2
712250,712.25,122.426,0.679,232.602,2
712500,712.5,118.128,0.648,232.624,2
712750,712.75,114.764,0.659,232.617,2
713000,713,114.273,0.638,232.637,2
713250,713.25,108.897,0.641,232.619,2
713500,713.5,106.172,0.62,232.608,2
713750,713.75,106.681,0.617,232.611,2
714000,714,101.732,0.59,232.614,2
714250,714.25,104.948,0.647,232.626,2
714500,714.5,114.046,0.655,232.608,2
714750,714.75,105.867,0.568,232.626,2
715000,715,92.828,0.569,232.61,2
715250,715.25,90.368,0.512,232.621,2
715500,715.5,76.217,0.463,232.669,2
715750,715.75,77.469,0.521,232.673,2
716000,716,80.183,0.485,232.664,2
716250,716.25,77.851,0.502,232.638,2
716500,716.5,79.925,0.51,232.637,2
716750,716.75,85.393,0.527,232.62,2
717000,717,85.497,0.511,232.613,2
717250,717.25,85.497,0.511,232.613,2
717500,717.5,76.507,0.448,232.664,2
717750,717.75,72.125,0.496,232.647,2
718000,718,81.666,0.521,232.638,2
718250,718.25,79.973,0.447,232.661,2
718500,718.5,67.859,0.481,232.596,2
718750,718.75,78.733,0.496,232.645,2
719000,719,78.791,0.48,232.646,2
719250,719.25,80.597,0.533,232.628,2
719500,719.5,79.669,0.445,232.673,2
719750,719.75,64.341,0.424,232.665,2
720000,720,61.571,0.39,232.67,2
720250,720.25,59.561,0.404,232.631,2
720500,720.5,63.666,0.423,232.634,2
720750,720.75,65.455,0.429,232.644,2
721000,721,67.381,0.463,232.646,2
721250,721.25,66.378,0.401,232.619,2
721500,721.5,61.942,0.409,232.661,2
721750,721.75,61.447,0.427,232.645,2
722000,722,68.429,0.429,232.644,2
722250,722.25,65.787,0.423,232.642,2
722500,722.5,62.98,0.452,232.648,2
722750,722.75,72.307,0.433,232.625,2
723000,723,67.822,0.489,232.662,2
723250,723.25,85.098,0.506,232.61,2
723500,723.5,72.993,0.467,232.629,2
723750,723.75,72.993,0.467,232.629,2
724000,724,73.573,0.481,232.609,2
724250,724.25,80.2,0.509,232.627,2
724500,724.5,80.374,0.475,232.647,2
724750,724.75,80.45,0.553,232.629,2
725000,725,96.196,0.534,232.631,2
725250,725.25,74.702,0.554,232.625,2
725500,725.5,98.803,0.572,232.615,2
725750,725.75,92.35,0.557,232.634,2
726000,726,91.716,0.531,232.601,2
726250,726.25,86.947,0.573,232.618,2
726500,726.5,105.09,0.638,232.613,2
726750,726.75,113.028,0.675,232.623,2
727000,727,119.427,0.684,232.594,2
727250,727.25,121.019,0.679,232.597,2
727500,727.5,121.279,0.679,232.589,2
727750,727.75,121.325,0.692,232.61,2
728000,728,128.075,0.709,232.577,2
728250,728.25,127.771,0.693,232.568,2
728500,728.5,117.271,0.718,232.58,2
728750,728.75,146.097,0.768,232.585,2
729000,729,144.826,0.762,232.602,2
729250,729.25,145.2,0.776,232.589,2
729500,729.5,156.181,0.838,232.533,2
729750,729.75,167.963,0.841,232.56,2
730000,730,161.643,0.829,232.565,2
730250,730.25,161.643,0.829,232.565,2
730500,730.5,168.369,0.855,232.548,2
730750,730.75,172.583,0.847,232.56,2
731000,731,163.365,0.825,232.565,2
731250,731.25,164.309,0.851,232.547,2
731500,731.5,170.799,0.867,232.559,2
731750,731.75,179.819,0.896,232.534,2
732000,732,180.991,0.894,232.531,2
732250,732.25,192.268,0.941,232.536,2
732500,732.5,196.17,0.96,232.537,2
732750,732.75,200.887,0.949,232.524,2
733000,733,200.786,0.97,232.523,2
733250,733.25,208.478,0.991,232.493,2
733500,733.5,210.065,0.999,232.534,2
733750,733.75,213.989,1.017,232.5,2
734000,734,213.009,0.987,232.511,2
734250,734.25,205.891,0.989,232.531,2
734500,734.5,214.574,1.028,232.494,2
734750,734.75,218.903,0.998,232.521,2
735000,735,199.378,0.934,232.548,2
735250,735.25,197.195,0.977,232.506,2
735500,735.5,212.386,1.015,232.507,2
735750,735.75,215.209,1.022,232.529,2
736000,736,215.7,1.002,232.506,2
736250,736.25,216.448,1.045,232.499,2
736500,736.5,218.923,1.001,232.494,2
736750,736.75,218.923,1.001,232.494,2
737000,737,207.36,0.984,232.488,2
737250,737.25,214.826,1.045,232.502,2
737500,737.5,220.026,1,232.5,2
737750,737.75,207.356,0.987,232.476,2
738000,738,209.949,0.994,232.502,2
738250,738.25,207.998,0.967,232.54,2
738500,738.5,196.155,0.939,232.518,2
738750,738.75,192.838,0.919,232.53,2
739000,739,186.658,0.899,232.549,2
739250,739.25,182.703,0.908,232.522,2
739500,739.5,187.819,0.876,232.568,2
739750,739.75,174.175,0.887,232.536,2
740000,740,180.015,0.881,232.542,2
740250,740.25,173.035,0.856,232.554,2
740500,740.5,168.649,0.849,232.555,2
740750,740.75,172.472,0.857,232.552,2
741000,741,168.734,0.824,232.567,2
741250,741.25,159.028,0.812,232.588,2
741500,741.5,158.571,0.822,232.537,2
741750,741.75,158.993,0.814,232.553,2
742000,742,157.131,0.769,232.58,2
742250,742.25,144.759,0.781,232.57,2
742500,742.5,154.502,0.78,232.61,2
742750,742.75,137.86,0.742,232.582,2
743000,743,138.752,0.757,232.558,2
743250,743.25,138.752,0.757,232.558,2
743500,743.5,142.245,0.739,232.605,2
743750,743.75,131.419,0.673,232.623,2
744000,744,115.696,0.646,232.62,2
744250,744.25,114.531,0.664,232.603,2
744500,744.5,117.943,0.684,232.597,2
744750,744.75,126.253,0.692,232.631,2
745000,745,118.24,0.666,232.625,2
745250,745.25,114.966,0.649,232.605,2
745500,745.5,105.676,0.606,232.613,2
745750,745.75,103.879,0.616,232.591,2
746000,746,104.644,0.62,232.597,2
746250,746.25,101.43,0.581,232.606,2
746500,746.5,91.22,0.55,232.616,2
746750,746.75,97.347,0.623,232.586,2
747000,747,109.763,0.633,232.611,2
747250,747.25,99.535,0.531,232.638,2
747500,747.5,77.672,0.471,232.639,2
747750,747.75,72.488,0.483,232.674,2
748000,748,81.402,0.502,232.61,2
748250,748.25,76.159,0.475,232.682,2
748500,748.5,65.672,0.407,232.665,2
748750,748.75,66.317,0.439,232.682,2
749000,749,63.872,0.425,232.674,2
749250,749.25,74.11,0.506,232.671,2
749500,749.5,76.327,0.453,232.665,2
749750,749.75,76.327,0.453,232.665,2
750000,750,72.08,0.465,232.681,2
750250,750.25,57.967,0.357,232.652,2
750500,750.5,53.558,0.405,232.665,2
750750,750.75,64.701,0.413,232.668,2
751000,751,65.449,0.461,232.681,2
751250,751.25,68.32,0.42,232.654,2
751500,751.5,61.888,0.412,232.647,2
751750,751.75,60.251,0.412,232.655,2
752000,752,62.033,0.392,232.684,2
752250,752.25,57.524,0.379,232.66,2
752500,752.5,51.394,0.327,232.7,2
752750,752.75,46.32,0.375,232.68,2
753000,753,65.419,0.463,232.686,2
753250,753.25,73.225,0.445,232.631,2
753500,753.5,70.119,0.495,232.641,2
753750,753.75,74.909,0.441,232.663,2
754000,754,69.654,0.446,232.679,2
754250,754.25,64.965,0.429,232.628,2
754500,754.5,66.717,0.416,232.638,2
754750,754.75,68.114,0.472,232.628,2
755000,755,77.132,0.515,232.626,2
755250,755.25,86.573,0.556,232.607,2
755500,755.5,92.453,0.548,232.617,2
755750,755.75,91.183,0.553,232.598,2
756000,756,96.296,0.61,232.613,2
756250,756.25,96.296,0.61,232.613,2
756500,756.5,105.629,0.597,232.638,2
756750,756.75,100.5,0.599,232.622,2
757000,757,99.623,0.589,232.619,2
757250,757.25,98.421,0.592,232.624,2
757500,757.5,106.122,0.643,232.613,2
757750,757.75,108.444,0.646,232.622,2
758000,758,114.334,0.649,232.609,2
758250,758.25,113.007,0.67,232.574,2
758500,758.5,119.722,0.688,232.562,2
758750,758.75,126.827,0.658,232.597,2
759000,759,111.884,0.673,232.574,2
759250,759.25,117.462,0.668,232.59,2
759500,759.5,116.987,0.679,232.573,2
759750,759.75,124.009,0.697,232.565,2
760000,760,127.24,0.697,232.574,2
760250,760.25,123.901,0.711,232.571,2
760500,760.5,133.049,0.703,232.573,2
760750,760.75,128.281,0.729,232.558,2
761000,761,136.591,0.739,232.571,2
761250,761.25,142.681,0.775,232.578,2
761500,761.5,151.969,0.802,232.553,2
761750,761.75,156.07,0.832,232.573,2
762000,762,171.299,0.839,232.515,2
762250,762.25,158.976,0.808,232.571,2
762500,762.5,158.52,0.827,232.568,2
762750,762.75,158.52,0.827,232.568,2
763000,763,166.185,0.853,232.547,2
763250,763.25,171.593,0.86,232.551,2
763500,763.5,170.747,0.865,232.545,2
763750,763.75,172.916,0.844,232.511,2
764000,764,162.49,0.827,232.552,2
764250,764.25,164.323,0.84,232.538,2
764500,764.5,168.255,0.864,232.548,2
764750,764.75,178.75,0.889,232.537,2
765000,765,181.076,0.899,232.542,2
765250,765.25,187.224,0.919,232.533,2
765500,765.5,190.512,0.928,232.521,2
765750,765.75,190.143,0.924,232.538,2
766000,766,188.806,0.909,232.522,2
766250,766.25,183.759,0.894,232.529,2
766500,766.5,183.962,0.904,232.534,2
766750,766.75,186.811,0.918,232.53,2
767000,767,188.475,0.909,232.531,2
767250,767.25,183.001,0.892,232.543,2
767500,767.5,179.563,0.905,232.536,2
767750,767.75,184.339,0.89,232.518,2
768000,768,181.954,0.887,232.497,2
768250,768.25,175.588,0.856,232.543,2
768500,768.5,177.302,0.911,232.513,2
768750,768.75,182.857,0.886,232.549,2
769000,769,181.597,0.896,232.499,2
769250,769.25,181.597,0.896,232.499,2
769500,769.5,178.308,0.862,232.55,2
769750,769.75,176.03,0.894,232.503,2
770000,770,181.913,0.867,232.567,2
770250,770.25,169.016,0.848,232.529,2
770500,770.5,167.191,0.839,232.556,2
770750,770.75,166.309,0.845,232.583,2
771000,771,165.882,0.848,232.552,2
771250,771.25,172.638,0.855,232.527,2
771500,771.5,170.845,0.845,232.57,2
771750,771.75,166.23,0.852,232.561,2
772000,772,173.017,0.858,232.548,2
772250,772.25,171.01,0.864,232.537,2
772500,772.5,174.542,0.851,232.551,2
772750,772.75,168.183,0.83,232.555,2
773000,773,165.86,0.842,232.571,2
773250,773.25,161.909,0.787,232.559,2
773500,773.5,142.643,0.787,232.577,2
773750,773.75,152.475,0.773,232.55,2
774000,774,142.044,0.754,232.571,2
774250,774.25,138.958,0.73,232.596,2
774500,774.5,135.415,0.721,232.573,2
774750,774.75,132.035,0.724,232.579,2
775000,775,131.281,0.707,232.615,2
775250,775.25,126.561,0.715,232.591,2
775500,775.5,132.279,0.708,232.569,2
775750,775.75,132.279,0.708,232.569,2
776000,776,126.37,0.675,232.55,2
776250,776.25,117.803,0.661,232.581,2
776500,776.5,119.849,0.672,232.589,2
776750,776.75,121.549,0.685,232.593,2
777000,777,119.843,0.653,232.604,2
777250,777.25,108.531,0.646,232.571,2
777500,777.5,117.929,0.656,232.603,2
777750,777.75,112.496,0.623,232.591,2
778000,778,104.847,0.599,232.597,2
778250,778.25,100.274,0.608,232.597,2
778500,778.5,103.683,0.624,232.622,2
778750,778.75,109.439,0.637,232.598,2
779000,779,105.681,0.609,232.627,2
779250,779.25,102.712,0.612,232.618,2
779500,779.5,109.099,0.616,232.615,2
779750,779.75,100.228,0.565,232.647,2
780000,780,90.13,0.542,232.646,2
780250,780.25,86.896,0.505,232.657,2
780500,780.5,75.332,0.465,232.661,2
780750,780.75,72.084,0.483,232.652,2
781000,781,81.664,0.535,232.605,2
781250,781.25,94.332,0.554,232.652,2
781500,781.5,86.495,0.518,232.609,2
781750,781.75,82.048,0.503,232.627,2
782000,782,81.9,0.499,232.627,2
782250,782.25,81.9,0.499,232.627,2
782500,782.5,73.427,0.467,232.655,2
782750,782.75,74.202,0.49,232.631,2
783000,783,81.127,0.498,232.675,2
783250,783.25,78.941,0.493,232.645,2
783500,783.5,78.545,0.51,232.642,2
783750,783.75,85.077,0.523,232.618,2
784000,784,88.551,0.527,232.618,2
784250,784.25,80.89,0.511,232.622,2
784500,784.5,83.716,0.512,232.655,2
784750,784.75,82.081,0.513,232.633,2
785000,785,83.829,0.527,232.657,2
785250,785.25,89.516,0.549,232.606,2
785500,785.5,88.467,0.528,232.627,2
785750,785.75,85.941,0.535,232.604,2
786000,786,89.88,0.572,232.667,2
786250,786.25,92.947,0.554,232.623,2
786500,786.5,96.03,0.582,232.629,2
786750,786.75,95.967,0.565,232.633,2
787000,787,92.817,0.546,232.658,2
787250,787.25,92.644,0.575,232.628,2
787500,787.5,93.463,0.551,232.637,2
787750,787.75,91.738,0.552,232.633,2
788000,788,98.098,0.606,232.652,2
788250,788.25,98.381,0.569,232.622,2
788500,788.5,91.874,0.583,232.62,2
788750,788.75,91.874,0.583,232.62,2
789000,789,101.638,0.625,232.598,2
789250,789.25,105.395,0.596,232.607,2
789500,789.5,100.84,0.601,232.604,2
789750,789.75,103.319,0.611,232.632,2
790000,790,105.384,0.633,232.594,2
790250,790.25,109.153,0.642,232.603,2
790500,790.5,114.519,0.64,232.605,2
790750,790.75,108.401,0.628,232.601,2
791000,791,108.294,0.633,232.639,2
791250,791.25,116.126,0.702,232.621,2
791500,791.5,123.796,0.688,232.598,2
791750,791.75,114.752,0.631,232.597,2
792000,792,108.533,0.644,232.616,2
792250,792.25,115.458,0.646,232.612,2
792500,792.5,114.61,0.661,232.618,2
792750,792.75,116.255,0.692,232.62,2
793000,793,132.448,0.76,232.564,2
793250,793.25,142.552,0.714,232.588,2
793500,793.5,130.84,0.726,232.578,2
793750,793.75,141.899,0.772,232.58,2
794000,794,151.169,0.815,232.565,2
794250,794.25,160.454,0.821,232.554,2
794500,794.5,162.253,0.829,232.57,2
794750,794.75,164.853,0.83,232.558,2
795000,795,163.825,0.835,232.552,2
795250,795.25,163.825,0.835,232.552,2
795500,795.5,166.724,0.856,232.541,2
795750,795.75,172.791,0.853,232.561,2
796000,796,165.132,0.828,232.536,2
796250,796.25,165.674,0.857,232.54,2
796500,796.5,178.824,0.849,232.522,2
796750,796.75,160.524,0.827,232.553,2
797000,797,169.058,0.88,232.532,2
797250,797.25,184.05,0.875,232.534,2
797500,797.5,163.736,0.884,232.55,2
797750,797.75,190.493,0.93,232.495,2
798000,798,194.832,0.921,232.484,2
798250,798.25,183.855,0.916,232.497,2
798500,798.5,191.807,0.919,232.511,2
798750,798.75,178.375,0.897,232.547,2
799000,799,197.152,0.939,232.525,2
799250,799.25,185.217,0.898,232.51,2
799500,799.5,183.154,0.888,232.548,2
799750,799.75,177.842,0.895,232.549,2
800000,800,189.42,0.931,232.511,2
800250,800.25,191.791,0.904,232.527,2
800500,800.5,177.523,0.866,232.542,2
800750,800.75,173.866,0.885,232.534,2
801000,801,186.609,0.905,232.524,2
801250,801.25,178.718,0.866,232.533,2
801500,801.5,170.475,0.846,232.571,2
801750,801.75,170.475,0.846,232.571,2
802000,802,164.321,0.822,232.563,2
802250,802.25,163.154,0.838,232.559,2
802500,802.5,175.438,0.89,232.535,2
802750,802.75,181.828,0.892,232.509,2
803000,803,180.198,0.868,232.565,2
803250,803.25,170.986,0.848,232.541,2
803500,803.5,166.012,0.838,232.582,2
803750,803.75,168.466,0.84,232.545,2
804000,804,171.368,0.843,232.561,2
804250,804.25,155.531,0.796,232.554,2
804500,804.5,154.815,0.804,232.557,2
804750,804.75,158.683,0.818,232.513,2
805000,805,157.206,0.787,232.553,2
805250,805.25,149.385,0.781,232.55,2
805500,805.5,153.204,0.784,232.557,2
805750,805.75,153.508,0.796,232.565,2
806000,806,152.346,0.789,232.58,2
806250,806.25,144.226,0.747,232.566,2
806500,806.5,140.825,0.758,232.542,2
806750,806.75,135.907,0.719,232.565,2
807000,807,140.96,0.74,232.567,2
807250,807.25,135.019,0.704,232.571,2
807500,807.5,128.837,0.699,232.609,2
807750,807.75,124.068,0.686,232.617,2
808000,808,122.564,0.692,232.621,2
808250,808.25,122.564,0.692,232.621,2
808500,808.5,122.067,0.676,232.617,2
808750,808.75,119.093,0.676,232.588,2
809000,809,117.749,0.626,232.59,2
809250,809.25,106.692,0.625,232.579,2
809500,809.5,106.566,0.646,232.575,2
809750,809.75,111.22,0.633,232.605,2
810000,810,103.511,0.606,232.604,2
810250,810.25,103.742,0.612,232.631,2
810500,810.5,104.148,0.591,232.645,2
810750,810.75,101.612,0.621,232.596,2
811000,811,99.542,0.536,232.624,2
811250,811.25,91.298,0.581,232.633,2
811500,811.5,98.418,0.577,232.619,2
811750,811.75,95.342,0.56,232.608,2
812000,812,93.108,0.573,232.594,2
812250,812.25,97.639,0.562,232.629,2
812500,812.5,88.085,0.546,232.604,2
812750,812.75,87.467,0.518,232.626,2
813000,813,85.084,0.517,232.633,2
813250,813.25,84.935,0.525,232.621,2
813500,813.5,84.18,0.494,232.631,2
813750,813.75,76.044,0.481,232.639,2
814000,814,77.551,0.506,232.632,2
814250,814.25,87.478,0.536,232.64,2
814500,814.5,87.954,0.517,232.63,2
814750,814.75,87.954,0.517,232.63,2
815000,815,85.876,0.541,232.624,2
815250,815.25,87.432,0.544,232.622,2
815500,815.5,88.898,0.558,232.637,2
815750,815.75,97.233,0.593,232.6,2
816000,816,103.389,0.613,232.566,2
816250,816.25,102.794,0.58,232.574,2
816500,816.5,91.365,0.541,232.596,2
816750,816.75,86.234,0.557,232.568,2
817000,817,98.414,0.576,232.588,2
817250,817.25,93.253,0.556,232.585,2
817500,817.5,94.125,0.571,232.617,2
817750,817.75,95.821,0.564,232.578,2
818000,818,90.324,0.573,232.603,2
818250,818.25,102.584,0.594,232.582,2
818500,818.5,94.554,0.557,232.622,2
818750,818.75,91.903,0.521,232.605,2
819000,819,75.24,0.463,232.59,2
819250,819.25,76.511,0.526,232.61,2
819500,819.5,93.615,0.569,232.614,2
819750,819.75,99.898,0.599,232.592,2
820000,820,102.69,0.622,232.589,2
820250,820.25,111.217,0.63,232.588,2
820500,820.5,101.246,0.587,232.596,2
820750,820.75,101.282,0.626,232.6,2
821000,821,106.94,0.607,232.61,2
821250,821.25,106.94,0.607,232.61,2
821500,821.5,97.516,0.562,232.618,2
821750,821.75,96.949,0.613,232.577,2
822000,822,112.892,0.673,232.592,2
822250,822.25,117.195,0.646,232.576,2
822500,822.5,107.076,0.626,232.598,2
822750,822.75,105.777,0.61,232.619,2
823000,823,100.983,0.58,232.62,2
823250,823.25,102.855,0.634,232.594,2
823500,823.5,107.343,0.633,232.599,2
823750,823.75,115.243,0.676,232.562,2
824000,824,114.363,0.645,232.59,2
824250,824.25,108.323,0.638,232.592,2
824500,824.5,117.171,0.679,232.596,2
824750,824.75,120.641,0.655,232.586,2
825000,825,116.818,0.676,232.6,2
825250,825.25,119.794,0.689,232.587,2
825500,825.5,127.063,0.694,232.601,2
825750,825.75,125.253,0.701,232.584,2
826000,826,131.719,0.726,232.57,2
826250,826.25,133.498,0.724,232.578,2
826500,826.5,140.298,0.79,232.555,2
826750,826.75,151.166,0.779,232.561,2
827000,827,151.437,0.783,232.59,2
827250,827.25,148.814,0.77,232.548,2
827500,827.5,156.397,0.831,232.551,2
827750,827.75,156.397,0.831,232.551,2
828000,828,154.958,0.76,232.556,2
828250,828.25,148.5,0.817,232.555,2
828500,828.5,160.044,0.813,232.546,2
828750,828.75,161.347,0.83,232.537,2
829000,829,164.681,0.794,232.55,2
829250,829.25,149.624,0.789,232.57,2
829500,829.5,152.531,0.785,232.554,2
829750,829.75,149.905,0.79,232.557,2
830000,830,150.512,0.794,232.543,2
830250,830.25,158.063,0.818,232.546,2
830500,830.5,161.914,0.808,232.523,2
830750,830.75,156.202,0.789,232.575,2
831000,831,151.197,0.815,232.525,2
831250,831.25,160.88,0.812,232.576,2
831500,831.5,160.098,0.818,232.566,2
831750,831.75,156.47,0.788,232.56,2
832000,832,155.608,0.826,232.558,2
832250,832.25,171.715,0.867,232.573,2
832500,832.5,171.481,0.845,232.55,2
832750,832.75,164.852,0.834,232.559,2
833000,833,170.238,0.868,232.523,2
833250,833.25,172.253,0.797,232.58,2
833500,833.5,146.419,0.801,232.541,2
833750,833.75,167.094,0.863,232.523,2
834000,834,174.457,0.84,232.536,2
834250,834.25,174.457,0.84,232.536,2
834500,834.5,162.456,0.873,232.538,2
834750,834.75,181.583,0.871,232.516,2
835000,835,171.629,0.835,232.531,2
835250,835.25,163.42,0.841,232.542,2
835500,835.5,170.1,0.832,232.536,2
835750,835.75,160.364,0.821,232.56,2
836000,836,158.425,0.815,232.547,2
836250,836.25,158.793,0.815,232.526,2
836500,836.5,160.421,0.8,232.558,2
836750,836.75,151.753,0.779,232.538,2
837000,837,151.286,0.796,232.544,2
837250,837.25,151.988,0.773,232.574,2
837500,837.5,140.806,0.747,232.564,2
837750,837.75,140.811,0.759,232.559,2
838000,838,145.674,0.752,232.574,2
838250,838.25,139.514,0.736,232.603,2
838500,838.5,132.781,0.716,232.569,2
838750,838.75,131.189,0.727,232.568,2
839000,839,137.151,0.732,232.566,2
839250,839.25,134.728,0.724,232.585,2
839500,839.5,137.602,0.721,232.564,2
839750,839.75,124.91,0.708,232.586,2
840000,840,130.777,0.704,232.581,2
840250,840.25,116.875,0.666,232.546,2
840500,840.5,120.205,0.678,232.558,2
840750,840.75,120.205,0.678,232.558,2
841000,841,124.11,0.691,232.585,2
841250,841.25,126.223,0.704,232.555,2
841500,841.5,129.03,0.699,232.57,2
841750,841.75,118.707,0.663,232.579,2
842000,842,109.401,0.632,232.596,2
842250,842.25,112.271,0.639,232.588,2
842500,842.5,112.039,0.647,232.57,2
842750,842.75,113.83,0.643,232.612,2
843000,843,108.052,0.626,232.619,2
843250,843.25,103.032,0.599,232.629,2
843500,843.5,97.144,0.559,232.597,2
843750,843.75,95.063,0.583,232.615,2
844000,844,97.663,0.583,232.591,2
844250,844.25,99.697,0.606,232.587,2
844500,844.5,98.193,0.572,232.621,2
844750,844.75,93.836,0.557,232.619,2
845000,845,97.477,0.588,232.614,2
845250,845.25,95.49,0.529,232.639,2
845500,845.5,87.053,0.546,232.633,2
845750,845.75,88.232,0.564,232.638,2
846000,846,90.79,0.531,232.626,2
846250,846.25,87.873,0.547,232.62,2
846500,846.5,96.715,0.587,232.597,2
846750,846.75,96.598,0.556,232.644,2
847000,847,95.754,0.59,232.616,2
847250,847.25,95.754,0.59,232.616,2
847500,847.5,94.092,0.53,232.631,2
847750,847.75,83.723,0.518,232.634,2
848000,848,84.681,0.51,232.663,2
848250,848.25,88.339,0.57,232.643,2
848500,848.5,103.254,0.643,232.609,2
848750,848.75,109.4,0.591,232.601,2
849000,849,96.642,0.583,232.643,2
849250,849.25,96.355,0.586,232.58,2
849500,849.5,102.691,0.602,232.605,2
849750,849.75,104.262,0.644,232.603,2
850000,850,108.636,0.609,232.614,2
850250,850.25,100.966,0.593,232.598,2
850500,850.5,101.846,0.636,232.602,2
850750,850.75,108.756,0.62,232.604,2
851000,851,103.866,0.596,232.629,2
851250,851.25,104.496,0.617,232.61,2
851500,851.5,111.533,0.655,232.602,2
851750,851.75,110.709,0.616,232.605,2
852000,852,108.757,0.647,232.561,2
852250,852.25,112.964,0.639,232.568,2
852500,852.5,104.734,0.579,232.632,2
852750,852.75,98.031,0.629,232.637,2
853000,853,117.202,0.69,232.611,2
853250,853.25,121.602,0.668,232.585,2
853500,853.5,117.635,0.694,232.599,2
853750,853.75,117.635,0.694,232.599,2
854000,854,127.362,0.68,232.591,2
854250,854.25,115.27,0.622,232.604,2
854500,854.5,106.899,0.65,232.594,2
854750,854.75,120.069,0.679,232.553,2
855000,855,122.286,0.697,232.594,2
855250,855.25,121.152,0.655,232.602,2
855500,855.5,117.139,0.681,232.584,2
855750,855.75,125.167,0.688,232.551,2
856000,856,123.62,0.678,232.561,2
856250,856.25,119.815,0.684,232.591,2
856500,856.5,126.859,0.744,232.579,2
856750,856.75,138.229,0.713,232.572,2
857000,857,125.731,0.706,232.573,2
857250,857.25,135.581,0.732,232.565,2
857500,857.5,133.305,0.716,232.583,2
857750,857.75,126.183,0.697,232.565,2
858000,858,130.581,0.732,232.579,2
858250,858.25,136.286,0.732,232.556,2
858500,858.5,137.045,0.72,232.579,2
858750,858.75,134.518,0.738,232.564,2
859000,859,135.74,0.734,232.574,2
859250,859.25,134.21,0.734,232.563,2
859500,859.5,137.685,0.746,232.552,2
859750,859.75,143.431,0.749,232.55,2
860000,860,141.113,0.751,232.548,2
860250,860.25,141.113,0.751,232.548,2
860500,860.5,144.627,0.763,232.549,2
860750,860.75,140.28,0.732,232.606,2
861000,861,130.308,0.729,232.551,2
861250,861.25,137.897,0.75,232.549,2
861500,861.5,141.899,0.743,232.574,2
861750,861.75,136.414,0.746,232.568,2
862000,862,141.486,0.761,232.549,2
862250,862.25,141.518,0.76,232.539,2
862500,862.5,140.019,0.751,232.58,2
862750,862.75,141.189,0.751,232.575,2
863000,863,144.718,0.767,232.538,2
863250,863.25,146.876,0.769,232.569,2
863500,863.5,143.053,0.763,232.575,2
863750,863.75,141.417,0.763,232.543,2
864000,864,147.426,0.777,232.533,2
864250,864.25,144.477,0.759,232.557,2
864500,864.5,145.824,0.771,232.553,2
864750,864.75,149.867,0.788,232.551,2
865000,865,142.791,0.76,232.559,2
865250,865.25,145.502,0.765,232.544,2
865500,865.5,138.883,0.709,232.594,2
865750,865.75,126.836,0.701,232.606,2
866000,866,136.022,0.752,232.561,2
866250,866.25,141.776,0.763,232.568,2
866500,866.5,137.491,0.722,232.584,2
866750,866.75,137.491,0.722,232.584,2
867000,867,136.787,0.761,232.562,2
867250,867.25,146.544,0.747,232.561,2
867500,867.5,137.725,0.719,232.59,2
867750,867.75,130.681,0.723,232.596,2
868000,868,135.065,0.734,232.595,2
868250,868.25,132.468,0.709,232.599,2
868500,868.5,137.433,0.768,232.569,2
868750,868.75,147.276,0.759,232.571,2
869000,869,138.556,0.739,232.594,2
869250,869.25,132.031,0.71,232.6,2
869500,869.5,130.495,0.726,232.597,2
869750,869.75,132.739,0.703,232.571,2
870000,870,127.43,0.682,232.585,2
870250,870.25,128.134,0.731,232.58,2
870500,870.5,140.026,0.735,232.572,2
870750,870.75,133.189,0.738,232.548,2
871000,871,137.205,0.748,232.549,2
871250,871.25,141.169,0.703,232.59,2
871500,871.5,127.855,0.749,232.574,2
871750,871.75,140.421,0.728,232.598,2
872000,872,134.323,0.738,232.55,2
872250,872.25,137.184,0.74,232.58,2
872500,872.5,141.215,0.764,232.554,2
872750,872.75,146.167,0.73,232.594,2
873000,873,126.065,0.71,232.588,2
873250,873.25,126.065,0.71,232.588,2
873500,873.5,135.605,0.74,232.601,2
873750,873.75,137.699,0.75,232.557,2
874000,874,137.568,0.73,232.609,2
874250,874.25,130.409,0.696,232.592,2
874500,874.5,120.489,0.661,232.585,2
874750,874.75,121.235,0.679,232.608,2
875000,875,120.172,0.678,232.6,2
875250,875.25,121.073,0.682,232.572,2
875500,875.5,121.112,0.692,232.613,2
875750,875.75,120.619,0.668,232.62,2
876000,876,119.814,0.668,232.6,2
876250,876.25,123.63,0.675,232.589,2
876500,876.5,116.531,0.679,232.585,2
876750,876.75,125.921,0.71,232.574,2
877000,877,124.118,0.689,232.623,2
877250,877.25,125.765,0.687,232.591,2
877500,877.5,119.587,0.66,232.589,2
877750,877.75,114.723,0.643,232.58,2
878000,878,115.422,0.665,232.592,2
878250,878.25,117.971,0.686,232.583,2
878500,878.5,127.224,0.711,232.557,2
878750,878.75,131.915,0.713,232.553,2
879000,879,130.516,0.691,232.573,2
879250,879.25,123.225,0.674,232.595,2
879500,879.5,121.241,0.683,232.597,2
879750,879.75,121.241,0.683,232.597,2
880000,880,122,0.682,232.582,2
880250,880.25,123.143,0.702,232.583,2
880500,880.5,128.125,0.689,232.581,2
880750,880.75,123.849,0.682,232.587,2
881000,881,126.781,0.714,232.558,2
881250,881.25,126.923,0.683,232.589,2
881500,881.5,117.657,0.664,232.564,2
881750,881.75,117.313,0.673,232.576,2
882000,882,116.415,0.654,232.583,2
882250,882.25,123.878,0.716,232.581,2
882500,882.5,130.491,0.71,232.548,2
882750,882.75,130.423,0.714,232.571,2
883000,883,125.875,0.676,232.591,2
883250,883.25,119.089,0.673,232.613,2
883500,883.5,112.749,0.636,232.592,2
883750,883.75,112.203,0.649,232.618,2
884000,884,115.5,0.667,232.573,2
884250,884.25,120.323,0.696,232.616,2
884500,884.5,126.435,0.688,232.592,2
884750,884.75,118.359,0.665,232.606,2
885000,885,115.973,0.664,232.562,2
885250,885.25,122.497,0.7,232.605,2
885500,885.5,127.647,0.709,232.597,2
885750,885.75,134.456,0.747,232.598,2
886000,886,133.921,0.696,232.602,2
886250,886.25,133.921,0.696,232.602,2
886500,886.5,123.554,0.69,232.607,2
886750,886.75,124.214,0.687,232.605,2
887000,887,122.136,0.68,232.614,2
887250,887.25,126.524,0.685,232.578,2
887500,887.5,122.284,0.695,232.607,2
887750,887.75,125.991,0.717,232.574,2
888000,888,134.929,0.715,232.605,2
888250,888.25,131.674,0.723,232.576,2
888500,888.5,135.095,0.732,232.559,2
888750,888.75,134.889,0.724,232.55,2
889000,889,131.928,0.736,232.582,2
889250,889.25,131.631,0.693,232.595,2
889500,889.5,125.685,0.719,232.629,2
889750,889.75,135.572,0.72,232.585,2
890000,890,130.37,0.714,232.612,2
890250,890.25,129.655,0.726,232.596,2
890500,890.5,138.435,0.762,232.616,2
890750,890.75,143.949,0.761,232.584,2
891000,891,142.851,0.733,232.59,2
891250,891.25,137.202,0.74,232.571,2
891500,891.5,137.622,0.734,232.611,2
891750,891.75,133.597,0.722,232.574,2
892000,892,132.241,0.72,232.611,2
892250,892.25,133.429,0.733,232.585,2
892500,892.5,140.223,0.743,232.591,2
892750,892.75,140.223,0.743,232.591,2
893000,893,135.938,0.716,232.584,2
893250,893.25,126.568,0.707,232.593,2
893500,893.5,126.009,0.724,232.572,2
893750,893.75,130.917,0.694,232.605,2
894000,894,126.058,0.708,232.587,2
894250,894.25,133.239,0.717,232.596,2
894500,894.5,129.311,0.716,232.619,2
894750,894.75,131.658,0.742,232.601,2
895000,895,135.971,0.727,232.583,2
895250,895.25,135.31,0.726,232.595,2
895500,895.5,134.461,0.719,232.581,2
895750,895.75,128.81,0.686,232.6,2
896000,896,118.894,0.699,232.632,2
896250,896.25,127.63,0.711,232.602,2
896500,896.5,132.045,0.712,232.587,2
896750,896.75,131.581,0.718,232.607,2
897000,897,135.32,0.739,232.58,2
897250,897.25,138.11,0.738,232.604,2
897500,897.5,133.601,0.739,232.586,2
897750,897.75,145.706,0.753,232.586,2
898000,898,140.375,0.734,232.609,2
898250,898.25,136.74,0.734,232.576,2
898500,898.5,134.094,0.725,232.571,2
898750,898.75,133.818,0.73,232.595,2
899000,899,133.033,0.722,232.584,2
899250,899.25,133.033,0.722,232.584,2
899500,899.5,135.042,0.719,232.603,2
899750,899.75,130.715,0.695,232.596,2
900000,900,130.109,0.714,232.598,2
900250,900.25,125.439,0.707,232.618,2
900500,900.5,134.15,0.726,232.594,2
900750,900.75,133.026,0.709,232.607,2
901000,901,130.301,0.704,232.583,2
901250,901.25,134.793,0.717,232.583,2
901500,901.5,134.301,0.724,232.582,2
901750,901.75,123.887,0.672,232.611,2
902000,902,120.758,0.707,232.611,2
902250,902.25,132.215,0.725,232.588,2
902500,902.5,130.61,0.68,232.618,2
902750,902.75,119.744,0.692,232.616,2
903000,903,136.556,0.756,232.551,2
903250,903.25,132.13,0.687,232.614,2
903500,903.5,118.798,0.683,232.596,2
903750,903.75,121.06,0.673,232.603,2
904000,904,123.296,0.691,232.594,2
904250,904.25,122.209,0.66,232.64,2
904500,904.5,120.939,0.665,232.604,2
904750,904.75,111.853,0.637,232.612,2
905000,905,114.379,0.674,232.597,2
905250,905.25,115.664,0.633,232.603,2
905500,905.5,107.763,0.645,232.596,2
905750,905.75,107.763,0.645,232.596,2
906000,906,118.66,0.687,232.59,2
906250,906.25,119.05,0.654,232.601,2
906500,906.5,120.426,0.703,232.607,2
906750,906.75,125.165,0.696,232.615,2
907000,907,120.174,0.652,232.597,2
907250,907.25,114.946,0.643,232.588,2
907500,907.5,110.249,0.645,232.622,2
907750,907.75,118.868,0.692,232.599,2
908000,908,122.178,0.681,232.597,2
908250,908.25,114.59,0.652,232.566,2
908500,908.5,114.546,0.652,232.607,2
908750,908.75,116.114,0.673,232.581,2
909000,909,119.903,0.662,232.587,2
909250,909.25,119.93,0.697,232.594,2
909500,909.5,127.387,0.703,232.572,2
909750,909.75,128.034,0.691,232.583,2
910000,910,120.737,0.683,232.593,2
910250,910.25,126.332,0.689,232.579,2
910500,910.5,129.364,0.72,232.596,2
910750,910.75,130.574,0.731,232.586,2
911000,911,132.592,0.688,232.58,2
911250,911.25,124.171,0.708,232.554,2
911500,911.5,126.851,0.675,232.614,2
911750,911.75,120.58,0.69,232.574,2
912000,912,125.794,0.686,232.592,2
912250,912.25,125.794,0.686,232.592,2
912500,912.5,124.898,0.702,232.581,2
912750,912.75,128.367,0.7,232.605,2
913000,913,123.816,0.683,232.56,2
913250,913.25,119.372,0.634,232.633,2
913500,913.5,109.379,0.693,232.572,2
913750,913.75,133.688,0.696,232.59,2
914000,914,123.44,0.703,232.586,2
914250,914.25,127.77,0.683,232.605,2
914500,914.5,114.726,0.661,232.639,2
914750,914.75,118.79,0.659,232.602,2
915000,915,116.674,0.66,232.579,2
915250,915.25,119.879,0.693,232.577,2
915500,915.5,128.932,0.711,232.597,2
915750,915.75,128.019,0.701,232.594,2
916000,916,122.074,0.693,232.608,2
916250,916.25,130.54,0.696,232.582,2
916500,916.5,127.081,0.698,232.57,2
916750,916.75,126.572,0.725,232.572,2
917000,917,137.766,0.734,232.583,2
917250,917.25,136.602,0.73,232.568,2
917500,917.5,136.127,0.738,232.581,2
917750,917.75,142.465,0.728,232.587,2
918000,918,125.677,0.702,232.572,2
918250,918.25,129.803,0.728,232.616,2
918500,918.5,133.31,0.691,232.607,2
918750,918.75,133.31,0.691,232.607,2
919000,919,115.012,0.671,232.57,2
919250,919.25,127.9,0.701,232.573,2
919500,919.5,124.29,0.717,232.578,2
919750,919.75,145.096,0.768,232.57,2
920000,920,139.51,0.751,232.562,2
920250,920.25,142.93,0.752,232.578,2
920500,920.5,135.865,0.709,232.558,2
920750,920.75,130.262,0.733,232.597,2
921000,921,140.144,0.744,232.571,2
921250,921.25,125.276,0.702,232.566,2
921500,921.5,127.762,0.729,232.575,2
921750,921.75,137.004,0.727,232.587,2
922000,922,135.925,0.737,232.554,2
922250,922.25,139.946,0.748,232.572,2
922500,922.5,132.797,0.715,232.595,2
922750,922.75,124.591,0.703,232.63,2
923000,923,130.886,0.714,232.575,2
923250,923.25,131.648,0.707,232.601,2
923500,923.5,121.632,0.647,232.593,2
923750,923.75,127.587,0.734,232.538,2
924000,924,136.284,0.761,232.544,2
924250,924.25,144.506,0.748,232.607,2
924500,924.5,138.769,0.726,232.595,2
924750,924.75,132.95,0.71,232.597,2
925000,925,133.653,0.711,232.574,2
925250,925.25,133.653,0.711,232.574,2
925500,925.5,127.643,0.705,232.597,2
925750,925.75,133.155,0.756,232.567,2
926000,926,136.662,0.715,232.55,2
926250,926.25,127.531,0.684,232.583,2
926500,926.5,118.856,0.645,232.575,2
926750,926.75,116.608,0.705,232.553,2
927000,927,128.943,0.682,232.605,2
927250,927.25,118.618,0.679,232.605,2
927500,927.5,121.987,0.711,232.609,2
927750,927.75,132.635,0.703,232.583,2
928000,928,130.579,0.705,232.584,2
928250,928.25,130.127,0.711,232.576,2
928500,928.5,128.495,0.695,232.606,2
928750,928.75,121.302,0.68,232.595,2
929000,929,124.822,0.724,232.572,2
929250,929.25,131.631,0.69,232.597,2
929500,929.5,122.91,0.694,232.606,2
929750,929.75,125.442,0.673,232.61,2
930000,930,118.801,0.679,232.6,2
930250,930.25,123.239,0.679,232.59,2
930500,930.5,121.183,0.692,232.602,2
930750,930.75,127.195,0.709,232.555,2
931000,931,133.659,0.727,232.57,2
931250,931.25,137.522,0.746,232.581,2
931500,931.5,139.289,0.735,232.609,2
931750,931.75,139.289,0.735,232.609,2
932000,932,130.96,0.722,232.583,2
932250,932.25,131.705,0.711,232.583,2
932500,932.5,131.401,0.704,232.586,2
932750,932.75,130.762,0.704,232.599,2
933000,933,129.05,0.692,232.597,2
933250,933.25,125.72,0.71,232.597,2
933500,933.5,130.016,0.713,232.573,2
933750,933.75,131.029,0.697,232.566,2
934000,934,125.813,0.7,232.543,2
934250,934.25,131.595,0.715,232.592,2
934500,934.5,134.228,0.736,232.58,2
934750,934.75,136.055,0.737,232.575,2
935000,935,136.813,0.737,232.58,2
935250,935.25,133.086,0.696,232.57,2
935500,935.5,121.593,0.704,232.573,2
935750,935.75,134.631,0.727,232.57,2
936000,936,134.282,0.741,232.597,2
936250,936.25,143.314,0.761,232.556,2
936500,936.5,140.981,0.749,232.558,2
936750,936.75,138.256,0.711,232.574,2
937000,937,122.057,0.688,232.58,2
937250,937.25,128.41,0.699,232.591,2
937500,937.5,128.273,0.707,232.582,2
937750,937.75,128.432,0.709,232.588,2
938000,938,129.365,0.717,232.546,2
938250,938.25,129.365,0.717,232.546,2
938500,938.5,133.468,0.726,232.561,2
938750,938.75,133.204,0.708,232.558,2
939000,939,133.186,0.691,232.599,2
939250,939.25,119.786,0.672,232.579,2
939500,939.5,118.997,0.68,232.594,2
939750,939.75,130.831,0.72,232.604,2
940000,940,125.41,0.693,232.583,2
940250,940.25,122.338,0.666,232.613,2
940500,940.5,117.324,0.675,232.613,2
940750,940.75,124.524,0.696,232.58,2
941000,941,122.842,0.678,232.586,2
941250,941.25,125.61,0.709,232.57,2
941500,941.5,124.303,0.689,232.606,2
941750,941.75,124.366,0.686,232.574,2
942000,942,120.716,0.672,232.57,2
942250,942.25,130.56,0.736,232.579,2
942500,942.5,127.797,0.703,232.572,2
942750,942.75,126.202,0.704,232.573,2
943000,943,130.594,0.7,232.564,2
943250,943.25,120.093,0.651,232.597,2
943500,943.5,116.41,0.662,232.594,2
943750,943.75,119.157,0.684,232.559,2
944000,944,118.84,0.686,232.601,2
944250,944.25,128.429,0.714,232.574,2
944500,944.5,132.148,0.706,232.571,2
944750,944.75,132.148,0.706,232.571,2
945000,945,123.769,0.663,232.607,2
945250,945.25,116.961,0.667,232.61,2
945500,945.5,118.062,0.686,232.565,2
945750,945.75,124.346,0.706,232.573,2
946000,946,127.251,0.703,232.585,2
946250,946.25,133.52,0.7,232.582,2
946500,946.5,125.704,0.678,232.562,2
946750,946.75,113.992,0.627,232.595,2
947000,947,115.559,0.687,232.587,2
947250,947.25,128.527,0.72,232.584,2
947500,947.5,128.678,0.675,232.624,2
947750,947.75,122.319,0.687,232.563,2
948000,948,124.329,0.694,232.609,2
948250,948.25,121.299,0.671,232.578,2
948500,948.5,118.212,0.698,232.572,2
948750,948.75,132.282,0.72,232.614,2
949000,949,128.72,0.663,232.605,2
949250,949.25,120.299,0.715,232.567,2
949500,949.5,136.017,0.673,232.619,2
949750,949.75,108.784,0.637,232.595,2
950000,950,110.78,0.658,232.585,2
950250,950.25,122.143,0.692,232.574,2
950500,950.5,122.017,0.645,232.587,2
950750,950.75,109.926,0.648,232.576,2
951000,951,117.121,0.688,232.579,2
951250,951.25,117.121,0.688,232.579,2
951500,951.5,122.603,0.701,232.58,2
951750,951.75,131.241,0.725,232.593,2
952000,952,135.654,0.7,232.584,2
952250,952.25,127.48,0.721,232.571,2
952500,952.5,130.513,0.688,232.596,2
952750,952.75,119.447,0.684,232.604,2
953000,953,124.703,0.69,232.576,2
953250,953.25,122.596,0.666,232.587,2
953500,953.5,117.114,0.641,232.586,2
953750,953.75,112.37,0.621,232.608,2
954000,954,108.546,0.672,232.565,2
954250,954.25,126.582,0.704,232.577,2
954500,954.5,122.509,0.684,232.603,2
954750,954.75,124.472,0.69,232.62,2
955000,955,124.709,0.687,232.569,2
955250,955.25,123.529,0.673,232.589,2
955500,955.5,118.752,0.714,232.581,2
955750,955.75,137.255,0.738,232.564,2
956000,956,128.511,0.694,232.574,2
956250,956.25,127.572,0.693,232.596,2
956500,956.5,125.502,0.697,232.558,2
956750,956.75,126.438,0.681,232.608,2
957000,957,116.098,0.638,232.63,2
957250,957.25,108.582,0.634,232.605,2
957500,957.5,109.101,0.63,232.628,2
957750,957.75,109.101,0.63,232.628,2
958000,958,106.539,0.616,232.621,2
958250,958.25,101.611,0.603,232.609,2
958500,958.5,108.416,0.646,232.625,2
958750,958.75,112.666,0.627,232.605,2
959000,959,105.235,0.593,232.605,2
959250,959.25,96.521,0.598,232.609,2
959500,959.5,106.592,0.62,232.608,2
959750,959.75,108.398,0.625,232.612,2
960000,960,105.212,0.644,232.625,2
960250,960.25,130.867,0.74,232.582,2
960500,960.5,126.581,0.676,232.553,2
960750,960.75,114.227,0.652,232.615,2
961000,961,120.431,0.693,232.568,2
961250,961.25,133.46,0.732,232.598,2
961500,961.5,133.761,0.709,232.586,2
961750,961.75,128.033,0.712,232.595,2
962000,962,131.278,0.711,232.582,2
962250,962.25,134.895,0.724,232.612,2
962500,962.5,128.257,0.693,232.561,2
962750,962.75,128.512,0.684,232.593,2
963000,963,121.602,0.685,232.584,2
963250,963.25,134.204,0.757,232.57,2
963500,963.5,140.84,0.74,232.595,2
963750,963.75,139.064,0.752,232.591,2
964000,964,146.733,0.768,232.586,2
964250,964.25,146.733,0.768,232.586,2
964500,964.5,141.551,0.726,232.607,2
964750,964.75,134.773,0.738,232.602,2
965000,965,139.294,0.761,232.596,2
965250,965.25,144.338,0.783,232.596,2
965500,965.5,152.095,0.785,232.589,2
965750,965.75,151.725,0.786,232.568,2
966000,966,147.519,0.763,232.594,2
966250,966.25,149.461,0.798,232.557,2
966500,966.5,153.302,0.814,232.537,2
966750,966.75,159.723,0.812,232.563,2
967000,967,158.441,0.787,232.579,2
967250,967.25,153.968,0.816,232.527,2
967500,967.5,168.605,0.878,232.55,2
967750,967.75,174.685,0.846,232.575,2
968000,968,167.686,0.865,232.552,2
968250,968.25,179.601,0.89,232.548,2
968500,968.5,174.82,0.825,232.562,2
968750,968.75,159.555,0.799,232.546,2
969000,969,153.656,0.818,232.551,2
969250,969.25,161.686,0.828,232.557,2
969500,969.5,161.36,0.791,232.564,2
969750,969.75,156.006,0.843,232.542,2
970000,970,170.252,0.832,232.523,2
970250,970.25,162.472,0.812,232.535,2
970500,970.5,158.552,0.822,232.528,2
970750,970.75,158.552,0.822,232.528,2
971000,971,159.711,0.808,232.532,2
971250,971.25,157.253,0.823,232.558,2
971500,971.5,158.982,0.785,232.567,2
971750,971.75,146.521,0.786,232.56,2
972000,972,154.022,0.8,232.593,2
972250,972.25,154.762,0.782,232.546,2
972500,972.5,144.73,0.76,232.538,2
972750,972.75,141.108,0.72,232.574,2
973000,973,134.98,0.729,232.553,2
973250,973.25,138.66,0.765,232.569,2
973500,973.5,145.732,0.747,232.567,2
973750,973.75,132.8,0.715,232.556,2
974000,974,129.281,0.683,232.593,2
974250,974.25,123.743,0.709,232.603,2
974500,974.5,135.188,0.727,232.564,2
974750,974.75,128.896,0.71,232.591,2
975000,975,127.737,0.697,232.586,2
975250,975.25,118.412,0.668,232.591,2
975500,975.5,119.205,0.666,232.595,2
975750,975.75,118.719,0.677,232.604,2
976000,976,120.582,0.647,232.61,2
976250,976.25,114.895,0.656,232.614,2
976500,976.5,113.624,0.65,232.622,2
976750,976.75,111.416,0.659,232.616,2
977000,977,122.504,0.678,232.611,2
977250,977.25,122.504,0.678,232.611,2
977500,977.5,119.031,0.641,232.579,2
977750,977.75,112.829,0.63,232.594,2
978000,978,108.283,0.629,232.632,2
978250,978.25,113.248,0.668,232.58,2
978500,978.5,121.401,0.643,232.609,2
978750,978.75,98.721,0.559,232.6,2
979000,979,98.416,0.601,232.619,2
979250,979.25,103.749,0.615,232.606,2
979500,979.5,104.641,0.589,232.616,2
979750,979.75,97.981,0.592,232.599,2
980000,980,101.788,0.609,232.62,2
980250,980.25,106.446,0.602,232.629,2
980500,980.5,98.762,0.579,232.639,2
980750,980.75,95.074,0.572,232.597,2
981000,981,100.388,0.583,232.619,2
981250,981.25,93.905,0.57,232.639,2
981500,981.5,109.457,0.671,232.601,2
981750,981.75,116.477,0.636,232.606,2
982000,982,107.415,0.624,232.577,2
982250,982.25,117.639,0.685,232.592,2
982500,982.5,112.412,0.6,232.608,2
982750,982.75,101.262,0.594,232.64,2
983000,983,103.026,0.627,232.638,2
983250,983.25,114.375,0.655,232.592,2
983500,983.5,115.889,0.632,232.626,2
983750,983.75,115.889,0.632,232.626,2
984000,984,102.285,0.581,232.634,2
984250,984.25,100.22,0.621,232.604,2
984500,984.5,110.036,0.655,232.603,2
984750,984.75,107.241,0.593,232.593,2
985000,985,102.377,0.642,232.577,2
985250,985.25,118.719,0.69,232.596,2
985500,985.5,128.379,0.69,232.617,2
985750,985.75,118.094,0.659,232.614,2
986000,986,112.782,0.645,232.628,2
986250,986.25,120.686,0.695,232.597,2
986500,986.5,123.207,0.67,232.575,2
986750,986.75,121.711,0.68,232.596,2
987000,987,122.459,0.68,232.592,2
987250,987.25,127.271,0.727,232.586,2
987500,987.5,130.434,0.656,232.609,2
987750,987.75,114.129,0.682,232.575,2
988000,988,127.997,0.706,232.587,2
988250,988.25,125.407,0.659,232.576,2
988500,988.5,117.466,0.702,232.614,2
988750,988.75,123.944,0.659,232.613,2
989000,989,115.48,0.691,232.6,2
989250,989.25,128.157,0.696,232.575,2
989500,989.5,131.181,0.734,232.584,2
989750,989.75,137.415,0.726,232.606,2
990000,990,132.49,0.696,232.622,2
990250,990.25,132.49,0.696,232.622,2
990500,990.5,129.309,0.752,232.626,2
990750,990.75,140.25,0.738,232.609,2
991000,991,138.537,0.742,232.625,2
991250,991.25,140.067,0.733,232.621,2
991500,991.5,137.952,0.725,232.603,2
991750,991.75,136.255,0.771,232.57,2
992000,992,147.964,0.759,232.559,2
992250,992.25,135.356,0.719,232.606,2
992500,992.5,130.993,0.698,232.618,2
992750,992.75,128.886,0.699,232.597,2
993000,993,136.21,0.762,232.567,2
993250,993.25,147.257,0.791,232.579,2
993500,993.5,150.883,0.758,232.58,2
993750,993.75,135.362,0.722,232.582,2
994000,994,134.229,0.715,232.583,2
994250,994.25,137.437,0.76,232.548,2
994500,994.5,145.506,0.736,232.564,2
994750,994.75,136.853,0.77,232.557,2
995000,995,149.259,0.76,232.576,2
995250,995.25,136.646,0.744,232.587,2
995500,995.5,141.367,0.731,232.588,2
995750,995.75,133.9,0.729,232.568,2
996000,996,137.145,0.727,232.59,2
996250,996.25,130.258,0.734,232.61,2
996500,996.5,139.647,0.747,232.579,2
996750,996.75,139.647,0.747,232.579,2
997000,997,142.176,0.743,232.57,2
997250,997.25,138.523,0.737,232.587,2
997500,997.5,138.885,0.744,232.583,2
997750,997.75,140.339,0.764,232.59,2
998000,998,146.044,0.766,232.58,2
998250,998.25,146.109,0.766,232.579,2
998500,998.5,145.3,0.758,232.57,2
998750,998.75,146.15,0.796,232.553,2
999000,999,164.569,0.839,232.585,2
999250,999.25,160.569,0.811,232.583,2
999500,999.5,158.949,0.777,232.567,2
999750,999.75,138.867,0.74,232.606,2
1000000,1000,142.432,0.759,232.606,2
1000250,1000.25,147.237,0.753,232.62,2
1000500,1000.5,132.717,0.739,232.584,2
1000750,1000.75,144.18,0.773,232.556,2
1001000,1001,146.671,0.756,232.581,2
1001250,1001.25,138.229,0.719,232.601,2
1001500,1001.5,135.048,0.742,232.564,2
1001750,1001.75,142.243,0.769,232.571,2
1002000,1002,145.59,0.76,232.569,2
1002250,1002.25,140.473,0.742,232.608,2
1002500,1002.5,133.816,0.686,232.616,2
1002750,1002.75,121.177,0.675,232.584,2
1003000,1003,128.307,0.713,232.57,2
1003250,1003.25,128.307,0.713,232.57,2
1003500,1003.5,126.596,0.666,232.613,2
1003750,1003.75,123.046,0.716,232.613,2
1004000,1004,125.028,0.682,232.591,2
1004250,1004.25,115.988,0.642,232.614,2
1004500,1004.5,115.716,0.68,232.604,2
1004750,1004.75,128.827,0.73,232.588,2
1005000,1005,141.776,0.777,232.574,2
1005250,1005.25,137.923,0.718,232.572,2
1005500,1005.5,132.002,0.717,232.58,2
1005750,1005.75,126.911,0.682,232.575,2
1006000,1006,126.045,0.687,232.589,2
1006250,1006.25,121.359,0.655,232.597,2
1006500,1006.5,116.811,0.677,232.607,2
1006750,1006.75,120.934,0.677,232.592,2
1007000,1007,113.897,0.642,232.582,2
1007250,1007.25,116.793,0.684,232.587,2
1007500,1007.5,122.526,0.653,232.636,2
1007750,1007.75,114.173,0.659,232.608,2
1008000,1008,116.228,0.662,232.611,2
1008250,1008.25,120.134,0.695,232.613,2
1008500,1008.5,123.407,0.654,232.628,2
1008750,1008.75,118.917,0.693,232.589,2
1009000,1009,125.238,0.675,232.622,2
1009250,1009.25,122.396,0.664,232.589,2
1009500,1009.5,111.326,0.605,232.633,2
1009750,1009.75,111.326,0.605,232.633,2
1010000,1010,103.669,0.644,232.598,2
1010250,1010.25,118.499,0.683,232.613,2
1010500,1010.5,120.165,0.645,232.597,2
1010750,1010.75,113.641,0.665,232.59,2
1011000,1011,119.209,0.65,232.596,2
1011250,1011.25,115.412,0.682,232.587,2
1011500,1011.5,115.74,0.61,232.637,2
1011750,1011.75,100.475,0.615,232.62,2
1012000,1012,108.524,0.61,232.627,2
1012250,1012.25,104.284,0.639,232.593,2
1012500,1012.5,113.843,0.658,232.58,2
1012750,1012.75,118.693,0.67,232.582,2
1013000,1013,118.895,0.67,232.59,2
1013250,1013.25,118.658,0.661,232.593,2
1013500,1013.5,119.945,0.682,232.597,2
1013750,1013.75,126.666,0.721,232.575,2
1014000,1014,136.44,0.732,232.598,2
1014250,1014.25,130.939,0.696,232.609,2
1014500,1014.5,120.14,0.683,232.61,2
1014750,1014.75,117.614,0.632,232.615,2
1015000,1015,106.764,0.643,232.617,2
1015250,1015.25,120.399,0.66,232.599,2
1015500,1015.5,115.872,0.678,232.609,2
1015750,1015.75,122.588,0.669,232.61,2
1016000,1016,113.242,0.686,232.601,2
1016250,1016.25,113.242,0.686,232.601,2
1016500,1016.5,133.335,0.701,232.595,2
1016750,1016.75,118.297,0.617,232.634,2
1017000,1017,105.223,0.642,232.594,2
1017250,1017.25,118.244,0.676,232.585,2
1017500,1017.5,116.716,0.645,232.591,2
1017750,1017.75,105.361,0.609,232.623,2
1018000,1018,107.622,0.636,232.63,2
1018250,1018.25,108.011,0.602,232.641,2
1018500,1018.5,96.527,0.584,232.622,2
1018750,1018.75,104.275,0.614,232.633,2
1019000,1019,98.483,0.609,232.611,2
1019250,1019.25,106.845,0.625,232.623,2
1019500,1019.5,105.778,0.623,232.589,2
1019750,1019.75,113.877,0.662,232.588,2
1020000,1020,116.306,0.649,232.591,2
1020250,1020.25,116.306,0.652,232.603,2
1020500,1020.5,99.929,0.61,232.588,2
1020750,1020.75,118.131,0.661,232.603,2
1021000,1021,109.982,0.602,232.615,2
1021250,1021.25,100.773,0.611,232.604,2
1021500,1021.5,111.925,0.648,232.613,2
1021750,1021.75,106.975,0.605,232.621,2
1022000,1022,103.71,0.616,232.598,2
1022250,1022.25,104.718,0.63,232.63,2
1022500,1022.5,115.315,0.64,232.576,2
1022750,1022.75,115.315,0.64,232.576,2
1023000,1023,108.371,0.599,232.635,2
1023250,1023.25,102.324,0.626,232.613,2
1023500,1023.5,109.738,0.624,232.614,2
1023750,1023.75,105.792,0.619,232.616,2
1024000,1024,106.77,0.62,232.614,2
1024250,1024.25,110.929,0.639,232.591,2
1024500,1024.5,116.449,0.686,232.587,2
1024750,1024.75,123.932,0.684,232.588,2
1025000,1025,113.594,0.652,232.586,2
1025250,1025.25,119.886,0.686,232.578,2
1025500,1025.5,121.65,0.652,232.582,2
1025750,1025.75,114.596,0.668,232.596,2
1026000,1026,120.57,0.674,232.583,2
1026250,1026.25,121.305,0.693,232.576,2
1026500,1026.5,126.351,0.692,232.605,2
1026750,1026.75,126.082,0.674,232.581,2
1027000,1027,125.206,0.726,232.589,2
1027250,1027.25,139.674,0.767,232.577,2
1027500,1027.5,145.304,0.755,232.59,2
1027750,1027.75,139.024,0.747,232.57,2
1028000,1028,142.129,0.75,232.59,2
1028250,1028.25,147.733,0.792,232.558,2
1028500,1028.5,153.647,0.761,232.564,2
1028750,1028.75,137.601,0.761,232.577,2
1029000,1029,144.668,0.77,232.598,2
1029250,1029.25,144.668,0.77,232.598,2
1029500,1029.5,148.265,0.762,232.56,2
1029750,1029.75,143.781,0.756,232.585,2
1030000,1030,147.717,0.78,232.579,2
1030250,1030.25,153.793,0.779,232.572,2
1030500,1030.5,143.537,0.771,232.572,2
1030750,1030.75,149.73,0.795,232.586,2
1031000,1031,159.343,0.841,232.568,2
1031250,1031.25,170.156,0.81,232.577,2
1031500,1031.5,152.148,0.792,232.585,2
1031750,1031.75,152.639,0.796,232.555,2
1032000,1032,154.368,0.813,232.569,2
1032250,1032.25,160.076,0.809,232.581,2
1032500,1032.5,153.408,0.788,232.56,2
1032750,1032.75,159.723,0.81,232.544,2
1033000,1033,157.823,0.815,232.565,2
1033250,1033.25,161.94,0.813,232.579,2
1033500,1033.5,156.444,0.8,232.554,2
1033750,1033.75,150.035,0.783,232.547,2
1034000,1034,151.546,0.788,232.564,2
1034250,1034.25,156.834,0.798,232.539,2
1034500,1034.5,149.901,0.767,232.59,2
1034750,1034.75,142.93,0.771,232.599,2
1035000,1035,147.618,0.779,232.585,2
1035250,1035.25,146.7,0.769,232.597,2
1035500,1035.5,146.7,0.756,232.586,2
1035750,1035.75,146.7,0.756,232.586,2
1036000,1036,143.089,0.742,232.592,2
1036250,1036.25,142.256,0.756,232.591,2
1036500,1036.5,141.374,0.757,232.57,2
1036750,1036.75,142.266,0.762,232.586,2
1037000,1037,145.63,0.778,232.573,2
1037250,1037.25,155.673,0.804,232.546,2
1037500,1037.5,160.691,0.815,232.568,2
1037750,1037.75,160.332,0.808,232.554,2
1038000,1038,156.055,0.795,232.579,2
1038250,1038.25,149.833,0.784,232.568,2
1038500,1038.5,149.814,0.773,232.606,2
1038750,1038.75,150.738,0.771,232.559,2
1039000,1039,144.784,0.752,232.583,2
1039250,1039.25,140.489,0.734,232.573,2
1039500,1039.5,142.867,0.788,232.574,2
1039750,1039.75,149.963,0.768,232.611,2
1040000,1040,140.047,0.73,232.595,2
1040250,1040.25,129.33,0.696,232.578,2
1040500,1040.5,126.011,0.685,232.573,2
1040750,1040.75,124.255,0.687,232.596,2
1041000,1041,129.323,0.726,232.578,2
1041250,1041.25,132.729,0.714,232.565,2
1041500,1041.5,128.338,0.704,232.587,2
1041750,1041.75,130.113,0.706,232.567,2
1042000,1042,127.491,0.683,232.595,2
1042250,1042.25,127.491,0.683,232.595,2
1042500,1042.5,125.155,0.705,232.609,2
1042750,1042.75,128.277,0.679,232.614,2
1043000,1043,121.173,0.699,232.572,2
1043250,1043.25,129.844,0.712,232.583,2
1043500,1043.5,131.411,0.682,232.552,2
1043750,1043.75,120.44,0.677,232.595,2
1044000,1044,125.614,0.704,232.61,2
1044250,1044.25,124.903,0.681,232.588,2
1044500,1044.5,120.482,0.683,232.588,2
1044750,1044.75,120.877,0.676,232.585,2
1045000,1045,116.424,0.639,232.594,2
1045250,1045.25,115.321,0.678,232.587,2
1045500,1045.5,123.171,0.683,232.593,2
1045750,1045.75,125.695,0.717,232.596,2
1046000,1046,129.58,0.694,232.566,2
1046250,1046.25,122.514,0.7,232.584,2
1046500,1046.5,130.435,0.694,232.597,2
1046750,1046.75,125.727,0.663,232.608,2
1047000,1047,114.961,0.678,232.589,2
1047250,1047.25,121.47,0.679,232.595,2
1047500,1047.5,120.511,0.682,232.594,2
1047750,1047.75,122.742,0.685,232.588,2
1048000,1048,120.779,0.624,232.607,2
1048250,1048.25,107.466,0.634,232.586,2
1048500,1048.5,110.544,0.615,232.6,2
1048750,1048.75,110.544,0.615,232.6,2
1049000,1049,103.62,0.648,232.603,2
1049250,1049.25,117.85,0.679,232.571,2
1049500,1049.5,125.013,0.687,232.592,2
1049750,1049.75,122.253,0.657,232.593,2
1050000,1050,117.618,0.696,232.594,2
1050250,1050.25,125.313,0.676,232.581,2
1050500,1050.5,109.449,0.628,232.583,2
1050750,1050.75,109.903,0.653,232.596,2
1051000,1051,116.014,0.631,232.59,2
1051250,1051.25,101.787,0.582,232.622,2
1051500,1051.5,99.614,0.596,232.624,2
1051750,1051.75,101.24,0.613,232.62,2
1052000,1052,105.625,0.609,232.618,2
1052250,1052.25,99.594,0.586,232.592,2
1052500,1052.5,98.457,0.569,232.603,2
1052750,1052.75,87.945,0.485,232.625,2
1053000,1053,74.375,0.48,232.648,2
1053250,1053.25,82.991,0.523,232.61,2
1053500,1053.5,86.773,0.546,232.645,2
1053750,1053.75,92.523,0.553,232.628,2
1054000,1054,90.11,0.529,232.626,2
1054250,1054.25,86.24,0.525,232.653,2
1054500,1054.5,85.125,0.518,232.646,2
1054750,1054.75,79.466,0.494,232.639,2
1055000,1055,81.281,0.518,232.602,2
1055250,1055.25,81.281,0.518,232.602,2
1055500,1055.5,93.327,0.581,232.599,2
1055750,1055.75,97.817,0.558,232.599,2
1056000,1056,91.576,0.517,232.625,2
1056250,1056.25,85.39,0.55,232.606,2
1056500,1056.5,95.324,0.583,232.645,2
1056750,1056.75,98.165,0.56,232.632,2
1057000,1057,93.93,0.568,232.652,2
1057250,1057.25,92.584,0.545,232.636,2
1057500,1057.5,99.403,0.596,232.639,2
1057750,1057.75,98.704,0.579,232.621,2
1058000,1058,101.992,0.612,232.621,2
1058250,1058.25,104.504,0.617,232.607,2
1058500,1058.5,109.375,0.634,232.599,2
1058750,1058.75,109.288,0.597,232.611,2
1059000,1059,92.81,0.527,232.621,2
1059250,1059.25,100.013,0.647,232.579,2
1059500,1059.5,108.937,0.573,232.609,2
1059750,1059.75,96.238,0.604,232.616,2
1060000,1060,108.288,0.632,232.59,2
1060250,1060.25,109.126,0.622,232.591,2
1060500,1060.5,108.773,0.626,232.616,2
1060750,1060.75,110.795,0.663,232.585,2
1061000,1061,115.404,0.643,232.598,2
1061250,1061.25,109.119,0.642,232.612,2
1061500,1061.5,108.33,0.614,232.589,2
1061750,1061.75,108.33,0.614,232.589,2
1062000,1062,108.976,0.625,232.622,2
1062250,1062.25,107.758,0.645,232.631,2
1062500,1062.5,120.435,0.697,232.584,2
1062750,1062.75,132.221,0.703,232.566,2
1063000,1063,130.467,0.744,232.541,2
1063250,1063.25,140.997,0.725,232.579,2
1063500,1063.5,133.301,0.726,232.585,2
1063750,1063.75,133.039,0.729,232.523,2
1064000,1064,138.566,0.753,232.537,2
1064250,1064.25,146.943,0.75,232.588,2
1064500,1064.5,137.611,0.724,232.589,2
1064750,1064.75,135.589,0.75,232.553,2
1065000,1065,146.466,0.791,232.551,2
1065250,1065.25,155.306,0.776,232.547,2
1065500,1065.5,143.836,0.749,232.571,2
1065750,1065.75,139.381,0.738,232.556,2
1066000,1066,137.037,0.704,232.556,2
1066250,1066.25,126.727,0.756,232.542,2
1066500,1066.5,144.906,0.731,232.585,2
1066750,1066.75,139.44,0.777,232.549,2
1067000,1067,153.527,0.792,232.548,2
1067250,1067.25,153.204,0.765,232.573,2
1067500,1067.5,144.198,0.758,232.563,2
1067750,1067.75,145.511,0.795,232.57,2
1068000,1068,155.653,0.761,232.573,2
1068250,1068.25,155.653,0.761,232.573,2
1068500,1068.5,142.051,0.784,232.572,2
1068750,1068.75,154.459,0.782,232.57,2
1069000,1069,148.788,0.797,232.566,2
1069250,1069.25,161.332,0.795,232.558,2
1069500,1069.5,153.8,0.816,232.548,2
1069750,1069.75,159.76,0.819,232.54,2
1070000,1070,161.012,0.815,232.578,2
1070250,1070.25,161.105,0.837,232.557,2
1070500,1070.5,170.512,0.826,232.58,2
1070750,1070.75,153.598,0.78,232.582,2
1071000,1071,147.869,0.784,232.583,2
1071250,1071.25,148.856,0.762,232.559,2
1071500,1071.5,137.487,0.735,232.577,2
1071750,1071.75,139.532,0.74,232.577,2
1072000,1072,144.492,0.775,232.562,2
1072250,1072.25,151.49,0.798,232.563,2
1072500,1072.5,153.187,0.781,232.564,2
1072750,1072.75,143.945,0.75,232.582,2
1073000,1073,140.505,0.742,232.586,2
1073250,1073.25,138.807,0.722,232.597,2
1073500,1073.5,135.953,0.744,232.593,2
1073750,1073.75,144.115,0.776,232.571,2
1074000,1074,144.437,0.746,232.582,2
1074250,1074.25,133.488,0.723,232.606,2
1074500,1074.5,136.768,0.73,232.576,2
1074750,1074.75,136.768,0.73,232.576,2
1075000,1075,127.626,0.694,232.597,2
1075250,1075.25,129.781,0.707,232.585,2
1075500,1075.5,128.14,0.707,232.601,2
1075750,1075.75,127.18,0.708,232.584,2
1076000,1076,131.194,0.698,232.597,2
1076250,1076.25,124.617,0.67,232.601,2
1076500,1076.5,122.24,0.683,232.574,2
1076750,1076.75,129.071,0.707,232.566,2
1077000,1077,127.292,0.711,232.566,2
1077250,1077.25,128.87,0.693,232.59,2
1077500,1077.5,119.449,0.654,232.593,2
1077750,1077.75,114.609,0.663,232.583,2
1078000,1078,125.822,0.714,232.583,2
1078250,1078.25,129.126,0.685,232.603,2
1078500,1078.5,123.713,0.695,232.575,2
1078750,1078.75,116.733,0.649,232.632,2
1079000,1079,110.888,0.649,232.606,2
1079250,1079.25,116.651,0.643,232.603,2
1079500,1079.5,110.916,0.635,232.608,2
1079750,1079.75,112.389,0.657,232.63,2
1080000,1080,110.114,0.601,232.653,2
1080250,1080.25,102.186,0.641,232.628,2
1080500,1080.5,111.359,0.625,232.63,2
1080750,1080.75,108.736,0.638,232.613,2
1081000,1081,113.58,0.661,232.584,2
1081250,1081.25,113.58,0.661,232.584,2
1081500,1081.5,116.903,0.641,232.585,2
1081750,1081.75,108.638,0.626,232.601,2
1082000,1082,104.777,0.618,232.608,2
1082250,1082.25,106.178,0.633,232.621,2
1082500,1082.5,112.393,0.621,232.61,2
1082750,1082.75,103.723,0.575,232.65,2
1083000,1083,92.964,0.566,232.623,2
1083250,1083.25,98.655,0.604,232.608,2
1083500,1083.5,105.829,0.617,232.593,2
1083750,1083.75,97.821,0.552,232.628,2
1084000,1084,95.48,0.625,232.603,2
1084250,1084.25,110.079,0.601,232.599,2
1084500,1084.5,100.219,0.573,232.605,2
1084750,1084.75,95.245,0.591,232.623,2
1085000,1085,98.141,0.567,232.609,2
1085250,1085.25,94.571,0.582,232.611,2
1085500,1085.5,99.209,0.594,232.622,2
1085750,1085.75,102.025,0.573,232.58,2
1086000,1086,96.082,0.552,232.595,2
1086250,1086.25,89.335,0.577,232.59,2
1086500,1086.5,103.15,0.589,232.618,2
1086750,1086.75,97.041,0.579,232.633,2
1087000,1087,95.535,0.587,232.613,2
1087250,1087.25,101.533,0.57,232.616,2
1087500,1087.5,90.995,0.552,232.632,2
1087750,1087.75,90.995,0.552,232.632,2
1088000,1088,93.679,0.586,232.606,2
1088250,1088.25,105.434,0.608,232.615,2
1088500,1088.5,98.549,0.575,232.621,2
1088750,1088.75,98.228,0.615,232.606,2
1089000,1089,110.467,0.622,232.595,2
1089250,1089.25,104.61,0.625,232.595,2
1089500,1089.5,112.708,0.64,232.607,2
1089750,1089.75,107.412,0.621,232.588,2
1090000,1090,111.405,0.622,232.611,2
1090250,1090.25,105.24,0.646,232.633,2
1090500,1090.5,124.069,0.673,232.568,2
1090750,1090.75,106.886,0.619,232.616,2
1091000,1091,110.825,0.648,232.566,2
1091250,1091.25,115.202,0.657,232.594,2
1091500,1091.5,115.225,0.658,232.624,2
1091750,1091.75,116.03,0.667,232.604,2
1092000,1092,125.892,0.698,232.578,2
1092250,1092.25,117.532,0.651,232.597,2
1092500,1092.5,121.259,0.689,232.602,2
1092750,1092.75,129.732,0.708,232.609,2
1093000,1093,122.29,0.671,232.608,2
1093250,1093.25,128.029,0.708,232.599,2
1093500,1093.5,128.446,0.709,232.589,2
1093750,1093.75,126.677,0.68,232.596,2
1094000,1094,118.175,0.665,232.608,2
1094250,1094.25,118.175,0.665,232.608,2
1094500,1094.5,123.233,0.694,232.578,2
1094750,1094.75,124.573,0.692,232.594,2
1095000,1095,126.691,0.701,232.579,2
1095250,1095.25,125.734,0.677,232.6,2
1095500,1095.5,121.755,0.706,232.624,2
1095750,1095.75,128.34,0.699,232.6,2
1096000,1096,126.25,0.668,232.604,2
1096250,1096.25,117.598,0.674,232.617,2
1096500,1096.5,124.278,0.692,232.603,2
1096750,1096.75,124.437,0.687,232.603,2
1097000,1097,129.549,0.732,232.572,2
1097250,1097.25,128.118,0.659,232.643,2
1097500,1097.5,118.332,0.679,232.62,2
1097750,1097.75,111.834,0.601,232.624,2
1098000,1098,108.375,0.658,232.616,2
1098250,1098.25,118.882,0.692,232.582,2
1098500,1098.5,121.558,0.671,232.559,2
1098750,1098.75,118.781,0.685,232.573,2
1099000,1099,128.638,0.711,232.587,2
1099250,1099.25,133.022,0.712,232.576,2
1099500,1099.5,132.109,0.749,232.573,2
1099750,1099.75,140.25,0.73,232.588,2
1100000,1100,131.948,0.71,232.602,2
1100250,1100.25,129.239,0.708,232.587,2
1100500,1100.5,133.911,0.704,232.609,2
1100750,1100.75,133.911,0.704,232.609,2
1101000,1101,130.322,0.723,232.58,2
1101250,1101.25,135.069,0.753,232.578,2
1101500,1101.5,143.978,0.732,232.586,2
1101750,1101.75,132.916,0.708,232.566,2
1102000,1102,134.7,0.727,232.608,2
1102250,1102.25,137.386,0.724,232.587,2
1102500,1102.5,131.138,0.712,232.613,2
1102750,1102.75,132.605,0.739,232.614,2
1103000,1103,137.189,0.724,232.623,2
1103250,1103.25,134.593,0.725,232.596,2
1103500,1103.5,135.753,0.708,232.59,2
1103750,1103.75,128.004,0.7,232.606,2
1104000,1104,129.899,0.7,232.619,2
1104250,1104.25,125.287,0.718,232.587,2
1104500,1104.5,137.122,0.739,232.609,2
1104750,1104.75,140.645,0.721,232.57,2
1105000,1105,127.577,0.69,232.602,2
1105250,1105.25,128.96,0.724,232.593,2
1105500,1105.5,136.339,0.74,232.608,2
1105750,1105.75,138.196,0.722,232.591,2
1106000,1106,132.903,0.715,232.607,2
1106250,1106.25,132.142,0.712,232.616,2
1106500,1106.5,137.869,0.741,232.595,2
1106750,1106.75,140.002,0.751,232.587,2
1107000,1107,138.784,0.746,232.596,2
1107250,1107.25,138.784,0.746,232.596,2
1107500,1107.5,141.293,0.716,232.612,2
1107750,1107.75,122.273,0.7,232.586,2
1108000,1108,135.433,0.733,232.585,2
1108250,1108.25,134.558,0.714,232.576,2
1108500,1108.5,132.315,0.721,232.607,2
1108750,1108.75,128.681,0.703,232.587,2
1109000,1109,127.044,0.701,232.596,2
1109250,1109.25,126.287,0.685,232.6,2
1109500,1109.5,125.776,0.696,232.579,2
1109750,1109.75,129.24,0.704,232.582,2
1110000,1110,132.653,0.722,232.568,2
1110250,1110.25,132.423,0.732,232.558,2
1110500,1110.5,134.819,0.704,232.591,2
1110750,1110.75,125.347,0.682,232.601,2
1111000,1111,127.296,0.7,232.609,2
1111250,1111.25,128.133,0.693,232.621,2
1111500,1111.5,127.9,0.71,232.599,2
1111750,1111.75,124.638,0.692,232.572,2
1112000,1112,127.459,0.713,232.592,2
1112250,1112.25,128.776,0.686,232.571,2
1112500,1112.5,128.225,0.7,232.607,2
1112750,1112.75,125.736,0.703,232.596,2
1113000,1113,131.284,0.723,232.614,2
1113250,1113.25,134.548,0.721,232.615,2
1113500,1113.5,128.334,0.702,232.624,2
1113750,1113.75,128.334,0.702,232.624,2
1114000,1114,129.088,0.688,232.609,2
1114250,1114.25,127.134,0.708,232.623,2
1114500,1114.5,127.776,0.707,232.611,2
1114750,1114.75,135.541,0.745,232.628,2
1115000,1115,139.197,0.737,232.613,2
1115250,1115.25,126.929,0.679,232.591,2
1115500,1115.5,127.183,0.735,232.59,2
1115750,1115.75,138.895,0.733,232.569,2
1116000,1116,138.188,0.744,232.61,2
1116250,1116.25,132.047,0.714,232.597,2
1116500,1116.5,133.447,0.724,232.609,2
1116750,1116.75,131.822,0.699,232.593,2
1117000,1117,125.252,0.697,232.615,2
1117250,1117.25,129.879,0.707,232.574,2
1117500,1117.5,126.783,0.682,232.59,2
1117750,1117.75,122.421,0.683,232.59,2
1118000,1118,126.937,0.713,232.583,2
1118250,1118.25,129.22,0.69,232.591,2
1118500,1118.5,123.171,0.68,232.594,2
1118750,1118.75,122.844,0.705,232.589,2
1119000,1119,128.677,0.67,232.622,2
1119250,1119.25,121.258,0.706,232.583,2
1119500,1119.5,132.693,0.737,232.581,2
1119750,1119.75,139.295,0.688,232.605,2
1120000,1120,128.387,0.75,232.583,2
1120250,1120.25,128.387,0.75,232.583,2
1120500,1120.5,144.684,0.766,232.568,2
1120750,1120.75,143.924,0.755,232.579,2
1121000,1121,138.066,0.739,232.555,2
1121250,1121.25,136.145,0.727,232.584,2
1121500,1121.5,143.872,0.788,232.58,2
1121750,1121.75,154.941,0.769,232.571,2
1122000,1122,141.54,0.766,232.591,2
1122250,1122.25,147.284,0.802,232.554,2
1122500,1122.5,151.786,0.748,232.573,2
1122750,1122.75,138.646,0.775,232.577,2
1123000,1123,145.927,0.735,232.567,2
1123250,1123.25,141.66,0.762,232.562,2
1123500,1123.5,146.554,0.767,232.582,2
1123750,1123.75,140.742,0.736,232.572,2
1124000,1124,130.575,0.709,232.579,2
1124250,1124.25,127.246,0.706,232.563,2
1124500,1124.5,135.801,0.746,232.566,2
1124750,1124.75,146.619,0.75,232.602,2
1125000,1125,130.138,0.705,232.621,2
1125250,1125.25,129.178,0.736,232.579,2
1125500,1125.5,140.593,0.754,232.557,2
1125750,1125.75,139.122,0.711,232.613,2
1126000,1126,131.75,0.754,232.565,2
1126250,1126.25,150.839,0.787,232.586,2
1126500,1126.5,141.172,0.728,232.591,2
1126750,1126.75,141.172,0.728,232.591,2
1127000,1127,126.684,0.706,232.567,2
1127250,1127.25,124.699,0.696,232.599,2
1127500,1127.5,134.3,0.731,232.592,2
1127750,1127.75,135.303,0.714,232.592,2
1128000,1128,127.971,0.696,232.613,2
1128250,1128.25,127.588,0.707,232.571,2
1128500,1128.5,125.77,0.698,232.585,2
1128750,1128.75,121.963,0.678,232.604,2
1129000,1129,120.506,0.67,232.585,2
1129250,1129.25,126.326,0.706,232.597,2
1129500,1129.5,131.797,0.736,232.571,2
1129750,1129.75,138.99,0.741,232.6,2
1130000,1130,137.278,0.727,232.569,2
1130250,1130.25,131.547,0.709,232.597,2
1130500,1130.5,134.191,0.715,232.595,2
1130750,1130.75,141.9,0.762,232.579,2
1131000,1131,136.255,0.733,232.607,2
1131250,1131.25,137.915,0.734,232.584,2
1131500,1131.5,131.357,0.706,232.6,2
1131750,1131.75,131.385,0.716,232.607,2
1132000,1132,135.504,0.721,232.607,2
1132250,1132.25,128.891,0.691,232.574,2
1132500,1132.5,136.507,0.767,232.57,2
1132750,1132.75,137.886,0.729,232.585,2
1133000,1133,133.266,0.716,232.605,2
1133250,1133.25,133.266,0.716,232.605,2
1133500,1133.5,134.022,0.718,232.583,2
1133750,1133.75,133.538,0.718,232.583,2
1134000,1134,137.955,0.726,232.583,2
1134250,1134.25,135.981,0.746,232.583,2
1134500,1134.5,138.15,0.741,232.615,2
1134750,1134.75,135.675,0.713,232.594,2
1135000,1135,126.414,0.694,232.634,2
1135250,1135.25,122.198,0.669,232.622,2
1135500,1135.5,129.996,0.739,232.568,2
1135750,1135.75,139.117,0.755,232.586,2
1136000,1136,137.958,0.729,232.604,2
1136250,1136.25,127.516,0.698,232.595,2
1136500,1136.5,132.776,0.717,232.577,2
1136750,1136.75,131.012,0.701,232.571,2
1137000,1137,132.939,0.738,232.576,2
1137250,1137.25,133.752,0.692,232.617,2
1137500,1137.5,119.024,0.685,232.603,2
1137750,1137.75,120.559,0.678,232.616,2
1138000,1138,124.644,0.696,232.582,2
1138250,1138.25,131.456,0.719,232.583,2
1138500,1138.5,129.502,0.679,232.571,2
1138750,1138.75,113.748,0.627,232.566,2
1139000,1139,116.873,0.697,232.594,2
1139250,1139.25,126.245,0.672,232.604,2
1139500,1139.5,112.029,0.629,232.64,2
1139750,1139.75,112.029,0.629,232.64,2
1140000,1140,112.845,0.634,232.602,2
1140250,1140.25,109.717,0.629,232.625,2
1140500,1140.5,106.855,0.604,232.566,2
1140750,1140.75,105.544,0.604,232.6,2
1141000,1141,99.851,0.584,232.58,2
1141250,1141.25,96.469,0.579,232.635,2
1141500,1141.5,103.826,0.628,232.581,2
1141750,1141.75,112.734,0.638,232.619,2
1142000,1142,110.086,0.615,232.59,2
1142250,1142.25,105.416,0.602,232.62,2
1142500,1142.5,101.065,0.563,232.596,2
1142750,1142.75,95.236,0.611,232.599,2
1143000,1143,107.848,0.624,232.597,2
1143250,1143.25,108.883,0.596,232.605,2
1143500,1143.5,94.044,0.559,232.587,2
1143750,1143.75,93.073,0.549,232.629,2
1144000,1144,85.861,0.501,232.624,2
1144250,1144.25,74.889,0.489,232.649,2
1144500,1144.5,77.062,0.482,232.66,2
1144750,1144.75,75.986,0.495,232.649,2
1145000,1145,79.845,0.502,232.651,2
1145250,1145.25,80.556,0.491,232.64,2
1145500,1145.5,75.108,0.49,232.631,2
1145750,1145.75,83.023,0.528,232.631,2
1146000,1146,88.045,0.548,232.597,2
1146250,1146.25,88.045,0.548,232.597,2
1146500,1146.5,93.048,0.566,232.606,2
1146750,1146.75,96.775,0.572,232.615,2
1147000,1147,91.102,0.539,232.629,2
1147250,1147.25,83.14,0.516,232.632,2
1147500,1147.5,89.954,0.561,232.632,2
1147750,1147.75,86.285,0.525,232.657,2
1148000,1148,89.284,0.537,232.602,2
1148250,1148.25,88.266,0.537,232.609,2
1148500,1148.5,81.606,0.515,232.617,2
1148750,1148.75,89.829,0.554,232.626,2
1149000,1149,89.103,0.533,232.64,2
1149250,1149.25,89.992,0.563,232.603,2
1149500,1149.5,101.741,0.616,232.6,2
1149750,1149.75,102.345,0.584,232.613,2
1150000,1150,95.918,0.563,232.603,2
1150250,1150.25,96.582,0.602,232.594,2
1150500,1150.5,110.166,0.626,232.582,2
1150750,1150.75,108.314,0.621,232.573,2
1151000,1151,109.353,0.65,232.596,2
1151250,1151.25,109.297,0.602,232.606,2
1151500,1151.5,106.971,0.657,232.568,2
1151750,1151.75,123.031,0.686,232.558,2
1152000,1152,131.244,0.731,232.548,2
1152250,1152.25,133.121,0.717,232.579,2
1152500,1152.5,131.262,0.726,232.592,2
1152750,1152.75,131.262,0.726,232.592,2
1153000,1153,133.89,0.711,232.572,2
1153250,1153.25,130.418,0.693,232.558,2
1153500,1153.5,127.557,0.696,232.564,2
1153750,1153.75,127.847,0.703,232.59,2
1154000,1154,134.516,0.761,232.571,2
1154250,1154.25,137.664,0.695,232.568,2
1154500,1154.5,131.904,0.763,232.543,2
1154750,1154.75,147.593,0.747,232.59,2
1155000,1155,135.485,0.721,232.585,2
1155250,1155.25,135.197,0.744,232.561,2
1155500,1155.5,136.251,0.716,232.581,2
1155750,1155.75,127.034,0.738,232.549,2
1156000,1156,138.398,0.723,232.568,2
1156250,1156.25,138.725,0.766,232.558,2
1156500,1156.5,148.08,0.751,232.562,2
1156750,1156.75,138.352,0.779,232.579,2
1157000,1157,149.49,0.771,232.577,2
1157250,1157.25,144.952,0.746,232.559,2
1157500,1157.5,136.716,0.731,232.61,2
1157750,1157.75,140.531,0.739,232.585,2
1158000,1158,141.731,0.742,232.586,2
1158250,1158.25,137.471,0.767,232.564,2
1158500,1158.5,145.834,0.749,232.579,2
1158750,1158.75,138.115,0.751,232.545,2
1159000,1159,143.912,0.769,232.574,2
1159250,1159.25,143.912,0.769,232.574,2
1159500,1159.5,148.475,0.762,232.59,2
1159750,1159.75,140.797,0.737,232.585,2
1160000,1160,140.339,0.777,232.583,2
1160250,1160.25,148.478,0.768,232.571,2
1160500,1160.5,140.8,0.738,232.602,2
1160750,1160.75,140.332,0.722,232.631,2
1161000,1161,130,0.729,232.58,2
1161250,1161.25,144.078,0.774,232.562,2
1161500,1161.5,148.312,0.771,232.568,2
1161750,1161.75,137.848,0.749,232.555,2
1162000,1162,143.051,0.737,232.569,2
1162250,1162.25,139.441,0.748,232.584,2
1162500,1162.5,147.23,0.787,232.567,2
1162750,1162.75,154.442,0.799,232.555,2
1163000,1163,150.245,0.779,232.552,2
1163250,1163.25,146.764,0.764,232.588,2
1163500,1163.5,145.413,0.76,232.567,2
1163750,1163.75,145.241,0.742,232.588,2
1164000,1164,138.759,0.742,232.582,2
1164250,1164.25,140.252,0.776,232.579,2
1164500,1164.5,150.66,0.762,232.581,2
1164750,1164.75,140.813,0.735,232.55,2
1165000,1165,134.012,0.712,232.558,2
1165250,1165.25,129.441,0.708,232.602,2
1165500,1165.5,130.337,0.72,232.575,2
1165750,1165.75,130.337,0.72,232.575,2
1166000,1166,135.524,0.728,232.595,2
1166250,1166.25,126.902,0.704,232.604,2
1166500,1166.5,132.475,0.721,232.569,2
1166750,1166.75,134.293,0.712,232.587,2
1167000,1167,128.811,0.702,232.579,2
1167250,1167.25,131.291,0.709,232.571,2
1167500,1167.5,130.454,0.716,232.586,2
1167750,1167.75,128.407,0.706,232.56,2
1168000,1168,133.315,0.71,232.571,2
1168250,1168.25,126.05,0.707,232.587,2
1168500,1168.5,131.881,0.727,232.602,2
1168750,1168.75,136.595,0.737,232.594,2
1169000,1169,135.284,0.737,232.564,2
1169250,1169.25,139.473,0.767,232.544,2
1169500,1169.5,151.835,0.798,232.571,2
1169750,1169.75,155.265,0.776,232.549,2
1170000,1170,143.977,0.758,232.578,2
1170250,1170.25,145.967,0.782,232.567,2
1170500,1170.5,148.886,0.771,232.565,2
1170750,1170.75,145.65,0.778,232.576,2
1171000,1171,151.753,0.78,232.567,2
1171250,1171.25,149.044,0.755,232.522,2
1171500,1171.5,144.746,0.786,232.534,2
1171750,1171.75,156.32,0.802,232.558,2
1172000,1172,146.253,0.735,232.583,2
1172250,1172.25,146.253,0.735,232.583,2
1172500,1172.5,133.391,0.73,232.586,2
1172750,1172.75,143.536,0.774,232.577,2
1173000,1173,144.915,0.751,232.566,2
1173250,1173.25,145.834,0.789,232.569,2
1173500,1173.5,156.903,0.818,232.577,2
1173750,1173.75,152.767,0.77,232.54,2
1174000,1174,143.205,0.752,232.525,2
1174250,1174.25,138.278,0.726,232.546,2
1174500,1174.5,136.615,0.731,232.577,2
1174750,1174.75,135.539,0.712,232.571,2
1175000,1175,126.978,0.723,232.554,2
1175250,1175.25,134.624,0.72,232.557,2
1175500,1175.5,129.334,0.69,232.57,2
1175750,1175.75,121.243,0.662,232.587,2
1176000,1176,113.729,0.617,232.592,2
1176250,1176.25,110.129,0.666,232.617,2
1176500,1176.5,117.549,0.66,232.622,2
1176750,1176.75,110.998,0.644,232.601,2
1177000,1177,117.939,0.691,232.59,2
1177250,1177.25,128.748,0.653,232.597,2
1177500,1177.5,103.855,0.628,232.601,2
1177750,1177.75,116.066,0.674,232.559,2
1178000,1178,116.125,0.618,232.552,2
1178250,1178.25,95.829,0.595,232.602,2
1178500,1178.5,109.681,0.637,232.607,2
1178750,1178.75,109.681,0.637,232.607,2
1179000,1179,112.498,0.614,232.609,2
1179250,1179.25,103.925,0.6,232.628,2
1179500,1179.5,106.314,0.629,232.581,2
1179750,1179.75,109.963,0.635,232.618,2
1180000,1180,106.97,0.598,232.571,2
1180250,1180.25,94.077,0.528,232.609,2
1180500,1180.5,82.949,0.541,232.622,2
1180750,1180.75,96.818,0.587,232.613,2
1181000,1181,85.366,0.538,232.578,2
1181250,1181.25,95.337,0.557,232.608,2
1181500,1181.5,90.264,0.534,232.636,2
1181750,1181.75,83.046,0.488,232.628,2
1182000,1182,79.397,0.473,232.672,2
1182250,1182.25,76.356,0.468,232.644,2
1182500,1182.5,70.685,0.494,232.6,2
1182750,1182.75,91.65,0.537,232.621,2
1183000,1183,73.262,0.44,232.648,2
1183250,1183.25,73.062,0.514,232.639,2
1183500,1183.5,98.019,0.585,232.628,2
1183750,1183.75,93.638,0.53,232.643,2
1184000,1184,82.56,0.502,232.682,2
1184250,1184.25,82.474,0.534,232.65,2
1184500,1184.5,87.298,0.514,232.624,2
1184750,1184.75,79.755,0.481,232.651,2
1185000,1185,74.661,0.489,232.6,2
1185250,1185.25,74.661,0.489,232.6,2
1185500,1185.5,92.577,0.542,232.624,2
1185750,1185.75,80.872,0.518,232.652,2
1186000,1186,94.367,0.607,232.621,2
1186250,1186.25,94.517,0.533,232.664,2
1186500,1186.5,82.966,0.512,232.64,2
1186750,1186.75,84.964,0.529,232.634,2
1187000,1187,90.452,0.574,232.626,2
1187250,1187.25,105.055,0.621,232.616,2
1187500,1187.5,104.579,0.617,232.607,2
1187750,1187.75,107.391,0.637,232.598,2
1188000,1188,119.676,0.666,232.61,2
1188250,1188.25,116.631,0.658,232.619,2
1188500,1188.5,118.995,0.695,232.596,2
1188750,1188.75,130.9,0.73,232.61,2
1189000,1189,131.257,0.724,232.616,2
1189250,1189.25,144.829,0.794,232.552,2
1189500,1189.5,154.391,0.781,232.578,2
1189750,1189.75,142.107,0.736,232.597,2
1190000,1190,135.918,0.747,232.565,2
1190250,1190.25,141.354,0.758,232.595,2
1190500,1190.5,143.175,0.734,232.579,2
1190750,1190.75,133.772,0.735,232.588,2
1191000,1191,137.892,0.737,232.589,2
1191250,1191.25,141.333,0.759,232.579,2
1191500,1191.5,139.404,0.741,232.574,2
1191750,1191.75,139.404,0.741,232.574,2
1192000,1192,137.611,0.73,232.547,2
1192250,1192.25,129.24,0.7,232.599,2
1192500,1192.5,122.93,0.685,232.63,2
1192750,1192.75,132.44,0.748,232.588,2
1193000,1193,142.086,0.759,232.557,2
1193250,1193.25,136.432,0.699,232.585,2
1193500,1193.5,123.53,0.685,232.617,2
1193750,1193.75,122.151,0.675,232.574,2
1194000,1194,120.864,0.674,232.604,2
1194250,1194.25,123.902,0.725,232.578,2
1194500,1194.5,143.284,0.773,232.59,2
1194750,1194.75,144.076,0.732,232.577,2
1195000,1195,128.532,0.698,232.6,2
1195250,1195.25,134.357,0.754,232.599,2
1195500,1195.5,141.697,0.728,232.57,2
1195750,1195.75,130.295,0.697,232.606,2
1196000,1196,127.89,0.716,232.579,2
1196250,1196.25,131.486,0.71,232.61,2
1196500,1196.5,134.181,0.746,232.587,2
1196750,1196.75,144.867,0.742,232.564,2
1197000,1197,138.617,0.75,232.56,2
1197250,1197.25,143.146,0.766,232.585,2
1197500,1197.5,142.995,0.746,232.589,2
1197750,1197.75,134.621,0.712,232.591,2
1198000,1198,132.992,0.746,232.56,2
1198250,1198.25,132.992,0.746,232.56,2
1198500,1198.5,145.436,0.744,232.624,2
1198750,1198.75,134.973,0.74,232.598,2
1199000,1199,143.643,0.778,232.609,2
1199250,1199.25,147.97,0.781,232.59,2
1199500,1199.5,151.181,0.772,232.606,2
1199750,1199.75,141.902,0.74,232.584,2
1200000,1200,140.618,0.753,232.552,2
1200250,1200.25,148.201,0.756,232.562,2
1200500,1200.5,135.819,0.732,232.568,2
1200750,1200.75,135.128,0.729,232.575,2
1201000,1201,129.814,0.668,232.585,2
1201250,1201.25,109.428,0.626,232.611,2
1201500,1201.5,115.793,0.688,232.573,2
1201750,1201.75,130.965,0.718,232.572,2
1202000,1202,129.977,0.712,232.588,2
1202250,1202.25,130.206,0.714,232.611,2
1202500,1202.5,128.983,0.688,232.594,2
1202750,1202.75,127.97,0.726,232.56,2
1203000,1203,141.322,0.731,232.616,2
1203250,1203.25,128.409,0.672,232.596,2
1203500,1203.5,126.145,0.692,232.572,2
1203750,1203.75,112.52,0.65,232.619,2
1204000,1204,121.503,0.682,232.574,2
1204250,1204.25,117.46,0.656,232.594,2
1204500,1204.5,122.865,0.692,232.573,2
1204750,1204.75,122.865,0.692,232.573,2
1205000,1205,125.544,0.695,232.552,2
1205250,1205.25,125.239,0.704,232.61,2
1205500,1205.5,133.19,0.73,232.584,2
1205750,1205.75,131.447,0.707,232.579,2
1206000,1206,134.933,0.718,232.56,2
1206250,1206.25,124.852,0.673,232.562,2
1206500,1206.5,121.926,0.705,232.574,2
1206750,1206.75,132.055,0.723,232.598,2
1207000,1207,128.583,0.679,232.566,2
1207250,1207.25,120.505,0.671,232.602,2
1207500,1207.5,119.939,0.652,232.589,2
1207750,1207.75,112.894,0.635,232.573,2
1208000,1208,115.033,0.667,232.571,2
1208250,1208.25,115.08,0.674,232.61,2
1208500,1208.5,123.741,0.704,232.594,2
1208750,1208.75,126.529,0.667,232.59,2
1209000,1209,120.49,0.688,232.585,2
1209250,1209.25,129.741,0.71,232.59,2
1209500,1209.5,129.08,0.707,232.586,2
1209750,1209.75,130.95,0.733,232.55,2
1210000,1210,137.234,0.707,232.586,2
1210250,1210.25,127.644,0.685,232.585,2
1210500,1210.5,123.262,0.661,232.586,2
1210750,1210.75,124.396,0.727,232.587,2
1211000,1211,131.196,0.688,232.575,2
1211250,1211.25,131.196,0.688,232.575,2
1211500,1211.5,125.109,0.706,232.573,2
1211750,1211.75,120.075,0.649,232.605,2
1212000,1212,116.342,0.657,232.578,2
1212250,1212.25,121.127,0.698,232.585,2
1212500,1212.5,127.547,0.717,232.533,2
1212750,1212.75,131.417,0.685,232.585,2
1213000,1213,123.928,0.728,232.564,2
1213250,1213.25,130.257,0.677,232.6,2
1213500,1213.5,121.402,0.685,232.553,2
1213750,1213.75,123.394,0.676,232.612,2
1214000,1214,123.126,0.69,232.614,2
1214250,1214.25,116.251,0.624,232.614,2
1214500,1214.5,109.442,0.665,232.565,2
1214750,1214.75,118.938,0.651,232.602,2
1215000,1215,114.746,0.66,232.606,2
1215250,1215.25,117.716,0.629,232.587,2
1215500,1215.5,108.012,0.656,232.59,2
1215750,1215.75,117.552,0.658,232.614,2
1216000,1216,118.137,0.692,232.6,2
1216250,1216.25,120.081,0.637,232.621,2
1216500,1216.5,102.442,0.592,232.63,2
1216750,1216.75,102.646,0.619,232.574,2
1217000,1217,109.609,0.629,232.611,2
1217250,1217.25,110.687,0.637,232.602,2
1217500,1217.5,109.611,0.631,232.622,2
1217750,1217.75,109.611,0.631,232.622,2
1218000,1218,105.944,0.598,232.613,2
1218250,1218.25,102.238,0.64,232.589,2
1218500,1218.5,118.796,0.686,232.582,2
1218750,1218.75,126.304,0.667,232.605,2
1219000,1219,108.785,0.606,232.626,2
1219250,1219.25,98.412,0.563,232.644,2
1219500,1219.5,94.495,0.56,232.616,2
1219750,1219.75,92.098,0.588,232.601,2
1220000,1220,104.021,0.613,232.572,2
1220250,1220.25,108.126,0.596,232.588,2
1220500,1220.5,88.257,0.541,232.585,2
1220750,1220.75,93.072,0.554,232.656,2
1221000,1221,85.544,0.513,232.62,2
1221250,1221.25,85.518,0.542,232.603,2
1221500,1221.5,91.558,0.561,232.606,2
1221750,1221.75,93.854,0.563,232.606,2
1222000,1222,93.143,0.539,232.634,2
1222250,1222.25,87.029,0.548,232.571,2
1222500,1222.5,95.856,0.561,232.602,2
1222750,1222.75,90.086,0.53,232.612,2
1223000,1223,85.246,0.553,232.623,2
1223250,1223.25,102.409,0.611,232.585,2
1223500,1223.5,96.873,0.539,232.604,2
1223750,1223.75,84.555,0.526,232.597,2
1224000,1224,92.185,0.558,232.616,2
1224250,1224.25,92.185,0.558,232.616,2
1224500,1224.5,92.93,0.555,232.627,2
1224750,1224.75,94.125,0.566,232.621,2
1225000,1225,93.515,0.569,232.589,2
1225250,1225.25,98.759,0.6,232.571,2
1225500,1225.5,102.212,0.588,232.591,2
1225750,1225.75,99.308,0.591,232.611,2
1226000,1226,107.931,0.63,232.569,2
1226250,1226.25,107.475,0.603,232.559,2
1226500,1226.5,97.939,0.591,232.602,2
1226750,1226.75,100.6,0.593,232.604,2
1227000,1227,105.31,0.632,232.588,2
1227250,1227.25,105.041,0.581,232.585,2
1227500,1227.5,107.17,0.644,232.601,2
1227750,1227.75,111.345,0.63,232.613,2
1228000,1228,102.873,0.595,232.589,2
1228250,1228.25,106.422,0.643,232.581,2
1228500,1228.5,116.614,0.662,232.591,2
1228750,1228.75,116.214,0.651,232.569,2
1229000,1229,108.228,0.627,232.579,2
1229250,1229.25,114.051,0.652,232.59,2
1229500,1229.5,111.786,0.63,232.592,2
1229750,1229.75,101.823,0.577,232.617,2
1230000,1230,105.928,0.625,232.638,2
1230250,1230.25,111.702,0.674,232.59,2
1230500,1230.5,125.553,0.725,232.585,2
1230750,1230.75,125.553,0.725,232.585,2
1231000,1231,137.54,0.739,232.582,2
1231250,1231.25,143.02,0.769,232.555,2
1231500,1231.5,137.013,0.678,232.593,2
1231750,1231.75,122.134,0.716,232.625,2
1232000,1232,133.456,0.708,232.599,2
1232250,1232.25,126.48,0.719,232.571,2
1232500,1232.5,132.491,0.719,232.563,2
1232750,1232.75,139.384,0.744,232.566,2
1233000,1233,144.65,0.799,232.547,2
1233250,1233.25,157.339,0.798,232.572,2
1233500,1233.5,155.596,0.81,232.577,2
1233750,1233.75,152.196,0.765,232.599,2
1234000,1234,143.302,0.769,232.568,2
1234250,1234.25,147.672,0.763,232.586,2
1234500,1234.5,143.843,0.751,232.579,2
1234750,1234.75,143.427,0.792,232.551,2
1235000,1235,151.884,0.795,232.574,2
1235250,1235.25,150.644,0.733,232.564,2
1235500,1235.5,124.699,0.709,232.576,2
1235750,1235.75,133.623,0.726,232.539,2
1236000,1236,142.371,0.768,232.57,2
1236250,1236.25,146.602,0.787,232.549,2
1236500,1236.5,149.643,0.767,232.568,2
1236750,1236.75,146.348,0.789,232.561,2
1237000,1237,157.14,0.8,232.569,2
1237250,1237.25,157.14,0.8,232.569,2
1237500,1237.5,154.775,0.801,232.567,2
1237750,1237.75,155.292,0.78,232.592,2
1238000,1238,147.014,0.828,232.55,2
1238250,1238.25,164.84,0.808,232.594,2
1238500,1238.5,149.375,0.768,232.572,2
1238750,1238.75,150.257,0.781,232.573,2
1239000,1239,152.378,0.785,232.587,2
1239250,1239.25,149.413,0.773,232.558,2
1239500,1239.5,149.509,0.797,232.523,2
1239750,1239.75,151.819,0.807,232.554,2
1240000,1240,161.473,0.786,232.533,2
1240250,1240.25,148.502,0.757,232.55,2
1240500,1240.5,143.525,0.784,232.553,2
1240750,1240.75,160.295,0.804,232.571,2
1241000,1241,146.039,0.75,232.556,2
1241250,1241.25,138.566,0.755,232.588,2
1241500,1241.5,148.26,0.793,232.539,2
1241750,1241.75,158.848,0.795,232.543,2
1242000,1242,146.647,0.737,232.57,2
1242250,1242.25,132.177,0.741,232.577,2
1242500,1242.5,145.429,0.761,232.551,2
1242750,1242.75,140.566,0.731,232.613,2
1243000,1243,128.35,0.706,232.553,2
1243250,1243.25,133.934,0.71,232.566,2
1243500,1243.5,130.903,0.725,232.574,2
1243750,1243.75,130.903,0.725,232.574,2
1244000,1244,136.171,0.739,232.55,2
1244250,1244.25,137.286,0.729,232.59,2
1244500,1244.5,132.31,0.714,232.626,2
1244750,1244.75,129.113,0.698,232.607,2
1245000,1245,127.676,0.705,232.584,2
1245250,1245.25,133.532,0.714,232.597,2
1245500,1245.5,122.307,0.643,232.613,2
1245750,1245.75,109.425,0.626,232.613,2
1246000,1246,111.265,0.647,232.621,2
1246250,1246.25,114.178,0.642,232.607,2
1246500,1246.5,103.624,0.607,232.639,2
1246750,1246.75,114.227,0.651,232.614,2
1247000,1247,111.745,0.637,232.635,2
1247250,1247.25,105.333,0.594,232.578,2
1247500,1247.5,101.119,0.603,232.587,2
1247750,1247.75,103.606,0.637,232.603,2
1248000,1248,114.896,0.655,232.56,2
1248250,1248.25,112.395,0.621,232.588,2
1248500,1248.5,99.968,0.57,232.618,2
1248750,1248.75,97.453,0.599,232.597,2
1249000,1249,111.055,0.675,232.585,2
1249250,1249.25,119.28,0.658,232.59,2
1249500,1249.5,111.996,0.615,232.589,2
1249750,1249.75,104.889,0.601,232.605,2
1250000,1250,107.742,0.625,232.598,2
1250250,1250.25,107.742,0.625,232.598,2
1250500,1250.5,103.502,0.615,232.584,2
1250750,1250.75,98.511,0.544,232.623,2
1251000,1251,90.537,0.56,232.594,2
1251250,1251.25,97.371,0.606,232.605,2
1251500,1251.5,103.838,0.57,232.594,2
1251750,1251.75,95.299,0.57,232.612,2
1252000,1252,99.149,0.625,232.576,2
1252250,1252.25,107.244,0.601,232.592,2
1252500,1252.5,92.26,0.516,232.61,2
1252750,1252.75,83.828,0.518,232.639,2
1253000,1253,81.677,0.486,232.609,2
1253250,1253.25,79.946,0.524,232.629,2
1253500,1253.5,90.67,0.564,232.635,2
1253750,1253.75,92.069,0.557,232.617,2
1254000,1254,93.58,0.54,232.599,2
1254250,1254.25,86.718,0.514,232.618,2
1254500,1254.5,85.889,0.577,232.636,2
1254750,1254.75,100.296,0.559,232.618,2
1255000,1255,92.89,0.58,232.608,2
1255250,1255.25,99.497,0.578,232.605,2
1255500,1255.5,94.913,0.534,232.632,2
1255750,1255.75,85.065,0.519,232.619,2
1256000,1256,85.92,0.525,232.652,2
1256250,1256.25,85.113,0.542,232.602,2
1256500,1256.5,94.802,0.566,232.594,2
1256750,1256.75,94.802,0.566,232.594,2
1257000,1257,93.41,0.525,232.608,2
1257250,1257.25,80.116,0.495,232.648,2
1257500,1257.5,88.752,0.559,232.61,2
1257750,1257.75,99.852,0.592,232.605,2
1258000,1258,97.156,0.6,232.621,2
1258250,1258.25,107.007,0.593,232.63,2
1258500,1258.5,100.28,0.609,232.654,2
1258750,1258.75,114.153,0.684,232.59,2
1259000,1259,130.027,0.646,232.606,2
1259250,1259.25,100.537,0.63,232.603,2
1259500,1259.5,116.516,0.685,232.58,2
1259750,1259.75,129.386,0.667,232.619,2
1260000,1260,112.697,0.661,232.577,2
1260250,1260.25,120.808,0.66,232.612,2
1260500,1260.5,112.017,0.643,232.577,2
1260750,1260.75,118.526,0.676,232.582,2
1261000,1261,123.072,0.705,232.589,2
1261250,1261.25,133.626,0.712,232.567,2
1261500,1261.5,128.936,0.7,232.594,2
1261750,1261.75,132.556,0.717,232.597,2
1262000,1262,128.753,0.724,232.613,2
1262250,1262.25,139.606,0.756,232.557,2
1262500,1262.5,137.275,0.711,232.566,2
1262750,1262.75,130.599,0.703,232.58,2
1263000,1263,132.773,0.714,232.626,2
1263250,1263.25,132.773,0.714,232.626,2
1263500,1263.5,132.235,0.709,232.581,2
1263750,1263.75,129.996,0.727,232.567,2
1264000,1264,134.166,0.739,232.549,2
1264250,1264.25,144.221,0.746,232.539,2
1264500,1264.5,138.953,0.742,232.547,2
1264750,1264.75,137.63,0.735,232.576,2
1265000,1265,135.116,0.725,232.591,2
1265250,1265.25,133.935,0.749,232.563,2
1265500,1265.5,145.666,0.777,232.541,2
1265750,1265.75,143.711,0.756,232.562,2
1266000,1266,157.779,0.824,232.529,2
1266250,1266.25,151.688,0.746,232.562,2
1266500,1266.5,141.364,0.782,232.574,2
1266750,1266.75,151.878,0.788,232.542,2
1267000,1267,154.714,0.818,232.518,2
1267250,1267.25,158.896,0.795,232.554,2
1267500,1267.5,162.548,0.831,232.539,2
1267750,1267.75,155.017,0.775,232.577,2
1268000,1268,152.626,0.81,232.555,2
1268250,1268.25,164.056,0.84,232.559,2
1268500,1268.5,168.094,0.837,232.582,2
1268750,1268.75,166.467,0.821,232.565,2
1269000,1269,162.414,0.818,232.531,2
1269250,1269.25,164.836,0.834,232.544,2
1269500,1269.5,159.934,0.799,232.574,2
1269750,1269.75,159.934,0.799,232.574,2
1270000,1270,156.418,0.82,232.547,2
1270250,1270.25,168.163,0.846,232.534,2
1270500,1270.5,167.117,0.831,232.567,2
1270750,1270.75,164.303,0.806,232.564,2
1271000,1271,160.696,0.823,232.567,2
1271250,1271.25,158.07,0.802,232.561,2
1271500,1271.5,157.457,0.816,232.555,2
1271750,1271.75,164.421,0.836,232.551,2
1272000,1272,166.317,0.821,232.523,2
1272250,1272.25,166.655,0.851,232.527,2
1272500,1272.5,170.134,0.843,232.567,2
1272750,1272.75,172.126,0.877,232.561,2
1273000,1273,175.513,0.851,232.546,2
1273250,1273.25,171.276,0.89,232.54,2
1273500,1273.5,183.346,0.861,232.56,2
1273750,1273.75,165.836,0.822,232.575,2
1274000,1274,162.73,0.82,232.608,2
1274250,1274.25,163.76,0.837,232.587,2
1274500,1274.5,165.894,0.83,232.595,2
1274750,1274.75,166.88,0.837,232.581,2
1275000,1275,165.331,0.816,232.567,2
1275250,1275.25,156.999,0.793,232.606,2
1275500,1275.5,156.588,0.82,232.546,2
1275750,1275.75,160.571,0.799,232.575,2
1276000,1276,147.698,0.747,232.605,2
1276250,1276.25,147.698,0.747,232.605,2
1276500,1276.5,136.812,0.727,232.614,2
1276750,1276.75,142.609,0.769,232.594,2
1277000,1277,148.802,0.766,232.618,2
1277250,1277.25,139.255,0.746,232.583,2
1277500,1277.5,141.581,0.747,232.585,2
1277750,1277.75,141.813,0.764,232.589,2
1278000,1278,145.689,0.739,232.608,2
1278250,1278.25,135.437,0.713,232.602,2
1278500,1278.5,130.199,0.716,232.581,2
1278750,1278.75,129.493,0.704,232.608,2
1279000,1279,125.727,0.666,232.644,2
1279250,1279.25,107.477,0.62,232.6,2
1279500,1279.5,103.5,0.588,232.66,2
1279750,1279.75,97.054,0.564,232.674,2
1280000,1280,97.142,0.582,232.621,2
1280250,1280.25,99.431,0.606,232.615,2
1280500,1280.5,106.388,0.619,232.651,2
1280750,1280.75,104.635,0.599,232.633,2
1281000,1281,98.033,0.561,232.655,2
1281250,1281.25,87.895,0.5,232.649,2
1281500,1281.5,85.434,0.54,232.645,2
1281750,1281.75,89.198,0.559,232.635,2
1282000,1282,95.087,0.539,232.659,2
1282250,1282.25,78.003,0.451,232.679,2
1282500,1282.5,68.888,0.442,232.641,2
1282750,1282.75,68.888,0.442,232.641,2
1283000,1283,69.785,0.44,232.664,2
1283250,1283.25,65.429,0.416,232.683,2
1283500,1283.5,64.797,0.408,232.698,2
1283750,1283.75,60.39,0.42,232.67,2
1284000,1284,69.755,0.45,232.629,2
1284250,1284.25,70.98,0.449,232.684,2
1284500,1284.5,72.58,0.485,232.694,2
1284750,1284.75,74.184,0.447,232.643,2
1285000,1285,73.737,0.481,232.647,2
1285250,1285.25,75.393,0.475,232.707,2
1285500,1285.5,73.94,0.441,232.654,2
1285750,1285.75,62.943,0.423,232.671,2
1286000,1286,73.636,0.497,232.661,2
1286250,1286.25,75.455,0.447,232.649,2
1286500,1286.5,66.104,0.416,232.665,2
1286750,1286.75,65.073,0.447,232.669,2
1287000,1287,76.84,0.517,232.633,2
1287250,1287.25,91.119,0.542,232.662,2
1287500,1287.5,82.877,0.463,232.651,2
1287750,1287.75,75.634,0.498,232.646,2
1288000,1288,88.524,0.546,232.666,2
1288250,1288.25,92.316,0.553,232.647,2
1288500,1288.5,85.096,0.501,232.662,2
1288750,1288.75,82.959,0.508,232.639,2
1289000,1289,84.739,0.542,232.611,2
1289250,1289.25,84.739,0.542,232.611,2
1289500,1289.5,86.126,0.521,232.64,2
1289750,1289.75,85.15,0.533,232.627,2
1290000,1290,84.227,0.497,232.676,2
1290250,1290.25,83.428,0.535,232.651,2
1290500,1290.5,91.671,0.565,232.64,2
1290750,1290.75,97.354,0.564,232.614,2
1291000,1291,93.027,0.558,232.589,2
1291250,1291.25,89.023,0.535,232.593,2
1291500,1291.5,94.732,0.562,232.636,2
1291750,1291.75,94.441,0.56,232.609,2
1292000,1292,97.77,0.606,232.616,2
1292250,1292.25,107.725,0.611,232.605,2
1292500,1292.5,101.329,0.587,232.606,2
1292750,1292.75,100.328,0.613,232.611,2
1293000,1293,107.382,0.625,232.607,2
1293250,1293.25,113.228,0.687,232.564,2
1293500,1293.5,128.767,0.702,232.573,2
1293750,1293.75,126.401,0.701,232.593,2
1294000,1294,133.148,0.733,232.591,2
1294250,1294.25,135.001,0.713,232.567,2
1294500,1294.5,138.074,0.772,232.561,2
1294750,1294.75,154.743,0.762,232.578,2
1295000,1295,141.267,0.765,232.582,2
1295250,1295.25,141.918,0.739,232.62,2
1295500,1295.5,138.147,0.756,232.585,2
1295750,1295.75,138.147,0.756,232.585,2
1296000,1296,144.351,0.755,232.586,2
1296250,1296.25,139.771,0.734,232.585,2
1296500,1296.5,135.518,0.737,232.599,2
1296750,1296.75,142.893,0.788,232.54,2
1297000,1297,152.224,0.79,232.588,2
1297250,1297.25,151.815,0.797,232.545,2
1297500,1297.5,157.748,0.752,232.61,2
1297750,1297.75,135.947,0.768,232.561,2
1298000,1298,160.918,0.856,232.556,2
1298250,1298.25,174.46,0.817,232.538,2
1298500,1298.5,147.987,0.826,232.551,2
1298750,1298.75,168.472,0.823,232.549,2
1299000,1299,164.974,0.854,232.563,2
1299250,1299.25,176.59,0.874,232.551,2
1299500,1299.5,180.494,0.902,232.544,2
1299750,1299.75,183.235,0.873,232.541,2
1300000,1300,168.8,0.87,232.555,2
1300250,1300.25,182.116,0.886,232.52,2
1300500,1300.5,178.669,0.866,232.536,2
1300750,1300.75,174.628,0.862,232.527,2
1301000,1301,174.992,0.872,232.521,2
1301250,1301.25,175.669,0.87,232.532,2
1301500,1301.5,175.17,0.842,232.593,2
1301750,1301.75,161.689,0.834,232.55,2
1302000,1302,167.141,0.808,232.562,2
1302250,1302.25,167.141,0.808,232.562,2
1302500,1302.5,151.994,0.791,232.53,2
1302750,1302.75,156.871,0.811,232.554,2
1303000,1303,156.878,0.825,232.535,2
1303250,1303.25,164.914,0.835,232.537,2
1303500,1303.5,164.883,0.819,232.565,2
1303750,1303.75,161.26,0.818,232.555,2
1304000,1304,162.039,0.814,232.555,2
1304250,1304.25,156.214,0.784,232.576,2
1304500,1304.5,139.957,0.756,232.564,2
1304750,1304.75,148.811,0.772,232.605,2
1305000,1305,146.776,0.75,232.585,2
1305250,1305.25,140.692,0.75,232.579,2
1305500,1305.5,145.042,0.762,232.556,2
1305750,1305.75,140.425,0.745,232.581,2
1306000,1306,137.208,0.72,232.605,2
1306250,1306.25,130.6,0.719,232.601,2
1306500,1306.5,139.453,0.755,232.542,2
1306750,1306.75,143.933,0.736,232.561,2
1307000,1307,127.659,0.677,232.567,2
1307250,1307.25,123.793,0.705,232.531,2
1307500,1307.5,123.901,0.678,232.568,2
1307750,1307.75,126.388,0.713,232.553,2
1308000,1308,128.646,0.656,232.576,2
1308250,1308.25,114.308,0.65,232.608,2
1308500,1308.5,120.768,0.691,232.538,2
1308750,1308.75,120.768,0.691,232.538,2
1309000,1309,124.422,0.662,232.603,2
1309250,1309.25,109.095,0.614,232.62,2
1309500,1309.5,105.634,0.628,232.606,2
1309750,1309.75,110.437,0.629,232.591,2
1310000,1310,114.967,0.667,232.589,2
1310250,1310.25,111.104,0.583,232.626,2
1310500,1310.5,102.404,0.626,232.623,2
1310750,1310.75,112.142,0.637,232.617,2
1311000,1311,106.074,0.607,232.619,2
1311250,1311.25,107.597,0.649,232.584,2
1311500,1311.5,116.631,0.63,232.595,2
1311750,1311.75,103.507,0.583,232.583,2
1312000,1312,105.416,0.654,232.591,2
1312250,1312.25,115.635,0.632,232.58,2
1312500,1312.5,106.371,0.647,232.595,2
1312750,1312.75,115.311,0.642,232.573,2
1313000,1313,112.139,0.624,232.569,2
1313250,1313.25,105.511,0.587,232.598,2
1313500,1313.5,102.274,0.624,232.603,2
1313750,1313.75,107.322,0.614,232.601,2
1314000,1314,103.677,0.595,232.641,2
1314250,1314.25,100.346,0.611,232.626,2
1314500,1314.5,108.377,0.636,232.609,2
1314750,1314.75,111.276,0.576,232.643,2
1315000,1315,88.614,0.57,232.621,2
1315250,1315.25,88.614,0.57,232.621,2
1315500,1315.5,101.471,0.604,232.589,2
1315750,1315.75,103.667,0.59,232.606,2
1316000,1316,97.242,0.583,232.574,2
1316250,1316.25,102.637,0.593,232.585,2
1316500,1316.5,99.64,0.581,232.602,2
1316750,1316.75,97.371,0.57,232.623,2
1317000,1317,97.281,0.615,232.577,2
1317250,1317.25,106.372,0.575,232.61,2
1317500,1317.5,95.589,0.563,232.616,2
1317750,1317.75,96.329,0.576,232.629,2
1318000,1318,101.188,0.609,232.613,2
1318250,1318.25,107.35,0.615,232.582,2
1318500,1318.5,99.156,0.578,232.59,2
1318750,1318.75,95.212,0.555,232.601,2
1319000,1319,91.352,0.552,232.594,2
1319250,1319.25,90.956,0.527,232.625,2
1319500,1319.5,85.453,0.522,232.613,2
1319750,1319.75,85.159,0.52,232.621,2
1320000,1320,84.02,0.577,232.553,2
1320250,1320.25,107.746,0.602,232.577,2
1320500,1320.5,98.061,0.566,232.598,2
1320750,1320.75,92.453,0.541,232.614,2
1321000,1321,87.987,0.526,232.614,2
1321250,1321.25,87.713,0.542,232.588,2
1321500,1321.5,94.545,0.582,232.581,2
1321750,1321.75,94.545,0.582,232.581,2
1322000,1322,101.248,0.58,232.603,2
1322250,1322.25,93.989,0.553,232.593,2
1322500,1322.5,96.13,0.599,232.57,2
1322750,1322.75,107.205,0.626,232.543,2
1323000,1323,109.154,0.628,232.568,2
1323250,1323.25,108.596,0.643,232.592,2
1323500,1323.5,114.416,0.641,232.564,2
1323750,1323.75,110.034,0.63,232.566,2
1324000,1324,111.599,0.644,232.557,2
1324250,1324.25,112.495,0.647,232.541,2
1324500,1324.5,114.642,0.687,232.562,2
1324750,1324.75,133.658,0.697,232.514,2
1325000,1325,117.051,0.648,232.581,2
1325250,1325.25,120.703,0.691,232.616,2
1325500,1325.5,123.622,0.646,232.607,2
1325750,1325.75,112,0.663,232.586,2
1326000,1326,121.307,0.696,232.585,2
1326250,1326.25,130.113,0.704,232.593,2
1326500,1326.5,128.735,0.704,232.532,2
1326750,1326.75,127.756,0.695,232.583,2
1327000,1327,130.894,0.727,232.562,2
1327250,1327.25,133.044,0.716,232.577,2
1327500,1327.5,129.817,0.694,232.569,2
1327750,1327.75,129.636,0.707,232.568,2
1328000,1328,133.933,0.728,232.58,2
1328250,1328.25,133.933,0.728,232.58,2
1328500,1328.5,142.298,0.782,232.533,2
1328750,1328.75,146.156,0.742,232.576,2
1329000,1329,131.11,0.699,232.572,2
1329250,1329.25,126.607,0.712,232.552,2
1329500,1329.5,136.825,0.739,232.536,2
1329750,1329.75,139.014,0.731,232.525,2
1330000,1330,139.063,0.768,232.52,2
1330250,1330.25,146.584,0.771,232.512,2
1330500,1330.5,149.843,0.796,232.544,2
1330750,1330.75,159.762,0.834,232.526,2
1331000,1331,167.166,0.823,232.553,2
1331250,1331.25,160.735,0.817,232.497,2
1331500,1331.5,160.667,0.813,232.482,2
1331750,1331.75,155.339,0.814,232.504,2
1332000,1332,159.682,0.807,232.533,2
1332250,1332.25,162.842,0.839,232.502,2
1332500,1332.5,168.624,0.86,232.484,2
1332750,1332.75,175.579,0.855,232.495,2
1333000,1333,166.005,0.805,232.566,2
1333250,1333.25,149.222,0.788,232.565,2
1333500,1333.5,157.152,0.811,232.548,2
1333750,1333.75,161.228,0.818,232.526,2
1334000,1334,163.064,0.848,232.527,2
1334250,1334.25,175.979,0.835,232.524,2
1334500,1334.5,155.595,0.794,232.541,2
1334750,1334.75,155.595,0.794,232.541,2
1335000,1335,154.155,0.812,232.584,2
1335250,1335.25,160.544,0.84,232.518,2
1335500,1335.5,172.523,0.845,232.527,2
1335750,1335.75,166.866,0.816,232.538,2
1336000,1336,153.037,0.812,232.542,2
1336250,1336.25,166.902,0.833,232.511,2
1336500,1336.5,161.565,0.804,232.528,2
1336750,1336.75,149.959,0.781,232.535,2
1337000,1337,156.153,0.775,232.559,2
1337250,1337.25,144.598,0.753,232.542,2
1337500,1337.5,141.34,0.744,232.556,2
1337750,1337.75,136.057,0.764,232.558,2
1338000,1338,149.483,0.78,232.57,2
1338250,1338.25,145.038,0.748,232.538,2
1338500,1338.5,144.033,0.737,232.569,2
1338750,1338.75,130.392,0.693,232.576,2
1339000,1339,124.574,0.67,232.591,2
1339250,1339.25,114.526,0.623,232.603,2
1339500,1339.5,106.455,0.62,232.566,2
1339750,1339.75,107.688,0.625,232.586,2
1340000,1340,105.731,0.644,232.57,2
1340250,1340.25,121.554,0.67,232.571,2
1340500,1340.5,113.837,0.632,232.59,2
1340750,1340.75,115.063,0.665,232.594,2
1341000,1341,116.488,0.659,232.556,2
1341250,1341.25,116.488,0.659,232.556,2
1341500,1341.5,113.638,0.649,232.555,2
1341750,1341.75,114.279,0.636,232.583,2
1342000,1342,107.778,0.606,232.618,2
1342250,1342.25,104.006,0.587,232.601,2
1342500,1342.5,99.929,0.607,232.568,2
1342750,1342.75,105.579,0.629,232.59,2
1343000,1343,112.11,0.629,232.591,2
1343250,1343.25,102.385,0.588,232.612,2
1343500,1343.5,101.423,0.613,232.596,2
1343750,1343.75,109.108,0.612,232.566,2
1344000,1344,90.329,0.554,232.604,2
1344250,1344.25,99.194,0.623,232.6,2
1344500,1344.5,95.213,0.557,232.622,2
1344750,1344.75,95.817,0.588,232.634,2
1345000,1345,100.636,0.591,232.641,2
1345250,1345.25,94.885,0.535,232.627,2
1345500,1345.5,86.054,0.517,232.595,2
1345750,1345.75,88.924,0.583,232.593,2
1346000,1346,97.7,0.578,232.585,2
1346250,1346.25,101.235,0.583,232.615,2
1346500,1346.5,93.181,0.567,232.613,2
1346750,1346.75,99.457,0.599,232.608,2
1347000,1347,95.582,0.543,232.611,2
1347250,1347.25,92.985,0.586,232.594,2
1347500,1347.5,98.351,0.566,232.63,2
1347750,1347.75,98.351,0.566,232.63,2
1348000,1348,89.959,0.537,232.654,2
1348250,1348.25,93.005,0.579,232.615,2
1348500,1348.5,95.248,0.531,232.63,2
1348750,1348.75,87.648,0.564,232.6,2
1349000,1349,94.833,0.564,232.606,2
1349250,1349.25,95.945,0.604,232.599,2
1349500,1349.5,102.645,0.57,232.612,2
1349750,1349.75,100.837,0.616,232.583,2
1350000,1350,101.22,0.566,232.609,2
1350250,1350.25,89.708,0.524,232.597,2
1350500,1350.5,89.635,0.576,232.612,2
1350750,1350.75,97.706,0.579,232.626,2
1351000,1351,98.429,0.551,232.643,2
1351250,1351.25,92.571,0.592,232.631,2
1351500,1351.5,98.668,0.571,232.653,2
1351750,1351.75,92.075,0.527,232.644,2
1352000,1352,85.041,0.53,232.645,2
1352250,1352.25,94.928,0.593,232.638,2
1352500,1352.5,98.512,0.558,232.65,2
1352750,1352.75,92.041,0.559,232.614,2
1353000,1353,89.25,0.522,232.615,2
1353250,1353.25,84.245,0.528,232.674,2
1353500,1353.5,91.906,0.534,232.621,2
1353750,1353.75,87.282,0.523,232.617,2
1354000,1354,89.484,0.573,232.626,2
1354250,1354.25,89.484,0.573,232.626,2
1354500,1354.5,101.155,0.598,232.646,2
1354750,1354.75,102.37,0.626,232.644,2
1355000,1355,106.163,0.594,232.63,2
1355250,1355.25,100.233,0.598,232.626,2
1355500,1355.5,103.529,0.597,232.609,2
1355750,1355.75,100.536,0.606,232.621,2
1356000,1356,103.685,0.618,232.571,2
1356250,1356.25,108.427,0.638,232.586,2
1356500,1356.5,110.649,0.628,232.582,2
1356750,1356.75,105.594,0.61,232.612,2
1357000,1357,109.067,0.658,232.597,2
1357250,1357.25,121.403,0.674,232.599,2
1357500,1357.5,113.058,0.623,232.593,2
1357750,1357.75,103.049,0.588,232.607,2
1358000,1358,100.624,0.608,232.629,2
1358250,1358.25,108.679,0.636,232.587,2
1358500,1358.5,113.706,0.641,232.595,2
1358750,1358.75,108.899,0.628,232.595,2
1359000,1359,107.788,0.654,232.597,2
1359250,1359.25,120.808,0.687,232.581,2
1359500,1359.5,126.797,0.674,232.557,2
1359750,1359.75,120.521,0.67,232.59,2
1360000,1360,123.993,0.708,232.568,2
1360250,1360.25,131.958,0.718,232.567,2
1360500,1360.5,130.552,0.707,232.569,2
1360750,1360.75,130.552,0.707,232.569,2
1361000,1361,127.591,0.676,232.603,2
1361250,1361.25,126.138,0.683,232.556,2
1361500,1361.5,124.873,0.704,232.571,2
1361750,1361.75,133.998,0.73,232.568,2
1362000,1362,135.98,0.734,232.58,2
1362250,1362.25,134.012,0.732,232.591,2
1362500,1362.5,139.781,0.736,232.562,2
1362750,1362.75,138.193,0.727,232.538,2
1363000,1363,137.738,0.752,232.557,2
1363250,1363.25,148.754,0.789,232.562,2
1363500,1363.5,151.271,0.791,232.558,2
1363750,1363.75,157.866,0.813,232.552,2
1364000,1364,154.351,0.784,232.558,2
1364250,1364.25,152.833,0.78,232.587,2
1364500,1364.5,156.558,0.805,232.577,2
1364750,1364.75,153.936,0.803,232.534,2
1365000,1365,161.488,0.823,232.548,2
1365250,1365.25,166.185,0.837,232.547,2
1365500,1365.5,159.018,0.783,232.562,2
1365750,1365.75,155.085,0.793,232.558,2
1366000,1366,155.888,0.804,232.553,2
1366250,1366.25,153.534,0.8,232.569,2
1366500,1366.5,163.288,0.848,232.569,2
1366750,1366.75,167.54,0.797,232.565,2
1367000,1367,154.327,0.788,232.567,2
1367250,1367.25,154.327,0.788,232.567,2
1367500,1367.5,147.957,0.757,232.576,2
1367750,1367.75,144.86,0.782,232.56,2
1368000,1368,159.636,0.855,232.543,2
1368250,1368.25,166.878,0.801,232.585,2
1368500,1368.5,153.445,0.76,232.576,2
1368750,1368.75,144.051,0.77,232.577,2
1369000,1369,150.517,0.786,232.564,2
1369250,1369.25,152.698,0.78,232.566,2
1369500,1369.5,148.938,0.787,232.572,2
1369750,1369.75,151.113,0.766,232.605,2
1370000,1370,137.67,0.701,232.602,2
1370250,1370.25,129.056,0.716,232.607,2
1370500,1370.5,135.097,0.723,232.62,2
1370750,1370.75,134.545,0.744,232.575,2
1371000,1371,141.97,0.738,232.595,2
1371250,1371.25,128.21,0.686,232.595,2
1371500,1371.5,120.015,0.662,232.59,2
1371750,1371.75,123.05,0.723,232.571,2
1372000,1372,133.955,0.709,232.59,2
1372250,1372.25,125.849,0.674,232.618,2
1372500,1372.5,121.584,0.662,232.625,2
1372750,1372.75,115.3,0.665,232.593,2
1373000,1373,121.404,0.692,232.587,2
1373250,1373.25,125.77,0.694,232.557,2
1373500,1373.5,123.419,0.625,232.613,2
1373750,1373.75,123.419,0.625,232.613,2
1374000,1374,106.779,0.656,232.571,2
1374250,1374.25,118.867,0.664,232.59,2
1374500,1374.5,115.606,0.643,232.598,2
1374750,1374.75,108.859,0.635,232.61,2
1375000,1375,111.083,0.637,232.612,2
1375250,1375.25,114.982,0.632,232.585,2
1375500,1375.5,107.82,0.621,232.624,2
1375750,1375.75,105.936,0.608,232.569,2
1376000,1376,104.248,0.603,232.586,2
1376250,1376.25,102.21,0.609,232.638,2
1376500,1376.5,104.16,0.621,232.62,2
1376750,1376.75,110.507,0.621,232.611,2
1377000,1377,100.275,0.605,232.62,2
1377250,1377.25,101.962,0.58,232.607,2
1377500,1377.5,94.44,0.603,232.607,2
1377750,1377.75,114.288,0.636,232.59,2
1378000,1378,103.356,0.597,232.594,2
1378250,1378.25,100.684,0.573,232.598,2
1378500,1378.5,90.225,0.557,232.618,2
1378750,1378.75,100.34,0.579,232.625,2
1379000,1379,89.668,0.528,232.648,2
1379250,1379.25,89.698,0.549,232.617,2
1379500,1379.5,92.194,0.555,232.633,2
1379750,1379.75,94.109,0.553,232.603,2
1380000,1380,89.184,0.525,232.63,2
1380250,1380.25,89.184,0.525,232.63,2
1380500,1380.5,79.736,0.49,232.647,2
1380750,1380.75,82.01,0.544,232.652,2
1381000,1381,96.885,0.591,232.603,2
1381250,1381.25,96.146,0.532,232.623,2
1381500,1381.5,79.445,0.495,232.641,2
1381750,1381.75,82.119,0.527,232.637,2
1382000,1382,95.943,0.601,232.613,2
1382250,1382.25,99.469,0.581,232.617,2
1382500,1382.5,101.469,0.587,232.572,2
1382750,1382.75,100.168,0.582,232.621,2
1383000,1383,91.419,0.551,232.627,2
1383250,1383.25,94.799,0.56,232.622,2
1383500,1383.5,92.929,0.569,232.63,2
1383750,1383.75,100.206,0.594,232.58,2
1384000,1384,96.343,0.571,232.624,2
1384250,1384.25,103.24,0.621,232.617,2
1384500,1384.5,100.264,0.576,232.631,2
1384750,1384.75,96.573,0.595,232.655,2
1385000,1385,98.584,0.579,232.614,2
1385250,1385.25,103.612,0.624,232.628,2
1385500,1385.5,105.191,0.598,232.604,2
1385750,1385.75,105.157,0.591,232.616,2
1386000,1386,99.168,0.586,232.628,2
1386250,1386.25,96.43,0.591,232.609,2
1386500,1386.5,109.534,0.637,232.62,2
1386750,1386.75,109.534,0.637,232.62,2
1387000,1387,104.282,0.586,232.624,2
1387250,1387.25,98.848,0.602,232.62,2
1387500,1387.5,115.04,0.678,232.607,2
1387750,1387.75,119.357,0.679,232.63,2
1388000,1388,118.479,0.657,232.617,2
1388250,1388.25,119.939,0.688,232.604,2
1388500,1388.5,129.702,0.707,232.596,2
1388750,1388.75,129.893,0.699,232.587,2
1389000,1389,127.137,0.702,232.579,2
1389250,1389.25,128.071,0.699,232.579,2
1389500,1389.5,131.207,0.745,232.591,2
1389750,1389.75,141.187,0.735,232.578,2
1390000,1390,144.008,0.758,232.564,2
1390250,1390.25,133.932,0.684,232.568,2
1390500,1390.5,125.2,0.73,232.57,2
1390750,1390.75,134.834,0.704,232.568,2
1391000,1391,125.434,0.695,232.573,2
1391250,1391.25,125.855,0.691,232.565,2
1391500,1391.5,131.64,0.744,232.566,2
1391750,1391.75,141.711,0.746,232.596,2
1392000,1392,135.235,0.726,232.566,2
1392250,1392.25,137.272,0.753,232.569,2
1392500,1392.5,144.28,0.745,232.572,2
1392750,1392.75,135.904,0.722,232.55,2
1393000,1393,133.806,0.719,232.568,2
1393250,1393.25,133.806,0.719,232.568,2
1393500,1393.5,134.761,0.73,232.553,2
1393750,1393.75,136.476,0.753,232.538,2
1394000,1394,145.884,0.753,232.574,2
1394250,1394.25,147.556,0.782,232.563,2
1394500,1394.5,152.25,0.774,232.562,2
1394750,1394.75,150.139,0.807,232.593,2
1395000,1395,153.575,0.762,232.584,2
1395250,1395.25,146.301,0.79,232.559,2
1395500,1395.5,153.405,0.77,232.564,2
1395750,1395.75,145.752,0.767,232.577,2
1396000,1396,151.089,0.79,232.561,2
1396250,1396.25,154.637,0.77,232.564,2
1396500,1396.5,145.442,0.776,232.578,2
1396750,1396.75,145.131,0.746,232.589,2
1397000,1397,133.807,0.733,232.597,2
1397250,1397.25,140.531,0.728,232.574,2
1397500,1397.5,139.33,0.747,232.546,2
1397750,1397.75,142.169,0.723,232.549,2
1398000,1398,132.327,0.718,232.575,2
1398250,1398.25,132.898,0.726,232.576,2
1398500,1398.5,131.875,0.716,232.605,2
1398750,1398.75,130.41,0.686,232.573,2
1399000,1399,123.335,0.711,232.593,2
1399250,1399.25,134.533,0.696,232.581,2
1399500,1399.5,123.057,0.682,232.578,2
1399750,1399.75,123.057,0.682,232.578,2
1400000,1400,125.241,0.683,232.588,2
1400250,1400.25,118.7,0.668,232.614,2
1400500,1400.5,121.863,0.709,232.586,2
1400750,1400.75,134.194,0.674,232.576,2
1401000,1401,115.104,0.648,232.593,2
1401250,1401.25,117.602,0.667,232.6,2
1401500,1401.5,124.836,0.684,232.622,2
1401750,1401.75,124.246,0.714,232.566,2
1402000,1402,129.523,0.676,232.6,2
1402250,1402.25,107.982,0.633,232.593,2
1402500,1402.5,119.808,0.695,232.559,2
1402750,1402.75,131.689,0.704,232.601,2
1403000,1403,126.3,0.7,232.584,2
1403250,1403.25,129.609,0.682,232.6,2
1403500,1403.5,112.765,0.639,232.615,2
1403750,1403.75,112.544,0.65,232.603,2
1404000,1404,117.565,0.665,232.59,2
1404250,1404.25,121.702,0.686,232.573,2
1404500,1404.5,127.098,0.693,232.59,2
1404750,1404.75,124.758,0.692,232.57,2
1405000,1405,125.234,0.697,232.602,2
1405250,1405.25,127.962,0.693,232.572,2
1405500,1405.5,127.028,0.699,232.587,2
1405750,1405.75,133.989,0.737,232.577,2
1406000,1406,140.854,0.756,232.619,2
1406250,1406.25,140.854,0.756,232.619,2
1406500,1406.5,140.413,0.746,232.596,2
1406750,1406.75,140.718,0.736,232.57,2
1407000,1407,134.325,0.716,232.55,2
1407250,1407.25,134.982,0.73,232.601,2
1407500,1407.5,146.742,0.776,232.545,2
1407750,1407.75,148.632,0.783,232.571,2
1408000,1408,152.892,0.784,232.571,2
1408250,1408.25,144.357,0.749,232.537,2
1408500,1408.5,139.709,0.762,232.556,2
1408750,1408.75,149.786,0.766,232.578,2
1409000,1409,147.007,0.768,232.569,2
1409250,1409.25,148.616,0.785,232.561,2
1409500,1409.5,152.241,0.793,232.553,2
1409750,1409.75,150.269,0.778,232.539,2
1410000,1410,150.873,0.758,232.516,2
1410250,1410.25,136.091,0.729,232.573,2
1410500,1410.5,144.816,0.769,232.565,2
1410750,1410.75,150.135,0.784,232.562,2
1411000,1411,149.853,0.802,232.561,2
1411250,1411.25,157.544,0.805,232.59,2
1411500,1411.5,155.536,0.787,232.572,2
1411750,1411.75,147.03,0.768,232.581,2
1412000,1412,152.664,0.782,232.587,2
1412250,1412.25,148.875,0.768,232.546,2
1412500,1412.5,149.105,0.792,232.551,2
1412750,1412.75,149.105,0.792,232.551,2
1413000,1413,152.048,0.785,232.584,2
1413250,1413.25,152.597,0.771,232.575,2
1413500,1413.5,142.34,0.719,232.55,2
1413750,1413.75,132.592,0.722,232.571,2
1414000,1414,140.418,0.745,232.579,2
1414250,1414.25,139.825,0.734,232.598,2
1414500,1414.5,131.613,0.719,232.593,2
1414750,1414.75,135.01,0.722,232.585,2
1415000,1415,136.114,0.727,232.581,2
1415250,1415.25,130.024,0.69,232.59,2
1415500,1415.5,129.551,0.699,232.584,2
1415750,1415.75,125.453,0.685,232.585,2
1416000,1416,127.956,0.714,232.563,2
1416250,1416.25,128.16,0.687,232.59,2
1416500,1416.5,122.988,0.692,232.584,2
1416750,1416.75,128.359,0.701,232.606,2
1417000,1417,129.121,0.688,232.566,2
1417250,1417.25,126.873,0.687,232.6,2
1417500,1417.5,131.135,0.739,232.571,2
1417750,1417.75,134.411,0.706,232.567,2
1418000,1418,126.593,0.681,232.55,2
1418250,1418.25,118.781,0.672,232.572,2
1418500,1418.5,118.963,0.658,232.612,2
1418750,1418.75,123.086,0.688,232.586,2
1419000,1419,127.716,0.713,232.541,2
1419250,1419.25,127.716,0.713,232.541,2
1419500,1419.5,127.643,0.68,232.567,2
1419750,1419.75,121.256,0.682,232.554,2
1420000,1420,118.12,0.648,232.586,2
1420250,1420.25,120.228,0.709,232.531,2
1420500,1420.5,137.966,0.749,232.558,2
1420750,1420.75,137.195,0.677,232.62,2
1421000,1421,116.914,0.667,232.634,2
1421250,1421.25,124.123,0.716,232.6,2
1421500,1421.5,137.46,0.721,232.587,2
1421750,1421.75,127.527,0.669,232.602,2
1422000,1422,119.739,0.679,232.62,2
1422250,1422.25,130.217,0.726,232.592,2
1422500,1422.5,130.204,0.685,232.604,2
1422750,1422.75,120.078,0.67,232.589,2
1423000,1423,115.503,0.645,232.606,2
1423250,1423.25,114.836,0.681,232.582,2
1423500,1423.5,128.613,0.688,232.603,2
1423750,1423.75,122.32,0.654,232.609,2
1424000,1424,114.423,0.617,232.615,2
1424250,1424.25,106.322,0.649,232.601,2
1424500,1424.5,114.92,0.634,232.617,2
1424750,1424.75,111.802,0.657,232.614,2
1425000,1425,115.269,0.635,232.594,2
1425250,1425.25,114.284,0.655,232.614,2
1425500,1425.5,115.474,0.607,232.615,2
1425750,1425.75,115.474,0.607,232.615,2
1426000,1426,102.601,0.621,232.625,2
1426250,1426.25,113.653,0.643,232.627,2
1426500,1426.5,110.896,0.637,232.572,2
1426750,1426.75,108.198,0.625,232.616,2
1427000,1427,107.368,0.595,232.596,2
1427250,1427.25,103.527,0.635,232.588,2
1427500,1427.5,116.935,0.651,232.607,2
1427750,1427.75,113.253,0.658,232.62,2
1428000,1428,115.28,0.653,232.603,2
1428250,1428.25,113.936,0.62,232.616,2
1428500,1428.5,102.6,0.629,232.603,2
1428750,1428.75,115.298,0.63,232.643,2
1429000,1429,106.634,0.595,232.644,2
1429250,1429.25,99.921,0.604,232.624,2
1429500,1429.5,107.004,0.617,232.61,2
1429750,1429.75,107.1,0.631,232.633,2
1430000,1430,107.942,0.618,232.608,2
1430250,1430.25,104.876,0.592,232.644,2
1430500,1430.5,103.012,0.613,232.608,2
1430750,1430.75,106.718,0.584,232.651,2
1431000,1431,90.51,0.569,232.63,2
1431250,1431.25,99.738,0.568,232.641,2
1431500,1431.5,93.421,0.566,232.629,2
1431750,1431.75,95.031,0.577,232.625,2
1432000,1432,103.041,0.618,232.633,2
1432250,1432.25,103.041,0.618,232.633,2
1432500,1432.5,110.729,0.632,232.622,2
1432750,1432.75,108.639,0.623,232.608,2
1433000,1433,111.19,0.622,232.621,2
1433250,1433.25,101.526,0.615,232.606,2
1433500,1433.5,106.831,0.631,232.605,2
1433750,1433.75,113.623,0.636,232.61,2
1434000,1434,108.978,0.599,232.632,2
1434250,1434.25,101.604,0.588,232.627,2
1434500,1434.5,102.131,0.604,232.625,2
1434750,1434.75,103.146,0.617,232.622,2
1435000,1435,106.481,0.627,232.622,2
1435250,1435.25,109.727,0.641,232.604,2
1435500,1435.5,116.784,0.646,232.62,2
1435750,1435.75,112.192,0.63,232.582,2
1436000,1436,108.971,0.614,232.643,2
1436250,1436.25,106.696,0.622,232.614,2
1436500,1436.5,110.387,0.673,232.613,2
1436750,1436.75,126.426,0.687,232.592,2
1437000,1437,114.967,0.645,232.634,2
1437250,1437.25,118.185,0.668,232.601,2
1437500,1437.5,120.709,0.67,232.602,2
1437750,1437.75,123.576,0.675,232.595,2
1438000,1438,111.386,0.629,232.595,2
1438250,1438.25,110.749,0.644,232.573,2
1438500,1438.5,115.405,0.664,232.567,2
1438750,1438.75,115.405,0.664,232.567,2
1439000,1439,125.344,0.704,232.554,2
1439250,1439.25,128.605,0.708,232.621,2
1439500,1439.5,123.301,0.673,232.584,2
1439750,1439.75,129.84,0.707,232.574,2
1440000,1440,116.516,0.676,232.563,2
1440250,1440.25,126.388,0.698,232.589,2
1440500,1440.5,121.73,0.668,232.61,2
1440750,1440.75,126.074,0.706,232.608,2
1441000,1441,131.35,0.705,232.594,2
1441250,1441.25,128.486,0.701,232.604,2
1441500,1441.5,125.44,0.7,232.575,2
1441750,1441.75,130.192,0.724,232.576,2
1442000,1442,133.106,0.71,232.566,2
1442250,1442.25,132.251,0.714,232.591,2
1442500,1442.5,135.223,0.742,232.568,2
1442750,1442.75,138.373,0.727,232.59,2
1443000,1443,144.508,0.779,232.585,2
1443250,1443.25,135.494,0.712,232.571,2
1443500,1443.5,134.934,0.727,232.577,2
1443750,1443.75,128.876,0.675,232.578,2
1444000,1444,126.861,0.719,232.572,2
1444250,1444.25,140.626,0.75,232.561,2
1444500,1444.5,145.776,0.781,232.548,2
1444750,1444.75,141.298,0.737,232.563,2
1445000,1445,139.402,0.749,232.576,2
1445250,1445.25,139.402,0.749,232.576,2
1445500,1445.5,139.451,0.717,232.577,2
1445750,1445.75,129.085,0.689,232.59,2
1446000,1446,130.085,0.729,232.595,2
1446250,1446.25,138.693,0.725,232.556,2
1446500,1446.5,129.372,0.706,232.587,2
1446750,1446.75,127.081,0.718,232.543,2
1447000,1447,134.109,0.7,232.56,2
1447250,1447.25,124.773,0.67,232.597,2
1447500,1447.5,125.589,0.715,232.579,2
1447750,1447.75,132.259,0.682,232.59,2
1448000,1448,117.444,0.686,232.601,2
1448250,1448.25,117.68,0.636,232.612,2
1448500,1448.5,114.321,0.675,232.606,2
1448750,1448.75,121.255,0.646,232.614,2
1449000,1449,110.23,0.63,232.627,2
1449250,1449.25,110.225,0.646,232.628,2
1449500,1449.5,115.662,0.649,232.59,2
1449750,1449.75,109.031,0.602,232.616,2
1450000,1450,103.584,0.632,232.617,2
1450250,1450.25,113.718,0.6,232.625,2
1450500,1450.5,96.373,0.626,232.612,2
1450750,1450.75,107.496,0.612,232.644,2
1451000,1451,102.778,0.591,232.639,2
1451250,1451.25,101.064,0.616,232.648,2
1451500,1451.5,109.053,0.621,232.617,2
1451750,1451.75,109.053,0.621,232.617,2
1452000,1452,101.467,0.582,232.615,2
1452250,1452.25,96.18,0.569,232.607,2
1452500,1452.5,92.783,0.561,232.638,2
1452750,1452.75,93.763,0.546,232.618,2
1453000,1453,83.478,0.478,232.623,2
1453250,1453.25,69.621,0.466,232.637,2
1453500,1453.5,79.606,0.538,232.644,2
1453750,1453.75,94.872,0.556,232.629,2
1454000,1454,90.391,0.557,232.598,2
1454250,1454.25,96.679,0.58,232.605,2
1454500,1454.5,100.719,0.562,232.593,2
1454750,1454.75,87.788,0.58,232.609,2
1455000,1455,106.404,0.616,232.597,2
1455250,1455.25,97.254,0.559,232.633,2
1455500,1455.5,91.305,0.55,232.61,2
1455750,1455.75,90.564,0.543,232.637,2
1456000,1456,92.688,0.577,232.622,2
1456250,1456.25,103.82,0.602,232.623,2
1456500,1456.5,94.561,0.566,232.631,2
1456750,1456.75,96.578,0.581,232.625,2
1457000,1457,95.617,0.557,232.629,2
1457250,1457.25,87.054,0.517,232.647,2
1457500,1457.5,84.468,0.513,232.627,2
1457750,1457.75,89.626,0.584,232.623,2
1458000,1458,103.712,0.631,232.635,2
1458250,1458.25,103.712,0.631,232.635,2
1458500,1458.5,108.588,0.603,232.624,2
1458750,1458.75,93.048,0.553,232.644,2
1459000,1459,99.724,0.608,232.613,2
1459250,1459.25,104.19,0.593,232.624,2
1459500,1459.5,101.211,0.596,232.629,2
1459750,1459.75,99.972,0.585,232.633,2
1460000,1460,98.699,0.598,232.656,2
1460250,1460.25,108.295,0.628,232.607,2
1460500,1460.5,108.07,0.606,232.61,2
1460750,1460.75,106.788,0.642,232.612,2
1461000,1461,116.481,0.668,232.599,2
1461250,1461.25,121.356,0.665,232.615,2
1461500,1461.5,113.282,0.62,232.582,2
1461750,1461.75,109.281,0.618,232.603,2
1462000,1462,111.932,0.64,232.605,2
1462250,1462.25,101.131,0.589,232.643,2
1462500,1462.5,111.428,0.647,232.609,2
1462750,1462.75,105.85,0.6,232.614,2
1463000,1463,108.398,0.641,232.63,2
1463250,1463.25,112.643,0.62,232.579,2
1463500,1463.5,110.595,0.658,232.578,2
1463750,1463.75,121.905,0.695,232.584,2
1464000,1464,119.135,0.67,232.596,2
1464250,1464.25,125.587,0.699,232.587,2
1464500,1464.5,127.714,0.681,232.579,2
1464750,1464.75,127.714,0.681,232.579,2
1465000,1465,120.084,0.669,232.589,2
1465250,1465.25,130.752,0.733,232.58,2
1465500,1465.5,129.121,0.697,232.613,2
1465750,1465.75,130.932,0.743,232.582,2
1466000,1466,132.736,0.669,232.581,2
1466250,1466.25,122.224,0.717,232.586,2
1466500,1466.5,125.612,0.664,232.586,2
1466750,1466.75,124.184,0.723,232.57,2
1467000,1467,129.146,0.698,232.579,2
1467250,1467.25,124.925,0.694,232.593,2
1467500,1467.5,127.071,0.69,232.58,2
1467750,1467.75,125.526,0.668,232.588,2
1468000,1468,121.841,0.716,232.558,2
1468250,1468.25,137.337,0.756,232.572,2
1468500,1468.5,142.069,0.735,232.569,2
1468750,1468.75,133.382,0.711,232.606,2
1469000,1469,133.735,0.731,232.577,2
1469250,1469.25,139.575,0.702,232.583,2
1469500,1469.5,122.427,0.724,232.57,2
1469750,1469.75,137.881,0.745,232.576,2
1470000,1470,133.663,0.678,232.576,2
1470250,1470.25,117.888,0.689,232.577,2
1470500,1470.5,129.545,0.684,232.599,2
1470750,1470.75,124.407,0.702,232.589,2
1471000,1471,130.005,0.722,232.573,2
1471250,1471.25,130.005,0.722,232.573,2
1471500,1471.5,133.088,0.735,232.584,2
1471750,1471.75,139.207,0.728,232.579,2
1472000,1472,135.902,0.702,232.562,2
1472250,1472.25,127.241,0.727,232.597,2
1472500,1472.5,134.542,0.702,232.58,2
1472750,1472.75,122.523,0.7,232.593,2
1473000,1473,126.806,0.691,232.583,2
1473250,1473.25,123.565,0.673,232.594,2
1473500,1473.5,122.61,0.671,232.573,2
1473750,1473.75,118.67,0.679,232.58,2
1474000,1474,127.343,0.692,232.613,2
1474250,1474.25,123.313,0.7,232.578,2
1474500,1474.5,126.582,0.689,232.597,2
1474750,1474.75,124.402,0.673,232.572,2
1475000,1475,122.519,0.68,232.561,2
1475250,1475.25,124.575,0.715,232.582,2
1475500,1475.5,134.791,0.708,232.581,2
1475750,1475.75,118.422,0.646,232.595,2
1476000,1476,117.48,0.675,232.574,2
1476250,1476.25,121.762,0.681,232.571,2
1476500,1476.5,124.249,0.685,232.591,2
1476750,1476.75,126.117,0.706,232.582,2
1477000,1477,125.244,0.7,232.579,2
1477250,1477.25,131.405,0.685,232.6,2
1477500,1477.5,119.194,0.666,232.6,2
1477750,1477.75,119.194,0.666,232.6,2
1478000,1478,126.282,0.68,232.59,2
1478250,1478.25,110.755,0.629,232.612,2
1478500,1478.5,116.612,0.671,232.609,2
1478750,1478.75,112.612,0.638,232.586,2
1479000,1479,112.721,0.649,232.616,2
1479250,1479.25,112.838,0.636,232.624,2
1479500,1479.5,115.384,0.669,232.599,2
1479750,1479.75,117.387,0.647,232.59,2
1480000,1480,114.731,0.638,232.597,2
1480250,1480.25,116.078,0.68,232.606,2
1480500,1480.5,119.912,0.659,232.607,2
1480750,1480.75,115.622,0.648,232.609,2
1481000,1481,122.438,0.705,232.578,2
1481250,1481.25,127.559,0.675,232.601,2
1481500,1481.5,120.199,0.664,232.603,2
1481750,1481.75,117.717,0.665,232.619,2
1482000,1482,115.159,0.647,232.588,2
1482250,1482.25,111.394,0.647,232.623,2
1482500,1482.5,117.829,0.65,232.637,2
1482750,1482.75,113.234,0.634,232.609,2
1483000,1483,114.017,0.661,232.625,2
1483250,1483.25,114.974,0.628,232.603,2
1483500,1483.5,108.837,0.656,232.583,2
1483750,1483.75,119.113,0.685,232.589,2
1484000,1484,128.436,0.697,232.571,2
1484250,1484.25,128.436,0.697,232.571,2
1484500,1484.5,124.653,0.692,232.599,2
1484750,1484.75,128.122,0.702,232.603,2
1485000,1485,125.577,0.685,232.614,2
1485250,1485.25,118.801,0.685,232.618,2
1485500,1485.5,124.319,0.698,232.618,2
1485750,1485.75,136.699,0.755,232.567,2
1486000,1486,134.456,0.688,232.585,2
1486250,1486.25,121.976,0.686,232.569,2
1486500,1486.5,121.638,0.675,232.574,2
1486750,1486.75,122.954,0.681,232.588,2
1487000,1487,117.235,0.631,232.61,2
1487250,1487.25,115.18,0.688,232.574,2
1487500,1487.5,127.952,0.699,232.581,2
1487750,1487.75,124.608,0.699,232.576,2
1488000,1488,131.713,0.722,232.592,2
1488250,1488.25,134.689,0.728,232.569,2
1488500,1488.5,134.646,0.746,232.561,2
1488750,1488.75,139.489,0.731,232.594,2
1489000,1489,136.984,0.743,232.559,2
1489250,1489.25,137.671,0.702,232.575,2
1489500,1489.5,124.344,0.7,232.604,2
1489750,1489.75,129.391,0.698,232.564,2
1490000,1490,128.974,0.72,232.585,2
1490250,1490.25,135.719,0.716,232.548,2
1490500,1490.5,128.609,0.708,232.592,2
1490750,1490.75,128.609,0.708,232.592,2
1491000,1491,134.705,0.74,232.551,2
1491250,1491.25,143.71,0.754,232.556,2
1491500,1491.5,139.35,0.736,232.56,2
1491750,1491.75,138.629,0.778,232.526,2
1492000,1492,151.941,0.762,232.562,2
1492250,1492.25,133.858,0.718,232.567,2
1492500,1492.5,138.364,0.743,232.534,2
1492750,1492.75,137.67,0.774,232.567,2
1493000,1493,163.132,0.796,232.548,2
1493250,1493.25,141.514,0.752,232.571,2
1493500,1493.5,143.23,0.763,232.54,2
1493750,1493.75,143.793,0.772,232.555,2
1494000,1494,159.422,0.826,232.546,2
1494250,1494.25,158.898,0.782,232.576,2
1494500,1494.5,139.249,0.724,232.567,2
1494750,1494.75,131.792,0.72,232.583,2
1495000,1495,136.756,0.748,232.553,2
1495250,1495.25,149.003,0.781,232.561,2
1495500,1495.5,150.335,0.758,232.573,2
1495750,1495.75,139.777,0.749,232.583,2
1496000,1496,141.723,0.752,232.567,2
1496250,1496.25,138.428,0.722,232.574,2
1496500,1496.5,137.263,0.742,232.574,2
1496750,1496.75,138.772,0.732,232.56,2
1497000,1497,137.957,0.739,232.541,2
1497250,1497.25,137.957,0.739,232.541,2
1497500,1497.5,139.649,0.759,232.549,2
1497750,1497.75,143.676,0.756,232.573,2
1498000,1498,142.898,0.748,232.589,2
1498250,1498.25,134.068,0.692,232.599,2
1498500,1498.5,121.335,0.663,232.607,2
1498750,1498.75,121.124,0.687,232.583,2
1499000,1499,125.287,0.682,232.563,2
1499250,1499.25,124.656,0.696,232.562,2
1499500,1499.5,121.238,0.659,232.579,2
1499750,1499.75,108.21,0.593,232.61,2
1500000,1500,103.226,0.621,232.598,2
1500250,1500.25,109.762,0.63,232.603,2
1500500,1500.5,114.276,0.662,232.573,2
1500750,1500.75,114.34,0.647,232.593,2
1501000,1501,110.275,0.619,232.604,2
1501250,1501.25,102.558,0.583,232.601,2
1501500,1501.5,101.185,0.625,232.601,2
1501750,1501.75,112.995,0.648,232.604,2
1502000,1502,110.195,0.629,232.614,2
1502250,1502.25,110.024,0.669,232.603,2
1502500,1502.5,119.126,0.624,232.633,2
1502750,1502.75,103.786,0.593,232.621,2
1503000,1503,108.355,0.648,232.648,2
1503250,1503.25,111.387,0.62,232.585,2
1503500,1503.5,101.043,0.577,232.605,2
1503750,1503.75,101.043,0.577,232.605,2
1504000,1504,102.157,0.616,232.579,2
1504250,1504.25,103.965,0.575,232.596,2
1504500,1504.5,101.283,0.634,232.586,2
1504750,1504.75,110.922,0.597,232.629,2
1505000,1505,100.456,0.612,232.614,2
1505250,1505.25,104.989,0.578,232.614,2
1505500,1505.5,100.894,0.654,232.546,2
1505750,1505.75,115.403,0.604,232.593,2
1506000,1506,100.516,0.598,232.6,2
1506250,1506.25,105.4,0.607,232.614,2
1506500,1506.5,104.327,0.623,232.616,2
1506750,1506.75,104.655,0.6,232.639,2
1507000,1507,97.875,0.571,232.646,2
1507250,1507.25,100.385,0.602,232.613,2
1507500,1507.5,109.443,0.676,232.605,2
1507750,1507.75,121.21,0.622,232.593,2
1508000,1508,104.837,0.648,232.601,2
1508250,1508.25,112.528,0.637,232.595,2
1508500,1508.5,110.931,0.643,232.593,2
1508750,1508.75,115.631,0.647,232.599,2
1509000,1509,118.972,0.683,232.579,2
1509250,1509.25,126.935,0.686,232.598,2
1509500,1509.5,120.311,0.677,232.575,2
1509750,1509.75,122.474,0.693,232.593,2
1510000,1510,130.54,0.709,232.617,2
1510250,1510.25,130.54,0.709,232.617,2
1510500,1510.5,130.941,0.704,232.598,2
1510750,1510.75,128.782,0.692,232.6,2
1511000,1511,124.176,0.684,232.573,2
1511250,1511.25,123.995,0.672,232.595,2
1511500,1511.5,117.908,0.688,232.588,2
1511750,1511.75,129.758,0.711,232.584,2
1512000,1512,128.858,0.676,232.561,2
1512250,1512.25,113.071,0.616,232.601,2
1512500,1512.5,101.299,0.622,232.619,2
1512750,1512.75,114.02,0.668,232.59,2
1513000,1513,122.652,0.715,232.591,2
1513250,1513.25,133.453,0.707,232.582,2
1513500,1513.5,131.905,0.719,232.54,2
1513750,1513.75,137.425,0.733,232.568,2
1514000,1514,130.864,0.701,232.581,2
1514250,1514.25,123.379,0.69,232.569,2
1514500,1514.5,128.451,0.703,232.531,2
1514750,1514.75,131.742,0.725,232.594,2
1515000,1515,134.645,0.72,232.578,2
1515250,1515.25,125.246,0.687,232.586,2
1515500,1515.5,123.829,0.689,232.594,2
1515750,1515.75,124.883,0.683,232.603,2
1516000,1516,130.086,0.694,232.603,2
1516250,1516.25,122.075,0.687,232.621,2
1516500,1516.5,129.831,0.715,232.573,2
1516750,1516.75,129.831,0.715,232.573,2
1517000,1517,135.238,0.729,232.559,2
1517250,1517.25,132.305,0.73,232.566,2
1517500,1517.5,142.316,0.745,232.553,2
1517750,1517.75,137.38,0.701,232.582,2
1518000,1518,124.219,0.692,232.59,2
1518250,1518.25,132.477,0.741,232.577,2
1518500,1518.5,139.845,0.756,232.575,2
1518750,1518.75,146.801,0.769,232.547,2
1519000,1519,151.191,0.8,232.527,2
1519250,1519.25,161.942,0.816,232.55,2
1519500,1519.5,164.89,0.807,232.567,2
1519750,1519.75,147.889,0.774,232.549,2
1520000,1520,156.147,0.796,232.528,2
1520250,1520.25,154.224,0.792,232.55,2
1520500,1520.5,159.529,0.812,232.551,2
1520750,1520.75,156.739,0.773,232.545,2
1521000,1521,145.456,0.771,232.539,2
1521250,1521.25,159.751,0.821,232.55,2
1521500,1521.5,161.566,0.809,232.556,2
1521750,1521.75,161.577,0.806,232.551,2
1522000,1522,154.993,0.78,232.537,2
1522250,1522.25,151.47,0.782,232.571,2
1522500,1522.5,154.443,0.763,232.582,2
1522750,1522.75,143.678,0.765,232.56,2
1523000,1523,153.261,0.806,232.544,2
1523250,1523.25,153.261,0.806,232.544,2
1523500,1523.5,149.704,0.754,232.568,2
1523750,1523.75,146.645,0.789,232.546,2
1524000,1524,153.616,0.792,232.52,2
1524250,1524.25,162.342,0.822,232.56,2
1524500,1524.5,168.373,0.845,232.517,2
1524750,1524.75,169.682,0.839,232.52,2
1525000,1525,172.869,0.866,232.521,2
1525250,1525.25,184.601,0.917,232.501,2
1525500,1525.5,186.59,0.878,232.526,2
1525750,1525.75,184.909,0.92,232.517,2
1526000,1526,192.892,0.902,232.509,2
1526250,1526.25,182.412,0.876,232.537,2
1526500,1526.5,180.284,0.894,232.485,2
1526750,1526.75,187.456,0.897,232.507,2
1527000,1527,184.633,0.895,232.498,2
1527250,1527.25,182.591,0.883,232.531,2
1527500,1527.5,185.128,0.893,232.545,2
1527750,1527.75,180.27,0.875,232.546,2
1528000,1528,174.302,0.852,232.563,2
1528250,1528.25,179.725,0.898,232.533,2
1528500,1528.5,183.119,0.882,232.55,2
1528750,1528.75,186.051,0.921,232.477,2
1529000,1529,187.694,0.873,232.522,2
1529250,1529.25,167.467,0.81,232.566,2
1529500,1529.5,151.967,0.783,232.559,2
1529750,1529.75,151.967,0.783,232.559,2
1530000,1530,156.496,0.831,232.571,2
1530250,1530.25,174.607,0.889,232.556,2
1530500,1530.5,177.72,0.834,232.564,2
1530750,1530.75,161.177,0.824,232.569,2
1531000,1531,166.538,0.845,232.559,2
1531250,1531.25,166.622,0.818,232.542,2
1531500,1531.5,153.597,0.781,232.549,2
1531750,1531.75,140.5,0.707,232.577,2
1532000,1532,126.362,0.72,232.567,2
1532250,1532.25,134.587,0.695,232.579,2
1532500,1532.5,132.728,0.724,232.594,2
1532750,1532.75,132.233,0.678,232.611,2
1533000,1533,120.346,0.684,232.598,2
1533250,1533.25,121.565,0.648,232.614,2
1533500,1533.5,105.352,0.605,232.586,2
1533750,1533.75,104.21,0.606,232.627,2
1534000,1534,101.586,0.575,232.604,2
1534250,1534.25,95.493,0.551,232.632,2
1534500,1534.5,90.254,0.551,232.612,2
1534750,1534.75,93.213,0.558,232.629,2
1535000,1535,88.863,0.485,232.651,2
1535250,1535.25,71.978,0.484,232.634,2
1535500,1535.5,82.573,0.501,232.643,2
1535750,1535.75,84.929,0.523,232.622,2
1536000,1536,84.828,0.465,232.636,2
1536250,1536.25,84.828,0.465,232.636,2
1536500,1536.5,65.649,0.398,232.652,2
1536750,1536.75,56.882,0.361,232.637,2
1537000,1537,52.856,0.381,232.661,2
1537250,1537.25,62.137,0.372,232.657,2
1537500,1537.5,52.691,0.34,232.677,2
1537750,1537.75,49.241,0.347,232.641,2
1538000,1538,51.815,0.354,232.673,2
1538250,1538.25,53.107,0.378,232.623,2
1538500,1538.5,58.689,0.358,232.649,2
1538750,1538.75,44.109,0.316,232.643,2
1539000,1539,48.9,0.402,232.649,2
1539250,1539.25,63.485,0.394,232.653,2
1539500,1539.5,50.497,0.354,232.65,2
1539750,1539.75,55.546,0.344,232.689,2
1540000,1540,46.865,0.346,232.663,2
1540250,1540.25,50.842,0.343,232.645,2
1540500,1540.5,46.569,0.312,232.679,2
1540750,1540.75,39.788,0.308,232.646,2
1541000,1541,41.022,0.308,232.645,2
1541250,1541.25,44.532,0.329,232.683,2
1541500,1541.5,47.661,0.328,232.656,2
1541750,1541.75,42.136,0.3,232.638,2
1542000,1542,36.475,0.291,232.665,2
1542250,1542.25,39.018,0.293,232.647,2
1542500,1542.5,37.756,0.297,232.668,2
1542750,1542.75,37.756,0.297,232.668,2
1543000,1543,36.336,0.296,232.663,2
1543250,1543.25,41.811,0.294,232.656,2
1543500,1543.5,35.68,0.291,232.673,2
1543750,1543.75,36.286,0.303,232.652,2
1544000,1544,44.37,0.335,232.649,2
1544250,1544.25,46.902,0.341,232.655,2
1544500,1544.5,48.245,0.337,232.633,2
1544750,1544.75,49.409,0.357,232.642,2
1545000,1545,53.996,0.379,232.631,2
1545250,1545.25,52.119,0.369,232.65,2
1545500,1545.5,52.391,0.423,232.635,2
1545750,1545.75,74.365,0.453,232.613,2
1546000,1546,62.072,0.416,232.629,2
1546250,1546.25,71.001,0.485,232.647,2
1546500,1546.5,82.667,0.507,232.585,2
1546750,1546.75,84.866,0.557,232.594,2
1547000,1547,97.033,0.612,232.58,2
1547250,1547.25,109.219,0.614,232.593,2
1547500,1547.5,101.7,0.599,232.576,2
1547750,1547.75,103.848,0.64,232.589,2
1548000,1548,123.405,0.712,232.558,2
1548250,1548.25,125.994,0.694,232.603,2
1548500,1548.5,124.809,0.689,232.579,2
1548750,1548.75,123.643,0.673,232.58,2
1549000,1549,118.976,0.672,232.559,2
1549250,1549.25,118.976,0.672,232.559,2
1549500,1549.5,131.135,0.75,232.567,2
1549750,1549.75,142.549,0.756,232.545,2
1550000,1550,147.516,0.774,232.541,2
1550250,1550.25,152.417,0.8,232.533,2
1550500,1550.5,159.8,0.805,232.573,2
1550750,1550.75,155.195,0.788,232.557,2
1551000,1551,156.42,0.827,232.56,2
1551250,1551.25,170.722,0.857,232.52,2
1551500,1551.5,173.011,0.841,232.537,2
1551750,1551.75,163.913,0.818,232.527,2
1552000,1552,167.409,0.84,232.534,2
1552250,1552.25,167.267,0.832,232.533,2
1552500,1552.5,165.392,0.85,232.526,2
1552750,1552.75,177.467,0.885,232.514,2
1553000,1553,181.763,0.901,232.485,2
1553250,1553.25,183.357,0.901,232.51,2
1553500,1553.5,193.614,0.955,232.513,2
1553750,1553.75,200.092,0.947,232.498,2
1554000,1554,194.705,0.93,232.49,2
1554250,1554.25,196.166,0.962,232.497,2
1554500,1554.5,203.632,0.964,232.497,2
1554750,1554.75,198.781,0.932,232.527,2
1555000,1555,188.436,0.907,232.484,2
1555250,1555.25,188.457,0.914,232.499,2
1555500,1555.5,195.263,0.966,232.5,2
1555750,1555.75,195.263,0.966,232.5,2
1556000,1556,197.988,0.927,232.525,2
1556250,1556.25,191.921,0.925,232.492,2
1556500,1556.5,185.775,0.889,232.54,2
1556750,1556.75,183.051,0.911,232.54,2
1557000,1557,186.935,0.876,232.518,2
1557250,1557.25,173.864,0.874,232.522,2
1557500,1557.5,183.008,0.912,232.514,2
1557750,1557.75,188.557,0.917,232.512,2
1558000,1558,187.989,0.917,232.508,2
1558250,1558.25,187.887,0.897,232.538,2
1558500,1558.5,176.856,0.855,232.532,2
1558750,1558.75,171.875,0.864,232.515,2
1559000,1559,177.481,0.892,232.523,2
1559250,1559.25,180.703,0.878,232.541,2
1559500,1559.5,176.384,0.867,232.516,2
1559750,1559.75,174.015,0.869,232.52,2
1560000,1560,172.453,0.838,232.526,2
1560250,1560.25,168.3,0.83,232.534,2
1560500,1560.5,163.932,0.848,232.554,2
1560750,1560.75,168.11,0.827,232.557,2
1561000,1561,165.287,0.855,232.53,2
1561250,1561.25,171.541,0.839,232.534,2
1561500,1561.5,162.407,0.824,232.537,2
1561750,1561.75,160.577,0.786,232.57,2
1562000,1562,150.803,0.807,232.54,2
1562250,1562.25,150.803,0.807,232.54,2
1562500,1562.5,156.812,0.786,232.579,2
1562750,1562.75,147.911,0.778,232.567,2
1563000,1563,151.993,0.776,232.575,2
1563250,1563.25,144.281,0.734,232.581,2
1563500,1563.5,133.294,0.712,232.543,2
1563750,1563.75,137.973,0.757,232.553,2
1564000,1564,141.333,0.763,232.564,2
1564250,1564.25,145.743,0.77,232.563,2
1564500,1564.5,145.622,0.754,232.556,2
1564750,1564.75,138.618,0.681,232.595,2
1565000,1565,112.547,0.672,232.594,2
1565250,1565.25,124.121,0.679,232.6,2
1565500,1565.5,119.934,0.692,232.578,2
1565750,1565.75,125.981,0.671,232.557,2
1566000,1566,109.841,0.608,232.589,2
1566250,1566.25,100.33,0.576,232.617,2
1566500,1566.5,90.458,0.568,232.627,2
1566750,1566.75,100.15,0.603,232.614,2
1567000,1567,109.595,0.605,232.593,2
1567250,1567.25,92.987,0.567,232.601,2
1567500,1567.5,96.763,0.543,232.637,2
1567750,1567.75,88.547,0.564,232.618,2
1568000,1568,95.413,0.585,232.624,2
1568250,1568.25,97.125,0.544,232.615,2
1568500,1568.5,83.576,0.504,232.638,2
1568750,1568.75,83.576,0.504,232.638,2
1569000,1569,82.78,0.517,232.617,2
1569250,1569.25,82.396,0.501,232.629,2
1569500,1569.5,78.531,0.462,232.649,2
1569750,1569.75,62.657,0.404,232.643,2
1570000,1570,61.283,0.451,232.652,2
1570250,1570.25,73.986,0.44,232.643,2
1570500,1570.5,60.451,0.391,232.649,2
1570750,1570.75,60.382,0.427,232.624,2
1571000,1571,65.949,0.417,232.647,2
1571250,1571.25,62.233,0.434,232.623,2
1571500,1571.5,65.989,0.445,232.624,2
1571750,1571.75,63.223,0.392,232.66,2
1572000,1572,55.246,0.387,232.654,2
1572250,1572.25,58.495,0.407,232.643,2
1572500,1572.5,63.103,0.4,232.669,2
1572750,1572.75,53.759,0.388,232.65,2
1573000,1573,62.113,0.459,232.632,2
1573250,1573.25,74.955,0.477,232.646,2
1573500,1573.5,65.314,0.403,232.659,2
1573750,1573.75,60.012,0.402,232.64,2
1574000,1574,57.197,0.403,232.638,2
1574250,1574.25,66.955,0.42,232.621,2
1574500,1574.5,56.766,0.367,232.661,2
1574750,1574.75,55.696,0.383,232.661,2
1575000,1575,56.086,0.394,232.647,2
1575250,1575.25,56.086,0.394,232.647,2
1575500,1575.5,68.157,0.48,232.634,2
1575750,1575.75,74.021,0.468,232.619,2
1576000,1576,75.496,0.458,232.636,2
1576250,1576.25,67.259,0.44,232.654,2
1576500,1576.5,73.549,0.476,232.647,2
1576750,1576.75,76.965,0.473,232.641,2
1577000,1577,76.643,0.495,232.631,2
1577250,1577.25,82.633,0.511,232.62,2
1577500,1577.5,79.573,0.487,232.637,2
1577750,1577.75,72.974,0.454,232.665,2
1578000,1578,74.19,0.474,232.62,2
1578250,1578.25,72.232,0.441,232.641,2
1578500,1578.5,72.71,0.475,232.598,2
1578750,1578.75,80.915,0.519,232.606,2
1579000,1579,90.737,0.55,232.614,2
1579250,1579.25,77.133,0.487,232.65,2
1579500,1579.5,95.702,0.623,232.612,2
1579750,1579.75,107.017,0.575,232.629,2
1580000,1580,101.97,0.596,232.583,2
1580250,1580.25,97.15,0.583,232.587,2
1580500,1580.5,100.896,0.61,232.595,2
1580750,1580.75,108.029,0.645,232.583,2
1581000,1581,110.271,0.615,232.586,2
1581250,1581.25,106.894,0.619,232.593,2
1581500,1581.5,112.257,0.665,232.574,2
1581750,1581.75,112.257,0.665,232.574,2
1582000,1582,119.116,0.671,232.613,2
1582250,1582.25,118.427,0.664,232.569,2
1582500,1582.5,118.825,0.692,232.553,2
1582750,1582.75,128.549,0.688,232.545,2
1583000,1583,122.359,0.653,232.568,2
1583250,1583.25,118.079,0.667,232.563,2
1583500,1583.5,126.091,0.712,232.565,2
1583750,1583.75,128.522,0.706,232.598,2
1584000,1584,134.193,0.723,232.593,2
1584250,1584.25,136.96,0.732,232.567,2
1584500,1584.5,138.147,0.734,232.574,2
1584750,1584.75,137.315,0.724,232.599,2
1585000,1585,130.751,0.714,232.613,2
1585250,1585.25,140.366,0.79,232.571,2
1585500,1585.5,152.575,0.777,232.534,2
1585750,1585.75,149.595,0.778,232.578,2
1586000,1586,151.475,0.77,232.545,2
1586250,1586.25,148.882,0.795,232.562,2
1586500,1586.5,156.161,0.792,232.552,2
1586750,1586.75,155.461,0.812,232.545,2
1587000,1587,154.927,0.777,232.528,2
1587250,1587.25,150.602,0.76,232.564,2
1587500,1587.5,148.398,0.793,232.559,2
1587750,1587.75,154.693,0.784,232.525,2
1588000,1588,154.036,0.809,232.555,2
1588250,1588.25,154.036,0.809,232.555,2
1588500,1588.5,158.414,0.797,232.536,2
1588750,1588.75,156.957,0.819,232.559,2
1589000,1589,163.873,0.804,232.562,2
1589250,1589.25,155.614,0.793,232.544,2
1589500,1589.5,153.482,0.78,232.587,2
1589750,1589.75,151.057,0.806,232.544,2
1590000,1590,164.264,0.814,232.573,2
1590250,1590.25,161.769,0.825,232.532,2
1590500,1590.5,162.937,0.804,232.581,2
1590750,1590.75,161.055,0.829,232.549,2
1591000,1591,165.847,0.823,232.552,2
1591250,1591.25,160.394,0.808,232.584,2
1591500,1591.5,163.988,0.826,232.592,2
1591750,1591.75,163.779,0.811,232.565,2
1592000,1592,156.497,0.788,232.586,2
1592250,1592.25,156.837,0.821,232.556,2
1592500,1592.5,165.048,0.799,232.562,2
1592750,1592.75,153.343,0.806,232.558,2
1593000,1593,161.072,0.8,232.578,2
1593250,1593.25,143.748,0.765,232.566,2
1593500,1593.5,151.083,0.786,232.574,2
1593750,1593.75,153.92,0.775,232.532,2
1594000,1594,145.43,0.755,232.578,2
1594250,1594.25,143.954,0.756,232.567,2
1594500,1594.5,140.491,0.744,232.556,2
1594750,1594.75,140.491,0.744,232.556,2
1595000,1595,140.918,0.751,232.565,2
1595250,1595.25,141.168,0.752,232.569,2
1595500,1595.5,138.262,0.713,232.551,2
1595750,1595.75,126.792,0.691,232.588,2
1596000,1596,125.165,0.703,232.588,2
1596250,1596.25,129.526,0.691,232.605,2
1596500,1596.5,126.416,0.702,232.575,2
1596750,1596.75,129.896,0.737,232.565,2
1597000,1597,141.284,0.737,232.58,2
1597250,1597.25,135.063,0.697,232.585,2
1597500,1597.5,120.734,0.651,232.592,2
1597750,1597.75,110.662,0.621,232.624,2
1598000,1598,110.39,0.645,232.59,2
1598250,1598.25,118.034,0.67,232.579,2
1598500,1598.5,113.439,0.64,232.595,2
1598750,1598.75,110.3,0.636,232.596,2
1599000,1599,111.658,0.626,232.602,2
1599250,1599.25,105.12,0.627,232.618,2
1599500,1599.5,112.676,0.615,232.601,2
1599750,1599.75,105.863,0.603,232.626,2
1600000,1600,100.646,0.58,232.641,2
1600250,1600.25,92.248,0.53,232.628,2
1600500,1600.5,82.693,0.502,232.623,2
1600750,1600.75,77.822,0.47,232.595,2
1601000,1601,75.083,0.462,232.626,2
1601250,1601.25,75.083,0.462,232.626,2
1601500,1601.5,78.072,0.504,232.619,2
1601750,1601.75,87.064,0.528,232.638,2
1602000,1602,77.934,0.47,232.606,2
1602250,1602.25,71.118,0.446,232.636,2
1602500,1602.5,72.38,0.476,232.61,2
1602750,1602.75,81.024,0.521,232.662,2
1603000,1603,85.445,0.482,232.643,2
1603250,1603.25,66.591,0.427,232.642,2
1603500,1603.5,74.78,0.507,232.626,2
1603750,1603.75,78.881,0.451,232.618,2
1604000,1604,67.502,0.46,232.625,2
1604250,1604.25,79.195,0.517,232.608,2
1604500,1604.5,87.379,0.52,232.61,2
1604750,1604.75,80.06,0.505,232.638,2
1605000,1605,83.089,0.519,232.632,2
1605250,1605.25,80.29,0.499,232.645,2
1605500,1605.5,87.371,0.546,232.618,2
1605750,1605.75,81.847,0.478,232.615,2
1606000,1606,80.791,0.529,232.616,2
1606250,1606.25,83.809,0.507,232.626,2
1606500,1606.5,84.276,0.535,232.627,2
1606750,1606.75,81.764,0.492,232.638,2
1607000,1607,82.928,0.507,232.624,2
1607250,1607.25,81.171,0.512,232.656,2
1607500,1607.5,84.983,0.529,232.609,2
1607750,1607.75,84.983,0.529,232.609,2
1608000,1608,85.948,0.515,232.621,2
1608250,1608.25,82.679,0.525,232.62,2
1608500,1608.5,86.651,0.518,232.64,2
1608750,1608.75,82.784,0.503,232.63,2
1609000,1609,83.209,0.523,232.62,2
1609250,1609.25,87.929,0.527,232.589,2
1609500,1609.5,82.721,0.504,232.632,2
1609750,1609.75,81.928,0.506,232.608,2
1610000,1610,82.265,0.5,232.614,2
1610250,1610.25,81.399,0.505,232.62,2
1610500,1610.5,81.707,0.486,232.636,2
1610750,1610.75,82.005,0.568,232.618,2
1611000,1611,97.816,0.57,232.619,2
1611250,1611.25,94.396,0.553,232.608,2
1611500,1611.5,83.768,0.497,232.622,2
1611750,1611.75,81.651,0.516,232.615,2
1612000,1612,86.479,0.527,232.597,2
1612250,1612.25,88.655,0.575,232.595,2
1612500,1612.5,98.277,0.562,232.604,2
1612750,1612.75,90.174,0.535,232.631,2
1613000,1613,84.128,0.496,232.636,2
1613250,1613.25,82.181,0.521,232.63,2
1613500,1613.5,91.358,0.567,232.635,2
1613750,1613.75,100.291,0.605,232.606,2
1614000,1614,102.747,0.61,232.607,2
1614250,1614.25,102.747,0.61,232.607,2
1614500,1614.5,108.428,0.618,232.578,2
1614750,1614.75,106.901,0.599,232.598,2
1615000,1615,100.337,0.611,232.596,2
1615250,1615.25,110.295,0.62,232.609,2
1615500,1615.5,105.069,0.606,232.639,2
1615750,1615.75,99.476,0.577,232.618,2
1616000,1616,97.911,0.594,232.58,2
1616250,1616.25,107.783,0.617,232.592,2
1616500,1616.5,110.82,0.679,232.587,2
1616750,1616.75,130.834,0.727,232.553,2
1617000,1617,134.186,0.707,232.585,2
1617250,1617.25,127.879,0.686,232.576,2
1617500,1617.5,124.144,0.671,232.567,2
1617750,1617.75,123.718,0.706,232.582,2
1618000,1618,137.21,0.752,232.568,2
1618250,1618.25,139.591,0.76,232.571,2
1618500,1618.5,145.056,0.768,232.583,2
1618750,1618.75,148.167,0.771,232.564,2
1619000,1619,145.382,0.752,232.583,2
1619250,1619.25,142.592,0.727,232.567,2
1619500,1619.5,137.824,0.739,232.578,2
1619750,1619.75,141.423,0.781,232.566,2
1620000,1620,156.879,0.806,232.541,2
1620250,1620.25,155.598,0.817,232.57,2
1620500,1620.5,163.592,0.815,232.537,2
1620750,1620.75,163.592,0.815,232.537,2
1621000,1621,153.783,0.788,232.546,2
1621250,1621.25,153.1,0.799,232.51,2
1621500,1621.5,159.568,0.824,232.505,2
1621750,1621.75,165.129,0.831,232.551,2
1622000,1622,160.25,0.848,232.537,2
1622250,1622.25,177.863,0.889,232.505,2
1622500,1622.5,178.251,0.859,232.534,2
1622750,1622.75,171.625,0.858,232.53,2
1623000,1623,175.42,0.877,232.548,2
1623250,1623.25,176.58,0.873,232.54,2
1623500,1623.5,177.762,0.872,232.547,2
1623750,1623.75,171.302,0.855,232.55,2
1624000,1624,173.627,0.854,232.552,2
1624250,1624.25,169.205,0.837,232.542,2
1624500,1624.5,166.789,0.841,232.582,2
1624750,1624.75,168.028,0.848,232.558,2
1625000,1625,172.317,0.864,232.538,2
1625250,1625.25,170.859,0.848,232.525,2
1625500,1625.5,169.333,0.839,232.542,2
1625750,1625.75,160.36,0.799,232.567,2
1626000,1626,157.611,0.777,232.576,2
1626250,1626.25,142.205,0.769,232.576,2
1626500,1626.5,157.751,0.825,232.574,2
1626750,1626.75,159.352,0.78,232.55,2
1627000,1627,145.883,0.773,232.59,2
1627250,1627.25,145.883,0.773,232.59,2
1627500,1627.5,152.007,0.784,232.54,2
1627750,1627.75,154.002,0.793,232.574,2
1628000,1628,148.794,0.775,232.59,2
1628250,1628.25,142.025,0.732,232.588,2
1628500,1628.5,139.111,0.759,232.571,2
1628750,1628.75,150.72,0.785,232.576,2
1629000,1629,148.233,0.746,232.598,2
1629250,1629.25,131.086,0.69,232.619,2
1629500,1629.5,121.923,0.689,232.587,2
1629750,1629.75,128.705,0.73,232.582,2
1630000,1630,136.741,0.722,232.573,2
1630250,1630.25,133.478,0.71,232.602,2
1630500,1630.5,128.034,0.705,232.574,2
1630750,1630.75,130.808,0.709,232.605,2
1631000,1631,135.265,0.739,232.567,2
1631250,1631.25,129.071,0.671,232.586,2
1631500,1631.5,115.407,0.624,232.602,2
1631750,1631.75,99.853,0.554,232.645,2
1632000,1632,90.497,0.557,232.613,2
1632250,1632.25,101.128,0.613,232.612,2
1632500,1632.5,100.428,0.563,232.588,2
1632750,1632.75,95.392,0.583,232.625,2
1633000,1633,102.981,0.616,232.611,2
1633250,1633.25,109.664,0.634,232.604,2
1633500,1633.5,110.241,0.628,232.589,2
1633750,1633.75,110.241,0.628,232.589,2
1634000,1634,116.034,0.695,232.595,2
1634250,1634.25,131.51,0.691,232.578,2
1634500,1634.5,117.608,0.626,232.615,2
1634750,1634.75,102.111,0.599,232.628,2
1635000,1635,105.588,0.605,232.627,2
1635250,1635.25,107.576,0.629,232.649,2
1635500,1635.5,104.93,0.59,232.617,2
1635750,1635.75,97.479,0.551,232.612,2
1636000,1636,94.42,0.593,232.635,2
1636250,1636.25,102.055,0.589,232.642,2
1636500,1636.5,99.499,0.593,232.613,2
1636750,1636.75,103.6,0.631,232.584,2
1637000,1637,108.721,0.614,232.6,2
1637250,1637.25,106.19,0.642,232.605,2
1637500,1637.5,114.558,0.65,232.602,2
1637750,1637.75,113.817,0.632,232.62,2
1638000,1638,114.938,0.69,232.583,2
1638250,1638.25,124.678,0.654,232.568,2
1638500,1638.5,106.535,0.645,232.616,2
1638750,1638.75,111.029,0.623,232.601,2
1639000,1639,111.563,0.641,232.601,2
1639250,1639.25,114.019,0.672,232.588,2
1639500,1639.5,120.122,0.645,232.615,2
1639750,1639.75,114.845,0.674,232.56,2
1640000,1640,115.752,0.565,232.625,2
1640250,1640.25,115.752,0.565,232.625,2
1640500,1640.5,73.228,0.462,232.643,2
1640750,1640.75,73.544,0.472,232.649,2
1641000,1641,82.224,0.603,232.609,2
1641250,1641.25,114.11,0.654,232.569,2
1641500,1641.5,118.169,0.675,232.582,2
1641750,1641.75,120.529,0.685,232.581,2
1642000,1642,123.754,0.672,232.571,2
1642250,1642.25,116.328,0.61,232.6,2
1642500,1642.5,103.898,0.586,232.606,2
1642750,1642.75,104.492,0.68,232.607,2
1643000,1643,126.111,0.669,232.612,2
1643250,1643.25,117.826,0.667,232.602,2
1643500,1643.5,116.768,0.674,232.569,2
1643750,1643.75,122.238,0.657,232.595,2
1644000,1644,115.612,0.651,232.62,2
1644250,1644.25,116.266,0.685,232.6,2
1644500,1644.5,128.585,0.71,232.561,2
1644750,1644.75,127.939,0.675,232.587,2
1645000,1645,117.947,0.688,232.564,2
1645250,1645.25,133.457,0.686,232.56,2
1645500,1645.5,117.339,0.65,232.576,2
1645750,1645.75,118.029,0.693,232.567,2
1646000,1646,126.967,0.7,232.596,2
1646250,1646.25,123.969,0.648,232.599,2
1646500,1646.5,111.255,0.641,232.607,2
1646750,1646.75,111.255,0.641,232.607,2
1647000,1647,113.363,0.641,232.593,2
1647250,1647.25,113.856,0.651,232.587,2
1647500,1647.5,116.71,0.652,232.566,2
1647750,1647.75,109.973,0.655,232.601,2
1648000,1648,120.676,0.673,232.596,2
1648250,1648.25,121.136,0.664,232.602,2
1648500,1648.5,114.351,0.646,232.616,2
1648750,1648.75,117.267,0.66,232.615,2
1649000,1649,117.095,0.681,232.591,2
1649250,1649.25,121.832,0.672,232.607,2
1649500,1649.5,116.291,0.663,232.563,2
1649750,1649.75,124.616,0.692,232.591,2
1650000,1650,127.086,0.69,232.602,2
1650250,1650.25,124.842,0.701,232.563,2
1650500,1650.5,126.002,0.705,232.604,2
1650750,1650.75,128.79,0.691,232.589,2
1651000,1651,124.365,0.661,232.569,2
1651250,1651.25,120.34,0.664,232.612,2
1651500,1651.5,122.165,0.685,232.591,2
1651750,1651.75,117.962,0.659,232.586,2
1652000,1652,117.886,0.667,232.574,2
1652250,1652.25,117.996,0.683,232.578,2
1652500,1652.5,128.663,0.698,232.591,2
1652750,1652.75,126.44,0.659,232.584,2
1653000,1653,112.143,0.638,232.591,2
1653250,1653.25,112.143,0.638,232.591,2
1653500,1653.5,116.624,0.679,232.623,2
1653750,1653.75,115.565,0.662,232.607,2
1654000,1654,121.111,0.672,232.578,2
1654250,1654.25,121.939,0.681,232.579,2
1654500,1654.5,124.029,0.684,232.604,2
1654750,1654.75,124.892,0.68,232.592,2
1655000,1655,118.095,0.674,232.58,2
1655250,1655.25,120.399,0.664,232.59,2
1655500,1655.5,114.332,0.64,232.571,2
1655750,1655.75,112.115,0.658,232.587,2
1656000,1656,116.5,0.656,232.59,2
1656250,1656.25,126.584,0.714,232.581,2
1656500,1656.5,129.248,0.705,232.6,2
1656750,1656.75,130.386,0.692,232.592,2
1657000,1657,124.955,0.672,232.603,2
1657250,1657.25,124.079,0.683,232.589,2
1657500,1657.5,123.466,0.687,232.594,2
1657750,1657.75,128.559,0.719,232.581,2
1658000,1658,131.303,0.693,232.569,2
1658250,1658.25,122.471,0.682,232.588,2
1658500,1658.5,124.025,0.686,232.573,2
1658750,1658.75,126.541,0.687,232.584,2
1659000,1659,124.635,0.707,232.579,2
1659250,1659.25,128.914,0.672,232.605,2
1659500,1659.5,116.58,0.654,232.589,2
1659750,1659.75,116.58,0.654,232.589,2
1660000,1660,114.952,0.664,232.611,2
1660250,1660.25,117.988,0.641,232.595,2
1660500,1660.5,113.557,0.654,232.605,2
1660750,1660.75,117.409,0.656,232.579,2
1661000,1661,120.624,0.685,232.596,2
1661250,1661.25,121.924,0.652,232.593,2
1661500,1661.5,113.258,0.648,232.607,2
1661750,1661.75,113.296,0.663,232.593,2
1662000,1662,121.854,0.682,232.567,2
1662250,1662.25,126.952,0.7,232.595,2
1662500,1662.5,125.78,0.69,232.615,2
1662750,1662.75,123.936,0.696,232.594,2
1663000,1663,129.571,0.713,232.583,2
1663250,1663.25,127.791,0.692,232.585,2
1663500,1663.5,125.503,0.669,232.575,2
1663750,1663.75,125.09,0.726,232.566,2
1664000,1664,129.32,0.677,232.59,2
1664250,1664.25,118.368,0.668,232.587,2
1664500,1664.5,124.609,0.714,232.578,2
1664750,1664.75,130.008,0.678,232.597,2
1665000,1665,118.828,0.649,232.629,2
1665250,1665.25,113.926,0.652,232.612,2
1665500,1665.5,120.764,0.702,232.583,2
1665750,1665.75,131.665,0.728,232.606,2
1666000,1666,137.544,0.717,232.555,2
1666250,1666.25,137.544,0.717,232.555,2
1666500,1666.5,130.313,0.704,232.613,2
1666750,1666.75,120.563,0.626,232.605,2
1667000,1667,104.549,0.619,232.607,2
1667250,1667.25,107.396,0.623,232.579,2
1667500,1667.5,107.206,0.618,232.618,2
1667750,1667.75,116.839,0.695,232.605,2
1668000,1668,130.846,0.731,232.567,2
1668250,1668.25,132.439,0.688,232.583,2
1668500,1668.5,120.471,0.676,232.607,2
1668750,1668.75,120.547,0.679,232.61,2
1669000,1669,124.626,0.674,232.634,2
1669250,1669.25,122.593,0.673,232.603,2
1669500,1669.5,121.797,0.696,232.593,2
1669750,1669.75,124.341,0.676,232.582,2
1670000,1670,113.705,0.632,232.63,2
1670250,1670.25,107.831,0.645,232.613,2
1670500,1670.5,118.06,0.656,232.607,2
1670750,1670.75,118.136,0.672,232.591,2
1671000,1671,121.67,0.656,232.601,2
1671250,1671.25,109.097,0.642,232.598,2
1671500,1671.5,112.341,0.652,232.584,2
1671750,1671.75,122.072,0.683,232.581,2
1672000,1672,121.625,0.646,232.618,2
1672250,1672.25,107.577,0.608,232.608,2
1672500,1672.5,104.773,0.607,232.591,2
1672750,1672.75,104.773,0.607,232.591,2
1673000,1673,101.879,0.616,232.612,2
1673250,1673.25,110.102,0.639,232.6,2
1673500,1673.5,112.901,0.628,232.596,2
1673750,1673.75,109.03,0.608,232.63,2
1674000,1674,101.725,0.618,232.623,2
1674250,1674.25,110.017,0.642,232.618,2
1674500,1674.5,107.334,0.626,232.625,2
1674750,1674.75,107.124,0.599,232.636,2
1675000,1675,96.412,0.546,232.625,2
1675250,1675.25,95.775,0.59,232.641,2
1675500,1675.5,103.317,0.59,232.6,2
1675750,1675.75,91.206,0.52,232.653,2
1676000,1676,86.923,0.532,232.645,2
1676250,1676.25,85.497,0.558,232.633,2
1676500,1676.5,100.2,0.572,232.612,2
1676750,1676.75,92.156,0.536,232.628,2
1677000,1677,93.329,0.581,232.618,2
1677250,1677.25,102.909,0.608,232.629,2
1677500,1677.5,105.052,0.606,232.621,2
1677750,1677.75,100.99,0.574,232.652,2
1678000,1678,98.996,0.575,232.62,2
1678250,1678.25,88.879,0.522,232.63,2
1678500,1678.5,85.825,0.562,232.596,2
1678750,1678.75,103.151,0.613,232.615,2
1679000,1679,100.159,0.564,232.643,2
1679250,1679.25,100.159,0.564,232.643,2
1679500,1679.5,100.629,0.61,232.643,2
1679750,1679.75,100.877,0.604,232.636,2
1680000,1680,112.138,0.658,232.624,2
1680250,1680.25,115.248,0.657,232.621,2
1680500,1680.5,119.733,0.668,232.612,2
1680750,1680.75,117.888,0.659,232.606,2
1681000,1681,126.738,0.735,232.595,2
1681250,1681.25,132.218,0.69,232.588,2
1681500,1681.5,120.329,0.67,232.589,2
1681750,1681.75,115.967,0.644,232.616,2
1682000,1682,120.584,0.701,232.59,2
1682250,1682.25,129.447,0.718,232.569,2
1682500,1682.5,137.629,0.744,232.589,2
1682750,1682.75,127.319,0.637,232.62,2
1683000,1683,116.272,0.691,232.58,2
1683250,1683.25,131.127,0.698,232.612,2
1683500,1683.5,128.897,0.722,232.608,2
1683750,1683.75,131.864,0.705,232.565,2
1684000,1684,127.254,0.678,232.614,2
1684250,1684.25,120.288,0.694,232.586,2
1684500,1684.5,133.488,0.739,232.595,2
1684750,1684.75,139.456,0.734,232.591,2
1685000,1685,131.995,0.69,232.598,2
1685250,1685.25,128.601,0.73,232.594,2
1685500,1685.5,132.592,0.687,232.587,2
1685750,1685.75,132.592,0.687,232.587,2
1686000,1686,124.543,0.693,232.594,2
1686250,1686.25,122.454,0.677,232.572,2
1686500,1686.5,118.749,0.649,232.576,2
1686750,1686.75,112.934,0.583,232.602,2
1687000,1687,100.601,0.67,232.584,2
1687250,1687.25,125.855,0.687,232.603,2
1687500,1687.5,128.529,0.724,232.578,2
1687750,1687.75,133.323,0.674,232.612,2
1688000,1688,114.279,0.634,232.604,2
1688250,1688.25,120.495,0.722,232.58,2
1688500,1688.5,137.552,0.722,232.586,2
1688750,1688.75,129.952,0.698,232.588,2
1689000,1689,128.079,0.708,232.58,2
1689250,1689.25,131.621,0.679,232.578,2
1689500,1689.5,117.94,0.658,232.589,2
1689750,1689.75,119.022,0.686,232.589,2
1690000,1690,129.33,0.708,232.601,2
1690250,1690.25,129.297,0.712,232.604,2
1690500,1690.5,130.189,0.694,232.609,2
1690750,1690.75,125.911,0.688,232.616,2
1691000,1691,121.443,0.659,232.613,2
1691250,1691.25,113.19,0.624,232.601,2
1691500,1691.5,113.662,0.679,232.582,2
1691750,1691.75,122.878,0.701,232.605,2
1692000,1692,129.275,0.679,232.564,2
1692250,1692.25,129.275,0.679,232.564,2
1692500,1692.5,119.934,0.675,232.611,2
1692750,1692.75,121.311,0.668,232.598,2
1693000,1693,118.813,0.657,232.607,2
1693250,1693.25,114.94,0.645,232.585,2
1693500,1693.5,116.007,0.679,232.589,2
1693750,1693.75,127.368,0.681,232.583,2
1694000,1694,117.151,0.624,232.619,2
1694250,1694.25,108.596,0.643,232.621,2
1694500,1694.5,117.105,0.686,232.617,2
1694750,1694.75,127.6,0.704,232.613,2
1695000,1695,132.677,0.714,232.593,2
1695250,1695.25,128.396,0.682,232.603,2
1695500,1695.5,122.218,0.65,232.615,2
1695750,1695.75,114.44,0.661,232.626,2
1696000,1696,120.898,0.695,232.583,2
1696250,1696.25,125.251,0.673,232.586,2
1696500,1696.5,110.086,0.631,232.61,2
1696750,1696.75,114.327,0.663,232.626,2
1697000,1697,114.291,0.618,232.63,2
1697250,1697.25,104.653,0.615,232.619,2
1697500,1697.5,110.029,0.656,232.585,2
1697750,1697.75,115.117,0.674,232.592,2
1698000,1698,126.909,0.697,232.583,2
1698250,1698.25,128.552,0.685,232.584,2
1698500,1698.5,121.638,0.664,232.597,2
1698750,1698.75,121.638,0.664,232.597,2
1699000,1699,111.76,0.611,232.626,2
1699250,1699.25,108.37,0.668,232.615,2
1699500,1699.5,112.56,0.618,232.621,2
1699750,1699.75,115.885,0.66,232.614,2
1700000,1700,115.297,0.654,232.611,2
1700250,1700.25,123.194,0.712,232.599,2
1700500,1700.5,124.169,0.648,232.606,2
1700750,1700.75,105.315,0.623,232.619,2
1701000,1701,111.435,0.66,232.602,2
1701250,1701.25,125.783,0.696,232.618,2
1701500,1701.5,122.988,0.651,232.608,2
1701750,1701.75,120.457,0.685,232.597,2
1702000,1702,117.322,0.636,232.635,2
1702250,1702.25,107.328,0.609,232.626,2
1702500,1702.5,104.041,0.636,232.618,2
1702750,1702.75,112.131,0.642,232.611,2
1703000,1703,114.957,0.63,232.61,2
1703250,1703.25,113.496,0.676,232.6,2
1703500,1703.5,125.532,0.691,232.599,2
1703750,1703.75,129.583,0.714,232.593,2
1704000,1704,125.154,0.685,232.605,2
1704250,1704.25,126.114,0.716,232.59,2
1704500,1704.5,131.16,0.678,232.62,2
1704750,1704.75,121.487,0.697,232.631,2
1705000,1705,126.828,0.659,232.627,2
1705250,1705.25,126.828,0.659,232.627,2
1705500,1705.5,118.557,0.695,232.616,2
1705750,1705.75,125.249,0.676,232.624,2
1706000,1706,115.896,0.642,232.618,2
1706250,1706.25,112.405,0.641,232.633,2
1706500,1706.5,116.326,0.669,232.632,2
1706750,1706.75,121.181,0.67,232.597,2
1707000,1707,123.855,0.703,232.6,2
1707250,1707.25,127.63,0.7,232.585,2
1707500,1707.5,124.505,0.686,232.605,2
1707750,1707.75,126.702,0.677,232.587,2
1708000,1708,126.203,0.696,232.611,2
1708250,1708.25,128.034,0.701,232.619,2
1708500,1708.5,129.326,0.675,232.616,2
1708750,1708.75,118.447,0.692,232.623,2
1709000,1709,124.377,0.694,232.609,2
1709250,1709.25,128.842,0.691,232.576,2
1709500,1709.5,130.195,0.712,232.59,2
1709750,1709.75,133.899,0.706,232.626,2
1710000,1710,126.814,0.668,232.602,2
1710250,1710.25,117.255,0.666,232.624,2
1710500,1710.5,119.935,0.675,232.587,2
1710750,1710.75,119.657,0.678,232.613,2
1711000,1711,128.305,0.678,232.595,2
1711250,1711.25,121.478,0.662,232.605,2
1711500,1711.5,117.457,0.678,232.605,2
1711750,1711.75,117.457,0.678,232.605,2
1712000,1712,127.452,0.691,232.599,2
1712250,1712.25,119.71,0.637,232.591,2
1712500,1712.5,106.349,0.62,232.616,2
1712750,1712.75,111.927,0.627,232.576,2
1713000,1713,109.184,0.655,232.61,2
1713250,1713.25,120.683,0.659,232.613,2
1713500,1713.5,112.261,0.627,232.613,2
1713750,1713.75,107.523,0.636,232.602,2
1714000,1714,114.167,0.651,232.608,2
1714250,1714.25,115.597,0.618,232.62,2
1714500,1714.5,98.668,0.59,232.648,2
1714750,1714.75,109.945,0.671,232.595,2
1715000,1715,124.174,0.684,232.598,2
1715250,1715.25,117.349,0.64,232.615,2
1715500,1715.5,108.777,0.637,232.629,2
1715750,1715.75,113.576,0.632,232.613,2
1716000,1716,110.398,0.636,232.63,2
1716250,1716.25,114.399,0.695,232.581,2
1716500,1716.5,134.326,0.72,232.614,2
1716750,1716.75,117.152,0.628,232.619,2
1717000,1717,110.133,0.627,232.622,2
1717250,1717.25,110.95,0.643,232.614,2
1717500,1717.5,115.276,0.673,232.616,2
1717750,1717.75,123.759,0.67,232.605,2
1718000,1718,111.48,0.636,232.604,2
1718250,1718.25,111.48,0.636,232.604,2
1718500,1718.5,112.898,0.665,232.577,2
1718750,1718.75,118.739,0.642,232.608,2
1719000,1719,109.825,0.647,232.602,2
1719250,1719.25,120.538,0.689,232.6,2
1719500,1719.5,119,0.652,232.613,2
1719750,1719.75,116.341,0.69,232.607,2
1720000,1720,123.547,0.654,232.591,2
1720250,1720.25,127.053,0.718,232.6,2
1720500,1720.5,125.399,0.696,232.616,2
1720750,1720.75,125.605,0.691,232.645,2
1721000,1721,122.553,0.673,232.612,2
1721250,1721.25,125.029,0.694,232.591,2
1721500,1721.5,126.071,0.667,232.625,2
1721750,1721.75,123.086,0.706,232.604,2
1722000,1722,129.107,0.704,232.6,2
1722250,1722.25,123.164,0.671,232.601,2
1722500,1722.5,120.708,0.668,232.6,2
1722750,1722.75,126.658,0.701,232.587,2
1723000,1723,122.801,0.641,232.613,2
1723250,1723.25,119.075,0.704,232.583,2
1723500,1723.5,136.38,0.748,232.585,2
1723750,1723.75,138.215,0.743,232.58,2
1724000,1724,139.406,0.707,232.587,2
1724250,1724.25,126.15,0.67,232.596,2
1724500,1724.5,126.117,0.708,232.607,2
1724750,1724.75,126.117,0.708,232.607,2
1725000,1725,128.575,0.673,232.601,2
1725250,1725.25,123.713,0.724,232.57,2
1725500,1725.5,134.069,0.702,232.58,2
1725750,1725.75,128.2,0.688,232.599,2
1726000,1726,129.737,0.724,232.574,2
1726250,1726.25,131.046,0.673,232.614,2
1726500,1726.5,120.512,0.712,232.602,2
1726750,1726.75,130.223,0.692,232.621,2
1727000,1727,127.587,0.727,232.584,2
1727250,1727.25,132.843,0.691,232.609,2
1727500,1727.5,131.914,0.722,232.595,2
1727750,1727.75,134.259,0.703,232.584,2
1728000,1728,122.16,0.666,232.595,2
1728250,1728.25,123.911,0.727,232.615,2
1728500,1728.5,125.897,0.631,232.64,2
1728750,1728.75,118.874,0.738,232.587,2
1729000,1729,145.955,0.758,232.587,2
1729250,1729.25,130.598,0.595,232.652,2
1729500,1729.5,99.567,0.665,232.619,2
1729750,1729.75,123.802,0.709,232.616,2
1730000,1730,134.866,0.732,232.594,2
1730250,1730.25,136.41,0.7,232.61,2
1730500,1730.5,123.179,0.663,232.588,2
1730750,1730.75,120.39,0.676,232.632,2
1731000,1731,121.811,0.673,232.623,2
1731250,1731.25,121.811,0.673,232.623,2
1731500,1731.5,120.644,0.692,232.617,2
1731750,1731.75,127.327,0.669,232.64,2
1732000,1732,115.855,0.685,232.634,2
1732250,1732.25,126.295,0.685,232.616,2
1732500,1732.5,124.569,0.664,232.612,2
1732750,1732.75,114.714,0.646,232.631,2
1733000,1733,115.96,0.678,232.618,2
1733250,1733.25,124.523,0.711,232.627,2
1733500,1733.5,132.743,0.725,232.643,2
1733750,1733.75,134.202,0.72,232.603,2
1734000,1734,126.438,0.665,232.625,2
1734250,1734.25,113.479,0.678,232.616,2
1734500,1734.5,126.284,0.66,232.629,2
1734750,1734.75,113.135,0.656,232.604,2
1735000,1735,119.677,0.666,232.611,2
1735250,1735.25,121.045,0.72,232.61,2
1735500,1735.5,141.53,0.761,232.604,2
1735750,1735.75,145.034,0.765,232.578,2
1736000,1736,146.91,0.775,232.58,2
1736250,1736.25,141.864,0.661,232.602,2
1736500,1736.5,111.259,0.704,232.614,2
1736750,1736.75,141.627,0.764,232.592,2
1737000,1737,140.01,0.747,232.587,2
1737250,1737.25,139.223,0.73,232.606,2
1737500,1737.5,132.353,0.74,232.582,2
1737750,1737.75,132.353,0.74,232.582,2
1738000,1738,142.547,0.744,232.62,2
1738250,1738.25,141.845,0.753,232.604,2
1738500,1738.5,146.33,0.755,232.614,2
1738750,1738.75,134.518,0.742,232.594,2
1739000,1739,144.506,0.779,232.586,2
1739250,1739.25,153.336,0.776,232.596,2
1739500,1739.5,144.306,0.782,232.564,2
1739750,1739.75,156.336,0.781,232.584,2
1740000,1740,145.312,0.777,232.587,2
1740250,1740.25,154.403,0.799,232.574,2
1740500,1740.5,149.331,0.766,232.575,2
1740750,1740.75,146.311,0.775,232.589,2
1741000,1741,151.133,0.782,232.556,2
1741250,1741.25,149.77,0.765,232.602,2
1741500,1741.5,143.571,0.777,232.573,2
1741750,1741.75,153.414,0.8,232.598,2
1742000,1742,147.618,0.752,232.605,2
1742250,1742.25,142.798,0.742,232.583,2
1742500,1742.5,140.864,0.742,232.568,2
1742750,1742.75,143.277,0.771,232.557,2
1743000,1743,149.497,0.771,232.579,2
1743250,1743.25,141.55,0.756,232.574,2
1743500,1743.5,152.516,0.78,232.557,2
1743750,1743.75,145.307,0.745,232.599,2
1744000,1744,144.97,0.766,232.558,2
1744250,1744.25,144.97,0.766,232.558,2
1744500,1744.5,136.619,0.708,232.602,2
1744750,1744.75,128.417,0.699,232.58,2
1745000,1745,127.895,0.703,232.587,2
1745250,1745.25,131.323,0.709,232.587,2
1745500,1745.5,132.173,0.721,232.593,2
1745750,1745.75,130.425,0.699,232.632,2
1746000,1746,121.076,0.639,232.611,2
1746250,1746.25,109.216,0.644,232.584,2
1746500,1746.5,116.27,0.669,232.617,2
1746750,1746.75,122.531,0.692,232.616,2
1747000,1747,118.332,0.629,232.61,2
1747250,1747.25,115.301,0.652,232.595,2
1747500,1747.5,114.151,0.656,232.62,2
1747750,1747.75,116.554,0.667,232.571,2
1748000,1748,117.787,0.656,232.597,2
1748250,1748.25,113.016,0.647,232.579,2
1748500,1748.5,119.23,0.674,232.598,2
1748750,1748.75,120.961,0.655,232.585,2
1749000,1749,116.104,0.658,232.601,2
1749250,1749.25,116.62,0.657,232.596,2
1749500,1749.5,104.77,0.595,232.611,2
1749750,1749.75,106.476,0.641,232.611,2
1750000,1750,112.791,0.627,232.628,2
1750250,1750.25,114.674,0.677,232.61,2
1750500,1750.5,124.207,0.677,232.594,2
1750750,1750.75,124.207,0.677,232.594,2
1751000,1751,116.429,0.677,232.605,2
1751250,1751.25,117.645,0.661,232.6,2
1751500,1751.5,125.585,0.713,232.578,2
1751750,1751.75,126.727,0.678,232.616,2
1752000,1752,119.523,0.654,232.601,2
1752250,1752.25,112.826,0.641,232.573,2
1752500,1752.5,108.072,0.639,232.573,2
1752750,1752.75,112.354,0.633,232.623,2
1753000,1753,109.424,0.63,232.594,2
1753250,1753.25,110.234,0.621,232.607,2
1753500,1753.5,105.483,0.58,232.623,2
1753750,1753.75,100.315,0.607,232.629,2
1754000,1754,107.832,0.644,232.613,2
1754250,1754.25,106.541,0.605,232.625,2
1754500,1754.5,99.834,0.59,232.628,2
1754750,1754.75,100.212,0.573,232.607,2
1755000,1755,94.075,0.604,232.621,2
1755250,1755.25,109.33,0.606,232.596,2
1755500,1755.5,99.031,0.54,232.646,2
1755750,1755.75,72.944,0.399,232.673,2
1756000,1756,56.081,0.483,232.662,2
1756250,1756.25,91.289,0.574,232.638,2
1756500,1756.5,96.357,0.552,232.654,2
1756750,1756.75,90.989,0.573,232.652,2
1757000,1757,98.939,0.559,232.618,2
1757250,1757.25,98.939,0.559,232.618,2
1757500,1757.5,88.537,0.496,232.617,2
1757750,1757.75,73.933,0.465,232.635,2
1758000,1758,80.042,0.564,232.622,2
1758250,1758.25,98.022,0.58,232.639,2
1758500,1758.5,94.12,0.56,232.653,2
1758750,1758.75,94.158,0.563,232.645,2
1759000,1759,96.651,0.58,232.64,2
1759250,1759.25,97.058,0.544,232.656,2
1759500,1759.5,85.928,0.516,232.68,2
1759750,1759.75,90.864,0.603,232.606,2
1760000,1760,111.322,0.647,232.622,2
1760250,1760.25,112.043,0.579,232.62,2
1760500,1760.5,88.401,0.535,232.651,2
1760750,1760.75,92.765,0.58,232.625,2
1761000,1761,104.444,0.604,232.651,2
1761250,1761.25,100.73,0.602,232.614,2
1761500,1761.5,102.452,0.593,232.631,2
1761750,1761.75,100.367,0.604,232.617,2
1762000,1762,109.09,0.622,232.614,2
1762250,1762.25,108.543,0.622,232.617,2
1762500,1762.5,110.675,0.64,232.628,2
1762750,1762.75,114.579,0.642,232.603,2
1763000,1763,114.785,0.672,232.601,2
1763250,1763.25,126.843,0.678,232.593,2
1763500,1763.5,116.297,0.655,232.608,2
1763750,1763.75,116.297,0.655,232.608,2
1764000,1764,121.127,0.682,232.589,2
1764250,1764.25,119.826,0.669,232.593,2
1764500,1764.5,122.247,0.664,232.63,2
1764750,1764.75,115.53,0.69,232.619,2
1765000,1765,134.031,0.731,232.561,2
1765250,1765.25,133.695,0.702,232.588,2
1765500,1765.5,119.079,0.696,232.605,2
1765750,1765.75,137.545,0.757,232.618,2
1766000,1766,144.346,0.747,232.578,2
1766250,1766.25,139.687,0.719,232.585,2
1766500,1766.5,130.857,0.732,232.586,2
1766750,1766.75,142.218,0.775,232.583,2
1767000,1767,147.588,0.765,232.58,2
1767250,1767.25,143.624,0.753,232.601,2
1767500,1767.5,146.277,0.764,232.559,2
1767750,1767.75,153.374,0.778,232.564,2
1768000,1768,140.799,0.765,232.568,2
1768250,1768.25,159.621,0.84,232.567,2
1768500,1768.5,168.025,0.842,232.54,2
1768750,1768.75,167.29,0.833,232.57,2
1769000,1769,166.25,0.833,232.536,2
1769250,1769.25,167.293,0.842,232.572,2
1769500,1769.5,169.165,0.84,232.537,2
1769750,1769.75,167.576,0.848,232.565,2
1770000,1770,172.042,0.854,232.553,2
1770250,1770.25,172.042,0.854,232.553,2
1770500,1770.5,171.286,0.841,232.575,2
1770750,1770.75,170.852,0.875,232.558,2
1771000,1771,184.952,0.901,232.532,2
1771250,1771.25,181.928,0.861,232.517,2
1771500,1771.5,167.82,0.838,232.545,2
1771750,1771.75,175.449,0.868,232.51,2
1772000,1772,177.321,0.867,232.543,2
1772250,1772.25,168.935,0.822,232.572,2
1772500,1772.5,167.439,0.836,232.557,2
1772750,1772.75,162.355,0.804,232.581,2
1773000,1773,161.085,0.815,232.559,2
1773250,1773.25,158.589,0.789,232.57,2
1773500,1773.5,161.916,0.84,232.547,2
1773750,1773.75,167.049,0.815,232.59,2
1774000,1774,159.016,0.81,232.548,2
1774250,1774.25,161.868,0.798,232.538,2
1774500,1774.5,157.873,0.803,232.571,2
1774750,1774.75,156.555,0.8,232.569,2
1775000,1775,161.998,0.8,232.61,2
1775250,1775.25,151.793,0.768,232.572,2
1775500,1775.5,147.478,0.785,232.565,2
1775750,1775.75,155.404,0.798,232.559,2
1776000,1776,157.96,0.809,232.591,2
1776250,1776.25,156.483,0.776,232.587,2
1776500,1776.5,150.489,0.767,232.595,2
1776750,1776.75,150.489,0.767,232.595,2
1777000,1777,145.334,0.749,232.58,2
1777250,1777.25,139.851,0.752,232.584,2
1777500,1777.5,149.144,0.794,232.564,2
1777750,1777.75,154.553,0.765,232.573,2
1778000,1778,142.094,0.735,232.607,2
1778250,1778.25,135.138,0.72,232.574,2
1778500,1778.5,135.912,0.74,232.588,2
1778750,1778.75,138,0.743,232.567,2
1779000,1779,138.124,0.751,232.559,2
1779250,1779.25,140.279,0.704,232.629,2
1779500,1779.5,116.882,0.665,232.66,2
1779750,1779.75,117.619,0.666,232.6,2
1780000,1780,118.718,0.662,232.618,2
1780250,1780.25,114.436,0.592,232.646,2
1780500,1780.5,92.122,0.543,232.647,2
1780750,1780.75,97.108,0.618,232.608,2
1781000,1781,107.351,0.618,232.611,2
1781250,1781.25,104.209,0.608,232.626,2
1781500,1781.5,102.559,0.6,232.63,2
1781750,1781.75,103.489,0.607,232.641,2
1782000,1782,103.31,0.556,232.654,2
1782250,1782.25,89.591,0.543,232.646,2
1782500,1782.5,95.93,0.593,232.591,2
1782750,1782.75,103.116,0.598,232.603,2
1783000,1783,99.409,0.582,232.635,2
1783250,1783.25,99.409,0.582,232.635,2
1783500,1783.5,100.47,0.561,232.628,2
1783750,1783.75,82.676,0.452,232.667,2
1784000,1784,60.516,0.41,232.673,2
1784250,1784.25,66.888,0.435,232.659,2
1784500,1784.5,64.263,0.456,232.662,2
1784750,1784.75,76.669,0.467,232.664,2
1785000,1785,68.554,0.423,232.68,2
1785250,1785.25,62.355,0.426,232.656,2
1785500,1785.5,70.357,0.467,232.639,2
1785750,1785.75,75.961,0.478,232.657,2
1786000,1786,73.785,0.454,232.667,2
1786250,1786.25,65.696,0.427,232.653,2
1786500,1786.5,66.479,0.462,232.666,2
1786750,1786.75,82.16,0.5,232.643,2
1787000,1787,69.521,0.454,232.68,2
1787250,1787.25,74.549,0.457,232.66,2
1787500,1787.5,71.504,0.454,232.662,2
1787750,1787.75,66.716,0.447,232.646,2
1788000,1788,72.939,0.48,232.669,2
1788250,1788.25,78.24,0.492,232.633,2
1788500,1788.5,74.934,0.465,232.628,2
1788750,1788.75,76.725,0.478,232.655,2
1789000,1789,72.968,0.48,232.682,2
1789250,1789.25,81.975,0.522,232.649,2
1789500,1789.5,76.953,0.49,232.646,2
1789750,1789.75,76.953,0.49,232.646,2
1790000,1790,82.48,0.522,232.649,2
1790250,1790.25,88.123,0.524,232.646,2
1790500,1790.5,75.01,0.503,232.642,2
1790750,1790.75,90.234,0.546,232.634,2
1791000,1791,89.218,0.539,232.617,2
1791250,1791.25,83.278,0.509,232.65,2
1791500,1791.5,85.065,0.53,232.669,2
1791750,1791.75,95.771,0.616,232.611,2
1792000,1792,106.446,0.624,232.636,2
1792250,1792.25,112.734,0.645,232.608,2
1792500,1792.5,112.011,0.647,232.62,2
1792750,1792.75,103.567,0.553,232.629,2
1793000,1793,83.089,0.507,232.653,2
1793250,1793.25,91.695,0.6,232.624,2
1793500,1793.5,105.654,0.647,232.612,2
1793750,1793.75,123.733,0.712,232.58,2
1794000,1794,131.326,0.699,232.6,2
1794250,1794.25,132.21,0.718,232.607,2
1794500,1794.5,135.609,0.745,232.592,2
1794750,1794.75,150.238,0.788,232.592,2
1795000,1795,142.707,0.741,232.62,2
1795250,1795.25,140.918,0.767,232.568,2
1795500,1795.5,144.987,0.737,232.608,2
1795750,1795.75,142.206,0.782,232.573,2
1796000,1796,155.939,0.816,232.588,2
1796250,1796.25,155.939,0.816,232.588,2
1796500,1796.5,159.319,0.802,232.584,2
1796750,1796.75,149.32,0.773,232.592,2
1797000,1797,149.383,0.775,232.588,2
1797250,1797.25,151.143,0.789,232.583,2
1797500,1797.5,148.141,0.762,232.587,2
1797750,1797.75,147.625,0.81,232.586,2
1798000,1798,157.698,0.791,232.578,2
1798250,1798.25,162.791,0.862,232.583,2
1798500,1798.5,177.262,0.864,232.548,2
1798750,1798.75,171.656,0.85,232.541,2
1799000,1799,178.532,0.892,232.542,2
1799250,1799.25,183.834,0.906,232.533,2
1799500,1799.5,188.466,0.899,232.543,2
1799750,1799.75,186.832,0.906,232.571,2
1800000,1800,183.528,0.873,232.558,2
1800250,1800.25,177.68,0.899,232.536,2
1800500,1800.5,186.588,0.901,232.546,2
1800750,1800.75,185.681,0.911,232.546,2
1801000,1801,189.957,0.889,232.528,2
1801250,1801.25,182.713,0.908,232.542,2
1801500,1801.5,189.691,0.904,232.518,2
1801750,1801.75,178.879,0.853,232.579,2
1802000,1802,170.788,0.861,232.556,2
1802250,1802.25,181.165,0.902,232.547,2
1802500,1802.5,187.968,0.912,232.542,2
1802750,1802.75,187.968,0.912,232.542,2
1803000,1803,190.823,0.916,232.533,2
1803250,1803.25,189.511,0.912,232.545,2
1803500,1803.5,189.276,0.942,232.523,2
1803750,1803.75,199.543,0.915,232.557,2
1804000,1804,182.256,0.876,232.565,2
1804250,1804.25,179.265,0.898,232.571,2
1804500,1804.5,190.416,0.895,232.543,2
1804750,1804.75,179.739,0.886,232.57,2
1805000,1805,184.067,0.911,232.542,2
1805250,1805.25,190.883,0.903,232.569,2
1805500,1805.5,183.201,0.904,232.551,2
1805750,1805.75,189.142,0.914,232.549,2
1806000,1806,188.13,0.921,232.555,2
1806250,1806.25,192.585,0.919,232.545,2
1806500,1806.5,188.239,0.921,232.533,2
1806750,1806.75,192.314,0.913,232.559,2
1807000,1807,183.747,0.884,232.583,2
1807250,1807.25,179.707,0.88,232.553,2
1807500,1807.5,178.552,0.888,232.559,2
1807750,1807.75,185.51,0.909,232.577,2
1808000,1808,185.39,0.888,232.567,2
1808250,1808.25,172.929,0.829,232.574,2
1808500,1808.5,160.719,0.826,232.572,2
1808750,1808.75,169.646,0.855,232.58,2
1809000,1809,172.231,0.834,232.56,2
1809250,1809.25,172.231,0.834,232.56,2
1809500,1809.5,159.353,0.803,232.586,2
1809750,1809.75,153.447,0.785,232.592,2
1810000,1810,145.322,0.746,232.611,2
1810250,1810.25,140.951,0.73,232.623,2
1810500,1810.5,135.234,0.703,232.618,2
1810750,1810.75,132.198,0.738,232.579,2
1811000,1811,148.643,0.777,232.625,2
1811250,1811.25,139.902,0.695,232.629,2
1811500,1811.5,116.369,0.657,232.616,2
1811750,1811.75,120.924,0.677,232.622,2
1812000,1812,125.811,0.671,232.63,2
1812250,1812.25,115.842,0.652,232.605,2
1812500,1812.5,117.06,0.65,232.586,2
1812750,1812.75,110.624,0.636,232.632,2
1813000,1813,110.975,0.629,232.647,2
1813250,1813.25,100.72,0.559,232.651,2
1813500,1813.5,98.159,0.584,232.644,2
1813750,1813.75,89.732,0.494,232.675,2
1814000,1814,70.203,0.44,232.669,2
1814250,1814.25,67.517,0.434,232.652,2
1814500,1814.5,64.174,0.414,232.672,2
1814750,1814.75,64.989,0.425,232.656,2
1815000,1815,59.627,0.382,232.663,2
1815250,1815.25,62.06,0.414,232.66,2
1815500,1815.5,51.801,0.342,232.663,2
1815750,1815.75,51.801,0.342,232.663,2
1816000,1816,48.55,0.342,232.664,2
1816250,1816.25,47.614,0.342,232.687,2
1816500,1816.5,46.869,0.362,232.656,2
1816750,1816.75,58.708,0.394,232.684,2
1817000,1817,57.045,0.386,232.68,2
1817250,1817.25,62.458,0.433,232.647,2
1817500,1817.5,56.844,0.334,232.704,2
1817750,1817.75,43.466,0.334,232.678,2
1818000,1818,43.294,0.307,232.71,2
1818250,1818.25,39.226,0.301,232.672,2
1818500,1818.5,38.594,0.297,232.686,2
1818750,1818.75,39.056,0.302,232.688,2
1819000,1819,38.119,0.299,232.672,2
1819250,1819.25,40.152,0.3,232.673,2
1819500,1819.5,37.714,0.296,232.662,2
1819750,1819.75,37.72,0.316,232.666,2
1820000,1820,44.548,0.303,232.693,2
1820250,1820.25,37.139,0.291,232.684,2
1820500,1820.5,36.852,0.303,232.686,2
1820750,1820.75,43.701,0.316,232.692,2
1821000,1821,41.539,0.303,232.666,2
1821250,1821.25,38.256,0.297,232.668,2
1821500,1821.5,41.247,0.319,232.696,2
1821750,1821.75,45.02,0.321,232.682,2
1822000,1822,43.828,0.315,232.693,2
1822250,1822.25,43.828,0.315,232.693,2
1822500,1822.5,43.93,0.333,232.693,2
1822750,1822.75,47.138,0.327,232.677,2
1823000,1823,51.486,0.408,232.659,2
1823250,1823.25,58.598,0.362,232.668,2
1823500,1823.5,56.037,0.399,232.638,2
1823750,1823.75,57.205,0.358,232.673,2
1824000,1824,51.077,0.361,232.662,2
1824250,1824.25,62.761,0.431,232.642,2
1824500,1824.5,72.223,0.507,232.64,2
1824750,1824.75,84.046,0.5,232.65,2
1825000,1825,78.626,0.465,232.635,2
1825250,1825.25,70.114,0.449,232.635,2
1825500,1825.5,73.047,0.452,232.648,2
1825750,1825.75,76.916,0.494,232.625,2
1826000,1826,82.036,0.551,232.622,2
1826250,1826.25,94.562,0.579,232.634,2
1826500,1826.5,97.138,0.564,232.621,2
1826750,1826.75,90.43,0.591,232.594,2
1827000,1827,112.663,0.641,232.599,2
1827250,1827.25,113.081,0.641,232.59,2
1827500,1827.5,116.972,0.685,232.608,2
1827750,1827.75,120.888,0.674,232.601,2
1828000,1828,120.218,0.68,232.6,2
1828250,1828.25,131.049,0.672,232.587,2
1828500,1828.5,114.51,0.714,232.58,2
1828750,1828.75,114.51,0.714,232.58,2
1829000,1829,140.616,0.734,232.595,2
1829250,1829.25,132.187,0.707,232.603,2
1829500,1829.5,127,0.729,232.556,2
1829750,1829.75,142.357,0.739,232.576,2
1830000,1830,136.554,0.695,232.563,2
1830250,1830.25,123.216,0.723,232.569,2
1830500,1830.5,146.383,0.759,232.583,2
1830750,1830.75,139.791,0.754,232.568,2
1831000,1831,146.338,0.765,232.551,2
1831250,1831.25,146.631,0.787,232.548,2
1831500,1831.5,159.896,0.811,232.548,2
1831750,1831.75,159.916,0.798,232.561,2
1832000,1832,152.093,0.796,232.567,2
1832250,1832.25,159.714,0.8,232.557,2
1832500,1832.5,158.991,0.82,232.523,2
1832750,1832.75,165.87,0.828,232.542,2
1833000,1833,160.866,0.792,232.539,2
1833250,1833.25,154.938,0.801,232.544,2
1833500,1833.5,161.434,0.825,232.557,2
1833750,1833.75,163.341,0.821,232.569,2
1834000,1834,168.017,0.862,232.557,2
1834250,1834.25,186.658,0.909,232.541,2
1834500,1834.5,185.848,0.895,232.527,2
1834750,1834.75,187.845,0.925,232.54,2
1835000,1835,200.452,0.951,232.504,2
1835250,1835.25,200.452,0.951,232.504,2
1835500,1835.5,190.88,0.907,232.529,2
1835750,1835.75,185.87,0.876,232.53,2
1836000,1836,176.088,0.87,232.537,2
1836250,1836.25,180.031,0.889,232.509,2
1836500,1836.5,187.208,0.892,232.495,2
1836750,1836.75,181.012,0.883,232.534,2
1837000,1837,179.509,0.887,232.494,2
1837250,1837.25,188.46,0.906,232.508,2
1837500,1837.5,185.242,0.889,232.515,2
1837750,1837.75,173.796,0.851,232.55,2
1838000,1838,180.034,0.891,232.547,2
1838250,1838.25,181.255,0.872,232.563,2
1838500,1838.5,180.423,0.882,232.533,2
1838750,1838.75,173.185,0.837,232.561,2
1839000,1839,167.799,0.832,232.573,2
1839250,1839.25,168.418,0.84,232.563,2
1839500,1839.5,163.759,0.81,232.583,2
1839750,1839.75,161.702,0.796,232.567,2
1840000,1840,161.891,0.826,232.57,2
1840250,1840.25,147.58,0.742,232.58,2
1840500,1840.5,149.627,0.786,232.57,2
1840750,1840.75,154.591,0.789,232.571,2
1841000,1841,150.284,0.76,232.589,2
1841250,1841.25,140.28,0.73,232.582,2
1841500,1841.5,140.201,0.76,232.593,2
1841750,1841.75,140.201,0.76,232.593,2
1842000,1842,142.973,0.74,232.572,2
1842250,1842.25,134.441,0.715,232.56,2
1842500,1842.5,122.871,0.658,232.607,2
1842750,1842.75,119.82,0.7,232.597,2
1843000,1843,128.619,0.695,232.61,2
1843250,1843.25,120.199,0.618,232.63,2
1843500,1843.5,100.927,0.595,232.627,2
1843750,1843.75,110.479,0.673,232.588,2
1844000,1844,117.404,0.615,232.615,2
1844250,1844.25,91.48,0.524,232.658,2
1844500,1844.5,80.956,0.502,232.629,2
1844750,1844.75,87.879,0.548,232.642,2
1845000,1845,95.17,0.597,232.628,2
1845250,1845.25,105.014,0.604,232.632,2
1845500,1845.5,100.228,0.57,232.639,2
1845750,1845.75,83.211,0.482,232.668,2
1846000,1846,79.402,0.526,232.651,2
1846250,1846.25,89.459,0.54,232.623,2
1846500,1846.5,83.724,0.473,232.648,2
1846750,1846.75,67.612,0.427,232.633,2
1847000,1847,62.88,0.419,232.654,2
1847250,1847.25,69.447,0.467,232.638,2
1847500,1847.5,74.751,0.463,232.641,2
1847750,1847.75,72.484,0.459,232.632,2
1848000,1848,74.277,0.461,232.63,2
1848250,1848.25,74.277,0.461,232.63,2
1848500,1848.5,71.708,0.457,232.633,2
1848750,1848.75,71.594,0.452,232.643,2
1849000,1849,72.989,0.469,232.627,2
1849250,1849.25,73.51,0.45,232.649,2
1849500,1849.5,72.878,0.456,232.653,2
1849750,1849.75,72.491,0.459,232.635,2
1850000,1850,71.895,0.471,232.674,2
1850250,1850.25,75.611,0.426,232.649,2
1850500,1850.5,64.721,0.448,232.652,2
1850750,1850.75,74.764,0.462,232.637,2
1851000,1851,76.36,0.48,232.649,2
1851250,1851.25,78.849,0.483,232.646,2
1851500,1851.5,80.691,0.519,232.654,2
1851750,1851.75,87.623,0.528,232.636,2
1852000,1852,88.147,0.529,232.618,2
1852250,1852.25,91.729,0.551,232.631,2
1852500,1852.5,92.205,0.557,232.593,2
1852750,1852.75,93.04,0.541,232.633,2
1853000,1853,87.908,0.517,232.623,2
1853250,1853.25,84.616,0.521,232.618,2
1853500,1853.5,92.687,0.568,232.613,2
1853750,1853.75,98.603,0.56,232.625,2
1854000,1854,91.367,0.542,232.613,2
1854250,1854.25,90.025,0.577,232.627,2
1854500,1854.5,102.597,0.595,232.636,2
1854750,1854.75,102.597,0.595,232.636,2
1855000,1855,99.26,0.571,232.627,2
1855250,1855.25,100.034,0.564,232.63,2
1855500,1855.5,94.225,0.595,232.623,2
1855750,1855.75,109.534,0.63,232.64,2
1856000,1856,105.09,0.617,232.607,2
1856250,1856.25,110.35,0.638,232.577,2
1856500,1856.5,114.929,0.65,232.6,2
1856750,1856.75,118.046,0.695,232.589,2
1857000,1857,135.492,0.727,232.592,2
1857250,1857.25,134.345,0.73,232.572,2
1857500,1857.5,141.229,0.756,232.562,2
1857750,1857.75,150.003,0.772,232.569,2
1858000,1858,141.538,0.765,232.571,2
1858250,1858.25,148.939,0.776,232.567,2
1858500,1858.5,149.025,0.764,232.586,2
1858750,1858.75,144.201,0.751,232.591,2
1859000,1859,141.46,0.757,232.604,2
1859250,1859.25,145.702,0.78,232.577,2
1859500,1859.5,152.741,0.802,232.567,2
1859750,1859.75,157.948,0.813,232.553,2
1860000,1860,159.773,0.792,232.56,2
1860250,1860.25,149.384,0.771,232.587,2
1860500,1860.5,152.692,0.807,232.565,2
1860750,1860.75,160.548,0.811,232.558,2
1861000,1861,170.576,0.862,232.542,2
1861250,1861.25,170.576,0.862,232.542,2
1861500,1861.5,173.8,0.87,232.534,2
1861750,1861.75,181.368,0.878,232.521,2
1862000,1862,168.507,0.813,232.543,2
1862250,1862.25,161.307,0.829,232.546,2
1862500,1862.5,173.655,0.863,232.536,2
1862750,1862.75,175.066,0.85,232.547,2
1863000,1863,166.427,0.814,232.55,2
1863250,1863.25,164.604,0.836,232.543,2
1863500,1863.5,165.715,0.804,232.574,2
1863750,1863.75,158.31,0.805,232.557,2
1864000,1864,167.761,0.851,232.535,2
1864250,1864.25,166.769,0.799,232.535,2
1864500,1864.5,157.585,0.802,232.537,2
1864750,1864.75,159.184,0.821,232.562,2
1865000,1865,170.549,0.848,232.572,2
1865250,1865.25,166.61,0.811,232.564,2
1865500,1865.5,159.983,0.817,232.545,2
1865750,1865.75,170.826,0.848,232.545,2
1866000,1866,171.603,0.844,232.569,2
1866250,1866.25,165.628,0.816,232.55,2
1866500,1866.5,164.319,0.818,232.546,2
1866750,1866.75,161.879,0.817,232.546,2
1867000,1867,164.348,0.833,232.563,2
1867250,1867.25,159.166,0.783,232.541,2
1867500,1867.5,154.726,0.822,232.567,2
1867750,1867.75,154.726,0.822,232.567,2
1868000,1868,167.381,0.839,232.575,2
1868250,1868.25,164.742,0.811,232.569,2
1868500,1868.5,165.221,0.845,232.552,2
1868750,1868.75,170.489,0.845,232.568,2
1869000,1869,160.767,0.806,232.595,2
1869250,1869.25,158.155,0.798,232.558,2
1869500,1869.5,149.641,0.764,232.569,2
1869750,1869.75,149.274,0.797,232.556,2
1870000,1870,162.033,0.808,232.57,2
1870250,1870.25,156.814,0.815,232.574,2
1870500,1870.5,157.79,0.805,232.581,2
1870750,1870.75,151.045,0.74,232.585,2
1871000,1871,142.752,0.806,232.57,2
1871250,1871.25,160.252,0.796,232.589,2
1871500,1871.5,154.305,0.795,232.567,2
1871750,1871.75,149.989,0.742,232.6,2
1872000,1872,133.157,0.74,232.612,2
1872250,1872.25,137.5,0.721,232.612,2
1872500,1872.5,133.869,0.72,232.615,2
1872750,1872.75,129.092,0.653,232.619,2
1873000,1873,119.274,0.725,232.587,2
1873250,1873.25,137.015,0.724,232.585,2
1873500,1873.5,129.628,0.736,232.575,2
1873750,1873.75,138.565,0.703,232.594,2
1874000,1874,129.718,0.69,232.584,2
1874250,1874.25,129.718,0.69,232.584,2
1874500,1874.5,122.561,0.663,232.622,2
1874750,1874.75,115.599,0.648,232.604,2
1875000,1875,112.226,0.63,232.638,2
1875250,1875.25,105.91,0.634,232.622,2
1875500,1875.5,111.075,0.617,232.581,2
1875750,1875.75,105.209,0.604,232.622,2
1876000,1876,103.685,0.601,232.614,2
1876250,1876.25,106.821,0.651,232.611,2
1876500,1876.5,115.979,0.656,232.642,2
1876750,1876.75,114.623,0.607,232.619,2
1877000,1877,91.375,0.607,232.641,2
1877250,1877.25,113.354,0.653,232.617,2
1877500,1877.5,114.678,0.603,232.604,2
1877750,1877.75,94.177,0.566,232.615,2
1878000,1878,93.579,0.539,232.627,2
1878250,1878.25,84.163,0.496,232.64,2
1878500,1878.5,75.705,0.463,232.644,2
1878750,1878.75,77.356,0.59,232.641,2
1879000,1879,111.626,0.635,232.625,2
1879250,1879.25,105.383,0.499,232.633,2
1879500,1879.5,47.599,0.416,232.666,2
1879750,1879.75,73.977,0.485,232.633,2
1880000,1880,61.483,0.431,232.653,2
1880250,1880.25,74.847,0.509,232.638,2
1880500,1880.5,86.334,0.535,232.642,2
1880750,1880.75,86.334,0.535,232.642,2
1881000,1881,84.423,0.506,232.684,2
1881250,1881.25,72.81,0.475,232.643,2
1881500,1881.5,81.031,0.501,232.664,2
1881750,1881.75,82.919,0.522,232.63,2
1882000,1882,81.259,0.515,232.655,2
1882250,1882.25,84.833,0.53,232.625,2
1882500,1882.5,85.137,0.532,232.664,2
1882750,1882.75,79.414,0.483,232.667,2
1883000,1883,83.898,0.544,232.635,2
1883250,1883.25,101.349,0.61,232.632,2
1883500,1883.5,96.5,0.556,232.642,2
1883750,1883.75,88.455,0.559,232.646,2
1884000,1884,95.268,0.588,232.63,2
1884250,1884.25,105.906,0.624,232.661,2
1884500,1884.5,111.417,0.629,232.628,2
1884750,1884.75,110.324,0.626,232.62,2
1885000,1885,118.367,0.682,232.604,2
1885250,1885.25,118.915,0.672,232.608,2
1885500,1885.5,127.146,0.683,232.598,2
1885750,1885.75,123.804,0.677,232.601,2
1886000,1886,127.217,0.704,232.609,2
1886250,1886.25,128.91,0.692,232.616,2
1886500,1886.5,122.818,0.691,232.594,2
1886750,1886.75,121.827,0.689,232.606,2
1887000,1887,135.388,0.737,232.636,2
1887250,1887.25,135.388,0.737,232.636,2
1887500,1887.5,134.287,0.71,232.617,2
1887750,1887.75,139.847,0.752,232.629,2
1888000,1888,135.197,0.713,232.613,2
1888250,1888.25,143.964,0.794,232.577,2
1888500,1888.5,148.876,0.748,232.614,2
1888750,1888.75,137.134,0.73,232.608,2
1889000,1889,141.35,0.75,232.629,2
1889250,1889.25,139.783,0.743,232.596,2
1889500,1889.5,140.338,0.74,232.602,2
1889750,1889.75,133.977,0.692,232.619,2
1890000,1890,128.352,0.752,232.606,2
1890250,1890.25,146.611,0.763,232.613,2
1890500,1890.5,141.48,0.716,232.59,2
1890750,1890.75,135.008,0.749,232.59,2
1891000,1891,141.86,0.746,232.616,2
1891250,1891.25,138.833,0.746,232.588,2
1891500,1891.5,140.768,0.751,232.59,2
1891750,1891.75,146.567,0.773,232.597,2
1892000,1892,152.399,0.79,232.576,2
1892250,1892.25,154.108,0.795,232.587,2
1892500,1892.5,150.844,0.784,232.601,2
1892750,1892.75,151.279,0.807,232.597,2
1893000,1893,168.513,0.871,232.603,2
1893250,1893.25,175.309,0.853,232.606,2
1893500,1893.5,166.08,0.808,232.578,2
1893750,1893.75,166.08,0.808,232.578,2
1894000,1894,160.699,0.831,232.601,2
1894250,1894.25,160.833,0.803,232.604,2
1894500,1894.5,159.082,0.838,232.569,2
1894750,1894.75,170.834,0.841,232.577,2
1895000,1895,165.806,0.819,232.573,2
1895250,1895.25,162.455,0.818,232.599,2
1895500,1895.5,155.845,0.78,232.641,2
1895750,1895.75,152.884,0.822,232.602,2
1896000,1896,166.491,0.828,232.601,2
1896250,1896.25,158.572,0.789,232.594,2
1896500,1896.5,157.828,0.823,232.58,2
1896750,1896.75,162.7,0.806,232.585,2
1897000,1897,155.74,0.799,232.586,2
1897250,1897.25,155.167,0.79,232.613,2
1897500,1897.5,146.944,0.744,232.619,2
1897750,1897.75,140.005,0.774,232.582,2
1898000,1898,156.464,0.784,232.628,2
1898250,1898.25,150.447,0.774,232.602,2
1898500,1898.5,149.038,0.76,232.632,2
1898750,1898.75,134.153,0.682,232.641,2
1899000,1899,122.248,0.696,232.625,2
1899250,1899.25,130.958,0.718,232.635,2
1899500,1899.5,135.17,0.714,232.63,2
1899750,1899.75,130.651,0.703,232.613,2
1900000,1900,129.75,0.702,232.639,2
1900250,1900.25,129.75,0.702,232.639,2
1900500,1900.5,127.26,0.681,232.643,2
1900750,1900.75,116.784,0.642,232.663,2
1901000,1901,110.977,0.653,232.627,2
1901250,1901.25,118.92,0.663,232.603,2
1901500,1901.5,121.755,0.695,232.624,2
1901750,1901.75,130.427,0.666,232.644,2
1902000,1902,107.883,0.642,232.655,2
1902250,1902.25,120.755,0.69,232.648,2
1902500,1902.5,124.228,0.667,232.658,2
1902750,1902.75,111.643,0.575,232.658,2
1903000,1903,87.183,0.582,232.663,2
1903250,1903.25,111.647,0.642,232.647,2
1903500,1903.5,111.994,0.64,232.65,2
1903750,1903.75,116.528,0.681,232.63,2
1904000,1904,124.184,0.667,232.626,2
1904250,1904.25,115.881,0.666,232.632,2
1904500,1904.5,127.087,0.677,232.631,2
1904750,1904.75,117.032,0.658,232.628,2
1905000,1905,122.875,0.688,232.599,2
1905250,1905.25,119.505,0.676,232.621,2
1905500,1905.5,119.904,0.666,232.617,2
1905750,1905.75,116.469,0.653,232.62,2
1906000,1906,120.848,0.676,232.585,2
1906250,1906.25,123.549,0.684,232.626,2
1906500,1906.5,119.126,0.634,232.639,2
1906750,1906.75,119.126,0.634,232.639,2
1907000,1907,111.041,0.621,232.653,2
1907250,1907.25,96.664,0.605,232.612,2
1907500,1907.5,115.836,0.659,232.613,2
1907750,1907.75,120.312,0.649,232.628,2
1908000,1908,111.764,0.624,232.639,2
1908250,1908.25,106.615,0.614,232.646,2
1908500,1908.5,108.461,0.662,232.605,2
1908750,1908.75,126.842,0.678,232.622,2
1909000,1909,109.727,0.615,232.591,2
1909250,1909.25,114.187,0.649,232.617,2
1909500,1909.5,106.657,0.565,232.625,2
1909750,1909.75,89.453,0.536,232.64,2
1910000,1910,85.71,0.518,232.658,2
1910250,1910.25,96.279,0.582,232.634,2
1910500,1910.5,87.682,0.509,232.665,2
1910750,1910.75,81.127,0.493,232.649,2
1911000,1911,77.898,0.479,232.669,2
1911250,1911.25,73.965,0.467,232.677,2
1911500,1911.5,76.341,0.473,232.663,2
1911750,1911.75,73.338,0.471,232.648,2
1912000,1912,76.77,0.487,232.641,2
1912250,1912.25,75.008,0.471,232.654,2
1912500,1912.5,75.229,0.477,232.645,2
1912750,1912.75,81.756,0.517,232.666,2
1913000,1913,84.083,0.518,232.65,2
1913250,1913.25,84.083,0.518,232.65,2
1913500,1913.5,79.599,0.474,232.681,2
1913750,1913.75,72.522,0.465,232.662,2
1914000,1914,67.853,0.456,232.666,2
1914250,1914.25,80.107,0.52,232.627,2
1914500,1914.5,82.074,0.494,232.654,2
1914750,1914.75,78.901,0.502,232.678,2
1915000,1915,82.294,0.521,232.641,2
1915250,1915.25,88.638,0.546,232.65,2
1915500,1915.5,89.687,0.525,232.667,2
1915750,1915.75,87.417,0.554,232.637,2
1916000,1916,89.936,0.52,232.649,2
1916250,1916.25,79.099,0.482,232.648,2
1916500,1916.5,79.059,0.534,232.649,2
1916750,1916.75,90.183,0.547,232.649,2
1917000,1917,86.497,0.499,232.653,2
1917250,1917.25,82.404,0.545,232.669,2
1917500,1917.5,93.808,0.542,232.64,2
1917750,1917.75,91.284,0.576,232.62,2
1918000,1918,97.708,0.593,232.643,2
1918250,1918.25,105.751,0.605,232.604,2
1918500,1918.5,99.639,0.555,232.637,2
1918750,1918.75,92.093,0.568,232.652,2
1919000,1919,103.01,0.606,232.631,2
1919250,1919.25,104.065,0.631,232.632,2
1919500,1919.5,108.496,0.603,232.646,2
1919750,1919.75,108.496,0.603,232.646,2
1920000,1920,109.285,0.634,232.642,2
1920250,1920.25,112.429,0.652,232.644,2
1920500,1920.5,113.361,0.646,232.626,2
1920750,1920.75,112.225,0.634,232.654,2
1921000,1921,113.065,0.671,232.608,2
1921250,1921.25,123.249,0.649,232.635,2
1921500,1921.5,105.117,0.56,232.653,2
1921750,1921.75,102.411,0.705,232.597,2
1922000,1922,137.327,0.72,232.604,2
1922250,1922.25,131.303,0.708,232.591,2
1922500,1922.5,136.412,0.769,232.59,2
1922750,1922.75,155.235,0.78,232.576,2
1923000,1923,150.182,0.805,232.572,2
1923250,1923.25,156.559,0.783,232.609,2
1923500,1923.5,141.021,0.751,232.602,2
1923750,1923.75,144.349,0.754,232.582,2
1924000,1924,144.717,0.76,232.595,2
1924250,1924.25,144.817,0.771,232.6,2
1924500,1924.5,151.852,0.784,232.584,2
1924750,1924.75,150.047,0.783,232.61,2
1925000,1925,151.106,0.794,232.59,2
1925250,1925.25,155.549,0.793,232.583,2
1925500,1925.5,151.804,0.776,232.595,2
1925750,1925.75,152.358,0.811,232.599,2
1926000,1926,165.268,0.819,232.564,2
1926250,1926.25,165.268,0.819,232.564,2
1926500,1926.5,152.384,0.794,232.583,2
1926750,1926.75,156.688,0.818,232.548,2
1927000,1927,163.032,0.803,232.582,2
1927250,1927.25,151.937,0.777,232.573,2
1927500,1927.5,154.97,0.808,232.565,2
1927750,1927.75,161.639,0.842,232.55,2
1928000,1928,172.343,0.841,232.567,2
1928250,1928.25,161.377,0.802,232.591,2
1928500,1928.5,154.609,0.793,232.592,2
1928750,1928.75,158.241,0.81,232.548,2
1929000,1929,160.778,0.822,232.572,2
1929250,1929.25,164.923,0.845,232.57,2
1929500,1929.5,167.499,0.841,232.564,2
1929750,1929.75,168.475,0.817,232.568,2
1930000,1930,150.613,0.762,232.555,2
1930250,1930.25,153.907,0.82,232.589,2
1930500,1930.5,164.595,0.822,232.576,2
1930750,1930.75,161.429,0.823,232.566,2
1931000,1931,161.599,0.838,232.537,2
1931250,1931.25,174.229,0.859,232.568,2
1931500,1931.5,167.518,0.816,232.57,2
1931750,1931.75,158.301,0.797,232.598,2
1932000,1932,157.746,0.814,232.59,2
1932250,1932.25,159.436,0.812,232.59,2
1932500,1932.5,158.543,0.799,232.573,2
1932750,1932.75,158.543,0.799,232.573,2
1933000,1933,149.323,0.778,232.6,2
1933250,1933.25,159.784,0.821,232.591,2
1933500,1933.5,159.143,0.796,232.586,2
1933750,1933.75,152.852,0.787,232.605,2
1934000,1934,153.188,0.772,232.596,2
1934250,1934.25,151.568,0.8,232.59,2
1934500,1934.5,156.467,0.787,232.601,2
1934750,1934.75,153.982,0.768,232.596,2
1935000,1935,140.768,0.733,232.637,2
1935250,1935.25,137.117,0.732,232.625,2
1935500,1935.5,130.792,0.689,232.628,2
1935750,1935.75,117.346,0.655,232.63,2
1936000,1936,113.589,0.653,232.629,2
1936250,1936.25,116.795,0.647,232.609,2
1936500,1936.5,111.233,0.587,232.644,2
1936750,1936.75,100.559,0.635,232.62,2
1937000,1937,111.504,0.626,232.644,2
1937250,1937.25,109.371,0.64,232.604,2
1937500,1937.5,107.332,0.631,232.617,2
1937750,1937.75,106.835,0.588,232.647,2
1938000,1938,100.677,0.554,232.652,2
1938250,1938.25,90.591,0.541,232.647,2
1938500,1938.5,89.197,0.556,232.633,2
1938750,1938.75,95.886,0.599,232.631,2
1939000,1939,101.597,0.553,232.64,2
1939250,1939.25,101.597,0.553,232.64,2
1939500,1939.5,92.096,0.593,232.64,2
1939750,1939.75,100.547,0.552,232.614,2
1940000,1940,84.09,0.531,232.663,2
1940250,1940.25,88.209,0.521,232.66,2
1940500,1940.5,78.978,0.505,232.671,2
1940750,1940.75,80.811,0.524,232.639,2
1941000,1941,84.388,0.49,232.657,2
1941250,1941.25,75.945,0.469,232.633,2
1941500,1941.5,77.511,0.483,232.671,2
1941750,1941.75,72.394,0.446,232.655,2
1942000,1942,64.361,0.445,232.679,2
1942250,1942.25,75.902,0.516,232.64,2
1942500,1942.5,84.734,0.469,232.68,2
1942750,1942.75,66.312,0.464,232.664,2
1943000,1943,80.445,0.498,232.666,2
1943250,1943.25,75.333,0.517,232.628,2
1943500,1943.5,88.858,0.525,232.65,2
1943750,1943.75,79.001,0.472,232.648,2
1944000,1944,73.166,0.482,232.667,2
1944250,1944.25,86.402,0.56,232.612,2
1944500,1944.5,95.707,0.577,232.652,2
1944750,1944.75,95.189,0.547,232.619,2
1945000,1945,89.036,0.556,232.638,2
1945250,1945.25,99.081,0.581,232.633,2
1945500,1945.5,99.885,0.575,232.664,2
1945750,1945.75,99.885,0.575,232.664,2
1946000,1946,94.303,0.587,232.649,2
1946250,1946.25,106.091,0.598,232.609,2
1946500,1946.5,99.184,0.57,232.616,2
1946750,1946.75,93.588,0.58,232.642,2
1947000,1947,107.21,0.622,232.641,2
1947250,1947.25,113.313,0.641,232.616,2
1947500,1947.5,111.096,0.597,232.626,2
1947750,1947.75,98.566,0.604,232.611,2
1948000,1948,114.135,0.657,232.618,2
1948250,1948.25,119.134,0.658,232.59,2
1948500,1948.5,114.759,0.636,232.581,2
1948750,1948.75,112.822,0.64,232.605,2
1949000,1949,115.545,0.646,232.605,2
1949250,1949.25,114.531,0.632,232.64,2
1949500,1949.5,109.338,0.622,232.613,2
1949750,1949.75,109.783,0.623,232.604,2
1950000,1950,104.51,0.616,232.639,2
1950250,1950.25,115.493,0.654,232.606,2
1950500,1950.5,115.265,0.635,232.617,2
1950750,1950.75,110.458,0.632,232.613,2
1951000,1951,117.282,0.654,232.577,2
1951250,1951.25,110.98,0.642,232.594,2
1951500,1951.5,125.763,0.73,232.571,2
1951750,1951.75,133.671,0.695,232.578,2
1952000,1952,125.583,0.687,232.598,2
1952250,1952.25,125.583,0.687,232.598,2
1952500,1952.5,119.037,0.617,232.633,2
1952750,1952.75,112.997,0.67,232.63,2
1953000,1953,121.477,0.695,232.632,2
1953250,1953.25,129.797,0.708,232.609,2
1953500,1953.5,130.555,0.702,232.618,2
1953750,1953.75,134.473,0.718,232.577,2
1954000,1954,127.75,0.686,232.609,2
1954250,1954.25,131.737,0.758,232.58,2
1954500,1954.5,138.541,0.707,232.626,2
1954750,1954.75,127.449,0.717,232.6,2
1955000,1955,143.515,0.773,232.6,2
1955250,1955.25,145.017,0.734,232.584,2
1955500,1955.5,132.931,0.732,232.609,2
1955750,1955.75,138.815,0.743,232.595,2
1956000,1956,138.511,0.741,232.622,2
1956250,1956.25,143.948,0.763,232.578,2
1956500,1956.5,142.676,0.731,232.602,2
1956750,1956.75,131.578,0.715,232.609,2
1957000,1957,128.504,0.685,232.598,2
1957250,1957.25,121.466,0.703,232.597,2
1957500,1957.5,131.165,0.717,232.597,2
1957750,1957.75,131.935,0.701,232.567,2
1958000,1958,128.7,0.73,232.599,2
1958250,1958.25,140.424,0.748,232.585,2
1958500,1958.5,139.343,0.739,232.628,2
1958750,1958.75,139.343,0.739,232.628,2
1959000,1959,125.563,0.642,232.621,2
1959250,1959.25,108.204,0.67,232.624,2
1959500,1959.5,124.113,0.687,232.589,2
1959750,1959.75,123.216,0.679,232.606,2
1960000,1960,123.43,0.71,232.575,2
1960250,1960.25,130.003,0.71,232.601,2
1960500,1960.5,127.787,0.701,232.602,2
1960750,1960.75,127.631,0.717,232.62,2
1961000,1961,140.235,0.747,232.599,2
1961250,1961.25,148.715,0.777,232.569,2
1961500,1961.5,148.707,0.748,232.576,2
1961750,1961.75,138.079,0.763,232.58,2
1962000,1962,149.879,0.763,232.547,2
1962250,1962.25,140.912,0.747,232.58,2
1962500,1962.5,146.525,0.768,232.579,2
1962750,1962.75,152.432,0.775,232.603,2
1963000,1963,153.628,0.807,232.581,2
1963250,1963.25,168.099,0.821,232.578,2
1963500,1963.5,160.075,0.806,232.55,2
1963750,1963.75,161.118,0.807,232.562,2
1964000,1964,157.065,0.782,232.576,2
1964250,1964.25,150.059,0.786,232.582,2
1964500,1964.5,154.77,0.796,232.578,2
1964750,1964.75,155.752,0.77,232.582,2
1965000,1965,140.444,0.769,232.577,2
1965250,1965.25,140.444,0.769,232.577,2
1965500,1965.5,153.848,0.795,232.521,2
1965750,1965.75,154.351,0.779,232.564,2
1966000,1966,148.205,0.753,232.59,2
1966250,1966.25,137.131,0.75,232.571,2
1966500,1966.5,145.332,0.744,232.577,2
1966750,1966.75,131.147,0.705,232.573,2
1967000,1967,131.465,0.724,232.599,2
1967250,1967.25,137.58,0.732,232.559,2
1967500,1967.5,143.162,0.733,232.615,2
1967750,1967.75,130.334,0.718,232.587,2
1968000,1968,134.48,0.72,232.597,2
1968250,1968.25,125.977,0.684,232.62,2
1968500,1968.5,121.016,0.671,232.58,2
1968750,1968.75,119.785,0.663,232.602,2
1969000,1969,122.743,0.693,232.603,2
1969250,1969.25,128.992,0.689,232.611,2
1969500,1969.5,120.388,0.666,232.614,2
1969750,1969.75,117.305,0.67,232.609,2
1970000,1970,125.753,0.679,232.62,2
1970250,1970.25,116.373,0.633,232.638,2
1970500,1970.5,111.86,0.628,232.608,2
1970750,1970.75,104.232,0.584,232.613,2
1971000,1971,100.387,0.588,232.604,2
1971250,1971.25,99.161,0.557,232.605,2
1971500,1971.5,93.116,0.562,232.6,2
1971750,1971.75,93.116,0.562,232.6,2
1972000,1972,95.131,0.565,232.632,2
1972250,1972.25,98.539,0.559,232.626,2
1972500,1972.5,89.669,0.516,232.633,2
1972750,1972.75,89.992,0.584,232.618,2
1973000,1973,88.773,0.489,232.647,2
1973250,1973.25,80.659,0.535,232.625,2
1973500,1973.5,91.699,0.549,232.656,2
1973750,1973.75,96.083,0.589,232.637,2
1974000,1974,98.166,0.534,232.651,2
1974250,1974.25,88.608,0.535,232.647,2
1974500,1974.5,83.127,0.491,232.661,2
1974750,1974.75,83.986,0.544,232.646,2
1975000,1975,94.254,0.545,232.632,2
1975250,1975.25,86.045,0.482,232.644,2
1975500,1975.5,82.681,0.531,232.67,2
1975750,1975.75,87.032,0.524,232.636,2
1976000,1976,89.325,0.557,232.651,2
1976250,1976.25,99.934,0.593,232.629,2
1976500,1976.5,103.8,0.604,232.634,2
1976750,1976.75,101.3,0.571,232.63,2
1977000,1977,97.965,0.575,232.631,2
1977250,1977.25,96.329,0.581,232.64,2
1977500,1977.5,97.126,0.583,232.65,2
1977750,1977.75,97.975,0.599,232.624,2
1978000,1978,108.059,0.64,232.631,2
1978250,1978.25,108.059,0.64,232.631,2
1978500,1978.5,110.879,0.622,232.589,2
1978750,1978.75,106.731,0.638,232.599,2
1979000,1979,112.895,0.623,232.605,2
1979250,1979.25,105.195,0.607,232.629,2
1979500,1979.5,107.554,0.633,232.607,2
1979750,1979.75,114.771,0.637,232.605,2
1980000,1980,108.744,0.636,232.614,2
1980250,1980.25,112.297,0.626,232.648,2
1980500,1980.5,105.377,0.606,232.598,2
1980750,1980.75,103.32,0.63,232.616,2
1981000,1981,110.574,0.612,232.596,2
1981250,1981.25,106.313,0.636,232.591,2
1981500,1981.5,116.466,0.653,232.603,2
1981750,1981.75,113.674,0.655,232.577,2
1982000,1982,113.487,0.656,232.604,2
1982250,1982.25,119.766,0.676,232.579,2
1982500,1982.5,119.995,0.672,232.6,2
1982750,1982.75,120.198,0.682,232.597,2
1983000,1983,122.226,0.688,232.605,2
1983250,1983.25,117.888,0.648,232.579,2
1983500,1983.5,111.364,0.655,232.611,2
1983750,1983.75,119.953,0.673,232.609,2
1984000,1984,118.83,0.681,232.606,2
1984250,1984.25,123.104,0.672,232.603,2
1984500,1984.5,116.099,0.673,232.622,2
1984750,1984.75,116.099,0.673,232.622,2
1985000,1985,125.153,0.677,232.588,2
1985250,1985.25,112.655,0.654,232.626,2
1985500,1985.5,114.852,0.653,232.625,2
1985750,1985.75,115.851,0.656,232.596,2
1986000,1986,115.156,0.664,232.609,2
1986250,1986.25,120.127,0.691,232.596,2
1986500,1986.5,127.905,0.687,232.586,2
1986750,1986.75,114.402,0.651,232.595,2
1987000,1987,116.925,0.673,232.582,2
1987250,1987.25,127.723,0.735,232.552,2
1987500,1987.5,140.696,0.743,232.561,2
1987750,1987.75,132.483,0.714,232.604,2
1988000,1988,127.007,0.704,232.585,2
1988250,1988.25,130.988,0.716,232.578,2
1988500,1988.5,133.035,0.693,232.579,2
1988750,1988.75,118.538,0.66,232.613,2
1989000,1989,133.525,0.749,232.602,2
1989250,1989.25,139.236,0.73,232.589,2
1989500,1989.5,132.151,0.713,232.582,2
1989750,1989.75,136.518,0.732,232.587,2
1990000,1990,128.885,0.695,232.616,2
1990250,1990.25,129.955,0.707,232.573,2
1990500,1990.5,135.584,0.751,232.586,2
1990750,1990.75,138.386,0.751,232.585,2
1991000,1991,142.915,0.739,232.587,2
1991250,1991.25,142.915,0.739,232.587,2
1991500,1991.5,138.808,0.732,232.579,2
1991750,1991.75,134.356,0.712,232.618,2
1992000,1992,135.525,0.723,232.607,2
1992250,1992.25,138.843,0.754,232.556,2
1992500,1992.5,136.997,0.727,232.623,2
1992750,1992.75,135.484,0.722,232.599,2
1993000,1993,130.623,0.697,232.583,2
1993250,1993.25,131.269,0.723,232.601,2
1993500,1993.5,139.83,0.745,232.564,2
1993750,1993.75,141.421,0.744,232.571,2
1994000,1994,140.664,0.754,232.586,2
1994250,1994.25,143.748,0.753,232.611,2
1994500,1994.5,140.905,0.723,232.601,2
1994750,1994.75,133.308,0.72,232.606,2
1995000,1995,135.728,0.725,232.598,2
1995250,1995.25,134.58,0.701,232.597,2
1995500,1995.5,130.219,0.716,232.575,2
1995750,1995.75,131.398,0.705,232.612,2
1996000,1996,126.039,0.677,232.603,2
1996250,1996.25,122.741,0.689,232.588,2
1996500,1996.5,127.467,0.689,232.625,2
1996750,1996.75,123.347,0.664,232.633,2
1997000,1997,124.934,0.714,232.599,2
1997250,1997.25,128.129,0.69,232.587,2
1997500,1997.5,123.824,0.69,232.599,2
1997750,1997.75,123.824,0.69,232.599,2
1998000,1998,125.866,0.677,232.599,2
1998250,1998.25,119.697,0.65,232.612,2
1998500,1998.5,115.677,0.664,232.586,2
1998750,1998.75,120.541,0.672,232.605,2
1999000,1999,115.877,0.648,232.627,2
1999250,1999.25,110.869,0.627,232.616,2
1999500,1999.5,109.238,0.614,232.615,2
1999750,1999.75,108.825,0.645,232.597,2
2000000,2000,116.178,0.644,232.608,2
2000250,2000.25,113.464,0.656,232.615,2
2000500,2000.5,116.14,0.675,232.602,2
2000750,2000.75,116.309,0.595,232.609,2
2001000,2001,93.857,0.552,232.637,2
2001250,2001.25,93.396,0.557,232.642,2
2001500,2001.5,91.919,0.559,232.648,2
2001750,2001.75,88.635,0.517,232.616,2
2002000,2002,89.9,0.565,232.592,2
2002250,2002.25,93.799,0.565,232.614,2
2002500,2002.5,87.407,0.455,232.637,2
2002750,2002.75,72.284,0.473,232.628,2
2003000,2003,73.381,0.393,232.646,2
2003250,2003.25,54.728,0.476,232.614,2
2003500,2003.5,81.44,0.499,232.634,2
2003750,2003.75,76.241,0.467,232.631,2
2004000,2004,72.595,0.474,232.659,2
2004250,2004.25,72.595,0.474,232.659,2
2004500,2004.5,78.132,0.502,232.647,2
2004750,2004.75,82.345,0.482,232.637,2
2005000,2005,78.316,0.521,232.59,2
2005250,2005.25,88.94,0.532,232.634,2
2005500,2005.5,86.512,0.55,232.638,2
2005750,2005.75,92.082,0.536,232.654,2
2006000,2006,85.867,0.493,232.652,2
2006250,2006.25,77.226,0.487,232.663,2
2006500,2006.5,79.156,0.526,232.641,2
2006750,2006.75,89.883,0.533,232.635,2
2007000,2007,82.959,0.519,232.641,2
2007250,2007.25,84.591,0.516,232.648,2
2007500,2007.5,87.335,0.545,232.658,2
2007750,2007.75,88.719,0.531,232.626,2
2008000,2008,82.633,0.486,232.644,2
2008250,2008.25,72.391,0.494,232.603,2
2008500,2008.5,86.54,0.556,232.604,2
2008750,2008.75,98.151,0.59,232.605,2
2009000,2009,102.765,0.583,232.6,2
2009250,2009.25,97.596,0.567,232.617,2
2009500,2009.5,95.465,0.547,232.632,2
2009750,2009.75,82.429,0.552,232.604,2
2010000,2010,107.344,0.618,232.609,2
2010250,2010.25,103.38,0.578,232.592,2
2010500,2010.5,97.307,0.552,232.612,2
2010750,2010.75,97.307,0.552,232.612,2
2011000,2011,89.591,0.521,232.626,2
2011250,2011.25,89.79,0.594,232.628,2
2011500,2011.5,104.995,0.627,232.579,2
2011750,2011.75,106.917,0.625,232.599,2
2012000,2012,112.382,0.66,232.623,2
2012250,2012.25,118.586,0.64,232.624,2
2012500,2012.5,107.079,0.614,232.625,2
2012750,2012.75,112.399,0.682,232.621,2
2013000,2013,133.393,0.734,232.576,2
2013250,2013.25,130.91,0.698,232.585,2
2013500,2013.5,131.03,0.707,232.573,2
2013750,2013.75,127.491,0.679,232.612,2
2014000,2014,114.839,0.635,232.646,2
2014250,2014.25,113.43,0.668,232.631,2
2014500,2014.5,122.705,0.712,232.591,2
2014750,2014.75,132.058,0.718,232.599,2
2015000,2015,136.934,0.733,232.576,2
2015250,2015.25,126.435,0.664,232.609,2
2015500,2015.5,120.383,0.687,232.59,2
2015750,2015.75,123.786,0.699,232.587,2
2016000,2016,132.797,0.75,232.575,2
2016250,2016.25,140.452,0.725,232.587,2
2016500,2016.5,132.175,0.709,232.584,2
2016750,2016.75,130.145,0.713,232.605,2
2017000,2017,130.81,0.707,232.594,2
2017250,2017.25,130.81,0.707,232.594,2
2017500,2017.5,130.519,0.718,232.584,2
2017750,2017.75,126.468,0.668,232.579,2
2018000,2018,125.083,0.742,232.601,2
2018250,2018.25,144.464,0.767,232.59,2
2018500,2018.5,144.865,0.758,232.581,2
2018750,2018.75,145.356,0.804,232.565,2
2019000,2019,157.175,0.776,232.574,2
2019250,2019.25,144.635,0.746,232.56,2
2019500,2019.5,141.957,0.759,232.601,2
2019750,2019.75,151.551,0.783,232.557,2
2020000,2020,150.775,0.772,232.605,2
2020250,2020.25,140.679,0.732,232.587,2
2020500,2020.5,129.506,0.682,232.613,2
2020750,2020.75,127.999,0.74,232.572,2
2021000,2021,140.011,0.715,232.595,2
2021250,2021.25,135.683,0.743,232.58,2
2021500,2021.5,140.178,0.744,232.589,2
2021750,2021.75,138.636,0.748,232.58,2
2022000,2022,135.978,0.711,232.617,2
2022250,2022.25,129.357,0.701,232.606,2
2022500,2022.5,130.374,0.687,232.618,2
2022750,2022.75,123.181,0.675,232.567,2
2023000,2023,126.889,0.718,232.597,2
2023250,2023.25,137.104,0.746,232.593,2
2023500,2023.5,136.276,0.709,232.616,2
2023750,2023.75,136.276,0.709,232.616,2
2024000,2024,129.845,0.697,232.59,2
2024250,2024.25,129.65,0.702,232.599,2
2024500,2024.5,129.297,0.692,232.587,2
2024750,2024.75,127.496,0.697,232.569,2
2025000,2025,132.492,0.765,232.56,2
2025250,2025.25,143.503,0.712,232.581,2
2025500,2025.5,124.326,0.682,232.577,2
2025750,2025.75,126.473,0.677,232.572,2
2026000,2026,125.404,0.696,232.606,2
2026250,2026.25,126.319,0.689,232.605,2
2026500,2026.5,127.769,0.709,232.593,2
2026750,2026.75,128.561,0.687,232.615,2
2027000,2027,121.513,0.673,232.588,2
2027250,2027.25,127.055,0.678,232.605,2
2027500,2027.5,122.917,0.68,232.58,2
2027750,2027.75,127.158,0.717,232.588,2
2028000,2028,135.148,0.713,232.596,2
2028250,2028.25,124.709,0.693,232.584,2
2028500,2028.5,130.351,0.717,232.578,2
2028750,2028.75,136.016,0.714,232.583,2
2029000,2029,127.252,0.69,232.612,2
2029250,2029.25,123.786,0.679,232.577,2
2029500,2029.5,122.7,0.687,232.6,2
2029750,2029.75,125.534,0.69,232.589,2
2030000,2030,126.225,0.675,232.602,2
2030250,2030.25,126.225,0.675,232.602,2
2030500,2030.5,123.641,0.698,232.579,2
2030750,2030.75,134.574,0.705,232.629,2
2031000,2031,121.422,0.669,232.612,2
2031250,2031.25,120.648,0.665,232.619,2
2031500,2031.5,117.989,0.648,232.612,2
2031750,2031.75,105.716,0.62,232.596,2
2032000,2032,109.094,0.636,232.575,2
2032250,2032.25,111.913,0.644,232.573,2
2032500,2032.5,114.277,0.648,232.637,2
2032750,2032.75,113.975,0.648,232.615,2
2033000,2033,117.446,0.671,232.606,2
2033250,2033.25,114.265,0.649,232.617,2
2033500,2033.5,111.183,0.635,232.616,2
2033750,2033.75,111.622,0.633,232.62,2
2034000,2034,115.766,0.635,232.639,2
2034250,2034.25,103.751,0.6,232.634,2
2034500,2034.5,99.856,0.579,232.617,2
2034750,2034.75,92.932,0.569,232.663,2
2035000,2035,96.262,0.599,232.612,2
2035250,2035.25,105.463,0.596,232.622,2
2035500,2035.5,100.88,0.59,232.631,2
2035750,2035.75,100.54,0.572,232.629,2
2036000,2036,88.633,0.545,232.63,2
2036250,2036.25,93.073,0.578,232.617,2
2036500,2036.5,92.271,0.566,232.627,2
2036750,2036.75,92.271,0.566,232.627,2
2037000,2037,100.901,0.603,232.609,2
2037250,2037.25,99.657,0.544,232.612,2
2037500,2037.5,89.374,0.539,232.598,2
2037750,2037.75,93.972,0.58,232.626,2
2038000,2038,92.057,0.526,232.645,2
2038250,2038.25,82.564,0.506,232.657,2
2038500,2038.5,69.552,0.442,232.655,2
2038750,2038.75,74.063,0.477,232.659,0
2039000,2039,71.095,0.459,232.654,0
2039250,2039.25,84.488,0.548,232.617,0
2039500,2039.5,85.519,0.476,232.643,0
2039750,2039.75,75.548,0.492,232.64,0
2040000,2040,74.605,0.467,232.638,0
2040250,2040.25,81.784,0.51,232.657,0
2040500,2040.5,85.17,0.52,232.637,0
2040750,2040.75,90.408,0.563,232.632,0
2041000,2041,90.009,0.519,232.619,0
2041250,2041.25,82.935,0.535,232.634,0
2041500,2041.5,94.073,0.573,232.627,0
2041750,2041.75,95.288,0.543,232.651,0
2042000,2042,89.312,0.525,232.645,0
2042250,2042.25,92.243,0.572,232.623,0
2042500,2042.5,100.856,0.598,232.632,0
2042750,2042.75,104.413,0.609,232.622,0
2043000,2043,99.687,0.555,232.656,0
2043250,2043.25,99.687,0.555,232.656,0
2043500,2043.5,91.935,0.544,232.643,0
2043750,2043.75,97.402,0.576,232.642,0
2044000,2044,102.656,0.619,232.648,0
2044250,2044.25,107.331,0.604,232.639,0
2044500,2044.5,105.389,0.595,232.601,0
2044750,2044.75,99.538,0.589,232.623,0
2045000,2045,106.042,0.637,232.622,0
2045250,2045.25,111.372,0.615,232.586,0
2045500,2045.5,106.642,0.618,232.61,0
2045750,2045.75,106.027,0.586,232.62,0
2046000,2046,100.257,0.597,232.616,0
2046250,2046.25,109.138,0.654,232.597,0
2046500,2046.5,117.072,0.615,232.62,0
2046750,2046.75,103.467,0.598,232.609,0
2047000,2047,109.182,0.651,232.599,0
2047250,2047.25,107.386,0.578,232.642,0
2047500,2047.5,97.98,0.621,232.627,0
2047750,2047.75,107.433,0.589,232.624,0
2048000,2048,103.203,0.652,232.599,0
2048250,2048.25,126.065,0.723,232.612,0
2048500,2048.5,134.957,0.714,232.607,0
2048750,2048.75,97.082,0.403,232.677,0
2049000,2049,18.499,0.207,232.688,0
2049250,2049.25,16.68,0.191,232.662,0
2049500,2049.5,15.754,0.191,232.669,0
2049750,2049.75,15.754,0.191,232.669,0
2050000,2050,17.077,0.191,232.708,0
2050250,2050.25,15.784,0.191,232.703,0
2050500,2050.5,16.891,0.192,232.708,0
2050750,2050.75,16.01,0.192,232.663,0
2051000,2051,16.263,0.191,232.693,0
2051250,2051.25,16.52,0.189,232.671,0
2051500,2051.5,15.775,0.19,232.686,0
2051750,2051.75,16.166,0.19,232.689,0
2052000,2052,16.652,0.19,232.696,0
2052250,2052.25,15.775,0.19,232.709,0
2052500,2052.5,16.036,0.19,232.681,0
2052750,2052.75,16.819,0.189,232.668,0
2053000,2053,15.775,0.19,232.694,0
2053250,2053.25,15.757,0.19,232.657,0
2053500,2053.5,16.327,0.19,232.679,0
2053750,2053.75,16.509,0.19,232.695,0
2054000,2054,15.75,0.189,232.656,0
2054250,2054.25,15.75,0.182,232.724,0
2054500,2054.5,11.558,0.135,232.699,0
2054750,2054.75,7.001,0.127,232.701,0
2055000,2055,6.647,0.127,232.701,0
2055250,2055.25,5.969,0.127,232.689,0
2055500,2055.5,6.975,0.127,232.693,0
2055750,2055.75,6.975,0.127,232.694,0
2056000,2056,6.975,0.128,232.705,0
2056250,2056.25,6.975,0.128,232.705,0
2056500,2056.5,5.966,0.127,232.678,0
2056750,2056.75,6.664,0.127,232.692,0
2057000,2057,6.975,0.127,232.69,0
2057250,2057.25,6.975,0.127,232.713,0
2057500,2057.5,6.975,0.127,232.696,0
2057750,2057.75,5.659,0.127,232.683,0
2058000,2058,6.966,0.127,232.692,0
2058250,2058.25,6.975,0.127,232.693,0
2058500,2058.5,6.975,0.127,232.708,0
2058750,2058.75,6.975,0.127,232.712,0
2059000,2059,5.948,0.127,232.681,0
2059250,2059.25,6.65,0.127,232.679,0
2059500,2059.5,6.975,0.127,232.701,0
2059750,2059.75,6.975,0.127,232.733,0
2060000,2060,5.751,0.127,232.697,0
2060250,2060.25,6.901,0.127,232.668,0
2060500,2060.5,6.975,0.127,232.692,0
2060750,2060.75,6.975,0.127,232.718,0
2061000,2061,6.766,0.127,232.683,0
2061250,2061.25,5.857,0.127,232.708,0
2061500,2061.5,6.975,0.127,232.679,0
2061750,2061.75,6.975,0.127,232.682,0
2062000,2062,6.523,0.127,232.69,0
2062250,2062.25,6.092,0.127,232.694,0
2062500,2062.5,6.975,0.127,232.695,0
2062750,2062.75,6.975,0.127,232.695,0
2063000,2063,6.975,0.127,232.666,0
2063250,2063.25,6.265,0.127,232.677,0
2063500,2063.5,6.424,0.127,232.675,0
2063750,2063.75,6.975,0.127,232.705,0
2064000,2064,6.975,0.127,232.69,0
2064250,2064.25,6.975,0.127,232.696,0
2064500,2064.5,5.66,0.127,232.716,0
2064750,2064.75,6.932,0.127,232.711,0
2065000,2065,6.975,0.126,232.721,0
2065250,2065.25,6.975,0.127,232.715,0
2065500,2065.5,6.666,0.127,232.699,0
2065750,2065.75,6.028,0.127,232.732,0
2066000,2066,6.975,0.127,232.704,0
2066250,2066.25,6.975,0.127,232.727,0
2066500,2066.5,6.975,0.127,232.695,0
2066750,2066.75,5.989,0.127,232.699,0
2067000,2067,6.691,0.127,232.72,0
2067250,2067.25,6.975,0.127,232.698,0
2067500,2067.5,6.975,0.127,232.668,0
2067750,2067.75,5.74,0.127,232.732,0
2068000,2068,6.891,0.127,232.711,0
2068250,2068.25,6.975,0.127,232.726,0
2068500,2068.5,6.975,0.127,232.688,0
2068750,2068.75,5.666,0.127,232.705,0
2069000,2069,6.959,0.127,232.697,0
2069250,2069.25,6.959,0.127,232.697,0
2069500,2069.5,6.975,0.127,232.695,0
2069750,2069.75,6.975,0.127,232.688,0
2070000,2070,6.486,0.128,232.759,0
2070250,2070.25,6.171,0.127,232.707,0
2070500,2070.5,6.975,0.127,232.727,0
2070750,2070.75,6.975,0.127,232.723,0
2071000,2071,6.247,0.127,232.698,0
2071250,2071.25,6.421,0.127,232.706,0
2071500,2071.5,6.975,0.127,232.69,0
2071750,2071.75,6.975,0.127,232.672,0
2072000,2072,6.975,0.127,232.711,0
2072250,2072.25,5.689,0.127,232.691,0
2072500,2072.5,6.946,0.127,232.675,0
2072750,2072.75,6.975,0.127,232.706,0
2073000,2073,6.975,0.127,232.699,0
2073250,2073.25,6.606,0.127,232.683,0
2073500,2073.5,5.99,0.127,232.711,0
2073750,2073.75,6.975,0.126,232.682,0
2074000,2074,6.975,0.126,232.694,0
2074250,2074.25,6.343,0.127,232.685,0
2074500,2074.5,6.309,0.127,232.688,0
2074750,2074.75,6.975,0.127,232.687,0
2075000,2075,6.975,0.127,232.716,0
2075250,2075.25,6.051,0.127,232.695,0
2075500,2075.5,6.577,0.127,232.689,0
2075750,2075.75,6.577,0.127,232.689,0
2076000,2076,6.975,0.127,232.684,0
2076250,2076.25,6.975,0.127,232.716,0
2076500,2076.5,5.788,0.127,232.714,0
2076750,2076.75,6.814,0.127,232.718,0
2077000,2077,6.975,0.127,232.696,0
2077250,2077.25,6.975,0.127,232.708,0
2077500,2077.5,5.68,0.127,232.696,0
2077750,2077.75,6.948,0.127,232.689,0
2078000,2078,6.975,0.127,232.694,0
2078250,2078.25,6.905,0.127,232.719,0
2078500,2078.5,5.699,0.127,232.707,0
2078750,2078.75,6.971,0.127,232.704,0
2079000,2079,6.975,0.127,232.686,0
2079250,2079.25,6.714,0.127,232.707,0
2079500,2079.5,5.931,0.127,232.694,0
2079750,2079.75,6.975,0.127,232.684,0
2080000,2080,6.975,0.127,232.702,0
2080250,2080.25,6.478,0.127,232.72,0
2080500,2080.5,6.209,0.127,232.703,0
2080750,2080.75,6.975,0.127,232.683,0
2081000,2081,6.975,0.127,232.686,0
2081250,2081.25,6.146,0.127,232.708,0
2081500,2081.5,6.443,0.127,232.692,0
2081750,2081.75,6.975,0.127,232.706,0
2082000,2082,6.975,0.127,232.695,0
2082250,2082.25,6.975,0.127,232.695,0
2082500,2082.5,5.924,0.127,232.715,0
2082750,2082.75,6.76,0.127,232.713,0
2083000,2083,6.975,0.127,232.714,0
2083250,2083.25,6.975,0.127,232.71,0
2083500,2083.5,6.94,0.127,232.69,0
2083750,2083.75,5.713,0.127,232.691,0
2084000,2084,6.97,0.127,232.704,0
2084250,2084.25,6.975,0.127,232.71,0
2084500,2084.5,6.975,0.127,232.739,0
2084750,2084.75,6.329,0.127,232.729,0
2085000,2085,6.35,0.127,232.688,0
2085250,2085.25,6.975,0.127,232.696,0
2085500,2085.5,6.975,0.127,232.717,0
2085750,2085.75,6.013,0.127,232.701,0
2086000,2086,6.599,0.127,232.715,0
2086250,2086.25,6.975,0.127,232.701,0
2086500,2086.5,6.975,0.127,232.724,0
2086750,2086.75,6.975,0.127,232.707,0
2087000,2087,5.601,0.127,232.707,0
2087250,2087.25,6.963,0.127,232.707,0
2087500,2087.5,6.975,0.127,232.704,0
2087750,2087.75,6.801,0.127,232.705,0
2088000,2088,5.811,0.127,232.719,0
2088250,2088.25,6.974,0.127,232.717,0
2088500,2088.5,6.975,0.127,232.711,0
2088750,2088.75,6.975,0.127,232.711,0
2089000,2089,6.58,0.127,232.724,0
2089250,2089.25,6.096,0.127,232.692,0
2089500,2089.5,6.975,0.127,232.682,0
2089750,2089.75,6.975,0.127,232.731,0
2090000,2090,6.975,0.127,232.695,0
2090250,2090.25,5.863,0.127,232.68,0
2090500,2090.5,6.758,0.127,232.692,0
2090750,2090.75,6.975,0.127,232.683,0
2091000,2091,6.975,0.127,232.73,0
2091250,2091.25,5.713,0.127,232.704,0
2091500,2091.5,6.919,0.127,232.692,0
2091750,2091.75,6.975,0.127,232.691,0
2092000,2092,6.975,0.127,232.69,0
2092250,2092.25,6.644,0.126,232.669,0
2092500,2092.5,5.985,0.127,232.678,0
2092750,2092.75,6.975,0.126,232.684,0
2093000,2093,6.975,0.127,232.685,0
2093250,2093.25,6.406,0.127,232.655,0
2093500,2093.5,6.263,0.127,232.709,0
2093750,2093.75,6.975,0.127,232.683,0
2094000,2094,6.975,0.127,232.667,0
2094250,2094.25,6.174,0.127,232.694,0
2094500,2094.5,6.516,0.127,232.698,0
2094750,2094.75,6.975,0.127,232.658,0
2095000,2095,6.975,0.127,232.71,0
2095250,2095.25,6.975,0.127,232.71,0
2095500,2095.5,6.975,0.127,232.709,0
2095750,2095.75,5.638,0.127,232.704,0
2096000,2096,6.952,0.127,232.675,0
2096250,2096.25,6.975,0.127,232.658,0
2096500,2096.5,6.975,0.127,232.673,0
2096750,2096.75,6.541,0.127,232.687,0
2097000,2097,6.059,0.127,232.713,0
2097250,2097.25,6.975,0.127,232.683,0
2097500,2097.5,6.975,0.127,232.672,0
2097750,2097.75,6.312,0.127,232.674,0
2098000,2098,6.368,0.127,232.718,0
2098250,2098.25,6.975,0.127,232.706,0
2098500,2098.5,6.975,0.127,232.695,0
2098750,2098.75,5.985,0.127,232.7,0
2099000,2099,6.65,0.127,232.639,0
2099250,2099.25,6.975,0.127,232.671,0
2099500,2099.5,6.975,0.127,232.699,0
2099750,2099.75,6.94,0.127,232.681,0
2100000,2100,5.637,0.127,232.696,0
2100250,2100.25,6.966,0.127,232.682,0
2100500,2100.5,6.975,0.127,232.673,0
2100750,2100.75,6.775,0.127,232.697,0
2101000,2101,5.867,0.127,232.658,0
2101250,2101.25,6.974,0.127,232.698,0
2101500,2101.5,6.975,0.127,232.705,0
2101750,2101.75,6.975,0.127,232.705,0
2102000,2102,6.51,0.127,232.691,0
2102250,2102.25,6.115,0.127,232.729,0
2102500,2102.5,6.975,0.127,232.701,0
2102750,2102.75,6.975,0.127,232.713,0
2103000,2103,6.975,0.127,232.691,0
2103250,2103.25,5.861,0.127,232.684,0
2103500,2103.5,6.792,0.127,232.728,0
2103750,2103.75,6.975,0.126,232.697,0
2104000,2104,6.975,0.127,232.728,0
2104250,2104.25,5.639,0.127,232.71,0
2104500,2104.5,6.939,0.127,232.708,0
2104750,2104.75,6.975,0.127,232.695,0
2105000,2105,6.975,0.127,232.704,0
2105250,2105.25,5.652,0.127,232.695,0
2105500,2105.5,6.967,0.127,232.661,0
2105750,2105.75,6.975,0.127,232.697,0
2106000,2106,6.766,0.127,232.724,0
2106250,2106.25,5.853,0.127,232.682,0
2106500,2106.5,6.975,0.127,232.718,0
2106750,2106.75,6.975,0.127,232.679,0
2107000,2107,6.523,0.127,232.705,0
2107250,2107.25,6.127,0.127,232.689,0
2107500,2107.5,6.975,0.127,232.716,0
2107750,2107.75,6.975,0.127,232.714,0
2108000,2108,6.975,0.127,232.698,0
2108250,2108.25,6.975,0.127,232.698,0
2108500,2108.5,6.975,0.127,232.698,0
2108750,2108.75,5.61,0.127,232.699,0
2109000,2109,6.955,0.127,232.725,0
2109250,2109.25,6.975,0.127,232.706,0
2109500,2109.5,6.888,0.127,232.712,0
2109750,2109.75,5.734,0.127,232.711,0
2110000,2110,6.972,0.127,232.712,0
2110250,2110.25,6.975,0.127,232.701,0
2110500,2110.5,6.975,0.127,232.704,0
2110750,2110.75,6.238,0.127,232.69,0
2111000,2111,6.388,0.127,232.679,0
2111250,2111.25,6.975,0.127,232.684,0
2111500,2111.5,6.975,0.126,232.677,0
2111750,2111.75,5.948,0.127,232.67,0
2112000,2112,6.654,0.127,232.671,0
2112250,2112.25,6.975,0.127,232.697,0
2112500,2112.5,6.975,0.127,232.675,0
2112750,2112.75,6.94,0.127,232.701,0
2113000,2113,5.65,0.127,232.67,0
2113250,2113.25,6.967,0.127,232.69,0
2113500,2113.5,6.975,0.127,232.688,0
2113750,2113.75,6.775,0.127,232.687,0
2114000,2114,5.88,0.127,232.689,0
2114250,2114.25,6.975,0.127,232.702,0
2114500,2114.5,6.975,0.127,232.652,0
2114750,2114.75,6.975,0.127,232.652,0
2115000,2115,6.501,0.127,232.677,0
2115250,2115.25,6.16,0.127,232.695,0
2115500,2115.5,6.975,0.127,232.712,0
2115750,2115.75,6.975,0.127,232.705,0
2116000,2116,6.975,0.127,232.703,0
2116250,2116.25,5.85,0.127,232.67,0
2116500,2116.5,6.833,0.126,232.672,0
2116750,2116.75,6.975,0.127,232.682,0
2117000,2117,6.975,0.127,232.7,0
2117250,2117.25,6.853,0.128,232.679,0
2117500,2117.5,5.76,0.127,232.686,0
2117750,2117.75,6.972,0.127,232.688,0
2118000,2118,6.975,0.127,232.699,0
2118250,2118.25,6.596,0.127,232.673,0
2118500,2118.5,6.028,0.127,232.705,0
2118750,2118.75,6.975,0.127,232.688,0
2119000,2119,6.975,0.127,232.692,0
2119250,2119.25,6.338,0.127,232.699,0
2119500,2119.5,6.242,0.127,232.7,0
2119750,2119.75,6.975,0.127,232.691,0
2120000,2120,6.975,0.127,232.718,0
2120250,2120.25,6.975,0.127,232.705,0
2120500,2120.5,5.72,0.127,232.731,0
2120750,2120.75,6.909,0.127,232.715,0
2121000,2121,6.975,0.127,232.722,0
2121250,2121.25,6.975,0.127,232.722,0
2121500,2121.5,6.975,0.127,232.705,0
2121750,2121.75,5.676,0.127,232.712,0
2122000,2122,6.96,0.127,232.694,0
2122250,2122.25,6.975,0.127,232.717,0
2122500,2122.5,6.87,0.127,232.702,0
2122750,2122.75,5.778,0.127,232.719,0
2123000,2123,6.974,0.128,232.685,0
2123250,2123.25,6.975,0.127,232.704,0
2123500,2123.5,6.975,0.127,232.688,0
2123750,2123.75,6.157,0.127,232.706,0
2124000,2124,6.435,0.127,232.704,0
2124250,2124.25,6.975,0.127,232.707,0
2124500,2124.5,6.975,0.127,232.728,0
2124750,2124.75,6.975,0.127,232.693,0
2125000,2125,5.605,0.127,232.679,0
2125250,2125.25,6.946,0.127,232.706,0
2125500,2125.5,6.975,0.127,232.68,0
2125750,2125.75,6.94,0.127,232.692,0
2126000,2126,5.634,0.127,232.689,0
2126250,2126.25,6.967,0.127,232.696,0
2126500,2126.5,6.975,0.127,232.698,0
2126750,2126.75,6.975,0.127,232.702,0
2127000,2127,6.31,0.126,232.691,0
2127250,2127.25,6.317,0.127,232.679,0
2127500,2127.5,6.975,0.127,232.694,0
2127750,2127.75,6.975,0.127,232.694,0
2128000,2128,6.975,0.127,232.676,0
2128250,2128.25,6.975,0.127,232.702,0
2128500,2128.5,5.689,0.127,232.701,0
2128750,2128.75,6.912,0.126,232.688,0
2129000,2129,6.975,0.127,232.713,0
2129250,2129.25,6.975,0.127,232.678,0
2129500,2129.5,5.641,0.127,232.678,0
2129750,2129.75,6.962,0.127,232.716,0
2130000,2130,6.975,0.127,232.694,0
2130250,2130.25,6.853,0.127,232.685,0
2130500,2130.5,5.809,0.127,232.725,0
2130750,2130.75,6.973,0.127,232.697,0
2131000,2131,6.975,0.127,232.684,0
2131250,2131.25,6.575,0.127,232.688,0
2131500,2131.5,6.053,0.127,232.698,0
2131750,2131.75,6.975,0.127,232.722,0
2132000,2132,6.975,0.127,232.712,0
2132250,2132.25,6.975,0.127,232.708,0
2132500,2132.5,5.893,0.127,232.686,0
2132750,2132.75,6.723,0.127,232.665,0
2133000,2133,6.975,0.127,232.696,0
2133250,2133.25,6.975,0.127,232.678,0
2133500,2133.5,5.637,0.127,232.688,0
2133750,2133.75,6.927,0.127,232.708,0
2134000,2134,6.975,0.127,232.71,0
2134250,2134.25,6.975,0.127,232.71,0
2134500,2134.5,6.975,0.127,232.714,0
2134750,2134.75,5.638,0.127,232.719,0
2135000,2135,6.964,0.127,232.709,0
2135250,2135.25,6.975,0.127,232.7,0
2135500,2135.5,6.818,0.127,232.704,0
2135750,2135.75,5.775,0.127,232.7,0
2136000,2136,6.974,0.127,232.735,0
2136250,2136.25,6.975,0.127,232.694,0
2136500,2136.5,6.588,0.127,232.7,0
2136750,2136.75,6.077,0.127,232.701,0
2137000,2137,6.975,0.127,232.689,0
2137250,2137.25,6.975,0.127,232.685,0
2137500,2137.5,6.975,0.127,232.707,0
2137750,2137.75,5.906,0.127,232.677,0
2138000,2138,6.78,0.127,232.676,0
2138250,2138.25,6.975,0.127,232.663,0
2138500,2138.5,6.016,0.127,232.709,0
2138750,2138.75,6.618,0.127,232.681,0
2139000,2139,6.975,0.127,232.685,0
2139250,2139.25,6.975,0.127,232.699,0
2139500,2139.5,6.975,0.127,232.704,0
2139750,2139.75,5.64,0.127,232.68,0
2140000,2140,6.962,0.127,232.705,0
2140250,2140.25,6.975,0.127,232.667,0
2140500,2140.5,6.853,0.127,232.718,0
2140750,2140.75,6.853,0.127,232.718,0
2141000,2141,5.84,0.127,232.705,0
2141250,2141.25,6.973,0.127,232.706,0
2141500,2141.5,6.975,0.127,232.708,0
2141750,2141.75,6.562,0.127,232.711,0
2142000,2142,6.102,0.127,232.719,0
2142250,2142.25,6.975,0.127,232.695,0
2142500,2142.5,6.975,0.127,232.703,0
2142750,2142.75,6.32,0.127,232.687,0
2143000,2143,6.333,0.127,232.71,0
2143250,2143.25,6.975,0.127,232.741,0
2143500,2143.5,6.975,0.127,232.7,0
2143750,2143.75,6.021,0.127,232.703,0
2144000,2144,6.632,0.128,232.709,0
2144250,2144.25,6.975,0.127,232.687,0
2144500,2144.5,6.975,0.127,232.671,0
2144750,2144.75,6.975,0.127,232.67,0
2145000,2145,5.628,0.127,232.69,0
2145250,2145.25,6.965,0.127,232.681,0
2145500,2145.5,6.975,0.127,232.692,0
2145750,2145.75,6.801,0.127,232.645,0
2146000,2146,5.854,0.127,232.694,0
2146250,2146.25,6.974,0.127,232.686,0
2146500,2146.5,6.905,0.127,232.676,0
2146750,2146.75,5.738,0.127,232.662,0
2147000,2147,6.97,0.127,232.711,0
2147250,2147.25,6.97,0.127,232.711,0
2147500,2147.5,6.975,0.127,232.688,0
2147750,2147.75,6.644,0.127,232.691,0
2148000,2148,5.946,0.126,232.671,0
2148250,2148.25,6.975,0.127,232.695,0
2148500,2148.5,6.975,0.127,232.695,0
2148750,2148.75,6.975,0.127,232.703,0
2149000,2149,5.999,0.127,232.703,0
2149250,2149.25,6.618,0.127,232.702,0
2149500,2149.5,6.975,0.126,232.691,0
2149750,2149.75,6.975,0.127,232.727,0
2150000,2150,5.743,0.127,232.725,0
2150250,2150.25,6.881,0.127,232.715,0
2150500,2150.5,6.975,0.127,232.674,0
2150750,2150.75,6.975,0.126,232.705,0
2151000,2151,6.749,0.127,232.722,0
2151250,2151.25,5.836,0.127,232.718,0
2151500,2151.5,6.975,0.127,232.688,0
2151750,2151.75,6.975,0.127,232.689,0
2152000,2152,6.558,0.127,232.699,0
2152250,2152.25,6.054,0.127,232.683,0
2152500,2152.5,6.975,0.127,232.682,0
2152750,2152.75,6.975,0.127,232.684,0
2153000,2153,6.312,0.127,232.684,0
2153250,2153.25,6.378,0.127,232.688,0
2153500,2153.5,6.975,0.127,232.695,0
2153750,2153.75,6.975,0.127,232.695,0
2154000,2154,6.975,0.127,232.676,0
2154250,2154.25,6.975,0.127,232.711,0
2154500,2154.5,5.684,0.127,232.698,0
2154750,2154.75,6.93,0.127,232.712,0
2155000,2155,6.975,0.127,232.697,0
2155250,2155.25,6.94,0.127,232.672,0
2155500,2155.5,5.651,0.127,232.699,0
2155750,2155.75,6.966,0.127,232.678,0
2156000,2156,6.975,0.127,232.683,0
2156250,2156.25,6.975,0.127,232.67,0
2156500,2156.5,6.378,0.127,232.68,0
2156750,2156.75,6.233,0.127,232.691,0
2157000,2157,6.975,0.127,232.697,0
2157250,2157.25,6.975,0.127,232.675,0
2157500,2157.5,6.131,0.127,232.702,0
2157750,2157.75,6.535,0.127,232.702,0
2158000,2158,6.975,0.127,232.682,0
2158250,2158.25,6.975,0.127,232.676,0
2158500,2158.5,5.858,0.127,232.689,0
2158750,2158.75,6.827,0.127,232.704,0
2159000,2159,6.975,0.127,232.689,0
2159250,2159.25,6.975,0.127,232.693,0
2159500,2159.5,5.64,0.127,232.698,0
2159750,2159.75,6.934,0.127,232.702,0
2160000,2160,6.975,0.127,232.685,0
2160250,2160.25,6.975,0.127,232.685,0
2160500,2160.5,6.975,0.127,232.686,0
2160750,2160.75,6.627,0.127,232.735,0
2161000,2161,5.965,0.126,232.7,0
2161250,2161.25,6.975,0.127,232.681,0
2161500,2161.5,6.975,0.127,232.678,0
2161750,2161.75,6.975,0.127,232.668,0
2162000,2162,5.948,0.127,232.699,0
2162250,2162.25,6.664,0.127,232.715,0
2162500,2162.5,6.975,0.127,232.694,0
2162750,2162.75,6.975,0.127,232.694,0
2163000,2163,5.736,0.127,232.682,0
2163250,2163.25,6.883,0.127,232.691,0
2163500,2163.5,6.975,0.127,232.71,0
2163750,2163.75,6.975,0.127,232.718,0
2164000,2164,5.61,0.127,232.697,0
2164250,2164.25,6.955,0.127,232.691,0
2164500,2164.5,6.975,0.127,232.701,0
2164750,2164.75,6.975,0.127,232.728,0
2165000,2165,6.536,0.127,232.705,0
2165250,2165.25,6.14,0.127,232.693,0
2165500,2165.5,6.975,0.127,232.669,0
2165750,2165.75,6.975,0.127,232.708,0
2166000,2166,6.239,0.127,232.689,0
2166250,2166.25,6.415,0.127,232.658,0
2166500,2166.5,6.975,0.127,232.682,0
2166750,2166.75,6.975,0.127,232.682,0
2167000,2167,6.975,0.127,232.684,0
2167250,2167.25,5.95,0.128,232.678,0
2167500,2167.5,6.65,0.127,232.686,0
2167750,2167.75,6.975,0.127,232.718,0
2168000,2168,6.975,0.127,232.687,0
2168250,2168.25,6.94,0.127,232.68,0
2168500,2168.5,5.651,0.127,232.69,0
2168750,2168.75,6.966,0.127,232.671,0
2169000,2169,6.975,0.127,232.691,0
2169250,2169.25,6.975,0.127,232.698,0
2169500,2169.5,6.402,0.127,232.707,0
2169750,2169.75,6.26,0.126,232.701,0
2170000,2170,6.975,0.127,232.679,0
2170250,2170.25,6.975,0.127,232.681,0
2170500,2170.5,6.087,0.127,232.692,0
2170750,2170.75,6.508,0.127,232.691,0
2171000,2171,6.975,0.128,232.668,0
2171250,2171.25,6.225,0.127,232.687,0
2171500,2171.5,6.374,0.127,232.717,0
2171750,2171.75,6.975,0.127,232.702,0
2172000,2172,6.975,0.127,232.727,0
2172250,2172.25,6.975,0.127,232.686,0
2172500,2172.5,6.905,0.127,232.677,0
2172750,2172.75,5.75,0.127,232.681,0
2173000,2173,6.971,0.127,232.661,0
2173250,2173.25,6.971,0.127,232.661,0
2173500,2173.5,6.975,0.127,232.685,0
2173750,2173.75,6.64,0.127,232.704,0
2174000,2174,5.982,0.127,232.695,0
2174250,2174.25,6.975,0.127,232.683,0
2174500,2174.5,6.975,0.126,232.696,0
2174750,2174.75,6.388,0.126,232.705,0
2175000,2175,6.236,0.127,232.696,0
2175250,2175.25,6.975,0.127,232.71,0
2175500,2175.5,6.975,0.127,232.748,0
2175750,2175.75,6.113,0.127,232.721,0
2176000,2176,6.539,0.127,232.706,0
2176250,2176.25,6.975,0.127,232.711,0
2176500,2176.5,6.975,0.127,232.7,0
2176750,2176.75,5.824,0.127,232.717,0
2177000,2177,6.804,0.127,232.706,0
2177250,2177.25,6.975,0.127,232.716,0
2177500,2177.5,6.975,0.127,232.701,0
2177750,2177.75,6.888,0.127,232.696,0
2178000,2178,5.766,0.127,232.714,0
2178250,2178.25,6.971,0.127,232.683,0
2178500,2178.5,6.975,0.127,232.72,0
2178750,2178.75,6.666,0.127,232.708,0
2179000,2179,6.013,0.127,232.701,0
2179250,2179.25,6.975,0.127,232.698,0
2179500,2179.5,6.975,0.127,232.73,0
2179750,2179.75,6.975,0.127,232.73,0
2180000,2180,6.372,0.127,232.706,0
2180250,2180.25,6.255,0.127,232.703,0
2180500,2180.5,6.975,0.127,232.674,0
2180750,2180.75,6.975,0.127,232.673,0
2181000,2181,6.975,0.127,232.693,0
2181250,2181.25,5.65,0.127,232.681,0
2181500,2181.5,6.905,0.127,232.688,0
2181750,2181.75,6.975,0.127,232.698,0
2182000,2182,6.975,0.127,232.714,0
2182250,2182.25,6.766,0.127,232.671,0
2182500,2182.5,5.851,0.127,232.712,0
2182750,2182.75,6.975,0.127,232.711,0
2183000,2183,6.975,0.127,232.699,0
2183250,2183.25,6.523,0.127,232.717,0
2183500,2183.5,6.127,0.127,232.695,0
2183750,2183.75,6.975,0.127,232.7,0
2184000,2184,6.975,0.127,232.713,0
2184250,2184.25,6.226,0.127,232.724,0
2184500,2184.5,6.425,0.127,232.731,0
2184750,2184.75,6.975,0.127,232.711,0
2185000,2185,6.975,0.127,232.684,0
2185250,2185.25,5.93,0.127,232.696,0
2185500,2185.5,6.689,0.127,232.686,0
2185750,2185.75,6.975,0.127,232.706,0
2186000,2186,6.975,0.127,232.658,0
2186250,2186.25,6.975,0.127,232.658,0
2186500,2186.5,5.709,0.127,232.678,0
2186750,2186.75,6.917,0.126,232.703,0
2187000,2187,6.975,0.127,232.701,0
2187250,2187.25,6.975,0.127,232.696,0
2187500,2187.5,5.601,0.127,232.69,0
2187750,2187.75,6.957,0.127,232.679,0
2188000,2188,6.975,0.126,232.694,0
2188250,2188.25,6.975,0.127,232.719,0
2188500,2188.5,6.462,0.127,232.694,0
2188750,2188.75,6.165,0.127,232.674,0
2189000,2189,6.975,0.127,232.685,0
2189250,2189.25,6.975,0.127,232.688,0
2189500,2189.5,6.2,0.127,232.669,0
2189750,2189.75,6.466,0.127,232.68,0
2190000,2190,6.975,0.127,232.685,0
2190250,2190.25,6.975,0.128,232.717,0
2190500,2190.5,5.963,0.127,232.704,0
2190750,2190.75,6.722,0.127,232.684,0
2191000,2191,6.975,0.127,232.676,0
2191250,2191.25,6.975,0.127,232.697,0
2191500,2191.5,5.632,0.127,232.698,0
2191750,2191.75,6.915,0.127,232.693,0
2192000,2192,6.975,0.127,232.707,0
2192250,2192.25,6.975,0.127,232.707,0
2192500,2192.5,5.63,0.127,232.678,0
2192750,2192.75,5.63,0.127,232.678,0
2193000,2193,6.962,0.127,232.694,0
2193250,2193.25,6.975,0.127,232.675,0
2193500,2193.5,6.975,0.127,232.691,0
2193750,2193.75,6.477,0.127,232.668,0
2194000,2194,6.209,0.127,232.697,0
2194250,2194.25,6.975,0.127,232.679,0
2194500,2194.5,6.975,0.127,232.688,0
2194750,2194.75,6.173,0.126,232.691,0
2195000,2195,6.439,0.126,232.69,0
2195250,2195.25,6.975,0.127,232.684,0
2195500,2195.5,6.975,0.127,232.698,0
2195750,2195.75,5.916,0.126,232.7,0
2196000,2196,6.709,0.127,232.694,0
2196250,2196.25,6.975,0.127,232.693,0
2196500,2196.5,6.975,0.127,232.688,0
2196750,2196.75,6.94,0.127,232.678,0
2197000,2197,5.669,0.127,232.674,0
2197250,2197.25,6.969,0.127,232.677,0
2197500,2197.5,6.975,0.127,232.677,0
2197750,2197.75,6.731,0.127,232.656,0
2198000,2198,5.946,0.127,232.695,0
2198250,2198.25,6.975,0.127,232.721,0
2198500,2198.5,6.975,0.126,232.679,0
2198750,2198.75,6.428,0.127,232.685,0
2199000,2199,6.161,0.127,232.704,0
2199250,2199.25,6.161,0.127,232.704,0
2199500,2199.5,6.975,0.127,232.683,0
2199750,2199.75,6.975,0.127,232.68,0
2200000,2200,6.184,0.127,232.657,0
2200250,2200.25,6.433,0.127,232.685,0
2200500,2200.5,6.975,0.127,232.68,0
2200750,2200.75,6.975,0.127,232.701,0
2201000,2201,5.929,0.127,232.688,0
2201250,2201.25,6.726,0.127,232.665,0
2201500,2201.5,6.975,0.127,232.679,0
2201750,2201.75,6.975,0.127,232.683,0
2202000,2202,6.94,0.126,232.683,0
2202250,2202.25,5.696,0.127,232.682,0
2202500,2202.5,6.969,0.126,232.684,0
2202750,2202.75,6.975,0.126,232.707,0
2203000,2203,6.705,0.127,232.689,0
2203250,2203.25,5.895,0.127,232.685,0
2203500,2203.5,6.975,0.127,232.707,0
2203750,2203.75,6.975,0.127,232.702,0
2204000,2204,6.975,0.127,232.686,0
2204250,2204.25,6.101,0.126,232.699,0
2204500,2204.5,6.576,0.127,232.722,0
2204750,2204.75,6.975,0.127,232.719,0
2205000,2205,6.975,0.127,232.7,0
2205250,2205.25,5.786,0.127,232.687,0
2205500,2205.5,6.814,0.127,232.692,0
2205750,2205.75,6.814,0.127,232.692,0
2206000,2206,6.975,0.127,232.712,0
2206250,2206.25,5.926,0.127,232.708,0
2206500,2206.5,6.672,0.126,232.712,0
2206750,2206.75,6.975,0.127,232.721,0
2207000,2207,6.975,0.127,232.732,0
2207250,2207.25,5.726,0.127,232.702,0
2207500,2207.5,6.902,0.127,232.706,0
2207750,2207.75,6.975,0.127,232.69,0
2208000,2208,6.975,0.126,232.664,0
2208250,2208.25,5.642,0.127,232.696,0
2208500,2208.5,6.958,0.127,232.695,0
2208750,2208.75,6.975,0.127,232.671,0
2209000,2209,6.853,0.127,232.701,0
2209250,2209.25,5.75,0.127,232.676,0
2209500,2209.5,6.973,0.127,232.718,0
2209750,2209.75,6.975,0.127,232.712,0
2210000,2210,6.618,0.126,232.696,0
2210250,2210.25,6.04,0.127,232.71,0
2210500,2210.5,6.975,0.126,232.691,0
2210750,2210.75,6.975,0.127,232.667,0
2211000,2211,6.401,0.127,232.689,0
2211250,2211.25,6.281,0.127,232.709,0
2211500,2211.5,6.975,0.127,232.711,0
2211750,2211.75,6.515,0.127,232.714,0
2212000,2212,6.163,0.127,232.722,0
2212250,2212.25,6.163,0.127,232.722,0
2212500,2212.5,6.975,0.127,232.674,0
2212750,2212.75,6.975,0.127,232.702,0
2213000,2213,6.236,0.127,232.698,0
2213250,2213.25,6.388,0.127,232.723,0
2213500,2213.5,6.975,0.127,232.703,0
2213750,2213.75,6.975,0.127,232.695,0
2214000,2214,6.975,0.127,232.702,0
2214250,2214.25,6.853,0.127,232.733,0
2214500,2214.5,5.792,0.127,232.713,0
2214750,2214.75,6.972,0.127,232.703,0
2215000,2215,6.975,0.127,232.692,0
2215250,2215.25,6.596,0.127,232.709,0
2215500,2215.5,6.03,0.127,232.701,0
2215750,2215.75,6.975,0.127,232.71,0
2216000,2216,6.975,0.127,232.69,0
2216250,2216.25,6.356,0.127,232.71,0
2216500,2216.5,6.255,0.127,232.721,0
2216750,2216.75,6.975,0.127,232.694,0
2217000,2217,6.975,0.127,232.705,0
2217250,2217.25,6.068,0.127,232.707,0
2217500,2217.5,6.53,0.127,232.708,0
2217750,2217.75,6.975,0.127,232.706,0
2218000,2218,6.975,0.127,232.687,0
2218250,2218.25,5.8,0.127,232.685,0
2218500,2218.5,6.825,0.126,232.679,0
2218750,2218.75,6.825,0.126,232.679,0
2219000,2219,6.975,0.127,232.687,0
2219250,2219.25,6.975,0.127,232.674,0
2219500,2219.5,5.66,0.127,232.694,0
2219750,2219.75,6.941,0.127,232.71,0
2220000,2220,6.975,0.127,232.681,0
2220250,2220.25,6.975,0.127,232.707,0
2220500,2220.5,6.596,0.127,232.709,0
2220750,2220.75,6.014,0.127,232.679,0
2221000,2221,6.975,0.127,232.715,0
2221250,2221.25,6.975,0.127,232.718,0
2221500,2221.5,6.975,0.127,232.722,0
2221750,2221.75,5.938,0.127,232.695,0
2222000,2222,6.687,0.127,232.677,0
2222250,2222.25,6.975,0.127,232.675,0
2222500,2222.5,6.084,0.127,232.695,0
2222750,2222.75,6.549,0.127,232.721,0
2223000,2223,6.975,0.127,232.718,0
2223250,2223.25,6.975,0.127,232.708,0
2223500,2223.5,6.975,0.127,232.69,0
2223750,2223.75,6.792,0.128,232.703,0
2224000,2224,5.886,0.128,232.674,0
2224250,2224.25,6.974,0.128,232.691,0
2224500,2224.5,6.975,0.128,232.697,0
2224750,2224.75,6.975,0.129,232.703,0
2225000,2225,6.975,0.128,232.699,0
2225250,2225.25,6.975,0.128,232.699,0
2225500,2225.5,6.94,0.128,232.705,0
2225750,2225.75,5.637,0.128,232.7,0
2226000,2226,6.967,0.128,232.723,0
2226250,2226.25,6.975,0.128,232.669,0
2226500,2226.5,6.975,0.128,232.702,0
2226750,2226.75,6.975,0.128,232.686,0
2227000,2227,6.975,0.127,232.714,0
2227250,2227.25,5.662,0.127,232.726,0
2227500,2227.5,6.941,0.127,232.723,0
2227750,2227.75,6.975,0.127,232.679,0
2228000,2228,6.94,0.127,232.706,0
2228250,2228.25,5.619,0.127,232.732,0
2228500,2228.5,6.966,0.127,232.709,0
2228750,2228.75,6.975,0.127,232.711,0
2229000,2229,6.975,0.126,232.682,0
2229250,2229.25,6.374,0.127,232.697,0
2229500,2229.5,6.255,0.127,232.709,0
2229750,2229.75,6.975,0.127,232.698,0
2230000,2230,6.975,0.127,232.734,0
2230250,2230.25,6.113,0.127,232.692,0
2230500,2230.5,6.539,0.127,232.707,0
2230750,2230.75,6.975,0.127,232.698,0
2231000,2231,6.251,0.127,232.683,0
2231250,2231.25,6.401,0.127,232.701,0
2231500,2231.5,6.975,0.127,232.698,0
2231750,2231.75,6.975,0.127,232.698,0
2232000,2232,6.975,0.127,232.7,0
2232250,2232.25,6.975,0.127,232.699,0
2232500,2232.5,5.595,0.127,232.707,0
2232750,2232.75,6.944,0.127,232.725,0
2233000,2233,6.975,0.127,232.703,0
2233250,2233.25,6.975,0.127,232.689,0
2233500,2233.5,5.647,0.127,232.695,0
2233750,2233.75,6.967,0.127,232.72,0
2234000,2234,6.975,0.127,232.724,0
2234250,2234.25,6.975,0.127,232.69,0
2234500,2234.5,6.36,0.127,232.704,0
2234750,2234.75,6.237,0.127,232.715,0
2235000,2235,6.975,0.127,232.698,0
2235250,2235.25,6.975,0.127,232.715,0
2235500,2235.5,6.975,0.127,232.673,0
2235750,2235.75,5.672,0.127,232.677,0
2236000,2236,6.891,0.127,232.706,0
2236250,2236.25,6.975,0.127,232.7,0
2236500,2236.5,6.975,0.127,232.698,0
2236750,2236.75,5.662,0.127,232.717,0
2237000,2237,6.956,0.127,232.708,0
2237250,2237.25,6.975,0.127,232.679,0
2237500,2237.5,6.975,0.127,232.688,0
2237750,2237.75,6.523,0.127,232.698,0
2238000,2238,6.161,0.127,232.68,0
2238250,2238.25,6.161,0.127,232.68,0
2238500,2238.5,6.975,0.127,232.723,0
2238750,2238.75,6.975,0.127,232.695,0
2239000,2239,6.221,0.127,232.736,0
2239250,2239.25,6.396,0.127,232.69,0
2239500,2239.5,6.975,0.127,232.677,0
2239750,2239.75,6.975,0.126,232.681,0
2240000,2240,5.938,0.127,232.723,0
2240250,2240.25,6.689,0.127,232.725,0
2240500,2240.5,6.975,0.127,232.678,0
2240750,2240.75,6.975,0.127,232.686,0
2241000,2241,5.674,0.127,232.703,0
2241250,2241.25,6.899,0.127,232.697,0
2241500,2241.5,6.975,0.127,232.694,0
2241750,2241.75,6.975,0.127,232.686,0
2242000,2242,5.592,0.127,232.72,0
2242250,2242.25,6.959,0.127,232.696,0
2242500,2242.5,6.975,0.127,232.7,0
2242750,2242.75,6.888,0.127,232.714,0
2243000,2243,5.76,0.127,232.688,0
2243250,2243.25,6.972,0.127,232.681,0
2243500,2243.5,6.975,0.127,232.73,0
2243750,2243.75,6.653,0.126,232.702,0
2244000,2244,6.013,0.127,232.701,0
2244250,2244.25,6.975,0.127,232.699,0
2244500,2244.5,6.975,0.126,232.722,0
2244750,2244.75,6.975,0.126,232.722,0
2245000,2245,6.975,0.127,232.717,0
2245250,2245.25,5.938,0.127,232.695,0
2245500,2245.5,6.687,0.127,232.713,0
2245750,2245.75,6.975,0.127,232.731,0
2246000,2246,6.975,0.127,232.696,0
2246250,2246.25,5.711,0.127,232.707,0
2246500,2246.5,6.907,0.127,232.707,0
2246750,2246.75,6.975,0.127,232.703,0
2247000,2247,6.975,0.127,232.706,0
2247250,2247.25,6.775,0.127,232.728,0
2247500,2247.5,5.873,0.127,232.708,0
2247750,2247.75,6.974,0.127,232.709,0
2248000,2248,6.975,0.127,232.712,0
2248250,2248.25,6.474,0.128,232.715,0
2248500,2248.5,6.124,0.127,232.709,0
2248750,2248.75,6.975,0.127,232.682,0
2249000,2249,6.975,0.127,232.699,0
2249250,2249.25,6.206,0.127,232.714,0
2249500,2249.5,6.396,0.127,232.707,0
2249750,2249.75,6.975,0.127,232.701,0
2250000,2250,6.975,0.127,232.712,0
2250250,2250.25,5.971,0.127,232.708,0
2250500,2250.5,6.695,0.127,232.691,0
2250750,2250.75,6.975,0.127,232.709,0
2251000,2251,6.975,0.127,232.687,0
2251250,2251.25,6.975,0.127,232.687,0
2251500,2251.5,5.668,0.127,232.702,0
2251750,2251.75,6.913,0.127,232.718,0
2252000,2252,6.975,0.127,232.735,0
2252250,2252.25,6.975,0.127,232.706,0
2252500,2252.5,5.658,0.127,232.7,0
2252750,2252.75,6.96,0.127,232.72,0
2253000,2253,6.975,0.127,232.702,0
2253250,2253.25,6.87,0.127,232.714,0
2253500,2253.5,5.775,0.127,232.722,0
2253750,2253.75,6.974,0.126,232.698,0
2254000,2254,6.975,0.127,232.693,0
2254250,2254.25,5.7,0.127,232.681,0
2254500,2254.5,6.97,0.127,232.716,0
2254750,2254.75,6.975,0.127,232.695,0
2255000,2255,6.975,0.127,232.713,0
2255250,2255.25,6.328,0.127,232.713,0
2255500,2255.5,6.297,0.126,232.711,0
2255750,2255.75,6.975,0.127,232.686,0
2256000,2256,6.975,0.127,232.695,0
2256250,2256.25,6.08,0.127,232.7,0
2256500,2256.5,6.53,0.127,232.69,0
2256750,2256.75,6.975,0.127,232.712,0
2257000,2257,6.202,0.127,232.741,0
2257250,2257.25,6.396,0.127,232.686,0
2257500,2257.5,6.975,0.127,232.677,0
2257750,2257.75,6.975,0.127,232.677,0
2258000,2258,6.975,0.127,232.692,0
2258250,2258.25,6.975,0.127,232.703,0
2258500,2258.5,5.635,0.127,232.675,0
2258750,2258.75,6.941,0.127,232.697,0
2259000,2259,6.975,0.127,232.676,0
2259250,2259.25,6.975,0.127,232.695,0
2259500,2259.5,6.596,0.127,232.698,0
2259750,2259.75,6.032,0.127,232.671,0
2260000,2260,6.975,0.126,232.695,0
2260250,2260.25,6.975,0.127,232.697,0
2260500,2260.5,6.355,0.126,232.682,0
2260750,2260.75,6.259,0.127,232.668,0
2261000,2261,6.975,0.127,232.688,0
2261250,2261.25,6.975,0.127,232.718,0
2261500,2261.5,6.066,0.127,232.72,0
2261750,2261.75,6.622,0.127,232.698,0
2262000,2262,6.975,0.127,232.72,0
2262250,2262.25,6.975,0.127,232.712,0
2262500,2262.5,5.775,0.127,232.723,0
2262750,2262.75,6.849,0.127,232.672,0
2263000,2263,6.975,0.127,232.697,0
2263250,2263.25,6.975,0.127,232.707,0
2263500,2263.5,6.801,0.127,232.688,0
2263750,2263.75,5.777,0.127,232.712,0
2264000,2264,6.974,0.127,232.705,0
2264250,2264.25,6.974,0.127,232.705,0
2264500,2264.5,6.975,0.127,232.698,0
2264750,2264.75,6.605,0.127,232.73,0
2265000,2265,5.992,0.127,232.721,0
2265250,2265.25,6.975,0.127,232.709,0
2265500,2265.5,6.975,0.127,232.713,0
2265750,2265.75,6.342,0.127,232.714,0
2266000,2266,6.275,0.127,232.731,0
2266250,2266.25,6.975,0.127,232.702,0
2266500,2266.5,6.975,0.127,232.712,0
2266750,2266.75,6.019,0.127,232.699,0
2267000,2267,6.573,0.127,232.712,0
2267250,2267.25,6.975,0.127,232.704,0
2267500,2267.5,6.975,0.127,232.708,0
2267750,2267.75,5.79,0.127,232.705,0
2268000,2268,6.829,0.127,232.7,0
2268250,2268.25,6.975,0.127,232.695,0
2268500,2268.5,6.975,0.127,232.713,0
2268750,2268.75,5.622,0.127,232.705,0
2269000,2269,6.942,0.126,232.694,0
2269250,2269.25,6.975,0.127,232.696,0
2269500,2269.5,6.94,0.127,232.729,0
2269750,2269.75,5.653,0.127,232.701,0
2270000,2270,6.967,0.127,232.696,0
2270250,2270.25,6.975,0.127,232.713,0
2270500,2270.5,6.975,0.127,232.699,0
2270750,2270.75,6.975,0.127,232.699,0
2271000,2271,6.975,0.127,232.699,0
2271250,2271.25,5.928,0.127,232.689,0
2271500,2271.5,6.742,0.127,232.715,0
2271750,2271.75,6.975,0.127,232.72,0
2272000,2272,6.975,0.127,232.707,0
2272250,2272.25,5.697,0.127,232.711,0
2272500,2272.5,6.91,0.127,232.732,0
2272750,2272.75,6.975,0.127,232.716,0
2273000,2273,6.975,0.127,232.708,0
2273250,2273.25,6.74,0.127,232.713,0
2273500,2273.5,5.912,0.127,232.713,0
2273750,2273.75,6.975,0.127,232.736,0
2274000,2274,6.975,0.127,232.712,0
2274250,2274.25,6.975,0.127,232.694,0
2274500,2274.5,6.066,0.127,232.706,0
2274750,2274.75,6.586,0.127,232.717,0
2275000,2275,6.975,0.127,232.724,0
2275250,2275.25,6.975,0.127,232.729,0
2275500,2275.5,5.777,0.127,232.684,0
2275750,2275.75,6.849,0.127,232.708,0
2276000,2276,6.975,0.127,232.705,0
2276250,2276.25,6.975,0.127,232.721,0
2276500,2276.5,5.685,0.127,232.71,0
2276750,2276.75,6.947,0.127,232.717,0
2277000,2277,6.975,0.127,232.679,0
2277250,2277.25,6.975,0.127,232.679,0
2277500,2277.5,6.975,0.127,232.699,0
2277750,2277.75,5.668,0.127,232.711,0
2278000,2278,6.968,0.127,232.711,0
2278250,2278.25,6.975,0.127,232.702,0
2278500,2278.5,6.975,0.127,232.724,0
2278750,2278.75,6.975,0.127,232.69,0
2279000,2279,5.952,0.127,232.7,0
2279250,2279.25,6.701,0.127,232.698,0
2279500,2279.5,6.975,0.127,232.702,0
2279750,2279.75,6.975,0.127,232.689,0
2280000,2280,5.668,0.127,232.696,0
2280250,2280.25,6.909,0.127,232.711,0
2280500,2280.5,6.975,0.127,232.731,0
2280750,2280.75,6.975,0.127,232.726,0
2281000,2281,5.633,0.127,232.715,0
2281250,2281.25,6.962,0.127,232.708,0
2281500,2281.5,6.975,0.127,232.702,0
2281750,2281.75,6.87,0.127,232.722,0
2282000,2282,5.77,0.127,232.723,0
2282250,2282.25,6.973,0.126,232.717,0
2282500,2282.5,6.975,0.127,232.721,0
2282750,2282.75,6.975,0.127,232.692,0
2283000,2283,6.247,0.127,232.723,0
2283250,2283.25,6.42,0.127,232.726,0
2283500,2283.5,6.975,0.127,232.713,0
2283750,2283.75,6.975,0.127,232.713,0
2284000,2284,6.975,0.127,232.729,0
2284250,2284.25,5.962,0.127,232.701,0
2284500,2284.5,6.672,0.126,232.728,0
2284750,2284.75,6.975,0.127,232.705,0
2285000,2285,6.975,0.127,232.72,0
2285250,2285.25,5.73,0.127,232.722,0
2285500,2285.5,6.901,0.127,232.726,0
2285750,2285.75,6.975,0.127,232.699,0
2286000,2286,6.975,0.127,232.705,0
2286250,2286.25,5.635,0.127,232.717,0
2286500,2286.5,6.956,0.127,232.689,0
2286750,2286.75,6.975,0.127,232.703,0
2287000,2287,6.975,0.127,232.686,0
2287250,2287.25,6.523,0.127,232.692,0
2287500,2287.5,6.144,0.127,232.721,0
2287750,2287.75,6.975,0.127,232.695,0
2288000,2288,6.975,0.127,232.717,0
2288250,2288.25,6.221,0.127,232.716,0
2288500,2288.5,6.388,0.127,232.689,0
2288750,2288.75,6.975,0.127,232.699,0
2289000,2289,6.975,0.127,232.701,0
2289250,2289.25,5.948,0.126,232.711,0
2289500,2289.5,6.646,0.127,232.714,0
2289750,2289.75,6.975,0.127,232.72,0
2290000,2290,6.975,0.127,232.705,0
2290250,2290.25,6.975,0.127,232.705,0
2290500,2290.5,5.717,0.127,232.732,0
2290750,2290.75,6.881,0.127,232.696,0
2291000,2291,6.975,0.127,232.713,0
2291250,2291.25,6.975,0.127,232.717,0
2291500,2291.5,6.766,0.127,232.708,0
2291750,2291.75,5.839,0.127,232.706,0
2292000,2292,6.975,0.127,232.727,0
2292250,2292.25,6.975,0.127,232.697,0
2292500,2292.5,6.523,0.127,232.716,0
2292750,2292.75,6.124,0.127,232.696,0
2293000,2293,6.975,0.127,232.74,0
2293250,2293.25,6.975,0.127,232.722,0
2293500,2293.5,6.975,0.127,232.713,0
2293750,2293.75,5.858,0.127,232.692,0
2294000,2294,6.741,0.127,232.707,0
2294250,2294.25,6.975,0.127,232.708,0
2294500,2294.5,6.975,0.126,232.705,0
2294750,2294.75,5.709,0.126,232.732,0
2295000,2295,6.919,0.127,232.729,0
2295250,2295.25,6.975,0.127,232.712,0
2295500,2295.5,6.975,0.127,232.712,0
2295750,2295.75,5.639,0.127,232.752,0
2296000,2296,6.965,0.127,232.739,0
2296250,2296.25,6.975,0.127,232.722,0
2296500,2296.5,6.975,0.127,232.725,0
2296750,2296.75,6.975,0.127,232.725,0
2297000,2297,6.431,0.127,232.712,0
2297250,2297.25,6.227,0.127,232.727,0
2297500,2297.5,6.975,0.127,232.72,0
2297750,2297.75,6.975,0.127,232.741,0
2298000,2298,6.137,0.127,232.708,0
2298250,2298.25,6.535,0.127,232.738,0
2298500,2298.5,6.975,0.127,232.719,0
2298750,2298.75,6.975,0.127,232.721,0
2299000,2299,5.898,0.127,232.731,0
2299250,2299.25,6.783,0.127,232.735,0
2299500,2299.5,6.975,0.127,232.724,0
2299750,2299.75,6.975,0.127,232.717,0
2300000,2300,5.71,0.127,232.725,0
2300250,2300.25,6.914,0.127,232.746,0
2300500,2300.5,6.975,0.127,232.734,0
2300750,2300.75,6.975,0.127,232.727,0
2301000,2301,6.714,0.127,232.73,0
2301250,2301.25,5.948,0.127,232.709,0
2301500,2301.5,6.975,0.127,232.729,0
2301750,2301.75,6.975,0.127,232.715,0
2302000,2302,6.975,0.127,232.741,0
2302250,2302.25,6.008,0.127,232.709,0
2302500,2302.5,6.581,0.127,232.716,0
2302750,2302.75,6.975,0.126,232.714,0
2303000,2303,6.975,0.127,232.705,0
2303250,2303.25,6.975,0.127,232.705,0
2303500,2303.5,5.782,0.127,232.72,0
2303750,2303.75,6.863,0.127,232.706,0
2304000,2304,6.975,0.127,232.718,0
2304250,2304.25,6.975,0.127,232.718,0
2304500,2304.5,6.853,0.127,232.716,0
2304750,2304.75,5.822,0.127,232.716,0
2305000,2305,6.973,0.127,232.731,0
2305250,2305.25,6.975,0.127,232.711,0
2305500,2305.5,6.579,0.127,232.715,0
2305750,2305.75,6.049,0.127,232.71,0
2306000,2306,6.975,0.127,232.733,0
2306250,2306.25,6.975,0.127,232.715,0
2306500,2306.5,6.975,0.126,232.721,0
2306750,2306.75,5.897,0.127,232.728,0
2307000,2307,6.715,0.127,232.721,0
2307250,2307.25,6.975,0.127,232.731,0
2307500,2307.5,6.975,0.127,232.726,0
2307750,2307.75,5.673,0.126,232.713,0
2308000,2308,6.917,0.127,232.708,0
2308250,2308.25,6.975,0.127,232.708,0
2308500,2308.5,6.975,0.127,232.708,0
2308750,2308.75,5.642,0.127,232.726,0
2309000,2309,6.959,0.127,232.725,0
2309250,2309.25,6.975,0.127,232.717,0
2309500,2309.5,5.579,0.127,232.746,0
2309750,2309.75,5.579,0.127,232.746,0
2310000,2310,6.951,0.127,232.723,0
2310250,2310.25,6.975,0.127,232.718,0
2310500,2310.5,5.65,0.126,232.729,0
2310750,2310.75,6.913,0.127,232.735,0
2311000,2311,6.975,0.127,232.731,0
2311250,2311.25,6.975,0.127,232.744,0
2311500,2311.5,6.723,0.127,232.722,0
2311750,2311.75,5.89,0.127,232.701,0
2312000,2312,6.975,0.127,232.725,0
2312250,2312.25,6.975,0.127,232.732,0
2312500,2312.5,6.486,0.127,232.705,0
2312750,2312.75,6.173,0.127,232.744,0
2313000,2313,6.975,0.127,232.724,0
2313250,2313.25,6.975,0.127,232.703,0
2313500,2313.5,6.228,0.127,232.729,0
2313750,2313.75,6.415,0.127,232.727,0
2314000,2314,6.975,0.127,232.724,0
2314250,2314.25,6.975,0.127,232.735,0
2314500,2314.5,5.944,0.127,232.697,0
2314750,2314.75,6.666,0.127,232.743,0
2315000,2315,6.975,0.127,232.717,0
2315250,2315.25,6.975,0.127,232.735,0
2315500,2315.5,6.94,0.127,232.728,0
2315750,2315.75,5.698,0.127,232.728,0
2316000,2316,6.97,0.127,232.735,0
2316250,2316.25,6.97,0.127,232.735,0
2316500,2316.5,6.975,0.127,232.711,0
2316750,2316.75,6.975,0.127,232.751,0
2317000,2317,6.315,0.127,232.713,0
2317250,2317.25,6.259,0.127,232.691,0
2317500,2317.5,6.975,0.126,232.72,0
2317750,2317.75,6.975,0.127,232.702,0
2318000,2318,6.104,0.127,232.712,0
2318250,2318.25,6.508,0.127,232.717,0
2318500,2318.5,6.975,0.127,232.735,0
2318750,2318.75,6.975,0.127,232.722,0
2319000,2319,5.833,0.127,232.742,0
2319250,2319.25,6.832,0.127,232.741,0
2319500,2319.5,6.975,0.127,232.718,0
2319750,2319.75,6.975,0.127,232.714,0
2320000,2320,5.634,0.126,232.728,0
2320250,2320.25,6.938,0.127,232.72,0
2320500,2320.5,6.975,0.126,232.722,0
2320750,2320.75,6.975,0.127,232.704,0
2321000,2321,6.666,0.127,232.728,0
2321250,2321.25,5.992,0.127,232.708,0
2321500,2321.5,6.975,0.126,232.722,0
2321750,2321.75,6.775,0.127,232.742,0
2322000,2322,5.867,0.127,232.715,0
2322250,2322.25,6.974,0.127,232.717,0
2322500,2322.5,6.975,0.127,232.724,0
2322750,2322.75,6.975,0.127,232.724,0
2323000,2323,6.582,0.127,232.717,0
2323250,2323.25,6.096,0.127,232.741,0
2323500,2323.5,6.975,0.127,232.737,0
2323750,2323.75,6.975,0.127,232.725,0
2324000,2324,6.261,0.127,232.71,0
2324250,2324.25,6.364,0.127,232.721,0
2324500,2324.5,6.975,0.127,232.708,0
2324750,2324.75,6.975,0.127,232.717,0
2325000,2325,5.997,0.127,232.685,0
2325250,2325.25,6.691,0.127,232.712,0
2325500,2325.5,6.975,0.127,232.706,0
2325750,2325.75,6.975,0.127,232.71,0
2326000,2326,5.708,0.127,232.715,0
2326250,2326.25,6.883,0.127,232.73,0
2326500,2326.5,6.975,0.127,232.706,0
2326750,2326.75,6.975,0.127,232.685,0
2327000,2327,6.836,0.127,232.712,0
2327250,2327.25,5.825,0.127,232.716,0
2327500,2327.5,6.975,0.127,232.714,0
2327750,2327.75,6.975,0.127,232.693,0
2328000,2328,6.54,0.127,232.725,0
2328250,2328.25,6.12,0.127,232.691,0
2328500,2328.5,6.975,0.127,232.717,0
2328750,2328.75,6.975,0.127,232.712,0
2329000,2329,6.975,0.128,232.718,0
2329250,2329.25,6.975,0.128,232.718,0
2329500,2329.5,5.891,0.127,232.699,0
2329750,2329.75,6.741,0.127,232.735,0
2330000,2330,6.975,0.127,232.738,0
2330250,2330.25,6.975,0.127,232.719,0
2330500,2330.5,5.663,0.127,232.734,0
2330750,2330.75,6.927,0.127,232.714,0
2331000,2331,6.975,0.127,232.692,0
2331250,2331.25,6.975,0.127,232.709,0
2331500,2331.5,5.654,0.126,232.709,0
2331750,2331.75,6.964,0.127,232.717,0
2332000,2332,6.975,0.127,232.684,0
2332250,2332.25,6.975,0.127,232.706,0
2332500,2332.5,6.469,0.127,232.711,0
2332750,2332.75,6.195,0.127,232.684,0
2333000,2333,6.975,0.127,232.715,0
2333250,2333.25,6.975,0.127,232.7,0
2333500,2333.5,6.126,0.127,232.707,0
2333750,2333.75,6.484,0.127,232.694,0
2334000,2334,6.975,0.127,232.711,0
2334250,2334.25,6.975,0.127,232.701,0
2334500,2334.5,5.879,0.127,232.692,0
2334750,2334.75,6.72,0.127,232.704,0
2335000,2335,6.975,0.126,232.689,0
2335250,2335.25,6.975,0.127,232.704,0
2335500,2335.5,5.692,0.127,232.699,0
2335750,2335.75,5.692,0.127,232.699,0
2336000,2336,6.917,0.128,232.72,0
2336250,2336.25,6.975,0.128,232.673,0
2336500,2336.5,6.975,0.127,232.667,0
2336750,2336.75,6.975,0.128,232.684,0
2337000,2337,6.341,0.128,232.699,0
2337250,2337.25,6.346,0.128,232.714,0
2337500,2337.5,6.975,0.128,232.707,0
2337750,2337.75,6.975,0.128,232.714,0
2338000,2338,6.975,0.129,232.691,0
2338250,2338.25,6.905,0.128,232.711,0
2338500,2338.5,5.685,0.128,232.726,0
2338750,2338.75,6.97,0.128,232.713,0
2339000,2339,6.975,0.128,232.701,0
2339250,2339.25,6.975,0.128,232.694,0
2339500,2339.5,6.975,0.127,232.667,0
2339750,2339.75,5.92,0.128,232.683,0
2340000,2340,6.76,0.128,232.696,0
2340250,2340.25,6.975,0.128,232.705,0
2340500,2340.5,6.975,0.127,232.686,0
2340750,2340.75,6.975,0.128,232.723,0
2341000,2341,6.562,0.128,232.696,0
2341250,2341.25,6.031,0.127,232.665,0
2341500,2341.5,6.975,0.127,232.682,0
2341750,2341.75,6.975,0.127,232.71,0
2342000,2342,6.32,0.127,232.707,0
2342250,2342.25,6.32,0.127,232.707,0
2342500,2342.5,6.295,0.127,232.688,0
2342750,2342.75,6.975,0.127,232.696,0
2343000,2343,6.975,0.127,232.695,0
2343250,2343.25,6.058,0.127,232.676,0
2343500,2343.5,6.622,0.127,232.679,0
2343750,2343.75,6.975,0.127,232.677,0
2344000,2344,6.975,0.128,232.7,0
2344250,2344.25,6.975,0.128,232.716,0
2344500,2344.5,5.642,0.128,232.695,0
2344750,2344.75,6.963,0.128,232.71,0
2345000,2345,6.975,0.128,232.735,0
2345250,2345.25,6.975,0.128,232.711,0
2345500,2345.5,6.975,0.128,232.714,0
2345750,2345.75,6.035,0.128,232.7,0
2346000,2346,6.577,0.128,232.696,0
2346250,2346.25,6.975,0.128,232.692,0
2346500,2346.5,6.975,0.128,232.693,0
2346750,2346.75,6.975,0.127,232.731,0
2347000,2347,6.975,0.128,232.715,0
2347250,2347.25,6.38,0.128,232.709,0
2347500,2347.5,6.316,0.128,232.691,0
2347750,2347.75,6.975,0.127,232.709,0
2348000,2348,6.975,0.128,232.705,0
2348250,2348.25,6.975,0.128,232.703,0
2348500,2348.5,6.975,0.128,232.699,0
2348750,2348.75,6.975,0.128,232.699,0
2349000,2349,6.653,0.128,232.713,0
2349250,2349.25,5.997,0.128,232.693,0
2349500,2349.5,6.975,0.128,232.709,0
2349750,2349.75,6.975,0.128,232.727,0
2350000,2350,6.975,0.128,232.686,0
2350250,2350.25,5.928,0.128,232.723,0
2350500,2350.5,6.65,0.128,232.72,0
2350750,2350.75,6.975,0.127,232.704,0
2351000,2351,6.975,0.128,232.708,0
2351250,2351.25,6.975,0.127,232.703,0
2351500,2351.5,6.975,0.128,232.728,0
2351750,2351.75,6.975,0.127,232.693,0
2352000,2352,5.8,0.128,232.682,0
2352250,2352.25,6.825,0.128,232.683,0
2352500,2352.5,6.975,0.128,232.704,0
2352750,2352.75,6.975,0.128,232.716,0
2353000,2353,6.975,0.129,232.718,0
2353250,2353.25,6.499,0.128,232.729,0
2353500,2353.5,6.142,0.127,232.717,0
2353750,2353.75,6.975,0.128,232.712,0
2354000,2354,6.975,0.129,232.681,0
2354250,2354.25,6.975,0.128,232.707,0
2354500,2354.5,5.836,0.127,232.713,0
2354750,2354.75,6.823,0.127,232.718,0
2355000,2355,6.975,0.127,232.689,0
2355250,2355.25,6.975,0.127,232.689,0
2355500,2355.5,6.975,0.127,232.676,0
2355750,2355.75,6.87,0.127,232.683,0
2356000,2356,5.771,0.127,232.682,0
2356250,2356.25,6.972,0.127,232.714,0
2356500,2356.5,6.975,0.127,232.712,0
2356750,2356.75,6.627,0.126,232.713,0
2357000,2357,5.967,0.127,232.719,0
2357250,2357.25,6.975,0.127,232.703,0
2357500,2357.5,6.975,0.127,232.689,0
2357750,2357.75,6.41,0.127,232.707,0
2358000,2358,6.259,0.127,232.705,0
2358250,2358.25,6.975,0.128,232.714,0
2358500,2358.5,6.975,0.127,232.704,0
2358750,2358.75,6.172,0.127,232.691,0
2359000,2359,6.516,0.127,232.711,0
2359250,2359.25,6.975,0.127,232.692,0
2359500,2359.5,6.975,0.127,232.728,0
2359750,2359.75,6.975,0.127,232.717,0
2360000,2360,5.58,0.127,232.706,0
2360250,2360.25,6.955,0.127,232.699,0
2360500,2360.5,6.975,0.127,232.7,0
2360750,2360.75,6.975,0.127,232.694,0
2361000,2361,6.523,0.127,232.7,0
2361250,2361.25,6.055,0.127,232.684,0
2361500,2361.5,6.975,0.127,232.71,0
2361750,2361.75,6.975,0.127,232.71,0
2362000,2362,6.975,0.127,232.701,0
2362250,2362.25,6.275,0.127,232.706,0
2362500,2362.5,6.344,0.127,232.696,0
2362750,2362.75,6.975,0.127,232.712,0
2363000,2363,6.419,0.126,232.724,0
2363250,2363.25,6.207,0.127,232.714,0
2363500,2363.5,6.975,0.127,232.707,0
2363750,2363.75,6.975,0.127,232.695,0
2364000,2364,6.196,0.127,232.717,0
2364250,2364.25,6.488,0.127,232.717,0
2364500,2364.5,6.975,0.127,232.714,0
2364750,2364.75,6.975,0.127,232.688,0
2365000,2365,5.892,0.127,232.725,0
2365250,2365.25,6.733,0.127,232.724,0
2365500,2365.5,6.975,0.127,232.746,0
2365750,2365.75,6.975,0.127,232.696,0
2366000,2366,5.672,0.127,232.719,0
2366250,2366.25,6.927,0.127,232.721,0
2366500,2366.5,6.975,0.127,232.708,0
2366750,2366.75,6.975,0.127,232.711,0
2367000,2367,6.688,0.127,232.679,0
2367250,2367.25,5.899,0.127,232.711,0
2367500,2367.5,6.975,0.127,232.71,0
2367750,2367.75,6.975,0.127,232.713,0
2368000,2368,6.456,0.127,232.692,0
2368250,2368.25,6.456,0.127,232.692,0
2368500,2368.5,6.193,0.127,232.677,0
2368750,2368.75,6.975,0.127,232.698,0
2369000,2369,6.975,0.127,232.715,0
2369250,2369.25,6.196,0.127,232.691,0
2369500,2369.5,6.484,0.127,232.703,0
2369750,2369.75,6.975,0.127,232.705,0
2370000,2370,6.975,0.127,232.705,0
2370250,2370.25,6.975,0.127,232.719,0
2370500,2370.5,5.654,0.127,232.699,0
2370750,2370.75,6.946,0.127,232.705,0
2371000,2371,6.975,0.127,232.698,0
2371250,2371.25,5.722,0.127,232.712,0
2371500,2371.5,6.887,0.127,232.688,0
2371750,2371.75,6.975,0.126,232.678,0
2372000,2372,6.975,0.127,232.679,0
2372250,2372.25,6.714,0.127,232.695,0
2372500,2372.5,5.858,0.127,232.702,0
2372750,2372.75,6.975,0.127,232.712,0
2373000,2373,6.975,0.127,232.73,0
2373250,2373.25,6.486,0.127,232.704,0
2373500,2373.5,6.137,0.126,232.721,0
2373750,2373.75,6.975,0.127,232.716,0
2374000,2374,6.975,0.127,232.702,0
2374250,2374.25,6.243,0.127,232.695,0
2374500,2374.5,6.419,0.127,232.709,0
2374750,2374.75,6.419,0.127,232.709,0
2375000,2375,6.975,0.127,232.689,0
2375250,2375.25,6.975,0.127,232.726,0
2375500,2375.5,6.975,0.127,232.721,0
2375750,2375.75,5.692,0.127,232.73,0
2376000,2376,6.934,0.127,232.69,0
2376250,2376.25,6.975,0.127,232.703,0
2376500,2376.5,6.975,0.127,232.709,0
2376750,2376.75,6.653,0.127,232.706,0
2377000,2377,6.029,0.127,232.705,0
2377250,2377.25,6.975,0.127,232.722,0
2377500,2377.5,6.975,0.127,232.722,0
2377750,2377.75,6.4,0.127,232.714,0
2378000,2378,6.277,0.126,232.711,0
2378250,2378.25,6.975,0.127,232.692,0
2378500,2378.5,6.975,0.127,232.676,0
2378750,2378.75,6.104,0.127,232.712,0
2379000,2379,6.526,0.127,232.714,0
2379250,2379.25,6.975,0.127,232.681,0
2379500,2379.5,6.975,0.127,232.691,0
2379750,2379.75,5.81,0.127,232.709,0
2380000,2380,6.79,0.127,232.714,0
2380250,2380.25,6.975,0.127,232.718,0
2380500,2380.5,6.975,0.127,232.714,0
2380750,2380.75,6.87,0.127,232.721,0
2381000,2381,5.733,0.127,232.705,0
2381250,2381.25,5.733,0.127,232.705,0
2381500,2381.5,6.972,0.127,232.696,0
2381750,2381.75,6.975,0.127,232.69,0
2382000,2382,6.67,0.127,232.69,0
2382250,2382.25,5.974,0.126,232.688,0
2382500,2382.5,6.975,0.127,232.694,0
2382750,2382.75,6.975,0.127,232.729,0
2383000,2383,6.382,0.127,232.705,0
2383250,2383.25,6.233,0.127,232.719,0
2383500,2383.5,6.975,0.126,232.725,0
2383750,2383.75,6.975,0.127,232.689,0
2384000,2384,6.132,0.127,232.712,0
2384250,2384.25,6.502,0.127,232.733,0
2384500,2384.5,6.975,0.127,232.734,0
2384750,2384.75,6.975,0.127,232.729,0
2385000,2385,6.975,0.127,232.724,0
2385250,2385.25,5.658,0.127,232.707,0
2385500,2385.5,6.952,0.127,232.716,0
2385750,2385.75,6.975,0.127,232.716,0
2386000,2386,6.888,0.127,232.732,0
2386250,2386.25,5.701,0.127,232.728,0
2386500,2386.5,6.971,0.126,232.731,0
2386750,2386.75,6.975,0.127,232.718,0
2387000,2387,6.714,0.127,232.718,0
2387250,2387.25,5.94,0.127,232.729,0
2387500,2387.5,6.975,0.127,232.719,0
2387750,2387.75,6.975,0.127,232.719,0
2388000,2388,6.975,0.127,232.719,0
2388250,2388.25,6.399,0.127,232.715,0
2388500,2388.5,6.209,0.126,232.687,0
2388750,2388.75,6.975,0.126,232.709,0
2389000,2389,6.975,0.127,232.707,0
2389250,2389.25,6.975,0.127,232.704,0
2389500,2389.5,5.71,0.127,232.707,0
2389750,2389.75,6.883,0.127,232.72,0
2390000,2390,6.975,0.127,232.697,0
2390250,2390.25,6.975,0.126,232.705,0
2390500,2390.5,5.587,0.127,232.713,0
2390750,2390.75,6.951,0.127,232.694,0
2391000,2391,6.975,0.127,232.689,0
2391250,2391.25,6.94,0.127,232.707,0
2391500,2391.5,5.703,0.127,232.704,0
2391750,2391.75,6.969,0.127,232.714,0
2392000,2392,6.975,0.127,232.703,0
2392250,2392.25,6.74,0.127,232.708,0
2392500,2392.5,5.944,0.127,232.719,0
2392750,2392.75,6.975,0.127,232.713,0
2393000,2393,6.975,0.127,232.721,0
2393250,2393.25,6.975,0.127,232.712,0
2393500,2393.5,6.054,0.127,232.705,0
2393750,2393.75,6.572,0.126,232.698,0
2394000,2394,6.975,0.127,232.735,0
2394250,2394.25,6.975,0.127,232.735,0
2394500,2394.5,6.975,0.127,232.699,0
2394750,2394.75,5.782,0.127,232.731,0
2395000,2395,6.861,0.127,232.691,0
2395250,2395.25,6.975,0.127,232.717,0
2395500,2395.5,6.975,0.127,232.703,0
2395750,2395.75,5.696,0.127,232.7,0
2396000,2396,6.947,0.127,232.7,0
2396250,2396.25,6.975,0.127,232.708,0
2396500,2396.5,6.94,0.127,232.661,0
2396750,2396.75,5.653,0.126,232.685,0
2397000,2397,6.967,0.127,232.677,0
2397250,2397.25,6.975,0.127,232.719,0
2397500,2397.5,6.975,0.127,232.712,0
2397750,2397.75,6.365,0.127,232.69,0
2398000,2398,6.258,0.126,232.711,0
2398250,2398.25,6.975,0.127,232.732,0
2398500,2398.5,6.975,0.127,232.724,0
2398750,2398.75,6.066,0.127,232.702,0
2399000,2399,6.586,0.127,232.699,0
2399250,2399.25,6.975,0.127,232.724,0
2399500,2399.5,6.975,0.127,232.724,0
2399750,2399.75,6.975,0.127,232.721,0
2400000,2400,5.574,0.127,232.718,0
2400250,2400.25,6.959,0.127,232.691,0
2400500,2400.5,6.975,0.126,232.704,0
2400750,2400.75,6.975,0.126,232.704,0
2401000,2401,6.853,0.126,232.694,0
2401250,2401.25,5.724,0.127,232.692,0
2401500,2401.5,6.972,0.127,232.677,0
2401750,2401.75,6.975,0.127,232.693,0
2402000,2402,6.975,0.127,232.701,0
2402250,2402.25,6.238,0.127,232.693,0
2402500,2402.5,6.388,0.127,232.687,0
2402750,2402.75,6.975,0.127,232.674,0
2403000,2403,6.975,0.127,232.709,0
2403250,2403.25,5.939,0.127,232.706,0
2403500,2403.5,6.65,0.127,232.715,0
2403750,2403.75,6.975,0.127,232.737,0
2404000,2404,6.975,0.126,232.731,0
2404250,2404.25,5.748,0.127,232.707,0
2404500,2404.5,6.897,0.127,232.702,0
2404750,2404.75,6.975,0.127,232.705,0
2405000,2405,6.975,0.127,232.709,0
2405250,2405.25,6.792,0.127,232.721,0
2405500,2405.5,5.881,0.127,232.734,0
2405750,2405.75,6.974,0.127,232.701,0
2406000,2406,6.975,0.127,232.715,0
2406250,2406.25,6.975,0.127,232.714,0
2406500,2406.5,6.113,0.127,232.723,0
2406750,2406.75,6.535,0.127,232.697,0
2407000,2407,6.975,0.127,232.707,0
2407250,2407.25,6.975,0.127,232.707,0
2407500,2407.5,6.975,0.127,232.707,0
2407750,2407.75,5.861,0.127,232.723,0
2408000,2408,6.792,0.127,232.692,0
2408250,2408.25,6.975,0.127,232.706,0
2408500,2408.5,6.975,0.127,232.712,0
2408750,2408.75,5.605,0.127,232.706,0
2409000,2409,6.938,0.127,232.678,0
2409250,2409.25,6.975,0.127,232.723,0
2409500,2409.5,5.69,0.127,232.726,0
2409750,2409.75,6.859,0.127,232.708,0
2410000,2410,6.975,0.127,232.726,0
2410250,2410.25,6.975,0.127,232.737,0
2410500,2410.5,5.615,0.127,232.692,0
2410750,2410.75,6.95,0.127,232.706,0
2411000,2411,6.975,0.127,232.73,0
2411250,2411.25,6.975,0.127,232.707,0
2411500,2411.5,6.588,0.127,232.691,0
2411750,2411.75,6.094,0.127,232.703,0
2412000,2412,6.975,0.127,232.72,0
2412250,2412.25,6.975,0.127,232.722,0
2412500,2412.5,6.975,0.127,232.726,0
2412750,2412.75,5.906,0.127,232.699,0
2413000,2413,6.746,0.127,232.691,0
2413250,2413.25,6.975,0.127,232.716,0
2413500,2413.5,6.975,0.127,232.715,0
2413750,2413.75,6.975,0.127,232.715,0
2414000,2414,5.679,0.127,232.685,0
2414250,2414.25,6.918,0.127,232.685,0
2414500,2414.5,6.975,0.127,232.689,0
2414750,2414.75,6.975,0.127,232.712,0
2415000,2415,5.624,0.127,232.715,0
2415250,2415.25,6.963,0.127,232.738,0
2415500,2415.5,6.975,0.127,232.718,0
2415750,2415.75,6.975,0.127,232.706,0
2416000,2416,6.434,0.127,232.715,0
2416250,2416.25,6.22,0.127,232.709,0
2416500,2416.5,6.975,0.127,232.691,0
2416750,2416.75,6.975,0.127,232.712,0
2417000,2417,6.169,0.127,232.718,0
2417250,2417.25,6.457,0.127,232.694,0
2417500,2417.5,6.975,0.127,232.72,0
2417750,2417.75,6.975,0.127,232.725,0
2418000,2418,6.975,0.127,232.683,0
2418250,2418.25,5.684,0.127,232.708,0
2418500,2418.5,6.951,0.127,232.69,0
2418750,2418.75,6.975,0.126,232.688,0
2419000,2419,6.905,0.127,232.725,0
2419250,2419.25,5.695,0.127,232.688,0
2419500,2419.5,6.971,0.127,232.719,0
2419750,2419.75,6.975,0.127,232.704,0
2420000,2420,6.723,0.127,232.716,0
2420250,2420.25,6.723,0.127,232.716,0
2420500,2420.5,5.898,0.127,232.716,0
2420750,2420.75,6.975,0.127,232.701,0
2421000,2421,6.975,0.127,232.706,0
2421250,2421.25,6.456,0.127,232.72,0
2421500,2421.5,6.123,0.127,232.701,0
2421750,2421.75,6.975,0.127,232.753,0
2422000,2422,6.975,0.127,232.723,0
2422250,2422.25,6.206,0.127,232.718,0
2422500,2422.5,6.447,0.127,232.718,0
2422750,2422.75,6.975,0.127,232.691,0
2423000,2423,6.975,0.127,232.715,0
2423250,2423.25,5.916,0.127,232.713,0
2423500,2423.5,6.711,0.127,232.735,0
2423750,2423.75,6.975,0.127,232.735,0
2424000,2424,6.975,0.127,232.704,0
2424250,2424.25,5.722,0.127,232.723,0
2424500,2424.5,6.909,0.127,232.706,0
2424750,2424.75,6.975,0.127,232.71,0
2425000,2425,6.975,0.127,232.699,0
2425250,2425.25,6.723,0.127,232.693,0
2425500,2425.5,5.887,0.127,232.69,0
2425750,2425.75,6.975,0.127,232.696,0
2426000,2426,6.975,0.127,232.71,0
2426250,2426.25,6.975,0.127,232.691,0
2426500,2426.5,6.105,0.127,232.72,0
2426750,2426.75,6.105,0.127,232.72,0
2427000,2427,6.575,0.127,232.718,0
2427250,2427.25,6.975,0.127,232.686,0
2427500,2427.5,6.975,0.126,232.712,0
2427750,2427.75,5.788,0.127,232.692,0
2428000,2428,6.802,0.127,232.667,0
2428250,2428.25,6.975,0.127,232.703,0
2428500,2428.5,6.975,0.127,232.67,0
2428750,2428.75,6.836,0.127,232.699,0
2429000,2429,5.778,0.127,232.69,0
2429250,2429.25,6.973,0.127,232.692,0
2429500,2429.5,6.975,0.127,232.678,0
2429750,2429.75,6.627,0.127,232.7,0
2430000,2430,6.039,0.127,232.707,0
2430250,2430.25,6.975,0.127,232.704,0
2430500,2430.5,6.975,0.127,232.691,0
2430750,2430.75,6.402,0.127,232.686,0
2431000,2431,6.281,0.127,232.702,0
2431250,2431.25,6.975,0.127,232.707,0
2431500,2431.5,6.975,0.127,232.705,0
2431750,2431.75,6.975,0.127,232.686,0
2432000,2432,5.734,0.127,232.705,0
2432250,2432.25,6.883,0.127,232.686,0
2432500,2432.5,6.975,0.127,232.681,0
2432750,2432.75,6.975,0.127,232.695,0
2433000,2433,6.775,0.127,232.689,0
2433250,2433.25,6.775,0.127,232.689,0
2433500,2433.5,5.884,0.127,232.701,0
2433750,2433.75,6.974,0.127,232.7,0
2434000,2434,6.888,0.127,232.712,0
2434250,2434.25,5.77,0.127,232.68,0
2434500,2434.5,6.971,0.127,232.684,0
2434750,2434.75,6.975,0.127,232.684,0
2435000,2435,6.975,0.127,232.697,0
2435250,2435.25,6.975,0.127,232.691,0
2435500,2435.5,5.824,0.127,232.682,0
2435750,2435.75,6.802,0.127,232.672,0
2436000,2436,6.975,0.127,232.697,0
2436250,2436.25,6.975,0.127,232.686,0
2436500,2436.5,5.595,0.127,232.685,0
2436750,2436.75,6.942,0.127,232.695,0
2437000,2437,6.975,0.127,232.686,0
2437250,2437.25,6.975,0.127,232.671,0
2437500,2437.5,5.689,0.127,232.702,0
2437750,2437.75,6.967,0.127,232.689,0
2438000,2438,6.975,0.127,232.723,0
2438250,2438.25,6.766,0.127,232.681,0
2438500,2438.5,5.853,0.127,232.685,0
2438750,2438.75,6.975,0.127,232.678,0
2439000,2439,6.975,0.127,232.703,0
2439250,2439.25,6.975,0.127,232.713,0
2439500,2439.5,6.1,0.127,232.704,0
2439750,2439.75,6.1,0.127,232.704,0
2440000,2440,6.526,0.127,232.702,0
2440250,2440.25,6.975,0.127,232.692,0
2440500,2440.5,6.975,0.127,232.71,0
2440750,2440.75,5.812,0.126,232.68,0
2441000,2441,6.79,0.127,232.709,0
2441250,2441.25,6.975,0.127,232.693,0
2441500,2441.5,6.975,0.127,232.693,0
2441750,2441.75,5.697,0.127,232.685,0
2442000,2442,6.93,0.127,232.708,0
2442250,2442.25,6.975,0.127,232.71,0
2442500,2442.5,6.94,0.127,232.716,0
2442750,2442.75,5.637,0.127,232.681,0
2443000,2443,6.966,0.127,232.682,0
2443250,2443.25,6.975,0.127,232.695,0
2443500,2443.5,6.792,0.128,232.685,0
2443750,2443.75,5.882,0.127,232.667,0
2444000,2444,6.974,0.127,232.696,0
2444250,2444.25,6.975,0.127,232.686,0
2444500,2444.5,6.491,0.127,232.717,0
2444750,2444.75,6.119,0.127,232.71,0
2445000,2445,6.975,0.127,232.697,0
2445250,2445.25,6.975,0.127,232.684,0
2445500,2445.5,6.252,0.127,232.693,0
2445750,2445.75,6.401,0.127,232.69,0
2446000,2446,6.975,0.126,232.708,0
2446250,2446.25,6.975,0.126,232.708,0
2446500,2446.5,6.975,0.126,232.692,0
2446750,2446.75,5.962,0.127,232.693,0
2447000,2447,6.664,0.127,232.685,0
2447250,2447.25,6.975,0.127,232.696,0
2447500,2447.5,6.975,0.127,232.686,0
2447750,2447.75,6.975,0.127,232.689,0
2448000,2448,5.648,0.128,232.706,0
2448250,2448.25,6.967,0.127,232.717,0
2448500,2448.5,6.975,0.127,232.707,0
2448750,2448.75,6.975,0.127,232.692,0
2449000,2449,6.409,0.127,232.682,0
2449250,2449.25,6.241,0.127,232.684,0
2449500,2449.5,6.975,0.127,232.687,0
2449750,2449.75,6.975,0.127,232.719,0
2450000,2450,6.088,0.127,232.691,0
2450250,2450.25,6.504,0.127,232.721,0
2450500,2450.5,6.975,0.127,232.722,0
2450750,2450.75,6.975,0.127,232.716,0
2451000,2451,5.855,0.127,232.698,0
2451250,2451.25,6.815,0.127,232.695,0
2451500,2451.5,6.975,0.127,232.707,0
2451750,2451.75,6.975,0.127,232.687,0
2452000,2452,5.672,0.127,232.698,0
2452250,2452.25,6.929,0.127,232.675,0
2452500,2452.5,6.975,0.127,232.717,0
2452750,2452.75,6.975,0.127,232.717,0
2453000,2453,6.975,0.127,232.691,0
2453250,2453.25,5.63,0.127,232.686,0
2453500,2453.5,6.965,0.127,232.679,0
2453750,2453.75,6.975,0.127,232.71,0
2454000,2454,6.975,0.127,232.715,0
2454250,2454.25,6.975,0.127,232.694,0
2454500,2454.5,5.999,0.127,232.684,0
2454750,2454.75,6.654,0.127,232.697,0
2455000,2455,6.975,0.127,232.681,0
2455250,2455.25,6.975,0.127,232.723,0
2455500,2455.5,5.708,0.127,232.706,0
2455750,2455.75,6.873,0.127,232.708,0
2456000,2456,6.975,0.127,232.719,0
2456250,2456.25,6.975,0.127,232.687,0
2456500,2456.5,5.654,0.127,232.707,0
2456750,2456.75,6.955,0.127,232.719,0
2457000,2457,6.975,0.127,232.706,0
2457250,2457.25,6.905,0.127,232.687,0
2457500,2457.5,5.747,0.127,232.697,0
2457750,2457.75,6.97,0.127,232.716,0
2458000,2458,6.975,0.127,232.681,0
2458250,2458.25,6.644,0.127,232.692,0
2458500,2458.5,5.964,0.127,232.708,0
2458750,2458.75,6.975,0.127,232.699,0
2459000,2459,6.975,0.127,232.688,0
2459250,2459.25,6.975,0.127,232.688,0
2459500,2459.5,6.975,0.127,232.688,0
2459750,2459.75,5.97,0.127,232.711,0
2460000,2460,6.646,0.127,232.707,0
2460250,2460.25,6.975,0.126,232.699,0
2460500,2460.5,6.975,0.127,232.692,0
2460750,2460.75,5.743,0.127,232.688,0
2461000,2461,6.873,0.127,232.698,0
2461250,2461.25,6.975,0.127,232.709,0
2461500,2461.5,6.975,0.127,232.708,0
2461750,2461.75,6.784,0.127,232.706,0
2462000,2462,5.829,0.127,232.7,0
2462250,2462.25,6.975,0.127,232.678,0
2462500,2462.5,6.975,0.127,232.707,0
2462750,2462.75,6.975,0.127,232.708,0
2463000,2463,6.178,0.127,232.689,0
2463250,2463.25,6.508,0.127,232.689,0
2463500,2463.5,6.975,0.127,232.739,0
2463750,2463.75,6.975,0.127,232.715,0
2464000,2464,5.883,0.127,232.705,0
2464250,2464.25,6.776,0.127,232.694,0
2464500,2464.5,6.975,0.127,232.706,0
2464750,2464.75,6.975,0.127,232.695,0
2465000,2465,5.697,0.128,232.696,0
2465250,2465.25,6.929,0.127,232.69,0
2465500,2465.5,6.975,0.127,232.679,0
2465750,2465.75,6.975,0.127,232.679,0
2466000,2466,6.975,0.128,232.688,0
2466250,2466.25,5.652,0.127,232.708,0
2466500,2466.5,6.964,0.127,232.674,0
2466750,2466.75,6.975,0.127,232.7,0
2467000,2467,6.801,0.126,232.704,0
2467250,2467.25,5.796,0.127,232.695,0
2467500,2467.5,6.974,0.127,232.698,0
2467750,2467.75,6.975,0.127,232.671,0
2468000,2468,6.584,0.127,232.695,0
2468250,2468.25,6.096,0.127,232.703,0
2468500,2468.5,6.975,0.127,232.694,0
2468750,2468.75,6.975,0.127,232.693,0
2469000,2469,6.288,0.127,232.683,0
2469250,2469.25,6.319,0.127,232.684,0
2469500,2469.5,6.975,0.127,232.683,0
2469750,2469.75,6.975,0.127,232.698,0
2470000,2470,6.03,0.127,232.686,0
2470250,2470.25,6.632,0.127,232.69,0
2470500,2470.5,6.975,0.127,232.68,0
2470750,2470.75,6.975,0.127,232.719,0
2471000,2471,6.94,0.127,232.707,0
2471250,2471.25,5.638,0.127,232.705,0
2471500,2471.5,6.966,0.127,232.699,0
2471750,2471.75,6.975,0.127,232.684,0
2472000,2472,6.975,0.127,232.698,0
2472250,2472.25,6.975,0.127,232.698,0
2472500,2472.5,6.454,0.127,232.695,0
2472750,2472.75,6.17,0.127,232.717,0
2473000,2473,6.975,0.127,232.734,0
2473250,2473.25,6.975,0.127,232.697,0
2473500,2473.5,6.179,0.127,232.719,0
2473750,2473.75,6.504,0.127,232.71,0
2474000,2474,6.975,0.127,232.718,0
2474250,2474.25,6.975,0.127,232.712,0
2474500,2474.5,6.975,0.126,232.729,0
2474750,2474.75,5.683,0.127,232.741,0
2475000,2475,6.951,0.127,232.684,0
2475250,2475.25,6.975,0.127,232.704,0
2475500,2475.5,6.905,0.127,232.698,0
2475750,2475.75,5.711,0.127,232.695,0
2476000,2476,6.97,0.127,232.684,0
2476250,2476.25,6.975,0.127,232.694,0
2476500,2476.5,6.975,0.127,232.696,0
2476750,2476.75,6.333,0.127,232.688,0
2477000,2477,6.35,0.127,232.7,0
2477250,2477.25,6.975,0.127,232.688,0
2477500,2477.5,6.975,0.127,232.731,0
2477750,2477.75,6.03,0.127,232.685,0
2478000,2478,6.622,0.128,232.688,0
2478250,2478.25,6.975,0.128,232.713,0
2478500,2478.5,6.975,0.129,232.716,0
2478750,2478.75,6.975,0.129,232.716,0
2479000,2479,6.975,0.129,232.697,0
2479250,2479.25,6.688,0.128,232.712,0
2479500,2479.5,5.906,0.128,232.676,0
2479750,2479.75,6.975,0.128,232.699,0
2480000,2480,6.975,0.128,232.699,0
2480250,2480.25,6.975,0.128,232.723,0
2480500,2480.5,6.975,0.128,232.696,0
2480750,2480.75,5.7,0.128,232.715,0
2481000,2481,6.917,0.128,232.679,0
2481250,2481.25,6.975,0.127,232.705,0
2481500,2481.5,6.975,0.128,232.718,0
2481750,2481.75,6.975,0.129,232.714,0
2482000,2482,6.975,0.128,232.733,0
2482250,2482.25,5.878,0.128,232.706,0
2482500,2482.5,6.754,0.128,232.714,0
2482750,2482.75,6.975,0.128,232.686,0
2483000,2483,6.975,0.128,232.705,0
2483250,2483.25,6.975,0.128,232.683,0
2483500,2483.5,6.601,0.128,232.699,0
2483750,2483.75,6.06,0.128,232.722,0
2484000,2484,6.975,0.128,232.703,0
2484250,2484.25,6.975,0.128,232.718,0
2484500,2484.5,6.975,0.127,232.69,0
2484750,2484.75,6.975,0.128,232.722,0
2485000,2485,5.618,0.129,232.73,0
2485250,2485.25,5.618,0.129,232.73,0
2485500,2485.5,6.946,0.129,232.72,0
2485750,2485.75,6.975,0.128,232.717,0
2486000,2486,6.975,0.128,232.735,0
2486250,2486.25,6.975,0.129,232.716,0
2486500,2486.5,6.975,0.128,232.719,0
2486750,2486.75,5.782,0.128,232.719,0
2487000,2487,6.863,0.128,232.701,0
2487250,2487.25,6.975,0.129,232.715,0
2487500,2487.5,6.975,0.128,232.713,0
2487750,2487.75,6.975,0.128,232.696,0
2488000,2488,6.441,0.128,232.697,0
2488250,2488.25,6.183,0.128,232.713,0
2488500,2488.5,6.975,0.128,232.668,0
2488750,2488.75,6.975,0.128,232.693,0
2489000,2489,6.975,0.128,232.702,0
2489250,2489.25,6.975,0.128,232.695,0
2489500,2489.5,5.606,0.128,232.695,0
2489750,2489.75,6.962,0.128,232.712,0
2490000,2490,6.975,0.128,232.738,0
2490250,2490.25,6.975,0.128,232.698,0
2490500,2490.5,6.975,0.128,232.739,0
2490750,2490.75,6.975,0.128,232.713,0
2491000,2491,6.94,0.128,232.701,0
2491250,2491.25,5.705,0.128,232.702,0
2491500,2491.5,6.969,0.128,232.715,0
2491750,2491.75,6.969,0.128,232.715,0
2492000,2492,6.975,0.128,232.711,0
2492250,2492.25,6.975,0.128,232.706,0
2492500,2492.5,6.975,0.128,232.692,0
2492750,2492.75,5.965,0.129,232.688,0
2493000,2493,6.724,0.128,232.711,0
2493250,2493.25,6.975,0.128,232.73,0
2493500,2493.5,6.975,0.129,232.708,0
2493750,2493.75,6.975,0.129,232.707,0
2494000,2494,6.562,0.128,232.73,0
2494250,2494.25,6.025,0.129,232.752,0
2494500,2494.5,6.975,0.128,232.734,0
2494750,2494.75,6.975,0.128,232.736,0
2495000,2495,6.975,0.128,232.729,0
2495250,2495.25,6.975,0.128,232.725,0
2495500,2495.5,6.975,0.128,232.716,0
2495750,2495.75,6.473,0.128,232.712,0
2496000,2496,6.187,0.128,232.71,0
2496250,2496.25,6.975,0.129,232.729,0
2496500,2496.5,6.975,0.129,232.726,0
2496750,2496.75,6.975,0.129,232.735,0
2497000,2497,6.975,0.128,232.714,0
2497250,2497.25,5.638,0.128,232.736,0
2497500,2497.5,6.96,0.128,232.696,0
2497750,2497.75,6.975,0.128,232.744,0
2498000,2498,6.975,0.128,232.737,0
2498250,2498.25,6.975,0.128,232.737,0
2498500,2498.5,6.975,0.129,232.706,0
2498750,2498.75,6.039,0.128,232.702,0
2499000,2499,6.577,0.128,232.715,0
2499250,2499.25,6.975,0.128,232.735,0
2499500,2499.5,6.975,0.129,232.722,0
2499750,2499.75,6.975,0.128,232.741,0
2500000,2500,6.749,0.127,232.72,0
2500250,2500.25,5.856,0.128,232.71,0
2500500,2500.5,6.975,0.129,232.686,0
2500750,2500.75,6.975,0.128,232.688,0
2501000,2501,6.975,0.128,232.716,0
2501250,2501.25,6.975,0.128,232.706,0
2501500,2501.5,5.722,0.128,232.703,0
2501750,2501.75,6.895,0.128,232.717,0
2502000,2502,6.975,0.128,232.689,0
2502250,2502.25,6.975,0.129,232.707,0
2502500,2502.5,6.975,0.129,232.712,0
2502750,2502.75,6.314,0.128,232.725,0
2503000,2503,6.281,0.128,232.685,0
2503250,2503.25,6.975,0.128,232.71,0
2503500,2503.5,6.975,0.128,232.706,0
2503750,2503.75,6.975,0.128,232.678,0
2504000,2504,6.94,0.128,232.7,0
2504250,2504.25,5.645,0.129,232.704,0
2504500,2504.5,6.967,0.129,232.731,0
2504750,2504.75,6.967,0.129,232.731,0
2505000,2505,6.975,0.128,232.727,0
2505250,2505.25,6.975,0.127,232.726,0
2505500,2505.5,6.975,0.127,232.728,0
2505750,2505.75,5.926,0.127,232.697,0
2506000,2506,6.738,0.127,232.705,0
2506250,2506.25,6.975,0.128,232.701,0
2506500,2506.5,6.975,0.127,232.704,0
2506750,2506.75,5.726,0.127,232.716,0
2507000,2507,6.903,0.127,232.719,0
2507250,2507.25,6.975,0.127,232.72,0
2507500,2507.5,6.975,0.127,232.711,0
2507750,2507.75,6.775,0.127,232.724,0
2508000,2508,5.881,0.127,232.702,0
2508250,2508.25,6.974,0.127,232.706,0
2508500,2508.5,6.975,0.127,232.712,0
2508750,2508.75,6.491,0.126,232.687,0
2509000,2509,6.123,0.127,232.701,0
2509250,2509.25,6.975,0.127,232.705,0
2509500,2509.5,6.975,0.127,232.705,0
2509750,2509.75,6.975,0.127,232.689,0
2510000,2510,5.812,0.127,232.703,0
2510250,2510.25,6.839,0.127,232.699,0
2510500,2510.5,6.975,0.127,232.72,0
2510750,2510.75,6.975,0.127,232.726,0
2511000,2511,5.603,0.127,232.715,0
2511250,2511.25,5.603,0.127,232.715,0
2511500,2511.5,6.943,0.127,232.72,0
2511750,2511.75,6.975,0.127,232.709,0
2512000,2512,6.94,0.127,232.713,0
2512250,2512.25,5.662,0.127,232.7,0
2512500,2512.5,6.968,0.127,232.704,0
2512750,2512.75,6.975,0.127,232.698,0
2513000,2513,6.722,0.126,232.697,0
2513250,2513.25,5.882,0.127,232.706,0
2513500,2513.5,6.975,0.127,232.705,0
2513750,2513.75,6.975,0.127,232.716,0
2514000,2514,6.477,0.127,232.719,0
2514250,2514.25,6.175,0.127,232.722,0
2514500,2514.5,6.975,0.127,232.726,0
2514750,2514.75,6.975,0.127,232.725,0
2515000,2515,6.975,0.127,232.701,0
2515250,2515.25,5.808,0.127,232.712,0
2515500,2515.5,6.841,0.127,232.704,0
2515750,2515.75,6.975,0.127,232.695,0
2516000,2516,6.975,0.127,232.692,0
2516250,2516.25,6.853,0.127,232.71,0
2516500,2516.5,5.746,0.127,232.698,0
2516750,2516.75,6.973,0.127,232.7,0
2517000,2517,6.975,0.127,232.673,0
2517250,2517.25,6.649,0.127,232.709,0
2517500,2517.5,5.995,0.127,232.675,0
2517750,2517.75,5.995,0.127,232.675,0
2518000,2518,6.975,0.127,232.715,0
2518250,2518.25,6.975,0.127,232.706,0
2518500,2518.5,6.374,0.127,232.679,0
2518750,2518.75,6.251,0.127,232.7,0
2519000,2519,6.975,0.127,232.7,0
2519250,2519.25,6.975,0.127,232.732,0
2519500,2519.5,6.111,0.127,232.715,0
2519750,2519.75,6.549,0.127,232.7,0
2520000,2520,6.975,0.127,232.713,0
2520250,2520.25,6.975,0.127,232.689,0
2520500,2520.5,5.814,0.127,232.714,0
2520750,2520.75,6.831,0.127,232.696,0
2521000,2521,6.975,0.127,232.691,0
2521250,2521.25,6.975,0.127,232.672,0
2521500,2521.5,6.905,0.127,232.706,0
2521750,2521.75,5.763,0.127,232.692,0
2522000,2522,6.972,0.127,232.701,0
2522250,2522.25,6.975,0.127,232.688,0
2522500,2522.5,5.664,0.127,232.691,0
2522750,2522.75,6.968,0.127,232.699,0
2523000,2523,6.975,0.127,232.712,0
2523250,2523.25,6.975,0.127,232.727,0
2523500,2523.5,6.975,0.127,232.706,0
2523750,2523.75,5.985,0.127,232.697,0
2524000,2524,6.691,0.127,232.724,0
2524250,2524.25,6.691,0.127,232.724,0
2524500,2524.5,6.975,0.127,232.703,0
2524750,2524.75,6.975,0.127,232.707,0
2525000,2525,5.672,0.127,232.723,0
2525250,2525.25,6.891,0.127,232.713,0
2525500,2525.5,6.975,0.127,232.702,0
2525750,2525.75,6.975,0.127,232.686,0
2526000,2526,6.766,0.127,232.715,0
2526250,2526.25,5.839,0.127,232.703,0
2526500,2526.5,6.975,0.127,232.704,0
2526750,2526.75,6.975,0.127,232.703,0
2527000,2527,6.536,0.127,232.73,0
2527250,2527.25,6.141,0.127,232.681,0
2527500,2527.5,6.975,0.127,232.679,0
2527750,2527.75,6.975,0.127,232.676,0
2528000,2528,6.238,0.127,232.708,0
2528250,2528.25,6.388,0.127,232.705,0
2528500,2528.5,6.975,0.127,232.679,0
2528750,2528.75,6.975,0.127,232.695,0
2529000,2529,5.993,0.127,232.691,0
2529250,2529.25,6.677,0.127,232.681,0
2529500,2529.5,6.975,0.127,232.685,0
2529750,2529.75,6.975,0.127,232.701,0
2530000,2530,5.734,0.127,232.692,0
2530250,2530.25,6.884,0.127,232.685,0
2530500,2530.5,6.975,0.127,232.704,0
2530750,2530.75,6.975,0.127,232.704,0
2531000,2531,6.975,0.128,232.692,0
2531250,2531.25,6.975,0.128,232.711,0
2531500,2531.5,6.411,0.128,232.711,0
2531750,2531.75,6.251,0.128,232.683,0
2532000,2532,6.975,0.128,232.698,0
2532250,2532.25,6.975,0.129,232.722,0
2532500,2532.5,6.975,0.129,232.679,0
2532750,2532.75,6.975,0.128,232.698,0
2533000,2533,5.637,0.128,232.697,0
2533250,2533.25,6.966,0.128,232.71,0
2533500,2533.5,6.975,0.129,232.716,0
2533750,2533.75,6.975,0.129,232.715,0
2534000,2534,6.975,0.128,232.697,0
2534250,2534.25,5.992,0.128,232.71,0
2534500,2534.5,6.677,0.128,232.704,0
2534750,2534.75,6.975,0.128,232.707,0
2535000,2535,6.975,0.129,232.689,0
2535250,2535.25,6.975,0.128,232.752,0
2535500,2535.5,6.975,0.128,232.711,0
2535750,2535.75,6.261,0.129,232.674,0
2536000,2536,6.366,0.129,232.69,0
2536250,2536.25,6.975,0.129,232.677,0
2536500,2536.5,6.975,0.128,232.679,0
2536750,2536.75,6.975,0.128,232.697,0
2537000,2537,5.639,0.129,232.675,0
2537250,2537.25,5.639,0.129,232.675,0
2537500,2537.5,6.934,0.128,232.693,0
2537750,2537.75,6.975,0.128,232.688,0
2538000,2538,6.975,0.127,232.676,0
2538250,2538.25,6.975,0.128,232.698,0
2538500,2538.5,6.975,0.129,232.701,0
2538750,2538.75,5.898,0.129,232.71,0
2539000,2539,6.802,0.128,232.72,0
2539250,2539.25,6.975,0.128,232.691,0
2539500,2539.5,6.975,0.128,232.694,0
2539750,2539.75,6.975,0.129,232.693,0
2540000,2540,6.495,0.128,232.679,0
2540250,2540.25,6.095,0.128,232.69,0
2540500,2540.5,6.975,0.127,232.672,0
2540750,2540.75,6.975,0.128,232.666,0
2541000,2541,6.975,0.129,232.718,0
2541250,2541.25,6.975,0.128,232.71,0
2541500,2541.5,6.836,0.128,232.692,0
2541750,2541.75,5.849,0.128,232.701,0
2542000,2542,6.974,0.128,232.711,0
2542250,2542.25,6.975,0.128,232.732,0
2542500,2542.5,6.975,0.129,232.698,0
2542750,2542.75,6.975,0.128,232.712,0
2543000,2543,5.76,0.128,232.702,0
2543250,2543.25,6.868,0.128,232.694,0
2543500,2543.5,6.975,0.129,232.7,0
2543750,2543.75,6.975,0.129,232.7,0
2544000,2544,6.975,0.128,232.701,0
2544250,2544.25,6.975,0.128,232.725,0
2544500,2544.5,6.395,0.129,232.707,0
2544750,2544.75,6.229,0.129,232.677,0
2545000,2545,6.975,0.129,232.687,0
2545250,2545.25,6.975,0.127,232.736,0
2545500,2545.5,6.975,0.128,232.7,0
2545750,2545.75,6.975,0.128,232.677,0
2546000,2546,5.601,0.128,232.721,0
2546250,2546.25,6.963,0.129,232.71,0
2546500,2546.5,6.975,0.129,232.726,0
2546750,2546.75,6.975,0.128,232.713,0
2547000,2547,6.975,0.128,232.704,0
2547250,2547.25,6.975,0.129,232.724,0
2547500,2547.5,5.714,0.128,232.728,0
2547750,2547.75,6.932,0.128,232.71,0
2548000,2548,6.975,0.129,232.698,0
2548250,2548.25,6.975,0.129,232.704,0
2548500,2548.5,6.975,0.128,232.696,0
2548750,2548.75,6.33,0.129,232.713,0
2549000,2549,6.366,0.129,232.721,0
2549250,2549.25,6.975,0.129,232.703,0
2549500,2549.5,6.975,0.128,232.721,0
2549750,2549.75,6.975,0.127,232.716,0
2550000,2550,6.975,0.127,232.714,0
2550250,2550.25,6.975,0.127,232.714,0
2550500,2550.5,6.975,0.128,232.705,0
2550750,2550.75,6.137,0.128,232.722,0
2551000,2551,6.444,0.128,232.712,0
2551250,2551.25,6.975,0.128,232.689,0
2551500,2551.5,6.975,0.128,232.727,0
2551750,2551.75,6.975,0.128,232.686,0
2552000,2552,6.801,0.128,232.703,0
2552250,2552.25,5.783,0.128,232.714,0
2552500,2552.5,6.974,0.128,232.715,0
2552750,2552.75,6.975,0.128,232.666,0
2553000,2553,6.975,0.128,232.687,0
2553250,2553.25,6.975,0.128,232.708,0
2553500,2553.5,5.768,0.129,232.709,0
2553750,2553.75,6.857,0.127,232.713,0
2554000,2554,6.975,0.128,232.691,0
2554250,2554.25,6.975,0.128,232.684,0
2554500,2554.5,6.975,0.128,232.696,0
2554750,2554.75,6.975,0.128,232.691,0
2555000,2555,6.017,0.127,232.679,0
2555250,2555.25,6.577,0.128,232.685,0
2555500,2555.5,6.975,0.128,232.708,0
2555750,2555.75,6.975,0.129,232.665,0
2556000,2556,6.975,0.128,232.69,0
2556250,2556.25,6.975,0.128,232.689,0
2556500,2556.5,6.297,0.129,232.707,0
2556750,2556.75,6.297,0.129,232.707,0
2557000,2557,6.346,0.128,232.699,0
2557250,2557.25,6.975,0.128,232.678,0
2557500,2557.5,6.975,0.128,232.69,0
2557750,2557.75,6.975,0.128,232.713,0
2558000,2558,6.905,0.128,232.679,0
2558250,2558.25,5.677,0.128,232.699,0
2558500,2558.5,6.97,0.127,232.697,0
2558750,2558.75,6.975,0.128,232.689,0
2559000,2559,6.975,0.128,232.705,0
2559250,2559.25,6.975,0.128,232.689,0
2559500,2559.5,6.975,0.128,232.685,0
2559750,2559.75,5.675,0.128,232.663,0
2560000,2560,6.945,0.129,232.707,0
2560250,2560.25,6.975,0.128,232.695,0
2560500,2560.5,6.975,0.129,232.693,0
2560750,2560.75,6.975,0.128,232.706,0
2561000,2561,6.183,0.127,232.726,0
2561250,2561.25,6.431,0.128,232.698,0
2561500,2561.5,6.975,0.129,232.698,0
2561750,2561.75,6.975,0.128,232.686,0
2562000,2562,6.975,0.128,232.688,0
2562250,2562.25,6.975,0.129,232.705,0
2562500,2562.5,6.499,0.128,232.695,0
2562750,2562.75,6.159,0.128,232.714,0
2563000,2563,6.975,0.128,232.707,0
2563250,2563.25,6.975,0.128,232.707,0
2563500,2563.5,6.975,0.128,232.682,0
2563750,2563.75,6.975,0.128,232.709,0
2564000,2564,6.975,0.128,232.694,0
2564250,2564.25,5.592,0.128,232.693,0
2564500,2564.5,6.959,0.128,232.706,0
2564750,2564.75,6.975,0.129,232.717,0
2565000,2565,6.975,0.128,232.678,0
2565250,2565.25,6.975,0.129,232.711,0
2565500,2565.5,6.975,0.128,232.709,0
2565750,2565.75,6.94,0.128,232.682,0
2566000,2566,5.662,0.129,232.684,0
2566250,2566.25,6.968,0.128,232.717,0
2566500,2566.5,6.975,0.129,232.725,0
2566750,2566.75,6.975,0.128,232.703,0
2567000,2567,6.975,0.128,232.716,0
2567250,2567.25,5.988,0.128,232.697,0
2567500,2567.5,6.677,0.129,232.688,0
2567750,2567.75,6.975,0.129,232.708,0
2568000,2568,6.975,0.129,232.708,0
2568250,2568.25,6.975,0.128,232.721,0
2568500,2568.5,6.975,0.128,232.703,0
2568750,2568.75,6.975,0.128,232.717,0
2569000,2569,5.814,0.129,232.703,0
2569250,2569.25,6.829,0.128,232.711,0
2569500,2569.5,6.975,0.128,232.704,0
2569750,2569.75,6.975,0.128,232.704,0
2570000,2570,6.975,0.128,232.704,0
2570250,2570.25,6.975,0.128,232.712,0
2570500,2570.5,6.495,0.128,232.694,0
2570750,2570.75,6.093,0.127,232.705,0
2571000,2571,6.975,0.128,232.705,0
2571250,2571.25,6.975,0.128,232.722,0
2571500,2571.5,6.975,0.128,232.708,0
2571750,2571.75,6.975,0.128,232.71,0
2572000,2572,5.582,0.128,232.707,0
2572250,2572.25,6.955,0.128,232.7,0
2572500,2572.5,6.975,0.128,232.728,0
2572750,2572.75,6.975,0.129,232.708,0
2573000,2573,6.975,0.128,232.747,0
2573250,2573.25,6.137,0.128,232.714,0
2573500,2573.5,6.483,0.128,232.718,0
2573750,2573.75,6.975,0.129,232.73,0
2574000,2574,6.975,0.13,232.711,0
2574250,2574.25,6.975,0.129,232.713,0
2574500,2574.5,6.975,0.129,232.735,0
2574750,2574.75,6.406,0.127,232.699,0
2575000,2575,6.183,0.128,232.746,0
2575250,2575.25,6.975,0.128,232.709,0
2575500,2575.5,6.975,0.128,232.709,0
2575750,2575.75,6.975,0.128,232.737,0
2576000,2576,6.975,0.128,232.729,0
2576250,2576.25,6.975,0.128,232.729,0
2576500,2576.5,6.696,0.129,232.707,0
2576750,2576.75,5.947,0.128,232.7,0
2577000,2577,6.975,0.128,232.742,0
2577250,2577.25,6.975,0.128,232.712,0
2577500,2577.5,6.975,0.129,232.703,0
2577750,2577.75,6.975,0.129,232.708,0
2578000,2578,6.975,0.128,232.717,0
2578250,2578.25,6.562,0.128,232.715,0
2578500,2578.5,6.048,0.128,232.73,0
2578750,2578.75,6.975,0.128,232.715,0
2579000,2579,6.975,0.129,232.733,0
2579250,2579.25,6.975,0.128,232.729,0
2579500,2579.5,6.975,0.128,232.72,0
2579750,2579.75,5.606,0.128,232.718,0
2580000,2580,6.942,0.128,232.72,0
2580250,2580.25,6.975,0.128,232.706,0
2580500,2580.5,6.975,0.128,232.72,0
2580750,2580.75,6.975,0.127,232.712,0
2581000,2581,6.975,0.127,232.713,0
2581250,2581.25,5.817,0.128,232.708,0
2581500,2581.5,6.825,0.128,232.704,0
2581750,2581.75,6.975,0.128,232.72,0
2582000,2582,6.975,0.128,232.725,0
2582250,2582.25,6.975,0.128,232.708,0
2582500,2582.5,6.462,0.128,232.709,0
2582750,2582.75,6.462,0.128,232.709,0
2583000,2583,6.162,0.127,232.709,0
2583250,2583.25,6.975,0.128,232.716,0
2583500,2583.5,6.975,0.128,232.716,0
2583750,2583.75,6.975,0.127,232.727,0
2584000,2584,6.975,0.128,232.722,0
2584250,2584.25,5.592,0.128,232.718,0
2584500,2584.5,6.953,0.128,232.727,0
2584750,2584.75,6.975,0.129,232.724,0
2585000,2585,6.975,0.129,232.73,0
2585250,2585.25,6.975,0.128,232.708,0
2585500,2585.5,6.113,0.128,232.722,0
2585750,2585.75,6.539,0.129,232.708,0
2586000,2586,6.975,0.128,232.705,0
2586250,2586.25,6.975,0.128,232.708,0
2586500,2586.5,6.975,0.128,232.709,0
2586750,2586.75,6.975,0.129,232.703,0
2587000,2587,6.378,0.128,232.71,0
2587250,2587.25,6.237,0.129,232.696,0
2587500,2587.5,6.975,0.128,232.719,0
2587750,2587.75,6.975,0.128,232.724,0
2588000,2588,6.975,0.128,232.722,0
2588250,2588.25,6.975,0.128,232.711,0
2588500,2588.5,5.673,0.128,232.704,0
2588750,2588.75,6.965,0.128,232.693,0
2589000,2589,6.975,0.128,232.714,0
2589250,2589.25,6.975,0.128,232.714,0
2589500,2589.5,6.975,0.128,232.706,0
2589750,2589.75,6.975,0.129,232.713,0
2590000,2590,5.989,0.128,232.704,0
2590250,2590.25,6.655,0.128,232.693,0
2590500,2590.5,6.975,0.127,232.736,0
2590750,2590.75,6.975,0.128,232.727,0
2591000,2591,6.975,0.129,232.708,0
2591250,2591.25,6.975,0.128,232.712,0
2591500,2591.5,6.288,0.129,232.694,0
2591750,2591.75,6.327,0.129,232.695,0
2592000,2592,6.975,0.128,232.704,0
2592250,2592.25,6.975,0.129,232.706,0
2592500,2592.5,6.975,0.128,232.694,0
2592750,2592.75,6.975,0.128,232.747,0
2593000,2593,6.975,0.128,232.721,0
2593250,2593.25,6.145,0.128,232.693,0
2593500,2593.5,6.48,0.128,232.678,0
2593750,2593.75,6.975,0.128,232.705,0
2594000,2594,6.975,0.129,232.721,0
2594250,2594.25,6.975,0.128,232.69,0
2594500,2594.5,6.836,0.129,232.68,0
2594750,2594.75,5.813,0.128,232.68,0
2595000,2595,6.973,0.128,232.72,0
2595250,2595.25,6.975,0.128,232.704,0
2595500,2595.5,6.975,0.129,232.702,0
2595750,2595.75,6.975,0.129,232.702,0
2596000,2596,6.975,0.128,232.708,0
2596250,2596.25,6.975,0.128,232.69,0
2596500,2596.5,5.624,0.128,232.723,0
2596750,2596.75,6.963,0.128,232.738,0
2597000,2597,6.975,0.128,232.699,0
2597250,2597.25,6.975,0.129,232.726,0
2597500,2597.5,6.975,0.129,232.706,0
2597750,2597.75,6.975,0.129,232.684,0
2598000,2598,5.64,0.128,232.692,0
2598250,2598.25,6.917,0.128,232.716,0
2598500,2598.5,6.975,0.129,232.7,0
2598750,2598.75,6.975,0.129,232.684,0
2599000,2599,6.975,0.128,232.707,0
2599250,2599.25,6.975,0.128,232.715,0
2599500,2599.5,6.975,0.128,232.713,0
2599750,2599.75,5.599,0.128,232.702,0
2600000,2600,6.947,0.128,232.702,0
2600250,2600.25,6.975,0.128,232.704,0
2600500,2600.5,6.975,0.129,232.701,0
2600750,2600.75,6.975,0.129,232.709,0
2601000,2601,6.975,0.128,232.73,0
2601250,2601.25,6.975,0.128,232.697,0
2601500,2601.5,5.629,0.128,232.711,0
2601750,2601.75,6.96,0.128,232.709,0
2602000,2602,6.975,0.128,232.722,0
2602250,2602.25,6.975,0.128,232.722,0
2602500,2602.5,6.975,0.128,232.708,0
2602750,2602.75,6.477,0.128,232.697,0
2603000,2603,6.173,0.129,232.72,0
2603250,2603.25,6.975,0.128,232.721,0
2603500,2603.5,6.975,0.128,232.726,0
2603750,2603.75,6.975,0.128,232.724,0
2604000,2604,6.975,0.128,232.7,0
2604250,2604.25,5.632,0.129,232.726,0
2604500,2604.5,6.959,0.129,232.729,0
2604750,2604.75,6.975,0.128,232.715,0
2605000,2605,6.975,0.128,232.706,0
2605250,2605.25,6.975,0.128,232.706,0
2605500,2605.5,6.975,0.128,232.708,0
2605750,2605.75,5.721,0.128,232.733,0
2606000,2606,6.906,0.129,232.724,0
2606250,2606.25,6.975,0.127,232.716,0
2606500,2606.5,6.975,0.128,232.693,0
2606750,2606.75,6.975,0.128,232.705,0
2607000,2607,6.406,0.128,232.697,0
2607250,2607.25,6.263,0.128,232.72,0
2607500,2607.5,6.975,0.128,232.709,0
2607750,2607.75,6.975,0.128,232.717,0
2608000,2608,6.975,0.128,232.715,0
2608250,2608.25,6.975,0.127,232.702,0
2608500,2608.5,6.644,0.128,232.703,0
2608750,2608.75,6.644,0.128,232.703,0
2609000,2609,5.967,0.128,232.706,0
2609250,2609.25,6.975,0.128,232.674,0
2609500,2609.5,6.975,0.129,232.694,0
2609750,2609.75,6.975,0.129,232.711,0
2610000,2610,6.975,0.128,232.704,0
2610250,2610.25,6.975,0.129,232.729,0
2610500,2610.5,6.532,0.129,232.698,0
2610750,2610.75,6.092,0.129,232.694,0
2611000,2611,6.975,0.129,232.7,0
2611250,2611.25,6.975,0.128,232.719,0
2611500,2611.5,6.975,0.128,232.709,0
2611750,2611.75,6.975,0.129,232.683,0
2612000,2612,5.582,0.127,232.691,0
2612250,2612.25,6.955,0.128,232.708,0
2612500,2612.5,6.975,0.128,232.697,0
2612750,2612.75,6.975,0.128,232.721,0
2613000,2613,6.975,0.128,232.696,0
2613250,2613.25,6.975,0.128,232.711,0
2613500,2613.5,5.711,0.128,232.727,0
2613750,2613.75,6.873,0.128,232.709,0
2614000,2614,6.975,0.128,232.721,0
2614250,2614.25,6.975,0.129,232.714,0
2614500,2614.5,6.975,0.128,232.681,0
2614750,2614.75,6.975,0.128,232.722,0
2615000,2615,6.04,0.129,232.724,0
2615250,2615.25,6.04,0.129,232.724,0
2615500,2615.5,6.643,0.128,232.719,0
2615750,2615.75,6.975,0.128,232.728,0
2616000,2616,6.975,0.128,232.69,0
2616250,2616.25,6.975,0.128,232.746,0
2616500,2616.5,6.975,0.127,232.733,0
2616750,2616.75,6.316,0.128,232.731,0
2617000,2617,6.367,0.129,232.744,0
2617250,2617.25,6.975,0.129,232.727,0
2617500,2617.5,6.975,0.128,232.706,0
2617750,2617.75,6.975,0.128,232.684,0
2618000,2618,6.975,0.128,232.707,0
2618250,2618.25,6.588,0.128,232.712,0
2618500,2618.5,6.06,0.128,232.718,0
2618750,2618.75,6.975,0.128,232.726,0
2619000,2619,6.975,0.129,232.728,0
2619250,2619.25,6.975,0.129,232.714,0
2619500,2619.5,6.975,0.129,232.722,0
2619750,2619.75,6.836,0.128,232.711,0
2620000,2620,5.812,0.128,232.718,0
2620250,2620.25,6.973,0.128,232.697,0
2620500,2620.5,6.975,0.129,232.728,0
2620750,2620.75,6.975,0.129,232.724,0
2621000,2621,6.975,0.128,232.729,0
2621250,2621.25,6.975,0.128,232.742,0
2621500,2621.5,5.606,0.128,232.742,0
2621750,2621.75,5.606,0.128,232.742,0
2622000,2622,6.962,0.128,232.719,0
2622250,2622.25,6.975,0.129,232.71,0
2622500,2622.5,6.975,0.128,232.714,0
2622750,2622.75,6.975,0.129,232.756,0
2623000,2623,6.975,0.128,232.741,0
2623250,2623.25,5.656,0.129,232.713,0
2623500,2623.5,6.904,0.129,232.751,0
2623750,2623.75,6.975,0.128,232.735,0
2624000,2624,6.975,0.129,232.729,0
2624250,2624.25,6.975,0.128,232.729,0
2624500,2624.5,6.975,0.129,232.722,0
2624750,2624.75,5.973,0.128,232.73,0
2625000,2625,6.724,0.129,232.732,0
2625250,2625.25,6.975,0.129,232.723,0
2625500,2625.5,6.975,0.128,232.705,0
2625750,2625.75,6.975,0.128,232.727,0
2626000,2626,6.653,0.129,232.721,0
2626250,2626.25,6.029,0.128,232.697,0
2626500,2626.5,6.975,0.128,232.728,0
2626750,2626.75,6.975,0.128,232.716,0
2627000,2627,6.975,0.127,232.734,0
2627250,2627.25,6.975,0.128,232.715,0
2627500,2627.5,6.975,0.128,232.728,0
2627750,2627.75,6.536,0.128,232.706,0
2628000,2628,6.16,0.129,232.698,0
2628250,2628.25,6.16,0.129,232.698,0
2628500,2628.5,6.975,0.128,232.675,0
2628750,2628.75,6.975,0.128,232.708,0
2629000,2629,6.975,0.128,232.723,0
2629250,2629.25,6.975,0.128,232.705,0
2629500,2629.5,6.975,0.127,232.721,0
2629750,2629.75,6.402,0.128,232.695,0
2630000,2630,6.287,0.129,232.719,0
2630250,2630.25,6.975,0.128,232.707,0
2630500,2630.5,6.975,0.128,232.733,0
2630750,2630.75,6.975,0.128,232.733,0
2631000,2631,6.94,0.129,232.742,0
2631250,2631.25,5.664,0.129,232.726,0
2631500,2631.5,6.967,0.128,232.711,0
2631750,2631.75,6.975,0.128,232.723,0
2632000,2632,6.975,0.128,232.71,0
2632250,2632.25,6.975,0.128,232.715,0
2632500,2632.5,5.975,0.128,232.705,0
2632750,2632.75,6.677,0.127,232.697,0
2633000,2633,6.975,0.128,232.709,0
2633250,2633.25,6.975,0.128,232.717,0
2633500,2633.5,6.975,0.128,232.724,0
2633750,2633.75,6.975,0.128,232.712,0
2634000,2634,6.259,0.128,232.72,0
2634250,2634.25,6.366,0.128,232.71,0
2634500,2634.5,6.975,0.129,232.703,0
2634750,2634.75,6.975,0.129,232.703,0
2635000,2635,6.975,0.128,232.711,0
2635250,2635.25,6.975,0.128,232.709,0
2635500,2635.5,6.975,0.129,232.705,0
2635750,2635.75,6.553,0.129,232.737,0
2636000,2636,6.097,0.128,232.722,0
2636250,2636.25,6.975,0.128,232.722,0
2636500,2636.5,6.975,0.128,232.719,0
2636750,2636.75,6.975,0.128,232.731,0
2637000,2637,6.975,0.127,232.71,0
2637250,2637.25,5.615,0.128,232.73,0
2637500,2637.5,6.948,0.128,232.721,0
2637750,2637.75,6.975,0.129,232.714,0
2638000,2638,6.975,0.128,232.704,0
2638250,2638.25,6.975,0.128,232.688,0
2638500,2638.5,6.975,0.128,232.698,0
2638750,2638.75,6.975,0.128,232.676,0
2639000,2639,5.665,0.128,232.705,0
2639250,2639.25,6.965,0.128,232.715,0
2639500,2639.5,6.975,0.128,232.737,0
2639750,2639.75,6.975,0.128,232.731,0
2640000,2640,6.975,0.128,232.701,0
2640250,2640.25,6.017,0.128,232.735,0
2640500,2640.5,6.581,0.129,232.725,0
2640750,2640.75,6.975,0.128,232.724,0
2641000,2641,6.975,0.129,232.74,0
2641250,2641.25,6.975,0.129,232.74,0
2641500,2641.5,6.975,0.128,232.718,0
2641750,2641.75,6.975,0.128,232.703,0
2642000,2642,6.328,0.128,232.725,0
2642250,2642.25,6.305,0.129,232.717,0
2642500,2642.5,6.975,0.129,232.704,0
2642750,2642.75,6.975,0.129,232.715,0
2643000,2643,6.975,0.128,232.694,0
2643250,2643.25,6.975,0.129,232.702,0
2643500,2643.5,6.645,0.128,232.717,0
2643750,2643.75,6.031,0.129,232.708,0
2644000,2644,6.975,0.129,232.68,0
2644250,2644.25,6.975,0.128,232.719,0
2644500,2644.5,6.975,0.128,232.697,0
2644750,2644.75,6.975,0.127,232.686,0
2645000,2645,6.853,0.128,232.695,0
2645250,2645.25,5.76,0.128,232.708,0
2645500,2645.5,6.972,0.129,232.722,0
2645750,2645.75,6.975,0.128,232.725,0
2646000,2646,6.975,0.128,232.716,0
2646250,2646.25,6.975,0.128,232.71,0
2646500,2646.5,5.837,0.128,232.677,0
2646750,2646.75,6.832,0.129,232.702,0
2647000,2647,6.975,0.128,232.71,0
2647250,2647.25,6.975,0.128,232.698,0
2647500,2647.5,6.975,0.128,232.705,0
2647750,2647.75,6.975,0.128,232.705,0
2648000,2648,6.536,0.129,232.707,0
2648250,2648.25,6.128,0.128,232.698,0
2648500,2648.5,6.975,0.128,232.716,0
2648750,2648.75,6.975,0.128,232.706,0
2649000,2649,6.975,0.128,232.703,0
2649250,2649.25,6.975,0.128,232.692,0
2649500,2649.5,6.975,0.128,232.676,0
2649750,2649.75,6.374,0.128,232.703,0
2650000,2650,6.251,0.128,232.7,0
2650250,2650.25,6.975,0.129,232.707,0
2650500,2650.5,6.975,0.128,232.739,0
2650750,2650.75,6.975,0.128,232.727,0
2651000,2651,6.975,0.128,232.719,0
2651250,2651.25,6.67,0.128,232.736,0
2651500,2651.5,5.992,0.129,232.72,0
2651750,2651.75,6.975,0.129,232.7,0
2652000,2652,6.975,0.129,232.721,0
2652250,2652.25,6.975,0.128,232.737,0
2652500,2652.5,6.975,0.128,232.739,0
2652750,2652.75,5.713,0.127,232.714,0
2653000,2653,6.919,0.128,232.713,0
2653250,2653.25,6.975,0.128,232.725,0
2653500,2653.5,6.975,0.128,232.733,0
2653750,2653.75,6.975,0.128,232.724,0
2654000,2654,6.975,0.128,232.715,0
2654250,2654.25,6.975,0.128,232.715,0
2654500,2654.5,5.869,0.129,232.734,0
2654750,2654.75,6.756,0.128,232.72,0
2655000,2655,6.975,0.129,232.728,0
2655250,2655.25,6.975,0.129,232.71,0
2655500,2655.5,6.975,0.128,232.734,0
2655750,2655.75,6.588,0.129,232.71,0
2656000,2656,6.069,0.128,232.71,0
2656250,2656.25,6.975,0.128,232.725,0
2656500,2656.5,6.975,0.128,232.712,0
2656750,2656.75,6.975,0.128,232.705,0
2657000,2657,6.975,0.127,232.698,0
2657250,2657.25,6.975,0.127,232.688,0
2657500,2657.5,6.441,0.129,232.693,0
2657750,2657.75,6.183,0.128,232.713,0
2658000,2658,6.975,0.128,232.725,0
2658250,2658.25,6.975,0.128,232.726,0
2658500,2658.5,6.975,0.129,232.714,0
2658750,2658.75,6.975,0.129,232.694,0
2659000,2659,5.599,0.129,232.674,0
2659250,2659.25,6.962,0.128,232.716,0
2659500,2659.5,6.975,0.128,232.697,0
2659750,2659.75,6.975,0.128,232.696,0
2660000,2660,6.975,0.128,232.711,0
2660250,2660.25,6.082,0.128,232.704,0
2660500,2660.5,6.53,0.128,232.718,0
2660750,2660.75,6.53,0.128,232.718,0
2661000,2661,6.975,0.129,232.698,0
2661250,2661.25,6.975,0.129,232.714,0
2661500,2661.5,6.975,0.128,232.715,0
2661750,2661.75,6.775,0.128,232.713,0
2662000,2662,5.867,0.128,232.715,0
2662250,2662.25,6.974,0.129,232.726,0
2662500,2662.5,6.975,0.129,232.706,0
2662750,2662.75,6.975,0.128,232.733,0
2663000,2663,6.975,0.128,232.729,0
2663250,2663.25,6.94,0.128,232.717,0
2663500,2663.5,5.648,0.128,232.721,0
2663750,2663.75,6.967,0.128,232.704,0
2664000,2664,6.975,0.127,232.688,0
2664250,2664.25,6.975,0.128,232.694,0
2664500,2664.5,6.975,0.128,232.709,0
2664750,2664.75,5.928,0.128,232.727,0
2665000,2665,6.65,0.129,232.697,0
2665250,2665.25,6.975,0.129,232.704,0
2665500,2665.5,6.975,0.128,232.688,0
2665750,2665.75,6.975,0.127,232.667,0
2666000,2666,6.653,0.126,232.676,0
2666250,2666.25,5.995,0.126,232.688,0
2666500,2666.5,6.975,0.126,232.711,0
2666750,2666.75,6.784,0.126,232.712,0
2667000,2667,5.835,0.126,232.692,0
2667250,2667.25,5.835,0.126,232.692,0
2667500,2667.5,6.974,0.126,232.682,0
2667750,2667.75,5.68,0.126,232.722,0
2668000,2668,6.929,0.126,232.722,0
2668250,2668.25,6.975,0.126,232.721,0
2668500,2668.5,5.752,0.127,232.691,0
2668750,2668.75,6.879,0.125,232.716,0
2669000,2669,6.302,0.125,232.707,0
2669250,2669.25,6.388,0.126,232.704,0
2669500,2669.5,6.784,0.126,232.71,0
2669750,2669.75,5.799,0.126,232.695,0
2670000,2670,6.974,0.125,232.698,0
2670250,2670.25,5.688,0.125,232.704,0
2670500,2670.5,6.929,0.127,232.722,0
2670750,2670.75,6.975,0.126,232.727,0
2671000,2671,5.765,0.125,232.706,0
2671250,2671.25,6.861,0.125,232.694,0
2671500,2671.5,6.315,0.125,232.678,0
2671750,2671.75,6.332,0.125,232.7,0
2672000,2672,5.576,0.125,232.692,0
2672250,2672.25,6.954,0.125,232.717,0
2672500,2672.5,6.013,0.125,232.694,0
2672750,2672.75,6.617,0.125,232.698,0
2673000,2673,6.555,0.125,232.694,0
2673250,2673.25,6.049,0.125,232.676,0
2673500,2673.5,6.975,0.125,232.687,0
2673750,2673.75,6.975,0.125,232.687,0
2674000,2674,5.62,0.125,232.698,0
2674250,2674.25,6.298,0.125,232.685,0
2674500,2674.5,6.295,0.125,232.727,0
2674750,2674.75,6.853,0.125,232.687,0
2675000,2675,5.822,0.126,232.718,0
2675250,2675.25,6.055,0.125,232.69,0
2675500,2675.5,6.622,0.126,232.733,0
2675750,2675.75,6.562,0.125,232.721,0
2676000,2676,6.034,0.125,232.716,0
2676250,2676.25,6.975,0.125,232.703,0
2676500,2676.5,5.655,0.125,232.684,0
2676750,2676.75,6.964,0.125,232.719,0
2677000,2677,5.897,0.126,232.689,0
2677250,2677.25,6.558,0.125,232.714,0
2677500,2677.5,5.78,0.125,232.695,0
2677750,2677.75,6.974,0.125,232.713,0
2678000,2678,5.65,0.125,232.72,0
2678250,2678.25,6.913,0.126,232.722,0
2678500,2678.5,6.214,0.125,232.725,0
2678750,2678.75,6.402,0.125,232.723,0
2679000,2679,5.604,0.126,232.701,0
2679250,2679.25,6.96,0.125,232.717,0
2679500,2679.5,5.936,0.125,232.688,0
2679750,2679.75,6.693,0.125,232.719,0
2680000,2680,6.473,0.125,232.713,0
2680250,2680.25,6.473,0.125,232.713,0
2680500,2680.5,6.111,0.126,232.685,0
2680750,2680.75,6.975,0.125,232.699,0
2681000,2681,5.652,0.125,232.683,0
2681250,2681.25,6.968,0.125,232.711,0
2681500,2681.5,5.806,0.125,232.713,0
2681750,2681.75,6.597,0.125,232.727,0
2682000,2682,5.84,0.125,232.697,0
2682250,2682.25,6.975,0.125,232.715,0
2682500,2682.5,5.645,0.125,232.675,0
2682750,2682.75,6.934,0.125,232.728,0
2683000,2683,6.1,0.125,232.708,0
2683250,2683.25,6.516,0.126,232.736,0
2683500,2683.5,6.662,0.125,232.72,0
2683750,2683.75,5.951,0.125,232.697,0
2684000,2684,6.975,0.125,232.693,0
2684250,2684.25,5.661,0.126,232.704,0
2684500,2684.5,6.347,0.126,232.727,0
2684750,2684.75,6.25,0.125,232.724,0
2685000,2685,6.87,0.125,232.71,0
2685250,2685.25,5.73,0.125,232.7,0
2685500,2685.5,6.972,0.126,232.686,0
2685750,2685.75,5.699,0.125,232.698,0
2686000,2686,6.875,0.126,232.734,0
2686250,2686.25,6.316,0.125,232.698,0
2686500,2686.5,6.368,0.125,232.699,0
2686750,2686.75,6.368,0.125,232.699,0
2687000,2687,6.784,0.125,232.706,0
2687250,2687.25,5.836,0.125,232.705,0
2687500,2687.5,5.986,0.125,232.699,0
2687750,2687.75,6.64,0.125,232.696,0
2688000,2688,6.558,0.125,232.705,0
2688250,2688.25,6.051,0.125,232.67,0
2688500,2688.5,6.975,0.125,232.705,0
2688750,2688.75,5.655,0.126,232.67,0
2689000,2689,6.964,0.126,232.674,0
2689250,2689.25,5.879,0.126,232.685,0
2689500,2689.5,6.737,0.125,232.69,0
2689750,2689.75,6.452,0.125,232.684,0
2690000,2690,6.195,0.125,232.684,0
2690250,2690.25,6.905,0.126,232.678,0
2690500,2690.5,5.695,0.125,232.709,0
2690750,2690.75,6.165,0.125,232.711,0
2691000,2691,6.457,0.126,232.726,0
2691250,2691.25,6.723,0.126,232.702,0
2691500,2691.5,5.928,0.126,232.699,0
2691750,2691.75,6.975,0.126,232.679,0
2692000,2692,5.655,0.126,232.708,0
2692250,2692.25,6.947,0.125,232.692,0
2692500,2692.5,6.054,0.125,232.697,0
2692750,2692.75,6.571,0.125,232.716,0
2693000,2693,6.601,0.126,232.7,0
2693250,2693.25,6.601,0.126,232.7,0
2693500,2693.5,6.076,0.126,232.712,0
2693750,2693.75,6.975,0.126,232.692,0
2694000,2694,5.606,0.126,232.684,0
2694250,2694.25,6.962,0.126,232.697,0
2694500,2694.5,5.928,0.126,232.707,0
2694750,2694.75,6.602,0.126,232.704,0
2695000,2695,5.822,0.125,232.712,0
2695250,2695.25,6.973,0.125,232.701,0
2695500,2695.5,5.656,0.126,232.703,0
2695750,2695.75,6.921,0.126,232.685,0
2696000,2696,6.192,0.126,232.727,0
2696250,2696.25,6.433,0.125,232.706,0
2696500,2696.5,6.731,0.125,232.697,0
2696750,2696.75,5.914,0.125,232.716,0
2697000,2697,6.975,0.125,232.687,0
2697250,2697.25,5.623,0.125,232.69,0
2697500,2697.5,6.416,0.126,232.699,0
2697750,2697.75,6.164,0.126,232.693,0
2698000,2698,6.94,0.126,232.689,0
2698250,2698.25,5.653,0.126,232.699,0
2698500,2698.5,6.967,0.125,232.705,0
2698750,2698.75,5.792,0.125,232.697,0
2699000,2699,6.827,0.125,232.686,0
2699250,2699.25,6.328,0.125,232.685,0
2699500,2699.5,6.297,0.125,232.678,0
2699750,2699.75,6.297,0.125,232.678,0
2700000,2700,5.609,0.126,232.719,0
2700250,2700.25,6.935,0.125,232.701,0
2700500,2700.5,6.082,0.125,232.695,0
2700750,2700.75,6.53,0.125,232.708,0
2701000,2701,6.645,0.126,232.718,0
2701250,2701.25,6.031,0.125,232.707,0
2701500,2701.5,6.975,0.126,232.71,0
2701750,2701.75,5.574,0.125,232.722,0
2702000,2702,6.959,0.126,232.721,0
2702250,2702.25,5.967,0.126,232.706,0
2702500,2702.5,6.609,0.126,232.689,0
2702750,2702.75,5.754,0.126,232.696,0
2703000,2703,6.971,0.126,232.702,0
2703250,2703.25,5.678,0.125,232.711,0
2703500,2703.5,6.906,0.125,232.685,0
2703750,2703.75,6.975,0.126,232.723,0
2704000,2704,5.781,0.125,232.684,0
2704250,2704.25,6.633,0.126,232.694,0
2704500,2704.5,5.885,0.126,232.723,0
2704750,2704.75,5.974,0.125,232.707,0
2705000,2705,6.678,0.126,232.677,0
2705250,2705.25,6.499,0.125,232.699,0
2705500,2705.5,6.142,0.125,232.709,0
2705750,2705.75,6.94,0.125,232.71,0
2706000,2706,5.637,0.126,232.709,0
2706250,2706.25,5.637,0.126,232.709,0
2706500,2706.5,6.966,0.125,232.701,0
2706750,2706.75,5.833,0.125,232.714,0
2707000,2707,6.832,0.126,232.709,0
2707250,2707.25,6.374,0.126,232.71,0
2707500,2707.5,6.251,0.126,232.694,0
2707750,2707.75,5.617,0.126,232.697,0
2708000,2708,6.943,0.125,232.688,0
2708250,2708.25,6.106,0.125,232.698,0
2708500,2708.5,6.514,0.125,232.657,0
2708750,2708.75,6.631,0.126,232.714,0
2709000,2709,5.984,0.126,232.682,0
2709250,2709.25,6.975,0.125,232.692,0
2709500,2709.5,5.57,0.125,232.681,0
2709750,2709.75,6.958,0.125,232.691,0
2710000,2710,5.954,0.126,232.691,0
2710250,2710.25,6.691,0.125,232.712,0
2710500,2710.5,6.495,0.126,232.723,0
2710750,2710.75,6.101,0.126,232.714,0
2711000,2711,5.672,0.126,232.705,0
2711250,2711.25,6.887,0.125,232.686,0
2711500,2711.5,6.251,0.126,232.68,0
2711750,2711.75,6.401,0.125,232.7,0
2712000,2712,6.766,0.125,232.699,0
2712250,2712.25,5.853,0.125,232.711,0
2712500,2712.5,5.999,0.125,232.691,0
2712750,2712.75,5.999,0.125,232.691,0
2713000,2713,6.654,0.125,232.692,0
2713250,2713.25,6.495,0.126,232.724,0
2713500,2713.5,6.099,0.125,232.701,0
2713750,2713.75,6.975,0.125,232.714,0
2714000,2714,5.669,0.125,232.694,0
2714250,2714.25,6.967,0.125,232.699,0
2714500,2714.5,5.898,0.126,232.703,0
2714750,2714.75,6.645,0.125,232.729,0
2715000,2715,5.835,0.125,232.688,0
