Name,Out_Active_Power_Station_6,Out_Current_Station_6,Out_Voltage_Station_6
0,3.857999897,0.121151496,232.7006171
250,5.177999725,0.121427498,232.7021625
500,4.016999855,0.121278495,232.7273364
750,5.069999847,0.121250498,232.6904346
1000,5.199999809,0.121001497,232.7044287
1250,4.173999844,0.121205497,232.6873206
1500,4.859999809,0.1213535,232.6968628
1750,4.763999796,0.121377998,232.6587616
2000,4.271999884,0.121444497,232.674679
2250,5.199999809,0.121309498,232.6882263
2500,3.851999865,0.121017496,232.6853064
2750,5.181999817,0.121160497,232.6738208
3000,5.199999809,0.121037997,232.6947241
3250,3.811999884,0.121290497,232.6847028
3500,5.170999813,0.121050997,232.6866779
3750,4.304999838,0.121018996,232.7185516
4000,4.749999847,0.121014996,232.6767426
4250,5.199999809,0.121238998,232.7109589
4500,4.487999821,0.121073495,232.6831335
4750,4.639999866,0.121382998,232.7041101
5000,4.990999813,0.121254497,232.693717
5250,4.056999903,0.121156997,232.6650775
5500,5.192999783,0.120767998,232.6952539
5750,5.164999809,0.121270497,232.6716998
6000,5.164999809,0.121270497,232.6716998
6250,3.919999905,0.121572496,232.6756409
6500,5.193999786,0.121408996,232.7340192
6750,3.981999855,0.121024997,232.687901
7000,5.077999802,0.121332996,232.6852942
7250,5.199999809,0.121779995,232.6805298
7500,4.16299984,0.121117999,232.7011102
7750,4.947999859,0.121268495,232.6982019
8000,4.686999807,0.120929998,232.6791718
8250,4.37099988,0.121420498,232.6674323
8500,5.199999809,0.120981998,232.7010492
8750,4.877999802,0.121177997,232.7102051
9000,4.209999876,0.120989996,232.7019214
9250,5.199999809,0.121341998,232.7077856
9500,3.891999884,0.121075496,232.6830554
9750,5.168999786,0.121316499,232.7009796
10000,5.199999809,0.121095496,232.6855865
10250,3.860999861,0.121472997,232.6973462
10500,5.144999809,0.121621498,232.6774426
10750,5.199999809,0.121819996,232.7001617
11000,4.018999853,0.121457998,232.6922534
11250,5.094999847,0.121298495,232.7020654
11500,4.589999809,0.121501498,232.6798529
11750,4.506999855,0.121352497,232.6919427
12000,5.193999786,0.121388496,232.6708392
12250,4.760999804,0.121249496,232.6952441
12500,4.760999804,0.121249496,232.6952441
12750,4.359999857,0.121516496,232.7050177
13000,5.199999809,0.121712498,232.69362
13250,4.8949998,0.121252497,232.6804639
13500,4.198999863,0.121013998,232.6959637
13750,5.199999809,0.120525996,232.6996832
14000,3.913999872,0.121015497,232.6842603
14250,5.172999802,0.121384996,232.6584991
14500,5.199999809,0.121065498,232.695484
14750,3.856999865,0.120975499,232.6843835
15000,5.134999828,0.121323496,232.7007239
15250,4.430999832,0.121205496,232.6658917
15500,4.637999859,0.121325997,232.7045959
15750,5.199999809,0.121514497,232.6908319
16000,4.575999813,0.121051499,232.691322
16250,4.455999851,0.121263995,232.7063971
16500,5.125999794,0.121233496,232.7049695
16750,3.983999901,0.121199998,232.694375
17000,5.190999794,0.121290498,232.6993713
17250,3.918999853,0.121389995,232.7025024
17500,5.106999817,0.121064497,232.7017572
17750,5.199999809,0.121239998,232.7037457
18000,4.126999846,0.121472495,232.6832056
18250,4.970999832,0.121436496,232.683316
18500,4.665999813,0.121485997,232.6737085
18750,4.405999889,0.120953996,232.7020667
19000,4.405999889,0.120953996,232.7020667
19250,5.199999809,0.121232498,232.6952209
19500,4.869999809,0.121239496,232.6977222
19750,4.253999891,0.121340998,232.6665442
20000,5.199999809,0.121337996,232.6755634
20250,3.825999899,0.121101496,232.6805243
20500,5.179999809,0.121178998,232.6955225
20750,4.172999849,0.121105498,232.7034924
21000,4.866999855,0.121398998,232.7015125
21250,4.782999811,0.121220996,232.688147
21500,4.274999895,0.121266496,232.691452
21750,5.199999809,0.121117496,232.6567584
22000,4.929999809,0.121376997,232.6902753
22250,4.168999891,0.121254495,232.6899628
22500,5.199999809,0.121097497,232.6453857
22750,3.829999876,0.121029997,232.6314276
23000,5.174999809,0.121434996,232.6497937
23250,5.199999809,0.121340998,232.6850677
23500,3.954999857,0.121639997,232.6768182
23750,5.124999828,0.121114995,232.6759473
24000,4.460999842,0.121019996,232.7039545
24250,4.612999878,0.121183998,232.6884491
24500,5.199999809,0.120956997,232.6874432
24750,4.600999813,0.120921996,232.7144971
25000,4.465999889,0.121340998,232.6958527
25250,5.199999809,0.121336997,232.6983783
25500,5.199999809,0.121336997,232.6983783
25750,4.769999809,0.120851997,232.6979132
26000,4.294999876,0.121136996,232.6841479
26250,5.199999809,0.121242499,232.7065747
26500,4.912999811,0.121205497,232.6871851
26750,4.126999893,0.120924497,232.6820166
27000,5.199999809,0.121354996,232.6953674
27250,3.878999853,0.121095497,232.7043781
27500,5.170999794,0.121084496,232.6773999
27750,4.351999826,0.120761496,232.710105
28000,4.777999859,0.121134998,232.7017792
28250,4.851999807,0.121333998,232.6948889
28500,4.186999884,0.120992996,232.6858429
28750,5.199999809,0.121005998,232.69565
29000,5.060999813,0.121275496,232.6956055
29250,4.029999895,0.121499995,232.6720038
29500,5.197999802,0.121167998,232.7105975
29750,3.842999868,0.1215505,232.6930981
30000,5.146999836,0.121116999,232.7049127
30250,4.370999832,0.121541498,232.6972491
30500,4.667999859,0.121162498,232.6792584
30750,5.199999809,0.121158995,232.7029315
31000,4.518999815,0.121300498,232.6838379
31250,4.519999866,0.121197499,232.6731622
31500,5.199999809,0.121329497,232.6977802
31750,4.760999804,0.121444998,232.6868347
32000,4.760999804,0.121444998,232.6868347
32250,4.354999895,0.121631997,232.6793829
32500,5.164999809,0.121430497,232.7101056
32750,3.864999895,0.121211997,232.6817773
33000,5.18999979,0.121385499,232.7066919
33250,5.199999809,0.121258997,232.6980646
33500,3.828999882,0.121268995,232.6934583
33750,5.176999798,0.121165497,232.7119556
34000,4.245999832,0.121290498,232.6822589
34250,4.856999855,0.121271998,232.7150336
34500,5.199999809,0.121326496,232.7110187
34750,4.430999832,0.120952997,232.6812012
35000,4.704999866,0.121153497,232.7009088
35250,5.199999809,0.121163496,232.6948822
35500,4.575999813,0.121171496,232.6965125
35750,4.484999866,0.121415498,232.6864557
36000,5.129999809,0.121398497,232.7070581
36250,3.996999893,0.121214494,232.7053473
36500,5.196999798,0.121138498,232.6714008
36750,5.199999809,0.121314997,232.6838971
37000,3.829999895,0.121131995,232.6746332
37250,5.187999802,0.121086497,232.7037079
37500,4.122999849,0.121059495,232.7217529
37750,4.970999832,0.121307994,232.7110889
38000,4.665999813,0.121487495,232.7073059
38250,4.398999901,0.121144497,232.6990582
38500,4.398999901,0.121144497,232.6990582
38750,5.199999809,0.121186496,232.6921375
39000,4.834999809,0.121066497,232.6946503
39250,4.263999863,0.121570499,232.668642
39500,5.199999809,0.121251996,232.70677
39750,3.869999895,0.121391998,232.6854572
40000,5.18499979,0.121444498,232.6959839
40250,5.199999809,0.121335997,232.7043933
40500,3.890999861,0.120914499,232.7266016
40750,5.158999805,0.121979996,232.6890839
41000,5.199999809,0.122360497,232.6948169
41250,5.199999809,0.121989496,232.6640643
41500,3.847999897,0.122120498,232.675979
41750,5.188999786,0.122142996,232.6687543
42000,5.199999809,0.121942997,232.698819
42250,3.793999872,0.122262496,232.6948016
42500,5.174999809,0.122112497,232.7103937
42750,5.199999809,0.121934997,232.7015704
43000,5.164999809,0.122179997,232.6937378
43250,3.930999899,0.121932996,232.6851843
43500,5.193999786,0.121725496,232.7080505
43750,5.199999809,0.121486497,232.6810431
44000,4.964999809,0.121926997,232.6917554
44250,4.102999878,0.122007497,232.7107056
44500,5.199999809,0.122243496,232.6991711
44750,5.199999809,0.121879995,232.680282
45000,5.199999809,0.121879995,232.680282
45250,4.768999796,0.122055997,232.6966711
45500,4.330999861,0.121500496,232.7067065
45750,5.199999809,0.121424997,232.6978973
46000,5.199999809,0.121894496,232.6986005
46250,38.97699974,0.656821983,232.5865955
46500,199.0089957,1.184769955,232.4546021
46750,264.1129907,1.216254468,232.4641449
47000,264.875,1.215767469,232.4657214
47250,264.875,1.213844466,232.4881311
47500,264.84,1.212160954,232.4811517
47750,263.5869934,1.211430979,232.489267
48000,264.0989966,1.21025846,232.4876007
48250,263.1499939,1.209222951,232.4804419
48500,263.1499939,1.208378463,232.4651392
48750,263.1499939,1.207419457,232.4834003
49000,262.1679919,1.20687398,232.4760126
49250,262.8259949,1.205917463,232.4930011
49500,262.6709985,1.205226469,232.4945062
49750,262.2569897,1.204049983,232.4741785
50000,261.8649927,1.20394146,232.4823804
50250,261.4249878,1.202860975,232.4674896
50500,261.4249878,1.202199969,232.4935449
50750,261.4249878,1.201461973,232.4798572
51000,261.4249878,1.200954957,232.4997552
51250,261.4249878,1.19971796,232.4838995
51500,261.4249878,1.19971796,232.4838995
51750,261.4249878,1.199314475,232.4772595
52000,260.1489917,1.198630471,232.4631787
52250,260.9859973,1.198183985,232.4665802
52500,260.4119922,1.197767944,232.449635
52750,260.2149951,1.197005453,232.4861688
53000,259.6749878,1.196626468,232.4998181
53250,260.2899915,1.195869441,232.4961938
53500,260.4139941,1.195664983,232.4927545
53750,259.6749878,1.194558959,232.4662262
54000,259.6749878,1.194127975,232.4862897
54250,259.6749878,1.193791981,232.4853381
54500,258.44599,1.193705974,232.4743628
54750,259.541991,1.193044949,232.4948022
55000,259.6499939,1.192623992,232.4645056
55250,258.5809924,1.19216898,232.4824023
55500,259.38599,1.19182549,232.4897699
55750,259.1439929,1.19118247,232.4766669
56000,258.8819885,1.190936975,232.4915668
56250,258.326991,1.190329981,232.4832068
56500,258.2989893,1.189695463,232.4909943
56750,258.86099,1.189713469,232.4844177
57000,257.9249878,1.189058967,232.5019861
57250,257.9249878,1.188349957,232.480755
57500,257.9249878,1.187958984,232.4937524
57750,257.9249878,1.187307968,232.4872028
58000,257.9249878,1.187307968,232.4872028
58250,257.9249878,1.187052469,232.4762817
58500,257.9249878,1.186297975,232.4655865
58750,257.9249878,1.186039472,232.4980566
59000,256.684989,1.185815482,232.4659528
59250,257.7999939,1.185021439,232.4708508
59500,257.2559949,1.185050974,232.4601599
59750,257.2739905,1.184502974,232.4928662
60000,256.5239917,1.184691448,232.4785925
60250,257.8749939,1.185157475,232.4780035
60500,257.0019922,1.184764962,232.4703442
60750,257.4979932,1.184224477,232.4509222
61000,256.5799915,1.183884468,232.4585852
61250,257.1319971,1.183649988,232.4269153
61500,256.1999817,1.182853975,232.4750751
61750,257.5029944,1.182728462,232.4853046
62000,256.2189868,1.18248548,232.4976978
62250,256.1999817,1.18210597,232.470144
62500,257.471991,1.181510487,232.4772009
62750,256.2449878,1.18127295,232.4677863
63000,256.1999817,1.180696945,232.4979138
63250,256.1999817,1.180539975,232.4515601
63500,256.1999817,1.180290971,232.480321
63750,255.4979889,1.179872961,232.4755231
64000,255.5419965,1.179167972,232.4716156
64250,256.1749878,1.178789477,232.4899854
64500,256.1749878,1.178789477,232.4899854
64750,255.6279901,1.178693976,232.4893756
65000,255.367998,1.178328967,232.4717468
65250,254.8379956,1.177497964,232.4664417
65500,256.1249933,1.177048969,232.4901459
65750,255.3959918,1.177294464,232.4778735
66000,255.6479956,1.17635294,232.4632892
66250,254.593996,1.176141982,232.4838428
66500,255.0649969,1.175958486,232.485755
66750,255.1849915,1.175310454,232.4904364
67000,254.4499969,1.175418973,232.4654022
67250,254.4499969,1.174946976,232.4605145
67500,255.3099976,1.174521441,232.4499701
67750,254.8899957,1.17385148,232.4928827
68000,254.4499969,1.173755469,232.4441559
68250,254.4499969,1.173411474,232.4805396
68500,253.3549921,1.172854962,232.4879303
68750,254.2399908,1.17232347,232.4871222
69000,254.4249878,1.172068009,232.4789215
69250,254.4249878,1.172075958,232.494624
69500,253.1629883,1.171390982,232.4893207
69750,254.3669904,1.170898981,232.4850171
70000,253.6539905,1.171015468,232.494491
70250,253.8969891,1.17058496,232.4632324
70500,253.04599,1.169888468,232.4876019
70750,253.7879913,1.169609942,232.4763544
71000,253.7879913,1.169609942,232.4763544
71250,253.7229889,1.169617958,232.5058429
71500,253.0449896,1.169254971,232.483009
71750,253.911991,1.169169464,232.4971796
72000,252.7009821,1.168472462,232.4864734
72250,254.0029907,1.168113952,232.4575446
72500,252.7839862,1.168085485,232.4881366
72750,252.6999817,1.167883482,232.4608661
73000,253.8469904,1.167489471,232.4808826
73250,252.8929877,1.167474465,232.4657953
73500,252.6999817,1.16664547,232.4516101
73750,252.6999817,1.166327958,232.4820349
74000,252.6999817,1.165636477,232.4493146
74250,252.6999817,1.165521984,232.469057
74500,251.8959882,1.165234456,232.4376495
74750,252.1679956,1.164925985,232.4662244
75000,252.6750031,1.164623494,232.4873431
75250,252.6750031,1.164748492,232.4774725
75500,251.6299982,1.163621969,232.4854565
75750,252.4239948,1.163725982,232.4944574
76000,252.218999,1.163549457,232.4734424
76250,251.827995,1.163338947,232.4709302
76500,251.4339966,1.162935467,232.4536194
76750,252.2719958,1.162611475,232.4591864
77000,250.9579974,1.161951947,232.4496844
77250,252.0779968,1.161774964,232.4732971
77500,252.0779968,1.161774964,232.4732971
77750,251.3369946,1.161310472,232.4794116
78000,252.088996,1.16154048,232.4697455
78250,250.9499969,1.160918489,232.4725165
78500,250.9849963,1.160952964,232.4666571
78750,252.2259967,1.160579481,232.475976
79000,250.9549982,1.160103974,232.5031696
79250,250.9499969,1.159430475,232.4809174
79500,250.9499969,1.159660964,232.484184
79750,250.9499969,1.159125957,232.4845544
80000,250.9499969,1.15868248,232.494386
80250,250.9499969,1.158198481,232.4848901
80500,250.9499969,1.158112979,232.513739
80750,250.9499969,1.157724476,232.472522
81000,250.9149969,1.157580953,232.4542914
81250,249.6189935,1.157518468,232.4910675
81500,250.9169885,1.157453995,232.4809869
81750,249.8049902,1.157096004,232.4757141
82000,250.7649921,1.156855488,232.4582123
82250,250.3349896,1.155938454,232.4886755
82500,250.1749927,1.155835977,232.4812659
82750,249.6649908,1.155111971,232.4840674
83000,250.4889911,1.15492147,232.4672736
83250,250.0309943,1.154986954,232.4698499
83500,249.7009912,1.154791489,232.4847382
83750,249.5149933,1.154431486,232.4800836
84000,249.5149933,1.154431486,232.4800836
84250,250.2839905,1.153955464,232.4808167
84500,249.2249908,1.153340468,232.4567377
84750,249.3779919,1.153129454,232.4687134
85000,250.4259906,1.153033972,232.4979199
85250,249.3019916,1.152892461,232.4503748
85500,249.2249908,1.152266994,232.4867615
85750,249.2249908,1.152517481,232.4873376
86000,249.2549927,1.152040472,232.4701099
86250,249.3319916,1.151802483,232.4788989
86500,249.2769922,1.151281476,232.4704663
86750,249.2599915,1.15100697,232.4458411
87000,248.3179926,1.151138482,232.4608051
87250,248.9109961,1.150714955,232.4690918
87500,249.1999969,1.150370469,232.4794171
87750,249.1999969,1.150256467,232.4381842
88000,249.3549933,1.150144444,232.4473083
88250,247.8599927,1.149825449,232.4444434
88500,248.4749939,1.149215484,232.4437372
88750,248.5889941,1.149126487,232.4503949
89000,247.8659937,1.148276472,232.4359296
89250,249.1759967,1.14829495,232.451225
89500,248.2549945,1.147902989,232.4519427
89750,247.5449908,1.147468967,232.4607764
90000,248.9179932,1.147497473,232.4669293
90250,247.4789917,1.146960459,232.4721118
90500,247.4789917,1.146960459,232.4721118
90750,248.8479932,1.146888461,232.4432947
91000,247.6439923,1.146658468,232.4520416
91250,247.6049915,1.146476455,232.4602271
91500,248.5049951,1.146120992,232.4659473
91750,247.7859943,1.145587473,232.472113
92000,247.4749908,1.145607467,232.4818195
92250,247.4749908,1.145362458,232.4613458
92500,247.4749908,1.144870968,232.4745685
92750,247.7199939,1.144669461,232.4675171
93000,247.5149908,1.144380484,232.4682178
93250,247.7669934,1.144371476,232.4879456
93500,247.4839923,1.143943458,232.4857623
93750,247.8069946,1.143571982,232.4588971
94000,246.4889935,1.143144965,232.4260162
94250,247.2069989,1.143252983,232.4451038
94500,247.5299927,1.143301973,232.4498102
94750,246.9029919,1.142615457,232.475365
95000,246.9319946,1.142267976,232.4664722
95250,247.4739923,1.142081461,232.482074
95500,246.3719971,1.141698999,232.4658661
95750,246.7399939,1.141381488,232.4935168
96000,247.0189917,1.141410494,232.4761786
96250,246.4459937,1.141449962,232.4772192
96500,246.5379901,1.140926976,232.4871088
96750,247.3959955,1.140476499,232.4980408
97000,247.3959955,1.140476499,232.4980408
97250,246.1629987,1.139914975,232.4808582
97500,246.7119891,1.139766469,232.4900519
97750,245.7250061,1.139298491,232.4925232
98000,246.1100012,1.139502468,232.4846808
98250,246.8539886,1.13902647,232.4703387
98500,246.1139905,1.139158459,232.4752191
98750,245.8179999,1.138868489,232.476496
99000,247.2969934,1.13865798,232.4979724
99250,245.8180011,1.137787962,232.4685455
99500,245.9279932,1.138213959,232.4743341
99750,245.7450061,1.137779946,232.4623438
100000,246.0329883,1.137465992,232.4994373
100250,245.7250061,1.137025976,232.4906909
100500,245.9799957,1.136955976,232.5033264
100750,245.7460052,1.136424966,232.4721783
101000,246.0449878,1.136064467,232.4985065
101250,244.4009967,1.135759964,232.4972339
101500,246.0599884,1.135761461,232.4872284
101750,245.7660004,1.135807452,232.4572137
102000,244.8009961,1.135381474,232.506153
102250,245.745993,1.135475988,232.5022858
102500,245.4579919,1.135009961,232.489212
102750,245.1389966,1.134344959,232.4814935
103000,244.5349976,1.133947482,232.5003687
103250,245.6049933,1.133562474,232.5181677
103500,245.6049933,1.133562474,232.5181677
103750,245.1229926,1.133742967,232.4908344
104000,244.7630011,1.133891478,232.4881573
104250,245.6189929,1.133688474,232.486001
104500,244.8969965,1.133156991,232.458136
104750,244.6779938,1.132773972,232.4733826
105000,245.5979944,1.132386966,232.4813629
105250,243.6559918,1.125769968,232.4933264
105500,242.3859973,1.124287462,232.4743829
105750,242.3379956,1.120524478,232.4630121
106000,241.6129968,1.116809959,232.4998822
106250,239.7229926,1.114080963,232.4931122
106500,238.2649933,1.108950977,232.4834247
106750,239.5299933,1.10702497,232.4832697
107000,235.9889948,1.10389998,232.4838879
107250,237.1849939,1.102526979,232.5034222
107500,234.6519928,1.095635471,232.5138556
107750,235.5469934,1.090289478,232.5011267
108000,233.7649933,1.083934989,232.5049561
108250,230.1199976,1.082263975,232.47099
108500,233.3859943,1.076035457,232.521087
108750,228.9919952,1.066884484,232.5008563
109000,227.132995,1.064617457,232.4732117
109250,229.2649933,1.060635457,232.5153387
109500,225.4949939,1.058058462,232.4865265
109750,226.7819934,1.055236988,232.4848566
110000,226.7819934,1.055236988,232.4848566
110250,222.5949963,1.04867497,232.5147009
110500,225.1919952,1.047953992,232.5104584
110750,224.1649939,1.046801963,232.5154462
111000,221.9429913,1.04398047,232.4876086
111250,225.0229944,1.040561991,232.498089
111500,220.8379926,1.039508486,232.4971527
111750,219.452995,1.027367978,232.5170355
112000,220.5469928,1.025939474,232.4942151
112250,217.4999951,1.018915491,232.5116205
112500,217.4289929,1.019629965,232.5308942
112750,216.5999963,1.010579481,232.5403546
113000,215.1889917,1.006219974,232.525014
113250,213.3399945,1.000837986,232.4999109
113500,211.5939941,0.999256976,232.5282886
113750,213.3079962,0.996523464,232.5318848
114000,211.3789972,0.998830495,232.5405444
114250,211.4579938,0.991715474,232.5171906
114500,211.6379993,0.989468467,232.5195117
114750,208.8579968,0.987988973,232.5554785
115000,210.9959979,0.984538476,232.5132837
115250,208.528999,0.984127975,232.5240698
115500,209.7109918,0.981728473,232.5300836
115750,208.9659906,0.988194981,232.5384113
116000,208.1149915,0.979909987,232.5143292
116250,210.0279968,0.979170976,232.5333313
116500,210.0279968,0.979170976,232.5333313
116750,207.5209973,0.985052476,232.5034399
117000,208.2279968,0.97907546,232.5444281
117250,209.7899963,0.982951975,232.5172412
117500,207.5569965,0.98894397,232.5256464
117750,211.2509967,0.988338461,232.5457391
118000,210.5739923,0.993572464,232.5233649
118250,210.8789948,0.983851476,232.5264429
118500,208.7109973,0.97968549,232.4971899
118750,207.5639966,0.980912974,232.5501947
119000,210.4729962,0.989755981,232.508584
119250,209.3659918,0.982900975,232.5279498
119500,208.6049945,0.984792488,232.5480298
119750,210.4669965,0.987790983,232.5195581
120000,208.7169952,0.993986974,232.5117847
120250,210.4769971,0.993000486,232.5218311
120500,213.3369958,1.004943993,232.4945782
120750,211.772995,0.996327987,232.5240668
121000,211.7259937,0.998475461,232.5103906
121250,213.5809967,1.001042464,232.5002545
121500,212.3239978,1.002445467,232.5255267
121750,214.262995,1.002511976,232.5245728
122000,213.0530017,1.00348798,232.5382684
122250,214.3859998,1.007472477,232.5461334
122500,215.0879944,1.009190955,232.5380225
122750,215.0769946,1.011019464,232.5520404
123000,215.0769946,1.011019464,232.5520404
123250,216.2129944,1.012513967,232.5180914
123500,212.7819958,1.014206479,232.5495459
123750,217.2579932,1.011733949,232.5132263
124000,215.2009967,1.011527994,232.5132086
124250,213.6369952,1.014707966,232.5241107
124500,219.1799957,1.014215491,232.540249
124750,215.6209918,1.015821967,232.5392218
125000,216.9939941,1.020988979,232.5330121
125250,217.9059961,1.019810462,232.5539886
125500,217.2309949,1.020177975,232.5174713
125750,218.2749939,1.021552963,232.5437506
126000,218.2749939,1.020508966,232.5276526
126250,217.2009943,1.019463992,232.5096106
126500,218.5019922,1.020457978,232.5321259
126750,215.0489954,1.020494471,232.4949164
127000,219.4219946,1.021945972,232.5361292
127250,217.4659973,1.01840498,232.5107819
127500,215.0339911,1.017493458,232.5119934
127750,219.6929962,1.018955975,232.5048859
128000,215.4959949,1.015961978,232.5223535
128250,216.8449927,1.015864487,232.5189984
128500,217.5239948,1.01164247,232.529751
128750,214.8779907,1.009390459,232.5093524
129000,215.6699927,1.00942946,232.5242474
129250,215.1469952,1.012054486,232.4975836
129500,215.1469952,1.012054486,232.4975836
129750,215.2349957,1.005954981,232.5215131
130000,214.2999915,1.004883466,232.5139429
130250,212.5409949,1.004231467,232.530119
130500,214.9309943,0.995886965,232.4989343
130750,209.6419965,0.99102247,232.5248035
131000,211.0999963,0.991470983,232.5045667
131250,212.133996,0.993038485,232.5098773
131500,209.7949939,0.990685461,232.5031287
131750,211.1769971,0.986621962,232.5105341
132000,208.8179956,0.987493968,232.5216864
132250,211.8939972,0.987523985,232.4971344
132500,208.9039935,0.983384967,232.4920154
132750,206.9059961,0.982107975,232.5142737
133000,211.1089948,0.984316976,232.5475317
133250,207.1939948,0.977850475,232.5333643
133500,206.4959961,0.974487982,232.5038824
133750,206.7819922,0.972885485,232.5110687
134000,204.8149951,0.970009477,232.5136694
134250,206.2179938,0.966294975,232.5404309
134500,205.4999915,0.970716476,232.5289709
134750,207.1749951,0.968872468,232.5496057
135000,204.364986,0.958087473,232.5484045
135250,203.2829926,0.945332978,232.5436676
135500,185.8449933,0.875452487,232.5783826
135750,188.1719952,0.927024479,232.5691473
136000,188.1719952,0.927024479,232.5691473
136250,184.0759967,0.870969973,232.5678607
136500,192.9889941,0.948736978,232.5650311
136750,200.7549902,0.951706483,232.5260828
137000,202.5209894,0.944455979,232.5475732
137250,191.5559937,0.89367846,232.5662756
137500,191.8519971,0.918357468,232.5382483
137750,171.0249988,0.795551484,232.5721973
138000,174.273996,0.897061493,232.5356561
138250,163.2609985,0.782492974,232.5741357
138500,169.8939948,0.888150983,232.554964
138750,161.054993,0.776433504,232.5995789
139000,168.825994,0.90537997,232.5467816
139250,160.0159973,0.760449483,232.5977747
139500,144.0959998,0.783093975,232.5946057
139750,135.428999,0.691133971,232.6101343
140000,138.567998,0.795336483,232.5958527
140250,105.5829991,0.44226799,232.6582544
140500,63.19999947,0.57911798,232.67823
140750,78.99299835,0.445608988,232.6615979
141000,81.9419986,0.663320475,232.6017657
141250,107.594996,0.595050986,232.6605731
141500,100.9099982,0.667265499,232.6512018
141750,100.9089963,0.558925989,232.6532861
142000,95.65299988,0.676541986,232.6370911
142250,105.4999976,0.543301477,232.6397827
142500,105.4999976,0.543301477,232.6397827
142750,94.32599518,0.679688485,232.6396484
143000,124.8909955,0.660105474,232.6404156
143250,116.5409991,0.72568449,232.6117981
143500,116.3359967,0.63704248,232.6285101
143750,111.2169977,0.718427992,232.5958942
144000,111.3979996,0.524224483,232.6492633
144250,89.74099823,0.656479983,232.6288281
144500,104.8279968,0.538318986,232.6611707
144750,89.09799988,0.669316962,232.6170239
145000,109.3569983,0.600632474,232.6163043
145250,108.0569986,0.724953988,232.5987183
145500,135.0819983,0.692451975,232.5871283
145750,117.6709967,0.700806971,232.5957495
146000,116.7519971,0.646390986,232.6322711
146250,118.2919974,0.73405798,232.6162689
146500,129.4509979,0.677580986,232.6514697
146750,110.5529965,0.674316974,232.6234766
147000,109.3089984,0.583328998,232.6200842
147250,92.8389975,0.711486478,232.6166516
147500,132.8969965,0.700287976,232.5735669
147750,134.0429944,0.785427496,232.6011981
148000,153.907995,0.743520997,232.5828931
148250,131.2259976,0.746905978,232.5930249
148500,135.1009985,0.691950471,232.6233649
148750,120.134996,0.811904981,232.5933423
149000,120.134996,0.811904981,232.5933423
149250,157.4239966,0.743586476,232.5879095
149500,142.8389966,0.846575973,232.5959814
149750,185.826994,0.885115976,232.5711896
150000,170.7359991,0.829296982,232.5930566
150250,173.0179974,0.896146967,232.572616
150500,191.2619952,0.879864964,232.5606384
150750,159.5229974,0.78990648,232.5547333
151000,160.0819971,0.862390475,232.5605737
151250,182.3859961,0.856906972,232.56659
151500,156.2899988,0.821148486,232.5851831
151750,161.7079926,0.778789968,232.6003979
152000,142.8899969,0.782741477,232.6024615
152250,155.0449969,0.798206978,232.5718616
152500,162.3010004,0.84729548,232.5453571
152750,174.8899939,0.844543989,232.5596771
153000,163.637998,0.80752048,232.6063586
153250,154.4109985,0.754095478,232.6353265
153500,140.4869952,0.823741987,232.5907001
153750,173.9139984,0.839280984,232.5665192
154000,152.6049969,0.822328975,232.5792773
154250,169.1569946,0.801575477,232.5708234
154500,150.2280011,0.789147978,232.5940619
154750,160.3729974,0.797902479,232.5696649
155000,154.3249951,0.834427981,232.5861121
155250,171.5419977,0.828585491,232.5554041
155500,171.5419977,0.828585491,232.5554041
155750,145.2349982,0.750266974,232.6278137
156000,135.8309943,0.716444483,232.6465424
156250,127.0129977,0.729178474,232.6045099
156500,143.0689954,0.704653475,232.6259113
156750,105.7599951,0.665215485,232.6526624
157000,126.5299957,0.701235492,232.5931671
157250,118.8429977,0.657185991,232.6519495
157500,104.691998,0.64088598,232.6525116
157750,112.4779977,0.696780975,232.6418738
158000,127.5809985,0.695984471,232.6408435
158250,107.9689975,0.580896492,232.6528998
158500,87.69599884,0.527674978,232.6714636
158750,85.05999878,0.555712986,232.6414709
159000,93.21499817,0.605890989,232.6160559
159250,97.77500153,0.607127473,232.6468439
159500,94.98199951,0.571292493,232.6377496
159750,87.33199615,0.556461987,232.6321283
160000,89.73599701,0.546567487,232.633288
160250,76.42799866,0.470558981,232.6852893
160500,71.0139978,0.479353992,232.6473334
160750,68.54499817,0.477871488,232.6370374
161000,81.46199707,0.538209984,232.6452637
161250,80.9869989,0.521167502,232.7073273
161500,77.63299835,0.532556481,232.6623358
161750,87.7389978,0.550528493,232.6522748
162000,87.7389978,0.550528493,232.6522748
162250,88.55299774,0.565772483,232.6405042
162500,102.5619977,0.641600473,232.659339
162750,102.1009955,0.600126989,232.6496765
163000,90.99999939,0.542575498,232.6366779
163250,76.02499756,0.491458489,232.6853265
163500,67.38099915,0.532465484,232.64177
163750,101.2349966,0.621531484,232.6354205
164000,87.24999786,0.461584992,232.6735071
164250,59.85899857,0.430182487,232.664046
164500,73.25099823,0.501110493,232.6378058
164750,61.18199753,0.377217494,232.6814996
165000,59.52999893,0.465584489,232.6648499
165250,50.02699982,0.367754998,232.6975
165500,49.09499832,0.379732487,232.668606
165750,34.2789991,0.272973994,232.680874
166000,33.39299934,0.352633498,232.665835
166250,26.25199921,0.236823995,232.691438
166500,15.84499962,0.199885997,232.668772
166750,13.92799973,0.204449495,232.708645
167000,24.0059993,0.278455995,232.6534949
167250,20.96199944,0.237903494,232.6582794
167500,22.07099922,0.277939993,232.7072015
167750,22.6409993,0.232462997,232.6858466
168000,12.55999962,0.226071993,232.676441
168250,15.64599998,0.245538992,232.6909027
168500,15.64599998,0.245538992,232.6909027
168750,15.31599968,0.221714494,232.6669659
169000,15.93899925,0.200160496,232.7036139
169250,14.44699963,0.186288496,232.7181171
169500,13.98599945,0.191343994,232.693576
169750,15.94799969,0.191430997,232.7271216
170000,12.88399982,0.188238991,232.7198743
170250,13.95399948,0.195414497,232.6931085
170500,16.17099957,0.195433497,232.6940179
170750,13.32099983,0.193062493,232.726889
171000,15.58099983,0.189552496,232.7253308
171250,14.19099991,0.194568995,232.6930804
171500,15.71599983,0.204829496,232.6897589
171750,15.3269997,0.199958999,232.6784998
172000,15.58499969,0.190403495,232.6556348
172250,13.79299931,0.189532491,232.720545
172500,15.44600002,0.190336493,232.7209888
172750,14.36999954,0.183014996,232.711488
173000,13.29799942,0.188087994,232.7114124
173250,13.01299953,0.193240495,232.6994061
173500,22.85799927,0.27437099,232.7219171
173750,27.70799904,0.230732996,232.6644
174000,17.78499985,0.219814491,232.7132025
174250,18.4259993,0.197470995,232.7141608
174500,18.64799953,0.251240491,232.7084253
174750,21.88899963,0.223049992,232.6973059
175000,21.88899963,0.223049992,232.6973059
175250,20.74999985,0.257465993,232.6832214
175500,25.76599991,0.233958997,232.6942297
175750,31.24399994,0.359369484,232.6784381
176000,46.76199974,0.287993487,232.6952545
176250,22.63199947,0.349272493,232.7073047
176500,40.08599915,0.285171497,232.6901318
176750,24.69799942,0.295846999,232.7032355
177000,34.67599945,0.254414495,232.6859332
177250,26.01599915,0.302599987,232.6839978
177500,33.17999924,0.257122494,232.6951849
177750,27.17899956,0.349024502,232.6920734
178000,47.70299881,0.315535491,232.7043182
178250,37.88899902,0.436798483,232.6815527
178500,69.28199905,0.392513993,232.6631903
178750,43.90999908,0.473910993,232.6660266
179000,67.85699966,0.392071989,232.6701239
179250,34.8529995,0.42401999,232.6641388
179500,71.01899887,0.435992488,232.6933612
179750,44.39999908,0.341473994,232.6703204
180000,59.38399872,0.461426495,232.6225702
180250,55.54799805,0.415233992,232.6709082
180500,67.78599792,0.47047949,232.6645422
180750,60.0989978,0.43195599,232.6710858
181000,73.22099884,0.512234488,232.6733051
181250,74.98599854,0.509756987,232.676214
181500,74.98599854,0.509756987,232.676214
181750,82.13299805,0.524873481,232.6765839
182000,71.2669989,0.513921494,232.6637927
182250,102.5349973,0.699617493,232.6106055
182500,157.2169983,0.94979049,232.5454535
182750,139.2019971,0.600532973,232.6631055
183000,84.87399841,0.588683999,232.639892
183250,93.71799835,0.555465479,232.6434174
183500,81.20399689,0.510630496,232.6532422
183750,83.79499878,0.568083489,232.649422
184000,87.42799591,0.483963993,232.6968127
184250,74.92999969,0.548332486,232.654259
184500,91.11199829,0.594542482,232.6418475
184750,94.90199677,0.574905996,232.6382587
185000,84.1989978,0.507089487,232.6682379
185250,90.1819986,0.619593482,232.6260669
185500,102.9789969,0.591021984,232.646936
185750,88.94599823,0.555452993,232.6366589
186000,87.16399841,0.581580486,232.6358112
186250,87.35899841,0.514085004,232.6650885
186500,55.2579985,0.369887488,232.6559302
186750,50.07499985,0.414142495,232.6746661
187000,62.67399857,0.486258484,232.621145
187250,122.9259979,0.89850848,232.5578406
187500,205.5899957,0.975760977,232.5335785
187750,208.6919965,0.975949466,232.527644
188000,208.6919965,0.975949466,232.527644
188250,207.1869965,0.976426985,232.5298584
188500,208.1980023,0.978006973,232.532821
188750,209.0529926,0.979155457,232.5392242
189000,206.6409949,0.960928485,232.5742987
189250,152.7559959,0.513958987,232.6573602
189500,36.85299881,0.40857648,232.6511237
189750,64.31099991,0.480576988,232.6642981
190000,76.9739978,0.494739977,232.6514386
190250,66.80100021,0.41605099,232.6795306
190500,36.76199951,0.465064992,232.6392175
190750,151.8759976,0.948933971,232.5431464
191000,207.3869983,0.984886971,232.554411
191250,209.8299951,0.984443979,232.5246332
191500,209.3639935,0.981611984,232.5336353
191750,197.1549908,0.853980479,232.5838019
192000,108.8139992,0.466766489,232.647226
192250,62.69599884,0.475683976,232.658067
192500,67.05200012,0.419586983,232.6798425
192750,41.59999802,0.36477749,232.6865771
193000,66.12299927,0.690697975,232.6303143
193250,179.5149985,0.958778989,232.5526123
193500,210.9439966,0.986935987,232.5325952
193750,210.8889966,0.985620482,232.5500842
194000,207.8999951,0.983467486,232.5334485
194250,214.9809979,1.030113978,232.5384882
194500,214.9809979,1.030113978,232.5384882
194750,179.1710007,0.71785497,232.6411224
195000,58.60799812,0.310809994,232.6776819
195250,26.82199966,0.247200996,232.7084424
195500,28.01899986,0.266202992,232.6807172
195750,26.36399979,0.2420565,232.664834
196000,22.32999832,0.193838494,232.6867627
196250,16.83299938,0.219009494,232.7084027
196500,20.98799965,0.218391491,232.676731
196750,20.15699966,0.216248497,232.6901855
197000,19.60699982,0.216204494,232.6742902
197250,17.39199944,0.180221997,232.675235
197500,15.78599945,0.213561494,232.6880811
197750,23.14199944,0.220770994,232.6987787
198000,21.01799988,0.225762998,232.6786005
198250,22.43199951,0.232642497,232.6979364
198500,24.64099907,0.219090491,232.7032275
198750,17.83299942,0.209633996,232.7060413
199000,20.06699974,0.219106997,232.7044952
199250,20.06499954,0.207320496,232.7092096
199500,17.00999943,0.201102995,232.694115
199750,19.4679998,0.198334994,232.6963849
200000,16.34499943,0.202253494,232.6915399
200250,19.47899979,0.221344497,232.7037134
200500,22.13299988,0.219183492,232.6864026
200750,20.49799965,0.218800493,232.675769
201000,20.49799965,0.218800493,232.675769
201250,20.00999962,0.220612993,232.6949084
201500,19.64399872,0.193716993,232.7212347
201750,18.33399982,0.205982994,232.6900677
202000,18.45499962,0.206594995,232.6743866
202250,19.14499992,0.209382495,232.7133313
202500,19.95200012,0.212123495,232.7220441
202750,15.30899952,0.186854495,232.71901
203000,20.20799942,0.222922994,232.6993634
203250,21.54599983,0.212879992,232.7049066
203500,19.25399994,0.220065492,232.6935034
203750,22.145,0.232395993,232.6708423
204000,21.29799961,0.197844495,232.7177209
204250,15.67399963,0.205824494,232.7190637
204500,19.22400032,0.211074995,232.685116
204750,19.22500038,0.207266493,232.7027063
205000,19.22500038,0.210845496,232.6971478
205250,18.09599976,0.183228996,232.6993799
205500,16.07199932,0.210278496,232.6637524
205750,19.65699921,0.214643493,232.6822742
206000,20.76899963,0.220394494,232.6730591
206250,21.54099953,0.226266493,232.6819446
206500,24.94199989,0.274390494,232.711131
206750,36.67699875,0.273225002,232.7185852
207000,26.62199898,0.227834495,232.7122833
207250,18.73399963,0.217010996,232.6847467
207500,18.73399963,0.217010996,232.6847467
207750,20.7529995,0.21556649,232.7062329
208000,20.82499962,0.201495996,232.6996594
208250,13.61599998,0.201518492,232.6857794
208500,22.16199944,0.220880993,232.6803467
208750,20.36199959,0.212748995,232.6717444
209000,17.54699955,0.212127494,232.6922186
209250,22.09599991,0.229678498,232.6849237
209500,22.69899963,0.213646495,232.6923706
209750,18.34499977,0.207603994,232.6890887
210000,18.7779998,0.204288493,232.6920734
210250,18.18999977,0.199523994,232.6944653
210500,18.11899994,0.207221497,232.6821301
210750,20.82499985,0.193070493,232.6520001
211000,13.26799992,0.199326996,232.6706738
211250,20.19399948,0.218752996,232.6677472
211500,20.90499863,0.215538995,232.695033
211750,21.35599968,0.244227988,232.6929553
212000,24.63799919,0.227240494,232.661991
212250,22.22900017,0.213070496,232.6565887
212500,18.58099968,0.216030996,232.6763934
212750,21.29099953,0.216166492,232.6873535
213000,20.30699921,0.214015489,232.6896246
213250,18.42699959,0.217701995,232.6737531
213500,22.15899956,0.215941995,232.6831238
213750,29.52900002,0.286497988,232.6680566
214000,29.52900002,0.286497988,232.6680566
214250,27.8959993,0.266199492,232.666626
214500,29.59799934,0.248849497,232.6856482
214750,26.87399963,0.264521995,232.6609601
215000,29.72499847,0.255702994,232.6600824
215250,32.61299866,0.328465489,232.6748413
215500,41.28199875,0.278412992,232.6451697
215750,37.04199928,0.354445993,232.6448431
216000,51.77199814,0.342802991,232.6957605
216250,30.67099915,0.255963,232.6434039
216500,33.38999947,0.34753049,232.6867932
216750,45.14599808,0.312435988,232.6823132
217000,27.03600014,0.259571993,232.6978595
217250,27.06999947,0.240822498,232.7299304
217500,26.78199974,0.303377996,232.7023145
217750,44.48599884,0.305624489,232.6753387
218000,36.90699997,0.367523495,232.6833801
218250,52.83399933,0.381592498,232.6528741
218500,42.7959993,0.37507799,232.6563422
218750,52.11199875,0.342730987,232.6385944
219000,36.69499969,0.341300497,232.6647998
219250,54.52799942,0.405501488,232.6530573
219500,48.82099976,0.330458488,232.6714984
219750,32.52299904,0.292701499,232.6888574
220000,36.28999908,0.326551493,232.6841473
220250,43.46199966,0.313894494,232.6406165
220500,43.46199966,0.313894494,232.6406165
220750,36.43199951,0.293220495,232.6422205
221000,33.27299942,0.287582997,232.6612909
221250,39.43799942,0.35862699,232.6530267
221500,55.5979985,0.398873488,232.6515851
221750,51.37999908,0.328949493,232.6642438
222000,35.94799911,0.325193497,232.6566284
222250,48.21099869,0.347177496,232.6653943
222500,38.26399933,0.324044491,232.6379852
222750,51.02399826,0.437723994,232.6501947
223000,71.73899811,0.461395483,232.6478503
223250,69.42199951,0.452544986,232.6446185
223500,70.33299896,0.458218491,232.6529028
223750,63.02799881,0.431875989,232.6657843
224000,63.30499939,0.454362981,232.6568591
224250,63.68399857,0.428367487,232.6581384
224500,65.70099823,0.42761049,232.6439868
224750,55.97499939,0.442815495,232.6265466
225000,78.79199677,0.540654488,232.6207471
225250,78.7019986,0.460290481,232.6402338
225500,64.15299881,0.438558482,232.6710596
225750,62.19599823,0.446103492,232.6600482
226000,76.99599838,0.498804488,232.6231232
226250,66.97499878,0.423225489,232.6436578
226500,61.78099869,0.425921988,232.6609967
226750,70.41299789,0.463519489,232.6605994
227000,70.41299789,0.463519489,232.6605994
227250,63.81599899,0.453987491,232.6808905
227500,77.57099976,0.551746979,232.6260333
227750,87.74999817,0.516758991,232.6503485
228000,73.39399902,0.444984481,232.6600757
228250,67.17099976,0.47769599,232.6798761
228500,82.11299835,0.509626487,232.6395135
228750,62.82900024,0.385204482,232.67625
229000,58.00799927,0.445677487,232.6477374
229250,64.71699768,0.40073449,232.6341473
229500,53.44099899,0.410948493,232.668067
229750,65.38799866,0.482809492,232.6666846
230000,85.78699829,0.529902489,232.6427795
230250,68.94999878,0.408694484,232.6724249
230500,64.29999924,0.473416492,232.6216815
230750,66.51699829,0.441412983,232.6765686
231000,66.50099777,0.483632987,232.6494202
231250,66.21699783,0.436604484,232.6762335
231500,73.36800018,0.494967986,232.6653125
231750,73.18299835,0.435461984,232.6631958
232000,66.62799911,0.482355483,232.6737122
232250,65.06399857,0.43042399,232.6653357
232500,69.1389978,0.489953496,232.6498975
232750,63.1359993,0.362084485,232.6793207
233000,37.77999954,0.282915995,232.6975391
233250,38.35299957,0.324316499,232.6690826
233500,38.35299957,0.324316499,232.6690826
233750,41.93399887,0.332841493,232.7082813
234000,41.97499847,0.360614493,232.7380499
234250,67.43999878,0.548929484,232.6484033
234500,87.61799774,0.490133479,232.6616962
234750,70.95899872,0.458229984,232.6440747
235000,65.50099884,0.42598549,232.6639459
235250,73.37799927,0.543769488,232.6362854
235500,66.57999939,0.364595993,232.6758844
235750,59.98099777,0.53233248,232.6412256
236000,73.31099716,0.363972992,232.6639227
236250,44.77799835,0.419579993,232.676322
236500,47.91599838,0.278933489,232.7086658
236750,30.97399918,0.305350989,232.6739117
237000,36.98999939,0.272932492,232.6967059
237250,40.25799904,0.402120495,232.6792255
237500,49.3709993,0.293596491,232.6919611
237750,38.70099854,0.428443488,232.6737787
238000,54.33999847,0.329854989,232.6879608
238250,49.64299942,0.461282488,232.6869867
238500,60.09099846,0.334055494,232.6827234
238750,40.62499908,0.429020989,232.6573132
239000,53.7519986,0.307311496,232.6809314
239250,38.5259996,0.399852489,232.673938
239500,54.95699921,0.307517991,232.6754254
239750,28.99499969,0.276827998,232.6933154
240000,28.99499969,0.276827998,232.6933154
240250,34.11999924,0.25169499,232.6626117
240500,29.00999931,0.354971484,232.6639771
240750,45.62199844,0.297516493,232.6791388
241000,42.87099922,0.436464982,232.6616339
241250,63.58499725,0.336175494,232.6736676
241500,39.9129995,0.427206988,232.6333051
241750,57.14899826,0.337634487,232.6627625
242000,35.80199898,0.368638986,232.6738257
242250,51.35499893,0.323935989,232.6557379
242500,34.23599945,0.264468997,232.6758612
242750,22.27599937,0.203389497,232.709754
243000,20.73299973,0.255870993,232.7187549
243250,31.72099945,0.269134992,232.6980566
243500,26.2139994,0.273576994,232.6992499
243750,37.03999939,0.324319485,232.6899835
244000,37.89799927,0.29747699,232.7362329
244250,33.25699966,0.320538994,232.7039056
244500,46.2859993,0.327928988,232.6891943
244750,35.09899902,0.315586993,232.6776117
245000,41.11499908,0.31262049,232.6865778
245250,31.88699921,0.253718992,232.6957611
245500,25.81499931,0.281066992,232.6674493
245750,36.65499847,0.297406991,232.6940094
246000,31.02899933,0.273759993,232.7154248
246250,32.84499939,0.287489991,232.6900903
246500,32.84499939,0.287489991,232.6900903
246750,33.81199875,0.277012998,232.7033368
247000,29.46299919,0.275422995,232.7282587
247250,39.58099899,0.334539992,232.6847455
247500,47.95999802,0.365351992,232.6540894
247750,54.23299911,0.378579996,232.6469861
248000,39.95799957,0.321165491,232.6760901
248250,46.95999954,0.326915984,232.6669611
248500,35.76599899,0.291950991,232.6472845
248750,38.98899902,0.323225988,232.6711322
249000,46.61799927,0.328980497,232.6481067
249250,42.89800018,0.348331485,232.6671716
249500,54.43799805,0.417403996,232.6435266
249750,70.67099823,0.455013497,232.6476093
250000,67.28799896,0.425901489,232.6523639
250250,56.13199844,0.400490489,232.6536829
250500,74.24899979,0.501365483,232.63284
250750,79.47399872,0.483506485,232.64617
251000,70.65099976,0.44549899,232.6673877
251250,73.26599823,0.482795987,232.6845123
251500,73.45700012,0.457684487,232.6564905
251750,69.38499786,0.458772993,232.6342755
252000,86.68299896,0.55920598,232.6339227
252250,84.71099854,0.475342484,232.660412
252500,67.81899872,0.422208482,232.645636
252750,73.40599762,0.469290494,232.6567303
253000,73.40599762,0.469290494,232.6567303
253250,76.97399841,0.491068999,232.674035
253500,87.9309967,0.545318983,232.6405371
253750,91.01099945,0.549456494,232.6549463
254000,103.6079984,0.617554991,232.6371149
254250,101.7379984,0.581686988,232.622149
254500,102.0349982,0.593469989,232.619209
254750,104.2060001,0.601162486,232.5975708
255000,103.7449976,0.611782484,232.6008734
255250,107.4619974,0.627023485,232.6258417
255500,114.4049979,0.653760469,232.627417
255750,104.0579965,0.55871448,232.6303381
256000,98.24199799,0.60066498,232.6219904
256250,110.1559979,0.644345992,232.6237048
256500,112.0629984,0.633323982,232.6290002
256750,107.5589957,0.627486484,232.6257397
257000,108.4789981,0.617230992,232.6116162
257250,102.1579974,0.596678996,232.6209058
257500,112.4779968,0.679892476,232.5986578
257750,115.9429977,0.643209963,232.6460992
258000,116.4249985,0.697737472,232.5903552
258250,116.5729971,0.64139498,232.6072748
258500,117.5009976,0.679865978,232.6093634
258750,122.0349969,0.701673982,232.6139453
259000,130.8679987,0.743016989,232.5929388
259250,128.8859991,0.670987489,232.5865607
259500,128.8859991,0.670987489,232.5865607
259750,113.1909973,0.659511983,232.5927594
260000,113.5549966,0.68611799,232.5931464
260250,123.630997,0.728962994,232.6065216
260500,136.1629974,0.742068484,232.5918713
260750,135.4279974,0.745992475,232.5737756
261000,133.8679968,0.745389478,232.5776324
261250,140.1129956,0.752859466,232.5831073
261500,130.0189966,0.719720993,232.6160907
261750,136.992998,0.798880973,232.5756097
262000,152.1329987,0.787917485,232.5695526
262250,146.7269983,0.772128477,232.5849799
262500,146.6119983,0.786632981,232.5675623
262750,145.2969952,0.788121967,232.5908582
263000,146.9869946,0.778531983,232.5822015
263250,140.9569952,0.741932473,232.6044012
263500,137.5579999,0.77989198,232.591507
263750,150.5609973,0.773138478,232.5896191
264000,134.6459985,0.716689987,232.6130646
264250,130.4669968,0.762887981,232.590025
264500,142.5859973,0.763519483,232.5856171
264750,133.8309955,0.743234973,232.6115558
265000,138.0789972,0.770319989,232.5825531
265250,137.4689984,0.709919488,232.6119293
265500,128.4649988,0.758429959,232.5993542
265750,145.8009985,0.78126899,232.6167847
266000,145.8009985,0.78126899,232.6167847
266250,149.2809967,0.781613979,232.5826508
266500,147.5229999,0.767166986,232.5706244
266750,147.6459991,0.802219982,232.5741852
267000,159.2079919,0.829268482,232.5917706
267250,165.1519958,0.797066493,232.5999524
267500,149.5029974,0.811144979,232.5656885
267750,151.3299982,0.782639487,232.6040485
268000,149.3169965,0.820622966,232.5705615
268250,161.5149994,0.813998966,232.5647864
268500,153.7589972,0.772879481,232.5559619
268750,145.7499994,0.805297987,232.5912158
269000,161.4689978,0.808035982,232.558562
269250,152.1549969,0.794759486,232.5808832
269500,147.6589984,0.793994486,232.5685376
269750,146.685,0.785311484,232.5800269
270000,149.2039935,0.816224964,232.5503882
270250,158.9049994,0.803601477,232.6018433
270500,145.3119971,0.719694488,232.5993445
270750,119.8719965,0.719221988,232.5982147
271000,138.0939954,0.780179491,232.5815063
271250,150.9909961,0.820890985,232.570274
271500,159.2049945,0.834452982,232.5769794
271750,162.2109985,0.799951975,232.6090186
272000,150.5829968,0.795380478,232.5998419
272250,153.2459998,0.79440748,232.6228259
272500,153.2459998,0.79440748,232.6228259
272750,146.6019965,0.767938983,232.6075726
273000,141.4449963,0.769371986,232.5835645
273250,142.3289984,0.756825979,232.59453
273500,133.9099951,0.731791985,232.6015283
273750,131.1659973,0.724115984,232.5945721
274000,131.8239966,0.730521481,232.6191138
274250,134.3779968,0.692581489,232.6300348
274500,112.9379993,0.649478974,232.6154187
274750,121.2819971,0.740260479,232.5929382
275000,137.3089954,0.72800849,232.5876764
275250,122.3259976,0.696857493,232.6130103
275500,125.4679971,0.68445498,232.6452905
275750,112.5449969,0.583112475,232.62836
276000,89.29799896,0.582717981,232.5954108
276250,111.1839969,0.640161481,232.6098193
276500,101.0109985,0.609685984,232.6339624
276750,109.2479968,0.628921988,232.6122278
277000,98.90099854,0.573213491,232.6340411
277250,99.09299896,0.587178471,232.6364893
277500,93.36499756,0.523133495,232.6396753
277750,89.01199829,0.553264487,232.6178894
278000,95.26399689,0.574434488,232.6193854
278250,98.50399719,0.586371465,232.6324335
278500,95.19699951,0.563037493,232.6486987
278750,90.32199646,0.517744982,232.6607367
279000,90.32199646,0.517744982,232.6607367
279250,69.74699936,0.42492399,232.6576666
279500,71.82699799,0.473826983,232.6866174
279750,85.16499695,0.576874487,232.6432819
280000,99.27399719,0.569109476,232.6476733
280250,81.21299713,0.460911983,232.648028
280500,65.92699799,0.43178599,232.6521301
280750,61.88299957,0.423972487,232.6649719
281000,78.34699707,0.514212486,232.6525366
281250,83.88299805,0.537931983,232.6328015
281500,85.9369986,0.510586978,232.6565399
281750,76.26699646,0.467475995,232.6583679
282000,68.95599945,0.461378484,232.6627863
282250,76.3489975,0.511714494,232.6482117
282500,69.74799835,0.441160979,232.6726031
282750,73.04299881,0.483385991,232.6482434
283000,73.02699951,0.467987983,232.6746198
283250,74.35199768,0.486766487,232.6328839
283500,77.38299805,0.463772979,232.6313141
283750,65.25199844,0.441439488,232.6705072
284000,77.0289978,0.542738495,232.6314819
284250,78.55899811,0.441891983,232.6480499
284500,53.44099884,0.347128494,232.6445142
284750,52.39499939,0.400743994,232.6510278
285000,65.67399796,0.471382997,232.6345605
285250,79.48399811,0.523327491,232.6435394
285500,79.48399811,0.523327491,232.6435394
285750,85.60399872,0.548162982,232.6189459
286000,87.26099945,0.543660984,232.6239545
286250,88.05999725,0.510476991,232.6397461
286500,73.99400009,0.427775486,232.646507
286750,74.15699829,0.56528249,232.6491528
287000,84.69799774,0.479780992,232.6592035
287250,68.06599884,0.471406982,232.6545941
287500,73.90499878,0.46613699,232.6337213
287750,85.65499603,0.59243048,232.6265869
288000,97.7139978,0.570723493,232.6249005
288250,87.37099976,0.497445996,232.6407623
288500,77.88099945,0.514241488,232.6223914
288750,81.57799896,0.538156991,232.6320398
289000,89.03399567,0.549747989,232.6504999
289250,88.39799835,0.538966973,232.6588422
289500,90.10499908,0.559815476,232.6610669
289750,95.82300079,0.592780483,232.6133527
290000,103.2709979,0.632329993,232.6191302
290250,104.3639969,0.617361488,232.6324689
290500,99.95500031,0.622352989,232.6561462
290750,108.9509985,0.645244992,232.6435944
291000,114.2749976,0.65941299,232.6042804
291250,121.1879971,0.741622972,232.612937
291500,142.798999,0.759393477,232.6163391
291750,139.812998,0.785638494,232.5936823
292000,139.812998,0.785638494,232.5936823
292250,145.4959985,0.755039973,232.606922
292500,135.7899994,0.788448482,232.6047638
292750,153.3479938,0.789711988,232.6122888
293000,145.2759967,0.771118476,232.6007605
293250,140.5349994,0.731293478,232.633421
293500,129.6699951,0.737722988,232.5729065
293750,136.137998,0.760239487,232.6018274
294000,144.1959991,0.787666981,232.5644519
294250,149.5029938,0.779846978,232.6049774
294500,146.8959967,0.800395467,232.5752759
294750,156.2639948,0.853920975,232.5750812
295000,172.5039978,0.833556967,232.5484424
295250,160.0299915,0.84151098,232.5738354
295500,171.4549963,0.858980486,232.5592828
295750,168.5809973,0.829863484,232.6012842
296000,165.6899994,0.891630979,232.5640826
296250,183.7019958,0.890878971,232.603642
296500,167.2799921,0.835774477,232.5941052
296750,160.6139948,0.848777471,232.5747693
297000,171.3959924,0.862526479,232.5579681
297250,171.0739978,0.84346648,232.5845386
297500,165.558999,0.85867898,232.5482898
297750,182.5489972,0.94441648,232.5541791
298000,197.0849921,0.948210473,232.5495288
298250,188.0759937,0.912818975,232.5444348
298500,188.0759937,0.912818975,232.5444348
298750,180.851994,0.887058971,232.5620837
299000,174.6689954,0.867359979,232.5663367
299250,170.1009955,0.857943981,232.5627386
299500,171.2919928,0.870920975,232.5805231
299750,174.0739941,0.898881476,232.5574994
300000,184.4809973,0.88706347,232.5733069
300250,164.8819958,0.840792482,232.5470093
300500,164.9559949,0.859537461,232.5558508
300750,179.9619971,0.883630476,232.5410583
301000,168.0419946,0.856619971,232.5949536
301250,170.6029956,0.852025979,232.5729803
301500,154.9889923,0.799583488,232.5937231
301750,147.7499982,0.804746473,232.5841681
302000,158.8409943,0.842509484,232.5920105
302250,167.9479926,0.853835485,232.5853876
302500,171.6139948,0.841593466,232.5691382
302750,153.2199982,0.81173198,232.5872278
303000,157.1419952,0.811132486,232.615368
303250,147.1659967,0.806175485,232.5748492
303500,162.4929968,0.836994987,232.5689374
303750,151.0429962,0.750760474,232.5786096
304000,139.1749957,0.750329971,232.5851428
304250,133.7969977,0.749890985,232.5804907
304500,140.6499957,0.76350848,232.5912183
304750,134.7779987,0.723506489,232.6196649
305000,134.7779987,0.723506489,232.6196649
305250,132.596994,0.734400492,232.588457
305500,128.9659991,0.71362047,232.6158917
305750,126.8279977,0.719196475,232.6128632
306000,132.4279944,0.712671978,232.6231293
306250,112.1709967,0.61532897,232.63065
306500,106.3619977,0.617653487,232.6409448
306750,104.4309973,0.611819482,232.6105298
307000,107.7409982,0.672202992,232.6040259
307250,113.2549963,0.639260478,232.6147949
307500,104.225997,0.607068481,232.6091565
307750,94.47699768,0.563633492,232.6491779
308000,84.57299713,0.474466988,232.6850183
308250,70.2289978,0.473998991,232.6439722
308500,82.33699799,0.543460984,232.664881
308750,87.59,0.517301984,232.655011
309000,77.71199921,0.470328997,232.6741473
309250,62.78999939,0.404554991,232.6474084
309500,64.88799789,0.457733489,232.6482037
309750,75.53499878,0.487438498,232.6574664
310000,75.27899719,0.465601989,232.6539532
310250,72.2269989,0.468059988,232.6463135
310500,67.42799957,0.384990989,232.6567206
310750,53.61499908,0.385714493,232.6684198
311000,49.08099823,0.35867299,232.6834589
311250,58.37299881,0.416815985,232.6820978
311500,58.37299881,0.416815985,232.6820978
311750,57.31999817,0.349744496,232.7014655
312000,41.38999924,0.303935492,232.6872662
312250,43.58599945,0.330723995,232.668866
312500,42.85299942,0.305410496,232.6680658
312750,40.2729982,0.324895494,232.6796735
313000,52.07199738,0.382539492,232.6335455
313250,52.29899979,0.363320984,232.68677
313500,57.67899918,0.429991486,232.6466254
313750,63.00599945,0.392119991,232.6855225
314000,53.69199768,0.339047986,232.6466498
314250,43.71699951,0.315926993,232.6939691
314500,53.07999817,0.429081485,232.6454749
314750,62.15999908,0.340091994,232.6685864
315000,44.00699966,0.355415498,232.6447003
315250,54.1569986,0.367137995,232.6852423
315500,57.75999786,0.401620487,232.6193689
315750,60.82699921,0.433533992,232.6503082
316000,68.50499847,0.447791487,232.6593542
316250,67.23599945,0.423727986,232.6538483
316500,59.68299789,0.417992994,232.6602563
316750,64.74599945,0.444399991,232.6370978
317000,76.34899963,0.540823486,232.6349377
317250,87.35299713,0.504072489,232.6788586
317500,75.8219986,0.512825994,232.6565637
317750,80.41099854,0.47231748,232.6697168
318000,80.41099854,0.47231748,232.6697168
318250,73.15199738,0.470025493,232.6560028
318500,73.82599976,0.490285988,232.658786
318750,81.25199951,0.532389987,232.6143604
319000,88.13599792,0.54272598,232.6386096
319250,86.70199951,0.53102149,232.6614655
319500,91.29299561,0.596082978,232.6361627
319750,102.1369992,0.601790984,232.6422986
320000,100.7519971,0.631944475,232.6086279
320250,108.3489969,0.611137989,232.6143384
320500,101.1899994,0.599676995,232.646698
320750,100.0529965,0.618789985,232.6354889
321000,110.7179996,0.658990979,232.6256335
321250,115.4369949,0.67571898,232.6191479
321500,119.8669983,0.688121994,232.6298651
321750,120.5719992,0.68971597,232.6023138
322000,123.0069958,0.716519496,232.6080743
322250,135.1789972,0.749038968,232.6124762
322500,138.8159998,0.768134983,232.5694434
322750,146.8069965,0.806254983,232.5919946
323000,158.1139954,0.828760972,232.5964032
323250,155.0490002,0.785677493,232.6089355
323500,146.6149969,0.766551492,232.6213062
323750,144.9679968,0.786091495,232.6019043
324000,147.4919983,0.831522479,232.5731305
324250,175.6309943,0.913329971,232.5555939
324500,175.6309943,0.913329971,232.5555939
324750,191.8039978,0.907420974,232.5527545
325000,175.8519946,0.876884484,232.5604327
325250,183.0789948,0.917032473,232.5497321
325500,189.7369934,0.930580466,232.5613208
325750,191.9699963,0.944965978,232.5484753
326000,200.4449945,0.958453965,232.5395532
326250,198.1319977,0.94908998,232.5437
326500,202.0719971,0.984069474,232.5105151
326750,212.6959991,0.991124983,232.5196094
327000,197.1989923,0.925301979,232.5577399
327250,188.6399963,0.932311487,232.5580029
327500,196.1190027,0.950322983,232.5589954
327750,199.9569958,0.948739479,232.5292993
328000,195.0749976,0.930125966,232.5484833
328250,184.4349994,0.898594975,232.5625848
328500,188.5779938,0.907205484,232.5570258
328750,185.3969946,0.931002474,232.5363141
329000,203.7119952,0.994957483,232.5066791
329250,213.7849939,0.981349466,232.5197052
329500,193.6279968,0.923227978,232.5600244
329750,189.7249963,0.905424984,232.5654413
330000,172.4049994,0.879946976,232.5685248
330250,193.485,0.957093973,232.5590857
330500,203.0289948,0.963931489,232.537345
330750,196.2489948,0.924670978,232.527146
331000,196.2489948,0.924670978,232.527146
331250,191.502998,0.919539969,232.5137311
331500,187.5519958,0.916742961,232.5259619
331750,184.6579974,0.902857969,232.5474188
332000,192.2639996,0.928373473,232.5351709
332250,187.0109961,0.905843468,232.5607135
332500,180.667998,0.866544478,232.5673969
332750,172.0659918,0.847027981,232.5544171
333000,162.0589972,0.809820976,232.5908807
333250,154.3589911,0.80219898,232.5898004
333500,160.1229987,0.831726983,232.5876965
333750,156.9499902,0.797999923,232.5925037
334000,153.4649939,0.79842344,232.5875421
334250,150.041994,0.801011477,232.5695465
334500,155.8239966,0.822677979,232.5519781
334750,151.6029962,0.795837479,232.5933167
335000,151.6259937,0.796709483,232.5705206
335250,149.6319989,0.776138971,232.5958405
335500,147.4299976,0.809313984,232.5684637
335750,156.5019983,0.796849477,232.5884259
336000,144.0609967,0.749634476,232.571217
336250,136.6459979,0.759142971,232.5828278
336500,135.0729953,0.710050983,232.5912878
336750,122.5859976,0.698576972,232.6160736
337000,120.5169971,0.69144397,232.5912817
337250,119.2839969,0.652485986,232.6154895
337500,119.2839969,0.652485986,232.6154895
337750,103.9889984,0.57889349,232.6258594
338000,93.98399872,0.55362849,232.6128375
338250,83.01299835,0.488522984,232.632771
338500,81.02499969,0.530601983,232.6349139
338750,82.7089978,0.491315991,232.6396924
339000,78.4259967,0.50932199,232.6357056
339250,85.5759967,0.516026992,232.6212927
339500,74.63499878,0.425476494,232.6554163
339750,62.20799881,0.433771993,232.660481
340000,64.29999817,0.384241987,232.6757684
340250,45.97799957,0.320945992,232.6461469
340500,39.30299789,0.306516991,232.6624261
340750,47.47799927,0.351035993,232.630885
341000,49.64999954,0.358067992,232.6743866
341250,49.3159996,0.339775488,232.6740741
341500,46.84799957,0.324569992,232.6675146
341750,47.72399963,0.385934489,232.6479932
342000,52.67599762,0.33588149,232.68341
342250,40.74399994,0.308248492,232.6729309
342500,43.81899963,0.31472299,232.6931537
342750,40.00599899,0.302266494,232.6677002
343000,40.93499863,0.320521494,232.6752753
343250,45.44499847,0.313992989,232.6581427
343500,39.89899857,0.303670492,232.7045404
343750,38.00799896,0.298723996,232.6830902
344000,38.00799896,0.298723996,232.6830902
344250,40.51799881,0.294743499,232.6531635
344500,35.44899948,0.294288493,232.6840033
344750,38.56399826,0.299423486,232.6712109
345000,40.67799927,0.309185996,232.6751447
345250,40.0119986,0.300225995,232.6892358
345500,38.53899979,0.303021995,232.6607281
345750,43.25999924,0.32253299,232.6672498
346000,43.27299927,0.307472987,232.6708405
346250,39.22599899,0.305835484,232.6848755
346500,40.26099899,0.316955492,232.6806738
346750,46.97699905,0.327675495,232.6674023
347000,44.40999939,0.329853992,232.6601147
347250,46.31499893,0.335166991,232.6845624
347500,46.94999924,0.316737988,232.6635779
347750,42.03499863,0.342391992,232.6871222
348000,49.68699936,0.349845998,232.6500751
348250,53.31599823,0.381026495,232.6633557
348500,55.35199936,0.422548989,232.6235596
348750,65.25399811,0.398103489,232.6460663
349000,56.11599808,0.390466988,232.6615753
349250,60.68899963,0.473989987,232.6353632
349500,82.27900024,0.502847978,232.6431055
349750,85.90899719,0.572117484,232.6224634
350000,98.41999756,0.632549477,232.6221954
350250,107.2539972,0.607807975,232.6049042
350500,107.2539972,0.607807975,232.6049042
350750,99.35799805,0.594966471,232.5936884
351000,106.4579977,0.663075974,232.5993628
351250,115.1589972,0.657852473,232.5895422
351500,109.9829977,0.642352989,232.5954987
351750,111.9319965,0.667327979,232.6136432
352000,113.7429977,0.637033486,232.6147546
352250,106.7919992,0.662945991,232.6106171
352500,122.4079956,0.694410477,232.6026422
352750,116.2609958,0.700863476,232.6047406
353000,130.6569995,0.732477493,232.6014734
353250,134.652002,0.733128994,232.5980267
353500,130.1229984,0.711043484,232.5817377
353750,128.8429996,0.725943494,232.5690668
354000,140.1689954,0.79714047,232.5765948
354250,157.5419952,0.829562478,232.6016364
354500,165.4199951,0.823685989,232.5915039
354750,155.2229956,0.794126987,232.5967139
355000,154.4259979,0.819785991,232.5973413
355250,165.2999969,0.869044979,232.5835541
355500,181.357002,0.884500465,232.5524438
355750,176.1689996,0.870475471,232.5837073
356000,174.5929968,0.897885983,232.5602112
356250,193.3989966,0.938205972,232.5368329
356500,191.347998,0.923502965,232.546145
356750,191.2889954,0.935688477,232.5496021
357000,191.2889954,0.935688477,232.5496021
357250,197.6569952,0.947172472,232.5059375
357500,193.4989935,0.939646473,232.5493121
357750,200.1109961,0.976721985,232.5301392
358000,206.2359955,0.969524989,232.5432977
358250,191.6339972,0.900498471,232.541803
358500,192.0839972,0.961509485,232.5409546
358750,199.3749939,0.938155973,232.5473401
359000,187.5569977,0.886551983,232.5584906
359250,179.7559991,0.908258986,232.5745789
359500,194.613996,0.966159978,232.5653455
359750,203.4869946,0.959985478,232.5576575
360000,197.2829968,0.941621475,232.5343542
360250,192.9479956,0.931097474,232.5482355
360500,198.1449951,0.950380974,232.5471875
360750,193.9729968,0.931832976,232.5325305
361000,190.5759973,0.913758481,232.5438177
361250,189.1279956,0.919698474,232.5657135
361500,190.0849976,0.926437476,232.544444
361750,187.3559967,0.892948465,232.5553839
362000,186.7449982,0.924234972,232.5582507
362250,190.7499921,0.916092978,232.5346277
362500,188.7079944,0.919049962,232.5527625
362750,182.2559943,0.882205479,232.5485474
363000,183.3629987,0.918284972,232.5358258
363250,184.9029974,0.875445468,232.5567542
363500,184.9029974,0.875445468,232.5567542
363750,171.1469971,0.859733479,232.5451367
364000,177.4359973,0.879877999,232.5523932
364250,171.3900006,0.857681966,232.5482916
364500,180.1429962,0.926932468,232.5341217
364750,175.1759949,0.82357547,232.5719489
365000,155.2999957,0.844666963,232.5540576
365250,171.9809943,0.853462486,232.5479602
365500,169.5349969,0.846900995,232.5528735
365750,166.1259979,0.84695049,232.5664032
366000,165.9819971,0.831470973,232.5730115
366250,161.2799969,0.824484499,232.5683002
366500,155.1460004,0.790817482,232.5780896
366750,145.4529919,0.75429698,232.590296
367000,147.5379968,0.829485474,232.5574915
367250,157.2289978,0.785076969,232.5877631
367500,138.7459961,0.709753473,232.5928723
367750,123.5129974,0.713470488,232.5746405
368000,126.0029974,0.663210986,232.5937933
368250,110.8829968,0.656848483,232.6220319
368500,115.8379974,0.671715987,232.5683923
368750,113.0769962,0.628236489,232.5983868
369000,103.4109967,0.616707988,232.6067395
369250,104.2819983,0.558917992,232.5915558
369500,81.81899933,0.490705487,232.6289929
369750,75.92099731,0.468289995,232.6131604
370000,75.92099731,0.468289995,232.6131604
370250,69.75599884,0.438484994,232.6416278
370500,59.40199875,0.361987489,232.6693951
370750,54.28299866,0.417526492,232.6456824
371000,67.75699829,0.444839492,232.6386914
371250,64.78799896,0.387734993,232.658786
371500,51.83299896,0.365261489,232.6478265
371750,50.3479985,0.339633487,232.6795862
372000,49.46799927,0.381073989,232.6538586
372250,60.09099823,0.387215496,232.6725146
372500,52.52699844,0.346094987,232.6661609
372750,48.51399902,0.315880996,232.6521704
373000,37.71999878,0.30080549,232.6911151
373250,37.7609993,0.300206494,232.6738959
373500,40.66999847,0.298210491,232.6680273
373750,37.91299927,0.299235491,232.6687134
374000,38.43099792,0.295210491,232.6990442
374250,36.79999924,0.29333099,232.6787445
374500,36.79999924,0.293990996,232.6496826
374750,37.57999939,0.291047496,232.6887463
375000,36.1169986,0.298046989,232.6632428
375250,40.6119986,0.303856491,232.715647
375500,39.51099884,0.304244493,232.7007782
375750,40.62300003,0.316048496,232.7020654
376000,46.51399796,0.312612985,232.6876117
376250,37.2369989,0.297715492,232.6726404
376500,37.2369989,0.297715492,232.6726404
376750,39.26999878,0.307389499,232.6736096
377000,44.83699951,0.318102983,232.6836884
377250,40.28399826,0.311274991,232.6895172
377500,43.95599945,0.317619992,232.6923553
377750,42.07500076,0.30424099,232.6834827
378000,37.53099884,0.299654999,232.6917542
378250,38.34199844,0.293107992,232.6956183
378500,37.20599915,0.297790488,232.6746179
378750,38.52999924,0.301635995,232.6799963
379000,39.56299896,0.313469489,232.6772351
379250,44.90899857,0.326350992,232.7004272
379500,42.93799911,0.30029999,232.691474
379750,35.55399933,0.297302996,232.6767938
380000,37.93599976,0.29853999,232.6636017
380250,40.58799957,0.313094991,232.6650098
380500,41.62899841,0.324066001,232.6802838
380750,44.54499969,0.327824993,232.6651147
381000,47.8379982,0.342748487,232.6644562
381250,47.68299881,0.358850491,232.6795209
381500,54.80999863,0.379805489,232.6474493
381750,59.37799866,0.442834479,232.6458893
382000,71.86599915,0.489887486,232.6435468
382250,80.76199768,0.514387496,232.6219147
382500,82.32099701,0.501335983,232.6186597
382750,76.2309967,0.471222485,232.6357703
383000,76.2309967,0.471222485,232.6357703
383250,76.06699829,0.490490489,232.6354553
383500,81.26399811,0.525733488,232.6264795
383750,94.26999817,0.590445478,232.5972595
384000,92.06399841,0.572407491,232.6190967
384250,97.5569989,0.581587489,232.6191858
384500,97.82399597,0.606766484,232.6024158
384750,111.7279974,0.678878477,232.5928998
385000,120.3709967,0.684316487,232.5821692
385250,124.8929977,0.731525493,232.5879456
385500,132.9069971,0.736502984,232.578208
385750,137.7879987,0.74584048,232.6059229
386000,134.6769958,0.733187988,232.6030902
386250,140.4259973,0.772416492,232.5634106
386500,138.6169952,0.753889978,232.5826733
386750,152.1229968,0.823114979,232.581626
387000,151.5089941,0.785900476,232.5709723
387250,161.6559998,0.855297484,232.5619696
387500,166.9189929,0.834856489,232.5755048
387750,178.0799982,0.915860977,232.5814972
388000,168.8469971,0.826220474,232.5863446
388250,172.5659967,0.893584971,232.5548907
388500,180.5259869,0.875416493,232.5332825
388750,179.436994,0.903274481,232.5429376
389000,181.3509973,0.856828475,232.5676038
389250,173.5929932,0.896142983,232.5611792
389500,173.5929932,0.896142983,232.5611792
389750,187.3259924,0.916227975,232.5347461
390000,183.562002,0.866516469,232.5566333
390250,175.3389972,0.903858986,232.5466492
390500,190.1919916,0.926320474,232.5345386
390750,192.4149988,0.93101948,232.53513
391000,194.5029938,0.938205488,232.5287457
391250,196.8879944,0.947913482,232.5466656
391500,198.7499945,0.953426483,232.5214728
391750,198.9279962,0.941120472,232.5335059
392000,203.9169934,1.020097985,232.4941547
392250,216.3019934,1.002679992,232.5132916
392500,216.2359937,1.022601962,232.5011224
392750,207.7009949,0.927785974,232.5653705
393000,183.3479932,0.904935479,232.5627545
393250,188.4199939,0.909395983,232.5284088
393500,190.1909949,0.950117962,232.5265448
393750,196.236994,0.921608984,232.5254584
394000,193.5059967,0.946090972,232.544306
394250,199.22,0.966320977,232.5069611
394500,196.5779968,0.898931475,232.5526672
394750,178.8940009,0.888287473,232.5662573
395000,182.9579938,0.895347474,232.5413715
395250,178.2349945,0.878304961,232.5567279
395500,178.843996,0.898225472,232.5604254
395750,184.6219971,0.859128983,232.597215
396000,184.6219971,0.859128983,232.597215
396250,163.9199939,0.868502488,232.5631757
396500,174.9179968,0.856206973,232.5923871
396750,174.858996,0.876244481,232.5713696
397000,171.0009961,0.852404482,232.5549066
397250,168.8069989,0.851132479,232.5651697
397500,163.0819843,0.798850477,232.5845221
397750,144.0569971,0.747728481,232.6214404
398000,132.6469946,0.700131474,232.6000916
398250,126.6369974,0.722745986,232.5878088
398500,128.7139966,0.696233983,232.5978662
398750,118.1309946,0.666240985,232.6380023
399000,118.5829974,0.693175988,232.5918097
399250,121.4349976,0.64614049,232.6472321
399500,108.0539978,0.651152489,232.6209534
399750,117.1119977,0.667934489,232.6285461
400000,113.9769986,0.612082977,232.6170807
400250,90.62699829,0.577422991,232.6419727
400500,97.2859964,0.568613477,232.6452832
400750,88.63299683,0.520097487,232.6459961
401000,78.76699829,0.521192006,232.6401642
401250,87.7469989,0.499891994,232.6188092
401500,75.30599792,0.464786988,232.6462164
401750,69.72499939,0.466255493,232.6676819
402000,75.49199921,0.476445483,232.6371936
402250,70.18599976,0.43556549,232.6637708
402500,70.18599976,0.43556549,232.6637708
402750,65.86299942,0.491368487,232.6537695
403000,85.85299988,0.488410987,232.6482654
403250,67.02999939,0.442238982,232.6445947
403500,68.37199951,0.443640996,232.6522589
403750,67.585,0.469379987,232.6399957
404000,75.09999908,0.450414985,232.6585803
404250,60.97599777,0.368058492,232.6760492
404500,46.0329982,0.319813492,232.7007367
404750,41.20100021,0.305799994,232.6996808
405000,41.37299957,0.312569999,232.6949945
405250,37.92499847,0.292581987,232.6875531
405500,40.8609996,0.320437489,232.6808411
405750,47.61999893,0.339099993,232.6626343
406000,42.8259996,0.300385493,232.672348
406250,39.15799774,0.303565488,232.6892743
406500,41.99799698,0.320536487,232.6859711
406750,43.8509993,0.319079496,232.6882751
407000,46.42499847,0.32309899,232.68349
407250,39.99099823,0.293816986,232.6758252
407500,36.52699997,0.293312988,232.6972418
407750,37.43299881,0.297035489,232.6883295
408000,39.44399826,0.30121649,232.69953
408250,38.04399887,0.295192491,232.7067383
408500,37.37599854,0.305398998,232.6719855
408750,45.46899918,0.317727484,232.7127362
409000,45.46899918,0.317727484,232.7127362
409250,37.8809993,0.297845987,232.7035303
409500,36.88499817,0.29113849,232.6940668
409750,38.4769989,0.289948494,232.6904108
410000,35.02099915,0.295863988,232.7071136
410250,37.4129982,0.291478988,232.7149158
410500,36.78399933,0.309878993,232.6990668
410750,46.30799881,0.33906299,232.6937201
411000,44.42999939,0.306532992,232.6718506
411250,39.54599915,0.304751496,232.6697443
411500,39.09599762,0.307006495,232.6730811
411750,46.79899979,0.366881491,232.685199
412000,60.47299896,0.436109993,232.6681781
412250,66.13599792,0.427172488,232.6619843
412500,60.25299942,0.409319987,232.6509308
412750,56.24299835,0.36440999,232.6645624
413000,51.39799896,0.361669986,232.6617877
413250,56.46599777,0.439017996,232.6779071
413500,70.43699921,0.459086485,232.6876727
413750,79.22199646,0.52243698,232.6777631
414000,76.91099762,0.482772987,232.6775598
414250,76.77599945,0.49416048,232.6760663
414500,77.80699921,0.507209491,232.6411072
414750,74.80499969,0.458533487,232.6458496
415000,77.65899933,0.524548975,232.6647986
415250,92.11299652,0.57831249,232.649649
415500,92.11299652,0.57831249,232.649649
415750,95.80299744,0.560046484,232.6353552
416000,97.96899841,0.627260981,232.6280164
416250,109.7029974,0.654350986,232.6087762
416500,111.1379968,0.616577988,232.6439917
416750,100.6089978,0.592659974,232.65901
417000,108.4859982,0.665720973,232.6245184
417250,125.8599957,0.718310986,232.6382092
417500,126.8469977,0.714111466,232.6137848
417750,139.0099982,0.781258976,232.6080762
418000,138.6269958,0.726174476,232.6238281
418250,145.4519983,0.834551966,232.571037
418500,159.7109967,0.775627482,232.6153455
418750,141.9059949,0.77832448,232.6012079
419000,143.2509985,0.752216976,232.6139313
419250,138.668999,0.751370475,232.6101923
419500,143.1319971,0.781559482,232.5850275
419750,139.1709973,0.715216486,232.6051459
420000,133.2779962,0.775241485,232.5871924
420250,153.242998,0.827974982,232.5883887
420500,166.6449957,0.851374974,232.6184827
420750,168.642998,0.843258979,232.5914496
421000,170.6129968,0.853491991,232.6013727
421250,166,0.832595983,232.5905695
421500,166.8519952,0.869261961,232.5819379
421750,181.2889948,0.887658477,232.5858667
422000,181.2889948,0.887658477,232.5858667
422250,176.2439954,0.859657977,232.5909375
422500,172.7099933,0.876521468,232.5953717
422750,180.8779932,0.882845969,232.5820587
423000,177.0759979,0.88295898,232.564433
423250,185.4209991,0.920962989,232.5509229
423500,190.596991,0.897332466,232.5790167
423750,181.7489972,0.912367482,232.5654114
424000,188.8390002,0.908281488,232.5489136
424250,181.3519958,0.87174547,232.5632599
424500,174.3819946,0.895855477,232.5687195
424750,187.3280029,0.906452465,232.5476245
425000,193.4069983,0.971459465,232.547796
425250,205.162998,0.941894963,232.5507678
425500,188.7629974,0.937761486,232.5314178
425750,199.600993,0.96811398,232.5456366
426000,198.118999,0.90882098,232.5613458
426250,180.4769989,0.933794487,232.5309711
426500,191.5679944,0.895270464,232.5496906
426750,181.0879974,0.898223982,232.5529785
427000,185.1499951,0.902069464,232.5599304
427250,181.3020001,0.873911982,232.5481244
427500,173.3069995,0.864205971,232.5974097
427750,174.2579987,0.863931983,232.5782562
428000,174.8889954,0.896187963,232.5314099
428250,179.7659979,0.865206485,232.5669794
428500,179.7659979,0.865206485,232.5669794
428750,168.7529944,0.827710977,232.5922095
429000,158.6569965,0.813267472,232.5794275
429250,157.7569958,0.807448471,232.5863214
429500,157.8809991,0.780866468,232.5895551
429750,137.5489954,0.747616985,232.5833313
430000,138.0909979,0.732766466,232.6161621
430250,133.3419952,0.726109486,232.6089117
430500,129.8019968,0.703596473,232.6055786
430750,123.2109967,0.684922976,232.5744733
431000,120.0519974,0.679974985,232.6176019
431250,113.293999,0.641627486,232.6040594
431500,108.7109988,0.667360485,232.6364258
431750,116.1519965,0.651745977,232.6086987
432000,106.6179971,0.622038486,232.6236743
432250,110.7419983,0.606191487,232.6072766
432500,97.83099823,0.587130489,232.6326892
432750,100.0709988,0.581901488,232.6311517
433000,89.18900085,0.523417492,232.6524762
433250,79.41499634,0.505547478,232.6707697
433500,80.98299896,0.502708492,232.6567865
433750,69.02499695,0.432887986,232.6669476
434000,68.26299866,0.442907488,232.6705542
434250,68.02599823,0.451479987,232.6753143
434500,70.8769986,0.434371489,232.6608759
434750,59.67899872,0.406186495,232.6683228
435000,59.67899872,0.406186495,232.6683228
435250,64.06999924,0.43910749,232.6629224
435500,67.51299866,0.435029982,232.6875854
435750,61.31999847,0.393890984,232.6901007
436000,56.58899796,0.364615988,232.6828253
436250,51.75699875,0.37973349,232.6771368
436500,64.75499908,0.413219489,232.6927362
436750,46.14699921,0.308421,232.6823315
437000,36.07099945,0.292867992,232.6857062
437250,35.73099915,0.294929491,232.6640393
437500,41.17999985,0.299536494,232.6970099
437750,36.62699905,0.306233995,232.7087683
438000,42.79299942,0.319430498,232.6976099
438250,43.26599854,0.312553993,232.6678668
438500,43.3959996,0.330763491,232.7103778
438750,41.22399902,0.301630493,232.6919788
439000,38.78699875,0.299572994,232.6787781
439250,38.92399979,0.303145491,232.6809705
439500,39.57499802,0.310404989,232.6877136
439750,45.29899933,0.342747992,232.6692725
440000,47.11599976,0.326928488,232.7106592
440250,45.41299957,0.331710496,232.6826904
440500,40.98299805,0.300060498,232.7247308
440750,38.83199905,0.296670489,232.6891937
441000,37.15599915,0.305310495,232.6933466
441250,41.99899902,0.315942494,232.6711292
441500,41.99899902,0.315942494,232.6711292
441750,45.35299973,0.328498992,232.6807629
442000,46.33200012,0.364085995,232.6683789
442250,50.50499771,0.332090989,232.6919061
442500,45.8919989,0.325863496,232.679939
442750,40.38699966,0.310768493,232.6798993
443000,45.98399933,0.34356999,232.6855219
443250,46.28099854,0.335169489,232.6968005
443500,48.36199921,0.353731989,232.6765851
443750,49.01299774,0.349916985,232.6767914
444000,49.86399902,0.364250988,232.6796875
444250,59.9429985,0.444915487,232.6499237
444500,74.91399841,0.500446488,232.6132074
444750,73.35999756,0.424857996,232.6780341
445000,63.61299774,0.425927488,232.6466248
445250,59.81599854,0.408634988,232.6360114
445500,68.18999786,0.473955482,232.6383612
445750,78.42299866,0.494239987,232.6650897
446000,78.41299652,0.486263481,232.6558734
446250,78.60099854,0.51053799,232.6347449
446500,81.17999878,0.535362976,232.6175934
446750,90.58399933,0.58116698,232.667738
447000,99.58899872,0.596459486,232.6277612
447250,103.707998,0.626274476,232.6409937
447500,109.0399973,0.652568984,232.6311444
447750,117.7659961,0.700350974,232.6411304
448000,117.7659961,0.700350974,232.6411304
448250,122.4109955,0.665678973,232.6133942
448500,115.5499985,0.654104986,232.6286426
448750,109.1539981,0.591338987,232.649978
449000,103.9779971,0.670689478,232.6022357
449250,130.7079944,0.758486981,232.6207458
449500,142.6789984,0.755055463,232.6289069
449750,138.9179999,0.727894504,232.6101843
450000,131.1319974,0.732092481,232.5760498
450250,139.6149969,0.787620485,232.6177283
450500,154.7319958,0.79585047,232.5901953
450750,151.4929956,0.78788548,232.6082971
451000,158.7750018,0.849973485,232.5605377
451250,171.3939972,0.834023488,232.5838312
451500,165.7809979,0.876712987,232.5408105
451750,179.461991,0.865209968,232.5690173
452000,175.4450006,0.910402977,232.5759778
452250,195.1379968,0.943926482,232.5474091
452500,197.5159967,0.943882473,232.5450739
452750,196.3699945,0.952490971,232.5354523
453000,203.6149921,0.942794471,232.5507727
453250,191.2399945,0.920307488,232.5707556
453500,190.3609924,0.935103977,232.5357214
453750,201.7609943,0.971481471,232.5502039
454000,205.9909973,0.984026985,232.5367456
454250,216.332995,1.056318974,232.50073
454500,216.332995,1.056318974,232.50073
454750,226.5449939,0.996773989,232.5287207
455000,198.8659955,0.989222469,232.5507623
455250,214.7059985,1.012300963,232.5259692
455500,217.8539941,1.020336986,232.5454578
455750,216.4189929,1.024840488,232.5474023
456000,215.2659979,0.991564472,232.5251947
456250,200.2019934,0.941146994,232.5500885
456500,195.7890033,0.943606484,232.5449292
456750,195.2909998,0.930449979,232.5529456
457000,191.6449976,0.94261297,232.5619843
457250,200.8659949,0.941303475,232.5606274
457500,189.8249963,0.943711493,232.5672656
457750,201.6779962,0.975507474,232.5685144
458000,207.8329926,0.97590147,232.5308325
458250,199.8789972,0.938849478,232.5483148
458500,188.0069995,0.89923548,232.5737054
458750,188.1539966,0.908230474,232.5796808
459000,180.1469965,0.918948472,232.5617291
459250,197.2549939,0.926951497,232.5642822
459500,180.0739966,0.880625966,232.5635144
459750,182.1129944,0.89085448,232.5523401
460000,176.5589996,0.875845456,232.5627411
460250,179.597998,0.877958486,232.5701294
460500,172.7019971,0.87034647,232.5760663
460750,179.507998,0.874598482,232.5801447
461000,179.507998,0.874598482,232.5801447
461250,161.8939978,0.794932463,232.5606653
461500,153.4889948,0.812612972,232.568537
461750,164.2269958,0.848445976,232.5596832
462000,170.1809918,0.834015977,232.5503925
462250,159.3879956,0.806011999,232.5636334
462500,152.3779956,0.793073475,232.5634631
462750,143.9169995,0.737601974,232.5948334
463000,127.3889975,0.701556475,232.6354584
463250,121.8579977,0.704085493,232.6166675
463500,126.2319965,0.697326972,232.5943542
463750,112.8399976,0.615728481,232.6172266
464000,97.5109967,0.561511488,232.6068665
464250,93.41399963,0.581208494,232.6205682
464500,95.27699677,0.534900484,232.6553149
464750,90.18099945,0.567485981,232.6193457
465000,100.352998,0.610185995,232.6291461
465250,91.24499878,0.505284985,232.6202045
465500,77.82099823,0.486501482,232.624549
465750,71.24599976,0.431089489,232.6565869
466000,56.98999817,0.356235495,232.6585614
466250,51.11699951,0.368328489,232.6726978
466500,50.26299881,0.339339985,232.6584741
466750,43.85699997,0.310150992,232.6972632
467000,42.3569986,0.330620992,232.6978339
467250,49.02799774,0.354645493,232.6539081
467500,49.02799774,0.354645493,232.6539081
467750,50.62,0.332849993,232.6565149
468000,44.10600067,0.321714991,232.6411792
468250,41.49800049,0.296648988,232.6552502
468500,34.91099869,0.289382493,232.6865204
468750,38.64199936,0.289980488,232.6927051
469000,35.70899933,0.295652993,232.6763721
469250,35.98199936,0.294377495,232.6629718
469500,39.73499939,0.292161993,232.6620355
469750,34.6679998,0.289720994,232.6681042
470000,36.4049987,0.288664489,232.6700098
470250,37.95999954,0.294881986,232.6508643
470500,36.36299957,0.297445993,232.6418646
470750,37.80699951,0.293259494,232.6532269
471000,37.35299942,0.288605491,232.6630267
471250,35.85099915,0.296512492,232.6692841
471500,37.85499893,0.297819493,232.6435468
471750,37.80599884,0.296472492,232.7108362
472000,38.1079985,0.290793492,232.6924719
472250,35.23299957,0.292261493,232.6782269
472500,37.50999908,0.296915495,232.6645697
472750,38.76599838,0.293695492,232.6996252
473000,35.14899933,0.290195493,232.6624658
473250,37.89499908,0.30124199,232.6716992
473500,40.78099854,0.300519991,232.6908185
473750,35.06299942,0.301306996,232.6611621
474000,35.06299942,0.301306996,232.6611621
474250,48.41099899,0.390295986,232.6680353
474500,54.25299896,0.323698996,232.6658453
474750,36.36299896,0.296386998,232.6609375
475000,42.7059996,0.334805495,232.6676251
475250,47.12299805,0.324229995,232.6698834
475500,48.51399841,0.396699497,232.6231415
475750,62.95899872,0.401431991,232.6603137
476000,54.97499924,0.36825199,232.6600165
476250,65.20599808,0.502105991,232.6546674
476500,78.49299866,0.456989495,232.6712585
476750,70.60999756,0.49590299,232.6480267
477000,82.09299805,0.513224992,232.6455145
477250,72.245,0.433147982,232.636228
477500,75.66499786,0.571570994,232.6323901
477750,102.3059976,0.596772485,232.6175061
478000,97.60199768,0.606791477,232.621983
478250,106.0599966,0.650205996,232.6203253
478500,111.2209991,0.624447992,232.6742365
478750,104.201998,0.62108799,232.635177
479000,114.4709949,0.70890147,232.5750043
479250,135.4159967,0.748928478,232.5943951
479500,137.8059967,0.716395991,232.5985767
479750,121.9389969,0.689247985,232.6144086
480000,124.7919995,0.730207491,232.5800745
480250,135.6969971,0.72020649,232.611803
480500,135.6969971,0.72020649,232.611803
480750,127.1709991,0.715108492,232.6001074
481000,131.165997,0.712696991,232.5821613
481250,131.5419955,0.73625598,232.5917786
481500,135.8149951,0.755406482,232.5835858
481750,143.4009961,0.73826448,232.5784509
482000,139.3999979,0.794339969,232.5684601
482250,158.128999,0.824233978,232.5414081
482500,162.4559949,0.810455482,232.5735303
482750,155.8619983,0.825969958,232.5390576
483000,169.0069971,0.857958474,232.5527954
483250,175.096994,0.874824462,232.5543219
483500,177.5069934,0.886942482,232.5762415
483750,181.0499933,0.882170479,232.5639618
484000,176.0299982,0.853080478,232.5524011
484250,164.4629938,0.881521471,232.5478009
484500,189.7389941,0.922880471,232.5342816
484750,186.8199951,0.917833979,232.5236511
485000,192.4809943,0.941793485,232.5234674
485250,200.7599988,0.978568962,232.5137463
485500,203.4729962,0.955459976,232.5396027
485750,197.0399945,0.924311469,232.5199054
486000,186.796994,0.909417484,232.5283124
486250,186.598996,0.915827472,232.5232672
486500,194.5669989,0.937704968,232.5306183
486750,191.3439911,0.923303959,232.5332581
487000,191.3439911,0.923303959,232.5332581
487250,193.3559906,0.954465973,232.5145459
487500,203.0519983,0.944499476,232.5347784
487750,184.1879938,0.887384477,232.5561768
488000,181.2239948,0.90239399,232.5604901
488250,190.2209967,0.919080975,232.5429303
488500,182.9600012,0.877693486,232.5692078
488750,173.9789966,0.859661472,232.5354095
489000,168.6949921,0.832928994,232.5679132
489250,167.0779962,0.826144979,232.5384363
489500,156.7889984,0.813958468,232.5702417
489750,162.5269983,0.825292475,232.5529437
490000,164.795993,0.841987963,232.5560083
490250,170.0849963,0.860776978,232.5634595
490500,171.8719928,0.834842482,232.5734039
490750,160.2659943,0.796983469,232.5774658
491000,147.5679974,0.774502482,232.6130908
491250,143.4409973,0.775463488,232.5894269
491500,150.1909943,0.786583483,232.5972894
491750,145.1429974,0.761300983,232.5895709
492000,140.3869983,0.755623481,232.5708844
492250,136.0669955,0.721666479,232.5837775
492500,133.5059964,0.715230989,232.5823071
492750,121.4019968,0.659086499,232.584928
493000,111.0999973,0.631076982,232.6066962
493250,116.5229974,0.706616988,232.6129706
493500,116.5229974,0.706616988,232.6129706
493750,123.7299973,0.723684978,232.5996405
494000,140.1769952,0.760434482,232.5754504
494250,121.7149988,0.608885987,232.6107458
494500,91.95099884,0.538740485,232.6405872
494750,92.905,0.563665988,232.6009723
495000,92.75499573,0.534245493,232.6163721
495250,90.7689975,0.552236488,232.6333466
495500,86.14199799,0.517985986,232.6267145
495750,74.45200012,0.447348496,232.6536017
496000,69.40799835,0.470454996,232.6505219
496250,77.58499847,0.490125983,232.648418
496500,71.07999924,0.390737987,232.6642419
496750,57.17399841,0.398371494,232.6667371
497000,51.22899872,0.360958489,232.6714868
497250,64.12399796,0.434461482,232.6493042
497500,58.64399887,0.366447492,232.6482025
497750,47.70899826,0.331426487,232.6639294
498000,47.91499908,0.338619496,232.6641711
498250,46.08199814,0.33012599,232.6892725
498500,46.28199783,0.345686991,232.6757935
498750,53.57999832,0.392825986,232.653739
499000,54.02999908,0.349318994,232.6802393
499250,43.40300018,0.309324994,232.6825653
499500,47.01699951,0.377179495,232.6799139
499750,50.93399872,0.310736986,232.6907458
500000,50.93399872,0.310736986,232.6907458
500250,36.62399933,0.296640494,232.6943616
500500,36.63099869,0.29168949,232.6924567
500750,38.75599976,0.295226492,232.6865167
501000,36.60499939,0.29498799,232.6849475
501250,37.59199936,0.298827491,232.6752716
501500,38.78199951,0.292880491,232.6854822
501750,35.82799881,0.299128491,232.6432654
502000,40.44899872,0.305549992,232.6767529
502250,39.15999985,0.299044992,232.6543701
502500,37.51699966,0.298661492,232.6589075
502750,38.90799942,0.298628993,232.6750836
503000,44.47499893,0.350113995,232.6378577
503250,59.72899796,0.428740486,232.6301855
503500,61.87499817,0.371235487,232.6811462
503750,47.98499908,0.333917992,232.6998969
504000,46.48099808,0.322508997,232.7094745
504250,40.65699997,0.322574488,232.6839862
504500,52.85899841,0.406413488,232.655874
504750,66.67799683,0.42932799,232.6466986
505000,70.4389978,0.507950475,232.654906
505250,79.74399826,0.439982986,232.6607697
505500,73.30200027,0.515567487,232.639444
505750,80.50999847,0.441585984,232.6731702
506000,67.28999924,0.523637989,232.6328668
506250,86.47899841,0.485629002,232.6486816
506500,86.47899841,0.485629002,232.6486816
506750,72.05300049,0.45261948,232.6670184
507000,72.90699799,0.500658482,232.6246106
507250,87.20099915,0.556071992,232.6395917
507500,91.55099762,0.546396973,232.6129938
507750,88.27299744,0.573621988,232.6218665
508000,101.1179984,0.595746489,232.6314191
508250,103.4369983,0.63339149,232.6065051
508500,110.1799966,0.660507989,232.6080103
508750,117.6279965,0.691847482,232.6099066
509000,122.6389966,0.662436998,232.6196814
509250,107.518999,0.650099478,232.6059637
509500,122.735997,0.712159982,232.5820587
509750,129.2459973,0.698640478,232.5863867
510000,121.5589948,0.699199989,232.5814819
510250,127.4489951,0.696350489,232.5830811
510500,125.2919974,0.728521473,232.5954083
510750,139.178996,0.734975474,232.5726569
511000,127.5489969,0.700339477,232.5859949
511250,131.2339972,0.753505991,232.614281
511500,150.1839978,0.810911472,232.5617328
511750,158.9419916,0.806165469,232.5639618
512000,149.6439972,0.771115482,232.5713062
512250,147.7899982,0.807290456,232.5718115
512500,155.6429968,0.809547472,232.6038007
512750,159.3829962,0.810521464,232.582655
513000,159.3829962,0.810521464,232.582655
513250,160.5969995,0.837141972,232.609953
513500,166.1879987,0.847543466,232.5809924
513750,174.2919958,0.870721982,232.5817474
514000,170.5299939,0.842981479,232.553634
514250,168.0059998,0.849485459,232.562868
514500,170.7929968,0.860284984,232.5702966
514750,174.4429987,0.862964983,232.5890179
515000,173.2559869,0.84583497,232.5665375
515250,161.1419922,0.822356477,232.5779462
515500,161.9399963,0.825523987,232.5571936
515750,166.0109973,0.844635983,232.5758643
516000,165.8449908,0.840915976,232.5866919
516250,174.6779974,0.858806994,232.5542249
516500,170.0619965,0.873818977,232.5886255
516750,189.873999,0.943496966,232.5789081
517000,190.8119934,0.890136971,232.5736548
517250,174.6029968,0.865628977,232.5792657
517500,176.7079919,0.863946478,232.5736816
517750,167.4339941,0.825385451,232.6058661
518000,164.0929974,0.830156968,232.5944843
518250,162.7659985,0.823662469,232.5735376
518500,163.762998,0.834849484,232.5805139
518750,161.5269946,0.816454,232.6059723
519000,164.1229974,0.851646478,232.5831787
519250,163.828996,0.806953983,232.5974823
519500,163.828996,0.806953983,232.5974823
519750,157.0799963,0.804071488,232.5858337
520000,154.0039972,0.799284484,232.5849542
520250,151.3259949,0.791531489,232.5929443
520500,156.4729999,0.803124495,232.5694348
520750,138.3439972,0.704603989,232.6196741
521000,127.2499979,0.704837477,232.625899
521250,122.0559976,0.655475991,232.5957788
521500,112.0549969,0.686797969,232.592818
521750,140.8779987,0.814374483,232.5978137
522000,154.9909949,0.779646976,232.6140387
522250,138.3039978,0.716114483,232.6184888
522500,121.9139969,0.638020473,232.6501056
522750,112.1259961,0.666147985,232.6345386
523000,117.2229984,0.648231974,232.6375153
523250,107.0039963,0.594050488,232.641507
523500,95.78899719,0.576498497,232.6738745
523750,100.9749982,0.623249981,232.6371045
524000,103.2829977,0.596123486,232.6516644
524250,98.42100006,0.554189496,232.6638434
524500,89.43399994,0.545662992,232.6806165
524750,89.65100037,0.56948648,232.6241302
525000,95.0389978,0.526811986,232.6478418
525250,82.36899872,0.533835979,232.6485675
525500,78.9769986,0.458695481,232.6593213
525750,68.85499817,0.489729981,232.6533533
526000,68.85499817,0.489729981,232.6533533
526250,80.85499817,0.512665995,232.6293378
526500,82.22499847,0.495688986,232.6440985
526750,73.88499756,0.470891482,232.6657306
527000,70.69599869,0.423830483,232.6681073
527250,53.37499985,0.352150488,232.7055298
527500,48.27099884,0.379760487,232.6736572
527750,63.60199814,0.440295995,232.701449
528000,60.04399887,0.36578549,232.6905048
528250,51.36899948,0.386509491,232.6726984
528500,59.9459996,0.38915949,232.6553302
528750,57.29499939,0.438416489,232.6400806
529000,66.75000015,0.410134989,232.671897
529250,54.61299942,0.363117996,232.6816724
529500,50.30599869,0.365402994,232.6837628
529750,53.36999969,0.342393991,232.7109149
530000,46.35199966,0.379973994,232.7092902
530250,60.11999847,0.360127498,232.6871619
530500,57.92499908,0.47729449,232.664353
530750,72.15999908,0.412942985,232.6740753
531000,55.15499893,0.360502992,232.6823755
531250,53.18699875,0.393160993,232.6632733
531500,61.74999802,0.438304985,232.7027777
531750,69.75399872,0.434139496,232.654707
532000,62.07799881,0.413020993,232.6616736
532250,59.66399857,0.393394492,232.6811475
532500,59.66399857,0.393394492,232.6811475
532750,60.80899918,0.434014486,232.6880664
533000,64.52899948,0.412538983,232.6962323
533250,50.9769986,0.341894486,232.6822986
533500,40.10199905,0.294289991,232.6876184
533750,39.92599915,0.361253991,232.6657941
534000,62.30099792,0.431758499,232.6736438
534250,65.30399796,0.414009991,232.6645801
534500,64.6969986,0.490448984,232.6708331
534750,83.24999878,0.518852987,232.7018976
535000,81.50300018,0.546870496,232.6330017
535250,90.92599731,0.484930983,232.6598157
535500,59.83399918,0.462637988,232.6698987
535750,79.94599823,0.498096484,232.6631152
536000,80.22700012,0.510878499,232.6915863
536250,85.00299774,0.568039987,232.6467468
536500,98.81399872,0.594752989,232.6717609
536750,98.00199951,0.575492995,232.6679382
537000,94.13499939,0.56198199,232.6541718
537250,97.34300049,0.606149988,232.6105365
537500,106.8389978,0.620980992,232.6244263
537750,102.6039993,0.623832476,232.6262183
538000,107.8139969,0.655662971,232.6079138
538250,116.4829959,0.671471469,232.6218164
538500,119.7129993,0.610186985,232.6503625
538750,88.20599701,0.60534199,232.6261212
539000,88.20599701,0.60534199,232.6261212
539250,117.8059982,0.66929498,232.6131763
539500,111.9279996,0.656974988,232.6405707
539750,116.9529974,0.68315197,232.6093616
540000,113.3209955,0.608160484,232.6378912
540250,102.1629984,0.608312974,232.622749
540500,106.1379956,0.650956485,232.6263147
540750,119.1449966,0.677080984,232.6108582
541000,118.5659967,0.694520977,232.6437732
541250,126.8339944,0.692459972,232.610224
541500,106.8529977,0.61454098,232.6267462
541750,112.2269977,0.662915468,232.625459
542000,121.0529944,0.694558489,232.6335303
542250,127.8279987,0.720876977,232.6360394
542500,133.1699939,0.742344501,232.5975946
542750,147.1449994,0.789670489,232.5807037
543000,140.9550006,0.729511981,232.6049274
543250,132.3419934,0.713659489,232.6531061
543500,132.0769995,0.731789474,232.5991455
543750,135.4079968,0.763928988,232.5705194
544000,156.4019958,0.811757963,232.5981934
544250,154.6399976,0.783420479,232.6064899
544500,143.2209973,0.756518488,232.6113043
544750,136.4509967,0.746596479,232.5981323
545000,147.0589972,0.796722984,232.5687946
545250,163.8119977,0.840688486,232.5617542
545500,163.8119977,0.840688486,232.5617542
545750,154.5839984,0.800457482,232.5740735
546000,156.5619977,0.803247473,232.5838354
546250,149.3849976,0.775305972,232.6012335
546500,143.8029968,0.778571982,232.6275671
546750,150.3059979,0.785728979,232.6013544
547000,154.3169934,0.827462971,232.5730273
547250,168.8559985,0.853734961,232.5895453
547500,169.5150061,0.835150476,232.5892987
547750,160.5009967,0.821982477,232.5879956
548000,170.2469965,0.883946993,232.5765387
548250,175.5199969,0.868209469,232.5684503
548500,173.6889941,0.851286483,232.5697119
548750,162.8869965,0.815851481,232.5609955
549000,160.9359937,0.836608963,232.5772028
549250,160.7829956,0.789983981,232.6016766
549500,150.5989984,0.799709482,232.5691278
549750,149.093996,0.787679482,232.5864374
550000,157.9050012,0.814147987,232.5653528
550250,154.417998,0.812014983,232.5378357
550500,157.2099988,0.809469492,232.5650433
550750,157.9889978,0.813901474,232.5789435
551000,156.338999,0.801676991,232.5773419
551250,154.9599957,0.789487975,232.5945148
551500,144.3959961,0.743145494,232.6043121
551750,138.9899988,0.772139466,232.6124103
552000,138.9899988,0.772139466,232.6124103
552250,146.7759937,0.776916969,232.5869855
552500,143.4699933,0.761986985,232.6002838
552750,134.4399976,0.692149484,232.6117059
553000,117.2879971,0.681008492,232.6079071
553250,123.7369952,0.711791489,232.6300183
553500,127.7219986,0.685056486,232.6248828
553750,120.372995,0.710160491,232.6025714
554000,130.1999963,0.686045971,232.5968518
554250,116.9999969,0.63331748,232.6076044
554500,101.2199991,0.612310998,232.6580188
554750,106.4069977,0.617394481,232.6442957
555000,102.3819992,0.595118983,232.6555457
555250,94.11699829,0.577474489,232.6116748
555500,97.02099731,0.570137486,232.620661
555750,93.75799927,0.54952548,232.6209058
556000,85.93799866,0.511618488,232.6304041
556250,82.06499329,0.500993983,232.6191791
556500,83.61499786,0.539076984,232.6171857
556750,78.28799774,0.416045499,232.637475
557000,53.57099869,0.420588993,232.6363123
557250,71.21399963,0.446386493,232.6448962
557500,63.87599762,0.406603495,232.6437012
557750,55.65999908,0.391486987,232.649469
558000,58.78199753,0.41708349,232.656579
558250,62.7629985,0.435566487,232.6193634
558500,62.7629985,0.435566487,232.6193634
558750,68.8069989,0.46119249,232.637851
559000,72.56600006,0.435641488,232.6542816
559250,60.77199905,0.399028494,232.6483051
559500,52.56399979,0.336791489,232.6917291
559750,43.08799973,0.325518996,232.6851434
560000,46.35600021,0.354011483,232.6829059
560250,52.44699844,0.382520993,232.6657861
560500,55.97399841,0.352129984,232.6453857
560750,43.56499924,0.315973496,232.6509705
561000,44.66599884,0.342006993,232.6581335
561250,47.24199844,0.344409992,232.656673
561500,50.65799911,0.3765895,232.6568433
561750,53.60899933,0.359255491,232.6368488
562000,41.26299973,0.298260989,232.6828558
562250,38.25299957,0.289507991,232.6830603
562500,33.53499931,0.2835265,232.6834082
562750,37.59099915,0.314939491,232.6586163
563000,48.1819989,0.331781496,232.6916895
563250,42.21799911,0.327131491,232.648595
563500,47.18599823,0.335120492,232.6734277
563750,42.62299911,0.315384986,232.7021698
564000,43.2079985,0.320006489,232.673299
564250,45.04799927,0.333445489,232.6707391
564500,46.68899979,0.34519299,232.6779218
564750,55.36499893,0.368276995,232.648009
565000,55.36499893,0.368276995,232.648009
565250,48.15299988,0.37142899,232.6767706
565500,56.80299835,0.407808499,232.6542902
565750,70.46499832,0.460982484,232.6308105
566000,63.48899857,0.404860486,232.6656799
566250,56.04699966,0.362812489,232.6809308
566500,54.78199951,0.432495986,232.683949
566750,79.68999939,0.516066993,232.6330017
567000,77.66999878,0.481342483,232.6510193
567250,73.76799957,0.500127988,232.6717328
567500,87.01599884,0.597917469,232.6130969
567750,110.1429977,0.617355468,232.640177
568000,88.78499756,0.523056998,232.6433942
568250,94.60199829,0.625888984,232.6144189
568500,114.0859958,0.677250476,232.6077301
568750,110.5199985,0.622408981,232.6234192
569000,103.154996,0.631520984,232.6173157
569250,112.2849963,0.664345989,232.5928583
569500,113.8269974,0.62280849,232.6343146
569750,108.4859985,0.648891475,232.6048248
570000,118.3809961,0.701211479,232.5915387
570250,122.0809958,0.665535464,232.6083545
570500,105.2039969,0.645238495,232.5927222
570750,129.5569962,0.725641983,232.6011151
571000,122.1579971,0.679124479,232.5718591
571250,128.9169958,0.737880988,232.5844031
571500,128.9169958,0.737880988,232.5844031
571750,131.2789987,0.733795989,232.5761957
572000,145.6159967,0.790183468,232.5810095
572250,154.6219965,0.807519481,232.5829291
572500,164.0209937,0.82486099,232.5578192
572750,151.7269995,0.781292474,232.5738434
573000,152.0830023,0.81416398,232.557218
573250,161.062002,0.831549478,232.5824426
573500,166.2049951,0.857243972,232.5835468
573750,179.697995,0.887747476,232.5512506
574000,174.2929999,0.856933968,232.5673779
574250,169.7979944,0.857516463,232.5731458
574500,169.942995,0.829842987,232.5610339
574750,164.1679968,0.855163987,232.546059
575000,184.8740002,0.925605483,232.5267712
575250,184.1159973,0.873475466,232.5469055
575500,176.1369977,0.879688485,232.5535706
575750,183.6840009,0.917369478,232.5700201
576000,192.7759943,0.934809473,232.5150757
576250,192.4149927,0.911013494,232.5595062
576500,182.3739972,0.876043983,232.5732587
576750,174.3819977,0.88172998,232.5682593
577000,186.4459985,0.900384467,232.543396
577250,180.3449976,0.888925986,232.5460229
577500,191.1739954,0.955829468,232.5168805
577750,198.5640045,0.903697486,232.562121
578000,198.5640045,0.903697486,232.562121
578250,176.3049963,0.856775978,232.5688593
578500,163.0519934,0.805439982,232.5508411
578750,164.091994,0.852824466,232.5320428
579000,168.3059991,0.83060899,232.5427631
579250,164.2049969,0.840740495,232.5366187
579500,174.336994,0.885360975,232.5069684
579750,178.1419946,0.846887486,232.5133044
580000,162.9829956,0.81113699,232.5770837
580250,155.1769971,0.803938982,232.5562189
580500,163.4129974,0.839430497,232.5699121
580750,164.0999945,0.814095979,232.5588892
581000,156.5659979,0.808782475,232.5639771
581250,159.5059949,0.808783982,232.5480017
581500,153.1339941,0.787724485,232.5805542
581750,157.5550012,0.832984989,232.5693121
582000,156.8469989,0.770972991,232.5654352
582250,140.2319965,0.768812473,232.5620581
582500,134.7179941,0.657390487,232.6043121
582750,114.0499963,0.703208995,232.5832819
583000,134.4119955,0.749814477,232.5597852
583250,138.3359991,0.756104493,232.5877057
583500,132.9219971,0.697689979,232.5744031
583750,115.8309964,0.619018478,232.5973694
584000,98.18799896,0.587082479,232.588161
584250,94.77699677,0.544852996,232.6397693
584500,94.77699677,0.544852996,232.6397693
584750,98.2789975,0.609241486,232.5984509
585000,102.6419995,0.612472496,232.6148511
585250,100.4239969,0.560538979,232.6135382
585500,89.22799927,0.570842991,232.6288745
585750,89.29599792,0.525020986,232.6557922
586000,80.30899902,0.505247973,232.6435999
586250,76.95599823,0.46198949,232.6245209
586500,67.47299988,0.405504992,232.6444141
586750,54.66199921,0.350776992,232.6429205
587000,48.54799896,0.370915989,232.642467
587250,57.07099777,0.418302487,232.6388098
587500,60.65399826,0.366465987,232.6503223
587750,49.15199875,0.39450899,232.6229633
588000,61.96299835,0.396258988,232.6262671
588250,51.10199951,0.340174986,232.6781787
588500,49.80799927,0.382478985,232.6177759
588750,55.07799881,0.355897491,232.6762427
589000,41.27999847,0.359912988,232.6597589
589250,59.43899841,0.361376495,232.6572406
589500,49.73099899,0.372734989,232.6576563
589750,56.07199814,0.348175488,232.66841
590000,40.23699921,0.30658,232.6803119
590250,42.63499939,0.321543493,232.6481134
590500,47.22199829,0.365337991,232.6285217
590750,57.73099884,0.355210497,232.6868286
591000,57.73099884,0.355210497,232.6868286
591250,45.39299881,0.377696486,232.6474591
591500,57.70099899,0.366531996,232.6362421
591750,43.4209996,0.316309988,232.6925391
592000,43.53099869,0.322024993,232.6893939
592250,45.18799835,0.315872494,232.6645642
592500,36.82899956,0.290663993,232.6885059
592750,39.7489994,0.317532997,232.6676733
593000,48.4659993,0.362911992,232.6680261
593250,53.73399887,0.357380987,232.6537292
593500,44.84799988,0.316277993,232.6680731
593750,42.56699997,0.31492499,232.6641211
594000,42.01699905,0.350929493,232.6515698
594250,59.97899887,0.387832992,232.6327612
594500,48.34099945,0.33570649,232.6812018
594750,51.05199966,0.389932988,232.6659229
595000,65.36999878,0.419862994,232.6672736
595250,49.55999847,0.333442495,232.6811371
595500,49.1529982,0.374814991,232.6802808
595750,55.01099854,0.380139984,232.6360168
596000,55.35999725,0.418536987,232.6467041
596250,70.87999817,0.448023487,232.6526086
596500,64.4569989,0.431417989,232.6391211
596750,73.09199722,0.472357498,232.6349768
597000,70.57299744,0.495515997,232.6205621
597250,86.43199768,0.557350991,232.6510352
597500,86.43199768,0.557350991,232.6510352
597750,92.0759967,0.565203981,232.6166718
598000,97.66999756,0.581047499,232.6323138
598250,96.15699768,0.580524981,232.6231555
598500,101.1509985,0.619017491,232.6087219
598750,104.4469977,0.625823479,232.6092334
599000,110.947998,0.640049987,232.6042426
599250,114.6659973,0.645515993,232.6163794
599500,107.8999969,0.617952979,232.6018268
599750,105.3809991,0.610023487,232.6068494
600000,105.2359982,0.635897982,232.5842896
600250,113.5579996,0.654977489,232.6004321
600500,109.127998,0.639104481,232.6374347
600750,115.9359976,0.643831487,232.6387146
601000,104.907998,0.608252983,232.633504
601250,109.9909958,0.678839979,232.5785706
601500,118.6109973,0.67733897,232.5909039
601750,119.7599979,0.679720473,232.5906519
602000,107.8879987,0.618528984,232.6343866
602250,116.5119983,0.684606488,232.5785632
602500,122.8759964,0.685049481,232.6059308
602750,126.6299966,0.720653489,232.5952393
603000,136.8679987,0.764913487,232.5940558
603250,146.2799982,0.779132471,232.5856012
603500,144.7549951,0.745094981,232.6195526
603750,137.1899982,0.756984973,232.5677301
604000,137.1899982,0.756984973,232.5677301
604250,151.5249957,0.808974473,232.567337
604500,164.7369965,0.834419978,232.5824823
604750,156.6100012,0.788124993,232.5646906
605000,152.4759998,0.787237976,232.5615375
605250,158.2349951,0.837835982,232.5631012
605500,162.8880005,0.817703471,232.5588562
605750,164.6529987,0.819360971,232.569209
606000,156.3249957,0.789024494,232.5670514
606250,149.6160004,0.781578984,232.5694751
606500,146.2100006,0.777206988,232.5646985
606750,158.3459949,0.858375473,232.5589056
607000,178.3819916,0.881711979,232.5463763
607250,174.2929968,0.84383898,232.5418738
607500,166.4609961,0.824069476,232.5715521
607750,170.9739978,0.88773747,232.5376477
608000,176.7519946,0.862206473,232.5177191
608250,170.940993,0.822140498,232.5628674
608500,157.1629974,0.810641987,232.5484924
608750,161.7449963,0.834979465,232.5515619
609000,169.0319977,0.83457099,232.5382196
609250,164.3859973,0.829647472,232.5642096
609500,163.5549951,0.81792398,232.5536328
609750,161.9669971,0.836169493,232.5327069
610000,165.262995,0.813213973,232.5502026
610250,152.9409979,0.780284982,232.5852008
610500,152.9409979,0.780284982,232.5852008
610750,146.3769995,0.782113476,232.5670746
611000,150.2589948,0.792380474,232.569035
611250,148.5209979,0.751584985,232.5963538
611500,131.667999,0.695927482,232.6201624
611750,123.0149982,0.712622483,232.5915692
612000,130.7029974,0.75327949,232.5827209
612250,131.3699976,0.672801476,232.5720978
612500,118.7299988,0.703065989,232.5857758
612750,126.0749966,0.675960991,232.6158643
613000,123.8229974,0.730342498,232.6082037
613250,132.2639963,0.690779984,232.5773859
613500,107.867999,0.628869991,232.6267554
613750,107.3339972,0.651340485,232.6228967
614000,112.4779968,0.654199481,232.6096899
614250,113.3339981,0.603644986,232.6325043
614500,98.63099854,0.593601995,232.6526978
614750,100.425997,0.587947493,232.6328125
615000,96.67799896,0.53174749,232.6453058
615250,79.39599762,0.510320977,232.6256488
615500,83.99699677,0.547119482,232.631651
615750,92.23499725,0.528518493,232.6366656
616000,77.88099854,0.478292491,232.6650775
616250,74.0769989,0.470483981,232.628313
616500,74.51999939,0.429711485,232.6507532
616750,54.85899902,0.421738989,232.6601617
617000,54.85899902,0.421738989,232.6601617
617250,69.6379985,0.432350991,232.6537854
617500,65.77799835,0.465380484,232.6608093
617750,73.20099823,0.407652485,232.6455707
618000,44.88699799,0.332901492,232.655509
618250,54.78099869,0.436551486,232.659707
618500,73.02199799,0.456759984,232.6248602
618750,63.7259996,0.433690982,232.6402747
619000,65.19299774,0.431118995,232.650722
619250,63.00199631,0.407584491,232.666394
619500,55.73199951,0.413711983,232.6679791
619750,66.55799881,0.408374991,232.6840729
620000,58.67799774,0.399379488,232.6408514
620250,59.47499847,0.405722492,232.6364746
620500,55.67599869,0.353455486,232.6787347
620750,42.67099976,0.332435992,232.667179
621000,48.88399979,0.407000992,232.6202094
621250,68.28999878,0.421670492,232.6658893
621500,57.89999893,0.387636987,232.6629065
621750,57.75,0.443137488,232.6197382
622000,75.61299957,0.47122898,232.6351685
622250,61.45499954,0.390828487,232.6675049
622500,57.74699814,0.378078989,232.6739685
622750,51.67099854,0.345041995,232.6555524
623000,43.97300003,0.329450486,232.6697223
623250,49.63200012,0.370906988,232.6580896
623500,49.63200012,0.370906988,232.6580896
623750,51.72799881,0.3763105,232.6741138
624000,59.12499802,0.392861983,232.6325848
624250,61.41799805,0.441869979,232.6146991
624500,70.09199829,0.448295987,232.6363251
624750,71.36099854,0.438569988,232.6447217
625000,60.76199829,0.399924986,232.6356281
625250,54.1409993,0.353644495,232.6313013
625500,49.38199905,0.353022488,232.6665625
625750,52.66899857,0.394345489,232.631543
626000,64.30499756,0.436433984,232.6214667
626250,67.08499786,0.434750985,232.6067322
626500,69.08999878,0.443862991,232.6271368
626750,61.34599899,0.392552984,232.6254883
627000,60.52499725,0.510458485,232.6562585
627250,102.3369971,0.610996499,232.6387378
627500,94.48799774,0.550568492,232.6474573
627750,95.43599792,0.594882483,232.6349451
628000,98.97099823,0.570973492,232.6291602
628250,87.81699799,0.548220978,232.6186658
628500,93.43099884,0.615609472,232.6081323
628750,114.002999,0.655505478,232.6191223
629000,98.00199921,0.548279482,232.601355
629250,95.68099701,0.625732484,232.6023944
629500,108.4519986,0.617621496,232.6171216
629750,103.5659988,0.639174984,232.6102655
630000,103.5659988,0.639174984,232.6102655
630250,115.5989951,0.674447994,232.5940021
630500,113.6609952,0.639192479,232.617627
630750,109.9349973,0.631453476,232.5963312
631000,104.7279999,0.593315482,232.6295551
631250,97.79299805,0.586010973,232.6101147
631500,105.3689972,0.653356485,232.5949701
631750,113.5849915,0.685978963,232.6368658
632000,125.7849973,0.710064478,232.5794745
632250,125.9749985,0.680955496,232.5962347
632500,119.6599988,0.690048468,232.5825732
632750,131.7689948,0.745649974,232.5844983
633000,139.8779993,0.770548487,232.5948871
633250,150.4289972,0.821635475,232.5880566
633500,159.8459998,0.788336987,232.5771069
633750,150.2299957,0.813101473,232.5751385
634000,154.1659967,0.761821983,232.5936505
634250,140.4179993,0.769040976,232.587666
634500,149.8489941,0.791788483,232.5634747
634750,154.2159998,0.794672492,232.5480182
635000,154.6339984,0.817704473,232.56776
635250,161.0979993,0.819110978,232.5552344
635500,164.3479962,0.833426988,232.544928
635750,163.5829962,0.822348492,232.6111542
636000,161.2409949,0.817797477,232.5783203
636250,166.4539966,0.870190482,232.5551141
636500,166.4539966,0.870190482,232.5551141
636750,173.8569952,0.85321449,232.5594098
637000,177.6329938,0.903412986,232.5778839
637250,187.1879956,0.884578485,232.5968512
637500,181.2879968,0.896601481,232.5611273
637750,180.873006,0.860469992,232.5634186
638000,167.9979993,0.852335467,232.5816754
638250,174.1559967,0.867493479,232.5569629
638500,172.9459943,0.852990477,232.5894415
638750,173.1330005,0.860863981,232.5394092
639000,175.4600024,0.86350847,232.5766187
639250,172.7869995,0.847281969,232.5780835
639500,169.6869952,0.834755979,232.5622839
639750,165.1719995,0.853148479,232.5477527
640000,169.4579944,0.839726968,232.563241
640250,170.1269965,0.858283978,232.5710406
640500,172.8019928,0.859570975,232.5576935
640750,172.3259943,0.847763968,232.5719531
641000,165.3749951,0.822974975,232.572608
641250,160.8909955,0.813319476,232.5752911
641500,159.9919946,0.817952967,232.5820435
641750,157.595,0.811658974,232.5657556
642000,165.648996,0.884484482,232.5175214
642250,181.0419965,0.866266968,232.5439142
642500,168.8369965,0.83253999,232.5599457
642750,166.4209955,0.814803486,232.5713147
643000,166.4209955,0.814803486,232.5713147
643250,154.0209949,0.795630987,232.5735944
643500,150.6609949,0.761943481,232.5974017
643750,137.0049976,0.764581976,232.5826984
644000,149.6439954,0.805443969,232.5892181
644250,159.3989978,0.803683484,232.5779779
644500,151.1579968,0.774738479,232.5717859
644750,139.2209991,0.742476475,232.5835126
645000,127.7339969,0.690648484,232.5966284
645250,116.3239951,0.683756979,232.6160181
645500,125.0849966,0.682558479,232.5799683
645750,116.8149976,0.676621985,232.6070184
646000,124.1989984,0.680313981,232.5896826
646250,118.0109988,0.66284198,232.5985571
646500,113.6090002,0.639847476,232.604953
646750,96.57799744,0.548300474,232.6005621
647000,90.84300079,0.556172991,232.626427
647250,87.08100037,0.565675492,232.6148883
647500,96.65599915,0.562714486,232.5804669
647750,94.05399628,0.539477986,232.6262201
648000,83.23399658,0.497384994,232.6589465
648250,73.20099823,0.452263989,232.657572
648500,66.52299896,0.4176285,232.663324
648750,47.71399963,0.341407492,232.6994659
649000,55.3719986,0.396829993,232.6857532
649250,59.05799942,0.436876992,232.6473474
649500,59.05799942,0.436876992,232.6473474
649750,72.62199799,0.461500494,232.6596039
650000,58.26299866,0.394322993,232.6522821
650250,63.46499786,0.420035491,232.6550189
650500,64.21599945,0.431132981,232.6425439
650750,67.56999786,0.432452481,232.6596106
651000,56.2479985,0.349709996,232.6792365
651250,40.32499954,0.305538993,232.6941211
651500,39.43299927,0.347953497,232.670802
651750,57.51999802,0.386356491,232.6459662
652000,51.96099884,0.376882992,232.6639453
652250,63.85599854,0.446331989,232.6495703
652500,69.76699799,0.429013494,232.6773865
652750,54.78999863,0.344316989,232.6773547
653000,47.26500015,0.349019499,232.6918158
653250,48.94499954,0.368586494,232.6570807
653500,56.62199844,0.389422987,232.6654578
653750,46.00699829,0.303429991,232.6861993
654000,35.48299957,0.291819494,232.6920483
654250,41.0259993,0.333468995,232.6464111
654500,57.26999802,0.430832496,232.645033
654750,46.27599846,0.322195992,232.6790747
655000,44.14799835,0.330342493,232.6749603
655250,42.47399933,0.316905487,232.6575116
655500,39.4479985,0.295591991,232.6718878
655750,38.9009996,0.310153494,232.6675366
656000,38.9009996,0.310153494,232.6675366
656250,47.24500015,0.36365599,232.6554163
656500,50.13399933,0.337408997,232.6737482
656750,46.70799789,0.339928498,232.6412524
657000,48.36099899,0.340737987,232.7004175
657250,44.17399811,0.317610493,232.678399
657500,42.00099991,0.329608002,232.661441
657750,54.22699829,0.394454992,232.6614819
658000,55.80199768,0.382212489,232.6188098
658250,56.54999847,0.383558496,232.6546039
658500,55.26599823,0.363109993,232.6632251
658750,49.82299988,0.372668984,232.6777216
659000,62.42899826,0.449685988,232.6316504
659250,62.21099899,0.393409495,232.6194971
659500,66.54399841,0.524016486,232.6479437
659750,92.66399841,0.563435988,232.6253693
660000,88.58299805,0.512246485,232.6485297
660250,83.07999695,0.534214489,232.6256915
660500,88.63299957,0.540381992,232.6462671
660750,92.33099945,0.595726984,232.6214014
661000,98.28099792,0.581753983,232.645675
661250,92.96199707,0.557365487,232.6457361
661500,98.52199799,0.636371481,232.6303699
661750,114.3859958,0.654244487,232.6189197
662000,106.0959988,0.594517486,232.6548181
662250,101.2469983,0.646745477,232.6185785
662500,101.2469983,0.646745477,232.6185785
662750,108.8999976,0.610252969,232.6208716
663000,104.0379971,0.668761494,232.60966
663250,123.7999969,0.660432487,232.6108649
663500,115.8139981,0.659974983,232.6116656
663750,114.7579968,0.637142482,232.6097687
664000,110.1679965,0.661120479,232.6134351
664250,112.4779968,0.647296987,232.5919611
664500,114.5379965,0.689398479,232.6103778
664750,126.2129953,0.684640999,232.5900903
665000,123.8249973,0.705258994,232.6087616
665250,128.1169977,0.684041994,232.6083722
665500,118.9469952,0.697414489,232.5611926
665750,132.4559967,0.752831478,232.5824805
666000,142.0549969,0.761132464,232.5687463
666250,140.8449963,0.770958471,232.5827393
666500,147.7989972,0.758743486,232.5890454
666750,142.6859967,0.788735478,232.5894647
667000,154.5489984,0.779000986,232.5663715
667250,139.9039972,0.738530984,232.5941443
667500,136.7449963,0.781199479,232.5670502
667750,156.705,0.823207481,232.5377142
668000,164.5599951,0.813507981,232.5590753
668250,156.0069983,0.805049989,232.5553076
668500,158.4500006,0.822837968,232.5177924
668750,165.0149957,0.848710988,232.5366882
669000,165.0149957,0.848710988,232.5366882
669250,169.6819971,0.826833467,232.5761371
669500,159.5669958,0.819176478,232.5785052
669750,163.287998,0.823860984,232.5711853
670000,164.3270001,0.835252476,232.5853552
670250,169.0960028,0.85854847,232.5491687
670500,174.3209973,0.852019479,232.5212329
670750,168.8999969,0.851644983,232.5666345
671000,171.872995,0.855475984,232.5326917
671250,170.4739996,0.854384973,232.524801
671500,176.6919965,0.851238973,232.5481555
671750,162.8699957,0.813743989,232.5483777
672000,161.5439954,0.83032948,232.5478101
672250,167.9410022,0.838237965,232.5522736
672500,162.1299976,0.828855979,232.5434406
672750,164.4420026,0.815404482,232.5765527
673000,153.3949994,0.792949986,232.550387
673250,157.0749963,0.812922976,232.5727789
673500,160.6379907,0.815196483,232.5515533
673750,154.9079993,0.790261481,232.5724249
674000,150.0689984,0.764199476,232.5552332
674250,140.0349982,0.799398985,232.5558667
674500,165.0769965,0.82865798,232.5389606
674750,146.9439972,0.748017991,232.5670178
675000,141.4279944,0.76200448,232.5642444
675250,144.2079944,0.780829978,232.5706171
675500,144.2079944,0.780829978,232.5706171
675750,146.733996,0.778605981,232.5766119
676000,148.0699957,0.779397988,232.5579443
676250,147.5199994,0.772666473,232.575307
676500,143.5149963,0.752629976,232.5586182
676750,140.8449957,0.731899476,232.5488757
677000,122.3339993,0.677813466,232.5691614
677250,122.7669974,0.708475974,232.5714581
677500,130.9529993,0.716128478,232.5783655
677750,115.1109976,0.676188486,232.6218915
678000,119.8909958,0.668415976,232.6159674
678250,111.5269989,0.629746983,232.5903619
678500,114.5609979,0.6657285,232.5940533
678750,117.4589972,0.663990486,232.6055536
679000,118.9589966,0.670638969,232.6006262
679250,107.0119974,0.604858983,232.6280402
679500,96.51499817,0.58539999,232.6243933
679750,94.09899902,0.573415487,232.6155035
680000,101.5799966,0.575843481,232.6057861
680250,80.54499939,0.46491549,232.6220416
680500,79.28699768,0.507702482,232.6350262
680750,79.44399933,0.496270983,232.6441943
681000,78.96,0.506156489,232.6423444
681250,76.22799881,0.447955985,232.6436578
681500,63.96699844,0.42444699,232.6481689
681750,59.4259993,0.410265987,232.6696411
682000,59.4259993,0.410265987,232.6696411
682250,65.25299805,0.427376988,232.6472906
682500,66.5929985,0.454912993,232.6289978
682750,72.9039978,0.473712986,232.6035754
683000,71.22699799,0.449877987,232.6418964
683250,68.28899872,0.45379249,232.620011
683500,66.54299911,0.405956993,232.6481207
683750,60.1769986,0.400912485,232.6366888
684000,59.5,0.403692493,232.6423547
684250,60.38899933,0.39710549,232.6533533
684500,53.55499878,0.362166485,232.7060895
684750,47.52199936,0.32819249,232.6905365
685000,53.18299835,0.414116997,232.6762006
685250,56.35199768,0.365957487,232.6743323
685500,54.36799881,0.353848991,232.6621777
685750,44.94999985,0.307760489,232.6552521
686000,41.25799835,0.335687487,232.6195044
686250,53.17599808,0.363242488,232.6792108
686500,48.6869989,0.332384994,232.6647955
686750,43.77499924,0.318516001,232.6275452
687000,51.96199844,0.405953494,232.6590735
687250,56.50199783,0.36052649,232.6890033
687500,52.87599777,0.409220988,232.6733673
687750,64.13199814,0.432037991,232.6600116
688000,67.02699738,0.430044987,232.679115
688250,62.49999908,0.409120981,232.6622748
688500,62.49999908,0.409120981,232.6622748
688750,55.52499802,0.364005992,232.6683234
689000,48.26599991,0.311421493,232.674137
689250,43.74699921,0.37925899,232.6644489
689500,56.99399872,0.369975488,232.6403711
689750,48.11399963,0.322042494,232.6820667
690000,52.93299759,0.473888988,232.6339386
690250,78.45799805,0.476635487,232.6317303
690500,71.14599976,0.422746981,232.6179871
690750,62.03299942,0.444331993,232.6260236
691000,70.4409967,0.463364993,232.6444977
691250,69.64999908,0.458147992,232.6456647
691500,75.7089978,0.523687475,232.5994818
691750,78.79299805,0.429385492,232.6417059
692000,69.21699768,0.509144984,232.6130743
692250,88.93899841,0.524491489,232.6078265
692500,87.9789978,0.602611475,232.6033063
692750,105.135997,0.604953988,232.5858972
693000,96.85299835,0.539442986,232.6456506
693250,77.4869986,0.51246749,232.633147
693500,82.68299835,0.48463599,232.6327222
693750,79.61599884,0.529587476,232.5978894
694000,91.97899841,0.604191985,232.6099762
694250,108.9929987,0.652479978,232.6378192
694500,111.0929974,0.629430976,232.6060638
694750,104.9829974,0.593062973,232.6000891
695000,104.9829974,0.593062973,232.6000891
695250,98.25199799,0.603528485,232.6067456
695500,107.1539972,0.644376986,232.581507
695750,114.8199966,0.636238487,232.623819
696000,102.361998,0.605407476,232.6000269
696250,103.2049954,0.610121992,232.6144177
696500,101.8459995,0.594474993,232.6294019
696750,97.07799927,0.596247995,232.6041357
697000,108.8399979,0.639806979,232.586449
697250,113.9299969,0.663822489,232.5777557
697500,114.6039957,0.683966494,232.5856573
697750,123.686998,0.706586492,232.5540521
698000,128.0219995,0.705756485,232.5809943
698250,122.8079953,0.698159986,232.5854016
698500,132.0419983,0.725531502,232.5670416
698750,131.5209991,0.684347472,232.5797949
699000,109.5889969,0.66719749,232.5894257
699250,124.5849976,0.71990099,232.580896
699500,134.0979944,0.759571481,232.5588885
699750,146.0629944,0.740716479,232.5818835
700000,124.5859964,0.674547482,232.5903357
700250,128.0919965,0.72517997,232.6007623
700500,134.3789948,0.721558993,232.5837695
700750,118.952999,0.715890484,232.5868842
701000,142.3359976,0.769183981,232.5769934
701250,137.1449945,0.713593488,232.5745313
701500,137.1449945,0.713593488,232.5745313
701750,130.2299988,0.723628991,232.5687122
702000,133.4690002,0.724640999,232.5540186
702250,132.8099976,0.74778049,232.563244
702500,145.2679968,0.745965991,232.5746967
702750,116.7489957,0.660138981,232.6265057
703000,121.7699954,0.713412468,232.5645776
703250,138.2619952,0.771585476,232.5559302
703500,138.4809955,0.743358986,232.5891705
703750,143.0339978,0.762307973,232.5652271
704000,138.3449994,0.756768973,232.5767126
704250,140.2689978,0.776507974,232.5665607
704500,150.1119977,0.768368483,232.5814587
704750,133.4649963,0.711520989,232.5972589
705000,131.2029993,0.713125985,232.5552655
705250,129.5259991,0.705257974,232.5951959
705500,130.8819995,0.737951493,232.5894586
705750,131.1769968,0.71502398,232.5898175
706000,126.5139975,0.705435989,232.5776428
706250,123.120997,0.693821993,232.5822577
706500,124.2079974,0.684361491,232.5829535
706750,118.1559967,0.667510471,232.6018561
707000,128.1639966,0.727264974,232.5738171
707250,132.2379956,0.726423995,232.6026495
707500,126.8989993,0.698119471,232.5850427
707750,122.9419977,0.705015478,232.5846674
708000,122.9419977,0.705015478,232.5846674
708250,125.5999969,0.71961498,232.5773694
708500,130.9319962,0.698523476,232.5960718
708750,126.3789966,0.679952993,232.5746497
709000,111.8409961,0.641764488,232.6074078
709250,111.1269977,0.618637993,232.6023785
709500,109.9339975,0.654050982,232.6218567
709750,110.6349985,0.666026983,232.6093286
710000,120.0279959,0.674781976,232.6170886
710250,121.602998,0.690731997,232.585777
710500,128.1949976,0.712622979,232.5871857
710750,129.5,0.716456475,232.5982361
711000,124.3979984,0.680461483,232.6013129
711250,110.2749969,0.619800479,232.6058008
711500,101.9539996,0.619310491,232.6045044
711750,114.2199945,0.676581988,232.6171686
712000,124.0889972,0.681597979,232.5840814
712250,106.5849985,0.542885991,232.6573694
712500,89.95399872,0.616139483,232.6331781
712750,104.0489975,0.613035986,232.5877869
713000,102.1389999,0.638819983,232.620993
713250,106.2019977,0.580792975,232.6352655
713500,98.55699707,0.609777987,232.6183948
713750,103.8829987,0.575010986,232.615202
714000,90.99999817,0.531000988,232.6253552
714250,85.37099915,0.540680494,232.623075
714500,85.37099915,0.540680494,232.623075
714750,93.69699585,0.594926474,232.5943298
715000,96.365,0.568038487,232.6116034
715250,86.71799927,0.488576486,232.6228351
715500,75.50899872,0.495771496,232.6283044
715750,82.57199921,0.552781487,232.6023297
716000,97.10499908,0.568807492,232.6373236
716250,90.05199738,0.526673495,232.6379456
716500,79.6819986,0.500694487,232.6224591
716750,73.89299789,0.42411399,232.6357391
717000,61.35499817,0.462339488,232.621673
717250,79.43199799,0.505329996,232.585835
717500,84.33299866,0.516259496,232.5975708
717750,81.85499695,0.507972988,232.6164655
718000,80.52499725,0.504316485,232.6264252
718250,72.79999969,0.442085488,232.6291705
718500,68.4269989,0.50197898,232.6250903
718750,84.61599762,0.504390999,232.6453705
719000,73.28999878,0.428418491,232.6511804
719250,63.48599808,0.434679494,232.6395386
719500,69.0719989,0.472941493,232.6092731
719750,75.96299774,0.501757476,232.5980475
720000,80.43899689,0.484808493,232.6210889
720250,74.01199921,0.492328488,232.6294513
720500,76.09099792,0.459999486,232.6535828
720750,72.14899841,0.496204983,232.6333954
721000,72.14899841,0.496204983,232.6333954
721250,88.88599854,0.534029984,232.6311292
721500,81.83199921,0.519852486,232.6457556
721750,84.62099792,0.530721495,232.6559857
722000,83.72299988,0.503594487,232.6502905
722250,75.24799988,0.456404989,232.6461688
722500,63.13999939,0.414654992,232.6606573
722750,64.0319989,0.503676989,232.6614288
723000,92.98399963,0.588407996,232.6132806
723250,97.41299622,0.577517984,232.6243085
723500,89.9659964,0.525731986,232.627027
723750,81.59999756,0.543530478,232.6488501
724000,94.8719986,0.564826989,232.6172424
724250,87.4739975,0.546743491,232.6083057
724500,92.86299744,0.573965981,232.619364
724750,92.74399994,0.529428489,232.6256018
725000,79.8169986,0.550450495,232.6200336
725250,95.74699707,0.579125485,232.6258826
725500,91.44099823,0.528248985,232.6221393
725750,87.59699799,0.555958989,232.6376428
726000,94.19500061,0.582968984,232.6039685
726250,100.5159988,0.587196991,232.6096198
726500,88.09099823,0.570623482,232.6106897
726750,99.94099854,0.598084486,232.5983142
727000,95.4039978,0.58718699,232.6224432
727250,104.3270004,0.625663486,232.6148676
727500,104.3270004,0.625663486,232.6148676
727750,114.7189978,0.648336482,232.5904572
728000,103.3669986,0.612052991,232.6176276
728250,112.550997,0.68529599,232.5850031
728500,124.4429987,0.697604485,232.5883301
728750,121.4469949,0.658617973,232.6169781
729000,113.9579987,0.647341979,232.6304584
729250,124.3419989,0.747347,232.5753064
729500,143.9679944,0.766216972,232.5640192
729750,137.4949976,0.740643981,232.5689069
730000,139.3529974,0.764935489,232.5883215
730250,143.2239972,0.759168994,232.5518665
730500,141.925,0.762195966,232.5603461
730750,144.2649994,0.763423979,232.5763123
731000,142.6459973,0.767189486,232.5648425
731250,142.3179974,0.768698475,232.5799072
731500,146.5379974,0.767245483,232.57336
731750,147.1979968,0.787856483,232.5854669
732000,153.5709949,0.793813481,232.567403
732250,146.7119983,0.733850486,232.5788269
732500,130.9999969,0.732218487,232.6132825
732750,136.4660046,0.756323457,232.5802576
733000,139.3609949,0.748362474,232.5884766
733250,143.4399915,0.779628992,232.5602112
733500,138.3019995,0.710390975,232.5821857
733750,137.677998,0.77728497,232.5859143
734000,137.677998,0.77728497,232.5859143
734250,143.1859958,0.720098982,232.551723
734500,135.5119962,0.765230985,232.5633136
734750,145.3449945,0.769826479,232.5764099
735000,147.2429938,0.768440478,232.5745215
735250,141.3319977,0.761149986,232.5845453
735500,140.495,0.762661986,232.5938745
735750,149.5309991,0.785650985,232.5730536
736000,149.4499957,0.784253979,232.5422821
736250,149.7219965,0.777510972,232.5906018
736500,148.7569965,0.765311475,232.5706104
736750,138.9139972,0.760126987,232.5730505
737000,140.2049988,0.738953485,232.5577618
737250,135.3109991,0.726386483,232.5892584
737500,131.5609973,0.712808979,232.6041943
737750,129.5079962,0.721366498,232.5934357
738000,130.1319965,0.720443995,232.5761609
738250,133.5910004,0.757350981,232.5898175
738500,137.248996,0.725638993,232.577041
738750,130.5209982,0.710877476,232.573786
739000,131.1089954,0.711151969,232.5690259
739250,125.7849985,0.699301493,232.6117865
739500,123.103996,0.666987975,232.5946985
739750,117.2249982,0.685178986,232.5899396
740000,114.340997,0.66031148,232.5836108
740250,114.3019995,0.667699487,232.5940454
740500,114.3019995,0.667699487,232.5940454
740750,120.221998,0.674217966,232.5852576
741000,118.8079974,0.670133984,232.58573
741250,118.3259964,0.63275599,232.572019
741500,104.276998,0.6022335,232.6070587
741750,106.4589981,0.669504988,232.6063708
742000,119.4229971,0.630855978,232.6110657
742250,101.972998,0.646651998,232.6066486
742500,113.4709979,0.613095992,232.6236841
742750,99.91299591,0.596588488,232.598299
743000,103.2569983,0.594807985,232.6011707
743250,99.08899719,0.569470983,232.609408
743500,91.61799805,0.550675983,232.6250098
743750,86.72900024,0.527700485,232.6187445
744000,80.53799866,0.487326989,232.6285547
744250,73.36099762,0.48773349,232.637124
744500,76.98900009,0.425927992,232.6464612
744750,66.38899826,0.472516991,232.6458026
745000,79.8589978,0.450325489,232.6457611
745250,55.37399826,0.429856989,232.6525055
745500,73.67799957,0.481005491,232.6127399
745750,72.23399933,0.435187991,232.6216736
746000,56.73999817,0.348754492,232.6459052
746250,47.44199905,0.362587994,232.6540509
746500,62.96899841,0.461300492,232.6634589
746750,78.73999878,0.466608989,232.644444
747000,78.73999878,0.466608989,232.644444
747250,62.34499878,0.406386983,232.6481525
747500,57.6429982,0.383866489,232.635387
747750,56.19999939,0.420930498,232.6202942
748000,71.00599884,0.439611999,232.6214807
748250,64.86599792,0.416735989,232.6572571
748500,61.24899887,0.40380699,232.6389709
748750,57.31199951,0.401645491,232.6201599
749000,56.89499863,0.405581988,232.6159534
749250,61.1129982,0.411167992,232.6296497
749500,56.70399841,0.417253987,232.626123
749750,68.27199829,0.437941985,232.6597632
750000,64.36099808,0.387082489,232.6448346
750250,52.32199936,0.423204491,232.6154407
750500,72.97499802,0.471976492,232.631593
750750,62.67499832,0.405352986,232.6468732
751000,58.28899994,0.441889479,232.6248981
751250,79.47699921,0.493557988,232.6214716
751500,71.91099884,0.459811491,232.6403052
751750,69.2919989,0.449187484,232.6195398
752000,71.4239978,0.509465489,232.5911224
752250,82.5430011,0.513224484,232.6179492
752500,70.45299881,0.424096483,232.6437231
752750,66.42199921,0.466483493,232.623255
753000,78.64399841,0.48728449,232.6423615
753250,73.59,0.471682488,232.664483
753500,73.59,0.471682488,232.664483
753750,78.585,0.519074986,232.6351392
754000,83.20299774,0.506836988,232.6458179
754250,78.50099854,0.496020492,232.6335468
754500,81.41099762,0.508395489,232.6297308
754750,83.02899902,0.491334993,232.6533948
755000,75.68600006,0.489100492,232.6424896
755250,75.91299927,0.470581492,232.6392108
755500,76.42199951,0.515605987,232.637948
755750,88.41799896,0.556773486,232.6200104
756000,86.69899841,0.519343489,232.6319482
756250,93.20899902,0.573087482,232.6410425
756500,84.85599915,0.489729493,232.6227692
756750,76.14699921,0.49401798,232.6449463
757000,81.26599823,0.543935988,232.6390509
757250,94.97099915,0.582468982,232.5855695
757500,92.19199829,0.54976598,232.6156494
757750,98.98000031,0.614187987,232.5953375
758000,100.0329987,0.548506479,232.6048193
758250,83.77199707,0.524441473,232.6362592
758500,93.02799866,0.589861488,232.617713
758750,100.3060004,0.612075489,232.6182452
759000,106.4839969,0.638143487,232.5527405
759250,103.4919977,0.55534348,232.6286993
759500,93.62199921,0.600400474,232.5945447
759750,93.84999878,0.535962493,232.627146
760000,93.84999878,0.535962493,232.627146
760250,94.3869989,0.60278049,232.6057953
760500,109.9359955,0.666797998,232.6133698
760750,113.9089984,0.645857491,232.603631
761000,116.6149969,0.66515599,232.5952264
761250,122.5189972,0.707531488,232.5727631
761500,127.3479944,0.673839993,232.6196924
761750,116.667998,0.673749976,232.5816809
762000,127.0269983,0.736669474,232.5849792
762250,136.278996,0.742539973,232.6001636
762500,139.9739911,0.767918975,232.5730048
762750,148.6349963,0.780429993,232.5675256
763000,138.7069958,0.728210988,232.6066656
763250,131.2549994,0.748509481,232.587771
763500,148.0079968,0.793336987,232.5701294
763750,146.2829993,0.74026649,232.6040491
764000,142.4219995,0.793867474,232.5750903
764250,151.533999,0.757165992,232.5763159
764500,143.3009973,0.795847979,232.5552496
764750,159.9779968,0.812847977,232.5462518
765000,151.3490009,0.752553489,232.5680005
765250,143.162998,0.806928976,232.5754572
765500,161.1269946,0.814911463,232.5804681
765750,155.8529993,0.786201487,232.5903937
766000,151.5770013,0.783236978,232.5974109
766250,151.1699963,0.796308477,232.5919629
766500,151.1699963,0.796308477,232.5919629
766750,156.1229974,0.803517478,232.5490979
767000,156.7759967,0.775808473,232.5726501
767250,145.0559979,0.810048985,232.5986267
767500,158.663999,0.795831981,232.569826
767750,157.6920001,0.826391985,232.5758417
768000,160.0409979,0.769058979,232.5693298
768250,142.637995,0.796873472,232.5522748
768500,153.9600037,0.781267986,232.5776996
768750,144.3789996,0.792204983,232.5873376
769000,152.8269983,0.783954995,232.5587769
769250,145.8959979,0.765087986,232.5762439
769500,148.182998,0.786007476,232.5631635
769750,145.5369995,0.75402349,232.5798328
770000,136.8269971,0.753064981,232.6007935
770250,140.3869989,0.735513978,232.5837939
770500,124.0539978,0.689536493,232.5876648
770750,121.8329987,0.700160484,232.5631403
771000,130.2440002,0.71285398,232.5683228
771250,124.3299976,0.668028469,232.5605951
771500,118.5359991,0.676761494,232.572146
771750,119.9919958,0.694607465,232.5733795
772000,122.0549908,0.662542982,232.6044727
772250,103.7929996,0.624508483,232.5914197
772500,107.6709973,0.619849482,232.6042554
772750,107.947998,0.590653486,232.6145453
773000,107.947998,0.590653486,232.6145453
773250,96.3089975,0.577026982,232.627569
773500,95.93599701,0.553640478,232.6157611
773750,90.34099823,0.527244487,232.6267926
774000,79.05599823,0.55107698,232.6390021
774250,91.92799744,0.53500648,232.6136578
774500,82.28999481,0.516826992,232.6326831
774750,87.24999695,0.512200493,232.6495325
775000,74.52999969,0.448641995,232.6524902
775250,68.67299744,0.463842481,232.6490271
775500,74.68599945,0.510681485,232.6289697
775750,82.81499969,0.518434994,232.6215222
776000,80.52599792,0.502982483,232.6095532
776250,79.47699951,0.460115491,232.6432159
776500,62.85099884,0.415248491,232.637522
776750,62.4229985,0.41569549,232.6161792
777000,63.01199936,0.413997988,232.6521136
777250,58.43299896,0.42903349,232.6705542
777500,65.3029982,0.431790495,232.6383643
777750,62.45499832,0.430122989,232.625274
778000,64.61299866,0.456780484,232.6191693
778250,75.74999756,0.466499994,232.5875696
778500,67.89299988,0.434689984,232.6117371
778750,65.70099777,0.434944484,232.6235364
779000,68.60799866,0.455531995,232.5926404
779250,65.55299744,0.423381988,232.6412024
779500,65.55299744,0.423381988,232.6412024
779750,54.31699844,0.393337989,232.6264978
780000,68.47900024,0.456076488,232.6568573
780250,66.37699829,0.407483495,232.6508972
780500,58.57899734,0.392830991,232.6077783
780750,52.31499786,0.369552487,232.6122516
781000,55.48999908,0.389628989,232.6371246
781250,47.94199982,0.333865489,232.652641
781500,44.74299866,0.372266493,232.6563629
781750,65.72499969,0.436045491,232.6016962
782000,63.66599884,0.408752491,232.6258435
782250,61.16099808,0.421784494,232.6691943
782500,66.95599808,0.444952495,232.6427722
782750,64.34699738,0.439295996,232.6147705
783000,58.39099899,0.372436992,232.6707623
783250,56.17599792,0.416027488,232.6308435
783500,63.31499893,0.433253984,232.6289941
783750,62.27599976,0.402725984,232.6230267
784000,66.96899841,0.480390996,232.5922479
784250,83.88199768,0.543888499,232.6014172
784500,76.85699768,0.46966499,232.6582367
784750,70.10299927,0.47534799,232.6423871
785000,79.41200012,0.502465988,232.6486816
785250,79.5519989,0.515001994,232.6165381
785500,82.91299805,0.512473483,232.6333881
785750,91.45599792,0.578231981,232.6601129
786000,91.45599792,0.578231981,232.6601129
786250,90.42499756,0.549080484,232.6177197
786500,95.51099884,0.60383347,232.6211792
786750,86.5039978,0.475197487,232.6342426
787000,70.66499908,0.486719987,232.6606158
787250,86.87299927,0.550921488,232.6396484
787500,91.87599792,0.570377486,232.5972729
787750,101.9859976,0.64428998,232.5848193
788000,102.4569977,0.54070648,232.6320648
788250,90.27399689,0.601802502,232.5856897
788500,108.5779987,0.62027447,232.5812408
788750,98.82799835,0.575474982,232.6152521
789000,94.38899902,0.579225996,232.6028741
789250,97.07499634,0.603678484,232.6162341
789500,94.26799744,0.56314049,232.6013629
789750,98.34600037,0.619041977,232.5986444
790000,105.8149976,0.582327487,232.6015863
790250,99.2239978,0.620546489,232.6141846
790500,115.3939975,0.68423749,232.5829541
790750,115.3109976,0.634545977,232.5895294
791000,104.3849985,0.621672485,232.58974
791250,105.1329971,0.621787994,232.577699
791500,111.5939972,0.654698484,232.5780743
791750,123.413996,0.711853473,232.5603455
792000,127.1649985,0.699375997,232.6176172
792250,118.9409982,0.669028981,232.591994
792500,118.9409982,0.669028981,232.591994
792750,123.9799982,0.736381981,232.5762573
793000,131.6649969,0.715422478,232.5809631
793250,133.4799994,0.75020098,232.5554321
793500,144.6419965,0.765313494,232.5640344
793750,153.3759973,0.846505969,232.561051
794000,172.7789923,0.802672005,232.551994
794250,145.7999976,0.794051993,232.5486487
794500,159.1999921,0.826983988,232.5757935
794750,168.5549945,0.788812482,232.5504089
795000,145.0589966,0.794724479,232.5561377
795250,157.3919983,0.79398597,232.5282416
795500,157.1309961,0.863248982,232.5407465
795750,181.9709943,0.884885972,232.5485919
796000,175.8089972,0.854948986,232.5660498
796250,169.6199957,0.856343491,232.5066974
796500,179.1799951,0.891856971,232.5163068
796750,183.7970007,0.898549969,232.5449615
797000,184.1219995,0.917860985,232.5090344
797250,193.1249969,0.901705978,232.537738
797500,180.4819977,0.910522981,232.5344409
797750,190.5659943,0.898772974,232.534563
798000,179.5209973,0.871948471,232.5550049
798250,177.7459991,0.86982749,232.539458
798500,177.3519989,0.89414449,232.5323877
798750,184.8239966,0.853505991,232.5436499
799000,184.8239966,0.853505991,232.5436499
799250,149.7689954,0.820643983,232.5492731
799500,168.1729962,0.830231478,232.5397388
799750,161.0130005,0.812530992,232.529552
800000,163.4179987,0.830026484,232.5516589
800250,167.6529962,0.844002478,232.5648505
800500,167.9129987,0.8538925,232.558551
800750,178.2109979,0.873083465,232.5228485
801000,167.0779974,0.824639976,232.5368646
801250,157.0409991,0.788202977,232.5579547
801500,152.0579968,0.794494493,232.5670685
801750,155.6679987,0.810171983,232.5757385
802000,162.5269977,0.822407975,232.5483691
802250,162.2309973,0.802174985,232.5641461
802500,145.6779987,0.771719491,232.5604156
802750,149.2949951,0.776363986,232.576203
803000,144.2119965,0.768174982,232.5730914
803250,150.9879999,0.789464476,232.5674988
803500,153.6400031,0.787707469,232.5503638
803750,143.4949976,0.737330983,232.6030176
804000,132.4319958,0.714664991,232.5897931
804250,119.1159952,0.672550478,232.6050256
804500,117.1899982,0.664700475,232.6010034
804750,116.8409976,0.64035598,232.6456018
805000,98.95699829,0.581696486,232.6044971
805250,105.0369992,0.616725476,232.6056427
805500,105.0369992,0.616725476,232.6056427
805750,105.0749982,0.605132997,232.6355847
806000,97.95199738,0.581944473,232.5908905
806250,97.69099823,0.578182485,232.6156683
806500,87.38099792,0.515235986,232.6421802
806750,77.5289975,0.492378988,232.6159918
807000,84.64500092,0.517999488,232.6104205
807250,79.84299957,0.457392986,232.645105
807500,73.37799927,0.483468984,232.6251312
807750,78.41399902,0.507863482,232.6256763
808000,74.14599823,0.436493988,232.6151599
808250,55.88299896,0.371104491,232.6551776
808500,59.79599945,0.438294991,232.6381616
808750,61.07399811,0.357856992,232.6421637
809000,47.10799957,0.3391945,232.6614026
809250,46.66999771,0.359400989,232.6940344
809500,45.85999847,0.304244486,232.6393628
809750,41.73599884,0.341024992,232.648996
810000,45.65999908,0.332673492,232.6398895
810250,48.69499924,0.351780992,232.6299457
810500,44.20599792,0.314312488,232.662442
810750,45.68799957,0.34394899,232.6575702
811000,47.00899841,0.327170997,232.6459619
811250,50.02399963,0.386824485,232.6770966
811500,55.93899826,0.39229449,232.6713214
811750,51.44599899,0.371473495,232.6251801
812000,51.44599899,0.371473495,232.6251801
812250,47.53,0.308261987,232.6636249
812500,35.77799911,0.283831993,232.6611938
812750,32.75599876,0.289402491,232.667962
813000,44.09499916,0.329533994,232.6696088
813250,41.13899933,0.29189199,232.7047797
813500,35.08399971,0.287491988,232.6840027
813750,40.60899918,0.319417493,232.6448578
814000,41.40599945,0.305413994,232.6803381
814250,46.44299911,0.381458497,232.6481708
814500,49.85499924,0.310595999,232.6597626
814750,35.86399933,0.283544499,232.6600745
815000,34.52599945,0.283675487,232.6782825
815250,33.74499863,0.280090998,232.6679785
815500,35.71499893,0.289897995,232.6577399
815750,36.21399887,0.302674496,232.6693286
816000,36.86299889,0.279981996,232.6771936
816250,36.33699928,0.28296249,232.6773389
816500,36.75299866,0.340849994,232.651853
816750,51.5619986,0.352475989,232.6240741
817000,52.47599854,0.373973992,232.6532513
817250,56.2969986,0.427664984,232.6458325
817500,59.21699707,0.353426484,232.6604749
817750,41.00199829,0.30311399,232.6383624
818000,40.775,0.328378998,232.6422809
818250,47.8619986,0.341474494,232.6607544
818500,47.8619986,0.341474494,232.6607544
818750,47.2669989,0.341673485,232.6036401
819000,51.63399902,0.383372991,232.6126813
819250,57.07999832,0.411311489,232.6155084
819500,59.90199829,0.417091988,232.6239948
819750,58.28899811,0.379462479,232.6590979
820000,52.34899933,0.452170491,232.6357849
820250,75.77699921,0.449614488,232.6304749
820500,66.84899963,0.426885481,232.6717468
820750,64.70599777,0.468075988,232.6096185
821000,79.77999878,0.532554989,232.6221375
821250,88.31599945,0.542260478,232.6426569
821500,88.8519986,0.63075398,232.595603
821750,122.926998,0.642645493,232.5684967
822000,111.0049985,0.675313981,232.5670819
822250,123.6209967,0.691403487,232.5784247
822500,111.8689963,0.611689477,232.6033276
822750,97.04499969,0.583549485,232.5931396
823000,103.9869992,0.641347978,232.5871698
823250,114.1649957,0.641394978,232.6108014
823500,111.1009988,0.635231497,232.604281
823750,116.1989969,0.698613496,232.5905768
824000,128.1769952,0.751164987,232.5579779
824250,145.0299933,0.768417981,232.5593542
824500,145.3499982,0.779580481,232.5375873
824750,150.4949921,0.789895492,232.5589313
825000,150.4949921,0.789895492,232.5589313
825250,152.5770007,0.773364983,232.6020184
825500,146.5059991,0.77437048,232.5646991
825750,147.832998,0.793609471,232.5998242
826000,158.9429968,0.82541249,232.5775464
826250,167.0729962,0.827602489,232.579032
826500,165.3999939,0.845252981,232.5534283
826750,174.8639941,0.836059983,232.5499609
827000,157.668996,0.796221495,232.5479559
827250,156.9449963,0.819370975,232.5533923
827500,165.0249963,0.859019496,232.5519128
827750,181.9449927,0.889523482,232.543443
828000,187.7929919,0.933054488,232.5211774
828250,197.4249951,0.942350969,232.5238757
828500,195.8769983,0.936203969,232.4981305
828750,197.0189978,0.950858972,232.5269525
829000,195.7069995,0.929280982,232.5261328
829250,194.763999,0.92273798,232.5353613
829500,185.1769983,0.899310982,232.5397223
829750,187.9719977,0.910563467,232.5261627
830000,186.7469971,0.916734471,232.5143445
830250,192.0829944,0.913121977,232.5435706
830500,182.7719977,0.887601981,232.5574109
830750,185.3649982,0.924480474,232.5361957
831000,196.6059949,0.927824984,232.5340576
831250,187.3609967,0.92805547,232.5465057
831500,187.3609967,0.92805547,232.5465057
831750,200.5959979,0.969975996,232.5325067
832000,197.8719995,0.908522472,232.5380035
832250,177.1789984,0.872416978,232.5328113
832500,174.253999,0.859951468,232.5492651
832750,179.0149963,0.872352979,232.5430115
833000,167.9179999,0.841668968,232.553161
833250,176.5889966,0.875094998,232.5389612
833500,172.7129962,0.838717997,232.5645703
833750,160.8779944,0.798378482,232.5645068
834000,153.638996,0.792473984,232.5636121
834250,154.9619965,0.818654971,232.5698743
834500,171.3889935,0.862442474,232.507843
834750,170.1599957,0.81888747,232.5711133
835000,151.1659949,0.775790007,232.5767932
835250,152.4599957,0.806930485,232.5574341
835500,145.8319958,0.745364478,232.5976233
835750,133.5589963,0.725667973,232.5743292
836000,126.7439978,0.712813478,232.5724097
836250,136.6989954,0.764446979,232.5822424
836500,143.1399969,0.718211999,232.596474
836750,133.103999,0.736393476,232.5730573
837000,130.157995,0.698122487,232.5758502
837250,117.0109976,0.60608098,232.5921783
837500,98.90199707,0.598114989,232.6000012
837750,97.46499878,0.602119489,232.6106091
838000,97.46499878,0.602119489,232.6106091
838250,106.0119968,0.627887483,232.5844348
838500,102.4009988,0.560340979,232.6062006
838750,88.99999817,0.537602482,232.640163
839000,95.05199646,0.596137991,232.6137238
839250,96.83599792,0.552982991,232.623537
839500,85.99699738,0.548860993,232.6239313
839750,77.88999878,0.430546986,232.6451697
840000,54.96299911,0.35889549,232.6785931
840250,58.76299759,0.439765482,232.6414355
840500,58.29599915,0.348048489,232.6750439
840750,49.51499939,0.374171486,232.625155
841000,56.16999817,0.410282488,232.6847766
841250,58.99099915,0.403856997,232.6718842
841500,55.58,0.357255499,232.6821936
841750,43.30099854,0.306753491,232.6567059
842000,47.03499939,0.395744488,232.6312427
842250,57.72099854,0.376930486,232.6198474
842500,49.69599991,0.324596492,232.652099
842750,38.29899979,0.29426749,232.6782019
843000,33.14699905,0.280711994,232.6912671
843250,39.59999908,0.321673487,232.6873401
843500,43.69199844,0.308213496,232.6795154
843750,36.57299919,0.285848992,232.664585
844000,35.45599846,0.281203495,232.6584985
844250,32.97699883,0.277198991,232.6627222
844500,32.97699883,0.277198991,232.6627222
844750,34.14899902,0.285640501,232.7004242
845000,36.75599915,0.289149492,232.6642511
845250,34.56099899,0.288905492,232.6546027
845500,36.31099854,0.284082994,232.6788336
845750,34.41499924,0.282736487,232.6706348
846000,34.97499847,0.28326799,232.6496417
846250,34.97499847,0.278859496,232.6822406
846500,32.94699867,0.281208495,232.6946484
846750,35.40099846,0.279988992,232.6789148
847000,33.8479995,0.291388493,232.6948492
847250,35.72199944,0.290334494,232.6855945
847500,37.82799934,0.294238491,232.6885706
847750,37.54799896,0.310396497,232.7057147
848000,41.2069986,0.294799495,232.7020349
848250,40.13799835,0.319153495,232.7075159
848500,45.11200058,0.330374492,232.6751172
848750,40.74500015,0.300851989,232.6926251
849000,40.99799942,0.308262489,232.6832013
849250,38.03399933,0.324121993,232.6768579
849500,46.82799973,0.320576993,232.6756879
849750,40.25799927,0.298208488,232.7025226
850000,37.32499985,0.30205549,232.6812732
850250,42.03999954,0.316692487,232.6954926
850500,46.69599808,0.368696491,232.6373291
850750,55.31999893,0.379020495,232.6547455
851000,55.31999893,0.379020495,232.6547455
851250,49.39999939,0.376658491,232.6788257
851500,57.01799866,0.406447991,232.6624902
851750,62.04399963,0.40886299,232.6844666
852000,58.22499878,0.471999985,232.6480353
852250,87.4139978,0.583685975,232.6571698
852500,100.5009955,0.574598472,232.6723962
852750,80.95399658,0.524611984,232.6782574
853000,94.8339978,0.587919986,232.6714111
853250,103.6019977,0.605421991,232.6327289
853500,104.4639975,0.597418482,232.6138678
853750,99.0039975,0.60051749,232.6172498
854000,106.0950015,0.657878473,232.6207764
854250,120.8419965,0.673785477,232.6648956
854500,109.2699966,0.6174155,232.6279053
854750,108.7619995,0.662899976,232.6290588
855000,128.4919968,0.72564049,232.6117694
855250,127.8119946,0.733463473,232.5837598
855500,138.2739984,0.734086974,232.6072412
855750,127.8279999,0.714449484,232.6224744
856000,130.0659967,0.738073974,232.6020251
856250,143.7749994,0.773223987,232.6016797
856500,142.3570013,0.73502049,232.6057159
856750,129.8689984,0.745872974,232.5988171
857000,155.4190002,0.839693983,232.5823328
857250,169.05,0.834716458,232.5938574
857500,169.05,0.834716458,232.5938574
857750,156.5869977,0.767320487,232.5920416
858000,132.7179984,0.767138495,232.5959528
858250,164.2459906,0.841134982,232.5640417
858500,171.5089954,0.865577972,232.5691394
858750,176.7199908,0.869904468,232.5658875
859000,171.9099969,0.851987479,232.5470129
859250,179.4359943,0.924014986,232.5414093
859500,195.4299988,0.93165247,232.5264984
859750,191.7649982,0.902552969,232.523587
860000,184.4779968,0.930293977,232.5472736
860250,207.107995,1.005281467,232.5134167
860500,204.6489948,0.942399468,232.523252
860750,191.0349927,0.911542981,232.5300586
861000,187.563996,0.909839497,232.550202
861250,193.3689941,0.932448969,232.5552496
861500,189.3439948,0.898049476,232.5391211
861750,186.457998,0.914655473,232.5390735
862000,184.5489917,0.893968494,232.5604102
862250,189.2219952,0.923109481,232.57461
862500,189.9449951,0.911942983,232.5596149
862750,183.1219958,0.892560966,232.5535553
863000,196.5669977,0.969447484,232.5123767
863250,196.9899982,0.918364484,232.5423773
863500,190.0749939,0.926255472,232.5325403
863750,182.2999969,0.858914478,232.5417133
864000,182.2999969,0.858914478,232.5417133
864250,172.6289966,0.894904976,232.5394336
864500,185.0249957,0.889659488,232.5517865
864750,180.4749963,0.877813461,232.5559467
865000,177.793996,0.874197998,232.5784991
865250,176.1930011,0.858261988,232.5871069
865500,173.1949945,0.866733494,232.5566333
865750,176.7239911,0.872231483,232.5655963
866000,168.8799939,0.834519978,232.5489319
866250,164.1999969,0.839764979,232.5610425
866500,160.3479962,0.786317475,232.6086102
866750,150.3409991,0.810222988,232.5506006
867000,162.038996,0.807996976,232.5803351
867250,150.007998,0.754742963,232.5920825
867500,138.3109979,0.773796966,232.5882562
867750,154.2849976,0.808941486,232.594505
868000,153.168996,0.76145447,232.5791315
868250,134.9319946,0.69589648,232.557738
868500,123.0719974,0.669188488,232.561795
868750,121.5349982,0.711258984,232.5801276
869000,126.7029944,0.66238549,232.6228601
869250,108.9889996,0.64733897,232.6405151
869500,106.1079956,0.596383491,232.6526508
869750,93.74600037,0.561547995,232.6085211
870000,85.51100006,0.494514481,232.6611554
870250,81.21699951,0.556622982,232.6240979
870500,81.21699951,0.556622982,232.6240979
870750,94.42000366,0.533632491,232.6290021
871000,76.07500092,0.452654483,232.6289111
871250,65.31300003,0.399596988,232.6746014
871500,49.16299942,0.338060992,232.653548
871750,44.64499908,0.337932992,232.6691864
872000,50.29499893,0.387503492,232.6262012
872250,57.63499924,0.38134199,232.6450049
872500,50.14899902,0.322621489,232.6729004
872750,38.32600006,0.297904994,232.648017
873000,44.23999908,0.371379988,232.6680524
873250,53.4329985,0.33680249,232.6602582
873500,36.23099945,0.28203099,232.6777075
873750,36.40499863,0.298757993,232.6499463
874000,37.43499893,0.284989495,232.6780048
874250,32.81999931,0.279050493,232.6604016
874500,38.47799911,0.298782502,232.6824365
874750,36.75899918,0.290497996,232.6597937
875000,34.45499908,0.280365494,232.6606964
875250,35.11399902,0.279908493,232.685592
875500,32.94799873,0.280027493,232.6864594
875750,34.99899902,0.288301994,232.67435
876000,37.0059996,0.297752491,232.6674823
876250,36.25199966,0.283635995,232.642851
876500,33.27399963,0.275423995,232.6616583
876750,33.25299973,0.277379498,232.6836652
877000,33.25299973,0.277379498,232.6836652
877250,34.61899918,0.281888992,232.6800903
877500,33.80899963,0.279834493,232.6836365
877750,32.12299889,0.277347996,232.653233
878000,36.09899933,0.282510496,232.6800555
878250,31.99799988,0.282357992,232.6433771
878500,34.37399933,0.281391987,232.6930511
878750,34.64799881,0.280216991,232.7079932
879000,33.34699913,0.285876495,232.677226
879250,36.76699966,0.286133491,232.6571851
879500,35.95999924,0.295322493,232.650954
879750,35.72699936,0.29553049,232.6928802
880000,36.09399887,0.282287995,232.6616174
880250,35.40499908,0.294264991,232.6889374
880500,38.33499847,0.29702399,232.7008514
880750,34.61299927,0.282572995,232.6779437
881000,32.39999931,0.278321993,232.6761792
881250,36.41899918,0.328517488,232.6694495
881500,52.71299957,0.362594998,232.6637689
881750,43.84099945,0.300330491,232.6638983
882000,41.92999832,0.354108994,232.6638336
882250,58.78599899,0.38543049,232.6743414
882500,47.07899994,0.315683993,232.627865
882750,47.1879985,0.360978,232.6804742
883000,50.69699905,0.383822486,232.6629553
883250,64.67899902,0.42389249,232.6880511
883500,64.67899902,0.42389249,232.6880511
883750,60.44999893,0.404548997,232.6317279
884000,63.21099884,0.434291488,232.6715637
884250,71.93699829,0.47995749,232.6575385
884500,79.22900085,0.518386978,232.6620361
884750,86.85999969,0.537686486,232.6502106
885000,86.35199921,0.540384984,232.6466107
885250,88.02999756,0.535152483,232.6261859
885500,89.89499786,0.535048487,232.642124
885750,85.21699646,0.555717993,232.6238037
886000,101.2679974,0.629520485,232.6036981
886250,100.6889987,0.618929482,232.6076892
886500,117.2379977,0.704951971,232.6088892
886750,127.9949966,0.674199982,232.5996655
887000,114.300997,0.623601482,232.6210718
887250,105.1649988,0.634591501,232.5858582
887500,119.9419965,0.696976984,232.5877313
887750,121.905,0.687694976,232.6278442
888000,120.3249966,0.679651985,232.6391241
888250,124.1659952,0.693063986,232.6018976
888500,123.5999945,0.678469989,232.6133875
888750,125.0649969,0.714108987,232.5859467
889000,134.6119977,0.74797148,232.600697
889250,134.3549991,0.71643748,232.5964642
889500,137.3889972,0.785796492,232.5975537
889750,150.0949976,0.768387976,232.5912006
890000,150.0949976,0.768387976,232.5912006
890250,144.3719989,0.741105978,232.5947534
890500,142.7149957,0.791969972,232.586236
890750,162.5299921,0.843338492,232.5800574
891000,172.5849945,0.849431474,232.5859131
891250,166.1919965,0.833974473,232.5745459
891500,162.9199976,0.81613349,232.5820654
891750,165.7119971,0.84729147,232.5982404
892000,175.7029962,0.896955469,232.5748993
892250,180.6179962,0.850525472,232.5954791
892500,169.737998,0.863574471,232.5534332
892750,170.8219989,0.839885974,232.5567694
893000,167.7119971,0.853909473,232.5907373
893250,176.1409998,0.883395455,232.5622882
893500,182.0649951,0.871079485,232.5484485
893750,175.5349976,0.885480468,232.5742816
894000,178.7309985,0.862281976,232.5655548
894250,177.2219995,0.87942347,232.5698199
894500,178.8169989,0.893248971,232.5402649
894750,181.2090002,0.862131472,232.5774506
895000,179.6129944,0.907557962,232.5566577
895250,191.5799982,0.947706978,232.5448169
895500,198.5569989,0.913809485,232.5320258
895750,186.6690009,0.911600459,232.5425946
896000,191.6349921,0.933398483,232.5438452
896250,191.5869977,0.883579483,232.5681525
896500,191.5869977,0.883579483,232.5681525
896750,176.0969965,0.862247977,232.5784448
897000,174.737998,0.839322965,232.5979138
897250,165.9609967,0.845417976,232.5650995
897500,172.1989929,0.849777484,232.5581946
897750,176.231994,0.898690472,232.5316565
898000,186.113996,0.874943473,232.5612744
898250,165.9599957,0.810877483,232.5787872
898500,159.457995,0.802783492,232.5937146
898750,157.6779962,0.785396471,232.6007611
899000,141.3419946,0.748102477,232.5831195
899250,133.9169971,0.734790478,232.593515
899500,135.0469952,0.767061973,232.5595856
899750,145.542998,0.76670198,232.5538019
900000,134.0299973,0.669726992,232.6375879
900250,110.5869983,0.650562489,232.6053967
900500,116.8439963,0.614382479,232.6234326
900750,104.5249991,0.658018482,232.6012604
901000,121.4889987,0.665254982,232.6175629
901250,107.507998,0.624735479,232.6332428
901500,105.572998,0.605685487,232.6031299
901750,99.72599701,0.552370996,232.6268719
902000,83.33499817,0.533696489,232.6375317
902250,95.17899475,0.578565488,232.6350806
902500,100.6069971,0.598331478,232.663924
902750,98.62299805,0.569900491,232.6419641
903000,98.62299805,0.569900491,232.6419641
903250,84.32199982,0.476941483,232.6749298
903500,65.59800018,0.43442899,232.6558728
903750,65.5269989,0.416121982,232.679129
904000,55.08899902,0.379320494,232.650116
904250,58.66100021,0.423422984,232.6391724
904500,69.10599915,0.470023478,232.6251202
904750,73.05499786,0.467010487,232.6506415
905000,68.2459993,0.435891991,232.6615723
905250,61.12899872,0.409089988,232.6669714
905500,58.40299866,0.369689987,232.6574799
905750,42.22000015,0.327741491,232.7108264
906000,46.73599838,0.351521487,232.6810565
906250,40.42099968,0.301031489,232.6867871
906500,42.50400024,0.311493489,232.6660089
906750,37.04299866,0.301658492,232.6980902
907000,38.52099884,0.288092988,232.6549463
907250,37.55999985,0.299985489,232.6746765
907500,38.19599991,0.29631349,232.6595544
907750,34.61599983,0.282843497,232.6875049
908000,37.12399933,0.298664991,232.740426
908250,36.89499985,0.287657486,232.6855212
908500,35.59399918,0.288085995,232.6555798
908750,34.68999893,0.285436494,232.6614435
909000,35.95599854,0.285722992,232.6795862
909250,34.69699951,0.286510992,232.6604108
909500,34.69699951,0.286510992,232.6604108
909750,35.93499863,0.295813991,232.625592
910000,41.17899963,0.296013993,232.6895465
910250,33.16199944,0.282359997,232.6658807
910500,34.59100014,0.282380995,232.6777942
910750,34.96599899,0.279861493,232.6728345
911000,34.04299927,0.2855655,232.6703784
911250,34.92299873,0.28203549,232.6706152
911500,34.58399933,0.285337992,232.655274
911750,35.62699936,0.291619993,232.645954
912000,38.7619989,0.289363495,232.6902795
912250,34.12399933,0.282137494,232.6654724
912500,34.53099915,0.282427987,232.6570038
912750,32.98599892,0.283103491,232.6619788
913000,35.47099899,0.284050499,232.6803229
913250,36.05599953,0.291838491,232.6695703
913500,38.55899994,0.323849488,232.7007727
913750,48.83699921,0.34306349,232.6548987
914000,47.50299911,0.327151988,232.666759
914250,43.02099854,0.344887491,232.69117
914500,56.08299911,0.420052983,232.6728601
914750,64.75199799,0.469989491,232.6373615
915000,75.53199768,0.486241486,232.62237
915250,70.22399933,0.392813991,232.6539459
915500,50.78799881,0.351518996,232.664209
915750,56.16099823,0.423323995,232.6501544
916000,56.16099823,0.423323995,232.6501544
916250,69.05799713,0.499387498,232.6351141
916500,82.63899994,0.546002991,232.6441711
916750,83.32799622,0.511619486,232.6314819
917000,91.85999908,0.616323988,232.6216986
917250,110.9719952,0.625742481,232.6225214
917500,114.6729993,0.682450986,232.5674512
917750,120.6009988,0.701156986,232.5964026
918000,128.610997,0.711671484,232.5992731
918250,128.2479968,0.731929989,232.5641852
918500,139.3629962,0.763650985,232.5874982
918750,133.2029996,0.64421947,232.6085059
919000,111.7189972,0.716574972,232.579812
919250,133.0849951,0.721193492,232.5772339
919500,127.6449997,0.702396491,232.5879138
919750,120.0079987,0.681506479,232.5932672
920000,132.2599963,0.778207467,232.554635
920250,158.8169977,0.840389981,232.5401697
920500,174.6129907,0.87300997,232.5238287
920750,176.7169916,0.862204971,232.5320184
921000,179.0269958,0.904532962,232.5227069
921250,187.8909949,0.890504987,232.5305145
921500,177.5379956,0.861251996,232.557251
921750,170.4149994,0.841116974,232.5552484
922000,176.1669946,0.899181983,232.5185309
922250,188.8619958,0.91576648,232.5350964
922500,188.8619958,0.91576648,232.5350964
922750,188.1929944,0.90349298,232.5414252
923000,188.317995,0.915496979,232.5501398
923250,192.5370038,0.942010984,232.5403601
923500,198.277995,0.933420959,232.5394812
923750,198.7469958,0.973616457,232.5319305
924000,209.8209961,0.957084475,232.5114838
924250,189.4129974,0.915359478,232.5724573
924500,188.003996,0.908902974,232.5454498
924750,189.9719983,0.915415964,232.5388806
925000,190.6539954,0.930519974,232.5488513
925250,194.2669989,0.929030478,232.5559924
925500,193.4919958,0.894559991,232.5456659
925750,172.1599976,0.874810491,232.575097
926000,183.6229926,0.911960478,232.5318188
926250,192.7279956,0.936981974,232.5451166
926500,196.1799951,0.936347978,232.5362109
926750,196,0.941384974,232.5278485
927000,193.0599982,0.890454974,232.5636469
927250,172.2399933,0.839544981,232.5680511
927500,167.186001,0.842077987,232.5897198
927750,171.4089966,0.867359478,232.5765356
928000,178.4249969,0.842903476,232.5638977
928250,161.0869971,0.825498476,232.55604
928500,165.2859985,0.810212984,232.5451855
928750,159.2549994,0.802612972,232.567428
929000,159.2549994,0.802612972,232.567428
929250,155.7959998,0.792693472,232.5364581
929500,149.9439978,0.781671479,232.5789722
929750,151.2179987,0.785087986,232.5847614
930000,144.3779968,0.768728986,232.597442
930250,141.7319952,0.723808982,232.6118109
930500,127.8159995,0.700739479,232.6037866
930750,127.75,0.689200482,232.5944269
931000,118.9749979,0.644275486,232.6056738
931250,107.8299957,0.62644047,232.6095148
931500,107.8739984,0.643732989,232.6008588
931750,108.215997,0.663144484,232.5955463
932000,113.5609973,0.615226483,232.6276099
932250,86.35999756,0.501133482,232.6707611
932500,85.42299866,0.53967448,232.6307141
932750,89.36,0.505948983,232.6169141
933000,74.46899872,0.456160482,232.6553058
933250,67.08899963,0.434028491,232.647074
933500,59.11299927,0.41497299,232.6588098
933750,62.41799988,0.431270989,232.66302
934000,61.26499924,0.375561492,232.6802838
934250,43.45699875,0.315364491,232.673905
934500,43.71199905,0.343800485,232.6443628
934750,51.66499832,0.375624996,232.6612482
935000,53.75999939,0.376882992,232.6461633
935250,49.94299896,0.354948496,232.6433466
935500,49.94299896,0.354948496,232.6433466
935750,50.63600021,0.364021494,232.6818921
936000,45.27999939,0.331524485,232.676897
936250,48.34699875,0.335139992,232.650387
936500,38.89799942,0.286564994,232.6659924
936750,33.32599937,0.284051995,232.6078418
937000,36.61799919,0.283583992,232.6446667
937250,33.87699959,0.287233498,232.6934027
937500,34.84499916,0.278887994,232.6591931
937750,34.85199905,0.272155501,232.6437939
938000,30.88499992,0.281332995,232.6233057
938250,35.23499969,0.278589993,232.692417
938500,33.96099922,0.278163992,232.718811
938750,32.67599884,0.281730995,232.6874323
939000,35.21399887,0.281110989,232.6947772
939250,33.25,0.281527498,232.6473389
939500,33.25,0.279168987,232.6778992
939750,34.38499969,0.277130495,232.6674841
940000,32.7319989,0.279776994,232.683938
940250,36.50299911,0.287444985,232.6680963
940500,35.12799927,0.295181494,232.6698163
940750,35.05199936,0.283692985,232.6828021
941000,37.17099945,0.285106,232.7048407
941250,31.5379995,0.281030493,232.6514355
941500,36.67599854,0.298231491,232.6461523
941750,38.99099915,0.290125487,232.6879376
942000,38.99099915,0.290125487,232.6879376
942250,33.09699928,0.286851994,232.706059
942500,36.78999878,0.285932486,232.6510126
942750,35.22799927,0.292087994,232.6525061
943000,36.89999847,0.300046992,232.6876239
943250,38.83299942,0.287428485,232.6667548
943500,35.01799942,0.282021494,232.6740729
943750,35.14,0.298270996,232.6833533
944000,44.26499878,0.367874991,232.6723132
944250,49.49599915,0.330309491,232.6812256
944500,46.41299973,0.341005496,232.6679205
944750,48.50299942,0.363205496,232.6942334
945000,46.8369986,0.326443995,232.6616174
945250,56.51099854,0.451118989,232.6428107
945500,69.86200012,0.451716486,232.6309241
945750,64.8169989,0.401482494,232.6487018
946000,60.15999878,0.44743649,232.6445721
946250,68.68499908,0.461459485,232.6578009
946500,72.34499878,0.490516484,232.6554797
946750,77.65899933,0.489070984,232.6505872
947000,74.2689978,0.468053987,232.6281482
947250,85.4489975,0.609000981,232.6390582
947500,106.242998,0.602001982,232.6182416
947750,91.3369989,0.518836992,232.6192657
948000,79.32999817,0.524119997,232.6278345
948250,87.29299927,0.568869975,232.6153638
948500,87.29299927,0.568869975,232.6153638
948750,103.7039975,0.629594982,232.6144208
949000,108.2539978,0.615207479,232.6101465
949250,110.9209976,0.647237985,232.6057135
949500,114.7549973,0.679699976,232.5914899
949750,118.8059979,0.673623481,232.5996521
950000,121.2529959,0.721402469,232.5539319
950250,135.6899969,0.738611994,232.5872174
950500,106.3099954,0.470273484,232.6399792
950750,29.30899937,0.220383492,232.7054834
951000,16.99699936,0.197352995,232.6931036
951250,16.5489994,0.196466493,232.6775726
951500,16.2549992,0.196948994,232.6950024
951750,17.06699928,0.1967135,232.705235
952000,16.4149995,0.196743,232.6986572
952250,17.47499847,0.196373497,232.6882666
952500,16.11199932,0.196717494,232.6997461
952750,16.89599918,0.198030496,232.6828015
953000,16.70499931,0.203924993,232.6948804
953250,17.47499847,0.202419497,232.7073615
953500,17.47499847,0.202204496,232.6948822
953750,17.48499908,0.194119998,232.6934967
954000,16.22799934,0.191367499,232.6962445
954250,15.74999905,0.192346492,232.6943207
954500,15.74999905,0.190234,232.7027301
954750,16.86599918,0.194523993,232.6676019
955000,16.86599918,0.194523993,232.6676019
955250,15.93199932,0.195310991,232.6889221
955500,16.32599937,0.193398993,232.6814996
955750,16.51599915,0.190560499,232.7009442
956000,15.60999912,0.186920998,232.6747528
956250,11.24799992,0.138128496,232.6515387
956500,6.166999893,0.124557998,232.6620844
956750,5.25,0.123461497,232.6934735
957000,5.510999985,0.123248997,232.6731152
957250,6.257999916,0.122945999,232.6842999
957500,5.25,0.123388997,232.6674585
957750,5.25,0.122941997,232.6631708
958000,5.756000004,0.123035497,232.6819708
958250,5.995999985,0.123604497,232.7191205
958500,5.25,0.123462997,232.6837189
958750,5.623999996,0.123628497,232.6822198
959000,6.131999969,0.123342997,232.7123541
959250,5.25,0.123612996,232.6879071
959500,5.493999996,0.123530998,232.6960266
959750,6.282999992,0.123063496,232.6560187
960000,5.25,0.123586997,232.6823883
960250,5.25,0.123758497,232.6842834
960500,5.796999989,0.123580997,232.6682422
960750,6.055999908,0.123331997,232.6889551
961000,5.25,0.122880498,232.6951526
961250,5.662999973,0.123421499,232.6959784
961500,5.662999973,0.123421499,232.6959784
961750,6.174999905,0.123068497,232.6582825
962000,5.25,0.123961496,232.6777655
962250,5.519999981,0.123702495,232.6869159
962500,6.307999954,0.123582498,232.6950262
962750,5.25,0.123220995,232.6995227
963000,5.25,0.123385996,232.6866516
963250,5.768999996,0.123178996,232.6926746
963500,5.995999908,0.123807997,232.6853351
963750,5.25,0.123664497,232.6761371
964000,5.25,0.123694996,232.6721466
964250,6.072999973,0.123755998,232.6728412
964500,5.767999954,0.123551497,232.6727771
964750,5.25,0.123357998,232.6876013
965000,5.891000004,0.123026498,232.6495953
965250,5.878999958,0.123377997,232.6766882
965500,5.25,0.123658496,232.6497797
965750,5.25,0.123300497,232.6688666
966000,6.207999954,0.123099996,232.6696088
966250,5.608999958,0.123750997,232.6549054
966500,5.25,0.123280997,232.6811035
966750,6.056999969,0.123259998,232.7055475
967000,5.767999954,0.123641997,232.6658099
967250,5.25,0.123996498,232.6839941
967500,5.25,0.123896996,232.6517371
967750,6.345999947,0.123442497,232.6374017
968000,6.345999947,0.123442497,232.6374017
968250,5.503999958,0.123599497,232.6816711
968500,5.25,0.123710997,232.6820667
968750,5.25,0.123388498,232.6494257
969000,6.511000004,0.123504997,232.6608185
969250,5.306999912,0.123231995,232.67453
969500,5.25,0.123350498,232.648009
969750,6.45699995,0.123396997,232.6694342
970000,5.357999935,0.123475495,232.668811
970250,5.25,0.1234645,232.6696033
970500,6.318999958,0.123466997,232.6759869
970750,5.46199995,0.124010997,232.6547034
971000,5.25,0.124022496,232.6620428
971250,5.25,0.123774998,232.6783929
971500,6.572999973,0.123133498,232.6537402
971750,5.29899992,0.123533496,232.6521454
972000,5.25,0.123465998,232.6720654
972250,5.25,0.123374997,232.6820258
972500,6.628000011,0.123606496,232.6912408
972750,5.260999928,0.123510498,232.6780743
973000,5.25,0.123465998,232.6939783
973250,6.637999973,0.123222499,232.6775073
973500,5.272999916,0.123394497,232.6853375
973750,5.25,0.123948496,232.6501276
974000,6.572999973,0.123725997,232.6752118
974250,5.302999954,0.123612497,232.6437946
974500,5.302999954,0.123612497,232.6437946
974750,5.25,0.123390995,232.6351471
975000,5.25,0.123101997,232.6788025
975250,6.584000015,0.123343495,232.6739764
975500,5.262999916,0.123774496,232.6598657
975750,5.25,0.123842497,232.6672913
976000,5.371999989,0.123480497,232.6729297
976250,6.394000015,0.122830496,232.6625299
976500,5.251999969,0.123633998,232.6661542
976750,5.285,0.123440997,232.6729089
977000,6.503000031,0.123833496,232.6263959
977250,5.254999943,0.123788995,232.6570178
977500,5.25,0.123791497,232.6613513
977750,5.519999981,0.123517997,232.6821936
978000,6.321999912,0.123701997,232.6924976
978250,5.25,0.123810497,232.6597314
978500,5.25,0.123839996,232.6467615
978750,5.759999981,0.123461996,232.6672571
979000,6.029999924,0.123565997,232.6875281
979250,5.25,0.123881497,232.6647937
979500,5.627999973,0.123865997,232.6904492
979750,6.198999901,0.123263497,232.7061285
980000,5.25,0.123486496,232.6763763
980250,5.25,0.123875998,232.6788983
980500,5.887000008,0.123474497,232.6874811
980750,5.878999958,0.123433997,232.6950507
981000,5.878999958,0.123433997,232.6950507
981250,5.25,0.123312497,232.6682959
981500,5.752000008,0.123202995,232.664024
981750,6.029999924,0.123154497,232.686106
982000,5.25,0.123302498,232.6696033
982250,5.25,0.123631497,232.6642188
982500,6.054999981,0.123804497,232.6536188
982750,5.731999969,0.123575997,232.655722
983000,5.25,0.123520496,232.6709143
983250,5.887000008,0.123423995,232.6504266
983500,5.895999966,0.123220997,232.6770905
983750,5.25,0.123548997,232.6859869
984000,5.752000008,0.123943497,232.6593317
984250,6.033999958,0.123722497,232.6786255
984500,5.25,0.123235996,232.6661786
984750,5.25,0.123457997,232.6410095
985000,5.25,0.123617997,232.6769141
985250,6.45699995,0.123595999,232.6548029
985500,5.379999924,0.123450498,232.6622589
985750,5.25,0.123674497,232.6671075
986000,5.25,0.123651996,232.6624567
986250,6.604999981,0.123703497,232.6728748
986500,5.277999935,0.124097496,232.6676422
986750,5.25,0.123214998,232.6761438
987000,6.535999966,0.123891497,232.6665991
987250,5.303999939,0.123964997,232.6688281
987500,5.303999939,0.123964997,232.6688281
987750,5.25,0.123859998,232.6541705
988000,5.25,0.123882996,232.680553
988250,6.625999985,0.124038498,232.6584814
988500,5.261999912,0.123800499,232.6592651
988750,5.25,0.123365997,232.6652191
989000,6.600999966,0.123321996,232.6602429
989250,5.274999905,0.123872499,232.6820343
989500,5.25,0.123983997,232.6798407
989750,6.568999977,0.123010495,232.6787128
990000,5.302999954,0.123665997,232.6606342
990250,5.25,0.123461498,232.6754486
990500,5.25,0.123325996,232.6616675
990750,6.625999985,0.123908498,232.651098
991000,5.263999901,0.123867497,232.6710608
991250,5.25,0.123834496,232.6670428
991500,5.371999989,0.123634996,232.6489618
991750,6.405000019,0.123817497,232.6513287
992000,5.251999969,0.123464998,232.6413879
992250,5.285,0.123969497,232.6415692
992500,6.508000031,0.123520498,232.6606909
992750,5.255999947,0.123551497,232.6677448
993000,5.25,0.123496496,232.6826965
993250,5.25,0.123339997,232.6597528
993500,5.887000008,0.123409997,232.6274329
993750,5.879999962,0.123621495,232.6684174
994000,5.879999962,0.123621495,232.6684174
994250,5.25,0.123874998,232.6463788
994500,5.25,0.123546497,232.6534863
994750,6.189999981,0.123494997,232.6614099
995000,5.643999939,0.122766996,232.6785474
995250,5.25,0.123306496,232.6471851
995500,6.055999985,0.123508997,232.6954828
995750,5.785999947,0.123204996,232.6809778
996000,5.25,0.123371498,232.6653162
996250,5.25,0.123541496,232.6810754
996500,6.308999939,0.123465495,232.6620496
996750,5.505999947,0.123788497,232.6601874
997000,5.25,0.123103498,232.6688251
997250,6.206999969,0.123747995,232.6850092
997500,5.647999973,0.123823998,232.6657275
997750,5.25,0.123876497,232.7052197
998000,5.25,0.123374498,232.697619
998250,6.436999912,0.123263497,232.6653961
998500,5.375999947,0.123604999,232.669505
998750,5.25,0.123523497,232.6686328
999000,5.25,0.123487496,232.6626508
999250,6.604999981,0.123647997,232.6480591
999500,5.27899992,0.123215497,232.693092
999750,5.25,0.123390498,232.6755298
1000000,6.503000011,0.123571996,232.6672003
1000250,5.327999954,0.123470497,232.6528979
1000500,5.327999954,0.123470497,232.6528979
1000750,5.25,0.123655998,232.673576
1001000,5.25,0.123353498,232.6660504
1001250,6.585000019,0.123306996,232.6725385
1001500,5.26699995,0.123491496,232.6917047
1001750,5.25,0.123603996,232.6833478
1002000,5.371999989,0.123688498,232.6903058
1002250,6.416000023,0.123650496,232.673858
1002500,5.251999969,0.123241498,232.6521631
1002750,5.285,0.123534995,232.6672516
1003000,6.521999989,0.123507996,232.6630798
1003250,5.255999947,0.123741996,232.6699854
1003500,5.25,0.123745998,232.7032257
1003750,6.627999992,0.123141996,232.6347772
1004000,5.263999901,0.123442499,232.6843793
1004250,5.25,0.123716497,232.6732513
1004500,5.371999989,0.123438498,232.6923853
1004750,6.411999989,0.123201496,232.6513788
1005000,5.251999969,0.123816497,232.6574597
1005250,5.25,0.123558497,232.6622498
1005500,5.579999981,0.123664998,232.6446497
1005750,6.193999901,0.123576998,232.6393134
1006000,5.25,0.123583495,232.6680798
1006250,5.25,0.123621997,232.6656677
1006500,5.895999966,0.123680498,232.6523389
1006750,5.927999992,0.123838496,232.6464105
1007000,5.927999992,0.123838496,232.6464105
1007250,5.25,0.123473997,232.6690417
1007500,5.25,0.123936997,232.6780835
1007750,6.180999966,0.123553497,232.6841138
1008000,5.61699995,0.123265998,232.6754962
1008250,5.25,0.123258496,232.6824103
1008500,6.042999973,0.123443496,232.6905798
1008750,5.754999943,0.123407998,232.6694427
1009000,5.25,0.123693496,232.7037799
1009250,5.25,0.123612997,232.6578278
1009500,6.331999969,0.123455995,232.6538904
1009750,5.491999969,0.123587498,232.6833698
1010000,5.25,0.123901996,232.685083
1010250,5.25,0.123270996,232.6626996
1010500,6.592999935,0.123840998,232.6653143
1010750,5.311999893,0.123621497,232.6782849
1011000,5.25,0.123288496,232.6822498
1011250,6.436999912,0.123711996,232.6648889
1011500,5.410999928,0.123945997,232.6900262
1011750,5.25,0.123685995,232.6830267
1012000,5.25,0.123809996,232.6782971
1012250,6.606999989,0.123081496,232.6889612
1012500,5.286999931,0.123145995,232.7266669
1012750,5.25,0.123156498,232.7054266
1013000,6.535999966,0.123510497,232.6907697
1013250,5.312999935,0.123525496,232.6613147
1013500,5.312999935,0.123525496,232.6613147
1013750,5.25,0.123332496,232.6564319
1014000,5.25,0.123211995,232.663418
1014250,6.618999996,0.123376499,232.6534277
1014500,5.262999916,0.123158497,232.6650006
1014750,5.25,0.123345495,232.6638666
1015000,6.606999989,0.123198996,232.6769226
1015250,5.288999901,0.123338499,232.6713617
1015500,5.25,0.123759996,232.6465955
1015750,5.285,0.123292995,232.6506915
1016000,6.54699995,0.123222997,232.6706586
1016250,5.255999947,0.123801997,232.6731458
1016500,5.25,0.123308997,232.6591064
1016750,5.484999981,0.123525999,232.6968665
1017000,6.314999943,0.122999496,232.666698
1017250,5.25,0.123008496,232.6728174
1017500,5.371999989,0.123201497,232.6664441
1017750,6.438999977,0.123503997,232.6618414
1018000,5.251999969,0.123810995,232.6697052
1018250,5.285,0.123428998,232.681369
1018500,6.536000023,0.123319996,232.6930029
1018750,5.25699995,0.123363995,232.7057202
1019000,5.25,0.122912995,232.6798029
1019250,5.519999981,0.123706995,232.6661047
1019500,6.32199995,0.123306998,232.6867218
1019750,5.25,0.123630998,232.6733447
1020000,5.25,0.123630998,232.6733447
1020250,5.25,0.123505997,232.6956189
1020500,5.750999966,0.123197496,232.6602264
1020750,6.103999863,0.123344997,232.6735156
1021000,5.25,0.123401496,232.6996503
1021250,5.593999996,0.123029497,232.6618976
1021500,6.198999977,0.123712995,232.6802338
1021750,5.25,0.123639998,232.6799524
1022000,5.519999981,0.123210497,232.6737292
1022250,6.325999966,0.123295997,232.6756494
1022500,5.25,0.123390498,232.6780499
1022750,5.336999989,0.123800997,232.6711304
1023000,6.445999966,0.123959496,232.6795087
1023250,5.252999954,0.123330998,232.6777142
1023500,5.25,0.123435997,232.6857068
1023750,5.618999958,0.123754997,232.7071649
1024000,6.200999889,0.123791996,232.7129291
1024250,5.25,0.123358999,232.6971393
1024500,5.25,0.123277996,232.66617
1024750,5.873999996,0.123435997,232.6605408
1025000,5.917999935,0.123432497,232.7042682
1025250,5.25,0.123511497,232.6917535
1025500,5.25,0.123759998,232.6796967
1025750,6.115999966,0.123330497,232.6826892
1026000,5.667999935,0.123498498,232.6997449
1026250,5.25,0.123537497,232.7324347
1026500,5.25,0.123537497,232.7324347
1026750,5.25,0.123161498,232.7202972
1027000,6.410999985,0.123235998,232.6774847
1027250,5.377999935,0.123362996,232.6580261
1027500,5.25,0.123574496,232.6902954
1027750,5.25,0.123375497,232.6901147
1028000,6.571000042,0.123381497,232.667594
1028250,5.278999939,0.123565498,232.6875525
1028500,5.25,0.123471998,232.6803461
1028750,6.503000011,0.123293497,232.6974017
1029000,5.333999939,0.122763997,232.6552191
1029250,5.25,0.123112496,232.6722742
1029500,5.25,0.123449997,232.6788428
1029750,6.601999989,0.123317995,232.6878162
1030000,5.263999882,0.123383498,232.6681201
1030250,5.25,0.123363497,232.668291
1030500,6.569000015,0.123134997,232.6897797
1030750,5.282999916,0.123684996,232.659939
1031000,5.25,0.123143997,232.6825531
1031250,5.25,0.123410997,232.6823303
1031500,6.561000004,0.123920496,232.6650903
1031750,5.254999962,0.123470996,232.6739307
1032000,5.25,0.123431997,232.6693939
1032250,5.25,0.123779497,232.6774646
1032500,5.883000011,0.123628497,232.6495288
1032750,5.98899992,0.123525999,232.6859534
1033000,5.98899992,0.123525999,232.6859534
1033250,5.25,0.123288994,232.6790442
1033500,5.733999977,0.123760498,232.6690997
1033750,6.101999912,0.123352998,232.6912994
1034000,5.25,0.123218996,232.6634656
1034250,5.25,0.123197497,232.6786908
1034500,6.010999985,0.123428998,232.6699786
1034750,5.81199995,0.123377996,232.6879303
1035000,5.25,0.123483498,232.6731458
1035250,5.25,0.123519997,232.644989
1035500,6.31,0.123581998,232.6627136
1035750,5.523999996,0.123231997,232.6802032
1036000,5.25,0.123134498,232.6537067
1036250,5.25,0.123033497,232.6900488
1036500,6.556999931,0.123013996,232.6756177
1036750,5.315999928,0.123708495,232.677865
1037000,5.25,0.123131997,232.6715778
1037250,5.25,0.123547994,232.6647467
1037500,6.592000008,0.123829496,232.6866486
1037750,5.264999905,0.123728996,232.6742053
1038000,5.25,0.123381498,232.7005878
1038250,6.596000004,0.123532497,232.7039227
1038500,5.280999928,0.123047997,232.6733319
1038750,5.25,0.123551496,232.7144116
1039000,5.32,0.123567498,232.6799487
1039250,6.527000065,0.123855497,232.6637689
1039500,6.527000065,0.123855497,232.6637689
1039750,5.254999962,0.123334998,232.6855157
1040000,5.25,0.123031495,232.6818811
1040250,6.58300005,0.123652998,232.7050323
1040500,5.26699995,0.123413498,232.6854425
1040750,5.25,0.123155997,232.701507
1041000,5.371999989,0.123530495,232.6771436
1041250,6.483999958,0.123236998,232.6554828
1041500,5.251999969,0.123446998,232.6628839
1041750,5.25,0.123350497,232.6664893
1042000,5.25,0.123582496,232.659704
1042250,5.986999989,0.123689997,232.6576337
1042500,5.799999981,0.123749996,232.6913055
1042750,5.25,0.123301498,232.6887146
1043000,5.25,0.123617997,232.675274
1043250,6.286999969,0.123670494,232.6999286
1043500,5.537999973,0.123281997,232.6695703
1043750,5.25,0.123473496,232.6240875
1044000,6.158999996,0.123411997,232.6820898
1044250,5.708999958,0.123358998,232.659873
1044500,5.25,0.123346498,232.6676263
1044750,6.005999947,0.123058495,232.6677722
1045000,5.83699995,0.123606497,232.6725299
1045250,5.25,0.123440997,232.6742188
1045500,5.25,0.123295497,232.6773279
1045750,6.286999969,0.123589497,232.6767151
1046000,6.286999969,0.123589497,232.6767151
1046250,5.537999973,0.123359998,232.6494196
1046500,5.25,0.123808997,232.6662665
1046750,5.25,0.123291998,232.67245
1047000,6.513999996,0.123223999,232.6598895
1047250,5.317999973,0.123387496,232.6615381
1047500,5.25,0.123470997,232.6794666
1047750,5.25,0.123324997,232.6750464
1048000,6.634999981,0.123514998,232.6428259
1048250,5.265999889,0.123506495,232.6413202
1048500,5.25,0.123681998,232.6640582
1048750,6.607999954,0.123509997,232.6777197
1049000,5.281999912,0.123304497,232.6600745
1049250,5.25,0.123438997,232.6777295
1049500,5.25,0.123147497,232.6848267
1049750,6.556999989,0.123247997,232.6582416
1050000,5.256999931,0.123554999,232.6882745
1050250,5.25,0.123265496,232.6579907
1050500,6.597000008,0.123537997,232.654812
1050750,5.265999889,0.123130997,232.668938
1051000,5.25,0.123681996,232.6638586
1051250,5.32,0.123670496,232.6621057
1051500,6.466000042,0.123504499,232.6809229
1051750,5.251999969,0.123681996,232.676499
1052000,5.25,0.123535496,232.6715283
1052250,5.601999969,0.123540995,232.663811
1052500,5.601999969,0.123540995,232.663811
1052750,6.239999905,0.123432999,232.6765784
1053000,5.25,0.123428498,232.6444751
1053250,5.25,0.123355997,232.660882
1053500,5.836999989,0.123433495,232.6821649
1053750,5.944999924,0.122988496,232.694577
1054000,5.25,0.123332498,232.6733374
1054250,5.701999989,0.123328997,232.6746515
1054500,6.097999916,0.123442498,232.6938025
1054750,5.25,0.122763998,232.6993378
1055000,5.25,0.123395997,232.651955
1055250,5.962000008,0.123233497,232.6823761
1055500,5.809999962,0.123414496,232.6889392
1055750,5.25,0.123942997,232.6773169
1056000,5.25,0.123458498,232.673009
1056250,6.275999966,0.123417997,232.6482819
1056500,5.556999931,0.123236997,232.6854578
1056750,5.25,0.123426996,232.6469135
1057000,6.141999969,0.123164998,232.6731305
1057250,5.698999958,0.123102996,232.6608331
1057500,5.25,0.123499997,232.6789935
1057750,5.25,0.123615495,232.6711304
1058000,6.414999943,0.123121996,232.6544019
1058250,5.399999981,0.122990996,232.6474652
1058500,5.25,0.123530497,232.6909607
1058750,5.25,0.123712997,232.6427362
1059000,5.25,0.123712997,232.6427362
1059250,6.528000011,0.123671496,232.688515
1059500,5.293999939,0.123541498,232.6510187
1059750,5.25,0.123230498,232.6871149
1060000,6.472999992,0.123153496,232.6407062
1060250,5.344999962,0.123492498,232.6723285
1060500,5.25,0.123199497,232.6513788
1060750,5.25,0.123422998,232.6691943
1061000,6.615,0.122786996,232.6622815
1061250,5.265999889,0.123563995,232.6394891
1061500,5.25,0.123589997,232.6745941
1061750,5.336999989,0.123225996,232.6468909
1062000,6.475999985,0.123436496,232.65245
1062250,5.253999958,0.123398996,232.620451
1062500,5.25,0.123649497,232.6482129
1062750,5.558999996,0.123545495,232.6159772
1063000,6.214999962,0.123641497,232.6613861
1063250,5.25,0.123572498,232.6626971
1063500,5.432999992,0.123364995,232.6658423
1063750,6.356000004,0.123070496,232.614743
1064000,5.250999985,0.123101998,232.656568
1064250,5.25,0.123294498,232.6487915
1064500,5.712999992,0.123551497,232.6567072
1064750,6.12699995,0.123554997,232.6533691
1065000,5.25,0.123761996,232.6525397
1065250,5.25,0.123067498,232.6740649
1065500,5.25,0.123067498,232.6740649
1065750,5.973999977,0.123175996,232.6834027
1066000,5.823999939,0.123760497,232.6526184
1066250,5.25,0.123901496,232.6710803
1066500,5.25,0.123249996,232.6816357
1066750,6.227999973,0.123180498,232.6910474
1067000,5.570999947,0.123621497,232.664881
1067250,5.25,0.123417495,232.6711542
1067500,5.25,0.123184496,232.6656335
1067750,6.515999928,0.123295996,232.6631396
1068000,5.34399992,0.123223997,232.6463953
1068250,5.25,0.123119996,232.6658099
1068500,5.25,0.122791496,232.6743927
1068750,6.575000038,0.123735498,232.6676447
1069000,5.269999924,0.123644496,232.6771069
1069250,5.25,0.123166498,232.6766284
1069500,5.32,0.123530497,232.6859222
1069750,6.522999992,0.123544998,232.6300256
1070000,5.252999954,0.123626497,232.6693073
1070250,5.25,0.123742495,232.6690417
1070500,6.602000027,0.124091498,232.6665552
1070750,5.260999928,0.123344997,232.6623547
1071000,5.25,0.123634498,232.65737
1071250,5.440999966,0.123429497,232.6579956
1071500,6.396000023,0.123519495,232.6568958
1071750,5.250999985,0.123664498,232.6589423
1072000,5.250999985,0.123664498,232.6589423
1072250,5.32,0.123319496,232.6614673
1072500,6.507000008,0.123344997,232.6685138
1072750,5.253999958,0.123470998,232.6751154
1073000,5.25,0.123545497,232.7038739
1073250,5.555,0.123384495,232.6683923
1073500,6.253999958,0.123511996,232.695354
1073750,5.25,0.123235496,232.6901678
1074000,5.25,0.123633997,232.7010413
1074250,5.776999989,0.123787997,232.6859052
1074500,6.029999924,0.123780996,232.6680823
1074750,5.25,0.123393496,232.6756189
1075000,5.25,0.123530997,232.6512897
1075250,6.099999981,0.123367497,232.7017072
1075500,5.730999985,0.123544497,232.6596411
1075750,5.25,0.122992996,232.6711365
1076000,5.25,0.123087998,232.7001447
1076250,6.363999977,0.123235996,232.6636816
1076500,5.505999947,0.123361996,232.689137
1076750,5.25,0.123208496,232.6512183
1077000,5.25,0.123615996,232.6843005
1077250,6.528999977,0.123279498,232.6576984
1077500,5.305999908,0.123293496,232.6785876
1077750,5.25,0.123288498,232.6401849
1078000,5.25,0.123850996,232.6641791
1078250,6.553000031,0.123378997,232.6758826
1078500,6.553000031,0.123378997,232.6758826
1078750,5.260999908,0.123560495,232.6706799
1079000,5.25,0.123142497,232.6789551
1079250,6.545000019,0.123389997,232.6642261
1079500,5.276999931,0.123247497,232.6605225
1079750,5.25,0.123367997,232.6817712
1080000,5.32,0.123512498,232.6546576
1080250,6.52699995,0.123522496,232.6661456
1080500,5.253999958,0.123241997,232.6315222
1080750,5.25,0.122926498,232.6799463
1081000,5.510999985,0.123359497,232.6863464
1081250,6.293999939,0.123595497,232.6960095
1081500,5.25,0.123724996,232.654386
1081750,5.25,0.123199499,232.6999286
1082000,5.781999989,0.123583997,232.6775787
1082250,6.051999912,0.123669497,232.6707324
1082500,5.25,0.123377497,232.6869153
1082750,5.649999981,0.123239996,232.6512579
1083000,6.184999943,0.123842498,232.6691052
1083250,5.25,0.123766997,232.6701544
1083500,5.493999996,0.123352497,232.6489624
1083750,6.314999943,0.123178996,232.6650903
1084000,5.25,0.123261497,232.6877716
1084250,5.25,0.123361495,232.665498
1084500,5.796999989,0.123585497,232.6722406
1084750,6.062999992,0.123112997,232.6564185
1085000,6.062999992,0.123112997,232.6564185
1085250,5.25,0.123281996,232.6808826
1085500,5.25,0.123558996,232.6852753
1085750,5.25,0.123250497,232.6883057
1086000,6.465999966,0.123458998,232.6580273
1086250,5.371999989,0.123662996,232.687547
1086500,5.25,0.123244998,232.7008716
1086750,5.25,0.123616996,232.6585614
1087000,6.54,0.123458498,232.6812677
1087250,5.281999912,0.123221996,232.6479248
1087500,5.25,0.123395498,232.6442743
1087750,5.25,0.123398497,232.6743951
1088000,6.534999981,0.123993997,232.6716418
1088250,5.254999943,0.123561497,232.6759564
1088500,5.25,0.123187999,232.649881
1088750,6.596000061,0.123391496,232.6887158
1089000,5.262999916,0.123105496,232.6512268
1089250,5.25,0.123239997,232.6731439
1089500,5.336999989,0.123440495,232.6697461
1089750,6.458999977,0.123432997,232.6590424
1090000,5.250999985,0.123267497,232.672467
1090250,5.25,0.123557997,232.6673645
1090500,5.601999969,0.123682499,232.6898254
1090750,6.237999935,0.123107497,232.692345
1091000,5.25,0.122713997,232.6692725
1091250,5.25,0.123114496,232.7041846
1091500,5.25,0.123114496,232.7041846
1091750,5.846999989,0.123299997,232.66698
1092000,5.961999931,0.123402496,232.6724823
1092250,5.25,0.123337497,232.6574182
1092500,5.25,0.123568497,232.6568738
1092750,5.25,0.123143497,232.6895807
1093000,6.552999935,0.123505997,232.6713544
1093250,5.333999939,0.123695497,232.6649445
1093500,5.25,0.123486499,232.688761
1093750,5.25,0.123122495,232.6630157
1094000,6.593000011,0.123421994,232.6589539
1094250,5.263999882,0.123552497,232.698172
1094500,5.25,0.123797496,232.6971735
1094750,5.355,0.123665995,232.7154504
1095000,6.48,0.123452497,232.6412512
1095250,5.252999954,0.123326997,232.6810022
1095500,5.25,0.123220997,232.6792334
1095750,5.597999973,0.123246997,232.6468268
1096000,6.257999916,0.123180997,232.647066
1096250,5.25,0.123683498,232.6528174
1096500,5.458999977,0.122958996,232.6408087
1096750,6.38199995,0.123051998,232.6615289
1097000,5.25,0.122961998,232.6686572
1097250,5.25,0.123612497,232.6634515
1097500,5.25,0.123626997,232.7064246
1097750,6.120999985,0.123284998,232.6448584
1098000,6.120999985,0.123284998,232.6448584
1098250,5.716999969,0.123554496,232.6545551
1098500,5.25,0.122839996,232.6798022
1098750,5.25,0.123035497,232.6567938
1099000,6.369999981,0.123360496,232.6619788
1099250,5.412999992,0.123111996,232.6850439
1099500,5.25,0.123246996,232.6541229
1099750,5.25,0.123333998,232.682464
1100000,6.587999973,0.123512996,232.6588641
1100250,5.295999928,0.123105496,232.6484991
1100500,5.25,0.123578995,232.7043945
1100750,5.285,0.123325497,232.668371
1101000,6.553999996,0.123741497,232.6795862
1101250,5.258999939,0.123419998,232.6875427
1101500,5.25,0.123354498,232.6707959
1101750,5.440999966,0.123216997,232.6886743
1102000,6.425999889,0.123592495,232.6653961
1102250,5.250999985,0.123701,232.6829852
1102500,5.25,0.123267998,232.6909454
1102750,5.679999981,0.123495497,232.6541937
1103000,6.11899992,0.123023998,232.6823145
1103250,5.25,0.123317497,232.6881549
1103500,5.25,0.122984997,232.6716711
1103750,5.965000019,0.122991496,232.6569391
1104000,5.850999928,0.123734494,232.6718915
1104250,5.25,0.123108498,232.686618
1104500,5.25,0.123108498,232.686618
1104750,5.842999992,0.123260497,232.6717542
1105000,5.99199995,0.123969994,232.6838562
1105250,5.25,0.123155998,232.6718402
1105500,5.25,0.123377498,232.6873871
1105750,6.091999989,0.123531497,232.6824585
1106000,5.689999981,0.123355497,232.6912598
1106250,5.25,0.123358998,232.6860449
1106500,5.25,0.123467497,232.701947
1106750,6.322999954,0.123060997,232.6685547
1107000,5.440999985,0.123346995,232.6861896
1107250,5.25,0.123681498,232.6961145
1107500,5.25,0.123527997,232.69836
1107750,6.60699995,0.123323498,232.6841241
1108000,5.302999954,0.123392496,232.6953229
1108250,5.25,0.123164998,232.6753778
1108500,6.471999931,0.123184497,232.681698
1108750,5.353999977,0.123431997,232.6820178
1109000,5.25,0.123169495,232.7100891
1109250,5.25,0.123192496,232.6519983
1109500,5.406999989,0.123386996,232.6849133
1109750,6.387000027,0.123387498,232.6562811
1110000,5.251999969,0.123322495,232.6711554
1110250,5.25,0.123560996,232.6859851
1110500,5.662999973,0.123619496,232.6495129
1110750,6.192999916,0.122958997,232.6784821
1111000,6.192999916,0.122958997,232.6784821
1111250,5.25,0.123501496,232.6624359
1111500,5.25,0.123513997,232.6742804
1111750,5.904999981,0.123827997,232.7009222
1112000,5.85899992,0.123403995,232.6800574
1112250,5.25,0.124011496,232.6833478
1112500,5.768999996,0.123692498,232.6443848
1112750,6.021999931,0.123661496,232.652356
1113000,5.25,0.123610495,232.6729065
1113250,5.25,0.123588997,232.6670807
1113500,6.031000004,0.123607496,232.67974
1113750,5.740999966,0.123116997,232.6677856
1114000,5.25,0.123440998,232.6524908
1114250,5.25,0.123520496,232.6780103
1114500,6.327999973,0.123276998,232.667384
1114750,5.505999947,0.123578997,232.6874994
1115000,5.25,0.123420497,232.6421228
1115250,5.25,0.123847497,232.668515
1115500,6.507999992,0.123871497,232.7096655
1115750,5.307999916,0.123451496,232.6640918
1116000,5.25,0.123417498,232.6905225
1116250,5.25,0.123480498,232.6560504
1116500,6.602000008,0.122938995,232.6746564
1116750,5.262999916,0.122978496,232.652251
1117000,5.25,0.123628496,232.6474969
1117250,5.388999977,0.123270997,232.673858
1117500,5.388999977,0.123270997,232.673858
1117750,6.414999962,0.123392995,232.660033
1118000,5.250999985,0.123669997,232.700769
1118250,5.25,0.124000497,232.6564734
1118500,5.623999996,0.123474997,232.666712
1118750,6.149999962,0.123075996,232.6846497
1119000,5.25,0.123680997,232.65901
1119250,5.25,0.123876995,232.6787213
1119500,5.915999985,0.123573498,232.6474176
1119750,5.905999947,0.123059495,232.6727954
1120000,5.25,0.123607997,232.6799005
1120250,5.25,0.123398997,232.6739923
1120500,6.172000008,0.123775496,232.6450983
1120750,5.652000008,0.123709496,232.6497632
1121000,5.25,0.123527498,232.6588196
1121250,5.25,0.123133498,232.7095776
1121500,6.438999977,0.123655498,232.6703381
1121750,5.378999977,0.123452996,232.6748816
1122000,5.25,0.123646497,232.6760889
1122250,5.25,0.123554999,232.6660675
1122500,6.536999989,0.123143997,232.7071234
1122750,5.277999935,0.122925498,232.6523059
1123000,5.25,0.123320497,232.7078485
1123250,5.285,0.123223498,232.6610101
1123500,6.546999969,0.123432495,232.6742108
1123750,5.254999962,0.123387497,232.6583466
1124000,5.254999962,0.123387497,232.6583466
1124250,5.25,0.123318997,232.6652502
1124500,5.501999969,0.123199497,232.6846088
1124750,6.330999985,0.123687997,232.6825958
1125000,5.25,0.123651997,232.6913464
1125250,5.25,0.123353497,232.6687708
1125500,5.25,0.123374997,232.6820502
1125750,6.189999962,0.123051997,232.6568994
1126000,5.647999954,0.123146497,232.6671625
1126250,5.25,0.123092998,232.6635156
1126500,6.019999981,0.123305497,232.6730017
1126750,5.740999966,0.123445497,232.6916821
1127000,5.25,0.123294496,232.6652264
1127250,5.25,0.123078497,232.6603375
1127500,6.31,0.123208496,232.6690173
1127750,5.514000015,0.122922497,232.6603375
1128000,5.25,0.123014497,232.6986688
1128250,5.25,0.123499998,232.6622894
1128500,5.25,0.123148997,232.6556519
1128750,6.543999977,0.123451497,232.6553302
1129000,5.255999928,0.123766996,232.6589429
1129250,5.25,0.123407997,232.6721619
1129500,5.501999969,0.1234005,232.6739526
1129750,6.327999935,0.123309497,232.6937292
1130000,5.25,0.123722498,232.6527289
1130250,5.25,0.123662998,232.6749615
1130500,5.25,0.123662998,232.6749615
1130750,5.746999989,0.123145497,232.6857782
1131000,6.05399992,0.123164999,232.6776196
1131250,5.25,0.123360495,232.6756024
1131500,5.25,0.123171998,232.6651569
1131750,6.065999985,0.123263995,232.6710651
1132000,5.798999996,0.123569995,232.6524341
1132250,5.25,0.123890995,232.6527911
1132500,5.25,0.123116998,232.6976746
1132750,6.280999947,0.123236497,232.6622833
1133000,5.556999931,0.123498997,232.675929
1133250,5.25,0.123868996,232.661571
1133500,5.25,0.123401997,232.671521
1133750,6.498999958,0.123567498,232.6618408
1134000,5.324999924,0.122958497,232.6841058
1134250,5.25,0.123338997,232.6646198
1134500,5.25,0.123243496,232.6769702
1134750,6.581000042,0.123122497,232.666825
1135000,5.26899992,0.123234495,232.6411292
1135250,5.25,0.123459496,232.6859955
1135500,5.25,0.123186998,232.6770984
1135750,5.705999985,0.123143497,232.6602893
1136000,6.079999905,0.123565996,232.7003455
1136250,5.25,0.123460998,232.6776984
1136500,5.25,0.123372998,232.6819708
1136750,6.020999966,0.123378996,232.6748126
1137000,6.020999966,0.123378996,232.6748126
1137250,5.83699995,0.123415996,232.6761761
1137500,5.25,0.123507997,232.6792261
1137750,5.884999981,0.123625994,232.6970044
1138000,5.973999939,0.123307496,232.6790259
1138250,5.25,0.123699995,232.6645526
1138500,5.25,0.123468997,232.6965698
1138750,6.140999966,0.123564496,232.676698
1139000,5.708999958,0.123779997,232.689505
1139250,5.25,0.123481997,232.69284
1139500,5.25,0.123695495,232.6527301
1139750,6.423999958,0.123371499,232.6947144
1140000,5.43699995,0.123400497,232.6936072
1140250,5.25,0.123768996,232.660307
1140500,5.25,0.123533496,232.6646259
1140750,6.530000019,0.123154997,232.6636188
1141000,5.284999943,0.123562996,232.6437231
1141250,5.25,0.123805496,232.6528174
1141500,5.285,0.123295996,232.6581781
1141750,6.575,0.123377996,232.6749866
1142000,5.257999935,0.123552497,232.7032513
1142250,5.25,0.123394996,232.6610663
1142500,5.475999966,0.123515499,232.6609998
1142750,6.348999958,0.123706496,232.69
1143000,5.25,0.123314996,232.6682172
1143250,5.25,0.123461997,232.6783606
1143500,5.25,0.123461997,232.6783606
1143750,5.705999985,0.123570997,232.6889703
1144000,6.097999916,0.123251996,232.6664795
1144250,5.25,0.123359998,232.7067841
1144500,5.25,0.123081997,232.6628339
1144750,5.986999989,0.123091495,232.6445953
1145000,5.83699995,0.123227997,232.6944751
1145250,5.25,0.122996997,232.6710498
1145500,5.25,0.122831496,232.6851868
1145750,5.25,0.123546996,232.6441687
1146000,6.530000019,0.123549997,232.6596484
1146250,5.293999939,0.123218996,232.6599084
1146500,5.25,0.123237496,232.6640833
1146750,6.476999989,0.123292996,232.6746008
1147000,5.327999954,0.122930496,232.6738574
1147250,5.25,0.123601998,232.6912415
1147500,5.25,0.123591997,232.708725
1147750,5.432999992,0.123476496,232.6830902
1148000,6.342999992,0.123414496,232.6663788
1148250,5.250999985,0.123252497,232.6499548
1148500,5.25,0.123437995,232.6730432
1148750,5.696000004,0.123818497,232.6588098
1149000,6.13,0.123279494,232.6638611
1149250,5.25,0.123733496,232.7127057
1149500,5.25,0.123394995,232.6848584
1149750,5.956000004,0.123199997,232.6827625
1150000,5.956000004,0.123199997,232.6827625
1150250,5.823999939,0.123879997,232.6747516
1150500,5.25,0.123596495,232.7037781
1150750,5.827999973,0.123041997,232.6873553
1151000,5.998999901,0.123441496,232.716297
1151250,5.25,0.123748996,232.6774182
1151500,5.25,0.123534997,232.6879706
1151750,5.25,0.123463498,232.6724188
1152000,6.518999958,0.123177999,232.6570667
1152250,5.333999939,0.123578998,232.6727631
1152500,5.25,0.123786997,232.6723846
1152750,5.25,0.123664495,232.7017694
1153000,6.575000038,0.123618495,232.6640735
1153250,5.269999924,0.123476997,232.6568329
1153500,5.25,0.123580496,232.6682343
1153750,6.60899992,0.123372998,232.6747699
1154000,5.290999908,0.123440496,232.6711389
1154250,5.25,0.123513996,232.6856732
1154500,5.285,0.123335998,232.7220575
1154750,6.575,0.123476996,232.661283
1155000,5.259999905,0.123442996,232.7089539
1155250,5.25,0.123349997,232.6596008
1155500,5.440999966,0.122847495,232.6867145
1155750,6.425999889,0.123109996,232.6614343
1156000,5.250999985,0.123245998,232.687193
1156250,5.25,0.123473497,232.6370813
1156500,5.25,0.123473497,232.6370813
1156750,5.681000004,0.123830996,232.6491779
1157000,6.118999977,0.123566498,232.6822589
1157250,5.25,0.123368998,232.6878015
1157500,5.25,0.123423995,232.6579218
1157750,5.25,0.123518498,232.6493628
1158000,6.367999973,0.123258995,232.7030823
1158250,5.491999969,0.123540998,232.6413031
1158500,5.25,0.123237498,232.6667841
1158750,6.205999966,0.123180996,232.6641632
1159000,5.592999992,0.123285996,232.6460266
1159250,5.25,0.123249494,232.6960962
1159500,5.25,0.123241495,232.6762732
1159750,6.468999996,0.123943996,232.6921478
1160000,5.363999977,0.123691497,232.6856763
1160250,5.25,0.123124996,232.6814911
1160500,5.25,0.123240998,232.676651
1160750,6.550000019,0.123601496,232.7004272
1161000,5.272999897,0.123686998,232.6853455
1161250,5.25,0.123815998,232.6800885
1161500,6.532999973,0.123314497,232.6777448
1161750,5.297999935,0.123135997,232.691001
1162000,5.25,0.123485997,232.6816492
1162250,6.501999969,0.123221999,232.6754803
1162500,5.36699995,0.123926996,232.6963049
1162750,5.25,0.123435995,232.6735767
1163000,5.25,0.123435995,232.6735767
1163250,5.25,0.123229496,232.6978192
1163500,6.562999992,0.122946498,232.6511475
1163750,5.272999897,0.123531497,232.673736
1164000,5.25,0.123161997,232.6982501
1164250,5.32,0.123493498,232.6561206
1164500,6.52699995,0.123101995,232.6693073
1164750,5.253999958,0.123228497,232.6614825
1165000,5.25,0.123274997,232.6959204
1165250,5.510999985,0.123351497,232.6742578
1165500,6.284999943,0.123554997,232.6710736
1165750,5.25,0.123293997,232.696026
1166000,5.25,0.123566997,232.6837708
1166250,5.760000019,0.123482497,232.6842407
1166500,6.011999912,0.123692495,232.6774982
1166750,5.25,0.123272496,232.6576007
1167000,5.636999989,0.123220998,232.6988989
1167250,6.164999924,0.123272498,232.6407245
1167500,5.25,0.123298496,232.6897302
1167750,5.25,0.123061996,232.6702338
1168000,5.928000011,0.122956998,232.6965613
1168250,5.868999977,0.123399497,232.7016357
1168500,5.25,0.123391998,232.6890497
1168750,5.25,0.123264996,232.7078119
1169000,5.25,0.123378999,232.6855609
1169250,6.548000011,0.122926496,232.6893396
1169500,6.548000011,0.122926496,232.6893396
1169750,5.300999966,0.122773497,232.669234
1170000,5.25,0.123358498,232.68276
1170250,5.25,0.123290996,232.6970203
1170500,6.601999989,0.123593997,232.6928986
1170750,5.261999912,0.123222997,232.7023248
1171000,5.25,0.123145498,232.66289
1171250,6.624999962,0.123415496,232.6463885
1171500,5.273999901,0.123337999,232.6458118
1171750,5.25,0.123030997,232.6559705
1172000,5.285,0.123565498,232.6687
1172250,6.512000027,0.123414497,232.6751465
1172500,5.255999947,0.123047996,232.6685303
1172750,5.25,0.123294995,232.6862646
1173000,5.519999981,0.123103996,232.6664404
1173250,6.307999954,0.123267495,232.6636407
1173500,5.25,0.123183496,232.6799774
1173750,5.25,0.123359998,232.6635327
1174000,5.759999981,0.123000996,232.6541785
1174250,6.021999931,0.123467496,232.6584113
1174500,5.25,0.123217497,232.6975616
1174750,5.25,0.123729497,232.6623218
1175000,6.025,0.123489997,232.6624976
1175250,5.741999969,0.123584498,232.6755383
1175500,5.25,0.123315496,232.6659619
1175750,5.25,0.122938496,232.643114
1176000,5.25,0.122938496,232.643114
1176250,6.331999969,0.123765997,232.6918494
1176500,5.491999969,0.123524997,232.6689203
1176750,5.25,0.123199497,232.6927844
1177000,5.25,0.123275495,232.6614728
1177250,6.524999981,0.123774496,232.6604584
1177500,5.307999916,0.123762496,232.6782269
1177750,5.25,0.123464997,232.6858441
1178000,5.25,0.124032998,232.6522424
1178250,6.597000008,0.123455497,232.6544269
1178500,5.261999912,0.123320997,232.6811053
1178750,5.25,0.123398997,232.7077783
1179000,5.25,0.123441498,232.7069458
1179250,5.756000004,0.123409495,232.6933698
1179500,6.015999947,0.123421998,232.6915631
1179750,5.25,0.123700998,232.680531
1180000,5.25,0.123335997,232.7039685
1180250,6.069999962,0.123215997,232.6932507
1180500,5.781999931,0.123459495,232.6808337
1180750,5.25,0.123749995,232.7029553
1181000,5.25,0.123738497,232.6791211
1181250,6.309999943,0.124127498,232.6875452
1181500,5.480999947,0.123164497,232.6765363
1181750,5.25,0.123430997,232.6787872
1182000,5.25,0.123682497,232.6936029
1182250,6.511000004,0.123401996,232.6675604
1182500,6.511000004,0.123401996,232.6675604
1182750,5.310999947,0.123627996,232.67341
1183000,5.25,0.123022997,232.7008679
1183250,5.25,0.123117497,232.6874048
1183500,6.585,0.123366997,232.6784406
1183750,5.261999912,0.122979998,232.6499133
1184000,5.25,0.123299497,232.6525616
1184250,5.25,0.123302997,232.6604095
1184500,5.783999996,0.123456997,232.6688989
1184750,6.037999897,0.122580998,232.691889
1185000,5.25,0.122911498,232.6656335
1185250,5.649999981,0.123592998,232.6700989
1185500,6.176999931,0.123549995,232.6502356
1185750,5.25,0.123219497,232.6682837
1186000,5.25,0.123100495,232.6588098
1186250,5.904999981,0.123778997,232.6672015
1186500,5.892999935,0.123666997,232.6485791
1186750,5.25,0.123507998,232.64578
1187000,5.25,0.123376997,232.6024579
1187250,6.193999977,0.123524498,232.6721527
1187500,5.629999962,0.123801497,232.6992249
1187750,5.25,0.123299996,232.6816486
1188000,5.25,0.123137497,232.6770563
1188250,6.45699995,0.123350497,232.6622595
1188500,5.375999947,0.123778496,232.6974225
 , , , 
