Name,Out_Active_Power_Station_6,Out_Current_Station_6,Out_Voltage_Station_6
0,5.25,0.122391995,232.7024097
250,6.620999966,0.122292497,232.6808197
500,5.282999916,0.121964497,232.7009772
750,5.25,0.122194497,232.7001672
1000,5.25,0.122194497,232.7001672
1250,5.25,0.122123498,232.7028583
1500,5.25,0.122356997,232.7174188
1750,5.96,0.122502496,232.7088013
2000,5.809999962,0.122158997,232.6905005
2250,5.25,0.123027999,232.7388116
2500,5.25,0.122648496,232.731377
2750,5.25,0.122714497,232.7325793
3000,5.25,0.122087997,232.7142865
3250,5.746999989,0.122340998,232.7294904
3500,6.051999912,0.122436997,232.7138544
3750,5.25,0.122808496,232.6941058
4000,5.25,0.122127495,232.7439325
4250,5.25,0.122664496,232.7286505
4500,5.25,0.122154997,232.7360986
4750,6.58300005,0.122589497,232.7417236
5000,5.26699995,0.122384997,232.7201385
5250,5.25,0.122655497,232.7017218
5500,5.25,0.122650497,232.7257709
5750,5.25,0.122584498,232.7193463
6000,5.25,0.122519498,232.7432123
6250,6.585999966,0.122537497,232.742218
6500,5.299999924,0.122624496,232.7161847
6750,5.25,0.122635496,232.6864636
7000,5.25,0.121842497,232.7073383
7250,5.25,0.122000498,232.7099054
7500,5.25,0.122000498,232.7099054
7750,5.891000004,0.122641498,232.706723
8000,5.878999958,0.123089496,232.7238251
8250,5.25,0.121913498,232.6844183
8500,5.25,0.122435997,232.6637061
8750,5.25,0.122892996,232.6919293
9000,5.32,0.122307998,232.7266101
9250,6.539999962,0.122670496,232.6864569
9500,5.254999962,0.122783498,232.708457
9750,5.25,0.122769997,232.7320569
10000,5.25,0.122436496,232.7380109
10250,5.25,0.122410996,232.7297522
10500,6.322999954,0.122165496,232.6972577
10750,5.460999947,0.122209498,232.6989874
11000,5.25,0.122301496,232.7343158
11250,5.25,0.122004996,232.7196021
11500,5.25,0.122605498,232.7030505
11750,5.25,0.122529497,232.703667
12000,6.124999981,0.122558496,232.7061304
12250,5.698999958,0.122416996,232.7227789
12500,5.25,0.122150996,232.7167377
12750,5.25,0.122766996,232.7147241
13000,5.25,0.122406996,232.7253381
13250,5.449999981,0.122273997,232.7178424
13500,6.353999958,0.122704997,232.7231128
13750,5.250999985,0.122355495,232.7127039
14000,5.250999985,0.122355495,232.7127039
14250,5.25,0.122667497,232.7241547
14500,5.25,0.122021996,232.6820044
14750,5.25,0.122308997,232.7077948
15000,5.25,0.122607998,232.6955249
15250,6.556999989,0.122400495,232.7182336
15500,5.256999931,0.121940499,232.7237451
15750,5.25,0.122482996,232.733963
16000,5.25,0.122704997,232.7399554
16250,5.25,0.122265998,232.7140265
16500,5.25,0.122469498,232.7338434
16750,6.545999985,0.122359497,232.705675
17000,5.289999905,0.122304497,232.6997949
17250,5.25,0.122369998,232.7253473
17500,5.25,0.122289996,232.7072955
17750,5.25,0.122458996,232.7458344
18000,5.25,0.122676495,232.7254736
18250,5.25,0.121777998,232.6966321
18500,6.670999985,0.121908997,232.6990735
18750,5.261999912,0.122594498,232.738667
19000,5.25,0.122718996,232.7181476
19250,5.25,0.122199498,232.7153229
19500,5.25,0.122063497,232.6906903
19750,6.210999966,0.122223499,232.71117
20000,5.629999962,0.122171997,232.6976721
20250,5.25,0.122254997,232.7100677
20500,5.25,0.122254997,232.7100677
20750,5.25,0.122325998,232.6877612
21000,5.25,0.122020496,232.707746
21250,5.510999985,0.122476497,232.6931769
21500,6.259999924,0.122108497,232.7285156
21750,5.25,0.121850498,232.6960895
22000,5.25,0.122985497,232.701557
22250,5.25,0.123190497,232.690058
22500,6.225999966,0.123089997,232.7163538
22750,5.606999969,0.123414497,232.7228027
23000,5.25,0.122918995,232.7224426
23250,6.079999981,0.123602499,232.7512982
23500,5.744999962,0.123049498,232.7196265
23750,5.25,0.123091499,232.7063721
24000,5.25,0.123424497,232.7409308
24250,6.377999935,0.123475996,232.7487543
24500,5.446999931,0.122861997,232.7392267
24750,5.25,0.122893496,232.7635211
25000,5.25,0.123296998,232.7246826
25250,6.552999973,0.123794999,232.7215521
25500,5.294999943,0.123260998,232.7178552
25750,5.25,0.122962996,232.7390771
26000,5.285,0.122982498,232.7160272
26250,6.587999973,0.123660993,232.723609
26500,5.258999939,0.123846498,232.7322913
26750,5.25,0.123048496,232.7125861
27000,5.25,0.123048496,232.7125861
27250,6.664000015,0.123358496,232.7464264
27500,5.266999893,0.122935997,232.703587
27750,5.25,0.122970997,232.7431793
28000,5.39,0.122832496,232.734458
28250,6.462000027,0.123162496,232.7264417
28500,5.250999985,0.122888497,232.7265045
28750,5.53,0.144071995,232.7229065
29000,60.13699688,0.934564471,232.5477484
29250,251.9439984,1.208394942,232.4985535
29500,265.3079944,1.218385978,232.4794104
29750,266.1419958,1.21710598,232.5348346
30000,264.7919958,1.21577148,232.5044965
30250,264.7749939,1.214308472,232.5114984
30500,264.7749939,1.213501973,232.4984656
30750,264.7749939,1.212012992,232.5114258
31000,263.8529944,1.210801969,232.5180859
31250,263.0599939,1.20990098,232.5226239
31500,264.2789941,1.209318457,232.4986011
31750,263.0299927,1.208255463,232.510296
32000,263.0249939,1.207518482,232.5223309
32250,263.0249939,1.206295447,232.5081525
32500,262.3789941,1.205516996,232.5064246
32750,262.3699976,1.204892974,232.4848334
33000,261.6489966,1.204288974,232.4947461
33250,262.4409998,1.20346694,232.4695776
33500,262.4409998,1.20346694,232.4695776
33750,262.2079944,1.202769985,232.4696509
34000,261.6239978,1.202512484,232.499339
34250,261.2749939,1.201908474,232.5048425
34500,261.2749939,1.200845971,232.494035
34750,261.2749939,1.200486946,232.5004437
35000,261.2749939,1.199678974,232.4879572
35250,261.2749939,1.199354486,232.4854828
35500,261.2749939,1.198578982,232.4839166
35750,259.9359912,1.198052468,232.5160089
36000,260.7039966,1.197427459,232.501283
36250,260.5079932,1.197251463,232.4807874
36500,261.18,1.196753469,232.5082611
36750,259.5819922,1.195991454,232.496236
37000,260.3489929,1.195671959,232.5084204
37250,259.9649939,1.194927993,232.4873956
37500,259.5249939,1.194977474,232.5166357
37750,259.5249939,1.194116969,232.5000812
38000,260.6759937,1.193662968,232.5049536
38250,259.4829944,1.193188472,232.5098743
38500,258.3659973,1.192969961,232.4902356
38750,259.5,1.192781959,232.5038354
39000,259.5,1.192209468,232.495675
39250,259.5,1.191271987,232.5250983
39500,258.612998,1.19074749,232.5021704
39750,259.0449976,1.190382452,232.5058899
40000,259.0449976,1.190382452,232.5058899
40250,259.1690002,1.189945464,232.5050751
40500,257.7579993,1.189588957,232.4955701
40750,258.9089978,1.189712486,232.5155481
41000,258.1159961,1.188939486,232.4743304
41250,258.8749988,1.188820987,232.5027301
41500,257.7509998,1.188269463,232.5263525
41750,259.1099988,1.18773447,232.5116907
42000,257.7820007,1.187722993,232.5270758
42250,257.75,1.187471962,232.4832092
42500,257.75,1.187756481,232.510672
42750,258.1249963,1.187578964,232.5043921
43000,258.751001,1.187336459,232.5102478
43250,257.75,1.186922998,232.5118445
43500,257.75,1.185980983,232.4894641
43750,257.75,1.185655489,232.5132739
44000,257.75,1.185377474,232.5286908
44250,257.608999,1.185019441,232.5068091
44500,256.5249884,1.184467468,232.5283624
44750,257.7229761,1.184178963,232.4855316
45000,257.6899768,1.183897977,232.4761151
45250,256.4179877,1.18345746,232.5024512
45500,256.9259827,1.183188968,232.5229626
45750,257.1829858,1.182715468,232.5076038
46000,256.3749884,1.182264986,232.5033221
46250,257.0559839,1.182074966,232.5169788
46500,257.0559839,1.182074966,232.5169788
46750,255.9999847,1.181895456,232.4997937
47000,257.308988,1.181192985,232.4674329
47250,256.023985,1.18109148,232.4738025
47500,256.9439874,1.18074698,232.5116565
47750,256.3719836,1.179898481,232.5118835
48000,255.9999847,1.179717436,232.4768726
48250,255.9999847,1.179571457,232.4949933
48500,255.9999847,1.179150481,232.4548407
48750,255.9999847,1.178498464,232.510979
49000,255.9999847,1.178436985,232.514538
49250,255.9999847,1.177860975,232.4878595
49500,254.677995,1.177673469,232.4797144
49750,255.9530029,1.177031474,232.5043793
50000,255.9750061,1.17660449,232.4816089
50250,254.6389978,1.176524463,232.5049622
50500,255.9190027,1.176124959,232.5078644
50750,255.115,1.176056457,232.5163544
51000,255.4650006,1.175667481,232.5117706
51250,254.6049957,1.17513298,232.4909045
51500,255.2399988,1.174973469,232.5066675
51750,254.25,1.174325967,232.4905524
52000,255.5729999,1.174187951,232.491402
52250,254.2699982,1.173792477,232.4688824
52500,255.2629974,1.173276987,232.4812659
52750,254.5709979,1.172851462,232.4749939
53000,254.5709979,1.172851462,232.4749939
53250,254.25,1.172796974,232.5000018
53500,254.25,1.172236462,232.5185608
53750,254.25,1.172099471,232.5156427
54000,254.25,1.171541967,232.5105841
54250,254.25,1.171026464,232.4757617
54500,254.25,1.171025491,232.5045856
54750,254.25,1.170808969,232.5022968
55000,254.25,1.170151968,232.5176019
55250,253.2349963,1.170336485,232.4877948
55500,253.9609924,1.169938455,232.5031061
55750,254.2249908,1.169459968,232.4749377
56000,253.3629919,1.16909348,232.4925781
56250,253.7889941,1.168491488,232.5073938
56500,252.8969971,1.168423963,232.5171765
56750,253.4849933,1.168057947,232.4892804
57000,253.6509949,1.167633462,232.4770575
57250,252.9079956,1.167168965,232.5008649
57500,253.6159943,1.167204461,232.5079211
57750,252.5,1.166484466,232.5060187
58000,253.8199933,1.166388459,232.4769434
58250,252.5289978,1.166257443,232.5077948
58500,253.4219958,1.165986962,232.5118878
58750,252.9039954,1.165111465,232.5070428
59000,252.5,1.164967475,232.5463556
59250,252.5,1.16470397,232.5122021
59500,252.5,1.16470397,232.5122021
59750,252.5,1.164600458,232.4960889
60000,252.5,1.164348478,232.5141071
60250,252.5,1.163925481,232.4953125
60500,252.5,1.163684974,232.5032092
60750,252.5,1.163306475,232.5067126
61000,252.5,1.162869487,232.5116986
61250,251.5329968,1.162740464,232.5058044
61500,252.1219928,1.162411981,232.4980005
61750,252.4749908,1.162312474,232.5020123
62000,251.6599951,1.161792979,232.4811786
62250,251.9589917,1.161433458,232.5116449
62500,252.1789935,1.161197457,232.5162341
62750,251.4299945,1.16070045,232.494917
63000,251.3689935,1.160394964,232.4988092
63250,252.0819965,1.160322981,232.4767535
63500,251.3529944,1.160213504,232.5122577
63750,251.5059937,1.159592972,232.4999371
64000,250.819986,1.159509969,232.5291534
64250,252.0149951,1.158802972,232.5258966
64500,250.7549866,1.15895947,232.5226166
64750,250.7499847,1.158680968,232.4994336
65000,252.093996,1.158565488,232.4873376
65250,250.7589868,1.158290467,232.5051221
65500,250.7499847,1.157924485,232.4929071
65750,250.958988,1.15788898,232.4848718
66000,250.958988,1.15788898,232.4848718
66250,251.8859955,1.157386489,232.5158728
66500,250.7499847,1.157024465,232.5049451
66750,250.7499847,1.156331468,232.5101062
67000,250.7499847,1.156181979,232.5080743
67250,250.7499847,1.155857496,232.5011542
67500,249.5099939,1.155639977,232.5107312
67750,250.6290015,1.15494998,232.4945715
68000,250.7250061,1.154953976,232.4797797
68250,250.7250061,1.154856462,232.4738672
68500,249.3599951,1.154589972,232.4838263
68750,250.7050037,1.154281468,232.4548254
69000,249.725,1.154339981,232.4965692
69250,250.3399982,1.15419497,232.47909
69500,249.5029974,1.153671956,232.5143152
69750,250.7210046,1.153069458,232.4953564
70000,249.4359973,1.152848973,232.4798193
70250,250.3239978,1.152743454,232.50505
70500,249.007998,1.152251973,232.5131537
70750,250.1509985,1.151794991,232.5005396
71000,249.1649988,1.151701975,232.5018732
71250,249.5869977,1.151543441,232.4690729
71500,249.677998,1.151245484,232.5175354
71750,249,1.150525451,232.4788434
72000,249,1.150845447,232.483457
72250,249.9109973,1.150452976,232.5115985
72500,249.9109973,1.150452976,232.5115985
72750,249.4409998,1.149777956,232.4762506
73000,249,1.149628959,232.488681
73250,249,1.149490962,232.4740515
73500,249,1.149262457,232.4618561
73750,248.7619995,1.149226971,232.458114
74000,247.9099933,1.148918481,232.4992206
74250,248.9749908,1.148441477,232.4835449
74500,248.9749908,1.148294482,232.4846332
74750,248.9749908,1.148058987,232.5121301
75000,248.9749908,1.147867489,232.4835712
75250,247.6999945,1.147788973,232.5176349
75500,248.9149902,1.147315984,232.5083398
75750,248.2059918,1.147104983,232.5000012
76000,248.4479926,1.146588454,232.5022986
76250,248.7139911,1.146207967,232.4858191
76500,247.8939948,1.146010456,232.4911957
76750,247.905993,1.146028452,232.4735944
77000,248.6069934,1.146143975,232.494812
77250,247.8119946,1.145216451,232.507121
77500,248.0419916,1.14511198,232.4845465
77750,248.5729932,1.144731984,232.4926331
78000,247.3029962,1.144667478,232.4790576
78250,248.042995,1.144485455,232.5258661
78500,247.7549939,1.144305472,232.4869537
78750,247.25,1.143823466,232.5070154
79000,247.25,1.143823466,232.5070154
79250,247.912995,1.143552976,232.4971619
79500,247.8929932,1.143156972,232.4888196
79750,247.25,1.142759962,232.5094897
80000,247.25,1.142368965,232.5176434
80250,247.25,1.142042971,232.4960089
80500,247.25,1.142100983,232.5424432
80750,247.25,1.141973467,232.4920178
81000,247.25,1.141550493,232.4851715
81250,247.25,1.141215982,232.5169305
81500,247.25,1.141419959,232.4790509
81750,247.25,1.141069965,232.5017535
82000,246.1019946,1.140502968,232.5036908
82250,247.0400018,1.140496459,232.5000195
82500,247.2250061,1.140245986,232.5020093
82750,247.2250061,1.139940472,232.4673395
83000,245.8259949,1.139815488,232.4667065
83250,247.1920026,1.139109993,232.4671454
83500,246.3649982,1.13952898,232.4843512
83750,246.7719995,1.138795481,232.5074561
84000,245.9199939,1.138638458,232.5023151
84250,246.4979968,1.138501492,232.5146423
84500,246.6579987,1.138229952,232.4983472
84750,245.8919952,1.137909493,232.4696887
85000,246.5909973,1.137771959,232.497066
85250,246.5269971,1.137381444,232.4948413
85500,246.5269971,1.137381444,232.4948413
85750,245.7679938,1.137385979,232.5041217
86000,245.9199939,1.137305961,232.5004425
86250,246.3019977,1.13696547,232.5061945
86500,245.5099915,1.136713486,232.4822345
86750,246.783999,1.136115971,232.5046899
87000,245.4819916,1.135623488,232.4820197
87250,245.4749908,1.136122956,232.5140485
87500,245.4749908,1.13535296,232.5098596
87750,245.4749908,1.13314847,232.525517
88000,244.400993,1.129229984,232.4849396
88250,244.8359949,1.127890491,232.5109167
88500,242.5349963,1.122787461,232.5290643
88750,241.8079913,1.117629499,232.5312836
89000,241.4119934,1.115195942,232.5005133
89250,238.972998,1.111507955,232.5161249
89500,239.4639911,1.107859483,232.5239484
89750,237.2599957,1.105509467,232.4698016
90000,237.4639929,1.100592976,232.4912195
90250,235.1849957,1.09434597,232.4931073
90500,232.9069958,1.088565459,232.5139655
90750,234.9519934,1.085496492,232.5031793
91000,231.8609924,1.081199489,232.5024023
91250,230.8849951,1.075640974,232.514563
91500,231.2859912,1.069659457,232.5424512
91750,227.7979926,1.067247462,232.518429
92000,227.7979926,1.067247462,232.518429
92250,228.9329974,1.062314978,232.5244403
92500,227.4629889,1.057668977,232.5298816
92750,225.9949927,1.056591473,232.5214264
93000,225.8459937,1.052601457,232.5298431
93250,223.5879962,1.046624985,232.5184326
93500,225.0859955,1.042068458,232.5391876
93750,222.1379926,1.041143961,232.5261865
94000,222.3629926,1.042201967,232.4886902
94250,223.8419989,1.037629976,232.5275385
94500,219.4259937,1.032266994,232.5225934
94750,219.6629944,1.023199463,232.5502032
95000,218.7669958,1.01840847,232.5316962
95250,214.9009961,1.01308197,232.5322675
95500,216.7179944,1.011615479,232.539635
95750,214.5389954,1.006985466,232.5415869
96000,215.1189941,1.004815974,232.5561157
96250,213.4209961,0.999242983,232.5546991
96500,211.6649951,0.998064983,232.5365051
96750,214.1259949,0.996332474,232.5324664
97000,210.0199957,0.995351961,232.5416901
97250,211.2749945,0.992997475,232.5514014
97500,211.2599951,0.990824988,232.5506842
97750,209.5999963,0.992878993,232.5194745
98000,211.7089929,0.99220947,232.5424548
98250,210.9809955,0.985933981,232.5884985
98500,210.9809955,0.985933981,232.5884985
98750,207.9899951,0.986078475,232.551283
99000,210.3399951,0.982085474,232.5406659
99250,209.9719934,0.989904952,232.5572748
99500,210.6989917,0.989458976,232.5399146
99750,210.4249878,0.987819476,232.530899
100000,209.5149927,0.983483472,232.5808203
100250,209.9899982,0.983942978,232.5508826
100500,209.4359949,0.989905448,232.5705719
100750,210.6899963,0.988417976,232.55513
101000,209.833996,0.986731977,232.531347
101250,209.5409949,0.991456971,232.5243054
101500,212.1029932,0.994321988,232.5513153
101750,211.7959943,0.99036598,232.5478827
102000,210.0109943,0.992715976,232.5293542
102250,212.2089935,0.995027983,232.528338
102500,212.2559943,0.999827485,232.5269116
102750,211.7329913,1.001684968,232.5233069
103000,213.938996,0.994920971,232.54177
103250,211.7879962,1.001036978,232.5434088
103500,213.3419952,1.00499897,232.5299536
103750,216.4199957,1.012235494,232.5355548
104000,214.587998,1.00852246,232.5545453
104250,215.6489941,1.004792466,232.5400403
104500,214.4999969,1.012310975,232.5566895
104750,216.3319946,1.009976473,232.5366168
105000,216.3319946,1.009976473,232.5366168
105250,215.8189972,1.013486464,232.5574762
105500,216.2129944,1.01482796,232.5411462
105750,217.9119989,1.019464955,232.5438586
106000,217.1749994,1.018076463,232.5353845
106250,216.1089966,1.022724476,232.519787
106500,220.7719989,1.021549973,232.5356891
106750,218.0319971,1.025746465,232.5540747
107000,218.053996,1.025476489,232.5491223
107250,222.4689954,1.029773459,232.5273297
107500,218.0429938,1.024219966,232.5498969
107750,218.9549957,1.028439493,232.5526965
108000,221.0649939,1.028351455,232.5586395
108250,218.3999927,1.02641397,232.5385718
108500,220.0939948,1.02980195,232.5458496
108750,220.395993,1.029680977,232.5586829
109000,219.5489917,1.034497976,232.5166333
109250,220.8879944,1.030467486,232.5249933
109500,218.7229944,1.028872948,232.5363721
109750,221.3479956,1.028429956,232.5201056
110000,218.5449963,1.026709461,232.5375842
110250,218.0419977,1.028225465,232.5294568
110500,222.4509924,1.024013462,232.5190198
110750,216.3350024,1.023986483,232.5323303
111000,217.7069977,1.019556994,232.538819
111250,219.7159949,1.02328445,232.5572339
111500,219.7159949,1.02328445,232.5572339
111750,215.7209967,1.018312464,232.5635236
112000,218.1199951,1.016659961,232.5422894
112250,216.1509973,1.011105969,232.5249548
112500,214.4709967,1.010826983,232.5728735
112750,215.6239948,1.009175496,232.5566516
113000,214.6819971,1.00390698,232.5440356
113250,213.7850018,0.996492472,232.5447394
113500,211.3919934,1.000139987,232.5475537
113750,211.3449945,0.99434648,232.5408966
114000,213.7719946,0.998772984,232.5426263
114250,209.9539954,0.993373485,232.5525067
114500,211.0039941,0.987644975,232.5656934
114750,211.4649921,0.987214973,232.5814484
115000,208.0989929,0.984932988,232.5168115
115250,209.2179956,0.98418797,232.5434906
115500,208.9809949,0.976822486,232.5421704
115750,206.4229968,0.973786972,232.5340503
116000,208.0899945,0.979009457,232.529314
116250,206.9029938,0.967180474,232.5468231
116500,205.6549969,0.969211471,232.5588184
116750,206.7969977,0.969223466,232.5468829
117000,205.3639978,0.970574477,232.5257074
117250,206.7819958,0.966868477,232.5352411
117500,202.9879956,0.964638972,232.5367609
117750,199.228996,0.899673474,232.5724103
118000,199.228996,0.899673474,232.5724103
118250,186.378996,0.925591478,232.557052
118500,189.1509924,0.840534999,232.5904901
118750,168.2819977,0.900568984,232.6020428
119000,192.7590009,0.909072473,232.5833466
119250,192.8500061,0.935072477,232.5670178
119500,186.6149988,0.771140482,232.6037201
119750,139.3409964,0.820188479,232.5972406
120000,161.2769904,0.697357984,232.6178253
120250,108.9489957,0.786934984,232.5898657
120500,157.1769995,0.667011969,232.6371362
120750,100.811998,0.647413981,232.6162579
121000,121.7469962,0.543133489,232.6459216
121250,57.9559993,0.548726486,232.6486676
121500,90.91099762,0.498465478,232.677511
121750,59.47600037,0.586074989,232.6620721
122000,118.972998,0.607108977,232.6165381
122250,88.60599762,0.601103487,232.6486249
122500,101.9749957,0.610405989,232.6274249
122750,92.86999756,0.626698496,232.6369366
123000,106.3139975,0.575273478,232.6473065
123250,85.08799805,0.58840798,232.6460913
123500,113.042998,0.616207483,232.6309869
123750,98.19999603,0.646555469,232.6488263
124000,113.1039981,0.633838484,232.6489539
124250,86.17299896,0.678126991,232.6237537
124500,86.17299896,0.678126991,232.6237537
124750,137.0649966,0.658371973,232.6494165
125000,97.99199829,0.603873994,232.6411627
125250,115.0889975,0.640130982,232.6388824
125500,102.5939987,0.683692987,232.634826
125750,131.3629962,0.712545989,232.6018506
126000,119.6539951,0.668925486,232.6298187
126250,113.6959964,0.717773485,232.656684
126500,136.9409979,0.766599474,232.6142572
126750,145.9659967,0.727495477,232.5954736
127000,117.1999954,0.703690982,232.6108185
127250,132.4809979,0.707712493,232.631084
127500,119.6719955,0.679163477,232.661347
127750,122.757998,0.734866478,232.6374463
128000,136.7159979,0.747315474,232.6321301
128250,133.2720004,0.701171479,232.6324756
128500,112.288999,0.704108493,232.6234094
128750,147.7939984,0.774356978,232.6242957
129000,149.052995,0.798791988,232.5922009
129250,167.8189948,0.831754978,232.6125793
129500,139.9879962,0.787693467,232.6096106
129750,160.9849915,0.806665492,232.5846747
130000,129.2019955,0.666247978,232.6573364
130250,127.9459985,0.726545992,232.6275061
130500,125.0119983,0.723230979,232.6241376
130750,143.6099969,0.801607487,232.6077002
131000,143.6099969,0.801607487,232.6077002
131250,169.1659955,0.838073986,232.6171442
131500,156.2209961,0.794882994,232.6300195
131750,162.9099988,0.820298481,232.6009705
132000,152.9409985,0.815340466,232.6037134
132250,176.5079968,0.868890483,232.5785626
132500,162.5729962,0.791898978,232.5952087
132750,158.6509961,0.81989248,232.6057709
133000,150.2599969,0.817689965,232.5797296
133250,180.8879962,0.907502475,232.58966
133500,153.716994,0.750790482,232.6329938
133750,150.1309991,0.800330465,232.6110022
134000,146.5759967,0.763567486,232.6210016
134250,150.7519965,0.792220478,232.5897931
134500,159.588996,0.793369482,232.6247968
134750,148.0579962,0.771891971,232.6242255
135000,160.6129962,0.832522981,232.6000397
135250,160.286994,0.790942478,232.6159125
135500,161.5499976,0.83654047,232.5900507
135750,170.3629993,0.83440798,232.623241
136000,176.8859961,0.886972978,232.5939142
136250,182.1649939,0.870737474,232.584765
136500,177.7060046,0.848731987,232.5987708
136750,164.1439966,0.785468473,232.6086285
137000,137.3239951,0.726134489,232.6139716
137250,137.313999,0.76518147,232.6053766
137500,137.313999,0.76518147,232.6053766
137750,152.3589948,0.780746477,232.5973779
138000,146.7189978,0.725938995,232.6368335
138250,125.7549966,0.69845149,232.6658173
138500,123.1299982,0.721201487,232.6339069
138750,129.2649939,0.733131497,232.6033691
139000,138.6969971,0.752591977,232.6117621
139250,147.2479987,0.759510481,232.5906104
139500,137.5089957,0.678535471,232.6448895
139750,114.701998,0.673240976,232.622179
140000,111.6879965,0.640226977,232.6358429
140250,112.4799969,0.717108986,232.5936115
140500,108.3519986,0.569466484,232.6834113
140750,93.76999908,0.624349492,232.6378345
141000,103.6709973,0.541672978,232.6658588
141250,89.26099976,0.607949486,232.6360516
141500,81.53699768,0.412700484,232.670545
141750,57.40899887,0.570980487,232.6475873
142000,79.20999817,0.408530977,232.706355
142250,63.53099899,0.601585987,232.6406848
142500,90.42399963,0.429648497,232.6974768
142750,47.34899963,0.520345483,232.6718408
143000,77.8989975,0.417087497,232.6779126
143250,53.83999954,0.520467484,232.6620337
143500,76.87199738,0.409634495,232.6993842
143750,57.55999878,0.565966489,232.6750989
144000,57.55999878,0.565966489,232.6750989
144250,79.83799957,0.393780992,232.6994037
144500,39.68399933,0.493444983,232.6749707
144750,74.81699951,0.413093488,232.6984753
145000,51.51199921,0.458547482,232.6778326
145250,64.98699936,0.330086992,232.7054517
145500,31.70899902,0.45388799,232.699339
145750,57.48999985,0.352982494,232.7148199
146000,30.84399872,0.38721049,232.693147
146250,55.51599785,0.307202487,232.661474
146500,28.94099976,0.34220749,232.7027484
146750,45.14899872,0.296182995,232.7049231
147000,26.33199936,0.337024488,232.6856891
147250,43.06999992,0.287505995,232.6849066
147500,30.95799934,0.382128491,232.6514038
147750,56.91299751,0.323216996,232.685744
148000,24.53899925,0.309409488,232.7173456
148250,38.37399933,0.28054599,232.6995862
148500,22.22399971,0.358292487,232.6894342
148750,54.88199875,0.329753489,232.7070422
149000,37.82699905,0.418868992,232.6943213
149250,64.58399994,0.366721984,232.6907556
149500,27.76499931,0.387004489,232.6676904
149750,55.62599899,0.359863493,232.7002509
150000,31.42699921,0.349531499,232.6656006
150250,55.33099915,0.337353992,232.6999731
150500,55.33099915,0.337353992,232.6999731
150750,32.57799957,0.365672988,232.6843292
151000,54.21899948,0.364231995,232.6819214
151250,26.02699921,0.343555492,232.6793066
151500,54.04199814,0.335882998,232.7018005
151750,31.56299942,0.314910492,232.7236023
152000,49.60299866,0.33214999,232.7045721
152250,22.17999969,0.270852494,232.7047064
152500,31.02999908,0.269686994,232.6953137
152750,25.79399925,0.39308249,232.6957623
153000,74.18599777,0.430313486,232.6888586
153250,36.56999962,0.296827997,232.6701532
153500,41.74499931,0.327063494,232.7026813
153750,26.19699913,0.215232994,232.7289874
154000,20.95599945,0.289875491,232.7245068
154250,45.64999878,0.344084992,232.7056494
154500,25.21899967,0.278124987,232.7056897
154750,40.86299911,0.327535493,232.6991858
155000,30.63599945,0.274616989,232.7014508
155250,39.92099854,0.326210991,232.675979
155500,29.98499901,0.336554992,232.6811304
155750,59.3609993,0.434794496,232.6839386
156000,41.7329995,0.357991488,232.6597546
156250,58.73999809,0.42709549,232.6751465
156500,42.18599869,0.372151986,232.7148254
156750,54.94199936,0.447539984,232.6705225
157000,54.94199936,0.447539984,232.6705225
157250,34.08299957,0.296297487,232.6684814
157500,44.20099915,0.39611149,232.6810425
157750,41.07099922,0.256451487,232.6945782
158000,22.97899963,0.256261491,232.7095209
158250,37.36699936,0.349700989,232.6946582
158500,36.16099861,0.283510991,232.7163
158750,48.4079998,0.425181984,232.6713409
159000,51.58299835,0.326097487,232.711236
159250,43.4619986,0.377246487,232.6954565
159500,35.81199883,0.300115485,232.7115204
159750,59.18899864,0.499447991,232.6807544
160000,57.50599808,0.34016549,232.6946497
160250,51.12599922,0.529507995,232.6383868
160500,84.63499878,0.513622488,232.6408179
160750,83.49899689,0.569438984,232.6391858
161000,79.94999741,0.463950483,232.6667206
161250,78.14199905,0.576815486,232.6778906
161500,75.86899841,0.40531499,232.6807703
161750,48.88999863,0.418204489,232.6827148
162000,58.45199844,0.388790985,232.6874268
162250,54.07899841,0.487647487,232.6859143
162500,100.2949985,0.678989985,232.6279462
162750,144.2359985,0.844328465,232.6135382
163000,137.9279974,0.665185981,232.6295868
163250,79.63799622,0.440295986,232.6925787
163500,79.63799622,0.440295986,232.6925787
163750,76.12600006,0.611043484,232.6650183
164000,76.5849971,0.432967494,232.6863696
164250,71.8629982,0.552489984,232.6716724
164500,88.18699615,0.559225988,232.6636823
164750,100.2849954,0.643469467,232.6445636
165000,81.91799866,0.471319987,232.6707306
165250,79.8409967,0.615314481,232.6277374
165500,86.78899841,0.471507996,232.6364166
165750,90.53699844,0.681764479,232.6337286
166000,83.7429985,0.423037487,232.6933466
166250,74.07799835,0.687225966,232.6339618
166500,104.6259979,0.529177489,232.6664496
166750,90.7919986,0.631095994,232.6151202
167000,97.71099854,0.514528483,232.6632428
167250,88.96299774,0.647910488,232.628562
167500,91.99099945,0.470360981,232.6678528
167750,45.89199898,0.313633991,232.6805615
168000,41.37099945,0.409995481,232.6895551
168250,66.28699844,0.491584994,232.6676141
168500,108.6169968,0.870133989,232.5822668
168750,206.7559955,0.985172992,232.5413159
169000,211.5929944,0.993425469,232.5607233
169250,211.9059943,0.989542978,232.5705933
169500,210.4379889,0.987920971,232.5635706
169750,210.4249878,0.985913475,232.5763855
170000,210.4249878,0.985913475,232.5763855
170250,210.9279962,1.037932963,232.5311639
170500,202.2079947,0.784036479,232.634386
170750,99.05099915,0.561372981,232.6800677
171000,87.9169989,0.521977479,232.6860901
171250,76.16999802,0.457119491,232.6729706
171500,83.14099823,0.635833991,232.6590424
171750,60.50899902,0.648945975,232.6672028
172000,175.2339978,0.978894994,232.5749951
172250,211.6179926,0.990233459,232.5841931
172500,210.7039954,0.991688979,232.5659949
172750,209.3249939,0.988982484,232.5785706
173000,201.4659961,0.882066476,232.6020801
173250,137.505997,0.592079992,232.6980902
173500,77.21599915,0.510440484,232.7094122
173750,71.39699829,0.395836985,232.6864032
174000,41.7469989,0.404991494,232.6755139
174250,66.53799774,0.409738986,232.6968579
174500,81.18799866,0.881598477,232.6020831
174750,208.0569995,0.981012981,232.559425
175000,208.1649933,0.98314348,232.5778564
175250,210.8409937,0.980744481,232.564577
175500,206.9859949,0.970070975,232.58836
175750,171.0599951,0.677921493,232.6467957
176000,65.7579985,0.381933998,232.6849536
176250,57.27099915,0.460281988,232.7079382
176500,57.27099915,0.460281988,232.7079382
176750,47.65499886,0.279674997,232.7102191
177000,31.26299881,0.292580991,232.7091309
177250,40.3529985,0.306486487,232.692746
177500,29.11599968,0.223479989,232.7181775
177750,19.58199936,0.212777994,232.7104016
178000,21.75999969,0.214046995,232.7663245
178250,19.86699951,0.209320494,232.7460028
178500,14.88699959,0.186972491,232.7282678
178750,23.14799942,0.238379996,232.6995941
179000,22.8679995,0.229275994,232.7021069
179250,22.77499962,0.24955599,232.6992346
179500,27.86199944,0.244089993,232.7266827
179750,20.87799942,0.197790495,232.6964655
180000,17.54599945,0.206267493,232.7252423
180250,18.61699959,0.202078995,232.7118036
180500,18.29799957,0.215815992,232.7346844
180750,20.97999947,0.214898497,232.7382184
181000,17.52899963,0.181808497,232.7152423
181250,17.69999954,0.212359995,232.6990399
181500,20.43699966,0.213516997,232.7242743
181750,20.99199989,0.215740995,232.7141754
182000,20.33499962,0.223102497,232.70521
182250,26.77699959,0.278641496,232.7300995
182500,35.42199982,0.268801493,232.7379468
182750,24.72299957,0.218817499,232.7495148
183000,24.72299957,0.218817499,232.7495148
183250,19.4229995,0.207438994,232.748468
183500,19.27499962,0.199437994,232.7205927
183750,18.25999939,0.187608495,232.7207605
184000,12.33999958,0.195052996,232.7068817
184250,21.49299942,0.211690497,232.7122021
184500,20.14799957,0.219577495,232.6934186
184750,19.69299973,0.216708994,232.7332428
185000,22.26199951,0.217362494,232.7120728
185250,20.2929995,0.201668496,232.6831458
185500,16.90799969,0.19742099,232.7067444
185750,19.74499947,0.200969993,232.7009564
186000,17.60099941,0.210853497,232.7096832
186250,18.9229995,0.207292495,232.7119073
186500,19.53899952,0.181165994,232.7328094
186750,14.03099968,0.203148494,232.7397064
187000,19.05599953,0.202236996,232.6946509
187250,19.83099953,0.207020491,232.7140198
187500,19.74799927,0.214595494,232.6950818
187750,21.79699944,0.215088494,232.714826
188000,16.96899918,0.192809501,232.7352252
188250,17.45199982,0.199341996,232.7257703
188500,17.91699997,0.198397996,232.7062512
188750,19.04599953,0.200211499,232.7075153
189000,16.54099972,0.193847495,232.6942413
189250,16.30499977,0.192000994,232.7261926
189500,16.30499977,0.192000994,232.7261926
189750,19.3429995,0.220251494,232.7056567
190000,20.93,0.209590996,232.7083545
190250,18.43099915,0.211467997,232.7319708
190500,21.79199951,0.21857999,232.7202753
190750,17.7549995,0.186089495,232.7134424
191000,16.92999969,0.211280493,232.7084827
191250,20.04399937,0.204795996,232.7226605
191500,19.10399944,0.215570498,232.7054736
191750,19.68699951,0.20905299,232.6816077
192000,17.39199959,0.177872998,232.7167639
192250,17.32199959,0.208994499,232.690282
192500,18.88399925,0.218573993,232.678595
192750,21.43699944,0.215523497,232.6785382
193000,22.64399971,0.243425497,232.6911615
193250,29.25699944,0.291901488,232.6811145
193500,35.4079998,0.252278994,232.7162592
193750,22.57699974,0.230385995,232.7267853
194000,22.33099953,0.229561994,232.7037366
194250,23.97099991,0.228655989,232.6724158
194500,25.6679995,0.265239493,232.6668597
194750,29.48799896,0.261316496,232.7163385
195000,38.70099854,0.30119399,232.7096844
195250,30.96599976,0.265697991,232.6991217
195500,29.6789991,0.267463491,232.6978564
195750,41.02899986,0.403081485,232.6624896
196000,41.02899986,0.403081485,232.6624896
196250,57.2229982,0.327071997,232.665722
196500,31.98799957,0.317041992,232.6582666
196750,36.89500015,0.277883996,232.6905762
197000,32.72099945,0.306006492,232.7025629
197250,37.75999908,0.28580199,232.6974341
197500,33.30799927,0.317055491,232.6946918
197750,43.61499924,0.308229995,232.6974426
198000,41.06999847,0.456912991,232.7158588
198250,67.26099976,0.411450478,232.7074182
198500,35.18799889,0.278557994,232.6717371
198750,37.2499984,0.417559994,232.6399213
199000,64.31299896,0.385046499,232.6658099
199250,47.33900009,0.455454994,232.6907306
199500,76.77999939,0.415084482,232.7130438
199750,38.92299973,0.402176489,232.6879858
200000,56.34599915,0.370953994,232.6697516
200250,37.29699898,0.406879989,232.7035461
200500,65.96999786,0.398365492,232.690235
200750,45.6379985,0.415008488,232.70229
201000,67.50399826,0.405500487,232.6922589
201250,46.93499924,0.480093998,232.688725
201500,77.4919986,0.46155799,232.6832501
201750,56.93099976,0.356392993,232.6715485
202000,47.61899887,0.481857491,232.6345306
202250,87.56399872,0.554769485,232.639964
202500,87.56399872,0.554769485,232.639964
202750,85.90200104,0.520486988,232.6938733
203000,77.41599884,0.562059479,232.6746204
203250,90.81499664,0.525005984,232.6738019
203500,79.8739975,0.566854491,232.6445441
203750,100.9519974,0.538126494,232.6373303
204000,53.21699768,0.502744004,232.6728339
204250,87.13300079,0.548562478,232.6523621
204500,60.44499756,0.468828994,232.6676422
204750,90.55599823,0.548851988,232.6689526
205000,69.49599915,0.404600996,232.6949127
205250,56.49199844,0.519426981,232.692323
205500,107.0659964,0.621310498,232.6399609
205750,86.77299927,0.537022495,232.6337927
206000,99.08299866,0.597417471,232.6302521
206250,71.65299759,0.507115991,232.6693542
206500,88.00199707,0.54592298,232.6516272
206750,68.7199971,0.472057996,232.6714819
207000,95.19099915,0.60914799,232.6368347
207250,90.47099945,0.547608988,232.6624744
207500,94.44100037,0.560407486,232.6577563
207750,56.8819989,0.486832982,232.6719232
208000,107.7369971,0.664210994,232.6634595
208250,96.68399689,0.576804988,232.6934149
208500,117.8839963,0.675489984,232.6558563
208750,79.39199951,0.547414491,232.656778
209000,79.39199951,0.547414491,232.656778
209250,112.4199982,0.693851986,232.6455316
209500,96.4869989,0.573642982,232.6583698
209750,112.9849979,0.674967489,232.6627954
210000,101.3169989,0.565084474,232.6615002
210250,95.38799896,0.60768347,232.6542419
210500,98.83599701,0.617939479,232.6634326
210750,113.7379974,0.672655466,232.6515631
211000,109.6769977,0.644615483,232.6350897
211250,114.3329968,0.675282972,232.6429871
211500,101.4529996,0.562487974,232.6778503
211750,95.47399719,0.590009979,232.6475128
212000,67.46599823,0.418271489,232.7017273
212250,81.51399811,0.586300497,232.7116101
212500,80.84599792,0.480429486,232.6785699
212750,84.51899872,0.587368979,232.6341235
213000,70.30999939,0.435480489,232.6756348
213250,78.43599823,0.550007484,232.6812915
213500,85.85999908,0.495172485,232.73
213750,57.28399765,0.343609494,232.6803522
214000,50.82599854,0.428088982,232.6848016
214250,71.15999756,0.505955486,232.6790265
214500,62.99399963,0.36913699,232.7229144
214750,34.57099945,0.27008399,232.6938342
215000,44.11999954,0.425340989,232.6797156
215250,59.37199905,0.371121991,232.7313318
215500,59.37199905,0.371121991,232.7313318
215750,36.71799896,0.272346998,232.700625
216000,41.65999969,0.406390488,232.6883698
216250,45.82399872,0.275311493,232.7370258
216500,32.19699982,0.341346995,232.6978247
216750,37.32399918,0.284830992,232.7236761
217000,28.05299942,0.262550501,232.7097516
217250,29.58399895,0.269260496,232.6995233
217500,32.19599915,0.28804749,232.706145
217750,35.76499863,0.301342492,232.7168439
218000,33.44099937,0.271130491,232.7181525
218250,35.84499931,0.31465799,232.7440814
218500,32.90099899,0.242188494,232.7121454
218750,22.12899963,0.233803994,232.7075891
219000,25.6609996,0.243335493,232.6997797
219250,31.89699913,0.349588488,232.7091071
219500,40.75499855,0.266214993,232.7386176
219750,26.59399994,0.264129989,232.7205786
220000,27.91999962,0.250486493,232.7125146
220250,29.06799911,0.288808999,232.7178662
220500,32.34099968,0.254132494,232.7358801
220750,28.01499924,0.255682495,232.7260571
221000,26.37399902,0.246577992,232.7072339
221250,24.79599922,0.235265991,232.7033801
221500,25.07699982,0.237503494,232.7321448
221750,23.70999931,0.239215492,232.7124658
222000,23.70999931,0.239215492,232.7124658
222250,26.03999969,0.241358495,232.7376892
222500,35.01199928,0.342722497,232.7484149
222750,41.81199997,0.296397991,232.7162268
223000,31.73799973,0.279239494,232.7212262
223250,33.30099869,0.269706995,232.7345789
223500,29.67699867,0.299304991,232.7233997
223750,42.0979998,0.278517495,232.7320404
224000,25.63599922,0.232472999,232.719397
224250,22.1209993,0.224786494,232.6981049
224500,23.92299965,0.239381989,232.6962982
224750,21.58399963,0.216942496,232.6760925
225000,18.21099937,0.203080494,232.7185461
225250,17.66399956,0.202277997,232.7066425
225500,18.68799965,0.199351993,232.7502026
225750,16.5919997,0.194368495,232.7432428
226000,17.06099983,0.193781496,232.702113
226250,16.20299976,0.194423995,232.7012823
226500,19.86900009,0.228091994,232.6822974
226750,25.16499939,0.270229996,232.6887152
227000,31.6119989,0.256100993,232.7104108
227250,23.89699928,0.226249993,232.7395758
227500,25.97499977,0.294511993,232.7000592
227750,42.92399879,0.313287493,232.7012402
228000,45.3029982,0.390212992,232.6880652
228250,59.53199982,0.401036485,232.6776746
228500,59.53199982,0.401036485,232.6776746
228750,49.6509993,0.347214994,232.7344586
229000,47.32899902,0.394113493,232.7250177
229250,63.01799835,0.443858491,232.6846118
229500,68.12699768,0.406275997,232.6981873
229750,48.81399887,0.410790492,232.695907
230000,69.21399658,0.439282489,232.7054681
230250,59.42799927,0.393248985,232.7046173
230500,61.82999802,0.446766992,232.6793939
230750,75.13799866,0.482112994,232.6952997
231000,74.37899872,0.473779985,232.6818713
231250,73.415,0.458020996,232.6701141
231500,73.1589978,0.508709487,232.6622089
231750,86.68899872,0.533198489,232.6681927
232000,74.65499969,0.45589748,232.6751703
232250,75.76299805,0.501995485,232.6539929
232500,82.25399933,0.492235984,232.6542572
232750,78.31899719,0.530579485,232.681897
233000,93.54399872,0.576302979,232.6466187
233250,94.68999725,0.528111973,232.6713947
233500,84.16600037,0.520616485,232.6674579
233750,93.27499847,0.586341474,232.6606677
234000,102.2359988,0.570732985,232.6685461
234250,96.48999634,0.585772996,232.6350818
234500,104.5169968,0.608848484,232.6594281
234750,105.277998,0.603624477,232.6558429
235000,105.277998,0.603624477,232.6558429
235250,109.8569962,0.665905991,232.6638025
235500,126.6029993,0.735442991,232.6269836
235750,132.6149969,0.678161495,232.6406738
236000,92.15899872,0.463393487,232.6873926
236250,69.6869989,0.508482482,232.6745392
236500,112.4029984,0.691846483,232.6120728
236750,131.863999,0.765533493,232.6179694
237000,150.7319946,0.828364477,232.5961621
237250,164.9059955,0.874239981,232.5855542
237500,183.3659979,0.909927478,232.5920886
237750,181.8789954,0.881033473,232.6066333
238000,170.4320007,0.86412998,232.6306183
238250,176.2570007,0.894181979,232.6087244
238500,180.446004,0.918033478,232.5659772
238750,186.9109973,0.931087978,232.6021045
239000,187.8450043,0.927978497,232.5804175
239250,194.2519928,0.960743468,232.5647467
239500,197.902995,0.96964947,232.5774982
239750,206.9299969,1.010281477,232.5432916
240000,208.302995,0.991197462,232.5817322
240250,209.2649927,0.999401467,232.5581708
240500,203.5469952,0.972873478,232.5838245
240750,201.6769971,0.967710476,232.5622754
241000,194.6859985,0.925483475,232.5967126
241250,173.5609943,0.856829486,232.6147961
241500,173.5609943,0.856829486,232.6147961
241750,174.3149976,0.884853477,232.6049316
242000,176.7139923,0.888202484,232.6178729
242250,168.5749988,0.832650983,232.6162585
242500,166.7499957,0.853552976,232.5826251
242750,169.5140009,0.86430898,232.6261157
243000,172.7259955,0.864169981,232.6480426
243250,170.6149933,0.849414482,232.5902026
243500,167.6490009,0.837839468,232.5966168
243750,163.1009875,0.838030479,232.6210333
244000,171.7779919,0.888078473,232.5866827
244250,190.4259967,0.924823985,232.5717462
244500,182.670993,0.857468967,232.5662585
244750,169.0169977,0.858188484,232.5616412
245000,182.1399963,0.918525472,232.541955
245250,187.9740009,0.906313472,232.5861536
245500,183.1929944,0.880361485,232.5848657
245750,180.7929926,0.883213484,232.6070734
246000,176.7849963,0.860913482,232.5815045
246250,178.8299939,0.899682472,232.5942639
246500,184.6929999,0.886560462,232.5953381
246750,180.7269952,0.883779492,232.57797
247000,179.4670007,0.878752472,232.605683
247250,182.5959894,0.914596457,232.565434
247500,200.4239935,0.990305476,232.5427148
247750,210.9729962,0.981368959,232.5536188
248000,210.9729962,0.981368959,232.5536188
248250,203.412995,0.954960968,232.6105524
248500,202.0469995,0.953350487,232.5460095
248750,197.0169977,0.935970473,232.5444263
249000,195.1939935,0.935220463,232.5797144
249250,194.7109955,0.917191484,232.577851
249500,182.2539935,0.862398975,232.581059
249750,163.0869983,0.801358476,232.562691
250000,158.6220007,0.839191482,232.6126428
250250,164.378988,0.820826964,232.5966577
250500,160.1399969,0.818159478,232.6192664
250750,156.6889978,0.775412972,232.6247046
251000,139.35,0.715928991,232.6375085
251250,126.9599991,0.711493976,232.6261603
251500,124.0549951,0.679509494,232.6506976
251750,121.6819968,0.712917466,232.6246497
252000,125.3719974,0.66494751,232.6169043
252250,108.9109964,0.660367489,232.6369159
252500,109.7449969,0.637900479,232.6321625
252750,101.411998,0.567141485,232.6487787
253000,83.38699738,0.521149981,232.6483954
253250,84.33099854,0.523023992,232.6666736
253500,80.89199768,0.489866987,232.7023444
253750,79.67700043,0.516778488,232.6727399
254000,83.9939978,0.486124489,232.6914252
254250,67.57799896,0.430467491,232.6635999
254500,67.57799896,0.430467491,232.6635999
254750,67.21399872,0.404485492,232.6799689
255000,60.27099792,0.405186993,232.6693451
255250,66.59499817,0.421774492,232.6532001
255500,67.95299988,0.437898483,232.6352179
255750,62.80999954,0.388155988,232.6404254
256000,52.40899933,0.348879998,232.6654895
256250,50.74399841,0.330640491,232.65573
256500,45.73899796,0.325142998,232.6871082
256750,47.23799774,0.33601249,232.7085248
257000,50.31599854,0.33493549,232.6973065
257250,45.89599808,0.327402498,232.7107709
257500,46.96599777,0.329186993,232.7209143
257750,46.77899811,0.330484997,232.7134094
258000,48.45999817,0.334643492,232.6937628
258250,50.75999908,0.352361488,232.6851465
258500,52.80799835,0.343812484,232.6822968
258750,50.22199921,0.336292489,232.699834
259000,47.02299805,0.332538991,232.6891937
259250,47.36799927,0.328633494,232.6954565
259500,50.34799881,0.341745493,232.6848175
259750,50.43099823,0.348861495,232.6872913
260000,50.97799988,0.332180994,232.6830566
260250,47.19599777,0.327667991,232.6944348
260500,46.15599899,0.326140494,232.6970245
260750,46.69699951,0.326779988,232.7208368
261000,46.69699951,0.326779988,232.7208368
261250,44.54799759,0.322500498,232.6897382
261500,45.09999832,0.322555493,232.6841626
261750,44.35199799,0.323151995,232.6804584
262000,43.76999939,0.319293996,232.6489288
262250,45.89999985,0.318540498,232.659635
262500,41.76799866,0.314425492,232.667323
262750,43.27800018,0.316290499,232.6873376
263000,43.8719986,0.31287649,232.6881293
263250,40.14199844,0.313370991,232.6854431
263500,42.38799866,0.305112,232.7102112
263750,39.94999893,0.304038496,232.719585
264000,39.33099823,0.306723493,232.6894812
264250,40.44499878,0.300879992,232.689425
264500,39.58799942,0.302434491,232.7027704
264750,39.28999832,0.302792991,232.6978912
265000,39.33499725,0.306022992,232.6950989
265250,40.49099869,0.303611493,232.7229126
265500,39.77199768,0.297748995,232.6835535
265750,38.4909996,0.33580249,232.6810571
266000,52.50599915,0.364870486,232.6786023
266250,53.81699875,0.383743485,232.6731366
266500,59.58099731,0.433576993,232.6647083
266750,75.58499878,0.488379987,232.6555719
267000,77.12399994,0.47928149,232.6883221
267250,74.63999847,0.501232989,232.6669067
267500,74.63999847,0.501232989,232.6669067
267750,79.99099792,0.515332978,232.649339
268000,91.47499908,0.611443496,232.6437708
268250,117.6299979,0.660275986,232.6713483
268500,103.562998,0.580755975,232.6772772
268750,104.9849969,0.682440476,232.650011
269000,124.2919971,0.709766483,232.6301324
269250,121.3939948,0.697578483,232.6110333
269500,131.8689996,0.744851475,232.6123608
269750,139.7449957,0.768231461,232.6312177
270000,148.2759973,0.805918972,232.5949231
270250,157.492995,0.811843975,232.5901868
270500,156.1539966,0.823634977,232.5980652
270750,166.0219965,0.860717981,232.5867072
271000,171.776991,0.828220489,232.5757532
271250,160.8059943,0.821297977,232.5998199
271500,162.5569971,0.837556477,232.5922162
271750,170.0339941,0.876955986,232.5714917
272000,183.703996,0.920105975,232.5886743
272250,189.853996,0.919182482,232.584057
272500,196.5089948,0.955881486,232.5880817
272750,201.0749969,0.952008979,232.5975543
273000,202.4609955,0.970626478,232.5719043
273250,206.4469952,0.999246967,232.5452722
273500,220.5459955,1.050559464,232.5597137
273750,221.2329962,1.024273472,232.5479047
274000,221.2329962,1.024273472,232.5479047
274250,221.531994,1.056950974,232.5196191
274500,224.4989966,1.027549973,232.539787
274750,216.3769946,1.010335979,232.5398895
275000,219.5149951,1.062684469,232.5627863
275250,232.1219928,1.071566482,232.5420477
275500,227.3889954,1.071416984,232.5491699
275750,230.3349933,1.072905974,232.5494556
276000,230.0609955,1.059345956,232.5935199
276250,225.6799945,1.071367946,232.5409131
276500,227.1059918,1.041261973,232.535282
276750,225.9059924,1.069955506,232.5338812
277000,229.9479907,1.076766963,232.5230505
277250,231.4140002,1.082699986,232.5517682
277500,233.6229962,1.088346457,232.52146
277750,234.7739844,1.095278482,232.5253943
278000,233.2279962,1.082280493,232.5539886
278250,232.2279944,1.088985968,232.5586633
278500,235.4089899,1.097049956,232.5462097
278750,235.4199951,1.094348488,232.5336169
279000,233.4389923,1.093423476,232.5344104
279250,238.2509943,1.112022986,232.5212408
279500,233.4289935,1.052451491,232.5599304
279750,219.5379919,1.033261466,232.5208417
280000,222.9329993,1.048325949,232.5552966
280250,223.2729962,1.072573991,232.5494666
280500,223.2729962,1.072573991,232.5494666
280750,229.7879956,1.036316986,232.518689
281000,209.1049994,0.946730964,232.5399219
281250,189.2969965,0.943993471,232.5726324
281500,200.6919977,0.953261476,232.5736108
281750,196.3329956,0.954969475,232.5577161
282000,196.8779944,0.927198966,232.578418
282250,177.7779962,0.892967985,232.5881622
282500,179.448996,0.871152487,232.5996173
282750,173.0529944,0.863894989,232.6030194
283000,171.613985,0.856363473,232.6046332
283250,164.3489972,0.813077495,232.578786
283500,153.5799963,0.816202474,232.5951318
283750,154.1699939,0.799396961,232.6031116
284000,147.1149988,0.74906249,232.6399133
284250,133.2369965,0.731337481,232.6259766
284500,132.4099969,0.744745975,232.6441949
284750,139.4969965,0.731231997,232.6135852
285000,122.3729971,0.640902991,232.6065289
285250,102.1009982,0.62567848,232.6166003
285500,111.3669986,0.587345476,232.6536108
285750,86.3119989,0.503968987,232.6597229
286000,76.10499725,0.460382484,232.6358099
286250,63.80899887,0.387164489,232.6534991
286500,49.45999802,0.349415483,232.6737463
286750,53.61799759,0.372086492,232.6920514
287000,53.61799759,0.372086492,232.6920514
287250,50.92899765,0.340702994,232.6738177
287500,40.4559993,0.293000492,232.6935956
287750,36.44899933,0.290475993,232.682713
288000,36.66299927,0.298153493,232.7120111
288250,39.99099899,0.289697496,232.7110248
288500,35.46999992,0.294491495,232.7058093
288750,40.98399857,0.314490495,232.6822601
289000,39.76099731,0.289571993,232.7441937
289250,34.42699921,0.284611496,232.7057782
289500,38.64799973,0.311147498,232.7079297
289750,42.69499939,0.301935992,232.6907251
290000,37.13799896,0.295963989,232.693634
290250,36.79999924,0.285502982,232.7389545
290500,35.58999908,0.287321993,232.705769
290750,36.17399994,0.287195491,232.701275
291000,35.39899933,0.286325992,232.7002502
291250,36.41299942,0.299991492,232.7022565
291500,43.23399902,0.300698992,232.6971466
291750,34.54499985,0.287999493,232.6966327
292000,36.58199844,0.302093495,232.6659296
292250,44.07999939,0.303574992,232.7058423
292500,33.77599907,0.283486489,232.6956091
292750,35.38399963,0.285812991,232.7066809
293000,36.54199966,0.285833988,232.6657617
293250,34.52399994,0.290363492,232.7043768
293500,34.52399994,0.290363492,232.7043768
293750,37.21699905,0.288142499,232.6747705
294000,36.14699982,0.289569997,232.6742499
294250,35.48899918,0.290105993,232.6856421
294500,36.75000107,0.285975996,232.6955151
294750,36.77500153,0.288675994,232.6936652
295000,35.38699936,0.28725999,232.7090503
295250,35.98399933,0.291949997,232.7007214
295500,35.99700012,0.287448497,232.7158429
295750,38.49599854,0.290975994,232.7216418
296000,35.0759993,0.295849493,232.7047314
296250,38.11599899,0.303732995,232.6964349
296500,45.33999939,0.335425998,232.6715515
296750,45.67299835,0.340044994,232.6728589
297000,47.29299896,0.322040993,232.6970337
297250,46.00499847,0.346683991,232.6734607
297500,48.9369989,0.361511991,232.6634564
297750,53.62699951,0.364890983,232.705744
298000,51.83999893,0.382933489,232.6913135
298250,62.58199921,0.439660486,232.6648499
298500,69.23599854,0.437840992,232.6758246
298750,65.12599884,0.439803489,232.7010986
299000,74.47799927,0.512678989,232.6702753
299250,85.66599915,0.528429487,232.6794257
299500,83.88499786,0.498963982,232.6719562
299750,78.16499756,0.513056484,232.6329846
300000,78.16499756,0.513056484,232.6329846
300250,92.57599915,0.599105477,232.6657623
300500,96.64099884,0.544505975,232.6789777
300750,89.43699738,0.555779982,232.6439221
301000,99.41199799,0.643652983,232.6221057
301250,116.224996,0.665851474,232.6505707
301500,119.2829974,0.71450197,232.6423633
301750,135.0939978,0.787603996,232.5773212
302000,155.9049982,0.826860974,232.576792
302250,150.0109943,0.767604473,232.6278589
302500,149.8349994,0.841175978,232.6011957
302750,162.0019922,0.776168981,232.600329
303000,149.0879993,0.814826479,232.577522
303250,155.6049951,0.792409484,232.6061157
303500,154.8329974,0.845421469,232.5761853
303750,169.9769977,0.877803478,232.5842108
304000,180.1899963,0.900176468,232.5767999
304250,181.6279974,0.885222483,232.5897382
304500,179.2400018,0.895796475,232.5630396
304750,188.2889917,0.948417482,232.5464496
305000,195.0689954,0.93132349,232.5258038
305250,198.2969958,0.992181466,232.5204041
305500,203.0429944,0.918097978,232.5347864
305750,183.9609955,0.922392979,232.5592255
306000,189.5939978,0.884498973,232.591875
306250,179.9439948,0.957167482,232.5539856
306500,179.9439948,0.957167482,232.5539856
306750,201.9139996,0.942204468,232.5510754
307000,203.8949945,1.04129348,232.5292657
307250,224.417998,1.038754492,232.4950085
307500,220.2479932,1.029309483,232.5233636
307750,219.1749878,1.0295855,232.5483777
308000,222.1859949,1.067104487,232.5194025
308250,226.5399921,1.016667964,232.553587
308500,207.2709949,0.983245988,232.5645642
308750,209.9449957,0.986451981,232.5510107
309000,206.3719952,0.989129474,232.5487305
309250,213.0059955,1.022232471,232.5452881
309500,219.7989935,1.011251454,232.5574109
309750,213.2949951,1.058378983,232.5291937
310000,228.1769916,1.024000475,232.5287775
310250,209.8719971,0.980556972,232.5221356
310500,205.2769971,0.973755977,232.5880963
310750,201.598996,0.956722484,232.576001
311000,208.2469965,1.028865962,232.5172516
311250,220.8389954,1.012217982,232.5462817
311500,210.2259961,0.993398466,232.5418634
311750,209.5329956,0.988472974,232.563515
312000,205.1849939,0.969069972,232.5607147
312250,207.1199939,1.010307479,232.555354
312500,218.6199963,1.016740966,232.5450488
312750,213.3459955,0.964132986,232.5502429
313000,213.3459955,0.964132986,232.5502429
313250,191.7709949,0.979757974,232.5841132
313500,215.8669989,1.007018981,232.5771875
313750,205.1179926,0.93126497,232.6057056
314000,185.5399951,0.981699481,232.5722986
314250,218.318999,0.982400467,232.5751141
314500,194.5979938,0.925103476,232.554682
314750,191.5099969,0.921317978,232.5638904
315000,186.4389941,0.896931968,232.5842664
315250,186.1119958,0.919341989,232.5483612
315500,192.8480054,0.923310988,232.5509381
315750,184.7649976,0.87622498,232.5786261
316000,168.6659967,0.829378488,232.590603
316250,160.0049957,0.820047467,232.5718738
316500,161.7729962,0.818764474,232.5981287
316750,156.3059991,0.803918478,232.6097217
317000,155.4020001,0.796942482,232.5986731
317250,144.257995,0.767123497,232.6134589
317500,140.9649969,0.749952476,232.6004089
317750,133.9809967,0.727274487,232.6257867
318000,119.7979971,0.680133491,232.6003302
318250,118.0119965,0.661574979,232.6392432
318500,105.3369971,0.597259996,232.6378583
318750,94.45599792,0.547728987,232.6445197
319000,80.71499847,0.470967486,232.6499304
319250,75.59299957,0.492417984,232.6496167
319500,75.59299957,0.492417984,232.6496167
319750,76.37199768,0.450598494,232.6655627
320000,57.23899887,0.353244491,232.7153131
320250,42.50899841,0.298620493,232.6982104
320500,38.48499908,0.298623494,232.6917358
320750,37.88499802,0.297005494,232.6883856
321000,38.72899948,0.304594494,232.7028333
321250,43.05999832,0.318133487,232.6747144
321500,39.55699921,0.300350491,232.653844
321750,40.88199829,0.306078489,232.6712488
322000,42.54699829,0.322667491,232.6683911
322250,42.12599991,0.302175497,232.7006647
322500,40.39699875,0.298951489,232.663432
322750,36.53299911,0.295595495,232.6741125
323000,37.81299866,0.295246994,232.7026257
323250,38.78399796,0.29942149,232.6911615
323500,37.27199875,0.29807349,232.6801459
323750,39.26499954,0.311858995,232.6851782
324000,44.80399857,0.31366899,232.6797357
324250,38.30799927,0.301856991,232.6989569
324500,40.24399689,0.301733989,232.683241
324750,38.32499725,0.299398,232.6643939
325000,39.5029985,0.297181494,232.6886591
325250,37.78899872,0.296700498,232.6529468
325500,37.7319989,0.298560991,232.6739545
325750,40.31999847,0.30004549,232.6940344
326000,40.31999847,0.30004549,232.6940344
326250,37.1609993,0.299957994,232.6787213
326500,40.19,0.30077499,232.6778607
326750,39.76499847,0.300754489,232.6820984
327000,36.73799881,0.299575491,232.6583014
327250,39.6519989,0.29769799,232.6518427
327500,39.21099884,0.298893993,232.7028101
327750,36.86799911,0.300421991,232.6929163
328000,40.56999893,0.300205996,232.6907544
328250,39.51799957,0.308379493,232.6831702
328500,42.01499924,0.310738991,232.7110315
328750,41.11499893,0.314344487,232.7022186
329000,40.91299973,0.299471996,232.7017938
329250,39.16999832,0.299156492,232.6991357
329500,39.65399811,0.312703491,232.6872662
329750,41.48899857,0.299433991,232.6993445
330000,38.18899872,0.303960991,232.6955463
330250,43.78800018,0.339339987,232.7027295
330500,47.06299988,0.31560699,232.7063531
330750,51.60399948,0.423850489,232.6663586
331000,69.46599701,0.484468484,232.6463623
331250,78.31000031,0.450947489,232.6845471
331500,63.74499802,0.421172493,232.703786
331750,66.59999847,0.478440986,232.6726501
332000,82.42799835,0.508807989,232.6832648
332250,84.64199738,0.544955988,232.652019
332500,84.64199738,0.544955988,232.652019
332750,90.13099792,0.538692489,232.6720416
333000,91.68299774,0.573479483,232.6367389
333250,98.22499664,0.571912985,232.6523956
333500,96.50999603,0.592681484,232.6458521
333750,104.0619965,0.675998981,232.6274823
334000,127.8969971,0.728066983,232.5864575
334250,130.6929987,0.696926987,232.6236896
334500,122.2459973,0.710373499,232.6161377
334750,137.1189984,0.754514489,232.6173389
335000,143.6839984,0.776899989,232.605658
335250,150.3089966,0.81205148,232.5819476
335500,163.0259955,0.827707999,232.5609467
335750,157.4309985,0.801455474,232.5937476
336000,156.0509882,0.837872477,232.6022107
336250,177.0889917,0.874625454,232.5858191
336500,176.8019916,0.911000485,232.598075
336750,195.2629956,0.954778981,232.5611304
337000,201.758999,0.964043477,232.5621948
337250,201.6949945,0.98309448,232.5230408
337500,216.0069958,1.034581466,232.5436499
337750,224.4139893,1.064051471,232.5203326
338000,231.9029956,1.082677956,232.5352423
338250,230.8519934,1.070004468,232.5113855
338500,228.2959912,1.066038957,232.5496497
338750,232.6899933,1.077596989,232.5297864
339000,232.6899933,1.077596989,232.5297864
339250,229.7809949,1.077906456,232.5212982
339500,229.0609918,1.063052983,232.5073804
339750,231.4179907,1.061861992,232.5386481
340000,221.253996,1.062612486,232.5305615
340250,229.5689911,1.066356478,232.5173157
340500,227.8599945,1.043497987,232.5421625
340750,216.3389966,1.019223461,232.5292188
341000,216.2459967,0.998359995,232.5376599
341250,205.4009924,0.973350461,232.5289856
341500,209.9159937,1.029657474,232.5072266
341750,227.0109937,1.061579962,232.5062976
342000,218.2749915,0.989206483,232.5444507
342250,198.9859955,0.947897465,232.5636078
342500,199.5179974,0.973259966,232.5707202
342750,202.3819965,0.95374697,232.5380121
343000,197.5189941,0.941998487,232.5548993
343250,195.4799957,0.945199976,232.5562518
343500,193.6019971,0.913269989,232.5408276
343750,183.3599945,0.888795481,232.5681769
344000,176.873999,0.874955981,232.5882416
344250,173.1740039,0.847411482,232.5959064
344500,169.1029932,0.85277849,232.5911047
344750,164.8599976,0.826467967,232.6010815
345000,162.5999982,0.825789981,232.569632
345250,162.758996,0.829224975,232.5618512
345500,162.758996,0.829224975,232.5618512
345750,160.0159949,0.808301976,232.5992334
346000,153.0250006,0.788557978,232.6078754
346250,146.741001,0.749785976,232.6168036
346500,139.1879968,0.750260973,232.6133679
346750,132.1739978,0.733925469,232.6145313
347000,137.8549982,0.728842981,232.6383643
347250,121.2729993,0.642826488,232.62508
347500,113.2269971,0.674422991,232.62078
347750,119.2239963,0.662290478,232.6316766
348000,108.7629962,0.62266948,232.6413702
348250,101.307998,0.608170488,232.652168
348500,97.5809967,0.533722482,232.6458661
348750,82.14399933,0.501147996,232.6281287
349000,79.75999695,0.496314498,232.6658118
349250,80.36999878,0.465785487,232.6395557
349500,63.87399765,0.394195989,232.6624426
349750,65.98499954,0.474519989,232.6847833
350000,65.90099899,0.376714985,232.669635
350250,55.81699844,0.401882489,232.6942102
350500,66.90799896,0.445820489,232.6708319
350750,59.50499893,0.360654505,232.6687872
351000,52.06899857,0.360682986,232.6746179
351250,57.90599747,0.424563992,232.6817938
351500,53.47899826,0.32740049,232.684826
351750,43.43300095,0.321445495,232.6744403
352000,43.43300095,0.321445495,232.6744403
352250,48.21699951,0.378938994,232.6993872
352500,50.90799835,0.323745489,232.7049219
352750,43.39900101,0.319040997,232.6763312
353000,42.12800018,0.307583495,232.6801855
353250,39.5459996,0.296926492,232.6794604
353500,39.29299835,0.296031495,232.6628809
353750,37.01399872,0.292092493,232.6612897
354000,36.79999924,0.296460496,232.691228
354250,36.79999924,0.288238491,232.7155219
354500,38.14799942,0.298061996,232.7003046
354750,37.93999893,0.297951488,232.6767407
355000,37.40299881,0.299077989,232.6939459
355250,40.2369986,0.293422993,232.6642407
355500,35.27999954,0.290403988,232.6600513
355750,39.46299835,0.313803991,232.6819916
356000,44.89199875,0.31536499,232.6726025
356250,40.50299866,0.318674495,232.6760474
356500,42.91599915,0.310670494,232.6950287
356750,41.31199966,0.31729899,232.681192
357000,40.80599854,0.307221996,232.6944977
357250,39.54999893,0.296216995,232.7210181
357500,38.04899826,0.297066994,232.695506
357750,37.48699844,0.299513493,232.7214801
358000,39.99799973,0.317303989,232.6873523
358250,49.1609996,0.381811001,232.6765833
358500,49.1609996,0.381811001,232.6765833
358750,59.63199829,0.402678497,232.6761359
359000,56.62299896,0.366808496,232.676474
359250,52.30999847,0.395892494,232.6999133
359500,68.59299805,0.499092989,232.6744177
359750,82.47599823,0.501336482,232.6592749
360000,76.48899994,0.484467489,232.6763464
360250,78.10799896,0.472536987,232.6679889
360500,69.30199951,0.439699985,232.6494208
360750,68.53999939,0.473999991,232.6822498
361000,76.30799866,0.454961988,232.6822437
361250,59.87799911,0.426263491,232.6521716
361500,73.65199951,0.490409491,232.6790186
361750,83.55699829,0.531084986,232.6786182
362000,90.63499786,0.603491485,232.6741364
362250,109.5369995,0.61033349,232.6557312
362500,99.13799805,0.624462986,232.653418
362750,113.6219983,0.68005698,232.6407941
363000,117.2119962,0.648643498,232.6388269
363250,115.6619968,0.724756496,232.5901636
363500,143.8480005,0.75869849,232.5950995
363750,129.7559958,0.749004469,232.5951855
364000,152.7189966,0.807212989,232.6076654
364250,154.1749994,0.778547492,232.5996417
364500,138.9419965,0.748974977,232.5954663
364750,141.9039984,0.758687963,232.6146997
365000,141.9039984,0.758687963,232.6146997
365250,141.0869971,0.766976478,232.607948
365500,144.0190002,0.783300464,232.6056494
365750,150.2979944,0.806726477,232.6150165
366000,163.1949957,0.849904978,232.5916339
366250,168.0319977,0.843204463,232.5862103
366500,169.2509949,0.865505471,232.5820996
366750,180.6309991,0.894817479,232.5682568
367000,182.3209955,0.886255991,232.5679865
367250,174.9249963,0.886978979,232.5541785
367500,189.5759924,0.926165473,232.5601373
367750,187.3909955,0.900086486,232.59297
368000,184.1000061,0.906163993,232.5687695
368250,188.6299933,0.920666492,232.5768665
368500,190.4169934,0.919350984,232.5866406
368750,182.9400006,0.892271476,232.5718756
369000,186.9609967,0.923649964,232.5666974
369250,194.527995,0.959719479,232.5789716
369500,205.0789899,0.978863988,232.5605951
369750,202.6049939,0.94600596,232.5434973
370000,195.6399945,0.943412464,232.5463049
370250,194.4529938,0.924634972,232.5773956
370500,191.6209973,0.930447469,232.5584668
370750,193.6950031,0.944060981,232.5359613
371000,201.5829956,0.971496484,232.5496161
371250,201.0379938,0.947221482,232.5595862
371500,201.0379938,0.947221482,232.5595862
371750,193.5409961,0.919422975,232.5573523
372000,191.408999,0.932735982,232.6017285
372250,189.4739966,0.912444973,232.5837213
372500,191.4669934,0.928588467,232.5631451
372750,185.5909973,0.887238481,232.5466583
373000,181.6079956,0.911051469,232.5804889
373250,193.6639966,0.92979996,232.571449
373500,184.397995,0.895438466,232.5920331
373750,177.7749976,0.85490448,232.5903864
374000,171.4659955,0.866156974,232.6171875
374250,172.7239972,0.864760473,232.6276746
374500,169.2169952,0.831486983,232.6228809
374750,161.4709979,0.822827494,232.6375543
375000,158.1609924,0.809454973,232.6128748
375250,151.2839978,0.784594989,232.6001068
375500,140.9309967,0.742867484,232.6373059
375750,139.7039972,0.769370484,232.5941016
376000,146.5119995,0.783652987,232.5824567
376250,144.6209973,0.737744982,232.5869202
376500,133.3819952,0.717380981,232.615849
376750,125.6249973,0.700624971,232.6671222
377000,128.6199979,0.705454981,232.6508899
377250,125.532998,0.678723478,232.6641077
377500,114.5719983,0.696345978,232.6488269
377750,124.0099973,0.673775973,232.6422638
378000,124.0099973,0.673775973,232.6422638
378250,116.5079974,0.642573988,232.6342261
378500,111.9669965,0.670284483,232.6400262
378750,117.8279968,0.624672487,232.6401721
379000,109.5829987,0.691400478,232.6442432
379250,116.5929984,0.632982481,232.6231366
379500,104.1559982,0.644025972,232.645332
379750,107.4849985,0.592727976,232.6614911
380000,97.48999634,0.572291501,232.6630029
380250,96.07399597,0.585558472,232.6302808
380500,94.36399872,0.521791987,232.6461554
380750,79.8119986,0.492507485,232.6596594
381000,76.14399872,0.490346996,232.6313385
381250,77.29399933,0.484659487,232.6361938
381500,74.19899872,0.468207486,232.6394513
381750,70.37099945,0.472443485,232.6553033
382000,77.44499695,0.458390484,232.6858026
382250,67.61599884,0.44052498,232.691626
382500,74.81899841,0.522028496,232.6601093
382750,90.92799713,0.546473985,232.6573291
383000,80.32499878,0.482852982,232.6525549
383250,64.13799759,0.405726992,232.6602179
383500,63.44499832,0.468173982,232.6459875
383750,82.27599609,0.549221001,232.6744653
384000,94.26199921,0.565400486,232.664978
384250,91.84399933,0.539139488,232.6557678
384500,91.84399933,0.539139488,232.6557678
384750,81.61999695,0.518460469,232.6707465
385000,85.812995,0.561391981,232.6741058
385250,99.46199951,0.637571993,232.6415063
385500,114.8219968,0.650103474,232.6521448
385750,112.2249973,0.694808977,232.6097723
386000,133.1849982,0.760394478,232.5841003
386250,151.1959937,0.788063984,232.5953784
386500,137.2599963,0.716480465,232.6184442
386750,119.4779974,0.673853984,232.6653381
387000,121.8279974,0.674073982,232.6205603
387250,112.9309955,0.676518471,232.6442096
387500,121.6809955,0.670611989,232.629325
387750,111.9409976,0.64758898,232.6288165
388000,110.0999969,0.63594749,232.6285388
388250,102.5799963,0.600948486,232.6394598
388500,94.69499756,0.549647992,232.6477777
388750,90.73299835,0.550253487,232.6297693
389000,91.85999481,0.558115485,232.639115
389250,93.03099884,0.577494478,232.6634253
389500,100.7729962,0.59890949,232.6261719
389750,92.96299591,0.554715488,232.6605762
390000,80.61999969,0.497094488,232.6847131
390250,83.3619989,0.512487482,232.638465
390500,75.97199829,0.480064989,232.6171863
390750,78.28299835,0.474973488,232.6364655
391000,78.28299835,0.474973488,232.6364655
391250,78.24799805,0.533549496,232.6166992
391500,91.55899933,0.545033481,232.6483282
391750,69.95599808,0.405792993,232.6722009
392000,56.0069986,0.426808983,232.6739368
392250,81.29899963,0.492375994,232.6167389
392500,61.79399826,0.397474986,232.65961
392750,65.29099731,0.465601486,232.6525891
393000,74.08699829,0.497512987,232.6653949
393250,80.58099792,0.519896491,232.6669476
393500,83.3569986,0.495631485,232.6670032
393750,66.8269986,0.382574494,232.6807458
394000,42.8519989,0.325939994,232.6461151
394250,54.00299927,0.411473988,232.6690344
394500,74.64899765,0.518966999,232.6575623
394750,79.59399872,0.511783488,232.6284375
395000,86.07299622,0.521104993,232.612627
395250,80.29999664,0.482931488,232.6487372
395500,78.22799744,0.504806989,232.6612073
395750,82.5419986,0.515461981,232.6324347
396000,91.03599731,0.562017989,232.6740192
396250,93.7039978,0.562999482,232.6182013
396500,91.49199646,0.565239985,232.6469775
396750,90.73399597,0.545398493,232.6496906
397000,91.86100006,0.546492994,232.6581531
397250,90.85300079,0.565793493,232.6222754
397500,90.85300079,0.565793493,232.6222754
397750,101.9439972,0.640952489,232.6555542
398000,110.9269974,0.653370976,232.6291058
398250,100.1989975,0.587326992,232.6477063
398500,98.67299622,0.589986975,232.6628986
398750,98.89799927,0.592835484,232.6452014
399000,97.36099792,0.588024483,232.6594275
399250,109.8219989,0.649441991,232.6353528
399500,105.8659982,0.622841492,232.6419543
399750,105.1889987,0.63388098,232.6344684
400000,107.4009973,0.624013982,232.6652496
400250,107.0309973,0.641797976,232.643877
400500,113.9059973,0.648010478,232.6292578
400750,111.6199969,0.635569997,232.64229
401000,111.1869965,0.660025971,232.6595514
401250,116.8599979,0.678472972,232.6389465
401500,113.8889978,0.659836495,232.6638678
401750,118.7459982,0.67771199,232.6169147
402000,119.4119955,0.676684477,232.6188678
402250,124.460993,0.707888472,232.6080792
402500,129.9329971,0.727890978,232.618244
402750,132.8179968,0.760796978,232.6246326
403000,138.3749939,0.745891998,232.6382233
403250,144.8309967,0.784324994,232.6061609
403500,138.5389954,0.714028997,232.6327057
403750,134.828999,0.766485467,232.6113452
404000,134.828999,0.766485467,232.6113452
404250,144.6090002,0.779809487,232.5945538
404500,147.883999,0.791399498,232.6085791
404750,153.1439941,0.805061493,232.5929382
405000,159.9920001,0.845609975,232.5696954
405250,162.8779968,0.787960989,232.5970911
405500,148.3399963,0.806723483,232.6022394
405750,157.1649994,0.807527978,232.5908832
406000,151.3349994,0.775241473,232.5999188
406250,145.8329962,0.811141982,232.6145386
406500,157.4679944,0.796620479,232.5851685
406750,147.958996,0.759236481,232.5972186
407000,143.6039948,0.813587971,232.6141321
407250,162.1059949,0.804296491,232.6007251
407500,156.8539935,0.825050986,232.6075085
407750,159.7369946,0.814456975,232.6069617
408000,159.8739929,0.814751477,232.6008026
408250,156.0629901,0.800187473,232.5906799
408500,154.8129932,0.827888477,232.5878967
408750,162.8339935,0.815631478,232.5976013
409000,154.1299963,0.79665849,232.5818604
409250,151.8839972,0.794498487,232.5695142
409500,155.3559973,0.798894479,232.5910999
409750,165.1479926,0.89686898,232.563609
410000,183.6909979,0.861921985,232.566571
410250,162.3689954,0.815577486,232.5948169
410500,162.3689954,0.815577486,232.5948169
410750,159.9129944,0.821430976,232.5664648
411000,169.0559955,0.868351965,232.5698975
411250,174.5699951,0.84634747,232.5791211
411500,162.741994,0.808006489,232.5865784
411750,155.4479956,0.810223472,232.576756
412000,159.0209967,0.831492987,232.574953
412250,169.9929968,0.825295982,232.5797717
412500,162.1119965,0.86303848,232.5855621
412750,176.8079993,0.87675498,232.5957623
413000,178.3889954,0.887747476,232.5677948
413250,182.2549982,0.895821476,232.5539313
413500,180.5649957,0.882192981,232.598656
413750,178.078006,0.820374978,232.5850922
414000,148.33,0.834405484,232.6356158
414250,169.1579956,0.829525492,232.6120978
414500,152.9949994,0.804670467,232.62328
414750,157.1449969,0.764874985,232.6274017
415000,132.4999963,0.734933982,232.6116492
415250,134.6479974,0.74300797,232.5900018
415500,138.677999,0.714688482,232.5893872
415750,116.7889975,0.658838999,232.6046899
416000,113.8189969,0.675569479,232.6134424
416250,120.7049963,0.682794492,232.6331696
416500,113.2519974,0.67519151,232.6646417
416750,117.0169986,0.658111978,232.6326733
417000,117.0169986,0.658111978,232.6326733
417250,110.9939975,0.588470976,232.6299072
417500,89.05399811,0.558210981,232.6516425
417750,93.30799744,0.561141984,232.6240503
418000,89.03099823,0.526568987,232.6628986
418250,85.18599976,0.511187488,232.6400909
418500,73.85099945,0.464366487,232.6547772
418750,68.95899933,0.454516977,232.6675464
419000,75.41799957,0.478852988,232.6495789
419250,74.97999847,0.480301477,232.647948
419500,74.71099976,0.464303985,232.6624756
419750,74.94799896,0.466922489,232.6762823
420000,67.79899963,0.445589985,232.6278894
420250,62.14899872,0.403815995,232.6761536
420500,64.32399857,0.445981989,232.6481537
420750,69.42499786,0.46679449,232.6387689
421000,74.73499939,0.471563993,232.6623303
421250,82.18200073,0.528805487,232.6561444
421500,77.58799866,0.475654483,232.6827875
421750,73.58799927,0.485813993,232.664043
422000,83.78899902,0.530799487,232.6863147
422250,85.65199768,0.503110497,232.646192
422500,74.64799774,0.466116486,232.6653625
422750,71.48299805,0.456138484,232.6479755
423000,79.28899811,0.509683487,232.648642
423250,75.30999847,0.486789987,232.6548328
423500,75.30999847,0.486789987,232.6548328
423750,80.44599915,0.510996482,232.6624042
424000,84.89199768,0.513427993,232.6732202
424250,78.37799774,0.50620149,232.6453857
424500,90.12299835,0.547957487,232.6416675
424750,81.95400055,0.46210449,232.6658173
425000,66.36899826,0.451547492,232.6801788
425250,73.00799988,0.483250982,232.6950098
425500,70.15799927,0.439325489,232.6605231
425750,67.14899933,0.445336487,232.6533795
426000,66.39999939,0.421201984,232.6860913
426250,64.28499969,0.445336995,232.6699719
426500,74.7589975,0.485591484,232.6579059
426750,68.24299774,0.433254485,232.6648358
427000,73.02999786,0.507232991,232.6757391
427250,72.67899841,0.405052985,232.7020087
427500,53.2809993,0.378372,232.6811041
427750,66.67999725,0.464371989,232.6605554
428000,74.05399811,0.467140983,232.6840839
428250,64.67799866,0.411618488,232.6830121
428500,63.7979982,0.428402486,232.6997766
428750,60.18999878,0.398420492,232.6969928
429000,67.7769986,0.493736985,232.6572656
429250,74.81199982,0.432695997,232.6951965
429500,64.11199875,0.442791493,232.7031628
429750,70.93599854,0.487957989,232.6846967
430000,70.93599854,0.487957989,232.6846967
430250,96.92299713,0.666815491,232.6369861
430500,108.8449976,0.584106476,232.6540582
430750,96.86799835,0.60518748,232.6424829
431000,109.2449976,0.629875493,232.6361621
431250,106.0139993,0.598411484,232.6415778
431500,98.63999725,0.600336487,232.6283795
431750,109.162999,0.668764486,232.6059778
432000,112.8749973,0.613900485,232.6449384
432250,106.3599991,0.675786486,232.6289996
432500,112.1419983,0.588260472,232.6371869
432750,99.51099701,0.587911482,232.6419946
433000,96.74699707,0.604096489,232.6620569
433250,104.858999,0.650298991,232.6219531
433500,110.4939999,0.628716989,232.6306427
433750,98.46499847,0.601204476,232.6361383
434000,99.29399719,0.584030981,232.631059
434250,101.3609998,0.617708499,232.6348108
434500,106.8729974,0.604346981,232.6424896
434750,101.7869998,0.658923974,232.6158264
435000,114.7609982,0.674760985,232.6095374
435250,116.374996,0.656876984,232.635072
435500,109.4109976,0.631720979,232.6304504
435750,111.9979971,0.670347497,232.6411859
436000,123.795997,0.672672498,232.6143542
436250,113.1709967,0.642271969,232.6179376
436500,113.1709967,0.642271969,232.6179376
436750,109.8159973,0.666759479,232.642146
437000,117.4409976,0.690360479,232.6149701
437250,117.2659961,0.672580974,232.6150952
437500,117.8249982,0.645520494,232.6205963
437750,113.3169971,0.653470488,232.6265149
438000,114.9329977,0.688638957,232.6025287
438250,127.8679959,0.720947483,232.6296368
438500,128.9149979,0.714549985,232.6250922
438750,127.9999924,0.685978472,232.5989783
439000,121.9959961,0.754951982,232.5897754
439250,150.158996,0.787672977,232.5921204
439500,150.5179956,0.795546987,232.5837787
439750,151.4479999,0.793692474,232.5795947
440000,155.9319958,0.816773484,232.5779614
440250,162.6189954,0.822957487,232.5878278
440500,157.4409979,0.835853996,232.5626959
440750,172.2029974,0.853051982,232.555907
441000,166.460993,0.819524477,232.5837537
441250,153.4879938,0.795148988,232.5810803
441500,160.6969965,0.86547298,232.5739288
441750,182.4139978,0.882025971,232.5817487
442000,170.4979974,0.863886476,232.5852649
442250,183.1199933,0.917291987,232.5708032
442500,193.4279968,0.91800148,232.5626501
442750,183.1869958,0.905374978,232.5782745
443000,183.1869958,0.905374978,232.5782745
443250,190.8909967,0.925067983,232.5590967
443500,188.238996,0.90610698,232.5611072
443750,186.5849957,0.904025462,232.5737842
444000,186.8499951,0.913441477,232.5723401
444250,191.9129956,0.923390973,232.5828668
444500,193.7259991,0.932703471,232.5831299
444750,189.7189966,0.890526979,232.5881866
445000,175.2639978,0.876605465,232.6062439
445250,184.0289966,0.915017982,232.5520093
445500,190.643996,0.91306098,232.5575806
445750,185.8389954,0.88564898,232.5889075
446000,178.218996,0.876933975,232.6044098
446250,176.1549927,0.868586483,232.594743
446500,174.3889917,0.843885477,232.5669397
446750,161.6819989,0.827443984,232.5986182
447000,172.4569989,0.882238481,232.5742682
447250,173.7269971,0.854023478,232.5815448
447500,169.3049969,0.840856981,232.5993146
447750,163.7689966,0.819723482,232.591889
448000,148.6439923,0.777495971,232.6367218
448250,153.7449969,0.809747479,232.6026819
448500,151.8989984,0.792102978,232.6097766
448750,148.1609949,0.778442461,232.5973627
449000,150.9549957,0.785527995,232.6072729
449250,143.782995,0.774839971,232.6069147
449500,143.782995,0.774839971,232.6069147
449750,143.5489978,0.766387472,232.5934027
450000,140.3829938,0.741636975,232.6008844
450250,131.7009979,0.740802953,232.6090021
450500,137.932998,0.758634965,232.6207892
450750,140.2470007,0.766269491,232.6124268
451000,148.7089954,0.788691981,232.6017316
451250,141.6019971,0.740232987,232.5935931
451500,147.3769971,0.817640486,232.5958972
451750,156.983996,0.800403976,232.5841284
452000,149.3840002,0.78203949,232.5942346
452250,136.3669986,0.709235981,232.6227435
452500,123.385997,0.6921805,232.6484595
452750,129.4589969,0.740527494,232.6109381
453000,132.9249979,0.703174977,232.6001312
453250,119.9319974,0.661997471,232.6453857
453500,112.3579977,0.669491477,232.6276099
453750,114.8849982,0.654560983,232.6515717
454000,109.8189969,0.638303993,232.6445538
454250,105.765997,0.617189987,232.6427014
454500,108.5469983,0.615582974,232.6614734
454750,106.5989963,0.627171485,232.6096198
455000,101.6969977,0.57858649,232.655899
455250,94.92999847,0.56884598,232.6496313
455500,88.23799713,0.512085485,232.6467627
455750,78.2589975,0.492527988,232.63797
456000,78.2589975,0.492527988,232.63797
456250,74.41499847,0.463279488,232.6644031
456500,73.11199951,0.470155978,232.6856354
456750,75.74599945,0.490604997,232.6692719
457000,73.49099976,0.462208486,232.666051
457250,69.62899948,0.456921989,232.6915137
457500,56.35999939,0.356585993,232.6811707
457750,46.6269986,0.410738989,232.666059
458000,58.86399872,0.339690491,232.6769128
458250,39.97899902,0.345302991,232.6778333
458500,57.77799835,0.450381994,232.6532898
458750,74.95499847,0.469196489,232.6278741
459000,73.62399872,0.480211986,232.6504321
459250,79.16199768,0.500833995,232.6408423
459500,80.205,0.487644485,232.6582172
459750,72.50499756,0.469872992,232.6705774
460000,69.27499695,0.45733399,232.6803363
460250,70.24099854,0.468402486,232.6617633
460500,76.1069986,0.475356487,232.6758887
460750,80.32999817,0.516954496,232.6525537
461000,80.35199738,0.465529987,232.6592352
461250,65.71799835,0.443216487,232.6449243
461500,61.88999893,0.389454989,232.68276
461750,50.66999893,0.347933987,232.6502844
462000,55.5429982,0.412269484,232.6398578
462250,58.08899841,0.362395991,232.6693939
462500,58.08899841,0.362395991,232.6693939
462750,39.47899887,0.292560487,232.7179309
463000,37.21499924,0.287381994,232.6798401
463250,35.87299927,0.289880491,232.6913312
463500,36.32599991,0.287653991,232.687442
463750,36.84999924,0.297836993,232.7058331
464000,40.33599808,0.311657993,232.652522
464250,43.22099884,0.315086491,232.6581244
464500,39.2959993,0.294016992,232.6562347
464750,40.21699799,0.335548488,232.6750244
465000,51.35399826,0.338383991,232.6812653
465250,41.84999863,0.305940998,232.6771655
465500,44.25399902,0.350396494,232.6874414
465750,52.81799866,0.349705997,232.7003778
466000,41.26599854,0.293062991,232.6914905
466250,38.92799973,0.323944992,232.6830017
466500,47.47199921,0.344987499,232.6754596
466750,50.5379982,0.361701982,232.6906732
467000,53.6629985,0.346322491,232.6374731
467250,43.17099838,0.321290998,232.6710895
467500,42.72000061,0.307530495,232.6866656
467750,42.0809996,0.334995486,232.6658752
468000,47.82599854,0.34629149,232.6805762
468250,47.93799667,0.327041987,232.6876556
468500,42.36199799,0.324289489,232.6604742
468750,51.29999863,0.362880988,232.6802264
469000,51.29999863,0.362880988,232.6802264
469250,49.50099899,0.370296493,232.684809
469500,59.66099808,0.43794849,232.6393781
469750,74.97999756,0.459711488,232.6653864
470000,56.39999908,0.453885491,232.6545624
470250,79.69899872,0.498805493,232.6254669
470500,70.94099976,0.42944,232.6806445
470750,63.82699921,0.486734486,232.6623376
471000,90.14499573,0.560530982,232.6261072
471250,96.82999634,0.600187984,232.6318353
471500,92.3019986,0.571137476,232.6176099
471750,97.08399811,0.601464989,232.6348517
472000,104.7049985,0.612271483,232.6352917
472250,102.4139987,0.652893472,232.6235376
472500,124.8839954,0.732531981,232.601452
472750,137.1619977,0.76056999,232.5935059
473000,138.4990002,0.736740992,232.6073309
473250,132.7919971,0.755839467,232.6002509
473500,150.1539966,0.784131467,232.6127454
473750,143.8969965,0.74606848,232.5763373
474000,130.0129965,0.752193487,232.5904828
474250,154.2989966,0.806000974,232.5915857
474500,152.3569983,0.80577147,232.5867944
474750,164.4269946,0.855624473,232.5425073
475000,175.9129999,0.858245482,232.5616034
475250,176.2279926,0.881274974,232.5777698
475500,176.2279926,0.881274974,232.5777698
475750,178.1559967,0.856045976,232.5704669
476000,157.0849982,0.819951975,232.6069153
476250,174.673996,0.936330976,232.5370844
476500,200.6399963,0.960781972,232.5465149
476750,200.3119958,0.971457973,232.5752899
477000,215.5429932,1.025343962,232.5290509
477250,215.5569965,0.984117975,232.5404254
477500,200.9759955,0.961738975,232.5432428
477750,210.3959967,1.010309963,232.5268176
478000,210.9909961,0.981342487,232.546178
478250,209.6939972,0.997501988,232.5211194
478500,209.786994,0.969605474,232.5544818
478750,206.305993,0.996414976,232.5313934
479000,208.1119977,0.972086473,232.5562494
479250,206.1279956,0.975505478,232.5441785
479500,206.3099951,0.990929482,232.5368652
479750,214.053996,1.020309482,232.5208124
480000,223.2309918,1.043276463,232.5224469
480250,213.0999939,0.983636477,232.5396893
480500,210.5529968,1.00104198,232.5132831
480750,208.448996,0.973764474,232.5562158
481000,205.061994,0.97595747,232.5356189
481250,200.4949951,0.935176983,232.549953
481500,190.2719977,0.922117462,232.5461938
481750,196.9419922,0.959427979,232.5427625
482000,196.9419922,0.959427979,232.5427625
482250,197.4589923,0.938039477,232.5445386
482500,205.9799951,1.017442472,232.5219067
482750,201.1269928,0.911660485,232.5570319
483000,182.0369965,0.893547964,232.5837537
483250,178.6719958,0.874724476,232.5587769
483500,183.8889984,0.916435974,232.5581628
483750,181.7969958,0.865907476,232.588576
484000,173.1849969,0.868017485,232.5673694
484250,175.5149927,0.871261473,232.5873865
484500,173.1199933,0.834198978,232.5875073
484750,161.6739966,0.819349473,232.5972485
485000,161.3249969,0.824141989,232.5827765
485250,165.0119952,0.836922972,232.5842432
485500,157.8449982,0.768026476,232.5949615
485750,134.9759949,0.728753486,232.6172931
486000,141.3519977,0.778499987,232.5951959
486250,143.7329987,0.748362978,232.6277612
486500,139.6449921,0.768442483,232.5954596
486750,127.6829974,0.621592488,232.6184204
487000,95.94499725,0.594402485,232.6375134
487250,102.2559982,0.602871985,232.6216339
487500,103.0369965,0.62481849,232.6288904
487750,102.3909979,0.561114995,232.6448822
488000,88.08299927,0.537226489,232.6659692
488250,86.58999969,0.523294481,232.6545691
488500,86.58999969,0.523294481,232.6545691
488750,84.407995,0.520626988,232.6417151
489000,83.05799652,0.496903991,232.658299
489250,68.64399765,0.425098996,232.671012
489500,57.87899887,0.391347491,232.6576587
489750,59.24299957,0.401647985,232.6571313
490000,58.86699799,0.382524486,232.6571228
490250,53.28499924,0.368896989,232.6740735
490500,52.35999908,0.361871992,232.6863965
490750,51.85999817,0.365551486,232.689068
491000,49.76599854,0.341202495,232.6762476
491250,41.97499985,0.305292488,232.6706079
491500,38.83799835,0.288162493,232.6665143
491750,33.79799957,0.285532997,232.6956354
492000,35.52999985,0.284209486,232.6818347
492250,35.92599991,0.285274991,232.6869537
492500,35.97399918,0.29592399,232.7045245
492750,39.40599915,0.301889993,232.6718695
493000,39.04799774,0.284944491,232.693385
493250,33.5509996,0.278802488,232.6882428
493500,34.75499924,0.281572493,232.701842
493750,34.53199982,0.285603991,232.6793884
494000,37.45999954,0.287173991,232.6802417
494250,35.10999969,0.287515496,232.7218982
494500,34.60199989,0.286350497,232.6807703
494750,39.66399963,0.292095495,232.6970667
495000,39.66399963,0.292095495,232.6970667
495250,34.67499977,0.290552492,232.6884247
495500,36.89099968,0.28779999,232.6955072
495750,38.14299896,0.291227992,232.6728259
496000,35.02999939,0.292224994,232.6665521
496250,37.3829985,0.286037995,232.6833844
496500,35.64599976,0.281357491,232.6842493
496750,34.07899902,0.283996991,232.6906757
497000,35.58199966,0.285752494,232.6798657
497250,35.38499954,0.285334996,232.7106653
497500,35.37499924,0.283718991,232.6838898
497750,36.48899902,0.29745299,232.6972656
498000,37.55799789,0.292723989,232.6715289
498250,37.56299942,0.293405489,232.6844904
498500,38.43199905,0.312116492,232.689809
498750,40.18799835,0.290183998,232.6628723
499000,36.82599945,0.284442993,232.6983221
499250,33.22599937,0.297067491,232.6918176
499500,38.15499916,0.290191994,232.6980579
499750,36.72899979,0.286506987,232.7069128
500000,34.85299881,0.291921996,232.6613464
500250,39.17499847,0.30966349,232.6876978
500500,47.55799896,0.356795988,232.6704181
500750,51.14399796,0.349297993,232.66724
501000,43.53599854,0.298161994,232.7058521
501250,35.80899963,0.303099998,232.6861542
501500,35.80899963,0.303099998,232.6861542
501750,46.37399979,0.352446488,232.6606818
502000,51.80500015,0.367789991,232.6636249
502250,59.05099838,0.419321487,232.6816888
502500,61.32299683,0.415652981,232.6811639
502750,67.04099731,0.48595798,232.6569464
503000,80.47899811,0.508747982,232.6572925
503250,73.45799774,0.447777487,232.6798975
503500,70.23,0.466960986,232.6618842
503750,73.20699799,0.462791989,232.6474359
504000,83.17499908,0.577432485,232.6538586
504250,94.80399933,0.57618398,232.6268402
504500,96.55399689,0.574977484,232.638772
504750,94.44599701,0.592788484,232.6424561
505000,107.5599976,0.660923984,232.6132184
505250,122.6209946,0.696148472,232.6121149
505500,120.3879932,0.65575099,232.6519299
505750,119.1889972,0.709259977,232.6348505
506000,129.2599976,0.735815477,232.5922504
506250,138.557998,0.756404474,232.5798816
506500,141.0769971,0.758843973,232.5948114
506750,146.8409973,0.80482048,232.5948242
507000,163.252998,0.831623986,232.6042242
507250,155.127998,0.770799994,232.5962421
507500,141.2749939,0.772361457,232.60974
507750,149.2209961,0.800702987,232.6031689
508000,149.2209961,0.800702987,232.6031689
508250,151.3339948,0.791144476,232.5983289
508500,162.9139941,0.861379478,232.5997992
508750,177.2149969,0.870519977,232.5707562
509000,177.958996,0.904264474,232.5397064
509250,190.2409955,0.927408991,232.5470831
509500,193.1169965,0.929497983,232.5702106
509750,197.175,0.959072986,232.5634985
510000,204.9369971,0.980869465,232.5096411
510250,202.6079956,0.941414964,232.5606958
510500,204.5739996,1.023510971,232.5299841
510750,221.3269952,1.023664985,232.4776501
511000,219.1789886,1.041362953,232.532644
511250,218.4729883,0.984687955,232.5420026
511500,207.8079932,1.020716491,232.5181281
511750,218.6009961,1.007893481,232.5128235
512000,211.7179938,0.975783474,232.5547473
512250,201.4349963,0.95954447,232.5700977
512500,209.3729919,1.022691472,232.5030511
512750,214.4939972,0.97061898,232.5367126
513000,193.9979987,0.909903464,232.5424182
513250,188.9309973,0.949443965,232.5429388
513500,201.1819971,0.954543979,232.5298499
513750,197.3429974,0.932817967,232.5407843
514000,194.4419958,0.95667598,232.5471521
514250,199.8139984,0.931193974,232.5401917
514500,199.8139984,0.931193974,232.5401917
514750,188.4979926,0.894257472,232.5457709
515000,180.8569965,0.900839469,232.5430597
515250,188.297998,0.927506983,232.5372437
515500,195.1199951,0.927096488,232.5666748
515750,185.5999951,0.860988474,232.5929376
516000,163.4989978,0.860398464,232.5674249
516250,174.6349945,0.874575973,232.5959949
516500,173.6159918,0.865402474,232.5858978
516750,176.9560059,0.885716977,232.5635626
517000,175.3440021,0.831683476,232.5878442
517250,151.3999951,0.774215977,232.5797864
517500,144.1189948,0.772947485,232.5765015
517750,145.4929993,0.764633479,232.603457
518000,138.5759979,0.709027472,232.6314642
518250,118.1749976,0.714618495,232.6193231
518500,132.3119965,0.715821471,232.5944354
518750,123.9169937,0.671266966,232.605108
519000,116.4469958,0.648986988,232.6134106
519250,110.7069977,0.615163481,232.6235321
519500,102.6039981,0.588418486,232.6460101
519750,99.39900024,0.618762488,232.6426324
520000,107.3889966,0.588764493,232.6310754
520250,84.54299835,0.512595484,232.6222681
520500,78.73799591,0.537010491,232.6465063
520750,93.17799896,0.544859986,232.6495459
521000,93.17799896,0.544859986,232.6495459
521250,83.04499817,0.474804983,232.6674329
521500,60.46299759,0.385346488,232.6729852
521750,61.12099808,0.480261489,232.6872113
522000,82.81399902,0.541115985,232.6665051
522250,84.01799927,0.485190482,232.6850244
522500,61.0679985,0.399448498,232.6718646
522750,58.50299805,0.410082488,232.6806342
523000,65.28699799,0.430538484,232.6882422
523250,60.25399765,0.40089399,232.6752112
523500,58.86999908,0.402005987,232.6366565
523750,57.42499832,0.388073492,232.6751776
524000,41.61099922,0.305678494,232.6910681
524250,42.1159993,0.315800995,232.7010645
524500,34.51199936,0.279814997,232.6799384
524750,35.82399933,0.347509,232.69245
525000,65.26899841,0.411662494,232.6878668
525250,47.73799957,0.331191995,232.6748108
525500,44.00099808,0.32166149,232.6789136
525750,43.31900146,0.295890495,232.6947601
526000,34.62799957,0.288839492,232.6735309
526250,36.07399948,0.279621494,232.7034277
526500,33.92799927,0.28071349,232.6868732
526750,34.66699875,0.284725493,232.680799
527000,34.40899918,0.279680994,232.6628925
527250,34.82699982,0.291149499,232.6825928
527500,34.82699982,0.291149499,232.6825928
527750,41.24700012,0.307767495,232.6851563
528000,35.75699921,0.286559993,232.7013141
528250,33.38999962,0.277808994,232.6763763
528500,36.20699944,0.282222492,232.6817938
528750,32.74099899,0.291807992,232.6789386
529000,41.28999893,0.321843487,232.6889374
529250,40.32499695,0.293485495,232.6847461
529500,41.27699799,0.353805494,232.6840253
529750,58.16099869,0.40622599,232.6836597
530000,49.57399963,0.333827491,232.6697552
530250,48.17899796,0.380309986,232.6741138
530500,50.67899963,0.313173492,232.6570508
530750,35.99899979,0.303948998,232.664986
531000,46.8659996,0.362322998,232.6970825
531250,47.48799942,0.334060489,232.6769202
531500,51.87599976,0.39422749,232.6624902
531750,61.24899796,0.405361989,232.6547125
532000,57.25999786,0.394130493,232.6999347
532250,59.42099792,0.419357486,232.6647217
532500,64.06399765,0.46073149,232.6369958
532750,79.90399811,0.572933993,232.6308429
533000,97.38399811,0.54275449,232.6384113
533250,87.7219986,0.560769484,232.6683459
533500,92.4459964,0.57992548,232.6813696
533750,99.7389978,0.576319988,232.6333081
534000,99.7389978,0.576319988,232.6333081
534250,97.35999908,0.639866972,232.6421863
534500,123.4539972,0.760650492,232.621344
534750,144.5659985,0.745178978,232.6256732
535000,135.9539978,0.768022966,232.6187543
535250,137.8559967,0.704722972,232.6304016
535500,118.8149976,0.682305989,232.6124976
535750,118.2009973,0.674625487,232.6332019
536000,114.8229959,0.654329991,232.6280585
536250,114.2199982,0.67783149,232.6307471
536500,125.1459955,0.692939982,232.6241443
536750,127.3219971,0.721177995,232.6018439
537000,126.2989966,0.700597975,232.6027679
537250,126.2429974,0.720686986,232.6166687
537500,131.1909979,0.719372978,232.6313275
537750,130.2119977,0.712746472,232.6340979
538000,131.8409991,0.720644987,232.6428589
538250,131.8329974,0.736019979,232.6030975
538500,137.6249982,0.759837973,232.6035211
538750,138.08,0.735298488,232.6115533
539000,128.7569943,0.720335474,232.6131219
539250,131.3510016,0.724715476,232.6305933
539500,129.5809927,0.664658999,232.6301611
539750,117.0909967,0.71336797,232.629267
540000,144.6519977,0.799829488,232.6252429
540250,156.6909955,0.806502488,232.6118103
540500,156.6909955,0.806502488,232.6118103
540750,154.092995,0.792213483,232.6043939
541000,151.8319989,0.79465548,232.5815051
541250,154.0119965,0.801120987,232.5778418
541500,160.2139996,0.804599478,232.5906976
541750,156.0909979,0.822648482,232.5906519
542000,164.8959973,0.834991462,232.5820239
542250,165.5649945,0.814087996,232.6057947
542500,154.4759949,0.816045473,232.6226892
542750,165.1279962,0.825052476,232.6052515
543000,155.4029944,0.782345488,232.6063953
543250,151.0289996,0.811888483,232.6088019
543500,164.0269983,0.827523472,232.6121063
543750,157.2839929,0.833888478,232.5765204
544000,172.7379968,0.836220489,232.5884009
544250,155.8549945,0.785232975,232.5849292
544500,147.5939978,0.774612985,232.6090979
544750,151.0999963,0.81463747,232.5930334
545000,164.0799951,0.826775975,232.5881549
545250,159.99599,0.816017992,232.5611768
545500,159.3139978,0.803270991,232.6101306
545750,149.3229956,0.774917994,232.603465
546000,143.4259955,0.737576478,232.6042334
546250,135.0149994,0.749502475,232.618725
546500,150.3179974,0.796338484,232.6151917
546750,153.3029962,0.781335964,232.5888953
547000,153.3029962,0.781335964,232.5888953
547250,147.2639966,0.825824981,232.6046844
547500,173.3669928,0.881018486,232.5432434
547750,176.2359967,0.844156458,232.5822656
548000,155.681001,0.76880549,232.6192194
548250,150.0339984,0.782217469,232.6270825
548500,146.9479938,0.773872485,232.6070428
548750,143.1939972,0.749199977,232.6083716
549000,127.371998,0.704252973,232.631604
549250,124.9199991,0.714494483,232.5996826
549500,129.5219992,0.707162488,232.6011322
549750,130.8049985,0.694373486,232.6239313
550000,111.5359988,0.629422989,232.6367157
550250,116.3979971,0.672547984,232.6223926
550500,119.530994,0.677589495,232.6247058
550750,107.4159973,0.630759475,232.6445612
551000,115.395997,0.667974467,232.6101868
551250,112.0999982,0.619366488,232.6511053
551500,102.617998,0.596864483,232.6470026
551750,106.7849979,0.618281481,232.6282196
552000,101.2529984,0.564120986,232.6407385
552250,92.0509967,0.529201974,232.6481549
552500,71.12699875,0.449851487,232.6479291
552750,81.2669986,0.567028983,232.6371149
553000,98.26700043,0.566551492,232.6525934
553250,78.58499847,0.447011983,232.7030817
553500,78.58499847,0.447011983,232.7030817
553750,68.61799805,0.425800993,232.6558411
554000,65.00999802,0.433078986,232.6733209
554250,69.76599731,0.470127991,232.6609753
554500,71.04899902,0.448758479,232.6563928
554750,73.74799835,0.502853984,232.6651202
555000,84.94299866,0.522856978,232.645788
555250,80.29900055,0.486472491,232.6550427
555500,82.85599731,0.546998985,232.6682813
555750,88.96199829,0.521087979,232.6463232
556000,79.46699829,0.505330986,232.6428021
556250,80.18999817,0.510219488,232.6479718
556500,75.5489978,0.443917987,232.6468677
556750,60.45499802,0.399897985,232.698418
557000,66.94099762,0.463000987,232.685788
557250,75.54099915,0.481168993,232.6461884
557500,78.86199738,0.527182982,232.6576508
557750,87.52199768,0.539312499,232.6764569
558000,84.65599579,0.525532985,232.6894019
558250,78.89799866,0.461182489,232.6857196
558500,70.88699921,0.463518482,232.6770258
558750,65.82,0.403502487,232.6895374
559000,68.92199936,0.523535485,232.6233716
559250,87.22099792,0.51513298,232.6492761
559500,71.19099945,0.408883485,232.6470831
559750,55.42999939,0.395329995,232.6725787
560000,55.42999939,0.395329995,232.6725787
560250,66.83399796,0.477771989,232.6367303
560500,72.83999847,0.412136489,232.6668018
560750,56.12199783,0.369700993,232.6808997
561000,58.08999863,0.452221988,232.6776581
561250,72.26699829,0.419268988,232.6662665
561500,56.75799911,0.429991993,232.6882983
561750,62.99999847,0.381225499,232.6791803
562000,59.66799713,0.434758983,232.670387
562250,68.26699799,0.444718492,232.6460498
562500,68.19399857,0.42955549,232.6447607
562750,63.28399811,0.429513491,232.6547888
563000,66.80999847,0.454320986,232.6394989
563250,72.81999695,0.491404489,232.6472571
563500,84.44799927,0.55248549,232.6586639
563750,94.11899933,0.545872493,232.6455615
564000,85.46599823,0.532560995,232.6634906
564250,92.36299927,0.610741985,232.6141376
564500,105.1669974,0.594399974,232.6336658
564750,89.28499878,0.604350989,232.6593939
565000,117.8409982,0.693290999,232.614538
565250,130.3239948,0.723376992,232.6099292
565500,131.6419983,0.765963001,232.5994824
565750,153.1089972,0.800766478,232.6154926
566000,155.0320007,0.793949959,232.610387
566250,149.3349939,0.789173985,232.6012256
566500,149.3349939,0.789173985,232.6012256
566750,157.7109967,0.804218984,232.5811707
567000,159.5039899,0.822071481,232.5808105
567250,164.5499884,0.840122972,232.5742175
567500,167.9020007,0.821578984,232.5786023
567750,155.1039966,0.797404492,232.6010583
568000,156.5459961,0.812817478,232.5843372
568250,153.9159961,0.791286974,232.6130981
568500,152.5500031,0.792366986,232.6164722
568750,158.3279974,0.829200475,232.5887854
569000,160.9739972,0.81876847,232.586355
569250,158.0160022,0.803057981,232.6075934
569500,152.2919977,0.784481471,232.5941223
569750,139.6239948,0.751673479,232.603028
570000,146.9209967,0.773827479,232.5941925
570250,147.3389978,0.774077487,232.6110504
570500,144.4019952,0.784860971,232.5955292
570750,160.2949963,0.811924474,232.590191
571000,150.9689972,0.782041984,232.5989313
571250,148.2319934,0.800546467,232.6050195
571500,166.588999,0.817378476,232.6154834
571750,149.3329938,0.79700299,232.5928491
572000,158.4369958,0.788839991,232.6090503
572250,134.0209955,0.722672484,232.5807922
572500,144.7569962,0.801279471,232.5947607
572750,166.2669977,0.854903982,232.5758026
573000,166.2669977,0.854903982,232.5758026
573250,168.7609985,0.826670988,232.5829932
573500,164.3499939,0.825882983,232.5619843
573750,167.0609924,0.861980472,232.5710669
574000,181.4219971,0.894803479,232.5929541
574250,174.8269952,0.835680466,232.587868
574500,157.0699963,0.811689491,232.5807043
574750,164.0009967,0.814740489,232.5892664
575000,142.3639911,0.724424987,232.6067072
575250,137.4649982,0.767283986,232.5987549
575500,146.5220007,0.768344469,232.6201868
575750,138.4129962,0.742455487,232.6164838
576000,135.703999,0.736528969,232.6076898
576250,126.2139944,0.682133968,232.6442493
576500,116.6139978,0.65731549,232.6579132
576750,118.820997,0.659981482,232.642345
577000,114.3249979,0.640955484,232.6196741
577250,108.0849976,0.613009474,232.6421295
577500,103.4409998,0.600261986,232.6335376
577750,99.8419986,0.623088982,232.6522168
578000,101.5519971,0.582015483,232.6427942
578250,88.52499695,0.532061992,232.6504425
578500,89.18699707,0.571850471,232.6435138
578750,93.18999817,0.502877994,232.6527075
579000,77.11999908,0.472311492,232.6656348
579250,66.23599869,0.412329478,232.652569
579500,66.23599869,0.412329478,232.652569
579750,52.28099792,0.33594749,232.6808185
580000,40.56599945,0.338176494,232.6681445
580250,55.16799911,0.416772984,232.6860876
580500,64.82799881,0.428761985,232.6823792
580750,67.04999878,0.431593984,232.6445319
581000,65.93499847,0.419324991,232.6726093
581250,57.74399811,0.384048494,232.6933228
581500,55.07699814,0.392606484,232.7161304
581750,57.24799927,0.393676487,232.691308
582000,44.26099854,0.317833494,232.687146
582250,51.18499802,0.405452491,232.6763721
582500,55.73999817,0.343882486,232.6933148
582750,44.20399887,0.314094499,232.6928809
583000,40.84300049,0.289162487,232.6747888
583250,34.70799957,0.280800493,232.6831378
583500,34.65199982,0.282567989,232.7060016
583750,34.68799866,0.281045997,232.7223694
584000,33.32499908,0.28075799,232.7117456
584250,35.13299942,0.283814992,232.6797278
584500,35.45499939,0.288796991,232.6982971
584750,35.88700027,0.287199491,232.7254248
585000,34.87899933,0.281713991,232.7053064
585250,33.1020002,0.279632999,232.6757294
585500,36.9659996,0.282087991,232.7010565
585750,34.24899956,0.283189995,232.696394
586000,34.24899956,0.283189995,232.696394
586250,33.03399979,0.282605492,232.6763055
586500,38.32299835,0.293342488,232.7151563
586750,36.69799942,0.293596493,232.7015863
587000,37.3769986,0.297971994,232.7150885
587250,44.79599838,0.360858498,232.6642975
587500,51.74199844,0.329961491,232.6931213
587750,45.4829985,0.36930599,232.6776276
588000,53.56199951,0.383306984,232.6747858
588250,44.06899841,0.256880487,232.7044019
588500,16.02999958,0.192554494,232.7166022
588750,16.85899944,0.189041994,232.6909711
589000,16.02899975,0.188931998,232.7025934
589250,15.75299911,0.189267495,232.7088647
589500,15.74999905,0.188931994,232.7091058
589750,17.01899963,0.188487498,232.6932886
590000,15.83599968,0.189214993,232.7135938
590250,15.75299911,0.189571493,232.6968256
590500,16.97899963,0.200732993,232.7168567
590750,18.87699959,0.208085495,232.7088092
591000,18.20799957,0.206111991,232.7070331
591250,18.165,0.196983994,232.6710425
591500,15.99399956,0.190028995,232.679715
591750,15.74999905,0.190001498,232.7148438
592000,16.7029995,0.195271993,232.6875323
592250,17.5,0.198599996,232.6777466
592500,17.5,0.198599996,232.6777466
592750,17.5,0.196793496,232.7126666
593000,16.70699989,0.193941993,232.6976013
593250,17.01199951,0.191508496,232.699458
593500,15.87099976,0.188906492,232.7168732
593750,13.75899933,0.156066995,232.6916357
594000,8.218999844,0.125376998,232.6919141
594250,5.648999939,0.123242495,232.6696667
594500,6.389999924,0.123276998,232.7216583
594750,6.204999981,0.123218996,232.7091217
595000,5.654999924,0.123771997,232.7273688
595250,6.505000038,0.123605497,232.713786
595500,6.105999908,0.123756998,232.738855
595750,5.722999916,0.123608497,232.7025397
596000,5.558999996,0.123588997,232.7215698
596250,6.250999985,0.123185494,232.7183173
596500,6.373999977,0.123452497,232.7150098
596750,5.580999985,0.123411496,232.6926361
597000,6.370000019,0.123128995,232.7033435
597250,6.232999973,0.123442495,232.6869299
597500,5.621999989,0.123474997,232.6759204
597750,6.475000038,0.123518997,232.7042743
598000,6.095999889,0.123384997,232.7051141
598250,5.722999916,0.123278995,232.7185443
598500,6.595999966,0.123079495,232.6907684
598750,5.973999882,0.123692496,232.6811572
599000,5.973999882,0.123692496,232.6811572
599250,5.860999908,0.123580496,232.6886841
599500,6.610999985,0.123322996,232.7100183
599750,5.881999874,0.123351495,232.7161792
600000,5.987999916,0.123386998,232.7073285
600250,5.32,0.123673996,232.6882739
600500,6.932999935,0.123524996,232.6891461
600750,6.134999905,0.123017999,232.7120984
601000,5.25,0.123399496,232.7111719
601250,6.568000011,0.123486494,232.6834686
601500,5.96899992,0.123583997,232.7421619
601750,5.808999977,0.123113498,232.7321057
602000,6.562000027,0.123676495,232.6911224
602250,5.841999931,0.123534496,232.6935712
602500,5.947999954,0.123373497,232.6878192
602750,6.528000011,0.123545998,232.7028723
603000,5.723999939,0.123485997,232.6935547
603250,6.072999973,0.123406997,232.7061633
603500,6.476999989,0.123378498,232.6987299
603750,5.635999966,0.123350997,232.6935638
604000,6.212999992,0.123275997,232.6751935
604250,6.447999992,0.123203995,232.7012817
604500,5.578999977,0.123611496,232.660155
604750,6.342999992,0.123532999,232.6837878
605000,6.236999969,0.123395498,232.7046826
605250,5.603999977,0.123528994,232.7040271
605500,5.603999977,0.123528994,232.7040271
605750,6.462000027,0.123382998,232.696665
606000,6.100999947,0.123059497,232.675556
606250,5.671999969,0.123084497,232.7108429
606500,6.525000057,0.123188,232.7002899
606750,5.970999947,0.123787998,232.6906812
607000,5.79,0.123910497,232.697135
607250,5.475999966,0.123281997,232.704339
607500,6.295999966,0.123211994,232.7032294
607750,6.282999954,0.123300997,232.7260742
608000,5.67899992,0.123325499,232.7064111
608250,6.500999985,0.123527496,232.6910413
608500,6.142999935,0.123390999,232.7228662
608750,5.743999958,0.123459995,232.7152332
609000,6.608000011,0.123335997,232.6904907
609250,6.011999912,0.123827496,232.696449
609500,5.84699995,0.123204496,232.7147559
609750,6.576000023,0.123395496,232.7164185
610000,5.881999893,0.123266996,232.7107202
610250,5.970999908,0.123428997,232.7095081
610500,6.537999992,0.123516497,232.7438165
610750,5.78399992,0.123464498,232.7263922
611000,6.107999897,0.123527496,232.7021222
611250,6.576999969,0.123533995,232.7145703
611500,5.685999928,0.123784996,232.7002979
611750,6.167999973,0.123378497,232.7059308
612000,6.167999973,0.123378497,232.7059308
612250,6.438999977,0.123199997,232.7035217
612500,5.609999924,0.123676996,232.677785
612750,6.364999943,0.123886997,232.7047858
613000,6.300999928,0.123930497,232.6979626
613250,5.552999897,0.123553498,232.7200562
613500,5.713999996,0.123389498,232.7155475
613750,6.059999924,0.123167495,232.7426337
614000,6.572999973,0.123499497,232.7193933
614250,5.632999935,0.123309996,232.7081726
614500,6.193999901,0.123525997,232.6946185
614750,6.399999962,0.123553495,232.6994812
615000,5.623999958,0.123115497,232.7104736
615250,6.324999962,0.123403996,232.7203943
615500,6.261999969,0.123569495,232.7053394
615750,5.648999958,0.123576997,232.700257
616000,6.431999989,0.123678998,232.6809955
616250,6.196999931,0.123735995,232.7048663
616500,5.699999962,0.123270997,232.6811389
616750,6.53,0.123269497,232.6922278
617000,6.059999943,0.123714996,232.7032745
617250,5.767999954,0.123892496,232.7216504
617500,5.536999969,0.123676497,232.6844269
617750,6.322999916,0.123533996,232.6843787
618000,6.345999947,0.123813495,232.66677
618250,5.679999924,0.123569995,232.6636414
618500,5.679999924,0.123569995,232.6636414
618750,6.440999966,0.123288496,232.6780823
619000,6.194999962,0.123746498,232.6723004
619250,5.700999947,0.123710997,232.6883313
619500,6.53,0.123458999,232.7042017
619750,6.025999928,0.123440998,232.691106
620000,5.777999935,0.123488497,232.6968182
620250,6.588000011,0.123057498,232.6815112
620500,5.261999912,0.122995999,232.6822571
620750,6.318999958,0.123444498,232.6946332
621000,5.617999935,0.123309496,232.6994257
621250,6.412999973,0.123444998,232.6858978
621500,6.209999924,0.123484995,232.6974121
621750,5.678999958,0.123399495,232.7097778
622000,6.549999981,0.123620997,232.7060419
622250,6.084999943,0.123624495,232.681217
622500,5.744999962,0.123655498,232.6955206
622750,6.594000034,0.123594998,232.6884662
623000,5.917999916,0.123545497,232.6964758
623250,5.882999954,0.123170997,232.6768573
623500,6.658000011,0.123416997,232.6897791
623750,5.839999924,0.123154996,232.6947437
624000,6.055999908,0.123509999,232.7036487
624250,6.58699995,0.123720998,232.6936981
624500,5.712999897,0.123395998,232.7007806
624750,6.120999947,0.123404998,232.7272565
625000,6.120999947,0.123404998,232.7272565
625250,6.448999958,0.123514498,232.7135156
625500,5.654999924,0.123611499,232.7136719
625750,6.322999916,0.123464,232.7289728
626000,6.363999977,0.123378496,232.7079718
626250,5.609999962,0.123620996,232.7040094
626500,6.44199995,0.123089996,232.6755212
626750,5.250999985,0.123734997,232.7160669
627000,6.581000004,0.123688498,232.7095709
627250,5.668999958,0.123331496,232.7301862
627500,6.143999958,0.123577499,232.7063837
627750,6.460999947,0.123094498,232.6858112
628000,5.61899992,0.123439996,232.6987756
628250,6.278999958,0.123560998,232.7189313
628500,6.322999954,0.123450497,232.7132916
628750,5.669999924,0.123672498,232.7308594
629000,6.399999962,0.123647999,232.6953302
629250,6.184999962,0.123673996,232.707049
629500,5.632999935,0.123766999,232.6942743
629750,6.495999966,0.123198496,232.6865057
630000,6.12899992,0.123427996,232.7038885
630250,5.75199995,0.123505997,232.6958344
630500,6.557000008,0.123399996,232.69229
630750,5.920999908,0.123415496,232.6762201
631000,5.856999912,0.123479494,232.6934814
631250,6.557999992,0.123432997,232.6808661
631500,6.557999992,0.123432997,232.6808661
631750,5.799999886,0.123691998,232.6761377
632000,5.993999901,0.123873997,232.687569
632250,6.519999981,0.123530495,232.6857941
632500,5.680999928,0.123642496,232.7289648
632750,6.128999901,0.123343995,232.7068823
633000,5.25,0.123598998,232.744859
633250,6.884999886,0.123555499,232.6891553
633500,6.269999905,0.123687996,232.704057
633750,6.32699995,0.123630498,232.7077161
634000,5.442999935,0.123150499,232.693905
634250,5.818999958,0.123130998,232.7026971
634500,6.03599987,0.123226997,232.7150183
634750,6.60899992,0.123861996,232.7185229
635000,5.728999844,0.123860495,232.6990741
635250,6.16599987,0.123538996,232.6804974
635500,6.505999908,0.123725997,232.6958667
635750,5.645999889,0.123595999,232.6990582
636000,6.301999855,0.123700997,232.6835931
636250,6.367999916,0.123799497,232.6978278
636500,5.670999889,0.123478498,232.7240424
636750,6.353999958,0.123698496,232.7045453
637000,5.250999985,0.123147996,232.7196826
637250,6.672999935,0.123802997,232.7172998
637500,6.509999943,0.123534996,232.6907452
637750,5.253999958,0.123475996,232.7192987
638000,5.253999958,0.123475996,232.7192987
638250,6.50199995,0.123269496,232.69508
638500,5.629999924,0.124168496,232.6930725
638750,6.250999928,0.123785497,232.701817
639000,6.373999977,0.123575497,232.7359631
639250,5.604999943,0.123405496,232.7223785
639500,6.378999958,0.123296995,232.722298
639750,6.22699995,0.123133497,232.7293243
640000,5.640999947,0.123202996,232.7111603
640250,6.488999977,0.123602997,232.7147473
640500,6.090999928,0.123580496,232.7016113
640750,5.708999939,0.123482496,232.6839148
641000,6.568000011,0.123663996,232.6911475
641250,5.958999901,0.123532997,232.6715472
641500,5.846999931,0.123288997,232.6892603
641750,6.562000027,0.123401996,232.7027386
642000,5.841999931,0.123455497,232.707691
642250,5.947999954,0.123578497,232.7008331
642500,5.371999989,0.123527997,232.7022681
642750,6.456999969,0.123198997,232.682179
643000,6.141999931,0.123634496,232.7109222
643250,5.745999947,0.123581497,232.7060986
643500,6.592000008,0.123729998,232.6909302
643750,5.992999916,0.123313996,232.7010516
644000,5.854999962,0.123593997,232.7135718
644250,6.628999996,0.123308997,232.7158179
644500,6.628999996,0.123308997,232.7158179
644750,5.881999874,0.123593997,232.7310742
645000,5.987999916,0.123548497,232.6993219
645250,6.620999966,0.123524998,232.7261292
645500,5.762999897,0.123386497,232.6883521
645750,6.123999901,0.123726498,232.7024274
646000,5.25,0.123387994,232.6954651
646250,6.539000053,0.123328497,232.6969
646500,5.966999931,0.123515998,232.6760742
646750,5.809999962,0.123330496,232.6968976
647000,6.562000027,0.123898496,232.7002838
647250,5.841999931,0.123602997,232.6809552
647500,5.964999962,0.123299496,232.6691626
647750,6.528000011,0.123602495,232.7132764
648000,5.745999928,0.123741497,232.719234
648250,6.096999912,0.123553998,232.7230414
648500,6.490999966,0.123103498,232.6953369
648750,5.66399992,0.123703997,232.7126422
649000,6.228999939,0.123550996,232.7063391
649250,6.41699995,0.123516998,232.7189539
649500,5.644999924,0.123665496,232.7026428
649750,6.373999939,0.123415496,232.6924078
650000,6.262999973,0.123826997,232.6997681
650250,5.665999966,0.123510496,232.730332
650500,6.481999989,0.123570497,232.712605
650750,6.12699995,0.123153498,232.6931769
651000,6.12699995,0.123153498,232.6931769
651250,5.698999958,0.123200497,232.6992096
651500,5.571999989,0.123229995,232.7291315
651750,6.229999924,0.123654498,232.709762
652000,6.395999947,0.123439997,232.715752
652250,6.774999962,0.123469498,232.7107062
652500,5.879999943,0.123361997,232.6972607
652750,5.937999973,0.123370996,232.7024005
653000,5.371999989,0.123350497,232.6712555
653250,6.501999969,0.123263997,232.6786334
653500,6.141999931,0.123299498,232.696803
653750,5.677999973,0.123621995,232.6980341
654000,6.571000023,0.123511499,232.7272174
654250,6.029999943,0.123847995,232.7029156
654500,5.850999928,0.123656997,232.7071393
654750,6.631000042,0.123384495,232.7238098
655000,5.890999889,0.123633997,232.6950171
655250,5.95199995,0.123076998,232.6876825
655500,6.561000023,0.123307498,232.6834741
655750,5.282999916,0.123481497,232.7229321
656000,6.167999992,0.124025497,232.7097791
656250,5.652000008,0.123921497,232.7230103
656500,6.525000057,0.123312497,232.6808344
656750,6.034999962,0.123321997,232.7269049
657000,5.807999992,0.123630996,232.7419147
657250,6.58300005,0.123250498,232.6836407
657500,6.58300005,0.123250498,232.6836407
657750,5.913999977,0.123376496,232.6865942
658000,5.923999958,0.123522497,232.7147461
658250,6.545999985,0.123300496,232.6847314
658500,5.815999889,0.123549497,232.7083948
658750,6.079999905,0.123111498,232.7099707
659000,6.498999977,0.123512497,232.7272668
659250,5.719999905,0.123351496,232.740683
659500,6.210999908,0.123205497,232.7090747
659750,6.395999947,0.123480997,232.6934656
660000,5.373999939,0.123404996,232.7297845
660250,5.88699995,0.123218996,232.7148889
660500,5.961999893,0.123099995,232.7249292
660750,6.625999928,0.123266997,232.717619
661000,5.761999855,0.123282996,232.7012573
661250,6.103999863,0.123627998,232.7243793
661500,6.503999958,0.123640496,232.7144342
661750,5.687999878,0.123284497,232.734552
662000,6.199999886,0.123489996,232.7245544
662250,6.446999931,0.123746495,232.696676
662500,5.65599987,0.123594998,232.6891113
662750,6.363999882,0.123241997,232.6958667
663000,6.29899992,0.123296998,232.701778
663250,5.691999874,0.123812494,232.6993219
663500,6.477999897,0.123627997,232.7017212
663750,6.162999897,0.123210497,232.7254187
664000,6.162999897,0.123210497,232.7254187
664250,5.690999889,0.123367997,232.687937
664500,5.579999981,0.123664498,232.7175842
664750,6.193999901,0.123250997,232.6999731
665000,6.469999962,0.123117996,232.7224426
665250,5.598999939,0.123418996,232.6989618
665500,6.314999943,0.123311997,232.736275
665750,6.294999962,0.123455997,232.7009851
666000,5.623999939,0.123699997,232.73461
666250,6.438999977,0.123443497,232.7082336
666500,6.158999939,0.123119996,232.7097223
666750,5.665999947,0.122892998,232.6905072
667000,6.536999989,0.123279996,232.7180035
667250,6.05899992,0.123863995,232.7362183
667500,5.777999935,0.123542497,232.7094897
667750,6.595,0.123686497,232.7203308
668000,5.894999886,0.123588497,232.7204285
668250,5.915999928,0.123726997,232.7099146
668500,6.571999989,0.123308996,232.709176
668750,5.775999908,0.123226496,232.6917542
669000,6.051999912,0.123632497,232.7235706
669250,6.537999973,0.123568998,232.6989874
669500,5.312999935,0.123240497,232.7098987
669750,6.032999954,0.123467997,232.7069147
670000,6.974999905,0.123265496,232.6991687
670250,5.363999958,0.123003497,232.6927704
670500,5.363999958,0.123003497,232.6927704
670750,5.895999966,0.123482497,232.7233954
671000,5.894999924,0.123514998,232.7127966
671250,6.565999985,0.123462497,232.7312189
671500,5.78599987,0.123109996,232.6938336
671750,6.02899992,0.123461497,232.7154736
672000,6.55199995,0.123450995,232.700899
672250,5.712999897,0.123426495,232.7218524
672500,6.198999977,0.123522998,232.7018823
672750,6.483999939,0.123152997,232.6768665
673000,5.654999924,0.123575497,232.7044171
673250,6.322999916,0.123443495,232.7207135
673500,6.345999947,0.123627996,232.6738971
673750,5.679999924,0.123450498,232.7062811
674000,6.44199995,0.123326997,232.7286023
674250,6.208999939,0.123443997,232.718891
674500,5.713999939,0.123597997,232.7309039
674750,6.539999962,0.123641997,232.703266
675000,6.074999924,0.123054998,232.7211292
675250,5.781999931,0.123587998,232.6914099
675500,6.618999996,0.123181496,232.6639612
675750,5.945999889,0.123265496,232.6764905
676000,5.919999924,0.123617496,232.7180743
676250,5.371999989,0.123545997,232.7052393
676500,6.403000011,0.123972997,232.6967133
676750,6.168999958,0.123270996,232.6895862
677000,6.168999958,0.123270996,232.6895862
677250,5.637999973,0.123264996,232.6715393
677500,6.507999992,0.123375497,232.7059882
677750,6.04899992,0.123050999,232.734259
678000,5.758999977,0.123479498,232.7198578
678250,6.588000031,0.123577997,232.7148254
678500,5.916999893,0.123449496,232.7026074
678750,5.892999935,0.123287997,232.7093469
679000,6.562999992,0.123100996,232.7017786
679250,5.792999897,0.123078996,232.7005786
679500,6.027999916,0.123630997,232.709682
679750,6.595999966,0.123460998,232.6986902
680000,5.295999947,0.123662998,232.7099872
680250,6.028999996,0.123292497,232.732608
680500,6.974999905,0.123393996,232.7117377
680750,5.349999943,0.124071496,232.7101849
681000,5.908999977,0.123267997,232.7079321
681250,5.874999924,0.123331495,232.7110992
681500,6.562999992,0.123689997,232.7176367
681750,5.795999889,0.123387497,232.7121991
682000,6.011999912,0.123421497,232.7156268
682250,6.524999981,0.123179497,232.7118427
682500,5.698999901,0.123551997,232.7312744
682750,6.147999916,0.123342998,232.7480756
683000,6.460999947,0.123220995,232.7074762
683250,5.61899992,0.123315996,232.7195459
683500,5.61899992,0.123315996,232.7195459
683750,6.275999928,0.123352996,232.7228284
684000,6.322999954,0.123491497,232.7165216
684250,5.599999924,0.123559998,232.7109692
684500,6.403999977,0.123695499,232.7147302
684750,6.218999958,0.123147996,232.6839142
685000,5.606999969,0.123476499,232.7124841
685250,5.658999996,0.123492997,232.7246259
685500,6.149999962,0.123279998,232.7370795
685750,6.512999973,0.123267496,232.735144
686000,5.587999973,0.123536998,232.7130603
686250,6.265,0.123628996,232.7172009
686500,6.308999996,0.123686996,232.685332
686750,5.637000008,0.123735496,232.6827539
687000,6.385000019,0.123553497,232.6827545
687250,5.25,0.123330498,232.7351062
687500,6.516999989,0.123670497,232.7114746
687750,5.70899992,0.123569496,232.7211462
688000,6.122999954,0.123561997,232.7154993
688250,6.448999958,0.123319497,232.6955127
688500,5.672999954,0.123329997,232.7283215
688750,6.322999916,0.123244497,232.7262183
689000,6.363999977,0.123587994,232.6977435
689250,5.618999977,0.123478498,232.6977051
689500,6.368000011,0.123657997,232.6994891
689750,6.230999966,0.123439997,232.7229205
690000,6.230999966,0.123439997,232.7229205
690250,5.695999928,0.123535497,232.7179999
690500,6.458999996,0.123470998,232.7088196
690750,6.077999916,0.123613497,232.7014252
691000,5.693999958,0.123814996,232.7235059
691250,6.626000023,0.123673998,232.7320325
691500,5.261999912,0.123434998,232.7056097
691750,6.392999954,0.123641997,232.7188635
692000,5.581999931,0.123856997,232.7033929
692250,6.385999985,0.123431999,232.7119312
692500,6.258999977,0.123465996,232.718681
692750,5.615999947,0.123317996,232.7175708
693000,6.512999992,0.123218997,232.6880914
693250,6.125999928,0.123351996,232.7145459
693500,5.71699995,0.123151996,232.746001
693750,6.575,0.122963497,232.7384753
694000,5.989999886,0.123382497,232.7168829
694250,5.874999924,0.123616997,232.6946741
694500,5.432999992,0.123479498,232.6955554
694750,6.430999947,0.123612497,232.7155316
695000,6.230999966,0.123663997,232.6979938
695250,5.634999943,0.123088997,232.7530908
695500,6.541999931,0.123456997,232.7042358
695750,6.097999897,0.123568496,232.7109943
696000,5.689999924,0.123649495,232.7186981
696250,6.619999924,0.123694997,232.7030896
696500,6.619999924,0.123694997,232.7030896
696750,5.966999855,0.123530996,232.7253137
697000,5.827999916,0.123731499,232.7112427
697250,6.591000004,0.123919499,232.7119202
697500,5.856999855,0.123859498,232.7415649
697750,6.029999886,0.123363996,232.7440326
698000,6.538999958,0.123360994,232.7316821
698250,5.728999844,0.123761997,232.6982916
698500,6.171999855,0.123383497,232.7215186
698750,6.523999939,0.123354997,232.7390662
699000,5.649999866,0.123421496,232.6941949
699250,6.299999866,0.123336995,232.7464978
699500,6.377999935,0.123352498,232.7410168
699750,5.637999897,0.123515996,232.715835
700000,6.389999924,0.123591997,232.6946497
700250,6.240999928,0.123538998,232.718233
700500,5.671999912,0.123540497,232.685802
700750,6.498999939,0.123524497,232.7098022
701000,5.253999958,0.123223998,232.6779218
701250,6.50199995,0.123390495,232.6949152
701500,5.629999924,0.123582498,232.6877539
701750,6.249999943,0.123543996,232.7117383
702000,6.363999958,0.123516496,232.701098
702250,5.641999931,0.123738496,232.733938
702500,6.378999958,0.123493498,232.7048578
702750,6.22699995,0.123375996,232.7177692
703000,6.22699995,0.123375996,232.7177692
703250,5.640999947,0.123439497,232.7367627
703500,6.452000008,0.123240996,232.7043207
703750,6.098999958,0.123199998,232.7248102
704000,5.689999981,0.123657998,232.6839862
704250,6.556000061,0.123424495,232.7166815
704500,5.257999935,0.123042997,232.7096649
704750,6.400999966,0.122959497,232.717226
705000,6.765999985,0.122978997,232.7268884
705250,5.265999889,0.122856997,232.7041052
705500,6.262999973,0.123180497,232.7048828
705750,5.665999966,0.123592497,232.6878357
706000,6.481999989,0.123423996,232.6947955
706250,6.12699995,0.122959998,232.7149243
706500,5.733999958,0.123560997,232.7128015
706750,6.556999989,0.123692997,232.7112677
707000,5.994999924,0.123376496,232.7239386
707250,5.832999916,0.123311498,232.7166528
707500,5.449999981,0.123350496,232.7199805
707750,6.354999943,0.123864998,232.7136444
708000,6.249999943,0.123783994,232.7342987
708250,5.669999924,0.123121497,232.7331299
708500,6.471999989,0.123408497,232.7070117
708750,6.115999928,0.123413495,232.7087836
709000,5.685999947,0.123486997,232.7184027
709250,6.57,0.124080996,232.7017371
709500,6.57,0.124080996,232.7017371
709750,5.981999912,0.123449998,232.7267456
710000,5.823999939,0.123659998,232.7353558
710250,6.593000011,0.123302996,232.7172266
710500,5.852999878,0.123340997,232.7091309
710750,5.961999931,0.123459996,232.7140576
711000,6.558999996,0.123510998,232.6868976
711250,5.742999897,0.123716997,232.6960895
711500,6.097999916,0.123657497,232.7071375
711750,6.490999966,0.123356498,232.6830823
712000,5.66399992,0.123312999,232.7139282
712250,6.229999924,0.123306997,232.6876184
712500,6.387999954,0.123648997,232.7110828
712750,5.409999962,0.123283497,232.7165283
713000,5.851000004,0.123186997,232.6841614
713250,5.973999939,0.123133997,232.7092242
713500,6.589999981,0.123393497,232.6859369
713750,5.752999935,0.123364498,232.7025299
714000,6.10099987,0.123679496,232.6948651
714250,6.572999935,0.123216,232.7159534
714500,5.654999943,0.123290997,232.6957965
714750,6.242999954,0.123722997,232.7191302
715000,6.400999966,0.123368497,232.7043384
715250,5.623999882,0.123943499,232.6985626
715500,6.372999973,0.123431996,232.7059753
715750,5.299999714,0.123487495,232.7093964
716000,5.299999714,0.123487495,232.7093964
716250,6.526999969,0.123954997,232.6943634
716500,5.769999905,0.123614995,232.6863867
716750,6.089999924,0.123510997,232.7201398
717000,6.553999939,0.123356995,232.7077313
717250,5.679999924,0.123639499,232.7287567
717500,6.255999928,0.123617996,232.6910095
717750,6.424999962,0.123646497,232.7137537
718000,5.634999962,0.123405998,232.7010669
718250,6.346999969,0.123272997,232.7197632
718500,5.25,0.123042496,232.7249927
718750,6.565000019,0.123387998,232.70409
719000,5.722999954,0.123332498,232.7009363
719250,6.082999954,0.123209996,232.705498
719500,6.513999996,0.123494497,232.6722675
719750,5.67199995,0.123357997,232.7080573
720000,6.206999989,0.123379497,232.6818488
720250,6.410999985,0.123779498,232.6883374
720500,5.603999996,0.123432498,232.7082977
720750,6.336000004,0.123504996,232.7194257
721000,6.240999985,0.123366497,232.7041064
721250,5.584000015,0.123102497,232.701225
721500,6.44800005,0.123390497,232.7356921
721750,6.137999992,0.123435499,232.7049567
722000,5.652000008,0.123229496,232.7069281
722250,5.616000004,0.123103998,232.7046576
722500,5.616000004,0.123103998,232.7046576
722750,6.969999924,0.123297998,232.7333228
723000,5.79,0.123470498,232.7226898
723250,6.615,0.123870495,232.7181873
723500,5.264999886,0.123507496,232.6916107
723750,6.280999947,0.123522497,232.7427795
724000,5.674999943,0.123330498,232.7253937
724250,6.483999977,0.123382496,232.7209937
724500,6.162999954,0.123115496,232.6985223
724750,5.725999947,0.123675497,232.7042261
725000,6.507000008,0.123423997,232.7460815
725250,6.012999897,0.123418996,232.7316931
725500,5.828999939,0.123202997,232.7056
725750,6.634999981,0.123726498,232.7102173
726000,5.92099987,0.123114997,232.7116913
726250,5.96599987,0.123111496,232.741416
726500,5.336999989,0.123251999,232.6956506
726750,6.445999966,0.123502495,232.7212787
727000,6.116999931,0.123487497,232.7079681
727250,5.674999943,0.123169498,232.7562079
727500,6.563000011,0.123505496,232.7225793
727750,6.02399992,0.123351499,232.6911627
728000,5.777999935,0.123156498,232.7136078
728250,6.621000023,0.123007998,232.7075037
728500,5.894999886,0.123480496,232.7577484
728750,5.917999935,0.123752996,232.7170441
729000,5.917999935,0.123752996,232.7170441
729250,6.569999981,0.123704996,232.7226837
729500,5.777999916,0.123395997,232.7015283
729750,6.05399992,0.123497497,232.7053235
730000,5.285,0.123198497,232.69638
730250,6.546000023,0.123274497,232.7073413
730500,6.038999977,0.122956498,232.7078754
730750,5.781999931,0.123175997,232.7208038
731000,6.58300005,0.123394496,232.7160352
731250,5.927999916,0.123209497,232.7049219
731500,5.919999924,0.123047497,232.7071863
731750,6.62,0.123358995,232.7110986
732000,5.804999905,0.122991994,232.7135132
732250,6.059999943,0.123301997,232.7098346
732500,6.569999962,0.122972496,232.7491455
732750,5.716999931,0.123444999,232.7082275
733000,6.197000008,0.123637996,232.7446979
733250,6.449999962,0.123017497,232.7295703
733500,5.637999935,0.123263496,232.7148126
733750,6.32699995,0.123500997,232.6969476
734000,6.327999973,0.123769998,232.7245319
734250,5.509999981,0.123307496,232.7452673
734500,5.752000008,0.123414997,232.7471533
734750,6.033999958,0.123276497,232.70177
735000,6.507000008,0.123418995,232.7039374
735250,5.685999947,0.124034498,232.7026196
735500,5.685999947,0.124034498,232.7026196
735750,6.166999969,0.123585,232.7421442
736000,6.438999977,0.123730997,232.7466022
736250,5.622999954,0.123686997,232.7432806
736500,6.276999931,0.123709496,232.7086884
736750,6.322999954,0.123183998,232.7376172
737000,5.617999935,0.123500496,232.728194
737250,6.395999966,0.123733497,232.7404419
737500,6.182999935,0.123248498,232.7078979
737750,5.65199995,0.123536498,232.7447144
738000,6.521999989,0.123583496,232.7246643
738250,5.255999947,0.123530997,232.7471399
738500,6.470999947,0.123444498,232.7185699
738750,5.636999912,0.123629497,232.7110168
739000,6.30399992,0.123658998,232.7274329
739250,6.331999969,0.123831495,232.7247296
739500,5.648999958,0.123428496,232.7003217
739750,6.431999989,0.123680998,232.6952264
740000,6.21199995,0.123780996,232.7235065
740250,5.695999928,0.123514497,232.7324896
740500,6.53,0.123561998,232.687356
740750,6.059999943,0.123463498,232.7215198
741000,5.76399992,0.123508499,232.7114423
741250,6.605999985,0.123675996,232.7370001
741500,5.931999893,0.123240498,232.6917865
741750,5.905999947,0.123601497,232.7071472
742000,5.905999947,0.123601497,232.7071472
742250,5.388999977,0.123743996,232.7261224
742500,6.416999969,0.123822995,232.7311603
742750,6.186999931,0.123166999,232.7213397
743000,5.633999939,0.123289997,232.7249292
743250,6.525999985,0.123512996,232.7195532
743500,6.04899992,0.123620998,232.7287616
743750,5.736999931,0.123716498,232.706347
744000,6.584000015,0.123754496,232.692002
744250,5.919999886,0.123585997,232.6908978
744500,5.856999912,0.123352997,232.724754
744750,6.576000004,0.123583499,232.7062494
745000,5.790999889,0.123348995,232.7173859
745250,5.995999908,0.123125497,232.7062567
745500,6.507999973,0.123032998,232.7196246
745750,5.307999916,0.123332998,232.7118024
746000,6.055999985,0.123220496,232.7088019
746250,5.767999954,0.123031498,232.7088116
746500,6.623999958,0.123283998,232.747088
746750,5.964999886,0.123658997,232.7046649
747000,5.905999947,0.123190997,232.7236914
747250,6.608999958,0.123290995,232.726803
747500,5.855999908,0.123246496,232.7365961
747750,6.005999966,0.123626997,232.7254742
748000,6.548000011,0.123479496,232.7410577
748250,5.71199995,0.123858497,232.7125763
748500,5.71199995,0.123858497,232.7125763
748750,6.175999947,0.123466997,232.7280182
749000,5.25,0.123406996,232.7338037
749250,6.575,0.123383497,232.7438629
749500,5.922999878,0.122959497,232.7054358
749750,5.848999939,0.123020499,232.7033575
750000,6.613000011,0.123538996,232.6993945
750250,5.82899992,0.123423497,232.705274
750500,6.017999935,0.123279496,232.7171387
750750,6.552999973,0.123271998,232.7702588
751000,5.727999916,0.123350997,232.6971405
751250,6.152999935,0.123110496,232.7096564
751500,6.50199995,0.122755996,232.7000024
751750,5.627999935,0.123685498,232.6980664
752000,6.216999969,0.123270497,232.6897534
752250,6.373999977,0.123390996,232.706673
752500,5.580999985,0.123346495,232.6910797
752750,6.342999992,0.123632996,232.7226904
753000,5.250999985,0.123303498,232.6945367
753250,6.586999989,0.123415996,232.7242401
753500,5.72899992,0.123251496,232.6892578
753750,6.13,0.123392996,232.71177
754000,6.550999966,0.123280998,232.7080505
754250,5.656000004,0.123016995,232.7194257
754500,6.265999985,0.123196997,232.7133722
754750,6.414999943,0.123268498,232.7130322
755000,6.414999943,0.123268498,232.7130322
755250,5.43699995,0.122809497,232.685993
755500,5.823000011,0.123267498,232.7412488
755750,5.947999954,0.123458498,232.6755768
756000,6.562999992,0.123395998,232.6926093
756250,5.724999943,0.123163497,232.6666559
756500,6.082999954,0.123464497,232.7316815
756750,6.476999989,0.123358996,232.7079083
757000,5.638999958,0.123075497,232.6788019
757250,6.214999962,0.123772496,232.6920471
757500,6.373999977,0.123636496,232.7038892
757750,5.395999985,0.123448999,232.6891895
758000,5.864999981,0.123264996,232.6936957
758250,5.987999916,0.123294497,232.6980011
758500,6.586999989,0.123851497,232.7056354
758750,5.770999966,0.123707498,232.716792
759000,6.121999931,0.123501996,232.6934338
759250,6.552999935,0.123337497,232.7058331
759500,5.681999912,0.123134495,232.6790588
759750,6.257999916,0.123397996,232.7282416
760000,6.414999943,0.123641498,232.7060645
760250,5.662999916,0.123569998,232.6968811
760500,6.382999935,0.123317498,232.7221234
760750,6.27699995,0.122734998,232.697951
761000,5.696999931,0.122672496,232.7107214
761250,6.492999954,0.123245496,232.7181201
761500,6.492999954,0.123245496,232.7181201
761750,5.252999973,0.123543497,232.7029883
762000,6.476999989,0.123585997,232.6954669
762250,5.63699995,0.123733497,232.7219379
762500,6.214999962,0.123604499,232.7057776
762750,6.373999977,0.123117997,232.7127155
763000,5.578999977,0.123283495,232.7203546
763250,6.342999992,0.123381996,232.7072003
763500,6.236999969,0.123454498,232.7029053
763750,5.603999977,0.122906496,232.7050098
764000,6.462000027,0.123155497,232.7351208
764250,5.252999954,0.123425997,232.7086035
764500,6.552999935,0.123356497,232.7095135
764750,5.681999912,0.123599998,232.716347
765000,6.257999916,0.123506997,232.6951062
765250,6.414999943,0.123690997,232.6854279
765500,5.662999916,0.123893996,232.6931213
765750,6.382999935,0.123249497,232.6826746
766000,6.27699995,0.122979996,232.6929462
766250,5.696999931,0.122792496,232.6853473
766500,6.49199995,0.122834998,232.6930817
766750,6.141999931,0.123360495,232.6843787
767000,5.712999935,0.123372496,232.7093719
767250,5.558999996,0.123495497,232.7372418
767500,6.214999962,0.123300998,232.7123126
767750,6.373999977,0.123317496,232.6904547
768000,6.373999977,0.123317496,232.6904547
768250,5.578999977,0.123164497,232.6825934
768500,6.342999992,0.123356996,232.6809766
768750,6.236999969,0.123432498,232.6957202
769000,5.603999977,0.123604997,232.7068182
769250,6.457999992,0.123643498,232.7033051
769500,6.11899992,0.123481497,232.6743549
769750,5.667999935,0.123357497,232.6953796
770000,6.556999989,0.123272497,232.6854956
770250,5.984999905,0.123378498,232.7112262
770500,5.805999928,0.123555497,232.7177704
770750,5.475999966,0.123534997,232.7009857
771000,6.36899992,0.123369996,232.6928015
771250,6.280999947,0.123301997,232.700697
771500,5.67899992,0.122789996,232.6860101
771750,6.478999939,0.123164498,232.6857886
772000,6.144999924,0.123732498,232.6830963
772250,5.729999924,0.123638496,232.6915771
772500,6.574999962,0.123755997,232.686322
772750,6.012999897,0.123209497,232.6874091
773000,5.832999916,0.122970494,232.7101135
773250,6.632999973,0.123126997,232.7251849
773500,5.269999924,0.123116997,232.6919354
773750,6.294999962,0.123477998,232.7239374
774000,5.625999947,0.123260497,232.7334821
774250,6.465,0.123072995,232.7006757
774500,6.465,0.123072995,232.7006757
774750,6.15199995,0.123096997,232.7066016
775000,5.710999966,0.123513497,232.7329938
775250,6.563000011,0.123439498,232.7199054
775500,6.017999935,0.123092998,232.7248083
775750,5.81199995,0.123043497,232.7115619
776000,6.552000008,0.123347997,232.7392999
776250,5.895999928,0.123496495,232.6868213
776500,5.914999981,0.123552996,232.7122638
776750,5.39,0.123262997,232.7015454
777000,6.44800005,0.123183997,232.7384521
777250,6.172999992,0.123652498,232.7193164
777500,5.722000008,0.123620997,232.7300879
777750,6.529000072,0.123342997,232.7168976
778000,6.038999977,0.123233499,232.7214252
778250,5.79,0.123571999,232.7116016
778500,6.58300005,0.123122998,232.6953137
778750,5.913999977,0.123383498,232.7139539
779000,5.927999992,0.123274497,232.7220337
779250,6.602000027,0.123372996,232.6929865
779500,5.795999985,0.123279997,232.7333966
779750,6.062999992,0.123390497,232.710752
780000,6.551000004,0.123322498,232.6991638
780250,5.686999989,0.123166997,232.7180603
780500,6.197000008,0.123415998,232.7352179
780750,6.46199995,0.123525497,232.7322247
781000,6.46199995,0.123525497,232.7322247
781250,5.373999958,0.123261497,232.7180902
781500,5.868999977,0.122800497,232.7232281
781750,5.969999905,0.122816997,232.6933075
782000,6.54,0.122803497,232.7073218
782250,5.765999889,0.123409498,232.7074329
782500,6.105999889,0.123499496,232.7248572
782750,6.488999977,0.123195996,232.7410321
783000,5.66399992,0.123623997,232.7195038
783250,6.165999966,0.123309997,232.7331805
783500,6.436999969,0.122991498,232.7373602
783750,5.666999874,0.123515998,232.716673
784000,6.319999943,0.123632497,232.7169934
784250,6.318999958,0.123487996,232.7128339
784500,5.523000011,0.123061497,232.731084
784750,5.775999985,0.122948498,232.7224414
785000,6.972999897,0.123114497,232.7031549
785250,5.620999985,0.122910998,232.7288428
785500,5.579999981,0.123359497,232.6993134
785750,6.173999939,0.123281994,232.7300989
786000,6.465999947,0.123154498,232.7252832
786250,5.555999928,0.123503499,232.7197394
786500,6.321999931,0.123565497,232.7239374
786750,6.257999954,0.123307997,232.7500836
787000,5.59699995,0.123202997,232.6936273
787250,6.431999989,0.123234997,232.7468243
787500,6.431999989,0.123234997,232.7468243
787750,5.250999985,0.123208998,232.7125641
788000,6.549999943,0.123424996,232.7342371
788250,5.687999878,0.123364997,232.7050421
788500,6.200999889,0.123397497,232.7190656
788750,6.446999931,0.123655998,232.7230341
789000,5.664999905,0.123355496,232.7279272
789250,6.322999916,0.123329497,232.7532184
789500,6.327999973,0.123401496,232.7131494
789750,5.683999958,0.123555997,232.7281543
790000,6.445,0.123355497,232.7262573
790250,6.194999962,0.123360997,232.7280115
790500,5.699999962,0.123201995,232.692569
790750,6.525999985,0.123228996,232.7268158
791000,5.254999943,0.122932498,232.7069995
791250,6.483999939,0.123374996,232.7356085
791500,5.654999924,0.123471496,232.7052106
791750,6.322999916,0.123293995,232.6991064
792000,6.345999947,0.123610997,232.7002966
792250,5.679999924,0.123356498,232.7366431
792500,6.445999985,0.123215497,232.7316418
792750,6.190999966,0.123528997,232.7119629
793000,5.647999973,0.123340996,232.7018646
793250,5.623999996,0.123449497,232.7275159
793500,6.149999962,0.123674998,232.7445789
793750,6.438999977,0.123357996,232.7430273
794000,6.438999977,0.123357996,232.7430273
794250,5.606999969,0.123214496,232.7007227
794500,6.278999977,0.123025497,232.7119763
794750,6.300999985,0.123068998,232.701333
795000,5.586999969,0.123150497,232.7313531
795250,6.399000015,0.123289496,232.7271143
795500,5.251999969,0.123387995,232.6957861
795750,6.585999966,0.123340996,232.7142261
796000,5.699999943,0.123302497,232.6978973
796250,6.193999958,0.123348496,232.731897
796500,6.482999954,0.123154497,232.7182898
796750,5.641999969,0.123103497,232.7329694
797000,6.308999939,0.122851997,232.706626
797250,6.331999969,0.123464998,232.7292822
797500,5.648999958,0.123590997,232.7354907
797750,6.431999989,0.122986993,232.7076843
798000,5.250999985,0.123152997,232.7188605
798250,6.58699995,0.123695498,232.700827
798500,5.712999897,0.123562497,232.7066016
798750,6.190999908,0.123485996,232.7210834
799000,6.483999939,0.123226498,232.712276
799250,5.654999924,0.123397496,232.7240326
799500,6.322999916,0.123246996,232.7178021
799750,6.345999947,0.123298996,232.7036346
800000,5.505999947,0.123148495,232.7047626
800250,5.756000004,0.123145497,232.7176593
800500,5.756000004,0.123145497,232.7176593
800750,6.015999947,0.123514997,232.7282019
801000,6.511000004,0.123086497,232.7143219
801250,5.693999901,0.123312998,232.6978278
801500,6.164999924,0.123030998,232.7170581
801750,6.45699995,0.123204498,232.7057672
802000,5.61899992,0.123100997,232.709563
802250,6.276999931,0.123779996,232.7124506
802500,6.318999958,0.123840495,232.7224493
802750,5.615999928,0.123395997,232.7064258
803000,6.411999969,0.123323497,232.7265637
803250,6.190999928,0.123243497,232.7140167
803500,5.65199995,0.123284996,232.7293921
803750,6.521999989,0.122948997,232.7253729
804000,6.04899992,0.123208995,232.7160284
804250,5.720999928,0.123261998,232.7217053
804500,5.519999981,0.123034497,232.7444177
804750,6.307999954,0.123381998,232.731192
805000,6.367999916,0.123185994,232.7369232
805250,5.682999935,0.123229998,232.7522534
805500,6.431999989,0.122932498,232.7070563
805750,6.228999939,0.123043499,232.7076343
806000,5.691999893,0.123298,232.724364
806250,6.523999901,0.123391997,232.7323151
806500,6.105999908,0.123710996,232.7297473
806750,5.730999985,0.123820497,232.7145074
807000,5.730999985,0.123820497,232.7145074
807250,5.545999985,0.123358998,232.6959857
807500,6.252999935,0.123075497,232.7105579
807750,6.363999958,0.123158497,232.6989093
808000,5.606999931,0.123081997,232.7552875
808250,6.404999981,0.123588997,232.7193628
808500,6.22699995,0.123315997,232.7289673
808750,5.674999962,0.123275498,232.7154901
809000,6.515,0.123311998,232.7127472
809250,6.090999928,0.123452997,232.7144586
809500,5.744999962,0.123597997,232.6864813
809750,6.560000019,0.123729997,232.6958185
810000,5.25899992,0.123772997,232.7183698
810250,6.343999958,0.123715496,232.7144415
810500,5.645999966,0.123375498,232.7068042
810750,6.387999954,0.123478997,232.7098395
811000,6.204999981,0.123263496,232.7259369
811250,5.654999924,0.123246998,232.6922656
811500,6.507000008,0.123348995,232.6873938
811750,6.069999962,0.123612997,232.7127203
812000,5.730999985,0.123705497,232.7388428
812250,6.559000015,0.123535998,232.7278168
812500,5.971999912,0.123398495,232.732851
812750,5.860999908,0.123092497,232.7301227
813000,5.423999977,0.123344998,232.7030023
813250,6.370999966,0.122826498,232.7393451
813500,6.370999966,0.122826498,232.7393451
813750,6.228999977,0.123264997,232.7021625
814000,5.603999977,0.123138497,232.7489313
814250,6.454000034,0.123371997,232.7224731
814500,6.094999962,0.123234996,232.7217865
814750,5.705999985,0.123780997,232.7029144
815000,6.569000072,0.123317498,232.7077637
815250,5.960999947,0.123449495,232.716756
815500,5.843999977,0.123356998,232.7352484
815750,6.596000042,0.123094997,232.7183563
816000,5.270999928,0.123393995,232.7183478
816250,6.241999989,0.123075497,232.7076025
816500,6.869999962,0.123111497,232.6906262
816750,5.733999939,0.123091997,232.7029059
817000,6.083999958,0.123246496,232.6953937
817250,5.285,0.123625498,232.7219385
817500,6.574000034,0.123075997,232.7291461
817750,5.992999916,0.123371496,232.7026184
818000,5.850999928,0.123480997,232.7335974
818250,6.645,0.123089496,232.693515
818500,5.863999901,0.123260995,232.7232251
818750,5.99199995,0.123876996,232.7246271
819000,6.619999981,0.123509997,232.7351929
819250,5.753999939,0.123096998,232.7207922
819500,6.108999939,0.123199998,232.7234985
819750,5.25,0.123384497,232.7075946
820000,5.25,0.123384497,232.7075946
820250,6.57,0.123624997,232.7167761
820500,5.981999912,0.123539997,232.7232104
820750,5.823999939,0.123106995,232.7360266
821000,6.593000011,0.123128496,232.7266095
821250,5.852999878,0.123616496,232.7041858
821500,5.944999924,0.123834998,232.7184485
821750,6.541999989,0.123165999,232.6973444
822000,5.289999905,0.122793996,232.7180505
822250,6.124999981,0.123259995,232.7400653
822500,5.733999958,0.123416997,232.7111316
822750,6.578000011,0.123405997,232.7014197
823000,5.994999924,0.123643997,232.7045471
823250,5.83699995,0.123434998,232.7015155
823500,6.580000019,0.123424996,232.6859875
823750,5.26899992,0.123538499,232.6935938
824000,6.277999954,0.123230996,232.7045386
824250,5.692999954,0.123273496,232.7136969
824500,6.418000011,0.123330998,232.713338
824750,6.159999962,0.123501498,232.7421051
825000,5.729999924,0.123183999,232.7528021
825250,6.562000008,0.123173997,232.7424896
825500,6.028999901,0.123090499,232.7192755
825750,5.828999882,0.123589995,232.7332031
826000,6.616999969,0.123646495,232.7245923
826250,5.875999908,0.123391997,232.7172198
826500,5.875999908,0.123391997,232.7172198
826750,5.96599987,0.123609996,232.7278351
827000,6.59199995,0.123446497,232.6933698
827250,5.285999947,0.123303997,232.7058594
827500,6.111999969,0.123044996,232.7142651
827750,5.683999939,0.123169496,232.7335858
828000,6.577999992,0.123385496,232.7294739
828250,5.981999912,0.122952998,232.7140826
828500,5.821999931,0.123173995,232.7303857
828750,5.467999992,0.123226497,232.747384
829000,6.336000004,0.123480498,232.7081213
829250,6.272999992,0.123711497,232.7245148
829500,5.584000015,0.123340497,232.6922522
829750,6.458999977,0.123613497,232.7242511
830000,6.11899992,0.123172998,232.7016357
830250,5.667999935,0.123569998,232.7016907
830500,6.556999989,0.123579997,232.7026917
830750,5.256999931,0.123022998,232.7089453
831000,6.454999943,0.123258999,232.7181134
831250,5.666999874,0.123742498,232.7159906
831500,6.336000004,0.123226997,232.7021234
831750,6.308999939,0.123318997,232.7432745
832000,5.654999905,0.123557498,232.7149084
832250,6.448999939,0.123420496,232.6998175
832500,6.172999916,0.123549996,232.7095215
832750,5.68899992,0.123334496,232.7015717
833000,5.68899992,0.123334496,232.7015717
833250,6.54699995,0.123151495,232.735177
833500,6.038999901,0.123151498,232.7508398
833750,5.791999912,0.123058496,232.6986664
834000,6.625999985,0.123213496,232.7153937
834250,5.907999878,0.123064997,232.7230017
834500,5.927999992,0.123213496,232.73185
834750,6.636000004,0.123278498,232.7349768
835000,5.282999973,0.123149996,232.7264819
835250,6.158999996,0.123558499,232.7030682
835500,5.655999985,0.123398998,232.692937
835750,6.525000038,0.123735497,232.6924487
836000,6.029999943,0.123653997,232.7075708
836250,5.758999977,0.123269498,232.6833612
836500,6.58300005,0.123402997,232.6833533
836750,5.897999916,0.123242498,232.7078668
837000,5.896999969,0.123298496,232.7149164
837250,6.562000027,0.123129498,232.6972266
837500,5.277999935,0.123076998,232.7028522
837750,6.206999969,0.123381498,232.6893121
838000,5.713999939,0.123739499,232.7167944
838250,6.526000004,0.123609496,232.7020331
838500,6.059999943,0.123134997,232.7122473
838750,5.767999954,0.123148995,232.7221954
839000,6.588000011,0.123270997,232.7337866
839250,5.930999908,0.123461496,232.7106512
839500,5.930999908,0.123461496,232.7106512
839750,5.901999912,0.123367995,232.6918182
840000,6.607999973,0.123288996,232.6986963
840250,5.82899992,0.123184498,232.7048334
840500,6.041999931,0.123860996,232.73797
840750,5.285,0.123762498,232.7003528
841000,6.521999989,0.123583997,232.7252325
841250,6.052999916,0.123527496,232.7098584
841500,5.754999943,0.123365996,232.6966431
841750,6.601000023,0.123370997,232.6808398
842000,5.916999893,0.123517997,232.7038733
842250,5.875999928,0.123347996,232.715354
842500,5.406999989,0.123237,232.7119067
842750,6.431999989,0.123599496,232.7194025
843000,6.194999962,0.123518997,232.7160028
843250,5.699999962,0.123537995,232.7608673
843500,6.525999966,0.123230996,232.7244592
843750,6.060999928,0.123283499,232.7492004
844000,5.767999954,0.123047496,232.7113464
844250,6.605,0.123251996,232.7322424
844500,5.947999897,0.123668997,232.7082434
844750,5.905999947,0.123273996,232.7104163
845000,5.388999977,0.123290495,232.7363031
845250,6.412999973,0.123882498,232.7451288
845500,6.182999935,0.123711999,232.7172156
845750,5.65199995,0.123517996,232.7154083
846000,5.65199995,0.123517996,232.7154083
846250,6.521999989,0.123913497,232.6984912
846500,6.04899992,0.123442498,232.7099939
846750,5.754999943,0.123602997,232.7045526
847000,6.592000027,0.122900997,232.7170874
847250,5.954999905,0.123187498,232.6875201
847500,5.882999954,0.123435996,232.7109625
847750,5.406999989,0.123366997,232.7282666
848000,6.396000023,0.123185498,232.7105457
848250,6.204999981,0.123182495,232.683017
848500,5.662999992,0.122898497,232.7127222
848750,6.505000038,0.123458997,232.7338513
849000,6.069999962,0.123166498,232.7036267
849250,5.739999981,0.123131996,232.7424811
849500,6.561000042,0.123123999,232.7236249
849750,5.260999908,0.123222997,232.6984979
850000,6.355999966,0.123465997,232.7015784
850250,5.677999935,0.123545497,232.7135883
850500,6.405999985,0.123326997,232.7114899
850750,6.218999958,0.123555497,232.710636
851000,5.676999969,0.123251998,232.6910742
851250,6.515,0.122978997,232.7299304
851500,6.084999943,0.123295498,232.7095123
851750,5.744999962,0.123314496,232.7279199
852000,6.592000027,0.123519996,232.7190411
852250,5.952999916,0.123196498,232.7028186
852500,5.952999916,0.123196498,232.7028186
852750,5.882999954,0.123506495,232.7298016
853000,5.371999989,0.123442997,232.7288684
853250,6.407000027,0.123558497,232.7292334
853500,6.166999989,0.123038998,232.7328979
853750,5.637999973,0.123731497,232.7296979
854000,6.49800005,0.123597496,232.7612103
854250,5.254999943,0.123358497,232.7423779
854500,6.450999966,0.123030498,232.7531708
854750,5.672999954,0.123199998,232.7494977
855000,6.318999939,0.123128495,232.7373846
855250,6.345999947,0.122941495,232.7267224
855500,5.679999924,0.122927996,232.7065948
855750,6.443999958,0.123215495,232.7093433
856000,6.212999935,0.123663497,232.7022491
856250,5.625999966,0.123215997,232.7610425
856500,6.528999958,0.123066496,232.7366888
856750,6.077999916,0.123364497,232.7343127
857000,5.759999943,0.123843998,232.7567908
857250,5.514999981,0.123120499,232.7339941
857500,6.25899992,0.123090497,232.7360925
857750,6.322999954,0.122647998,232.7386798
858000,5.599999924,0.123169497,232.7102216
858250,6.38199995,0.122965996,232.718584
858500,6.190999928,0.123493996,232.7044452
858750,5.615999928,0.123685498,232.7213232
859000,5.615999928,0.123685498,232.7213232
859250,6.495999966,0.123481498,232.732265
859500,5.253999939,0.123727498,232.7037506
859750,6.505999908,0.123549497,232.7219714
860000,5.649999866,0.123675997,232.7263464
860250,6.301999855,0.123268496,232.7214691
860500,6.367999916,0.123264996,232.7247949
860750,5.674999866,0.123572497,232.7149628
861000,6.425999889,0.123012497,232.7172894
861250,6.230999908,0.123253495,232.703819
861500,5.708999882,0.123549499,232.7084955
861750,6.523999901,0.123380998,232.7166913
862000,6.094999924,0.122907996,232.7240503
862250,5.765,0.122906996,232.7337219
862500,6.556000061,0.123220997,232.7046478
862750,5.258999939,0.123268996,232.7342023
863000,6.352999935,0.123202498,232.7344104
863250,5.674999866,0.123814996,232.7241766
863500,6.423999901,0.123223996,232.7277441
863750,6.240999928,0.123053995,232.7471124
864000,5.671999912,0.123539496,232.6972186
864250,6.507000008,0.122764996,232.7102728
864500,6.103999939,0.123047497,232.7401691
864750,5.722999916,0.123137498,232.6868738
865000,6.597000027,0.123634496,232.7241724
865250,5.973999882,0.123490496,232.7450909
865500,5.973999882,0.123490496,232.7450909
865750,5.858999996,0.122871998,232.7056177
866000,6.644000015,0.123128498,232.7081537
866250,5.797999954,0.122867996,232.7124042
866500,5.991999931,0.123328497,232.7324091
866750,6.585999966,0.123504997,232.7185748
867000,5.305999908,0.123453496,232.7020331
867250,6.10199995,0.123289997,232.6934521
867500,5.722999916,0.123089996,232.7026257
867750,6.594999962,0.123282496,232.7247626
868000,5.930999889,0.123006498,232.7063214
 , , , 
