Name,Out_Active_Power_Station_6,Out_Current_Station_6,Out_Voltage_Station_6
0,5.692999897,0.124062496,232.7132727
250,6.154999943,0.124522995,232.7048962
500,6.493999958,0.124410495,232.7205121
750,5.629999924,0.124470997,232.7175708
1000,6.284999943,0.124074497,232.7283142
1250,6.363999958,0.124347497,232.7030579
1500,6.800999966,0.124182996,232.6812756
1750,5.85399992,0.123935996,232.7054761
2000,5.85399992,0.123935996,232.7054761
2250,5.999999886,0.124185496,232.6982019
2500,6.581999989,0.123770997,232.7108014
2750,5.743999939,0.123704497,232.7017859
3000,6.131999912,0.124163996,232.7026337
3250,6.515999928,0.124085497,232.6947955
3500,5.690999908,0.124336496,232.7153137
3750,6.26199995,0.124279994,232.738775
4000,6.396999969,0.124070498,232.7190424
4250,6.748999977,0.124310496,232.7371564
4500,5.838999939,0.124025495,232.7267224
4750,5.965999966,0.123858996,232.714762
5000,6.524000015,0.124093997,232.7044336
5250,5.729999943,0.124190497,232.72625
5500,6.100999966,0.124345496,232.7107129
5750,6.472999992,0.124179497,232.6955133
6000,5.650999966,0.123921997,232.7008417
6250,6.965999928,0.124328497,232.7380017
6500,5.83699995,0.124242996,232.7063446
6750,6.632999973,0.124145497,232.696795
7000,5.870999928,0.124461997,232.6756348
7250,5.973999939,0.124478497,232.7048822
7500,6.589999981,0.124306997,232.72578
7750,5.752999935,0.123890499,232.6946246
8000,6.970999908,0.123764498,232.7144116
8250,5.720999928,0.124265996,232.7248578
8500,5.720999928,0.124265996,232.7248578
8750,6.596999989,0.123980994,232.7189935
9000,6.011999912,0.124194496,232.7045142
9250,5.850999928,0.124309997,232.7162579
9500,6.666000023,0.124377498,232.724364
9750,5.881999874,0.123955996,232.7400604
10000,5.987999916,0.124239496,232.7189789
10250,6.690999928,0.123715996,232.7066101
10500,6.490999947,0.124206997,232.7459961
10750,6.114999924,0.123822997,232.6941638
11000,5.684999943,0.124248995,232.7052252
11250,6.556999989,0.123954996,232.7350098
11500,5.984999905,0.124180997,232.7385144
11750,5.805999928,0.124598497,232.720321
12000,6.805999928,0.124452997,232.7077625
12250,6.379999866,0.124218997,232.6985693
12500,6.29899992,0.124188495,232.7033887
12750,5.691999874,0.124195998,232.728197
13000,6.477999897,0.124090995,232.7303302
13250,6.172999916,0.124498997,232.7215558
13500,5.68899992,0.124292997,232.749715
13750,6.555000019,0.124074495,232.7446259
14000,6.002999954,0.124120996,232.7173755
14250,6.974999905,0.124257498,232.7315167
14500,5.643999977,0.124023996,232.7058582
14750,6.310999947,0.124118498,232.7414246
15000,6.310999947,0.124118498,232.7414246
15250,6.294999962,0.124014498,232.7324329
15500,6.852999954,0.123784998,232.7399231
15750,5.793999939,0.124077997,232.7138025
16000,6.065999889,0.124221996,232.7185706
16250,6.549999943,0.124056996,232.7566345
16500,5.687999878,0.124600993,232.7149451
16750,6.190999908,0.124039997,232.7255927
17000,6.483999939,0.123758996,232.7177789
17250,5.654999924,0.123773995,232.7323071
17500,6.322999916,0.123681496,232.7228094
17750,6.354999962,0.124124496,232.7322797
18000,5.642999954,0.123973497,232.7389874
18250,6.440999966,0.124049496,232.7311932
18500,6.208999939,0.124251996,232.7451538
18750,6.904999943,0.124603498,232.7567004
19000,5.684999943,0.124057496,232.736947
19250,6.149999962,0.124272996,232.7290173
19500,6.443999958,0.124477995,232.6978107
19750,5.636999931,0.123864497,232.7120972
20000,6.275999928,0.124462996,232.7270233
20250,6.322999954,0.123742999,232.7150476
20500,6.835999947,0.123987497,232.7406671
20750,5.824999886,0.123917497,232.7311365
21000,6.037999897,0.123612997,232.726524
21250,6.541000023,0.123925997,232.7387451
21500,6.541000023,0.123925997,232.7387451
21750,5.728999901,0.123988998,232.7335864
22000,6.169999847,0.123955496,232.7100812
22250,6.505999908,0.124064997,232.717666
22500,5.653999901,0.123855497,232.7293933
22750,6.304999905,0.123860998,232.7100494
23000,6.367999916,0.124030499,232.7220593
23250,5.674999866,0.124210997,232.7069208
23500,6.425999889,0.1240695,232.7509363
23750,6.230999908,0.124109997,232.7543524
24000,6.887999935,0.124084999,232.7144196
24250,5.700999889,0.124142494,232.7227631
24500,6.126999931,0.123965997,232.7209283
24750,6.464999943,0.124434999,232.7354553
25000,5.604999905,0.124317496,232.7284979
25250,6.257999916,0.123920995,232.7104749
25500,6.330999966,0.123832998,232.7149432
25750,5.63199995,0.123650497,232.7478418
26000,6.389999962,0.124316996,232.7477301
26250,6.190999928,0.124276496,232.7241376
26500,6.904999943,0.123759497,232.7308362
26750,5.73599987,0.123759997,232.722561
27000,6.098999901,0.124051996,232.7089886
27250,6.491999969,0.123942998,232.7386572
27500,5.679999924,0.123837496,232.7263214
27750,6.257999916,0.124195497,232.7342017
28000,6.257999916,0.124195497,232.7342017
28250,6.414999943,0.124079497,232.7405048
28500,5.671999931,0.124188996,232.7272876
28750,6.348999958,0.123929995,232.7318024
29000,6.285999966,0.124086496,232.7084576
29250,6.852999954,0.124238496,232.7208661
29500,5.760999947,0.124453496,232.7357703
29750,6.082999954,0.124348996,232.7139874
30000,6.476999989,0.124133996,232.7051691
30250,5.653999939,0.123789496,232.6987439
30500,6.215999947,0.123753996,232.7274817
30750,6.373999977,0.124274497,232.7336993
31000,5.578999977,0.125259999,232.7075226
31250,6.957999935,0.124958998,232.740105
31500,5.914999981,0.124833498,232.732594
31750,6.620999966,0.124774496,232.7023218
32000,5.762999897,0.124788998,232.7191052
32250,6.971999893,0.124641496,232.7077368
32500,5.741999969,0.125107997,232.7335223
32750,6.894999962,0.124641494,232.7033057
33000,6.190999966,0.124728497,232.7110913
33250,6.434999981,0.124721498,232.6888904
33500,6.730999985,0.125096496,232.7146729
33750,5.927999916,0.124850496,232.7176019
34000,5.923999958,0.124776996,232.7191681
34250,6.74199995,0.124893995,232.7202332
34500,6.74199995,0.124893995,232.7202332
34750,6.427999973,0.125048497,232.7337939
35000,6.162999897,0.124704997,232.7012347
35250,6.939999924,0.125108998,232.7129785
35500,5.702999935,0.124561997,232.738241
35750,6.175999947,0.124800497,232.7211865
36000,6.469999962,0.124571996,232.7126331
36250,6.687999992,0.125104498,232.7002026
36500,5.915999889,0.124860996,232.734043
36750,6.974999905,0.125180996,232.7429364
37000,5.648999958,0.125147996,232.7236578
37250,6.431999989,0.125045997,232.7059314
37500,6.194999962,0.125007496,232.6874567
37750,5.699999962,0.125094998,232.6981793
38000,6.916999931,0.124905998,232.686731
38250,6.16899992,0.253735492,232.6612573
38500,122.428996,1.076187472,232.5099939
38750,249.9779932,1.176201472,232.4931635
39000,257.0439856,1.178193989,232.488147
39250,255.9999847,1.176708469,232.493739
39500,255.9999847,1.175405469,232.4676898
39750,255.4589874,1.174500952,232.5075793
40000,255.1829987,1.173422976,232.4990521
40250,254.6499982,1.172975998,232.5013837
40500,255.5219995,1.172190976,232.4734808
40750,255.0489984,1.171214485,232.5125214
41000,255.0489984,1.171214485,232.5125214
41250,254.7450006,1.170895977,232.4881299
41500,254.25,1.169761472,232.5167627
41750,254.25,1.168900456,232.5230487
42000,254.25,1.168153477,232.4892664
42250,252.8649951,1.167567468,232.5045959
42500,254.2019916,1.16721447,232.4898828
42750,254.2249908,1.166538448,232.4957544
43000,252.9219952,1.166302967,232.4917932
43250,253.7489935,1.166101465,232.4993463
43500,253.3559955,1.165326972,232.5208972
43750,252.937995,1.164874477,232.5468097
44000,252.7999988,1.164462481,232.5095313
44250,253.5009918,1.164066958,232.5038568
44500,252.5,1.163001986,232.5096094
44750,252.5,1.163455467,232.519809
45000,252.5,1.162793474,232.5031366
45250,252.5,1.162283478,232.5093958
45500,252.5,1.161981473,232.5055389
45750,252.5,1.161407461,232.4898346
46000,252.5,1.161147981,232.5208429
46250,252.465,1.160547976,232.503504
46500,251.1579938,1.160130992,232.5088678
46750,252.4659906,1.159777474,232.5295996
47000,251.3369922,1.159621968,232.5204907
47250,252.3149945,1.158894978,232.510675
47500,252.3149945,1.158894978,232.510675
47750,251.8739954,1.15876946,232.4946509
48000,250.7509851,1.158243465,232.5105054
48250,252.0629956,1.158093486,232.5152417
48500,251.2679944,1.157645445,232.4808179
48750,251.5819946,1.157122469,232.5041632
49000,250.7849854,1.156958985,232.5242023
49250,252.0629956,1.15674047,232.4923358
49500,250.7569873,1.156254983,232.5129242
49750,250.7499847,1.155923471,232.5091376
50000,250.7499847,1.15550446,232.5032092
50250,250.7499847,1.155316463,232.5098376
50500,250.7499847,1.155216985,232.5280328
50750,250.7499847,1.154410467,232.5201221
51000,250.7499847,1.153971963,232.5091797
51250,250.7499847,1.153162465,232.5135071
51500,250.7149854,1.153101978,232.4990582
51750,249.4299963,1.152992454,232.5087573
52000,250.7190039,1.152944474,232.4942023
52250,250.7250061,1.152637463,232.5151868
52500,249.357995,1.152006464,232.5192267
52750,250.7080035,1.152023482,232.5351477
53000,249.67,1.151187482,232.5196973
53250,250.3539984,1.151216974,232.5244818
53500,249.0329987,1.150835953,232.5082983
53750,249.9169989,1.150604467,232.5030981
54000,249.9169989,1.150604467,232.5030981
54250,249.4059967,1.150429459,232.5304895
54500,250.2749976,1.150069461,232.5113287
54750,249.0059985,1.149183984,232.5202515
55000,250.2159985,1.14906498,232.5237524
55250,249.1219977,1.148816977,232.5228412
55500,249,1.14863246,232.5222827
55750,249,1.148571486,232.5263995
56000,249,1.148264475,232.5098267
56250,249,1.147916961,232.5381683
56500,249,1.147318997,232.5230347
56750,249,1.146991482,232.5079382
57000,249,1.146646471,232.5292883
57250,249,1.146606479,232.5176447
57500,249,1.14629549,232.4997485
57750,248.6999988,1.145799975,232.5136591
58000,247.9019946,1.145296459,232.5252563
58250,248.7099939,1.145162983,232.5121191
58500,247.5699969,1.145029974,232.5105206
58750,248.9479907,1.144370995,232.5168518
59000,248.0169928,1.144357495,232.5084119
59250,248.5289917,1.143918996,232.5252264
59500,247.6849951,1.143663974,232.494657
59750,247.7469952,1.143443961,232.4971313
60000,248.4539935,1.143444977,232.517417
60250,247.6189954,1.142980475,232.5308112
60500,247.6189954,1.142980475,232.5308112
60750,248.2759912,1.142731962,232.527514
61000,247.25,1.142247453,232.5227057
61250,248.6249921,1.142465467,232.5301306
61500,247.2739972,1.141947007,232.5293591
61750,247.25,1.141601477,232.5257318
62000,248.5909918,1.141131959,232.539834
62250,247.2989966,1.140877466,232.5317719
62500,247.25,1.14077847,232.5087378
62750,247.25,1.14033247,232.5282288
63000,247.25,1.140190988,232.5226813
63250,247.25,1.140001974,232.5390906
63500,247.25,1.139527969,232.5192657
63750,247.25,1.139442973,232.5377643
64000,247.25,1.139122458,232.5154987
64250,246.238996,1.13910697,232.5148907
64500,246.8480005,1.138446965,232.5085571
64750,247.2250061,1.138641977,232.5018823
65000,247.2250061,1.13779397,232.5030347
65250,245.9219946,1.13765645,232.5204407
65500,247.1530017,1.137489958,232.5512042
65750,246.4909998,1.137345967,232.5305542
66000,246.567998,1.137077961,232.509762
66250,245.6399945,1.136941466,232.5101801
66500,247.0749988,1.136546445,232.5006812
66750,246.1999976,1.136071982,232.534491
67000,246.1999976,1.136071982,232.534491
67250,246.831001,1.136364465,232.5122253
67500,245.8759924,1.136049485,232.5457935
67750,246.040993,1.13553246,232.5280334
68000,245.4859973,1.13549099,232.5264746
68250,246.8029993,1.135189462,232.5264819
68500,245.4839917,1.134522963,232.5249786
68750,245.4749908,1.134421482,232.5176593
69000,246.5089984,1.134128447,232.4929126
69250,245.4259955,1.133970971,232.5352594
69500,245.4499969,1.133724494,232.5303375
69750,245.4499969,1.133406458,232.5178741
70000,245.4499969,1.133359981,232.5251788
70250,246.3759979,1.133172994,232.5317798
70500,245.7459955,1.132605448,232.5263135
70750,245.3259967,1.132356992,232.5195227
71000,245.0759998,1.132358479,232.5207703
71250,244.2879932,1.13197598,232.5392316
71500,245.3039954,1.131468477,232.5349786
71750,245.4499969,1.131313472,232.5418103
72000,245.4179968,1.131154461,232.5360199
72250,245.0229993,1.13114697,232.5099762
72500,244.2449951,1.131040492,232.5312183
72750,245.4469958,1.130736485,232.5319452
73000,245.4499969,1.130294476,232.5267542
73250,244.156994,1.130040956,232.5433459
73500,244.156994,1.130040956,232.5433459
73750,244.696994,1.129495983,232.532243
74000,244.8999945,1.129327965,232.5193854
74250,245.2059961,1.12905098,232.5089069
74500,244.3189941,1.128857503,232.5318732
74750,244.402995,1.129104996,232.5140399
75000,245.076994,1.128522964,232.5232489
75250,243.7589935,1.128367996,232.5396509
75500,244.6339941,1.128168969,232.5391077
75750,244.1139923,1.127951484,232.5176508
76000,244.1039923,1.127404485,232.524491
76250,244.6719952,1.127303481,232.5269086
76500,243.7249908,1.127002969,232.5342914
76750,243.9429913,1.126668472,232.5293542
77000,244.7959955,1.126537971,232.5131696
77250,243.7249908,1.126752472,232.5291528
77500,243.7249908,1.125946975,232.5386102
77750,243.7249908,1.125757976,232.5442743
78000,243.7249908,1.125591979,232.5217792
78250,243.7249908,1.12525948,232.5067474
78500,243.7249908,1.125261974,232.5341388
78750,243.7249908,1.124683957,232.5242426
79000,243.7249908,1.124652972,232.5038507
79250,243.7249908,1.124258981,232.5341376
79500,243.0319916,1.124233446,232.5121613
79750,243.0299963,1.124105964,232.5135461
80000,243.0299963,1.124105964,232.5135461
80250,243.6999817,1.123306456,232.5324646
80500,243.1529858,1.123121977,232.5350726
80750,242.8939966,1.123277488,232.5351788
81000,243.6649823,1.123084979,232.5142834
81250,242.4379968,1.122481451,232.5325189
81500,243.6959839,1.122608433,232.5446094
81750,242.465993,1.121770468,232.5275769
82000,243.2989917,1.121846957,232.5534119
82250,242.6969977,1.121223998,232.5277869
82500,242.5859906,1.121260948,232.5390094
82750,243.2649927,1.121556959,232.5299054
83000,242.0000018,1.121414461,232.5045691
83250,242.952998,1.120756478,232.5453864
83500,242.3689948,1.120435958,232.5192023
83750,242.351004,1.120193963,232.5289618
84000,242.8729907,1.119960971,232.5300592
84250,241.9750061,1.120060472,232.4949078
84500,243.3619922,1.11997046,232.5354565
84750,241.9880023,1.119533963,232.5236902
85000,241.9750061,1.11923048,232.526322
85250,242.1670056,1.11934545,232.5185663
85500,243.1139893,1.118866467,232.5394012
85750,241.9750061,1.118571458,232.5272504
86000,241.8700043,1.116943994,232.5236359
86250,240.7019934,1.113062482,232.535528
86500,240.7019934,1.113062482,232.535528
86750,240.2339935,1.106898465,232.526283
87000,238.4400061,1.104495964,232.5208569
87250,237.451994,1.103866482,232.5297876
87500,238.740993,1.101326489,232.5403772
87750,237.8419934,1.097102475,232.5206085
88000,234.1279926,1.091747494,232.5180194
88250,234.8539972,1.09044147,232.5232593
88500,234.4309888,1.08890945,232.5322583
88750,232.3269922,1.079106479,232.5304919
89000,230.5159875,1.071796975,232.5487067
89250,228.8219958,1.06987946,232.5406415
89500,229.6749878,1.066381969,232.5337006
89750,227.0189941,1.059658947,232.5532196
90000,226.7409906,1.053988481,232.5470422
90250,227.3459918,1.050521483,232.5481372
90500,221.2829944,1.046384478,232.5348737
90750,224.6919983,1.044339461,232.5411688
91000,224.3929919,1.042507968,232.5216644
91250,217.5079938,0.963789001,232.5583295
91500,197.7129974,0.99529099,232.5527551
91750,198.8049957,0.886366465,232.610849
92000,173.1149951,0.908960984,232.5596735
92250,195.9289978,0.894868484,232.5872327
92500,189.5479956,0.976911476,232.5515912
92750,201.078996,0.883848491,232.5767865
93000,201.078996,0.883848491,232.5767865
93250,168.7909967,0.873004475,232.5855615
93500,188.4279974,0.917419481,232.5684918
93750,184.4919934,0.824167483,232.5796021
94000,140.9979968,0.787846494,232.6013855
94250,151.8329971,0.700636499,232.6301605
94500,129.3279968,0.835507982,232.5974426
94750,179.9439966,0.797259979,232.6284393
95000,122.8559988,0.775372472,232.5990411
95250,152.5589984,0.715904496,232.6601624
95500,121.7239975,0.734444497,232.6515936
95750,151.7839966,0.760354979,232.6349707
96000,137.5199945,0.745994482,232.6057709
96250,138.1719983,0.720117478,232.623075
96500,129.7519998,0.798361473,232.6070953
96750,169.4979974,0.774930489,232.6280579
97000,139.2859967,0.760005491,232.5872467
97250,155.7469958,0.75010648,232.6464746
97500,128.0969977,0.768487465,232.6272833
97750,162.622995,0.832835472,232.6355072
98000,170.3349969,0.903767474,232.5740173
98250,192.8059985,0.807494984,232.6003308
98500,135.0839981,0.82545249,232.6068811
98750,172.7549951,0.794166965,232.6234906
99000,118.4409964,0.776393981,232.6127606
99250,184.4829968,0.952942967,232.5503845
99500,184.4829968,0.952942967,232.5503845
99750,199.4689984,0.880154476,232.5905701
100000,158.6489948,0.823129988,232.6147626
100250,172.3559955,0.820828481,232.6388971
100500,145.4219965,0.786445975,232.5947412
100750,172.8509991,0.87875797,232.5715143
101000,164.7489954,0.833156474,232.594953
101250,176.9309991,0.869072475,232.6019305
101500,153.0149988,0.812831984,232.6216132
101750,179.8109949,0.866878979,232.6123853
102000,171.4539978,0.855933981,232.6050415
102250,184.8159991,0.878032472,232.5750983
102500,150.558996,0.801131985,232.6177698
102750,174.1689948,0.900666983,232.5910181
103000,178.5809949,0.848254492,232.582619
103250,175.8139954,0.84116997,232.6138428
103500,155.987995,0.800528979,232.6065784
103750,166.7929956,0.820986979,232.613609
104000,138.4289966,0.742583988,232.629408
104250,158.3499957,0.816788497,232.6212744
104500,146.8159961,0.737882979,232.6314252
104750,145.4219946,0.777160487,232.6078186
105000,141.1109961,0.755840476,232.6489471
105250,147.4719989,0.781349974,232.6247858
105500,142.5109967,0.749761963,232.6374658
105750,145.9239966,0.749685991,232.6197687
106000,145.9239966,0.749685991,232.6197687
106250,117.2279965,0.617424982,232.6497144
106500,110.5229959,0.686020474,232.6371338
106750,120.8319989,0.665941978,232.6226422
107000,111.6889969,0.652209487,232.6307782
107250,101.8979971,0.563063486,232.6542334
107500,92.19699677,0.578198483,232.6504089
107750,95.61499695,0.601077986,232.6273309
108000,95.00399628,0.540415986,232.6524634
108250,87.59599945,0.561001487,232.6720105
108500,93.39499695,0.562554481,232.6630829
108750,75.0419986,0.409330491,232.6666687
109000,62.29599792,0.47797299,232.6800342
109250,68.60499756,0.437374982,232.6631226
109500,59.37999878,0.43327049,232.6738568
109750,66.50299774,0.46373149,232.6746814
110000,74.50099792,0.492825478,232.6624811
110250,67.87699768,0.447472484,232.651778
110500,75.36299896,0.516773975,232.6496893
110750,70.32999786,0.423846987,232.6514429
111000,54.33499847,0.420270485,232.6886005
111250,58.08299866,0.374732494,232.7001721
111500,45.24399902,0.324581488,232.6817151
111750,42.07500076,0.347832487,232.7100977
112000,47.83699997,0.387329488,232.6855127
112250,53.61799866,0.391763483,232.6839227
112500,53.61799866,0.391763483,232.6839227
112750,63.61599792,0.485803484,232.670722
113000,58.71899963,0.364770983,232.6649219
113250,31.56499905,0.263107495,232.6912836
113500,45.56899738,0.494643985,232.6715375
113750,64.2239975,0.338411487,232.711427
114000,18.25599953,0.230778992,232.7005872
114250,26.04999977,0.316881483,232.7042572
114500,31.09799965,0.256277992,232.6964734
114750,17.51099949,0.217551494,232.7176733
115000,20.98299995,0.326698991,232.7200665
115250,33.9949987,0.270740497,232.7212097
115500,24.2839994,0.301162485,232.6705951
115750,33.19199966,0.260319493,232.6974982
116000,35.06399948,0.380245994,232.6628046
116250,54.35600006,0.312853492,232.7015637
116500,15.39499947,0.190431499,232.7112201
116750,19.66399971,0.284304497,232.6682813
117000,33.31999908,0.253598991,232.6906763
117250,19.32399925,0.31620499,232.6884021
117500,41.96399902,0.297902488,232.6859528
117750,24.25099953,0.307862489,232.676994
118000,43.76499992,0.280907493,232.6800824
118250,18.61099979,0.252386494,232.685235
118500,27.94299919,0.249401493,232.6850732
118750,15.80499958,0.263905492,232.6956659
119000,15.80499958,0.263905492,232.6956659
119250,31.55699913,0.245869995,232.6905133
119500,18.37999954,0.242559992,232.6860571
119750,29.07799904,0.257588492,232.6680823
120000,19.52499989,0.334440494,232.6750354
120250,51.63999878,0.342522488,232.6662677
120500,32.26999916,0.386717992,232.6867877
120750,72.22599838,0.416954494,232.6566248
121000,27.00699921,0.312217494,232.6893689
121250,40.83299896,0.313209491,232.6860345
121500,17.88299994,0.276638498,232.7135938
121750,40.27500015,0.305284488,232.6999323
122000,26.47299942,0.319337991,232.7013776
122250,53.82099792,0.35154749,232.6912335
122500,24.78299942,0.384281995,232.6678015
122750,67.16300049,0.444795997,232.6832526
123000,34.2089996,0.401784489,232.6501379
123250,83.20999825,0.477215487,232.6749219
123500,41.30499878,0.395870481,232.6768604
123750,69.00999771,0.463053991,232.6736823
124000,33.61499916,0.365419992,232.6867926
124250,62.39699799,0.438375988,232.6774884
124500,50.52499908,0.411989485,232.6725061
124750,76.29599976,0.477775481,232.6734113
125000,43.71199829,0.414920492,232.6777228
125250,70.99899872,0.491203988,232.6592358
125500,70.99899872,0.491203988,232.6592358
125750,42.75099892,0.444446493,232.651145
126000,103.0759984,0.631520984,232.657489
126250,78.88699814,0.476544489,232.6436011
126500,87.11599731,0.555016984,232.6471777
126750,43.42799843,0.40705999,232.6864276
127000,79.65999939,0.561853483,232.6585706
127250,82.96099884,0.519417487,232.6821631
127500,95.76199799,0.592739985,232.6659955
127750,79.49199951,0.524517484,232.6419946
128000,102.4929971,0.655165973,232.6545935
128250,98.51399719,0.578007979,232.6353052
128500,104.1339987,0.599312482,232.653457
128750,63.24299759,0.449913483,232.6703217
129000,84.55099808,0.629429972,232.639715
129250,86.38899719,0.543499999,232.6349933
129500,95.0519989,0.596640992,232.6584021
129750,69.45599762,0.454444482,232.6528973
130000,89.85799927,0.615365963,232.633465
130250,80.61899872,0.453412991,232.6545868
130500,77.90899582,0.571177981,232.660835
130750,62.38499878,0.42252449,232.657019
131000,86.34099854,0.627667997,232.642995
131250,82.99899872,0.470057991,232.6441125
131500,87.18999725,0.623494987,232.6331787
131750,100.2889978,0.567140989,232.658573
132000,100.2889978,0.567140989,232.658573
132250,93.75100006,0.579437486,232.6517328
132500,56.77599781,0.378424489,232.6737048
132750,75.5209985,0.599745984,232.6321698
133000,78.24799591,0.455624985,232.6864764
133250,85.31799728,0.639762976,232.6489063
133500,87.59499878,0.50674749,232.6693097
133750,92.33299896,0.611871977,232.6434344
134000,83.51499634,0.488415489,232.6702972
134250,92.81999741,0.664182489,232.6413202
134500,86.925,0.44667649,232.67789
134750,76.35199921,0.610336475,232.6281116
135000,82.96699646,0.456589497,232.6894476
135250,76.85599731,0.559366481,232.6707007
135500,76.36799942,0.441134496,232.6683215
135750,62.99799866,0.464927486,232.6977203
136000,63.0379985,0.400712987,232.6963373
136250,72.80599792,0.564367983,232.6650024
136500,71.25999893,0.370809488,232.6930103
136750,57.16499763,0.521426977,232.6652435
137000,63.91199814,0.357993494,232.7198254
137250,44.6319986,0.415658492,232.6765234
137500,52.39899811,0.351160994,232.6921771
137750,60.96299927,0.505779482,232.6612585
138000,60.79199844,0.345675989,232.6939392
138250,49.96699883,0.518895482,232.6584198
138500,49.96699883,0.518895482,232.6584198
138750,58.13999878,0.330823493,232.6879388
139000,41.2069989,0.419010992,232.6954645
139250,57.61899963,0.360929999,232.7084741
139500,54.45099854,0.446407984,232.6514874
139750,57.13999901,0.316672992,232.694256
140000,34.35199928,0.416103495,232.6876801
140250,47.28299858,0.302494496,232.6817456
140500,40.81699989,0.469890493,232.6870898
140750,76.98899673,0.439854486,232.7085962
141000,63.89100037,0.470696986,232.6726978
141250,63.68099838,0.367461993,232.6884985
141500,40.22899902,0.428826987,232.7027594
141750,59.55999863,0.386913986,232.6740753
142000,49.15299911,0.395474993,232.6875073
142250,45.3079985,0.267748991,232.705426
142500,21.16099991,0.336316993,232.7146582
142750,38.92999825,0.254350492,232.6895074
143000,16.0409996,0.1779075,232.6906274
143250,18.18199963,0.249327991,232.6991187
143500,26.5309993,0.226194997,232.7169232
143750,19.18499947,0.276859491,232.7129803
144000,33.76099976,0.24404049,232.6923877
144250,28.03199959,0.360804986,232.6882428
144500,51.83999863,0.349435995,232.6761377
144750,37.39799942,0.342280991,232.6777869
145000,37.39799942,0.342280991,232.6777869
145250,41.6719989,0.284480993,232.690401
145500,19.27399933,0.210878494,232.6921954
145750,18.7559996,0.200572494,232.6772504
146000,23.34399948,0.344757996,232.6984332
146250,46.12299957,0.298470489,232.6952429
146500,22.33899937,0.267285998,232.6803961
146750,35.82899879,0.261891996,232.7067059
147000,15.31199947,0.184570995,232.6784906
147250,11.78299961,0.176436491,232.6942255
147500,13.98299984,0.208899994,232.7004895
147750,18.65599976,0.207003995,232.6974609
148000,17.5259996,0.232664999,232.6643689
148250,27.50999908,0.232724994,232.6954517
148500,15.88999958,0.240631495,232.7197937
148750,29.53099945,0.276443,232.7019458
149000,27.24199875,0.25358699,232.7263794
149250,24.44600006,0.232672498,232.7187378
149500,21.02699932,0.28260249,232.684483
149750,36.85999939,0.311153995,232.6917798
150000,19.75799961,0.251395491,232.7178357
150250,28.93299896,0.279271994,232.6857526
150500,21.32399937,0.208700497,232.6801208
150750,20.40099976,0.211557995,232.6873712
151000,15.53599953,0.201761996,232.6806268
151250,15.79399986,0.200104495,232.7214508
151500,15.79399986,0.200104495,232.7214508
151750,17.17199966,0.206308995,232.6941064
152000,16.30399986,0.202005495,232.7067944
152250,17.48899986,0.223759494,232.7116339
152500,24.16199974,0.243783495,232.6873456
152750,20.24299957,0.220498493,232.7188824
153000,19.77899918,0.21281899,232.7137122
153250,18.03799908,0.211258494,232.7243555
153500,20.93299942,0.223621496,232.7063452
153750,20.46199959,0.258463994,232.6904156
154000,33.9179998,0.308704991,232.7050281
154250,34.64899979,0.282763491,232.7125122
154500,30.28399918,0.276489995,232.675625
154750,26.64599953,0.270421996,232.7004724
155000,41.06799904,0.358444993,232.6951288
155250,28.33299934,0.27033549,232.688587
155500,33.72099884,0.30614899,232.6831372
155750,27.47499886,0.218478496,232.6874231
156000,18.10599995,0.232126492,232.7034497
156250,43.34200035,0.42818498,232.6705847
156500,47.22899818,0.316149993,232.6934912
156750,42.14899994,0.408200482,232.6629395
157000,62.49199799,0.440720491,232.675155
157250,47.0579998,0.314712491,232.6784357
157500,44.3119989,0.434356492,232.6669934
157750,59.79799866,0.404811991,232.6664276
158000,59.79799866,0.404811991,232.6664276
158250,57.12799881,0.446597986,232.6719562
158500,64.10599777,0.442516495,232.6912494
158750,81.9689978,0.631775477,232.6440442
159000,81.66999767,0.377739991,232.65617
159250,45.66400078,0.507380491,232.6762256
159500,62.32399811,0.359282496,232.7044891
159750,50.85099838,0.521970987,232.6376031
160000,79.73099762,0.490187492,232.6798724
160250,75.92599762,0.540974481,232.6397302
160500,85.51299667,0.458827989,232.6688904
160750,73.00099808,0.565649987,232.6625775
161000,87.39399872,0.468085482,232.6528973
161250,76.09799835,0.668990476,232.6319696
161500,111.4039996,0.465787996,232.6774579
161750,50.83699829,0.523116492,232.6516669
162000,127.0370016,0.839097967,232.5980237
162250,132.976998,0.547178484,232.6686737
162500,71.26799835,0.502741482,232.6441931
162750,102.5109991,0.699449477,232.6286914
163000,108.1899973,0.530173477,232.6967224
163250,86.87499817,0.652770469,232.6437708
163500,90.68299652,0.45336399,232.6613153
163750,74.19499878,0.591677978,232.6483392
164000,89.03899689,0.486208489,232.6937695
164250,78.60399948,0.604190991,232.6581311
164500,78.60399948,0.604190991,232.6581311
164750,94.01400116,0.491960987,232.6962177
165000,72.42899841,0.575533991,232.6579626
165250,101.0639966,0.601339483,232.6610907
165500,105.6909991,0.671813974,232.6365002
165750,102.1599982,0.526491482,232.6566412
166000,80.99199738,0.682517478,232.6387482
166250,177.6820023,0.897333982,232.5931067
166500,93.9989975,0.482711986,232.6871765
166750,70.53099884,0.493376977,232.6809143
167000,68.71299835,0.571176994,232.6642731
167250,163.8009955,0.96071898,232.5585852
167500,211.4059967,0.992329962,232.5361853
167750,212.1499939,0.994708476,232.5476263
168000,210.9159924,0.994731989,232.5557697
168250,213.3709943,0.996931484,232.5404504
168500,210.877995,0.980024474,232.5681079
168750,175.2739966,0.734435983,232.6176019
169000,108.2899979,0.589829988,232.6631299
169250,92.64899994,0.552640984,232.6611383
169500,91.53699738,0.609351494,232.6724969
169750,89.15400024,0.454022994,232.6717883
170000,62.15799927,0.559971489,232.654386
170250,151.2539966,0.974485488,232.5631226
170500,212.4139948,0.99914799,232.5401147
170750,213.105993,0.992706487,232.5529218
171000,213.105993,0.992706487,232.5529218
171250,212.381994,1.000569963,232.5512354
171500,225.6339941,0.994724984,232.5759387
171750,133.9899976,0.629233994,232.6513324
172000,88.1109967,0.493236492,232.6627869
172250,51.76099915,0.454369996,232.6431781
172500,86.32699829,0.473963485,232.660105
172750,34.22299858,0.33060449,232.6788684
173000,75.10599838,0.816065476,232.5856104
173250,184.8139963,0.988320961,232.577403
173500,209.9759961,0.991271467,232.5372821
173750,211.0129932,0.986581481,232.5318329
174000,210.1739941,0.977131977,232.5561249
174250,185.5439929,0.682835487,232.6468726
174500,38.8279985,0.261532491,232.6974432
174750,20.32399956,0.250959994,232.7159015
175000,45.41499893,0.392738489,232.6876276
175250,51.17399826,0.343235496,232.6850165
175500,46.96300034,0.471552494,232.6626581
175750,145.4359967,0.93676898,232.5375134
176000,205.9249933,0.976901457,232.5444519
176250,209.7019971,0.98217948,232.5185626
176500,209.7849951,0.98723547,232.545498
176750,202.4479956,0.882892966,232.6102576
177000,106.6669976,0.374226495,232.6683319
177250,20.21800003,0.212146496,232.6931055
177500,20.21800003,0.212146496,232.6931055
177750,17.82999947,0.197454995,232.6913318
178000,17.96399956,0.208156494,232.6971771
178250,22.88999939,0.218326498,232.6918182
178500,16.23300022,0.187164991,232.7030713
178750,20.01899948,0.211154498,232.6924426
179000,17.54499954,0.197380999,232.6840338
179250,16.34999969,0.194863492,232.7040326
179500,21.16199959,0.24366999,232.7170093
179750,33.47800003,0.257222496,232.6899689
180000,22.07199928,0.207064995,232.6798981
180250,20.10899948,0.197879996,232.7133612
180500,17.3219994,0.203696492,232.7117389
180750,19.21099945,0.217306496,232.7137067
181000,18.84599968,0.182533997,232.7266913
181250,16.29999985,0.198070992,232.7217297
181500,17.49299988,0.199954997,232.7388245
181750,18.68599976,0.194444996,232.7046173
182000,16.95899975,0.210654991,232.7335925
182250,30.50899956,0.293694497,232.7049292
182500,28.55399902,0.213345497,232.7108502
182750,18.8109996,0.200441498,232.6980109
183000,19.02499962,0.210783999,232.7244177
183250,20.07099937,0.204819998,232.7001465
183500,21.27299942,0.197252993,232.7182269
183750,12.80999989,0.189550498,232.71552
184000,12.80999989,0.189550498,232.71552
184250,17.64099983,0.190538494,232.7125244
184500,18.17399963,0.195993496,232.7187457
184750,16.56699974,0.196622994,232.7124097
185000,17.84799992,0.185438998,232.7271777
185250,15.77699959,0.195604991,232.7045697
185500,17.52899994,0.203226496,232.7018817
185750,19.28799965,0.202781994,232.6903137
186000,19.47499969,0.215729992,232.7163721
186250,20.02699959,0.213876495,232.6700653
186500,18.07899952,0.181107996,232.7015851
186750,16.38099976,0.196434996,232.6850659
187000,18.01599945,0.201516996,232.7162421
187250,18.55099976,0.198563994,232.6884662
187500,17.11599945,0.194003497,232.6809924
187750,14.87299984,0.177906497,232.6928412
188000,18.2469997,0.202602497,232.688197
188250,19.77699982,0.212312493,232.7124347
188500,20.05399979,0.220788493,232.6839923
188750,21.97899933,0.223750994,232.7034186
189000,20.38599861,0.187174497,232.6939484
189250,15.61499954,0.197467493,232.7058911
189500,18.03399963,0.198567497,232.667876
189750,18.89499962,0.207669493,232.7207385
190000,18.95699936,0.211470996,232.7419922
190250,18.83099945,0.180294494,232.7287634
190500,18.83099945,0.180294494,232.7287634
190750,16.15899979,0.208422496,232.7371155
191000,19.21000015,0.214601996,232.7124963
191250,20.84499939,0.220106497,232.7045703
191500,23.41999954,0.225797495,232.6849402
191750,22.42399948,0.237556991,232.7094574
192000,24.49199966,0.238104993,232.6978595
192250,23.99600014,0.231620994,232.6959674
192500,23.19299965,0.231328496,232.6842969
192750,24.49200005,0.237894995,232.6701294
193000,24.5,0.235536992,232.6880664
193250,25.71200005,0.258395495,232.6654352
193500,34.32099884,0.275795996,232.7032886
193750,27.2289994,0.235840993,232.6849945
194000,27.01499962,0.252388493,232.6914014
194250,27.21099915,0.251245493,232.6868738
194500,28.05299927,0.252160995,232.7031714
194750,28.8939994,0.254247493,232.7073871
195000,27.1189991,0.250168493,232.71737
195250,27.56399948,0.245880495,232.6842407
195500,28.01999901,0.250648491,232.7054089
195750,27.0739991,0.255745497,232.6740985
196000,28.48799927,0.25557049,232.7036023
196250,29.39099922,0.254724491,232.6940405
196500,27.35199936,0.253094493,232.692688
196750,29.21999924,0.256811997,232.6856091
197000,29.21999924,0.256811997,232.6856091
197250,28.93499931,0.257503989,232.6925769
197500,29.77499962,0.262400492,232.672066
197750,30.14999931,0.261060495,232.7116577
198000,29.32399963,0.256263499,232.7074194
198250,28.65299934,0.248826496,232.7368585
198500,25.41999924,0.239577993,232.729787
198750,26.19199936,0.24160499,232.6764813
199000,25.96199944,0.247083493,232.7143542
199250,26.68699898,0.287645996,232.7017267
199500,39.62099976,0.287830992,232.7036908
199750,35.45999878,0.341142492,232.6958673
200000,52.8849971,0.358474485,232.7031152
200250,38.38299927,0.317193992,232.7013696
200500,45.77699768,0.388650986,232.6948346
200750,55.03499985,0.385887986,232.6814587
201000,40.92599899,0.305497992,232.6873462
201250,38.78799927,0.320053492,232.7062097
201500,44.09399872,0.309519993,232.6890094
201750,30.90699966,0.315630994,232.6840411
202000,49.33099869,0.350968993,232.6646259
202250,43.84099762,0.359270999,232.6882434
202500,55.63099915,0.402902491,232.687561
202750,49.63499863,0.346116992,232.6867627
203000,46.1719986,0.327897996,232.7103619
203250,32.0899984,0.26161449,232.7229614
203500,32.0899984,0.26161449,232.7229614
203750,31.25599907,0.274774994,232.6982098
204000,37.11399887,0.311130493,232.6749304
204250,39.47799957,0.345186491,232.6669775
204500,55.0919989,0.370636989,232.6733453
204750,43.4869989,0.341016498,232.7052643
205000,50.45099869,0.389102983,232.6630969
205250,47.33599869,0.338211495,232.6801617
205500,42.64099777,0.308089492,232.7032581
205750,36.90099854,0.324712491,232.6994098
206000,55.55199875,0.438186485,232.6647217
206250,72.1119989,0.466776494,232.6571527
206500,67.70099976,0.435583487,232.6764966
206750,57.78999893,0.423548985,232.652226
207000,70.98099915,0.500817983,232.6304407
207250,72.4619989,0.47716499,232.6346729
207500,74.61999847,0.50492299,232.6541687
207750,74.67299988,0.452622486,232.6862982
208000,63.48799881,0.440165988,232.673299
208250,64.88699875,0.432829485,232.6661365
208500,63.88699829,0.500493982,232.6795374
208750,96.07999786,0.62199199,232.6468799
209000,86.04399918,0.514414997,232.6656287
209250,100.8329987,0.668807492,232.6285999
209500,98.10499756,0.513745482,232.6757214
209750,92.91799774,0.64005749,232.6497638
210000,92.91799774,0.64005749,232.6497638
210250,69.07199883,0.381522492,232.6963684
210500,50.14299942,0.449942487,232.6817389
210750,79.72899933,0.53679399,232.645907
211000,83.02499847,0.482872479,232.6654742
211250,69.6739975,0.455005481,232.6888971
211500,84.29699738,0.60982398,232.6158716
211750,92.0339978,0.51201098,232.655849
212000,87.23999817,0.609867001,232.6623389
212250,81.16399933,0.455068479,232.6608362
212500,75.85399857,0.58015099,232.6329932
212750,91.5259967,0.520460974,232.6420508
213000,88.81199829,0.620690985,232.6486572
213250,89.21799774,0.42725399,232.6933704
213500,59.5519986,0.554984984,232.6452515
213750,81.2489978,0.430983486,232.7046082
214000,60.41599915,0.567561988,232.6583929
214250,93.16999939,0.51109748,232.6800348
214500,91.71399933,0.657638977,232.6388336
214750,107.2099945,0.536359985,232.6502094
215000,69.05299728,0.577583985,232.6479773
215250,90.68999969,0.498018485,232.6466003
215500,77.88799866,0.578234479,232.6583624
215750,92.30399734,0.46650749,232.673139
216000,71.54899796,0.589973481,232.6379462
216250,91.89799866,0.491642485,232.6418414
216500,91.89799866,0.491642485,232.6418414
216750,60.16499939,0.567878485,232.6591455
217000,86.68399841,0.463386987,232.6633466
217250,59.41699829,0.546051484,232.671283
217500,100.4269983,0.508243983,232.6531464
217750,50.68599899,0.320182991,232.6695709
218000,43.58599976,0.448063986,232.6703937
218250,84.09399872,0.514393493,232.646825
218500,67.97999832,0.405362492,232.7130688
218750,60.96799866,0.475409989,232.64078
219000,79.2329985,0.428535993,232.6933942
219250,28.73299896,0.258213992,232.6901105
219500,42.12699898,0.452767496,232.6710986
219750,79.6419989,0.555921478,232.6409363
220000,87.86699738,0.450363988,232.6649158
220250,44.58899857,0.413046986,232.6911053
220500,69.20499893,0.466776993,232.6675128
220750,62.43299881,0.363586981,232.6847461
221000,50.63599884,0.481749487,232.695033
221250,79.0439978,0.461833488,232.7071399
221500,38.34799873,0.265066494,232.6875928
221750,32.56099869,0.36781549,232.7183539
222000,59.4559993,0.404270484,232.7036108
222250,36.4039994,0.377103988,232.7116266
222500,62.30199799,0.396485983,232.7088593
222750,34.14199883,0.28386099,232.7038751
223000,34.14199883,0.28386099,232.7038751
223250,25.6279998,0.349247491,232.6737958
223500,66.81199875,0.412653481,232.670658
223750,41.35199875,0.338175495,232.7127386
224000,48.41699936,0.347651989,232.7240088
224250,33.48899948,0.259226992,232.7087616
224500,26.52999886,0.279637995,232.7033069
224750,39.29400009,0.313850994,232.7124756
225000,31.8139991,0.288979986,232.7095227
225250,41.88399872,0.343585492,232.6796344
225500,41.80399857,0.292532996,232.7250177
225750,31.09799904,0.286820991,232.6938208
226000,42.1659996,0.335863495,232.7146094
226250,42.11499893,0.296428491,232.6964423
226500,28.98999985,0.276750988,232.7001312
226750,40.7979985,0.313048488,232.6855927
227000,34.01299896,0.285387497,232.7077869
227250,42.78899857,0.346517997,232.6716187
227500,38.11999969,0.26060599,232.7236499
227750,25.45999947,0.270545493,232.6815845
228000,41.02899872,0.336133999,232.6830743
228250,36.15199913,0.256647989,232.7295374
228500,23.90199959,0.241407991,232.6918353
228750,26.71499969,0.246339996,232.7264905
229000,28.50999863,0.254779491,232.7083289
229250,28.15199928,0.314295496,232.6719788
229500,28.15199928,0.314295496,232.6719788
229750,55.31999863,0.428172982,232.6866187
230000,47.76699928,0.276959993,232.7059454
230250,26.80299934,0.265456496,232.6954419
230500,40.90399918,0.36202098,232.6839862
230750,42.41299873,0.296201491,232.6727228
231000,47.19799927,0.410214992,232.6928113
231250,58.77899887,0.405987993,232.6742889
231500,44.36999794,0.281592495,232.6966718
231750,32.0139994,0.312010498,232.6805457
232000,46.23199921,0.383892999,232.6690656
232250,44.86299835,0.272549493,232.6831213
232500,25.61799995,0.25259499,232.6859088
232750,33.63799858,0.334338489,232.7061884
233000,41.03399887,0.273409491,232.6779553
233250,30.28300003,0.271642494,232.674903
233500,36.23599945,0.328216492,232.6365784
233750,54.22999924,0.430492479,232.6547534
234000,70.86599747,0.522523479,232.6472986
234250,80.11299988,0.497416494,232.6685779
234500,69.96099976,0.430503993,232.6737762
234750,57.55499802,0.40283149,232.689873
235000,67.50899857,0.501529492,232.6486847
235250,86.8809967,0.577668488,232.6473853
235500,97.82399567,0.594924471,232.6449146
235750,104.6489963,0.645006471,232.6181281
236000,104.6489963,0.645006471,232.6181281
236250,102.5739984,0.583332992,232.6475623
236500,88.37999969,0.536312492,232.6611072
236750,83.46599854,0.554817486,232.6678583
237000,83.30099762,0.467013493,232.6884113
237250,69.1769989,0.499348489,232.6367218
237500,85.9889975,0.570593989,232.6429364
237750,93.71199829,0.566830485,232.6432495
238000,90.39299896,0.605213487,232.6478046
238250,101.707999,0.604162483,232.626723
238500,102.6229974,0.601496489,232.6250262
238750,97.91999908,0.538991492,232.6687384
239000,86.42699799,0.636016998,232.6396893
239250,115.1899973,0.594316487,232.6217126
239500,75.93699753,0.505855485,232.6641022
239750,86.04799805,0.561645994,232.6694977
240000,86.51499847,0.499582994,232.6626251
240250,63.14399887,0.493045995,232.6863629
240500,97.68599808,0.618457482,232.6744263
240750,93.98499634,0.512058991,232.6619556
241000,44.45499924,0.313292494,232.7184882
241250,36.14299904,0.284073995,232.6869305
241500,38.06499908,0.476243979,232.6757446
241750,93.87599762,0.604813981,232.6604028
242000,88.91499695,0.596792483,232.6488245
242250,105.9959976,0.567158492,232.658269
242500,105.9959976,0.567158492,232.658269
242750,63.64499908,0.497174488,232.6654736
243000,91.6019986,0.526427983,232.690321
243250,39.12799866,0.449857494,232.6663934
243500,90.90699738,0.583274977,232.6506421
243750,97.33299652,0.582999983,232.6512744
244000,97.70099701,0.58819648,232.6716174
244250,88.36999786,0.491492982,232.6607843
244500,53.88899887,0.437802992,232.6728278
244750,84.65599884,0.573367993,232.6494281
245000,65.77799835,0.419088984,232.6740271
245250,82.48299866,0.703134477,232.6106396
245500,131.6239978,0.724295485,232.6106201
245750,111.9499962,0.468714489,232.6716754
246000,29.22199944,0.343045492,232.6846344
246250,45.47799866,0.398522993,232.6739606
246500,64.09599808,0.479685991,232.6379468
246750,84.95099884,0.56928498,232.6524091
247000,103.4939975,0.652653995,232.6120654
247250,83.34999817,0.393252991,232.7026129
247500,43.37699905,0.484095986,232.6687537
247750,81.83299835,0.482294488,232.6676746
248000,61.8739978,0.404417992,232.6816577
248250,53.89299866,0.377396994,232.6695618
248500,38.65099915,0.302029492,232.6976978
248750,52.85099876,0.48936048,232.6627081
249000,52.85099876,0.48936048,232.6627081
249250,84.76399902,0.580499984,232.6483997
249500,69.35499695,0.348172491,232.6703143
249750,48.79099869,0.504301986,232.647204
250000,56.08599731,0.324143994,232.6835602
250250,46.40099899,0.4691555,232.6593781
250500,56.49499893,0.319700493,232.6965619
250750,49.04099854,0.505241494,232.6973779
251000,62.21199783,0.307708493,232.6962341
251250,29.47799942,0.327275493,232.685592
251500,36.41299973,0.269684493,232.6889679
251750,27.30899887,0.292859492,232.6857214
252000,32.20399925,0.237151997,232.7136493
252250,33.18799919,0.358086995,232.7071228
252500,40.43699997,0.267826495,232.7286426
252750,30.61599892,0.331630992,232.6971771
253000,36.17999916,0.257576994,232.7229865
253250,27.40799965,0.289338496,232.7266095
253500,33.84199936,0.240979997,232.6919849
253750,23.39299934,0.283305489,232.695083
254000,28.36699875,0.232684494,232.7043939
254250,29.70299957,0.337805495,232.7015375
254500,40.74699905,0.258798496,232.7135852
254750,25.19099953,0.297702494,232.6979718
255000,31.52399956,0.23924749,232.7254346
255250,26.64299957,0.318838986,232.6706665
255500,26.64299957,0.318838986,232.6706665
255750,37.27999985,0.255432999,232.7033289
256000,21.36999939,0.215682996,232.7070886
256250,20.39999954,0.207698994,232.7272113
256500,23.87699947,0.310302495,232.6859851
256750,35.54099899,0.259363496,232.6976984
257000,27.33999901,0.304130992,232.7089307
257250,35.82899933,0.258898492,232.7244012
257500,31.45699921,0.363023486,232.690097
257750,48.23499863,0.291512494,232.674491
258000,23.40799942,0.293014495,232.6804028
258250,34.15299889,0.260048995,232.6838654
258500,32.31699905,0.375799989,232.7191522
258750,55.59999901,0.312073991,232.6872192
259000,30.06299957,0.366637486,232.6831091
259250,50.92599915,0.350142492,232.6763348
259500,44.21599854,0.411389489,232.674411
259750,61.16799896,0.342487988,232.6616974
260000,35.99799927,0.342934992,232.7182031
260250,46.635,0.299899989,232.7007861
260500,29.45399948,0.411224489,232.7018713
260750,62.01499847,0.368267992,232.6646869
261000,39.07799988,0.383396492,232.6888977
261250,58.19399872,0.348999988,232.7034827
261500,38.64999954,0.439175988,232.6792517
261750,67.1129982,0.412836493,232.6922882
262000,67.1129982,0.412836493,232.6922882
262250,31.39699944,0.37304149,232.6538843
262500,60.50999741,0.36619799,232.6778033
262750,43.85499802,0.398432485,232.6579871
263000,64.36999832,0.406247488,232.6584351
263250,46.20499847,0.378158993,232.6422809
263500,54.49999893,0.364381496,232.6823846
263750,42.55199829,0.429223986,232.6671545
264000,78.77999893,0.454800483,232.6699536
264250,53.4819986,0.427160984,232.6879626
264500,67.93999786,0.422008991,232.7248364
264750,40.2279995,0.371754485,232.6964508
265000,60.42099762,0.395501485,232.6892267
265250,51.73799911,0.396269989,232.6832434
265500,64.87999695,0.417443988,232.7152502
265750,37.32999924,0.336360984,232.707489
266000,49.45699936,0.379047986,232.7038513
266250,43.84699844,0.380601993,232.6911389
266500,63.45199905,0.418038495,232.6978589
266750,59.14599869,0.425756484,232.69612
267000,66.81499969,0.442748491,232.6791779
267250,58.05499939,0.374866496,232.7005609
267500,47.09399902,0.34661599,232.6982355
267750,43.03499908,0.384803488,232.6951691
268000,65.36099762,0.46483549,232.674035
268250,67.57999817,0.442472994,232.7074677
268500,67.57999817,0.442472994,232.7074677
268750,62.34099777,0.404908993,232.6802423
269000,49.55299789,0.340162996,232.7016852
269250,48.97299942,0.41292349,232.6781433
269500,68.67599854,0.482151986,232.658924
269750,60.79699768,0.382788992,232.7120837
270000,48.1019986,0.350322485,232.6907782
270250,41.8349971,0.340870993,232.6811871
270500,42.85599991,0.334782991,232.6762921
270750,46.67799866,0.349448494,232.7004492
271000,48.5459996,0.378074999,232.7150415
271250,52.55199783,0.408863499,232.710282
271500,59.74799927,0.432324492,232.6715845
271750,63.83999893,0.442162483,232.7035602
272000,70.09599884,0.460715983,232.6958673
272250,59.15399918,0.398319498,232.6925
272500,62.21599884,0.438023987,232.6918811
272750,66.78499878,0.476130482,232.695564
273000,80.33099701,0.533354491,232.6731378
273250,68.23999725,0.418057491,232.7059381
273500,57.70899963,0.421921489,232.6578748
273750,60.10399826,0.399573494,232.664585
274000,51.31099915,0.354096489,232.6759625
274250,49.30999924,0.406835487,232.6802258
274500,69.79499863,0.505955492,232.6508099
274750,58.04099899,0.385231493,232.6973529
275000,58.04099899,0.385231493,232.6973529
275250,60.9129985,0.495494494,232.6719305
275500,64.7609993,0.381419995,232.7141772
275750,51.91799835,0.392444488,232.6987067
276000,45.41199814,0.366138994,232.7235388
276250,70.62899887,0.573230981,232.6796344
276500,68.48699738,0.410862987,232.6787164
276750,72.23899918,0.567566983,232.6401385
277000,74.51599838,0.432433989,232.6777692
277250,63.62499832,0.461946989,232.6942566
277500,72.20799835,0.453267989,232.6787866
277750,61.32599899,0.35156549,232.740072
278000,50.79899933,0.525767488,232.6789056
278250,78.26199738,0.426126989,232.7038116
278500,31.60699959,0.256040491,232.7205231
278750,44.1519989,0.541737494,232.6547302
279000,116.1659982,0.735028982,232.6262268
279250,135.6499976,0.634631493,232.6677618
279500,54.32199875,0.504880993,232.6666351
279750,103.9999997,0.695467994,232.6426276
280000,93.86299652,0.491427484,232.6705872
280250,67.28599747,0.452085991,232.6683221
280500,52.06899841,0.354469486,232.6906897
280750,56.57899887,0.449972492,232.6697882
281000,67.47799805,0.435837988,232.6949219
281250,74.37099762,0.562462997,232.6374646
281500,74.37099762,0.562462997,232.6374646
281750,105.0709979,0.684152484,232.633761
282000,117.2329962,0.663299983,232.647948
282250,104.4049985,0.480761992,232.6580884
282500,52.40599915,0.411674495,232.6947302
282750,57.06299911,0.344866489,232.6720581
283000,29.75299889,0.246635495,232.6911554
283250,26.19299942,0.24666149,232.7063379
283500,28.84999916,0.292732487,232.7126276
283750,47.32999954,0.521515977,232.6777917
284000,117.326998,0.755176468,232.64289
284250,148.9629962,0.780670977,232.6299475
284500,136.4229965,0.689451485,232.6156805
284750,105.2359979,0.575452485,232.6535834
285000,68.35999908,0.364319997,232.6923047
285250,50.59199921,0.406588483,232.6857062
285500,58.32199982,0.370705485,232.6933521
285750,42.85699936,0.297393,232.7027612
286000,42.22599922,0.392051491,232.6872241
286250,57.72999893,0.341319491,232.6875793
286500,45.18799881,0.44455199,232.700155
286750,81.2439975,0.55918999,232.6676563
287000,94.3479953,0.586686988,232.6319379
287250,97.86099762,0.611517482,232.6463196
287500,111.6779968,0.662197485,232.6199365
287750,120.3589972,0.707716475,232.6286011
288000,120.3589972,0.707716475,232.6286011
288250,124.8309949,0.627522972,232.6337994
288500,59.5739978,0.328155994,232.6684998
288750,28.83999916,0.264163499,232.6940741
289000,31.33699921,0.335308996,232.6986731
289250,61.1369986,0.492805992,232.6640424
289500,55.68399879,0.400241991,232.7122485
289750,76.54799973,0.549599483,232.6618524
290000,65.8839975,0.393262991,232.6809613
290250,66.96399872,0.489160984,232.6708588
290500,55.34499939,0.360566489,232.6822418
290750,63.77399841,0.513074493,232.676076
291000,60.98599915,0.358511988,232.7011469
291250,62.1829995,0.492756479,232.6631952
291500,64.13599777,0.419601493,232.6574896
291750,78.76199768,0.538142982,232.6363971
292000,64.38599823,0.369572991,232.6926563
292250,60.91499954,0.490226991,232.6696198
292500,61.2589978,0.345720491,232.7061542
292750,55.46499924,0.482946992,232.6790668
293000,55.08599762,0.347576989,232.6864191
293250,57.92999802,0.481318985,232.6579053
293500,57.9889994,0.347823992,232.696604
293750,61.51399925,0.519048488,232.6463696
294000,64.74799835,0.35322,232.6918689
294250,41.88899948,0.307630996,232.6815161
294500,41.88899948,0.307630996,232.6815161
294750,50.99399918,0.426691489,232.6567529
295000,69.29899963,0.478097492,232.6592188
295250,74.53199783,0.432827483,232.6763226
295500,57.75799942,0.433785982,232.6630121
295750,57.40299805,0.347357492,232.701322
296000,43.34799835,0.434059995,232.6710999
296250,67.87999756,0.366231992,232.6664972
296500,46.62399933,0.411737491,232.6937628
296750,62.85099823,0.351981492,232.7002588
297000,39.32799889,0.418165995,232.6614093
297250,60.3779985,0.368065987,232.671745
297500,42.88799911,0.468960481,232.6601068
297750,81.71199783,0.399624488,232.6823694
298000,47.56499908,0.469222989,232.6810742
298250,75.89399689,0.434164486,232.6557703
298500,37.17099892,0.484257475,232.6679364
298750,82.06799911,0.4642565,232.6635883
299000,55.98599899,0.431374489,232.6782257
299250,69.19299835,0.402130491,232.6702917
299500,57.06799957,0.497829483,232.6455438
299750,79.49499847,0.460477488,232.679715
300000,43.34599831,0.470748991,232.6820282
300250,83.28499924,0.439846485,232.6871393
300500,50.60099884,0.439203478,232.6487622
300750,77.35899658,0.43974949,232.6645367
301000,77.35899658,0.43974949,232.6645367
301250,35.57399979,0.443921993,232.6505402
301500,73.05599762,0.438527991,232.6619696
301750,43.40899918,0.414325986,232.6695789
302000,76.4039978,0.435856992,232.6738336
302250,44.5889991,0.47520149,232.6903229
302500,85.88499878,0.498655984,232.6466272
302750,37.76599915,0.252700992,232.7055762
303000,36.39400009,0.470367483,232.6503613
303250,88.80300049,0.542135978,232.6856995
303500,42.88999931,0.447968485,232.6663
303750,93.8729985,0.524333491,232.6619458
304000,53.58899918,0.427224489,232.6725623
304250,84.95199951,0.512514488,232.6694269
304500,40.61399895,0.380634998,232.6929785
304750,66.03299988,0.476937482,232.6753534
305000,60.68099838,0.449992992,232.6862103
305250,84.60599823,0.527458489,232.6673291
305500,61.95299911,0.445470487,232.6483948
305750,78.11499878,0.510525491,232.6874744
306000,46.88099846,0.446639494,232.6957623
306250,100.1419977,0.613170489,232.6715558
306500,72.88999969,0.422975992,232.6683472
306750,74.855,0.504672482,232.6432013
307000,58.79199905,0.483865983,232.6522491
307250,97.75499939,0.613415992,232.6629523
307500,97.75499939,0.613415992,232.6629523
307750,64.29199913,0.468893491,232.6561621
308000,107.1589981,0.646029974,232.6318103
308250,74.20699799,0.478870476,232.6539368
308500,99.35399734,0.66633549,232.622594
308750,60.05599731,0.463388984,232.6331464
309000,93.39799591,0.65322299,232.638186
309250,92.40499664,0.509332988,232.654834
309500,96.19299805,0.604316471,232.6570734
309750,78.5239978,0.500746495,232.6661719
310000,93.99199829,0.618679986,232.6596075
310250,65.44399895,0.336715496,232.7026581
310500,32.79599953,0.354733497,232.7034045
310750,81.7709967,0.656940491,232.6353369
311000,94.83499863,0.508967981,232.6690106
311250,97.33899719,0.676600478,232.6450336
311500,97.42899811,0.457075483,232.6698724
311750,66.18099945,0.533747985,232.6927216
312000,75.32199799,0.480296496,232.6538251
312250,93.91799774,0.61520999,232.6647809
312500,78.97399567,0.403820498,232.6815796
312750,68.21899734,0.58600749,232.657146
313000,74.40099762,0.379978989,232.6928741
313250,54.42899811,0.483540982,232.6893939
313500,58.42899872,0.333634489,232.6829706
313750,24.32999908,0.236359991,232.6779651
314000,24.32999908,0.236359991,232.6779651
314250,32.98799934,0.352877997,232.6915302
314500,50.01899857,0.340570489,232.6732104
314750,43.8299971,0.346035491,232.7000281
315000,47.11299927,0.357232487,232.6823138
315250,45.3079982,0.329819995,232.7104596
315500,36.59499878,0.294695998,232.7091046
315750,40.98399902,0.349188496,232.6752106
316000,45.70099899,0.334339496,232.6982104
316250,50.40899826,0.429173487,232.6925079
316500,66.1269986,0.433991486,232.6833209
316750,63.3159996,0.424556484,232.6891406
317000,65.95099915,0.455685987,232.6537878
317250,72.37799805,0.480674989,232.6780426
317500,72.82999847,0.453753481,232.6682977
317750,61.00699936,0.390176483,232.7008099
318000,65.69399902,0.523283491,232.6604443
318250,82.94099854,0.474513488,232.6916595
318500,66.7409967,0.456792983,232.6539374
318750,74.35699768,0.523465481,232.6527234
319000,84.98799927,0.503408486,232.6720178
319250,76.5269989,0.470118989,232.6902344
319500,77.11599976,0.502886984,232.6580719
319750,77.05000305,0.513700008,232.6625977
320000,94.00699707,0.598975475,232.6254437
320250,104.2829968,0.616827984,232.6382007
320500,104.2829968,0.616827984,232.6382007
320750,101.4549963,0.563368485,232.6375555
321000,90.69400024,0.591823988,232.6519769
321250,108.1649966,0.630776975,232.6202881
321500,113.0429971,0.673108995,232.6385541
321750,120.0589975,0.691329453,232.6436493
322000,119.1339999,0.67731348,232.6563147
322250,117.7379965,0.657132494,232.6521613
322500,116.8769952,0.673462474,232.6474115
322750,121.8549976,0.651592987,232.6350336
323000,104.1189984,0.581494989,232.6588245
323250,102.8759985,0.651463985,232.6346985
323500,119.5509985,0.678915994,232.6116412
323750,118.1689957,0.693159983,232.5907147
324000,125.3439969,0.667897475,232.6328107
324250,109.5189966,0.61174098,232.6689374
324500,105.7699994,0.601218989,232.6576416
324750,108.7419968,0.662769001,232.6345862
325000,122.0579971,0.657761979,232.6406091
325250,110.0279971,0.649721987,232.621355
325500,119.0429971,0.658822486,232.6132587
325750,113.0919962,0.646759465,232.638075
326000,119.1239975,0.624488988,232.6497064
326250,104.8879977,0.643196483,232.645282
326500,114.6729968,0.620302479,232.6431616
326750,99.19799652,0.615195999,232.6433594
327000,99.19799652,0.615195999,232.6433594
327250,115.8399973,0.649557478,232.6393768
327500,113.987999,0.646504986,232.6544275
327750,115.1619986,0.621859984,232.6557367
328000,102.2259982,0.592219985,232.6479456
328250,104.5349997,0.58550498,232.6398187
328500,100.2469995,0.601996462,232.6356891
328750,112.0229984,0.63206398,232.6356738
329000,108.8669971,0.62203397,232.6441626
329250,108.6999969,0.608144484,232.622962
329500,103.3199973,0.583335984,232.6586627
329750,102.2149966,0.614029486,232.656947
330000,108.8069995,0.625079498,232.6432507
330250,106.9499969,0.609268987,232.637002
330500,106.2869968,0.648764997,232.6371619
330750,123.832999,0.692910976,232.6367719
331000,118.8269952,0.643629985,232.6490344
331250,111.5819974,0.663372481,232.6065381
331500,118.0269965,0.647503986,232.6468848
331750,105.2459967,0.577123485,232.6891388
332000,92.79299774,0.577807984,232.6561377
332250,104.0259988,0.624741986,232.6392188
332500,105.7569989,0.599234478,232.6616144
332750,101.3049991,0.576495492,232.651571
333000,94.10199707,0.594558494,232.6181537
333250,109.3989966,0.627656491,232.6162268
333500,109.3989966,0.627656491,232.6162268
333750,109.496998,0.665968981,232.6347546
334000,114.8289972,0.669205487,232.6360913
334250,112.7879959,0.650077477,232.6512109
334500,120.8029971,0.711625981,232.6300183
334750,136.4569983,0.73059799,232.6192828
335000,122.0239963,0.683008471,232.6385388
335250,128.3119965,0.739424472,232.6173798
335500,131.2859949,0.69216948,232.6473688
335750,117.0129953,0.662908998,232.6298419
336000,114.2779974,0.65578898,232.6288721
336250,122.2219968,0.709332476,232.6245624
336500,123.0199966,0.700324471,232.6429376
336750,128.2229974,0.732139981,232.6109717
337000,138.7089972,0.749936981,232.625329
337250,131.533999,0.696968491,232.6005225
337500,122.7779974,0.697766991,232.620307
337750,129.0169977,0.742983496,232.6228253
338000,120.1989972,0.640645983,232.6369867
338250,114.3659976,0.701040978,232.6339136
338500,125.5639972,0.709323492,232.6182806
338750,128.5139948,0.717587981,232.6336987
339000,123.0009961,0.687916481,232.626297
339250,123.6919974,0.70457098,232.6088263
339500,126.6909964,0.715190976,232.6287372
339750,124.2959979,0.704546475,232.6116016
340000,124.2959979,0.704546475,232.6116016
340250,127.3969974,0.72101748,232.6423706
340500,135.7109979,0.754748468,232.5963074
340750,141.7119971,0.754686472,232.6315948
341000,138.5129993,0.73346998,232.5852966
341250,135.1559985,0.74635849,232.6141235
341500,135.4959973,0.746077471,232.6101776
341750,136.347998,0.74986299,232.6144159
342000,135.9689984,0.754056492,232.6307458
342250,138.9709943,0.756273985,232.6247205
342500,134.6599982,0.707952483,232.637641
342750,130.6069995,0.721304972,232.6302753
343000,124.7019962,0.661630476,232.640116
343250,122.2279953,0.745474479,232.6194098
343500,135.5329965,0.692879488,232.5909625
343750,116.9739975,0.674130478,232.6245947
344000,110.5179977,0.620857987,232.6260986
344250,112.6629974,0.69198199,232.6408502
344500,120.8499988,0.639694488,232.6194983
344750,110.2049966,0.661513495,232.645332
345000,120.2829962,0.68340399,232.6211774
345250,116.6149985,0.626957986,232.6739673
345500,101.4939966,0.599984975,232.6431543
345750,104.9849979,0.63921298,232.6530499
346000,107.0579965,0.601467481,232.6488885
346250,97.00699799,0.568099484,232.6606018
346500,97.00699799,0.568099484,232.6606018
346750,96.23599884,0.58552999,232.6231946
347000,97.13399536,0.560858483,232.6774084
347250,88.29499786,0.530913992,232.6722827
347500,85.9030014,0.537981493,232.6864014
347750,90.01999939,0.552237482,232.6516174
348000,92.26800049,0.567209985,232.647442
348250,97.12799805,0.561254978,232.6415045
348500,92.05599701,0.526980484,232.6654681
348750,87.04499939,0.559199984,232.6538751
349000,99.54799744,0.62253098,232.6423151
349250,115.5129987,0.694031475,232.615611
349500,123.0319968,0.657933986,232.6388092
349750,114.0809979,0.658245485,232.656532
350000,121.2059967,0.685852993,232.6270996
350250,117.9509967,0.669924996,232.6339148
350500,118.0889987,0.662735972,232.6366498
350750,116.5029977,0.714676983,232.6137073
351000,135.2479987,0.718372483,232.6432263
351250,124.8649966,0.70553498,232.605249
351500,129.6840033,0.709460962,232.632475
351750,127.4180005,0.702355988,232.6478577
352000,128.5089981,0.725413983,232.6434576
352250,131.3239935,0.731460984,232.6171771
352500,135.3879962,0.735324488,232.606225
352750,137.6709961,0.732099493,232.6323132
353000,137.6709961,0.732099493,232.6323132
353250,135.9959995,0.705208988,232.6108105
353500,130.7159982,0.731563976,232.5976959
353750,134.2799988,0.74535548,232.5819073
354000,138.0819965,0.737338965,232.5860986
354250,130.8019971,0.705119982,232.6157544
354500,121.6179968,0.702467484,232.6218359
354750,133.4089972,0.695736961,232.6429303
355000,121.6569971,0.694547479,232.6225916
355250,129.0009967,0.7409185,232.6188123
355500,138.3480005,0.768641977,232.6051227
355750,145.4389978,0.752205474,232.6091241
356000,135.8699945,0.754730484,232.607298
356250,148.4829968,0.798738484,232.6186743
356500,147.0469983,0.749293482,232.6147711
356750,136.2099969,0.75028898,232.621203
357000,139.6599957,0.758291984,232.5941229
357250,139.4359973,0.735893981,232.5990741
357500,129.5729987,0.746708469,232.6262079
357750,141.4069958,0.78822247,232.5970313
358000,152.9109961,0.80057447,232.6154187
358250,153.2759937,0.788186495,232.6029083
358500,133.6889987,0.715571485,232.6412659
358750,132.6689978,0.743370469,232.6170886
359000,130.5919965,0.688942497,232.6119214
359250,107.4029996,0.640829976,232.6250903
359500,107.4029996,0.640829976,232.6250903
359750,119.448996,0.737114503,232.6235553
360000,148.3989954,0.776390989,232.6090112
360250,141.0549957,0.757151978,232.6064337
360500,146.447998,0.78595448,232.5938733
360750,139.3359967,0.7103825,232.6287134
361000,121.9199966,0.720826969,232.5977368
361250,139.1949994,0.778501472,232.599115
361500,148.8119952,0.767275488,232.5919531
361750,136.4769958,0.730425482,232.6273212
362000,137.335,0.762787967,232.6203137
362250,134.6809979,0.737852983,232.6101373
362500,141.2169965,0.771832485,232.6176331
362750,134.5509979,0.716688986,232.6363763
363000,134.607998,0.758923976,232.6041309
363250,134.4679962,0.687264991,232.6363873
363500,119.4549963,0.683003492,232.6226184
363750,128.3729971,0.744970982,232.5960596
364000,137.2140002,0.742413986,232.5989838
364250,131.4149948,0.741342006,232.6138409
364500,137.7719989,0.743750989,232.6144196
364750,131.2959973,0.682316489,232.598717
365000,124.2419986,0.722603481,232.5932416
365250,127.7719971,0.668207986,232.6359003
365500,116.0419968,0.671532476,232.6237799
365750,121.8679962,0.723182979,232.6340198
366000,121.8679962,0.723182979,232.6340198
366250,125.5209982,0.677924476,232.6254248
366500,118.0799976,0.677693,232.6206549
366750,116.1049988,0.654646993,232.6451611
367000,122.1479984,0.719364989,232.6265216
367250,123.8179968,0.663902485,232.6311847
367500,117.6509976,0.682595983,232.6400189
367750,116.5299973,0.62713048,232.6316589
368000,111.1149982,0.685554497,232.6159979
368250,122.2789954,0.653183963,232.6479456
368500,115.3169974,0.704894478,232.5892883
368750,128.8889972,0.694476981,232.6357623
369000,122.9659964,0.68482599,232.6282574
369250,114.5319965,0.636796494,232.6291364
369500,110.8759995,0.641755483,232.6302979
369750,106.9609973,0.599432487,232.6494031
370000,94.12600037,0.544282992,232.6714575
370250,89.42500305,0.554021988,232.679425
370500,88.715,0.52755748,232.6325208
370750,91.10799957,0.606806486,232.6489069
371000,102.138999,0.576308479,232.6644171
371250,89.64999695,0.528889987,232.6607629
371500,91.95999969,0.589139478,232.6816089
371750,101.5219983,0.575675483,232.6611761
372000,95.43499634,0.600828478,232.6580579
372250,101.6529962,0.581231992,232.6322705
372500,101.6529962,0.581231992,232.6322705
372750,92.56999847,0.549044473,232.6610406
373000,91.49699738,0.543578992,232.6622119
373250,92.78499908,0.560885997,232.6463538
373500,93.4719986,0.556615472,232.6667633
373750,95.45799835,0.542996488,232.6639136
374000,87.11899719,0.568076994,232.6767322
374250,92.86999573,0.553213985,232.6457446
374500,95.4319989,0.596663482,232.6580267
374750,95.32499878,0.540369986,232.67677
375000,80.71999695,0.496077991,232.6378906
375250,80.97299805,0.488975482,232.6725366
375500,77.84299835,0.507282493,232.6697217
375750,85.07699921,0.520093476,232.6542181
376000,84.15000153,0.517409986,232.6586401
376250,85.50099823,0.528319485,232.6726831
376500,85.33399994,0.511786487,232.6786023
376750,82.34499695,0.525699983,232.6682513
377000,88.7409967,0.521596981,232.6541241
377250,76.87099884,0.510248994,232.648042
377500,81.24299622,0.478246493,232.6826575
377750,72.25199799,0.469053487,232.6622833
378000,77.19199768,0.544148488,232.6650653
378250,95.50099731,0.578284984,232.6231854
378500,95.86899719,0.552583978,232.6392676
378750,90.57400085,0.564147995,232.6413544
379000,90.57400085,0.564147995,232.6413544
379250,95.23300018,0.577414503,232.6483942
379500,96.27399963,0.585429494,232.6251691
379750,102.8879984,0.62999198,232.6508179
380000,110.175997,0.637040987,232.6478754
380250,107.8079971,0.636870477,232.6617291
380500,115.7499988,0.63895699,232.6391644
380750,110.7499976,0.699833481,232.6344263
381000,135.4129993,0.745613489,232.6086523
381250,131.8799976,0.745331478,232.6036646
381500,140.2349951,0.773966973,232.5920111
381750,140.4899982,0.72643096,232.6249768
382000,132.0829968,0.720002978,232.6281854
382250,130.9189957,0.751455469,232.6419238
382500,148.5149963,0.790713978,232.6042969
382750,153.7069946,0.813532481,232.6029468
383000,160.0659967,0.817247469,232.5861627
383250,157.9710004,0.840728471,232.5721375
383500,176.9919965,0.889273982,232.560752
383750,175.7569965,0.866536977,232.5848499
384000,166.8909991,0.821285973,232.5867468
384250,149.96,0.77086848,232.6026752
384500,148.7269952,0.807040484,232.5977716
384750,162.368999,0.841855483,232.6019794
385000,167.4299963,0.825066969,232.6087378
385250,153.9949988,0.791146986,232.6146973
385500,153.9949988,0.791146986,232.6146973
385750,152.7459979,0.819772985,232.595603
386000,168.9239954,0.860168467,232.5960815
386250,168.0459967,0.833036976,232.602337
386500,160.962998,0.838147464,232.5959058
386750,175.7099976,0.882778461,232.5923438
387000,182.6649951,0.904580989,232.5880652
387250,180.4089984,0.891430461,232.5821143
387500,188.7839935,0.922478974,232.5757062
387750,186.9609991,0.89959697,232.5795239
388000,183.2779932,0.884519973,232.5545374
388250,170.4639978,0.862480967,232.5591309
388500,183.4829968,0.915452974,232.5650513
388750,187.8419977,0.923567476,232.5285693
389000,192.6770013,0.933761468,232.5451923
389250,188.1109967,0.882933466,232.5812787
389500,177.8249976,0.88504998,232.5654889
389750,176.4699976,0.876926479,232.5502441
390000,182.8739954,0.891428466,232.5741608
390250,174.3919983,0.85267097,232.6059692
390500,160.520993,0.807691483,232.5794983
390750,150.567998,0.787325475,232.6213647
391000,152.7839948,0.808504488,232.595058
391250,149.5329956,0.756439495,232.6177393
391500,141.0309943,0.768172972,232.6293542
391750,148.8369971,0.796920478,232.6363293
392000,148.8369971,0.796920478,232.6363293
392250,148.5739948,0.778857489,232.6271863
392500,148.7949976,0.798001485,232.6118408
392750,147.4849988,0.752207971,232.6264905
393000,133.4169995,0.731787999,232.6074585
393250,137.6729987,0.756827488,232.6182336
393500,142.0079962,0.739773469,232.6295441
393750,132.0609979,0.722631996,232.6189294
394000,132.5379968,0.720529485,232.6006891
394250,130.2750003,0.705001469,232.6329034
394500,128.5709967,0.738128481,232.6165851
394750,137.9069971,0.73887949,232.6291455
395000,130.650997,0.697077971,232.6289783
395250,120.7309949,0.683243477,232.6046033
395500,120.3779974,0.659241984,232.6185852
395750,114.5589975,0.665277481,232.6189868
396000,123.8099957,0.707345481,232.6331464
396250,126.0489941,0.702128482,232.6388586
396500,114.8379959,0.628809481,232.6429474
396750,102.0069986,0.57334949,232.6552844
397000,89.6409967,0.554366481,232.66552
397250,104.9789993,0.66039048,232.6063959
397500,105.6089981,0.530384483,232.6548492
397750,76.01299683,0.508351984,232.626651
398000,86.35999695,0.518351481,232.6654767
398250,87.91499908,0.537400992,232.6530493
398500,87.91499908,0.537400992,232.6530493
398750,80.39599823,0.443632493,232.6700018
399000,65.34399933,0.466626487,232.6875317
399250,70.26899948,0.411545484,232.6777307
399500,59.20799881,0.401437995,232.7121851
399750,59.1559993,0.392401985,232.7065479
400000,54.28099884,0.350612482,232.7001318
400250,49.06599762,0.345386484,232.6816339
400500,48.80599991,0.335380498,232.6719055
400750,46.15199844,0.32809149,232.6810028
401000,47.83799942,0.344381,232.645697
401250,48.83299896,0.376773494,232.6647742
401500,55.43499908,0.344764993,232.6583624
401750,48.32999924,0.361714495,232.6641785
402000,52.21899887,0.354331989,232.7035291
402250,48.24599854,0.317555486,232.6785309
402500,44.29399872,0.366450988,232.6569708
402750,54.31799728,0.368344492,232.6785535
403000,49.67999924,0.32085899,232.6876343
403250,41.74999939,0.339266994,232.6695941
403500,55.34999847,0.417882993,232.6743634
403750,64.34899704,0.369856498,232.6906659
404000,39.48599991,0.297879491,232.6881451
404250,43.7719989,0.371600487,232.6850909
404500,56.4529982,0.428635484,232.6704266
404750,64.85499863,0.373994492,232.691839
405000,64.85499863,0.373994492,232.691839
405250,43.41899933,0.325922991,232.7250568
405500,44.98099854,0.325855494,232.7042255
405750,42.76899734,0.300153989,232.6821936
406000,40.5159993,0.338197985,232.6828815
406250,49.69499847,0.348442988,232.6574573
406500,48.31499619,0.32071999,232.6898505
406750,50.33099838,0.468284986,232.661673
407000,84.99199829,0.521792489,232.6625067
407250,72.28499817,0.466053991,232.6432684
407500,76.98399841,0.498562987,232.66565
407750,87.15399841,0.546795492,232.6362103
408000,95.76399658,0.609034982,232.6526587
408250,107.2449976,0.634442985,232.6135089
408500,107.1019986,0.622222497,232.6236877
408750,104.3519971,0.602528489,232.6342731
409000,105.9399982,0.624373999,232.6164087
409250,111.123999,0.643033485,232.6155206
409500,105.9359958,0.587727981,232.6581616
409750,102.7229984,0.655483985,232.6418011
410000,126.4729974,0.722677982,232.6281067
410250,135.2199976,0.741735976,232.606203
410500,135.6559985,0.714766979,232.6437939
410750,127.5369983,0.740405989,232.6084253
411000,149.4729968,0.795253468,232.6026422
411250,153.2209961,0.783829987,232.6136127
411500,153.2209961,0.783829987,232.6136127
411750,145.9349951,0.788192465,232.6307855
412000,155.1029956,0.808720992,232.5937726
412250,156.8129962,0.835816483,232.6085944
412500,174.6239978,0.883755479,232.5735931
412750,176.535,0.883611476,232.5537048
413000,176.2769971,0.869684973,232.5832751
413250,171.8259821,0.870879467,232.5910724
413500,185.6969946,0.941951478,232.5647479
413750,196.8589978,0.94037647,232.5886438
414000,195.7739966,0.935549474,232.5880121
414250,190.2839941,0.940382485,232.5578503
414500,204.2219977,0.990269969,232.5536652
414750,212.4369971,0.984150476,232.5573853
415000,192.453996,0.912890472,232.5598517
415250,187.5500018,0.91538698,232.5607538
415500,191.5350018,0.944830985,232.5632349
415750,201.3579993,0.962980497,232.56953
416000,192.1709985,0.904479473,232.5889453
416250,189.9359943,0.959831457,232.5674915
416500,207.4419952,0.984666958,232.5304431
416750,206.2939948,0.995331972,232.5528748
417000,220.9279956,1.05924047,232.5248499
417250,224.2379944,1.021084969,232.5582971
417500,204.0419922,0.950384979,232.551731
417750,203.9419995,0.983626959,232.548891
418000,203.9419995,0.983626959,232.548891
418250,202.7299957,0.942918479,232.5879791
418500,193.027995,0.947448976,232.5705225
418750,200.3469983,0.937952476,232.5406897
419000,187.7639893,0.90269098,232.5849188
419250,182.2759937,0.898933971,232.5594165
419500,191.1109973,0.928905482,232.5678033
419750,191.7179956,0.927715979,232.5808765
420000,188.1210016,0.901709971,232.5709302
420250,181.2769971,0.886342483,232.5707477
420500,177.5269916,0.862173474,232.5891364
420750,175.6009973,0.880955994,232.5875354
421000,173.9119958,0.850371981,232.5995935
421250,169.4969958,0.846489477,232.5856348
421500,171.1449982,0.86463449,232.5873059
421750,169.7700006,0.852747991,232.5968579
422000,169.352998,0.818283966,232.6267163
422250,164.1920007,0.865868983,232.5978839
422500,171.5880005,0.835800967,232.6099884
422750,156.5059961,0.772516479,232.6322675
423000,142.3899976,0.773390994,232.6123468
423250,148.9459979,0.788751979,232.6088635
423500,152.0779944,0.79206948,232.6112988
423750,155.2759955,0.812995477,232.5818036
424000,157.491994,0.791743472,232.5929224
424250,149.2549927,0.781764987,232.601059
424500,149.2549927,0.781764987,232.601059
424750,139.9169952,0.702630501,232.6047852
425000,122.9339975,0.691116478,232.6434827
425250,123.1479968,0.716726494,232.6134204
425500,125.6389969,0.675192468,232.6410486
425750,110.0169989,0.615558994,232.6665765
426000,100.9519986,0.586110482,232.6625958
426250,99.94499725,0.592467475,232.6426038
426500,97.39099945,0.575146978,232.6631378
426750,93.44799744,0.539659489,232.6796759
427000,86.51499847,0.531818988,232.6488654
427250,81.60999664,0.484955994,232.6604114
427500,73.08999908,0.488037484,232.6536078
427750,74.30799713,0.448082988,232.6712036
428000,64.22499908,0.38762349,232.6706012
428250,51.61499832,0.361533991,232.6778967
428500,50.77399857,0.353936487,232.70729
428750,49.07499695,0.351697489,232.6792572
429000,50.9399971,0.381563494,232.7058276
429250,54.95099945,0.369262487,232.7287543
429500,55.89099823,0.415417998,232.6737952
429750,60.99099838,0.368007491,232.6714764
430000,48.32699936,0.400722495,232.6980658
430250,58.55599838,0.372952996,232.7090912
430500,44.18899979,0.325971994,232.7320715
430750,43.14799911,0.299823996,232.7377783
431000,43.14799911,0.299823996,232.7377783
431250,37.64199936,0.296324493,232.7116351
431500,38.0419989,0.299857994,232.71789
431750,39.77699829,0.304724493,232.7092407
432000,42.15899826,0.325237494,232.6975299
432250,44.95599823,0.314276992,232.7204169
432500,41.39099823,0.317083993,232.6790588
432750,44.91899872,0.325590492,232.6973474
433000,44.85399811,0.310112497,232.7169537
433250,35.74599899,0.294214991,232.7024426
433500,40.45899933,0.307992994,232.6995123
433750,44.03899902,0.31507349,232.6867371
434000,39.29499969,0.30087249,232.712323
434250,40.8229985,0.301662002,232.7138348
434500,42.2909996,0.319981986,232.7216473
434750,42.11099808,0.303222995,232.7386041
435000,41.59599884,0.309291495,232.7221124
435250,48.04299835,0.388642993,232.7074164
435500,63.50299835,0.400377985,232.6859778
435750,51.34299911,0.348188998,232.6809296
436000,51.91399933,0.411688991,232.6910657
436250,68.76499893,0.449844986,232.6932263
436500,63.01999863,0.409980487,232.6800574
436750,63.34499771,0.422972494,232.6722083
437000,63.22399887,0.392686492,232.7138971
437250,54.14599838,0.347636987,232.7254095
437500,54.14599838,0.347636987,232.7254095
437750,50.90399841,0.401122494,232.6845709
438000,69.18399841,0.485127486,232.6400269
438250,79.18399811,0.503561481,232.6634241
438500,85.64199677,0.519266989,232.6805884
438750,83.47399811,0.525602481,232.6673608
439000,86.56399658,0.529115987,232.6551074
439250,86.91099945,0.536815993,232.6636023
439500,94.59399628,0.599937479,232.6470996
439750,109.2749985,0.633589985,232.6427307
440000,106.0279971,0.60526798,232.6561145
440250,101.318996,0.622564502,232.6533948
440500,111.367999,0.676889486,232.6392102
440750,127.9499985,0.726134977,232.6325702
441000,131.5659991,0.718673484,232.6365948
441250,131.8669971,0.715365484,232.6155682
441500,114.7799985,0.641222479,232.6607544
441750,114.1279965,0.688161991,232.6418823
442000,124.8979996,0.745080979,232.6221307
442250,147.1159979,0.795076487,232.6109113
442500,145.2379956,0.776025486,232.6045422
442750,149.2749988,0.812999978,232.6266656
443000,162.2129999,0.843795476,232.6179865
443250,175.3259979,0.877333479,232.5826007
443500,170.7709955,0.858677468,232.563913
443750,179.1129956,0.906415482,232.5845728
444000,179.1129956,0.906415482,232.5845728
444250,189.463996,0.925689476,232.5626886
444500,187.5719983,0.905129478,232.5881079
444750,187.7389966,0.929143474,232.5652258
445000,197.6879956,0.96187597,232.5754156
445250,204.1629962,0.969920962,232.5854016
445500,208.9459961,1.013255968,232.5641632
445750,218.4979913,1.026148982,232.5355524
446000,213.398996,0.978813479,232.5836096
446250,204.118996,0.99000047,232.5515924
446500,212.0049963,0.995674987,232.559035
446750,208.758996,0.983070478,232.5928265
447000,206.8429974,0.994187963,232.544035
447250,205.7469946,0.942961485,232.5413776
447500,197.5389941,0.969918468,232.575777
447750,203.3339966,0.970893984,232.5815375
448000,208.447995,0.990093977,232.5651715
448250,208.6279962,0.982826979,232.5405762
448500,206.858999,0.976655481,232.5780402
448750,205.8469971,0.994575472,232.5547296
449000,214.3359949,1.012387474,232.5419922
449250,207.513996,0.949990969,232.5635638
449500,197.7069916,0.96539747,232.5891241
449750,203.3669928,0.940468981,232.5682739
450000,191.138996,0.915092971,232.5692572
450250,182.3169952,0.879567471,232.5999066
450500,182.3169952,0.879567471,232.5999066
450750,180.1419922,0.886044483,232.5775641
451000,180.0109961,0.876772976,232.591593
451250,177.7059955,0.882542481,232.5568866
451500,180.7069965,0.883927462,232.5724994
451750,184.5009949,0.934901483,232.5966583
452000,191.5629926,0.899478467,232.5959863
452250,183.238996,0.899707479,232.5584167
452500,184.4409961,0.892240472,232.5713788
452750,176.9809973,0.862367489,232.5847601
453000,168.228996,0.819020984,232.6040564
453250,162.3529962,0.857862968,232.5682806
453500,171.2159967,0.838163984,232.5936401
453750,159.1170001,0.787092488,232.6037476
454000,152.9429974,0.832289977,232.6036322
454250,163.3039941,0.807713997,232.6262122
454500,156.7939972,0.845313468,232.6072522
454750,172.2199969,0.83653347,232.5804077
455000,157.8609967,0.808677983,232.5917352
455250,150.8419922,0.755836992,232.6054919
455500,137.6669952,0.717277973,232.621394
455750,129.4259979,0.738569479,232.650498
456000,144.0809985,0.789237981,232.6248407
456250,146.1349969,0.754913502,232.5904889
456500,136.7309985,0.749088986,232.6015857
456750,138.9299976,0.735145495,232.6263074
457000,138.9299976,0.735145495,232.6263074
457250,129.300997,0.67427598,232.6234808
457500,113.5689972,0.626206491,232.6560913
457750,106.0609979,0.62733099,232.6605621
458000,107.7829956,0.611222484,232.6342358
458250,104.6129971,0.600882986,232.6579285
458500,101.5199963,0.588631985,232.6695471
458750,92.85699829,0.546051497,232.6652747
459000,90.14399841,0.539338984,232.6555231
459250,83.18799652,0.501878494,232.6557458
459500,77.39199677,0.477464494,232.6663861
459750,76.10099915,0.459843491,232.6736591
460000,67.92499817,0.44881699,232.6646277
460250,66.70999908,0.416613998,232.6404034
460500,52.41999756,0.351533986,232.6371802
460750,51.45299957,0.397150487,232.6546826
461000,64.27799866,0.397431988,232.6426166
461250,54.84499908,0.384371496,232.6653046
461500,61.23799835,0.391671997,232.687049
461750,43.96099854,0.337596495,232.6857605
462000,48.61699829,0.334420992,232.6722662
462250,43.09400024,0.299028486,232.7083533
462500,35.35400009,0.296893491,232.6864661
462750,40.33999908,0.30246549,232.6519305
463000,39.44299942,0.298631997,232.6751135
463250,36.65999893,0.32484199,232.6500891
463500,36.65999893,0.32484199,232.6500891
463750,50.95899826,0.339024493,232.6572662
464000,41.33499878,0.298475496,232.6753845
464250,37.87099854,0.296327987,232.6815076
464500,38.42199936,0.299313493,232.6989215
464750,41.13899918,0.316482996,232.6966339
465000,41.15099915,0.297892491,232.6851563
465250,37.23799881,0.295983492,232.6767145
465500,38.49700012,0.300349495,232.6904437
465750,40.43099899,0.316368493,232.6928516
466000,47.39299911,0.33991799,232.7014569
466250,46.74199783,0.317513993,232.683833
466500,43.2269989,0.317765491,232.6789056
466750,37.79999939,0.312133487,232.7004187
467000,48.81799896,0.329733992,232.6810986
467250,40.58799881,0.306733495,232.6954907
467500,42.74000061,0.342113994,232.6811053
467750,53.31799896,0.353115989,232.684129
468000,49.70799835,0.347861997,232.6917926
468250,43.06199936,0.341292495,232.6766888
468500,59.28499817,0.410050985,232.672782
468750,56.66499939,0.363400487,232.6915997
469000,52.45499954,0.363030484,232.6748505
469250,53.12499847,0.367536498,232.6702673
469500,54.00399963,0.410945991,232.6522644
469750,79.08499771,0.572211494,232.6486584
470000,79.08499771,0.572211494,232.6486584
470250,94.72199921,0.537912986,232.6354248
470500,85.4139978,0.495163991,232.6442267
470750,75.84399902,0.481278996,232.6378741
471000,67.70299927,0.407203991,232.678891
471250,61.60299896,0.418489001,232.6442242
471500,74.20499786,0.53999249,232.6432971
471750,96.77799713,0.611998484,232.6537701
472000,96.21899597,0.551171486,232.6508496
472250,98.75099579,0.654437988,232.651322
472500,121.3869968,0.690178492,232.6110895
472750,114.7939978,0.669248989,232.6099628
473000,126.4119983,0.744714489,232.6203986
473250,136.022995,0.72068099,232.6177942
473500,114.2859958,0.620019987,232.638515
473750,121.7609973,0.745566983,232.5822351
474000,132.2809943,0.704228983,232.6248022
474250,125.1259967,0.722746973,232.6087366
474500,143.2699963,0.800491996,232.576217
474750,151.9939966,0.787181494,232.5934027
475000,147.3309985,0.780490482,232.6085797
475250,147.2199963,0.778047984,232.6227521
475500,140.2749963,0.749088976,232.6331482
475750,138.9739972,0.750258975,232.6046417
476000,143.3439954,0.778183479,232.5980011
476250,153.1269995,0.824472978,232.5981616
476500,153.1269995,0.824472978,232.5981616
476750,161.1749951,0.801746483,232.6049799
477000,147.4429968,0.768835974,232.5987988
477250,148.6249969,0.802144973,232.5965381
477500,158.2379974,0.828238976,232.5832581
477750,171.9789954,0.890428996,232.5750183
478000,177.1769958,0.839946485,232.5703693
478250,162.7029993,0.829955485,232.6194708
478500,159.7319977,0.771169491,232.5889044
478750,149.236994,0.806927483,232.600188
479000,155.3049976,0.802562997,232.5932257
479250,155.2599969,0.78451648,232.6287
479500,153.908999,0.807158482,232.5724255
479750,153.9219983,0.796741464,232.591499
480000,152.8459991,0.790677493,232.5786438
480250,150.8979938,0.800316987,232.5914423
480500,159.0890009,0.829952979,232.570155
480750,165.8339966,0.836934469,232.5804742
481000,164.5429993,0.819831467,232.5679303
481250,163.8429956,0.846886978,232.5672833
481500,172.9539929,0.818429973,232.5718475
481750,146.9219952,0.76577446,232.6046899
482000,141.6969989,0.761629481,232.6053778
482250,145.2579999,0.799518991,232.5939618
482500,163.2599963,0.818589969,232.5790826
482750,159.1699988,0.813347969,232.5782184
483000,159.1699988,0.813347969,232.5782184
483250,155.7299969,0.787698009,232.5818982
483500,152.4619995,0.819333978,232.6066907
483750,165.1339996,0.80907897,232.5742505
484000,148.3539954,0.752817481,232.5927783
484250,137.7159943,0.75432399,232.60349
484500,142.0339935,0.764525485,232.592738
484750,145.3329999,0.782016988,232.5843433
485000,145.8809979,0.779747479,232.5992108
485250,149.4409961,0.776782491,232.6067548
485500,141.7929974,0.717479987,232.6159467
485750,125.3739969,0.729143476,232.5942328
486000,141.2539957,0.732047973,232.569884
486250,121.7619977,0.69252248,232.6021069
486500,123.1229971,0.684259987,232.5955145
486750,120.5739987,0.66381398,232.6085052
487000,116.0099969,0.650585985,232.6266498
487250,113.1019971,0.647655985,232.6104755
487500,119.5489978,0.700183966,232.5842346
487750,122.1629962,0.658821497,232.6315552
488000,99.7909967,0.579964492,232.6469525
488250,102.2069971,0.614397979,232.6258722
488500,100.5689981,0.577199483,232.6306665
488750,96.93999756,0.558641469,232.6257703
489000,86.20599701,0.519421482,232.6251697
489250,87.29099731,0.527325988,232.6442969
489500,87.29099731,0.527325988,232.6442969
489750,84.60500031,0.515256996,232.6424249
490000,79.46499878,0.496992491,232.6612592
490250,80.04299957,0.530747983,232.6189069
490500,91.62299744,0.562471483,232.637121
490750,85.60899689,0.471250489,232.6574792
491000,69.52599976,0.433754481,232.6386981
491250,67.97499725,0.472879499,232.6463373
491500,77.3789975,0.495813489,232.6262671
491750,83.32199707,0.557757986,232.6417627
492000,99.4869986,0.592119987,232.6540173
492250,97.81199768,0.54856498,232.6098987
492500,87.62199921,0.513641486,232.6106744
492750,82.32799713,0.521905501,232.6186432
493000,88.87999786,0.55354048,232.6273608
493250,76.83999908,0.459638492,232.6300116
493500,80.49299759,0.558060489,232.6224756
493750,99.26999817,0.598006485,232.606203
494000,101.0039972,0.578205976,232.6634906
494250,94.21899872,0.540661492,232.6417798
494500,88.09499664,0.569571493,232.6393372
494750,97.92499847,0.566222489,232.6058026
495000,90.25899902,0.550438986,232.6325201
495250,91.09399841,0.564761484,232.6316504
495500,94.13899719,0.541098983,232.6491388
495750,93.46299744,0.569938984,232.6266266
496000,93.46299744,0.569938984,232.6266266
496250,88.3119986,0.514473981,232.6636023
496500,92.07999664,0.589882495,232.6510248
496750,90.20099915,0.536020977,232.6694812
497000,94.03299683,0.59388798,232.6179761
497250,96.33299774,0.556883993,232.6522906
497500,95.07799957,0.57562299,232.6427948
497750,99.02199829,0.591180978,232.6179291
498000,108.3729971,0.660912988,232.6259473
498250,119.607995,0.682303975,232.6127136
498500,114.4579977,0.627910976,232.6150903
498750,104.297998,0.62088099,232.6298828
499000,109.5899982,0.618030486,232.619234
499250,103.5159973,0.613781981,232.6288354
499500,106.1899982,0.631047983,232.6261292
499750,111.5609949,0.649115484,232.609491
500000,110.217998,0.64971698,232.6325543
500250,114.827998,0.660463982,232.6230908
500500,122.3209964,0.700726466,232.6401849
500750,130.6519989,0.735170469,232.624585
501000,132.7329974,0.710568466,232.6246405
501250,137.1919955,0.777167971,232.6021783
501500,144.4050006,0.729351482,232.6207703
501750,128.2839969,0.703010967,232.6218597
502000,130.4359985,0.731595485,232.6058655
502250,141.1209973,0.76906199,232.6088336
502500,141.1209973,0.76906199,232.6088336
502750,146.5899951,0.804639997,232.5900488
503000,152.7809967,0.775320992,232.6028656
503250,150.5309949,0.795967491,232.5933929
503500,155.7459937,0.824732468,232.5665942
503750,166.6599957,0.84421098,232.5740344
504000,173.56,0.864099979,232.5932086
504250,170.6979932,0.830932484,232.5721759
504500,166.2819946,0.865349967,232.5343549
504750,178.6189935,0.888403983,232.5640582
505000,184.3739917,0.927329981,232.5460803
505250,191.3129974,0.897221489,232.5724994
505500,184.8139984,0.915909495,232.5529999
505750,191.1579974,0.926591978,232.5525604
506000,191.5539966,0.925959473,232.5578101
506250,187.8910004,0.904490988,232.5512653
506500,183.5359937,0.870889988,232.5605621
506750,177.3249957,0.935424984,232.5540759
507000,197.9159998,0.925105488,232.5388727
507250,189.7599939,0.900917478,232.5198499
507500,179.6679987,0.861203485,232.5735614
507750,169.5959967,0.860945485,232.5590979
508000,177.3619965,0.886562977,232.5677808
508250,176.0879993,0.836770968,232.5925891
508500,158.7439966,0.81175998,232.5760419
508750,158.7439966,0.802662485,232.5838647
509000,158.7439966,0.802662485,232.5838647
509250,156.5479968,0.817162483,232.5578888
509500,159.1969971,0.798135478,232.5904114
509750,149.5689978,0.784527485,232.5772711
510000,150.6019952,0.771898973,232.5810492
510250,139.7679956,0.730050991,232.5825702
510500,124.2739975,0.659083984,232.6133636
510750,120.1749973,0.713756483,232.5983746
511000,132.7159952,0.761790493,232.5942883
511250,141.0729962,0.678815997,232.6135565
511500,108.0490002,0.617553477,232.6377448
511750,105.6659979,0.668534982,232.6265222
512000,121.3829959,0.637644489,232.6411871
512250,111.5839978,0.687104475,232.5873145
512500,126.2099918,0.665037479,232.6437317
512750,108.3849973,0.631556993,232.5942419
513000,110.3239975,0.62644748,232.6315057
513250,105.0229965,0.598705485,232.6461694
513500,92.61099915,0.56869298,232.6569781
513750,92.83099823,0.548219991,232.658913
514000,89.40500092,0.533828485,232.6632355
514250,87.34799713,0.54789247,232.6769849
514500,92.1959967,0.531548986,232.6647382
514750,85.56099884,0.502669981,232.6968994
515000,75.20199615,0.500344985,232.6856165
515250,83.24599854,0.498351482,232.6687158
515500,83.24599854,0.498351482,232.6687158
515750,73.77499847,0.468170487,232.6788
516000,74.11399963,0.495059482,232.6610181
516250,83.64699829,0.492283491,232.6553058
516500,72.28099823,0.458555988,232.6689063
516750,71.78499847,0.468397496,232.6397144
517000,69.31699738,0.524137986,232.6618817
517250,95.44199615,0.530565492,232.6556433
517500,71.3329985,0.425904988,232.6999286
517750,69.94399963,0.470994481,232.6789459
518000,69.28699722,0.400492486,232.6508734
518250,49.37399963,0.362080497,232.6575323
518500,62.59199799,0.456128488,232.6724512
518750,67.59999817,0.459831482,232.6677777
519000,78.57799744,0.530556989,232.6448969
519250,91.11399811,0.531253974,232.6418414
519500,80.04599792,0.488417991,232.6532178
519750,82.89899689,0.547378986,232.6526239
520000,90.93899994,0.518931978,232.6552588
520250,77.92999878,0.466001989,232.6481696
520500,70.34099854,0.486555489,232.6449542
520750,82.22999908,0.498006481,232.6533624
521000,67.93799911,0.40293749,232.6760193
521250,56.61799896,0.398804985,232.6797626
521500,66.82399918,0.467522491,232.6840326
521750,71.85399811,0.463221488,232.6710645
522000,71.85399811,0.463221488,232.6710645
522250,73.21299866,0.452551489,232.6625793
522500,62.71899811,0.417454487,232.6620917
522750,59.79899933,0.412529988,232.640777
523000,70.27199829,0.47854449,232.6776575
523250,77.59999969,0.511829981,232.6611475
523500,85.73199768,0.491363983,232.6566351
523750,65.39700043,0.42026299,232.653905
524000,71.51999847,0.51833848,232.6368335
524250,91.04499969,0.537026994,232.6520746
524500,84.97499817,0.518362983,232.6383618
524750,88.87899719,0.566230986,232.6219385
525000,93.23799622,0.523274975,232.6405542
525250,87.58099701,0.577041972,232.651347
525500,96.25899963,0.574884493,232.6284039
525750,95.55599854,0.585538483,232.6416321
526000,102.8759964,0.608545489,232.6422186
526250,97.02799835,0.538811483,232.682569
526500,90.40700012,0.583907998,232.6566028
526750,103.6249982,0.640482492,232.6301617
527000,112.1799997,0.65140898,232.6399506
527250,108.6259979,0.621685989,232.6590106
527500,106.5139981,0.586570475,232.6484412
527750,106.9809979,0.667774479,232.6112115
528000,118.9319952,0.67332499,232.6036969
528250,116.9099976,0.652272983,232.6430731
528500,116.9099976,0.652272983,232.6430731
528750,107.1989993,0.640711489,232.6608264
529000,115.7289972,0.684096985,232.6041388
529250,121.4869971,0.670748477,232.6351605
529500,120.7939969,0.70341799,232.5908502
529750,126.8119971,0.684707971,232.6254254
530000,123.2649979,0.725851979,232.6034741
530250,133.6899951,0.736274474,232.5899615
530500,132.9409985,0.718048487,232.5983307
530750,137.2549963,0.779677973,232.5960907
531000,150.0589954,0.770139482,232.5932977
531250,143.5009973,0.773479989,232.5873553
531500,148.8859979,0.801689489,232.6116589
531750,158.0709955,0.78502398,232.6063312
532000,152.1579962,0.825437987,232.5931146
532250,161.468999,0.802895479,232.5837701
532500,153.996994,0.781548479,232.5924884
532750,154.212998,0.854344459,232.5849213
533000,177.6300006,0.881115971,232.5762976
533250,178.6919983,0.877219472,232.5587628
533500,178.0349976,0.871912482,232.5687793
533750,170.1189935,0.829073975,232.6006329
534000,158.1619971,0.794390981,232.5702972
534250,157.4879974,0.816113987,232.5961786
534500,164.6089954,0.851681485,232.5822186
534750,175.2149994,0.887230482,232.5428516
535000,175.2149994,0.887230482,232.5428516
535250,178.7829962,0.844415982,232.5838245
535500,161.7809985,0.854217484,232.5869946
535750,172.9669983,0.854388471,232.5873944
536000,171.2759973,0.855471997,232.5800684
536250,171.542995,0.869046474,232.5810913
536500,173.2119977,0.838638475,232.5755652
536750,162.6209961,0.816609483,232.6106647
537000,159.471994,0.81243398,232.6141455
537250,163.1199969,0.86078249,232.566449
537500,177.723996,0.872286491,232.5739563
537750,177.6619983,0.912104485,232.5593274
538000,191.0319952,0.910056968,232.5562769
538250,174.8749927,0.816939974,232.5879919
538500,147.3819971,0.833508472,232.579986
538750,174.3579926,0.842670975,232.5776733
539000,164.0859967,0.837338984,232.6104736
539250,171.3979919,0.851694479,232.5986493
539500,168.1969977,0.846471479,232.6004755
539750,161.538996,0.77639699,232.5998676
540000,139.3989966,0.767494969,232.6332007
540250,145.0139948,0.763756976,232.6039362
540500,136.6729962,0.720184484,232.6381927
540750,130.3529974,0.730414979,232.5946179
541000,140.1330017,0.727220995,232.5942493
541250,120.4359973,0.664693499,232.6218103
541500,120.4359973,0.664693499,232.6218103
541750,118.7569971,0.680462966,232.6550964
542000,120.8299991,0.656541476,232.6278027
542250,105.8729974,0.659404984,232.6439368
542500,115.982998,0.662265484,232.614881
542750,115.8449963,0.659786968,232.6238971
543000,116.2339963,0.661392994,232.6342419
543250,120.7529977,0.676129985,232.6165302
543500,122.982998,0.703374989,232.5909863
543750,122.6729984,0.684966974,232.6165076
544000,119.3059976,0.666728473,232.5989142
544250,110.2789987,0.588978488,232.623576
544500,73.57799866,0.461695981,232.6459851
544750,85.16799622,0.594209995,232.635932
545000,113.4019974,0.649853477,232.6198737
545250,104.0979974,0.566794984,232.6147058
545500,91.01000031,0.562813978,232.6515167
545750,91.19199677,0.527248983,232.6512036
546000,63.11599854,0.421362984,232.6474255
546250,77.93999893,0.524193993,232.6422113
546500,77.20000061,0.468280995,232.6570026
546750,70.80799866,0.481310992,232.654425
547000,78.20599945,0.50111099,232.6586023
547250,79.56299805,0.482138994,232.6903387
547500,80.53699768,0.530776978,232.6394659
547750,81.4909964,0.484369996,232.645697
548000,81.4909964,0.484369996,232.645697
548250,74.03699829,0.454364988,232.6719727
548500,68.16499847,0.482354488,232.6455731
548750,81.12799896,0.529013479,232.6634894
549000,79.18299988,0.460216484,232.6520245
549250,64.97799896,0.406022995,232.6659308
549500,51.98899841,0.326835488,232.667395
549750,49.21499893,0.399603994,232.6710339
550000,64.87099792,0.45176199,232.6798022
550250,57.90599854,0.336774487,232.6771301
550500,43.04999985,0.321972988,232.6928186
550750,41.88199936,0.293260496,232.6848267
551000,35.08299881,0.289080495,232.6844971
551250,36.00299858,0.288425487,232.6966028
551500,41.89099991,0.314228989,232.6973767
551750,37.89899948,0.289106492,232.6967719
552000,37.40499878,0.290352988,232.6869891
552250,38.71499954,0.301642989,232.6732904
552500,37.80099884,0.298085494,232.6973242
552750,39.05799881,0.318954488,232.6765967
553000,53.90199951,0.431370487,232.6760913
553250,76.88899841,0.527474978,232.6337122
553500,77.77899811,0.465047994,232.6551678
553750,58.57999786,0.356316992,232.7056274
554000,46.01899811,0.323743986,232.6842419
554250,48.44099716,0.377691998,232.7037628
554500,48.44099716,0.377691998,232.7037628
554750,59.86999893,0.402836988,232.6659613
555000,64.66899887,0.409004991,232.6847717
555250,55.2419989,0.398219489,232.6791864
555500,62.27799866,0.429199487,232.647132
555750,67.51699829,0.44106998,232.6782184
556000,67.10099915,0.459327984,232.6608026
556250,82.3819989,0.560304482,232.6472571
556500,88.23199951,0.496796496,232.6429718
556750,74.79699707,0.495354987,232.6565625
557000,74.12399857,0.429171485,232.6670892
557250,62.09099899,0.462080985,232.6681543
557500,72.91799744,0.467796983,232.6417438
557750,81.17299805,0.575667987,232.6380798
558000,103.5209982,0.607836494,232.6277942
558250,103.6319958,0.595641994,232.6033063
558500,88.06699768,0.478114986,232.6528656
558750,69.39499878,0.50967849,232.6270441
559000,98.41599823,0.638904996,232.6433862
559250,113.9279968,0.643695972,232.6227307
559500,113.1669983,0.652856493,232.6146399
559750,118.2839957,0.695633478,232.5962195
560000,128.3069977,0.705431979,232.5935309
560250,124.126998,0.654920979,232.6290991
560500,109.3319968,0.626066484,232.6195398
560750,115.6269971,0.688753982,232.6352759
561000,115.6269971,0.688753982,232.6352759
561250,128.4689975,0.670496488,232.6140594
561500,112.8599994,0.689288976,232.6479327
561750,133.9789957,0.750464475,232.6056488
562000,135.6369962,0.666620979,232.6632593
562250,104.9049966,0.64578198,232.616698
562500,122.4259967,0.699891493,232.6201538
562750,130.1219983,0.735245984,232.596778
563000,139.6319977,0.767752981,232.6085858
563250,149.9200024,0.805527472,232.6024658
563500,157.1790002,0.79229847,232.5913922
563750,152.7429968,0.792446487,232.5901453
564000,162.4419995,0.855747468,232.5828015
564250,174.0699963,0.812496481,232.5819873
564500,136.8630002,0.746380494,232.5879291
564750,154.6539948,0.866909976,232.5813922
565000,183.8099963,0.895018473,232.5598822
565250,186.0879999,0.951967492,232.5043872
565500,213.8219958,0.998542974,232.5453943
565750,208.9889948,0.984329979,232.5170355
566000,209.1049933,0.978180959,232.5438574
566250,197.897995,0.936626954,232.5413806
566500,196.7519983,0.960039978,232.5754425
566750,200.0229974,0.915029504,232.5547711
567000,171.3419965,0.850324483,232.576756
567250,179.4049939,0.916977978,232.5681842
567500,179.4049939,0.916977978,232.5681842
567750,200.4289923,0.969243469,232.5551862
568000,203.6269989,0.958533976,232.5509467
568250,199.0419946,0.968887472,232.5433118
568500,206.0579962,0.957065983,232.5406647
568750,192.4679962,0.919641485,232.5604102
569000,195.6609961,0.938280978,232.5622168
569250,192.847995,0.918208978,232.5718695
569500,190.1249957,0.923939478,232.5552753
569750,193.5559924,0.94696348,232.5467932
570000,203.8079938,0.978885467,232.5499316
570250,204.5139954,0.945614481,232.5596088
570500,189.3709967,0.897924469,232.5783948
570750,183.2079944,0.907197976,232.5830328
571000,189.0669928,0.913894978,232.582381
571250,190.9749963,0.906404977,232.5615784
571500,174.2009943,0.854967968,232.587066
571750,171.7679938,0.842483487,232.5942322
572000,167.5869971,0.831266983,232.6029956
572250,164.7539948,0.850927486,232.5675873
572500,176.2899976,0.862664967,232.5854266
572750,168.2860022,0.847112982,232.5606177
573000,178.6659967,0.883771985,232.5802032
573250,172.0289948,0.839602475,232.5850714
573500,172.7980054,0.876215973,232.5862573
573750,178.2469952,0.875712497,232.5833136
574000,178.2469952,0.875712497,232.5833136
574250,179.7889923,0.881515973,232.5813293
574500,172.1449969,0.817388973,232.5980487
574750,157.0079962,0.813315983,232.6237933
575000,167.371994,0.860594971,232.5883527
575250,167.0259979,0.809161987,232.5963068
575500,159.1379993,0.820810497,232.5899774
575750,158.435993,0.803847973,232.5996906
576000,156.4899988,0.795036976,232.6288751
576250,154.2209955,0.799367485,232.6017615
576500,149.4329968,0.769611993,232.6532507
576750,144.7149988,0.754606471,232.5958484
577000,140.7639954,0.762620492,232.6332025
577250,143.4930011,0.769099464,232.6044244
577500,144.6489966,0.766318984,232.604129
577750,142.4649945,0.750842485,232.6240918
578000,136.8159937,0.732463491,232.6152008
578250,133.6929993,0.735112972,232.6243781
578500,129.310997,0.670707486,232.6124249
578750,101.5369968,0.550377989,232.6624329
579000,89.20699615,0.571702483,232.6474335
579250,95.55799805,0.539508479,232.647915
579500,82.84999786,0.487796991,232.6860028
579750,76.96799988,0.494168988,232.6735687
580000,83.44399841,0.508389487,232.6597461
580250,75.16899841,0.442461995,232.6808807
580500,75.16899841,0.442461995,232.6808807
580750,60.72299881,0.395508996,232.6931696
581000,51.86099899,0.340556493,232.7060663
581250,45.14499878,0.336889992,232.7185394
581500,55.19099854,0.416460998,232.6826282
581750,63.78299911,0.398260989,232.6892188
582000,58.46299881,0.408949989,232.6756433
582250,51.72799835,0.316160487,232.69328
582500,34.86999939,0.286290494,232.7271698
582750,36.73599937,0.285862,232.6999707
583000,38.65199966,0.336885985,232.6977368
583250,43.95399948,0.304279491,232.6835699
583500,37.89399918,0.282446492,232.710874
583750,33.26599945,0.28199649,232.6819623
584000,35.91199982,0.284710492,232.6819543
584250,36.00999962,0.288580993,232.6966833
584500,34.59799988,0.287125995,232.6963062
584750,38.94299881,0.309445496,232.6915222
585000,41.27499771,0.300097991,232.7097766
585250,36.28399902,0.287388988,232.7044257
585500,35.4869986,0.287645996,232.6904266
585750,35.88199875,0.286397495,232.6880743
586000,38.71999756,0.302673998,232.6971924
586250,37.24399933,0.288270994,232.6753625
586500,35.75899963,0.288094492,232.7160181
586750,37.28599892,0.287142996,232.6924176
587000,37.28599892,0.287142996,232.6924176
587250,33.47499924,0.282372991,232.7144891
587500,46.71499847,0.416825988,232.6528723
587750,76.13399811,0.506268994,232.6433685
588000,82.21699738,0.466546992,232.6498828
588250,68.68099854,0.433729483,232.7013562
588500,66.54399933,0.437410991,232.6662811
588750,66.27599823,0.458160987,232.6844897
589000,74.71799805,0.484050486,232.6484583
589250,76.0219989,0.478959986,232.6690594
589500,73.63999756,0.435852987,232.6825891
589750,69.14599792,0.529062973,232.6622418
590000,93.73999878,0.545346489,232.663349
590250,88.32099792,0.544071988,232.6547534
590500,82.58299896,0.423994992,232.6952893
590750,50.83499893,0.483496486,232.6670966
591000,82.15399841,0.492087992,232.6648077
591250,62.48899902,0.429464478,232.6605463
591500,72.56299896,0.475305489,232.6952094
591750,77.17199951,0.493551483,232.6796179
592000,77.77999786,0.495607984,232.6582892
592250,80.9969986,0.495147989,232.6558734
592500,74.82999664,0.452631989,232.7004333
592750,64.11299911,0.447373483,232.6742108
593000,76.69899933,0.496650983,232.6617694
593250,81.76599945,0.50469799,232.6757318
593500,81.76599945,0.50469799,232.6757318
593750,80.60699524,0.50054049,232.6862201
594000,80.44599915,0.496853495,232.6727295
594250,77.90299927,0.512586492,232.6671454
594500,88.30599762,0.58107949,232.6643964
594750,103.287998,0.574994988,232.6606799
595000,85.38299713,0.464461986,232.6829559
595250,62.80399796,0.404228479,232.701012
595500,60.24499939,0.383834491,232.690835
595750,49.71299896,0.505027492,232.6582733
596000,110.9799988,0.682369478,232.6226978
596250,119.987998,0.65276,232.6384509
596500,115.2399969,0.642704971,232.6469952
596750,111.3349985,0.630461476,232.6730841
597000,109.3269971,0.628581984,232.6603058
597250,110.1729965,0.669749982,232.622818
597500,119.8959985,0.677147977,232.6198096
597750,116.203996,0.645906484,232.6399792
598000,110.7899979,0.678385978,232.6279169
598250,135.8089954,0.734525976,232.6000592
598500,129.8229993,0.704020486,232.6273914
598750,130.541001,0.717019503,232.6342584
599000,120.8239972,0.695018485,232.6413776
599250,134.9599973,0.755960989,232.6164972
599500,133.4550006,0.737581491,232.6231073
599750,153.401994,0.830759492,232.6001563
600000,153.401994,0.830759492,232.6001563
600250,164.945993,0.846380482,232.585777
600500,168.8199927,0.843778474,232.5949567
600750,178.3270013,0.904940977,232.5839526
601000,187.0429968,0.90707999,232.5629785
601250,189.4839972,0.922798474,232.5650995
601500,197.3519952,0.957143974,232.5609467
601750,201.9479993,0.969915478,232.5689789
602000,208.2949963,0.99755847,232.6011328
602250,218.6719928,1.027258973,232.5526904
602500,209.9699963,0.971460955,232.5681702
602750,209.0719977,1.010493956,232.526496
603000,217.1449957,1.016332965,232.5672595
603250,216.6419952,1.014493475,232.5349591
603500,218.0549963,1.037777977,232.5402924
603750,219.0379926,0.994069967,232.5280988
604000,202.1879962,0.945744994,232.5913861
604250,200.4489954,0.976065984,232.5731616
604500,201.832995,0.925760982,232.6069696
604750,200.8199933,1.010834448,232.54086
605000,213.7959943,0.974025967,232.5408496
605250,198.3729938,0.933913486,232.5727075
605500,197.9499969,0.954691973,232.5886896
605750,199.9839972,0.941836476,232.5385315
606000,193.7039972,0.927360976,232.5653955
606250,192.1619995,0.919116969,232.5549066
606500,192.1619995,0.919116969,232.5549066
606750,180.0219946,0.851112487,232.5533923
607000,178.5239966,0.922352476,232.5808167
607250,196.9129962,0.92608547,232.5684436
607500,184.6559967,0.860467474,232.567937
607750,168.9489996,0.852429478,232.5975916
608000,172.0949988,0.843525476,232.5881451
608250,163.8939966,0.823645985,232.5926923
608500,160.6749963,0.80891047,232.5886914
608750,157.8229968,0.770665982,232.5924182
609000,146.2639984,0.797428467,232.5743298
609250,161.1859979,0.823022485,232.5934827
609500,164.3709961,0.823922973,232.5748181
609750,157.4629974,0.776751487,232.5880994
610000,144.5719952,0.767518992,232.62289
610250,146.7240002,0.770945482,232.6041052
610500,143.5229974,0.75766999,232.6407605
610750,136.712998,0.705691471,232.6129126
611000,135.7209991,0.784560483,232.5849713
611250,151.0169995,0.754171486,232.5918256
611500,140.4549969,0.799755471,232.602561
611750,146.0539929,0.706920476,232.6313788
612000,124.6929984,0.673988495,232.6315454
612250,119.2099979,0.663799474,232.6564502
612500,110.478996,0.595917978,232.6698523
612750,105.7889981,0.643806479,232.6552979
613000,105.7889981,0.643806479,232.6552979
613250,109.7409982,0.591482992,232.6415405
613500,96.50300049,0.582582483,232.6526038
613750,96.27899902,0.576163988,232.6350781
614000,92.88899658,0.541703982,232.6686108
614250,91.11299866,0.562836487,232.6661554
614500,92.59299805,0.526403995,232.6850842
614750,81.99799805,0.485818491,232.6844086
615000,78.0519986,0.503806492,232.6686432
615250,73.91900146,0.426344992,232.693739
615500,67.09199829,0.488488491,232.6835474
615750,76.82899902,0.475280497,232.6731708
616000,73.66799866,0.453016492,232.7064966
616250,73.81199799,0.472001983,232.6941608
616500,71.62500061,0.456839489,232.6801459
616750,71.31899841,0.473800988,232.6680499
617000,67.19899933,0.394441497,232.6663373
617250,50.19699951,0.346819993,232.6650018
617500,52.51799957,0.394833996,232.6827942
617750,60.34899872,0.38926649,232.6904333
618000,56.4059993,0.383408995,232.6923462
618250,56.47699905,0.369668491,232.6831628
618500,46.72999939,0.329619492,232.7077399
618750,43.77999893,0.310707495,232.7165839
619000,36.91799911,0.296077495,232.7346417
619250,42.98999878,0.343351992,232.6910266
619500,42.98999878,0.343351992,232.6910266
619750,54.05799866,0.386913995,232.7032654
620000,56.0129985,0.413516487,232.672207
620250,65.41799896,0.395801491,232.6894897
620500,50.88699905,0.321160498,232.7304895
620750,37.96199905,0.293875493,232.7238007
621000,40.39399948,0.294129992,232.7009375
621250,36.44099945,0.292882489,232.7170428
621500,37.41399872,0.310206999,232.7017462
621750,45.3109996,0.313137491,232.6978351
622000,39.89499786,0.31208299,232.700141
622250,46.07999939,0.32878199,232.6999042
622500,45.04699814,0.322610486,232.6964691
622750,44.33499908,0.310962991,232.6836572
623000,40.33799759,0.28863699,232.7189197
623250,32.93399872,0.306513493,232.7148486
623500,49.7859993,0.33424849,232.690578
623750,48.98399811,0.376578496,232.6873792
624000,59.33999908,0.411761992,232.6776025
624250,60.90599701,0.408569988,232.674386
624500,59.66499832,0.429530495,232.6962762
624750,67.61299896,0.45010149,232.7180231
625000,72.39199951,0.450589489,232.6727283
625250,67.52099762,0.428365488,232.6800226
625500,57.79299805,0.390243478,232.6982727
625750,63.70699905,0.45367049,232.6885944
626000,63.70699905,0.45367049,232.6885944
626250,76.15099884,0.530232476,232.6921674
626500,93.56899628,0.567285485,232.6673462
626750,85.08299835,0.56882498,232.6924817
627000,110.9959985,0.651369989,232.6438013
627250,116.2489972,0.670821989,232.6510999
627500,116.7999954,0.680420976,232.6630316
627750,119.6409964,0.683361981,232.6248517
628000,125.2039981,0.733701973,232.6237091
628250,141.0649963,0.743177969,232.625578
628500,128.355997,0.698152988,232.6200983
628750,133.2159985,0.764763489,232.604585
629000,146.7199988,0.775450473,232.6268512
629250,146.0919971,0.761923974,232.6360419
629500,134.7,0.71089849,232.608028
629750,136.158999,0.757298973,232.625769
630000,141.716991,0.768060474,232.6086102
630250,146.5629993,0.787245977,232.6037646
630500,155.1419958,0.812985985,232.604375
630750,157.6739978,0.810217977,232.6195953
631000,165.7809961,0.845737972,232.5722815
631250,171.1319965,0.868484495,232.5880737
631500,184.4159937,0.916687486,232.5695142
631750,189.9759955,0.90699147,232.6055066
632000,185.4379987,0.905094476,232.5851294
632250,178.5929962,0.851554475,232.5960284
632500,178.5929962,0.851554475,232.5960284
632750,178.4349963,0.902574987,232.5576672
633000,184.5609967,0.906610963,232.5754901
633250,192.6200012,0.929982493,232.5856836
633500,189.8879987,0.909354477,232.5631232
633750,192.8159973,0.943233988,232.5789215
634000,194.158996,0.925493982,232.5912164
634250,203.1879956,1.015409474,232.5687457
634500,211.4469952,0.959266963,232.5427216
634750,190.1519952,0.90187047,232.5895386
635000,189.5079944,0.944234476,232.5447296
635250,197.4159949,0.936116958,232.5847858
635500,197.4209967,0.961225975,232.5693445
635750,201.6809937,0.940772474,232.5709882
636000,195.9209967,0.941187975,232.5712024
636250,192.2549969,0.91349649,232.5761224
636500,184.9399982,0.874856992,232.587514
636750,184.2680011,0.932946482,232.572038
637000,190.7009967,0.899951982,232.565481
637250,188.2059973,0.920750482,232.5628497
637500,192.1410004,0.928985474,232.5847766
637750,196.2209985,0.959330459,232.5524738
638000,198.522998,0.906974981,232.5794415
638250,180.327998,0.868750982,232.5856903
638500,178.0849963,0.87470747,232.5894427
638750,176.3549957,0.865805969,232.5861694
639000,176.3549957,0.865805969,232.5861694
639250,174.8590033,0.85682198,232.6018915
639500,171.4869971,0.849155986,232.61
639750,169.1739948,0.854824984,232.5959357
640000,173.8459949,0.830295956,232.6124237
640250,162.8049976,0.861363978,232.6026654
640500,169.6469989,0.82555248,232.6153772
640750,167.4999976,0.849208479,232.5910742
641000,166.2629999,0.817593968,232.621651
641250,155.627998,0.792238488,232.6404187
641500,151.8510016,0.781379466,232.6207141
641750,148.5970001,0.755550466,232.6164752
642000,138.5099988,0.743108974,232.6315393
642250,136.6749988,0.711426976,232.6175671
642500,124.5359973,0.682263992,232.6154572
642750,114.5449985,0.615158978,232.6400043
643000,104.7929974,0.653271489,232.6301624
643250,113.3169968,0.598400488,232.6618732
643500,90.38199829,0.556231487,232.6736005
643750,91.8819989,0.563174987,232.6470898
644000,96.97599731,0.514037479,232.6724591
644250,70.63599915,0.457001486,232.6870654
644500,70.38699921,0.461730486,232.6682104
644750,72.89199921,0.404008498,232.6972919
645000,48.27499893,0.374212996,232.6823883
645250,56.16999939,0.373679497,232.6827948
645500,56.16999939,0.373679497,232.6827948
645750,54.12499908,0.366961989,232.6825763
646000,52.38199875,0.376660986,232.6928259
646250,57.88299866,0.395129985,232.6923047
646500,53.39799896,0.374825491,232.7251563
646750,54.53199982,0.347712988,232.7031311
647000,39.81299911,0.313260494,232.7111871
647250,40.65799866,0.294123496,232.7112671
647500,38.36799896,0.28658,232.7093842
647750,33.66799957,0.287068495,232.7033929
648000,38.18999924,0.306520491,232.700788
648250,41.75099899,0.30277449,232.7107782
648500,35.02399956,0.319524988,232.6960022
648750,47.56899918,0.326767493,232.7177051
649000,45.0059996,0.315801495,232.6954578
649250,37.49699936,0.291195489,232.6955481
649500,37.11300003,0.286051493,232.6910638
649750,34.99599945,0.284926995,232.6981293
650000,36.77500153,0.326047993,232.7039777
650250,49.70999863,0.345613992,232.6989386
650500,46.95699844,0.327097992,232.6924585
650750,43.82699707,0.321443995,232.6916241
651000,44.01699707,0.324300996,232.7093225
651250,43.25499847,0.308333491,232.6964648
651500,38.5839975,0.283010491,232.6999872
651750,32.37499878,0.286592995,232.7319391
652000,32.37499878,0.286592995,232.7319391
652250,39.10099915,0.291850491,232.6884076
652500,38.75699974,0.324360994,232.7033289
652750,48.38399811,0.381447994,232.6883295
653000,60.87899857,0.39597749,232.6879285
653250,55.11799957,0.376476997,232.6910815
653500,52.6809993,0.381355491,232.6726508
653750,53.80699783,0.373374989,232.6894092
654000,54.95599884,0.397021991,232.6758258
654250,58.52799881,0.456133485,232.6482117
654500,84.61999969,0.519626987,232.6750909
654750,74.08899933,0.450004991,232.6813538
655000,68.30799896,0.46594449,232.6599701
655250,71.84899841,0.495978984,232.6533252
655500,86.48499878,0.533488486,232.6734039
655750,86.56799774,0.517109492,232.6654089
656000,84.04399536,0.547946987,232.6290259
656250,98.61299957,0.585262988,232.6426331
656500,95.91999817,0.597708981,232.6330847
656750,109.7749976,0.681261997,232.6531476
657000,125.0509955,0.69808948,232.6369525
657250,128.3939969,0.703653479,232.6202185
657500,121.7689996,0.66135998,232.6379889
657750,121.7669958,0.691984992,232.6429791
658000,120.0719968,0.673761995,232.6465942
658250,120.2669974,0.722205482,232.6335059
658500,120.2669974,0.722205482,232.6335059
658750,138.0149963,0.749986475,232.6072021
659000,137.7709961,0.737290497,232.6260657
659250,143.7330005,0.778676481,232.633028
659500,145.8169958,0.764122481,232.6318903
659750,144.1519977,0.763179982,232.6076984
660000,139.9359967,0.747394977,232.6327216
660250,142.1149951,0.780813994,232.6159857
660500,145.535,0.760100975,232.6530127
660750,153.6819971,0.845139978,232.607915
661000,165.9139954,0.816459978,232.6079523
661250,161.037998,0.821172485,232.605144
661500,160.7529987,0.822296481,232.6066571
661750,157.6719946,0.790434976,232.6204272
662000,158.7429968,0.840145967,232.5853625
662250,175.190993,0.885579486,232.5993475
662500,188.6959949,0.928934474,232.5649774
662750,185.8969971,0.876029468,232.5821716
663000,182.4479926,0.908916972,232.579306
663250,182.0599994,0.850406966,232.6055457
663500,149.7539984,0.721643479,232.6293188
663750,148.4549988,0.849589977,232.5798499
664000,186.7669952,0.963924971,232.544068
664250,201.7639984,0.927034476,232.5735284
664500,192.3609943,0.932541966,232.5484076
664750,194.0239948,0.940469973,232.5742267
665000,194.0239948,0.940469973,232.5742267
665250,197.3999982,0.932749472,232.5598505
665500,202.5569958,0.994159474,232.5425854
665750,209.5819916,0.970863967,232.5577368
666000,195.7509985,0.900258992,232.5797485
666250,194.5059998,1.006912467,232.5251221
666500,214.927998,0.995416973,232.5282898
666750,207.3499945,0.952654965,232.5431061
667000,192.263996,0.897746966,232.5648346
667250,185.646994,0.90294147,232.5824097
667500,190.3689941,0.940678482,232.5689252
667750,200.0179962,0.94124347,232.5799628
668000,192.8919989,0.910573468,232.5853455
668250,189.4229962,0.942310483,232.5594513
668500,195.0179999,0.878728979,232.6001135
668750,180.3669952,0.921451955,232.5982672
669000,194.0689948,0.923173466,232.5962805
669250,183.4459973,0.860788479,232.6300751
669500,173.4979956,0.883088472,232.5810901
669750,186.2599951,0.922218473,232.5794434
670000,191.7349957,0.888401988,232.5863708
670250,178.2399933,0.893022962,232.5873151
670500,180.0599951,0.836954966,232.6029395
670750,160.6099939,0.881546974,232.5822192
671000,193.3819965,0.922678981,232.5952319
671250,185.3389996,0.883279974,232.5976752
671500,185.3389996,0.883279974,232.5976752
671750,176.8979968,0.8598295,232.5864178
672000,172.4619958,0.879927981,232.5974969
672250,180.72,0.859915476,232.6075537
672500,161.727998,0.809419494,232.6066022
672750,163.6659961,0.811791482,232.6060663
673000,156.2119922,0.784147472,232.5816974
673250,148.4479932,0.787980974,232.6117139
673500,160.9499963,0.814736984,232.6071057
673750,153.8199969,0.797081497,232.5692834
674000,150.3509967,0.752740471,232.6019788
674250,134.7289972,0.693126485,232.6517462
674500,122.2519983,0.664085493,232.6518219
674750,114.8109964,0.63735348,232.6525641
675000,111.5889969,0.628239982,232.6710101
675250,97.38699829,0.558986988,232.641236
675500,86.61499878,0.539901991,232.6444995
675750,87.64899414,0.500395497,232.67229
676000,62.75899841,0.365778995,232.7009216
676250,40.00399872,0.298793997,232.6879474
676500,39.34499893,0.30685649,232.6930005
676750,44.48799957,0.337991493,232.7242102
677000,50.53399719,0.36814949,232.6941534
677250,53.97499802,0.350402987,232.7018176
677500,43.39599808,0.322561989,232.6779059
677750,48.1059993,0.346124495,232.7063953
678000,48.1059993,0.346124495,232.7063953
678250,41.9159993,0.289470494,232.6907129
678500,35.5529998,0.286644493,232.6908508
678750,35.74699905,0.28449249,232.6752734
679000,36.73900101,0.294833491,232.6856995
679250,40.26800018,0.312013996,232.6788617
679500,39.90299911,0.291361989,232.7099933
679750,35.8909993,0.285415996,232.7215216
680000,36.22800003,0.29012799,232.699848
680250,39.16999924,0.301390991,232.7030597
680500,34.66799942,0.286969495,232.7114404
680750,36.61099945,0.268050492,232.6972815
681000,22.60899918,0.196609993,232.6955872
681250,15.8809996,0.188557992,232.710025
681500,16.97999992,0.188065997,232.7084277
681750,15.77699959,0.188047495,232.6902594
682000,15.77499962,0.188702493,232.7293469
682250,16.1409996,0.188182493,232.726897
682500,16.71099991,0.188656995,232.7299872
682750,15.77499962,0.188903498,232.7211621
683000,16.00099976,0.188174496,232.7270435
683250,16.82399982,0.195184,232.7153125
683500,17.84999954,0.203922494,232.7170734
683750,17.89699936,0.204327999,232.7322968
684000,18.67699966,0.199789498,232.7038007
684250,16.58399963,0.190153491,232.7306976
684500,16.58399963,0.190153491,232.7306976
684750,15.77499962,0.188437493,232.7087946
685000,16.10499969,0.188421494,232.6951447
685250,16.69899979,0.189091995,232.7102905
685500,16.92099976,0.196896498,232.6929065
685750,17.5,0.199683998,232.6986011
686000,17.5,0.198123996,232.694682
686250,16.41799988,0.195664992,232.7133936
686500,16.45199989,0.169980995,232.7064026
686750,7.829999962,0.126022998,232.6913147
687000,6.19899992,0.122599496,232.6796655
687250,5.699999962,0.122498997,232.7184576
687500,6.53,0.122959496,232.6977216
687750,6.059999943,0.123094496,232.6929272
688000,5.767999954,0.122982498,232.6883777
688250,6.605999985,0.122927498,232.7267456
688500,5.948999882,0.122794997,232.7103687
688750,5.901999912,0.122606998,232.7111475
689000,6.606999989,0.122826497,232.6991718
689250,5.811999931,0.122662498,232.6807538
689500,6.033999863,0.122980496,232.7027393
689750,6.60899992,0.123132496,232.7421362
690000,5.728999844,0.123281996,232.734978
690250,6.177999916,0.122949498,232.7139063
690500,6.469999962,0.123182997,232.7066681
690750,5.353999977,0.123101496,232.6909698
691000,5.353999977,0.123101496,232.6909698
691250,5.912999973,0.122789496,232.6955994
691500,5.85899992,0.123005496,232.6917468
691750,6.576000004,0.122955498,232.6808325
692000,5.798999882,0.123591996,232.7145776
692250,6.017999935,0.123243497,232.7267212
692500,6.552999973,0.123123498,232.7309857
692750,5.725999908,0.123157496,232.7113708
693000,6.11899992,0.122715996,232.6990356
693250,6.499999943,0.122974496,232.6934241
693500,5.63899992,0.122982998,232.6977118
693750,6.257999916,0.123224996,232.6936261
694000,5.25,0.122837997,232.7166357
694250,6.617999973,0.123008499,232.7329059
694500,5.845999851,0.123047496,232.7099078
694750,5.997999897,0.122837997,232.7152515
695000,6.558999996,0.122684998,232.7315771
695250,5.733999882,0.122581995,232.7038593
695500,6.133999882,0.122644998,232.704364
695750,6.525999947,0.123106498,232.7275702
696000,5.34399992,0.122800498,232.723537
696250,5.986999989,0.122756497,232.7306592
696500,5.846999931,0.122788996,232.7158344
696750,6.586999989,0.123005494,232.7378326
697000,5.86899992,0.123080996,232.6977777
697250,5.98399992,0.123010497,232.7105359
697500,5.98399992,0.123010497,232.7105359
697750,6.587999973,0.123025498,232.7437726
698000,5.752999935,0.123103498,232.722403
698250,6.11899992,0.123005497,232.7199146
698500,6.503999958,0.122758497,232.7231781
698750,5.664999924,0.122823998,232.6948358
699000,6.25199995,0.123393497,232.7065546
699250,5.25,0.122907997,232.6953174
699500,6.617999992,0.123056499,232.7132489
699750,5.890999889,0.123155496,232.715658
700000,5.95199995,0.123103996,232.7183685
700250,6.585999985,0.123020498,232.7029077
700500,5.760999908,0.122816997,232.7053784
700750,6.123999901,0.122737497,232.6872504
701000,6.518999958,0.122863998,232.6919623
701250,5.33199995,0.122774497,232.696311
701500,5.995,0.122882996,232.7222314
701750,5.808999977,0.122857496,232.7129547
702000,6.590000038,0.122713998,232.7034119
702250,5.877999954,0.123499996,232.6876263
702500,5.937999973,0.123272496,232.6971771
702750,6.565000019,0.122977495,232.6955298
703000,5.761999969,0.123122497,232.6897455
703250,6.07899992,0.122567498,232.6948889
703500,6.494999962,0.122977996,232.706322
703750,5.32399992,0.122995496,232.6990033
704000,5.32399992,0.122995496,232.6990033
704250,6.022999992,0.122878496,232.7135614
704500,5.762999954,0.123165995,232.6990228
704750,6.650999947,0.122964997,232.7130164
705000,5.90299984,0.122816996,232.7193066
705250,5.891999931,0.122758497,232.7225305
705500,6.555999966,0.123275497,232.7103687
705750,5.792999897,0.122683498,232.7142902
706000,6.103999863,0.123037997,232.7030963
706250,6.594999943,0.122361996,232.6842682
706500,5.698999882,0.122507997,232.7025867
706750,6.236999855,0.123095998,232.6874896
707000,6.43899992,0.123120497,232.6937317
707250,5.379999924,0.123013498,232.6969128
707500,5.916999989,0.122692994,232.7294019
707750,5.906999931,0.122749996,232.7128351
708000,6.604999981,0.123006995,232.6923212
708250,5.742999916,0.122556497,232.7182928
708500,6.051999912,0.122960497,232.6999725
708750,6.498999958,0.123092996,232.690434
709000,5.702999935,0.123159498,232.7143231
709250,6.195999908,0.122835997,232.6759314
709500,5.25,0.123112997,232.6948596
709750,6.601000023,0.122845997,232.6718805
710000,5.916999893,0.122697996,232.6508466
710250,5.892999935,0.122760495,232.7148267
710500,5.892999935,0.122760495,232.7148267
710750,6.609999981,0.122416998,232.6872119
711000,5.792999897,0.123037996,232.6908734
711250,6.029999924,0.122854498,232.708233
711500,6.524999981,0.122479497,232.7208557
711750,5.307999916,0.122777497,232.7074921
712000,6.055999985,0.123228496,232.7148743
712250,5.767999954,0.123276998,232.7004095
712500,6.588000011,0.122674996,232.7391479
712750,5.930999908,0.122706495,232.7264746
713000,5.905999947,0.123015997,232.7077765
713250,6.606999989,0.122916498,232.7089685
713500,5.811999931,0.122797999,232.7272833
713750,6.033999863,0.123072997,232.7411884
714000,5.32,0.123259996,232.7227789
714250,6.480000019,0.122844997,232.7423456
714500,6.092999954,0.122861997,232.7196674
714750,5.781999931,0.122607996,232.69133
715000,6.618999996,0.123005497,232.7174329
715250,5.964999924,0.123075497,232.70849
715500,5.845999985,0.123159498,232.7315533
715750,6.587000046,0.123109997,232.7341772
716000,5.270999928,0.122998496,232.704115
716250,6.206000004,0.123053497,232.7318988
716500,5.697000008,0.122931496,232.67797
716750,6.505000038,0.123105496,232.7027222
717000,6.505000038,0.123105496,232.7027222
717250,6.106999969,0.122986997,232.7298096
717500,5.721000004,0.123181496,232.6977002
717750,5.555,0.122723997,232.6894196
718000,6.250999985,0.122779997,232.7125946
718250,6.365999985,0.122907497,232.7006183
718500,5.578999977,0.122989497,232.6988593
718750,6.377000008,0.123042493,232.6734662
719000,6.236999969,0.123353498,232.7299683
719250,5.637999992,0.122920999,232.7227161
719500,6.48800005,0.123262495,232.746947
719750,5.254999962,0.123093996,232.7204266
720000,6.538999958,0.122939997,232.722066
720250,5.629999924,0.122719997,232.7440753
720500,6.250999928,0.122637498,232.7117316
720750,6.398999958,0.123098996,232.6897717
721000,5.63199995,0.122690996,232.7028107
721250,6.367999954,0.122890497,232.7006586
721500,6.224999943,0.123233498,232.7119135
721750,5.570999947,0.122932494,232.730611
722000,5.692999973,0.122813998,232.7059216
722250,6.133999882,0.123053497,232.7022119
722500,6.480999947,0.123065498,232.7009296
722750,5.665999908,0.122896997,232.7005792
723000,6.266999893,0.122974997,232.7062164
723250,6.378999939,0.122630495,232.6826416
723500,6.378999939,0.122630495,232.6826416
723750,5.644999924,0.122726496,232.7168176
724000,6.388999939,0.122770499,232.7112177
724250,6.250999947,0.122796497,232.7019214
724500,5.539999962,0.1229335,232.6997937
724750,5.691000004,0.123123495,232.7260266
725000,6.082999954,0.123146996,232.7068976
725250,6.476999989,0.122792497,232.6848077
725500,5.616999989,0.122524495,232.7255298
725750,6.216999969,0.122635997,232.736275
726000,6.443999977,0.122954999,232.7232117
726250,5.578999977,0.122791997,232.7040002
726500,6.338999958,0.122882997,232.706347
726750,5.250999985,0.122822995,232.7395074
727000,6.607999954,0.122964496,232.7123138
727250,5.782999878,0.122795498,232.7387701
727500,6.101999855,0.123132997,232.7302716
727750,6.538999958,0.123042497,232.6829382
728000,5.68899992,0.122996497,232.6966943
728250,6.244999924,0.122996497,232.7159381
728500,6.436999912,0.123092996,232.7358124
728750,5.422999973,0.123085496,232.7092432
729000,5.873999996,0.123026496,232.6949115
729250,5.949999962,0.122924997,232.690697
729500,6.579000034,0.123165996,232.6898175
729750,5.77699995,0.122683498,232.7104974
730000,5.77699995,0.122683498,232.7104974
730250,6.049999962,0.123096499,232.7142169
730500,5.32,0.122833998,232.7017712
730750,6.548000031,0.122850496,232.717984
731000,6.075999908,0.122913995,232.7134814
731250,5.781999931,0.122468499,232.7155859
731500,6.584000034,0.122762497,232.6919617
731750,5.927999916,0.122517498,232.6915607
732000,5.923999958,0.122356996,232.6911127
732250,6.623999996,0.122785998,232.7116895
732500,5.278999939,0.123151497,232.6990173
732750,6.162999992,0.123172995,232.7029291
733000,5.655999985,0.122679998,232.689234
733250,6.521000004,0.122940497,232.6750665
733500,5.255999947,0.122781497,232.6967719
733750,6.467999954,0.122729997,232.691153
734000,5.649999962,0.123024498,232.70672
734250,6.314999962,0.123043997,232.7064575
734500,6.304999981,0.122965496,232.7035065
734750,5.621999969,0.122959996,232.6938354
735000,6.405000019,0.123050498,232.7198083
735250,6.168999958,0.122712998,232.6945142
735500,5.628999977,0.122697996,232.7103375
735750,6.503000031,0.122468996,232.7128839
736000,5.253999958,0.123038496,232.7151721
736250,6.503999977,0.122964997,232.7175623
736500,6.503999977,0.122964997,232.7175623
736750,5.650999947,0.123336996,232.7106934
737000,6.252999954,0.122740996,232.7238971
737250,6.363999977,0.122959498,232.7252759
737500,5.640999966,0.123069496,232.7236975
737750,6.44199995,0.123118998,232.7073383
738000,6.228999977,0.123265997,232.6900671
738250,5.57,0.122619996,232.6835059
738500,5.661000004,0.122675999,232.7210114
738750,6.13,0.122789997,232.7189453
739000,6.550999928,0.122842998,232.7114038
739250,5.656000004,0.123265996,232.7064911
739500,6.255999947,0.122829497,232.6961792
739750,5.25,0.123240497,232.7190582
740000,6.58800005,0.123000496,232.6941614
740250,5.833999939,0.122914994,232.7072247
740500,5.983999977,0.122482997,232.7024841
740750,6.545000019,0.122746497,232.7062903
741000,5.72699995,0.122934496,232.6944977
741250,6.082999954,0.123203996,232.6975208
741500,6.476999989,0.123100496,232.7191956
741750,5.363999977,0.122918495,232.708443
742000,5.965000019,0.123313496,232.7055316
742250,5.858999996,0.123043996,232.7061359
742500,6.645999985,0.123087496,232.6850659
742750,5.881999874,0.122812997,232.7400653
743000,5.881999874,0.122812997,232.7400653
743250,5.987999916,0.122573496,232.7385602
743500,6.629999981,0.122883497,232.7322278
743750,5.769999924,0.122811497,232.7018188
744000,6.123999901,0.123262496,232.7100104
744250,5.25,0.123184495,232.7257697
744500,6.54300005,0.123212995,232.7057056
744750,5.966999931,0.123128498,232.7236957
745000,5.809999962,0.122970497,232.7078583
745250,6.562000027,0.123352997,232.6994495
745500,5.859999905,0.123298495,232.6942487
745750,5.94199995,0.122853496,232.7051776
746000,5.371999989,0.122257996,232.7118488
746250,6.474999962,0.123224996,232.7110577
746500,6.144999924,0.123182494,232.6945557
746750,5.729999924,0.122936996,232.712818
747000,6.525000038,0.123065497,232.7095844
747250,6.030999947,0.122879997,232.730946
747500,5.758999977,0.122806496,232.7108673
747750,5.519999981,0.122623998,232.7027612
748000,6.325999966,0.122841998,232.7018268
748250,6.327999973,0.122976997,232.7009851
748500,5.666999969,0.123040996,232.7189545
748750,6.445,0.123082498,232.7315155
749000,6.190999966,0.123065998,232.7194891
749250,5.717999973,0.122998499,232.7464587
749500,5.717999973,0.122998499,232.7464587
749750,6.526000004,0.122937497,232.7350641
750000,5.253999958,0.123093997,232.729433
750250,6.45699995,0.122965996,232.7180432
750500,5.627999916,0.123152998,232.7242346
750750,6.293999939,0.123038997,232.7392188
751000,6.318999958,0.122917996,232.6964429
751250,5.617999935,0.122675997,232.6965863
751500,6.377999954,0.122783495,232.7202014
751750,6.182999935,0.123014495,232.7184589
752000,5.65199995,0.122805997,232.7220746
752250,6.521999989,0.123179496,232.7033295
752500,5.255999947,0.123254496,232.7127527
752750,6.469999962,0.122892996,232.6932819
753000,5.657999935,0.122831997,232.7241547
753250,6.301999855,0.123025497,232.7030499
753500,6.367999916,0.123326996,232.7233789
753750,5.672999878,0.123125997,232.7236584
754000,6.389999924,0.123363996,232.7294739
754250,6.240999928,0.122945997,232.7285553
754500,5.583999996,0.122887495,232.7066876
754750,5.701999989,0.122759996,232.7153314
755000,6.169999847,0.123484495,232.6991284
755250,6.48899992,0.123044998,232.7043622
755500,5.654999943,0.123522496,232.72401
755750,6.299999886,0.123384496,232.7116425
756000,6.299999886,0.123384496,232.7116425
756250,6.369999924,0.123522997,232.6873694
756500,5.409999962,0.123248996,232.7435938
756750,5.851000004,0.122992497,232.7061072
757000,5.973999939,0.123002996,232.7121063
757250,6.589999981,0.122959496,232.7122833
757500,5.752999935,0.123108497,232.7047131
757750,6.108999939,0.123183997,232.6932678
758000,6.538999958,0.122921498,232.6827057
758250,5.654999943,0.123814996,232.7085474
758500,6.242999954,0.123480996,232.6882434
758750,5.25,0.122549495,232.6934668
759000,6.646999989,0.122820999,232.7022266
759250,5.264999905,0.122963997,232.7004877
759500,6.272999992,0.122806997,232.7070032
759750,5.663999996,0.123299497,232.7227692
760000,6.44800005,0.123015496,232.7147552
760250,6.172999992,0.122792498,232.7054346
760500,5.731000004,0.122668495,232.6974023
760750,6.538000069,0.123136496,232.6982971
761000,6.038999977,0.122875997,232.7204718
761250,5.798999996,0.123010497,232.7132111
761500,5.493999996,0.123388998,232.6987299
761750,6.276999989,0.123091998,232.7370264
762000,6.296999989,0.123313996,232.7329846
762250,5.466999989,0.122943498,232.7263306
762500,5.466999989,0.122943498,232.7263306
762750,5.796999989,0.122987497,232.6848907
763000,6.055999908,0.123174996,232.7130334
763250,6.58699995,0.122883497,232.7256354
763500,5.712999897,0.122858998,232.6915942
763750,6.190999908,0.122613496,232.655365
764000,6.483999939,0.123398497,232.6846686
764250,5.652999935,0.123267996,232.6866559
764500,6.28699995,0.122951499,232.6834973
764750,5.25,0.122984498,232.7051147
765000,6.615000019,0.123147997,232.7283295
765250,5.782999935,0.123294497,232.6634656
765500,6.013999977,0.122792997,232.7120636
765750,6.585000019,0.122854496,232.7068719
766000,5.754999981,0.122913997,232.704552
766250,6.13,0.122595497,232.6887146
766500,5.25,0.122402998,232.7047919
766750,6.569000072,0.122792996,232.6793781
767000,5.960999947,0.123258998,232.7212427
767250,5.843999977,0.123174497,232.7035065
767500,6.596000042,0.123342497,232.716665
767750,5.270999928,0.122622496,232.7031537
768000,6.274999981,0.122635997,232.6957306
768250,5.696999931,0.123136996,232.733493
768500,6.49199995,0.123437997,232.7186176
768750,6.141999931,0.123078997,232.7250269
769000,6.141999931,0.123078997,232.7250269
769250,5.747999935,0.122763496,232.6856311
769500,6.587999973,0.122848997,232.6852057
769750,5.258999939,0.122948498,232.7062421
770000,6.412999992,0.123025996,232.7192969
770250,5.578999977,0.123306997,232.7180975
770500,6.325,0.122803496,232.7116351
770750,6.236999969,0.122687997,232.7126184
771000,5.515999985,0.122970496,232.6929315
771250,5.729999981,0.123051997,232.6935938
771500,6.123999901,0.122849496,232.6680121
771750,6.527999973,0.122980498,232.6837933
772000,5.679999924,0.122928998,232.7042993
772250,6.259999924,0.123278495,232.7509729
772500,6.414999943,0.122678498,232.7323364
772750,5.680999947,0.123029496,232.7199695
773000,6.311000004,0.123329497,232.6842365
773250,5.25,0.122897997,232.6834253
773500,6.602000027,0.122925496,232.7008014
773750,5.812999973,0.123670496,232.6930029
774000,6.059999943,0.123262998,232.6922424
774250,6.568999977,0.122415996,232.6856195
774500,5.303999958,0.122675496,232.6886664
774750,6.028999996,0.123294998,232.7198828
775000,5.741999969,0.123169495,232.696178
775250,6.570000038,0.123165497,232.701731
775500,6.570000038,0.123165497,232.701731
775750,5.897999916,0.123102498,232.7169769
776000,5.878999958,0.122617997,232.6814728
776250,6.545000019,0.122557997,232.7153394
776500,5.782999935,0.122728995,232.7150275
776750,6.015999947,0.122867996,232.7012103
777000,5.32,0.123113995,232.6750153
777250,6.558000011,0.123371494,232.7229156
777500,6.07899992,0.122394997,232.6858276
777750,5.76399992,0.122806495,232.7126904
778000,6.605999985,0.123394997,232.7042029
778250,5.949999886,0.123105997,232.6976105
778500,5.83199995,0.122651998,232.6730743
778750,5.388999977,0.123057498,232.6832184
779000,6.403999977,0.123265496,232.7154089
779250,6.186999931,0.123280496,232.7140228
779500,5.598999939,0.123366998,232.7216815
779750,5.666999969,0.123159994,232.7218256
780000,6.172999897,0.122974997,232.6945557
780250,6.505999966,0.123321499,232.7397479
780500,5.636999912,0.123229498,232.7150995
780750,6.230999966,0.123096497,232.7201007
781000,6.369999981,0.122502498,232.7195447
781250,5.413999996,0.123036998,232.7108307
781500,5.863999996,0.122986996,232.7410266
781750,5.973999939,0.123299998,232.6949707
782000,5.973999939,0.123299998,232.6949707
782250,6.590999966,0.122770497,232.7010474
782500,5.769999924,0.122778994,232.7030029
782750,6.105999889,0.123319995,232.7348419
783000,6.556999931,0.122955497,232.7045856
783250,5.650999908,0.122974496,232.6906354
783500,6.239999905,0.122267497,232.6940735
783750,6.418999939,0.122793997,232.7178973
784000,5.418999939,0.122983995,232.7073608
784250,5.836999989,0.122992997,232.7056287
784500,5.927999916,0.123309497,232.7309296
784750,6.558999996,0.123135496,232.7216095
785000,5.777999916,0.122945998,232.7503467
785250,6.087999935,0.122794499,232.7172589
785500,6.535999966,0.122439997,232.707793
785750,5.314999943,0.123441497,232.7107288
786000,6.032999954,0.123035497,232.7249921
786250,5.798999996,0.123125998,232.7255945
786500,6.585000019,0.123508498,232.7203943
786750,5.916999931,0.122460496,232.7031146
787000,5.936999989,0.122719498,232.7027148
787250,5.371999989,0.122620996,232.6998486
787500,6.418000011,0.122919497,232.686059
787750,6.164999962,0.122779497,232.6974738
788000,5.68699995,0.122643497,232.7146344
788250,6.544999981,0.123417997,232.7116949
788500,6.544999981,0.123417997,232.7116949
788750,5.255999928,0.122900996,232.7032819
789000,6.45699995,0.122983496,232.6957776
789250,5.636999931,0.123134498,232.7028961
789500,6.293999939,0.123119996,232.6947296
789750,6.318999958,0.122938996,232.7129053
790000,5.478999958,0.123206497,232.6970111
790250,5.783999996,0.123149495,232.6983228
790500,6.041999931,0.123251996,232.6949792
790750,6.572999973,0.122903997,232.6833533
791000,5.702999935,0.122931996,232.6885229
791250,6.167999878,0.122672997,232.7091138
791500,6.504999943,0.122963999,232.7073077
791750,5.664999962,0.122839498,232.6932434
792000,6.271999989,0.122956996,232.7554407
792250,5.25,0.122667496,232.7427612
792500,6.578999996,0.122876497,232.7042902
792750,5.826999912,0.122907498,232.7115704
793000,5.98399992,0.123259997,232.6906348
793250,6.552999973,0.123255996,232.7029779
793500,5.295999928,0.122754996,232.6933527
793750,6.10199995,0.123041998,232.7195062
794000,5.722999916,0.123161497,232.6973468
794250,6.594999962,0.123011495,232.7028772
794500,5.973999882,0.123127496,232.7030664
794750,5.860999908,0.122978996,232.6989673
795000,5.860999908,0.122978996,232.6989673
795250,6.617999973,0.123206996,232.6998962
795500,5.845999851,0.122975995,232.7026642
795750,5.962999916,0.123008996,232.7045148
796000,5.32,0.123289497,232.7099548
796250,6.462000027,0.123021996,232.7467456
796500,6.100999947,0.122707496,232.6892169
796750,5.671999969,0.123051997,232.7160828
797000,6.54300005,0.123055498,232.6975256
797250,5.256999931,0.122817996,232.6883362
797500,6.414999943,0.123009497,232.7040582
797750,5.671999931,0.122970998,232.6883234
798000,6.346999969,0.123291998,232.6713782
798250,6.27699995,0.123004996,232.7340405
798500,5.537999973,0.122989997,232.7290729
798750,5.726000004,0.123014497,232.7251941
799000,6.072999973,0.123387997,232.7168732
799250,6.513999996,0.122822498,232.7118555
799500,5.661999969,0.122934998,232.7082678
799750,6.206999989,0.123005997,232.7147607
800000,6.410999985,0.122952496,232.6833527
800250,5.376000023,0.123117997,232.6751471
800500,5.883000011,0.123365997,232.7006177
800750,5.880999966,0.122951497,232.7151123
801000,6.571000042,0.123300497,232.6960925
801250,5.77699995,0.123013998,232.6877625
801500,5.77699995,0.123013998,232.6877625
801750,6.015999947,0.122609499,232.7102246
802000,6.51,0.123057497,232.7336981
802250,5.684999943,0.123047498,232.7170178
802500,6.150999966,0.122792996,232.7047382
802750,5.25,0.122632996,232.7139154
803000,6.601000023,0.122857997,232.692019
803250,5.945999889,0.122759497,232.7298584
803500,5.923999958,0.123184997,232.7166766
803750,6.623999977,0.123160997,232.7171851
804000,5.811999931,0.122690496,232.6836176
804250,6.039999943,0.123169998,232.7047693
804500,6.515000019,0.122726496,232.6836591
804750,5.310999947,0.122866997,232.6979144
805000,6.073999958,0.122542495,232.7174744
805250,5.76399992,0.122910495,232.6988501
805500,6.588000011,0.123027997,232.7142902
805750,5.948999882,0.122841997,232.7123773
806000,5.901999912,0.122937996,232.7199231
806250,6.624999962,0.123284996,232.7287646
806500,5.824999886,0.122871496,232.7145886
806750,6.037999897,0.123000496,232.6842743
807000,5.355,0.122671995,232.6904663
807250,6.495,0.123084997,232.7026654
807500,6.119999943,0.123103497,232.7202417
807750,5.734999962,0.123125498,232.7228339
808000,5.734999962,0.123125498,232.7228339
808250,5.553999958,0.122715496,232.7227228
808500,6.231999893,0.122666495,232.725249
808750,6.387999954,0.123093497,232.7165936
809000,5.609999943,0.122850496,232.73117
809250,6.357999935,0.122708997,232.6961841
809500,6.230999908,0.123181494,232.7025031
809750,5.621999893,0.123457997,232.6843372
810000,5.716999989,0.123152497,232.6683063
810250,6.108999939,0.122881497,232.6987042
810500,6.538999958,0.122500996,232.7134161
810750,5.654999943,0.122750997,232.6874329
811000,6.243999939,0.122307994,232.6942523
811250,5.25,0.122848996,232.6985052
811500,6.593000011,0.122865995,232.7194421
811750,5.852999878,0.122814497,232.7156628
812000,5.961999931,0.122923499,232.7393695
812250,6.593999977,0.123132997,232.7220013
812500,5.280999928,0.122932999,232.7123615
812750,6.097999992,0.122927496,232.6929779
813000,5.671999969,0.122687996,232.7280493
813250,6.525000057,0.122971995,232.7310767
813500,5.982999935,0.122993497,232.7176654
813750,5.805999928,0.123035996,232.7106665
814000,5.475999966,0.122872496,232.7103925
814250,6.372999954,0.122946499,232.7026654
814500,6.372999954,0.122946499,232.7026654
814750,6.264999943,0.123181498,232.6786414
815000,5.691999874,0.122904498,232.655473
815250,6.475999889,0.122446498,232.6669788
815500,6.162999897,0.122541998,232.7095544
815750,5.690999889,0.122871998,232.7012885
816000,5.579999981,0.122623498,232.7323804
816250,6.193999901,0.122792499,232.7178973
816500,6.399999962,0.122920996,232.6878662
816750,5.57399992,0.122969494,232.7040094
817000,6.321999931,0.123123997,232.7080017
817250,6.258999939,0.123224497,232.7091516
817500,5.501000004,0.122552997,232.7252112
817750,5.796999989,0.123134997,232.7145221
818000,6.059999943,0.123031498,232.7088251
818250,6.551000004,0.123238995,232.7281702
818500,5.686999989,0.122881498,232.7090118
818750,6.192999973,0.123077997,232.7151312
819000,6.482999954,0.122978995,232.7203284
819250,5.367999954,0.122980498,232.7172656
819500,5.904999981,0.123073996,232.7339697
819750,5.892999935,0.122819497,232.7163458
820000,6.600999966,0.122798997,232.7182013
820250,5.794999886,0.122901496,232.7253125
820500,6.02899992,0.122975498,232.7356586
820750,6.561999989,0.123112497,232.7115521
821000,6.561999989,0.123112497,232.7115521
821250,5.297999935,0.122933496,232.7170819
821500,6.066000004,0.123137996,232.7411218
821750,5.740999966,0.123121498,232.7508496
822000,6.570000038,0.122571496,232.7112598
822250,5.901999912,0.122815996,232.7338837
822500,5.878999958,0.122945498,232.7162665
822750,6.545000019,0.122810996,232.7157379
823000,5.276999931,0.122644496,232.720249
823250,6.207999954,0.122625998,232.7368744
823500,5.643999977,0.122984998,232.7242334
823750,6.558000011,0.122718497,232.7164557
824000,6.092999954,0.122612997,232.7410974
824250,5.76399992,0.122957496,232.7291388
824500,6.536000023,0.123045997,232.7150836
824750,5.944999905,0.122974496,232.7222485
825000,5.897999878,0.123049994,232.7208679
825250,5.388999977,0.123049,232.7170093
825500,6.385999947,0.123315997,232.7391998
825750,6.19199995,0.123225996,232.7387207
826000,5.615999928,0.123122997,232.7148883
826250,6.495999966,0.122940497,232.6939374
826500,6.054999905,0.122827496,232.689986
826750,5.71899992,0.122691997,232.729884
827000,5.553999958,0.122622497,232.6863922
827250,6.297999878,0.123207497,232.7032971
827500,6.297999878,0.123207497,232.7032971
827750,6.367999916,0.122833498,232.7112512
828000,5.683999882,0.122694997,232.7062811
828250,6.425999889,0.122792996,232.7039703
828500,6.250999947,0.122918497,232.7104095
828750,5.621999893,0.123260998,232.7109082
829000,5.679999981,0.122625498,232.7078595
829250,6.11899992,0.122548498,232.7298334
829500,6.50199995,0.123348997,232.719209
829750,5.620999928,0.122995997,232.7090906
830000,6.240999947,0.122749998,232.6988519
830250,5.25,0.122601497,232.6974158
830500,6.618999977,0.123271997,232.6736469
830750,5.845999851,0.123026999,232.6927722
831000,5.987999916,0.122789498,232.7006006
831250,6.585999985,0.122602497,232.736275
831500,5.280999928,0.122822497,232.7426746
831750,6.135,0.122825997,232.7119995
832000,5.671999969,0.122729997,232.7213544
832250,6.534000053,0.122972997,232.7171942
832500,6.002999954,0.122987496,232.7183887
832750,5.81199995,0.122646497,232.6805865
833000,6.553000031,0.122763997,232.6889771
833250,5.877999954,0.122572995,232.6837848
833500,5.972999954,0.122271497,232.7027869
833750,5.371999989,0.123260496,232.7061554
834000,5.371999989,0.123260496,232.7061554
834250,6.489999962,0.122966997,232.6893231
834500,6.15199995,0.122973998,232.7280823
834750,5.710999966,0.122950995,232.6879846
835000,6.563000011,0.122661998,232.6897388
835250,6.017999935,0.123026996,232.7079297
835500,5.813999958,0.122740997,232.6996753
835750,5.467999992,0.122574496,232.7199152
836000,6.336000004,0.123158996,232.7098181
836250,6.272999992,0.122959497,232.6955151
836500,5.662999973,0.122828496,232.717251
836750,6.448999939,0.122799997,232.7217059
837000,6.170999947,0.122723998,232.7266724
837250,5.696999989,0.122786497,232.7156097
837500,6.527999992,0.123169999,232.7312677
837750,5.255999947,0.123015998,232.7233466
838000,6.432999954,0.122770996,232.7435034
838250,5.609999962,0.122609497,232.7180579
838500,6.311000004,0.122770498,232.7279761
838750,6.304999981,0.123146498,232.7320435
839000,5.622999992,0.123140995,232.7128101
839250,6.429000034,0.123028498,232.7157715
839500,5.252999973,0.122982495,232.7063477
839750,6.551000004,0.123254998,232.7323773
840000,5.686999989,0.122931997,232.7012329
840250,6.188999939,0.122429499,232.7172333
840500,6.188999939,0.122429499,232.7172333
840750,6.483999939,0.122787996,232.7017542
841000,5.662999992,0.123088998,232.7288208
841250,6.322999916,0.123022498,232.730282
841500,6.345999947,0.122676997,232.7221857
841750,5.505999947,0.122961497,232.7182037
842000,5.756000004,0.122781997,232.7201135
842250,6.015999947,0.122853498,232.7283978
842500,6.511000004,0.122470996,232.733877
842750,5.684999943,0.122954996,232.7106348
843000,6.149999962,0.123244499,232.7249463
843250,6.442999973,0.123159996,232.7225781
843500,5.605999966,0.123398499,232.7217139
843750,6.292999954,0.123318998,232.730058
844000,5.25,0.122518995,232.7292181
844250,6.623999977,0.123137497,232.736059
844500,5.807999897,0.122891497,232.7222406
844750,6.041999931,0.122970995,232.7094568
845000,6.572999973,0.122771996,232.6811621
845250,5.302999954,0.122960997,232.6988971
845500,6.042999973,0.122775997,232.7132153
845750,5.71899992,0.122910496,232.7206995
846000,6.567000008,0.122698994,232.7271863
846250,5.914999886,0.122373997,232.7469574
846500,5.892999935,0.122717496,232.7242212
846750,5.440999966,0.123121996,232.7225702
847000,5.440999966,0.123121996,232.7225702
847250,6.425999889,0.122630998,232.7079529
847500,6.230999908,0.122902997,232.6962592
847750,5.708999882,0.122504498,232.7121301
848000,6.523999901,0.122993996,232.725697
848250,5.253999958,0.123057996,232.7449066
848500,6.493999958,0.122513497,232.7170367
848750,5.629999924,0.122689496,232.7000427
849000,6.250999928,0.122858496,232.7329535
849250,6.36199995,0.123130498,232.7325061
849500,5.581999912,0.122850498,232.7377838
849750,6.385999947,0.122275498,232.745907
850000,5.251999969,0.122288996,232.7173291
850250,6.538999958,0.123032997,232.7390015
850500,5.733999882,0.122965996,232.7095477
850750,6.133999882,0.123064997,232.7248022
851000,6.516999931,0.122856497,232.6991864
851250,5.34399992,0.123064996,232.7129932
851500,5.949999981,0.122321997,232.7231384
851750,5.846999931,0.122709995,232.7194293
852000,6.621999989,0.122846494,232.7401147
852250,5.834999905,0.122652996,232.7286255
852500,5.98399992,0.123038495,232.7180902
852750,5.336999989,0.122912497,232.7523053
853000,6.498999939,0.122917998,232.7292102
853250,6.114999924,0.122705495,232.7315625
853500,6.114999924,0.122705495,232.7315625
853750,5.685999947,0.123048498,232.7359796
854000,6.559999981,0.123148498,232.718114
854250,5.257999935,0.122885497,232.7017151
854500,6.400999966,0.122858497,232.7190253
854750,5.63199995,0.122938998,232.7163153
855000,6.371999969,0.122884496,232.7198975
855250,5.25,0.122653998,232.7333063
855500,6.524999981,0.123101497,232.744306
855750,5.742999897,0.123006997,232.7292645
856000,6.061999893,0.122475998,232.7123053
856250,6.490999966,0.123170498,232.7241907
856500,5.33199995,0.122527997,232.7106653
856750,5.997000008,0.122550496,232.7333221
857000,5.799999981,0.122445998,232.7036523
857250,6.590000038,0.122503997,232.746355
857500,5.877999954,0.122884495,232.7212775
857750,5.937999973,0.122909996,232.759129
858000,6.598999996,0.122533496,232.7173541
858250,5.759999962,0.122641495,232.7324988
858500,6.073999958,0.122670496,232.7277856
858750,5.285,0.122653496,232.7175226
859000,6.563000011,0.122858497,232.7081372
859250,6.015999928,0.122650996,232.736897
859500,5.81199995,0.122632996,232.7056909
859750,6.621000023,0.123010998,232.7090271
860000,6.621000023,0.123010998,232.7090271
860250,5.264999905,0.122987497,232.7179785
860500,6.272999992,0.122774997,232.6932813
860750,5.687999992,0.123033996,232.7270087
861000,6.450000019,0.122608496,232.7165057
861250,6.172999992,0.123037997,232.7416193
861500,5.652000008,0.123124997,232.7171619
861750,5.623999996,0.123150497,232.714787
862000,6.183999977,0.122609997,232.7212671
862250,6.442999973,0.122534497,232.7290594
862500,5.623999977,0.122689998,232.7240021
862750,6.296999989,0.122907998,232.7280432
863000,5.25,0.122894996,232.7365784
863250,6.636999989,0.122872495,232.7380603
863500,5.808999939,0.123133498,232.721355
863750,6.055999908,0.122806997,232.7118829
864000,6.569999962,0.122747996,232.700257
864250,5.695999908,0.122757495,232.7191779
864500,6.192999954,0.122922495,232.7267841
864750,5.25,0.122607498,232.7341772
865000,6.587000046,0.122638497,232.7340021
865250,5.916999893,0.122547499,232.7228912
865500,5.875999928,0.122541496,232.7258429
865750,6.558999996,0.123042498,232.7439008
866000,5.273999901,0.123039497,232.7424902
866250,6.212999935,0.123025997,232.7249603
866500,6.212999935,0.123025997,232.7249603
866750,5.691999893,0.122912998,232.7398199
867000,6.53,0.122614497,232.7365784
867250,6.095999889,0.122791498,232.7481366
867500,5.767999954,0.122708494,232.7398267
867750,5.510999985,0.122850997,232.7176428
868000,6.291999931,0.122849996,232.7262665
868250,6.32699995,0.123113995,232.748844
868500,5.617999935,0.123056996,232.730769
868750,6.377999954,0.122778498,232.7508588
869000,5.251999969,0.122990496,232.7480011
869250,6.60699995,0.122935997,232.7291547
869500,5.702999935,0.122826998,232.7317938
869750,6.175999947,0.123014497,232.7191467
870000,5.25,0.122889495,232.7198187
870250,6.575,0.123168997,232.7365948
870500,5.922999878,0.122814497,232.7360016
870750,5.846999931,0.123130496,232.743136
871000,6.586999989,0.123214497,232.7367773
871250,5.834999905,0.122472998,232.739682
871500,6.017999935,0.122909496,232.7374347
871750,6.552999973,0.123130996,232.755451
872000,5.295999928,0.122847996,232.7228992
872250,6.10199995,0.122876496,232.6809241
872500,5.722999916,0.122844995,232.7052814
872750,6.559999981,0.123056497,232.7386157
873000,6.559999981,0.123056497,232.7386157
873250,5.973999882,0.122665997,232.7158978
873500,5.860999908,0.122643996,232.7086188
873750,5.458999977,0.122921498,232.6986194
874000,6.380999966,0.122928995,232.6916583
874250,6.22699995,0.122857497,232.7016235
874500,5.640999947,0.122840997,232.6993231
874750,6.490999985,0.122551995,232.6935376
875000,6.128999939,0.122607498,232.7206781
875250,5.671999969,0.122877998,232.7101538
875500,5.606999989,0.122505997,232.7113531
875750,6.22199995,0.122806497,232.702442
876000,6.414999943,0.122689995,232.7089624
876250,5.627999935,0.122825498,232.7051129
876500,6.348999958,0.122809494,232.6996332
876750,5.25,0.122607997,232.6961377
877000,6.565000019,0.122685498,232.6962805
877250,5.759999962,0.122909996,232.6971216
877500,6.072999973,0.123020996,232.7063281
877750,6.515999966,0.123110497,232.6923877
878000,5.695999947,0.123022997,232.720307
878250,6.206999989,0.123042995,232.7038019
878500,5.25,0.123290496,232.7118988
878750,6.645999985,0.123052998,232.6983618
879000,5.881999874,0.122952496,232.7012341
879250,5.913999977,0.122573495,232.7132483
879500,5.913999977,0.122573495,232.7132483
879750,5.336999989,0.122866998,232.6972577
880000,6.445999966,0.122904997,232.6997302
880250,6.122999916,0.123023497,232.7021936
880500,5.667999935,0.123036998,232.6957782
880750,6.556999989,0.122915997,232.6759229
881000,5.984999905,0.123128996,232.7123914
881250,5.785999966,0.122841496,232.7166656
881500,5.475999966,0.123232497,232.7073212
881750,6.36899992,0.122719498,232.7001605
882000,6.300999985,0.122994497,232.7134106
882250,5.604999981,0.122938997,232.6924646
882500,6.415999966,0.122782997,232.7062848
882750,6.162999897,0.122841497,232.7169781
883000,5.65199995,0.122881995,232.7250671
883250,6.521999989,0.122766497,232.6945313
883500,5.255999947,0.122774998,232.6782825
883750,6.469999962,0.123134997,232.6960071
884000,5.623999958,0.122541998,232.7139612
884250,6.30399992,0.122954496,232.6971222
884500,6.349999943,0.122391997,232.7175317
884750,5.648999958,0.122897998,232.7080493
885000,6.431999989,0.122671495,232.7211078
885250,5.250999985,0.122983996,232.7172021
885500,6.528999977,0.122919998,232.720921
885750,5.693999901,0.122546498,232.6969385
886000,5.693999901,0.122546498,232.6969385
886250,6.164999924,0.122653496,232.6740833
886500,6.45699995,0.122737497,232.689538
886750,5.357999935,0.122848997,232.7140735
887000,5.935999985,0.122763997,232.6929553
887250,5.905999947,0.122985496,232.684248
887500,6.606999989,0.122928496,232.7146033
887750,5.804999847,0.122892497,232.7026398
888000,6.033999863,0.123522497,232.7112585
888250,6.591999931,0.123084999,232.7203223
888500,5.29899992,0.123128497,232.7020752
888750,6.050999966,0.123456996,232.7090503
889000,5.71899992,0.123390995,232.6951221
889250,6.601000023,0.122587999,232.7190326
889500,5.916999893,0.122649498,232.7160016
889750,5.889999943,0.122450495,232.7218744
890000,6.578999996,0.122744497,232.7352173
890250,5.270999908,0.122921497,232.7252911
890500,6.239999943,0.122668498,232.7033875
890750,5.662999992,0.122654996,232.7087067
891000,6.505000038,0.122889998,232.6790186
891250,6.069999962,0.122593497,232.6759686
891500,5.730999985,0.122676497,232.7008582
891750,6.594999962,0.122641499,232.7084332
892000,5.974999943,0.122744495,232.7045618
892250,5.858999996,0.122996996,232.7046173
892500,5.858999996,0.122996996,232.7046173
892750,5.432999992,0.122951995,232.7058728
893000,6.357000008,0.123099995,232.7299329
893250,6.232999973,0.122828496,232.6721478
893500,5.621999989,0.122747995,232.7106403
893750,6.475000038,0.122785499,232.6969043
894000,5.253999958,0.122686498,232.7010907
894250,6.552999935,0.122806997,232.6966742
894500,5.681999912,0.122593498,232.6951935
894750,6.257999916,0.122773497,232.6802582
895000,6.414999943,0.122670497,232.678515
895250,5.43699995,0.123105498,232.6927063
895500,5.823999996,0.123229997,232.727738
895750,5.944999924,0.123017997,232.6923389
896000,6.558999996,0.123173997,232.7015283
896250,5.745999889,0.122871498,232.7015771
896500,6.079999905,0.122597495,232.7027136
896750,6.494999962,0.122401997,232.7047382
897000,5.32399992,0.122858996,232.6690259
897250,6.006999969,0.122590497,232.7260107
897500,5.832999916,0.122539997,232.7054254
897750,6.615,0.122625498,232.7138599
898000,5.90299984,0.122699997,232.7273877
898250,5.96599987,0.122649497,232.6863867
898500,5.336999989,0.122874497,232.6954675
898750,6.445999966,0.122877997,232.7124725
899000,6.445999966,0.122877997,232.7124725
899250,6.122999916,0.122293498,232.6657629
899500,5.674999943,0.122594497,232.6977814
899750,6.536999989,0.122695496,232.6927789
900000,6.02399992,0.122495997,232.6947559
900250,5.777999935,0.123131998,232.6842407
900500,5.467999992,0.122944496,232.7033685
900750,6.327999935,0.122979997,232.6855237
901000,6.308999939,0.122931999,232.712572
901250,5.654999905,0.122957498,232.6791382
901500,6.448999939,0.122788998,232.7014587
901750,5.251999969,0.122959996,232.7154565
902000,6.535999966,0.122966997,232.67716
902250,5.677999916,0.123233997,232.7061456
902500,6.149999962,0.122801497,232.7043604
902750,6.442999973,0.123073497,232.7155951
903000,5.605999966,0.122720996,232.7110052
903250,6.278999977,0.122858497,232.7099359
903500,5.25,0.122933497,232.6799445
903750,6.637999973,0.122653995,232.6798724
904000,5.821999893,0.122733496,232.6964606
904250,6.055999908,0.123065997,232.6958752
904500,6.58699995,0.123202997,232.7277173
904750,5.712999897,0.122816995,232.6958417
905000,6.190999908,0.122905996,232.6837848
905250,5.25,0.122833996,232.7172174
905500,5.25,0.122833996,232.7172174
905750,6.552000046,0.122970497,232.734082
906000,5.899999943,0.123361996,232.6938794
906250,5.878999958,0.123358997,232.6979529
906500,6.545000019,0.122696497,232.718219
906750,5.782999935,0.123349997,232.713667
907000,6.015999947,0.123107496,232.7119958
907250,5.32,0.122732497,232.7027509
907500,6.539999962,0.122593496,232.6717218
907750,6.074999924,0.123036998,232.6964758
908000,5.781999931,0.122875995,232.6894318
908250,5.510999985,0.122990497,232.7059131
908500,6.274999943,0.123126997,232.7188562
908750,6.396999969,0.122947498,232.7125867
909000,5.599999924,0.122862995,232.7196747
909250,6.399999962,0.122954997,232.7472089
909500,6.186999931,0.122667496,232.7138684
909750,5.598999939,0.122636498,232.7063055
910000,5.666999969,0.122974997,232.6958728
910250,6.172999897,0.122845999,232.6911804
910500,6.472999992,0.122861997,232.7025543
910750,5.649999866,0.122860493,232.6999237
911000,6.301999855,0.122936496,232.6862408
911250,6.370999966,0.123283997,232.7173077
911500,5.413999996,0.122951498,232.7224738
911750,5.772999992,0.122815496,232.7165448
912000,5.772999992,0.122815496,232.7165448
912250,5.99199995,0.123006996,232.6994049
912500,6.528999977,0.122799499,232.7072998
912750,5.751999931,0.122354496,232.7189935
913000,6.110999908,0.122418498,232.7001532
913250,6.538999958,0.122692997,232.7057611
913500,5.319999962,0.122727496,232.7108502
913750,5.963999958,0.122572997,232.6966577
914000,5.860999908,0.122760999,232.7079797
914250,6.627999992,0.122968497,232.7092316
914500,5.854999866,0.123030997,232.70896
914750,5.997999916,0.122840497,232.6912097
915000,5.336999989,0.122654496,232.7368518
915250,6.49199995,0.123188997,232.6979633
915500,6.141999931,0.122425997,232.713443
915750,5.677999954,0.122808997,232.7102417
916000,5.593999996,0.123035997,232.7077802
 , , , 
