Name,Out_Active_Power_Station_6,Out_Current_Station_6,Out_Voltage_Station_6
0,5.445999908,0.120932999,232.6502747
250,6.333999958,0.121067998,232.6279706
500,5.224999905,0.121851496,232.6494788
750,5.224999905,0.121118995,232.6614331
1000,5.704999924,0.121410997,232.6440167
1250,6.077000008,0.121132497,232.6598303
1500,5.224999905,0.120871497,232.6212341
1750,5.224999905,0.120869995,232.6304163
2000,5.947999954,0.121421997,232.6675629
2250,5.864999981,0.121099997,232.6297266
2500,5.224999905,0.121413496,232.6572003
2750,5.224999905,0.121215498,232.6556775
3000,5.224999905,0.121108997,232.6847839
3250,6.47,0.121213995,232.6681219
3500,6.47,0.121213995,232.6681219
3750,5.282999878,0.121028497,232.6360699
4000,5.224999905,0.120774497,232.6622394
4250,5.224999905,0.121320998,232.6775092
4500,5.462999916,0.120837496,232.6611145
4750,6.342999878,0.121032995,232.6798145
5000,5.224999905,0.121037497,232.6662012
5250,5.224999905,0.121005497,232.6510773
5500,5.721999931,0.121041996,232.6830292
5750,6.06299984,0.120900498,232.6567108
6000,5.224999905,0.121276996,232.6382648
6250,5.224999905,0.121376996,232.6558643
6500,5.224999905,0.121045497,232.6499371
6750,6.389999943,0.121192498,232.6646381
7000,5.411999855,0.121117997,232.6351343
7250,5.224999905,0.120930998,232.6698572
7500,5.224999905,0.120787499,232.6578876
7750,5.329999962,0.120981497,232.6480945
8000,6.459000034,0.120933497,232.6293085
8250,5.226999912,0.121305497,232.661546
8500,5.224999905,0.121333999,232.6526172
8750,5.224999905,0.120847495,232.6473053
9000,5.879999943,0.120807498,232.6705585
9250,5.823999844,0.121197497,232.69552
9500,5.224999905,0.120991496,232.682464
9750,5.224999905,0.120951998,232.6527277
10000,5.224999905,0.120951998,232.6527277
10250,5.224999905,0.120904995,232.6425775
10500,6.54100008,0.120938997,232.679599
10750,5.273999882,0.121397497,232.6693848
11000,5.224999905,0.121066496,232.6863788
11250,5.224999905,0.120604496,232.6444928
11500,5.420999928,0.121041997,232.6570856
11750,6.316999989,0.120988495,232.6533521
12000,5.225999908,0.121048495,232.6448413
12250,5.224999905,0.120917497,232.65336
12500,5.687999954,0.121467497,232.6613281
12750,6.073999996,0.121294998,232.6532184
13000,5.224999905,0.121590998,232.6715173
13250,5.224999905,0.121536997,232.6717828
13500,5.973999958,0.120716996,232.652063
13750,5.833999825,0.120939497,232.6529736
14000,5.224999905,0.121191498,232.6717749
14250,5.224999905,0.120981497,232.6578369
14500,5.224999905,0.120812497,232.6616669
14750,6.491999969,0.120998494,232.6637915
15000,5.282999878,0.121042496,232.6279053
15250,5.224999905,0.120931996,232.6548492
15500,5.224999905,0.120872497,232.6392511
15750,6.53199995,0.121332499,232.6621204
16000,5.235999889,0.120934497,232.6702246
16250,5.224999905,0.121066998,232.6508069
16500,5.224999905,0.121066998,232.6508069
16750,5.224999905,0.121000996,232.6382599
17000,5.72699995,0.121091998,232.6350714
17250,6.000999966,0.120991496,232.6345007
17500,5.224999905,0.121004496,232.659082
17750,5.224999905,0.121144495,232.6500287
18000,5.95699995,0.120938997,232.661626
18250,5.78099987,0.120857996,232.635282
18500,5.224999905,0.120969998,232.6135553
18750,5.224999905,0.120947496,232.6860419
19000,5.224999905,0.121252997,232.6522449
19250,6.595999928,0.120759498,232.6591211
19500,5.257999859,0.121068497,232.6498029
19750,5.224999905,0.121090995,232.6665601
20000,5.224999905,0.120967997,232.666521
20250,6.579000072,0.120914996,232.6293103
20500,5.236999893,0.121090997,232.6320233
20750,5.224999905,0.121193498,232.6500153
21000,5.394999905,0.121022495,232.6248724
21250,6.366000004,0.121316496,232.6678998
21500,5.225999908,0.121222498,232.6825781
21750,5.224999905,0.120889997,232.6415857
22000,5.591999931,0.120951496,232.6312109
22250,6.113999996,0.120972997,232.6436664
22500,5.224999905,0.121019998,232.6456348
22750,5.224999905,0.120976998,232.6528748
23000,5.224999905,0.120976998,232.6528748
23250,5.224999905,0.121026998,232.6459778
23500,6.272999897,0.120902996,232.657428
23750,5.527999878,0.121109997,232.6810712
24000,5.224999905,0.120669497,232.6432043
24250,6.099000034,0.121367996,232.6326324
24500,5.632999916,0.121123996,232.6394165
24750,5.224999905,0.121223496,232.6757111
25000,5.224999905,0.121187997,232.6499469
25250,5.224999905,0.120876496,232.6870868
25500,6.586000023,0.121127498,232.6369214
25750,5.243999882,0.121418498,232.6823602
26000,5.224999905,0.121191998,232.6298718
26250,6.557999916,0.121140998,232.6429193
26500,5.267999878,0.121456497,232.6691315
26750,5.224999905,0.121026998,232.6621277
27000,5.224999905,0.121213996,232.6365778
27250,5.494999943,0.121374495,232.6408075
27500,6.275000019,0.121299996,232.6511847
27750,5.224999905,0.121137496,232.671593
28000,5.224999905,0.121037496,232.6396655
28250,5.771999931,0.121192496,232.6493176
28500,6.038999844,0.121553996,232.662132
28750,5.224999905,0.121288497,232.6475641
29000,5.595999928,0.121287498,232.678974
29250,6.159999962,0.121164497,232.6742334
29500,6.159999962,0.121164497,232.6742334
29750,5.224999905,0.121128997,232.6488104
30000,5.224999905,0.121021997,232.6383356
30250,5.224999905,0.121091498,232.6478809
30500,6.209000034,0.121130497,232.6076672
30750,5.522999859,0.121346995,232.633252
31000,5.224999905,0.121084497,232.6425006
31250,5.224999905,0.121083997,232.6629547
31500,6.513999958,0.121194497,232.6673315
31750,5.304999905,0.121023997,232.6285681
32000,5.224999905,0.120903997,232.6677386
32250,5.224999905,0.120898499,232.639715
32500,5.394999905,0.121025498,232.6226794
32750,6.366000004,0.120949498,232.6031885
33000,5.225999908,0.121023495,232.6414069
33250,5.224999905,0.120900497,232.6184027
33500,5.224999905,0.121427498,232.6583801
33750,6.01699995,0.121175497,232.6392859
34000,5.742999859,0.120726496,232.6389301
34250,5.224999905,0.120999498,232.6234882
34500,5.224999905,0.121423998,232.6564282
34750,5.224999905,0.121088997,232.650415
35000,6.504000053,0.121186496,232.6866266
35250,5.254999886,0.121100999,232.6364056
35500,5.224999905,0.121432496,232.6491541
35750,5.259999924,0.121455496,232.6354492
36000,5.259999924,0.121455496,232.6354492
36250,6.510999908,0.121165994,232.6876556
36500,5.230999889,0.120895498,232.6599951
36750,5.224999905,0.120895997,232.6495459
37000,5.224999905,0.121233999,232.6318243
37250,5.802999916,0.120517498,232.6573474
37500,5.963999977,0.121218998,232.6344275
37750,5.224999905,0.120992996,232.6386267
38000,5.224999905,0.120992496,232.6419672
38250,5.224999905,0.120938496,232.6522455
38500,6.471000042,0.120976497,232.6086566
38750,5.318999863,0.121206497,232.6364734
39000,5.224999905,0.121303997,232.6685461
39250,5.224999905,0.121077999,232.6695422
39500,5.346999931,0.121279497,232.6215143
39750,6.377999878,0.120974997,232.6660815
40000,5.226999912,0.121500998,232.6692279
40250,5.224999905,0.120991496,232.660542
40500,5.629999943,0.120843997,232.6596332
40750,6.156999969,0.121130998,232.6410516
41000,5.224999905,0.120645998,232.6637805
41250,5.224999905,0.121134498,232.657337
41500,5.224999905,0.121057997,232.6392871
41750,6.22899992,0.121052495,232.6837408
42000,5.504999886,0.120692997,232.6777112
42250,5.224999905,0.120658497,232.6758521
42500,5.224999905,0.120658497,232.6758521
42750,5.224999905,0.121085997,232.6352551
43000,5.224999905,0.120876497,232.6283618
43250,6.51699995,0.120748998,232.6420532
43500,5.232999878,0.120923995,232.6583789
43750,5.224999905,0.120976997,232.6601349
44000,5.224999905,0.121045497,232.6744751
44250,5.793999901,0.121416498,232.6647748
44500,6.016999874,0.121308997,232.6461157
44750,5.224999905,0.121107498,232.6617432
45000,5.224999905,0.121018998,232.6540234
45250,6.037999973,0.121153995,232.6189471
45500,5.719999828,0.121213997,232.6781927
45750,5.224999905,0.121288498,232.6579657
46000,5.224999905,0.121410996,232.650224
46250,6.26699995,0.121165997,232.6626416
46500,5.457999859,0.121263495,232.6717847
46750,5.224999905,0.121372996,232.6472333
47000,5.224999905,0.120826996,232.6421118
47250,6.457999973,0.121126498,232.6480084
47500,5.297999916,0.120840499,232.6713593
47750,5.224999905,0.121125996,232.6258838
48000,5.224999905,0.121168496,232.6317059
48250,5.459999924,0.121513995,232.6635675
48500,6.313999977,0.121171496,232.6483972
48750,5.224999905,0.121315998,232.6635205
49000,5.224999905,0.121315998,232.6635205
49250,5.224999905,0.121292999,232.6288995
49500,5.663999939,0.120906498,232.6842944
49750,6.05,0.121146497,232.6755658
50000,5.224999905,0.121220495,232.6473163
50250,5.224999905,0.120985498,232.6373438
50500,5.940000019,0.121119494,232.6913751
50750,5.833999825,0.121222998,232.6761908
51000,5.224999905,0.120822999,232.6684235
51250,5.224999905,0.120715997,232.6816101
51500,6.182999954,0.120622999,232.6668359
51750,5.621999855,0.120218997,232.6558893
52000,5.224999905,0.121161998,232.6866705
52250,5.224999905,0.121440496,232.6884454
52500,5.224999905,0.121204498,232.6792981
52750,6.52300005,0.121314498,232.6477087
53000,5.238999901,0.120951998,232.6531757
53250,5.224999905,0.120995995,232.6601166
53500,5.360999908,0.121295996,232.6556091
53750,6.440000019,0.121067997,232.6385333
54000,5.226999912,0.120801999,232.6351941
54250,5.224999905,0.121200997,232.6516632
54500,5.53199995,0.120921497,232.6192023
54750,6.227999992,0.121178497,232.6623828
55000,5.224999905,0.120833998,232.6866046
55250,5.224999905,0.121030499,232.6789795
55500,5.224999905,0.121030499,232.6789795
55750,5.789999943,0.120840496,232.6741949
56000,5.958999805,0.121026996,232.642099
56250,5.224999905,0.120960498,232.6284766
56500,5.224999905,0.121074998,232.6332184
56750,6.078000011,0.121230496,232.6515588
57000,5.71599987,0.121078997,232.6351691
57250,5.224999905,0.120915998,232.6462793
57500,5.224999905,0.121139997,232.6323022
57750,6.319999943,0.120886497,232.6725244
58000,5.466999874,0.120782999,232.6304633
58250,5.224999905,0.121176998,232.6613104
58500,5.224999905,0.120792997,232.653075
58750,6.472999897,0.121166999,232.6896515
59000,5.298999901,0.121141998,232.6580878
59250,5.224999905,0.121599998,232.6634698
59500,5.224999905,0.121080997,232.6430322
59750,6.583999939,0.120897498,232.677337
60000,5.240999889,0.121199498,232.6854498
60250,5.224999905,0.121149494,232.6354608
60500,5.309999905,0.120928497,232.6442926
60750,6.477999935,0.121183497,232.6491705
61000,5.228999901,0.120953998,232.6284906
61250,5.224999905,0.121200997,232.6377155
61500,5.224999905,0.121207997,232.6229199
61750,5.938999939,0.120980995,232.635993
62000,5.938999939,0.120980995,232.635993
62250,5.828999958,0.121100997,232.6608032
62500,5.224999905,0.121001497,232.6410583
62750,5.224999905,0.120802998,232.6254932
63000,6.182999954,0.120757496,232.624314
63250,5.617999859,0.120976996,232.6557288
63500,5.224999905,0.120862497,232.6446729
63750,5.224999905,0.121409498,232.6519177
64000,6.451999969,0.120989998,232.6462146
64250,5.342999859,0.120804997,232.6789374
64500,5.224999905,0.121302498,232.6367688
64750,5.224999905,0.120896998,232.6622583
65000,5.364999981,0.121071996,232.6704681
65250,6.407000008,0.121018996,232.6353387
65500,5.227999916,0.121064998,232.630036
65750,5.224999905,0.121419498,232.6278113
66000,5.224999905,0.121216996,232.6383429
66250,5.924999943,0.120903997,232.6054565
66500,5.80299984,0.121217498,232.6484961
66750,5.224999905,0.121360997,232.6251062
67000,5.224999905,0.121064497,232.6450244
67250,6.151999931,0.120984496,232.6617511
67500,5.555999908,0.121022498,232.6588348
67750,5.224999905,0.121131498,232.6372412
68000,5.224999905,0.120775998,232.665578
68250,6.43399992,0.120692996,232.6580768
68500,6.43399992,0.120692996,232.6580768
68750,5.328999882,0.121195999,232.6336029
69000,5.224999905,0.121349498,232.6114117
69250,5.224999905,0.121062998,232.6462817
69500,6.56,0.121308996,232.6371661
69750,5.25099987,0.120971497,232.6397913
70000,5.224999905,0.121103998,232.6316779
70250,5.258999901,0.121278998,232.677691
70500,6.496000061,0.120939997,232.646983
70750,5.231999874,0.121097996,232.6799219
71000,5.224999905,0.121566498,232.6489307
71250,5.420999928,0.121443994,232.6799341
71500,6.300999985,0.120864998,232.6444751
71750,5.225999908,0.121202996,232.6347931
72000,5.311999912,0.121087998,232.6278021
72250,6.446999893,0.120947997,232.6533093
72500,5.228999901,0.120777497,232.6502173
72750,5.224999905,0.121313497,232.6547412
73000,5.224999905,0.120970497,232.641994
73250,5.924999962,0.121291497,232.6710254
73500,5.862999973,0.120942498,232.6433783
73750,5.224999905,0.120766498,232.6900909
74000,5.224999905,0.120615998,232.6825604
74250,6.140000019,0.121047997,232.6860474
74500,5.622999916,0.121271998,232.6603778
74750,5.224999905,0.121051497,232.6536169
75000,5.224999905,0.121051497,232.6536169
75250,5.224999905,0.120870499,232.639137
75500,6.389000015,0.121004498,232.6769983
75750,5.338999901,0.121389997,232.6830823
76000,5.224999905,0.121053995,232.6577844
76250,5.224999905,0.1208775,232.6650586
76500,5.343999901,0.120905997,232.6309796
76750,6.387000008,0.121040497,232.6573364
77000,5.227999897,0.121258498,232.6649463
77250,5.224999905,0.121048498,232.6573383
77500,5.544999943,0.120753498,232.6592737
77750,6.192999973,0.120761997,232.6552014
78000,5.224999905,0.121311498,232.6309692
78250,5.224999905,0.120835998,232.6346021
78500,5.814999924,0.120747998,232.6661224
78750,5.960000019,0.121028496,232.6620984
79000,5.224999905,0.121151498,232.6317554
79250,5.224999905,0.120869496,232.6379059
79500,6.01699995,0.121065996,232.6735065
79750,5.737999954,0.120990996,232.655531
80000,5.224999905,0.121422997,232.6602338
80250,5.224999905,0.121174496,232.6747223
80500,6.267000027,0.120844997,232.6404755
80750,5.488999901,0.120966496,232.6579297
81000,5.224999905,0.120899498,232.6291284
81250,5.224999905,0.121133496,232.6231628
81500,5.224999905,0.121133496,232.6231628
81750,5.224999905,0.120979496,232.6734113
82000,6.500000038,0.120602497,232.6301062
82250,5.231999893,0.1206935,232.6299701
82500,5.224999905,0.120828998,232.6613873
82750,5.224999905,0.120737495,232.6377466
83000,5.787999935,0.121033497,232.6427148
83250,5.932999954,0.121489496,232.6506952
83500,5.224999905,0.120595496,232.6461401
83750,5.224999905,0.121043498,232.6805695
84000,6.008999977,0.121018999,232.6706519
84250,5.70699995,0.121216499,232.6891541
84500,5.224999905,0.120771498,232.6850269
84750,5.224999905,0.120786495,232.6182568
85000,6.288999996,0.120869496,232.6744666
85250,5.474999924,0.120995498,232.6557471
85500,5.224999905,0.121085497,232.6595044
85750,5.224999905,0.121221497,232.6846729
86000,5.258999901,0.121047497,232.63745
86250,6.496000061,0.121130996,232.6522192
86500,5.231999874,0.121122997,232.6805133
86750,5.224999905,0.120714996,232.6832343
87000,5.40399992,0.120663497,232.6811761
87250,6.304999962,0.120833496,232.6707544
87500,5.225999908,0.120642497,232.6922015
87750,5.224999905,0.120509999,232.6693134
88000,5.224999905,0.120509999,232.6693134
88250,5.678999939,0.121002498,232.6614423
88500,6.092999973,0.120630496,232.6939044
88750,5.224999905,0.120896998,232.6486829
89000,5.224999905,0.120840997,232.6676917
89250,5.899999943,0.120767497,232.654707
89500,5.868999977,0.121038495,232.6876825
89750,5.224999905,0.121069997,232.687619
90000,5.224999905,0.121139997,232.6707867
90250,6.141000023,0.121198997,232.6848669
90500,5.592999916,0.121241497,232.670498
90750,5.224999905,0.121012995,232.6871594
91000,5.224999905,0.121500995,232.6860437
91250,6.345000057,0.121304497,232.7011774
91500,5.384999866,0.121020498,232.6518585
91750,5.224999905,0.120658997,232.6856024
92000,5.224999905,0.121009496,232.6572089
92250,6.544000034,0.120736497,232.6816272
92500,5.261999874,0.121115996,232.6742419
92750,5.224999905,0.120832997,232.684563
93000,5.224999905,0.121240496,232.6453375
93250,5.523999958,0.120856997,232.6681458
93500,6.213999939,0.120534997,232.684538
93750,5.224999905,0.120830495,232.6490253
94000,5.224999905,0.121086496,232.6549066
94250,5.721999931,0.121247994,232.6960303
94500,5.721999931,0.121247994,232.6960303
94750,5.981999989,0.121002997,232.6769525
95000,5.224999905,0.121001996,232.6746289
95250,5.224999905,0.121311998,232.6698956
95500,6.012999973,0.121239998,232.6689227
95750,5.755999947,0.121050995,232.6523926
96000,5.224999905,0.120779496,232.7059076
96250,5.224999905,0.121137497,232.6840662
96500,6.257000008,0.121056998,232.6707941
96750,5.524999924,0.120891998,232.6647565
97000,5.224999905,0.121123496,232.6734814
97250,5.224999905,0.121166496,232.6530121
97500,6.471000061,0.121396998,232.6847638
97750,5.318999882,0.121216496,232.6982428
98000,5.224999905,0.121062996,232.674577
98250,5.224999905,0.120672996,232.7006647
98500,5.224999905,0.120860996,232.7017126
98750,5.770999966,0.120810995,232.6366418
99000,5.951999969,0.120907497,232.6900989
99250,5.224999905,0.120664996,232.6894415
99500,5.224999905,0.120835496,232.6831793
99750,5.990999966,0.121049497,232.6660419
100000,5.72899992,0.121095996,232.6436908
100250,5.224999905,0.121164497,232.6831873
100500,5.224999905,0.120913998,232.6771002
100750,6.285000019,0.121079496,232.6745062
101000,6.285000019,0.121079496,232.6745062
101250,5.482999878,0.121142995,232.693313
101500,5.224999905,0.120945497,232.6432581
101750,5.224999905,0.121147996,232.6757452
102000,5.224999905,0.120845496,232.6629877
102250,6.510000076,0.120885497,232.6586652
102500,5.231999893,0.121123997,232.6643152
102750,5.224999905,0.120997497,232.6309216
103000,5.360999908,0.120835496,232.6925763
103250,6.346000004,0.121271495,232.6467157
103500,5.224999905,0.120614498,232.6859711
103750,5.224999905,0.120659995,232.6563226
104000,5.659999943,0.120625499,232.6640643
104250,6.105999985,0.120756998,232.6771375
104500,5.224999905,0.120764996,232.6449933
104750,5.224999905,0.120749496,232.6570776
105000,5.224999905,0.121226998,232.6572412
105250,6.252999992,0.121028496,232.6623602
105500,5.44099987,0.121024996,232.6898492
105750,5.224999905,0.120958997,232.6716748
106000,5.224999905,0.121233499,232.6556091
106250,6.433000031,0.121564495,232.6558179
106500,5.282999859,0.121186497,232.6802966
106750,5.224999905,0.121324997,232.6819867
107000,5.224999905,0.120728998,232.6450665
107250,5.40399992,0.120933997,232.6743701
107500,5.40399992,0.120933997,232.6743701
107750,6.317999973,0.120850496,232.6468085
108000,5.225999908,0.120923997,232.6639215
108250,5.224999905,0.121026998,232.6689117
108500,5.614999924,0.121173999,232.6760425
108750,6.093000031,0.121080997,232.690802
109000,5.224999905,0.121015997,232.6740411
109250,5.224999905,0.120962497,232.6407697
109500,5.224999905,0.120959495,232.6736096
109750,6.277000046,0.121328498,232.6570728
110000,5.452999878,0.121446995,232.6453223
110250,5.224999905,0.121121498,232.6631213
110500,5.224999905,0.120650498,232.6569928
110750,5.258999901,0.120850998,232.6513531
111000,6.512000046,0.120692497,232.7022162
111250,5.230999889,0.121093495,232.6741461
111500,5.224999905,0.120839497,232.662298
111750,5.454999924,0.121096996,232.674986
112000,6.343999996,0.120551498,232.673963
112250,5.224999905,0.120719496,232.6397034
112500,5.224999905,0.121302997,232.6471179
112750,5.224999905,0.121046996,232.6453705
113000,6.080999985,0.120959496,232.6711206
113250,5.70699995,0.121085998,232.650249
113500,5.224999905,0.120917498,232.6476892
113750,5.224999905,0.121321996,232.6633002
114000,5.224999905,0.121321996,232.6633002
114250,6.288999996,0.120797496,232.6465057
114500,5.464999905,0.120823498,232.6426178
114750,5.224999905,0.121082997,232.6433215
115000,5.224999905,0.121008998,232.6624652
115250,5.258999901,0.121126497,232.6985791
115500,6.494000034,0.121003998,232.6674725
115750,5.229999905,0.120930498,232.6735779
116000,5.224999905,0.120981497,232.6635297
116250,5.224999905,0.121377497,232.6638507
116500,5.846999989,0.121730996,232.6631305
116750,5.882999916,0.121259497,232.6798419
117000,5.224999905,0.121263996,232.6755945
117250,5.224999905,0.121164997,232.6909229
117500,6.058999977,0.120684498,232.679859
117750,5.660999908,0.121226998,232.6292914
118000,5.224999905,0.120951497,232.6199292
118250,5.224999905,0.120779995,232.6513092
118500,5.224999905,0.121154498,232.6490808
118750,6.529000053,0.121068996,232.6355127
119000,5.244999866,0.121033497,232.6520416
119250,5.224999905,0.121280997,232.6811688
119500,5.224999905,0.121468996,232.6760339
119750,5.616999912,0.121225998,232.6845886
120000,6.138999996,0.121016999,232.6483398
120250,5.224999905,0.121013995,232.6289905
120500,5.224999905,0.121013995,232.6289905
120750,5.224999905,0.121076999,232.6423529
121000,5.868999977,0.120675497,232.6761652
121250,5.860999947,0.120865996,232.68177
121500,5.224999905,0.120568998,232.6598431
121750,5.224999905,0.120821995,232.6506982
122000,6.073000011,0.120840998,232.6562097
122250,5.656999912,0.120698998,232.6523633
122500,5.224999905,0.120554497,232.6260175
122750,5.224999905,0.120837998,232.6709875
123000,5.224999905,0.120723497,232.6447546
123250,6.600000057,0.120893496,232.6394641
123500,5.241999874,0.120970499,232.6753217
123750,5.224999905,0.121227995,232.6625177
124000,5.292999897,0.121053996,232.6307623
124250,6.455999928,0.120794995,232.6541748
124500,5.229999886,0.120752999,232.6229138
124750,5.224999905,0.120832498,232.6729144
125000,5.224999905,0.120976496,232.6786487
125250,5.918000031,0.120896496,232.6880096
125500,5.88699995,0.120909497,232.681449
125750,5.224999905,0.120812497,232.6902979
126000,5.764999962,0.120737497,232.6943524
126250,6.034999847,0.121053496,232.6962195
126500,5.224999905,0.121014996,232.6774042
126750,5.224999905,0.120903497,232.688418
127000,5.224999905,0.120903497,232.688418
127250,5.224999905,0.121331998,232.6518378
127500,6.356000004,0.120721496,232.6825458
127750,5.330999889,0.120477998,232.6786719
128000,5.224999905,0.120954499,232.6688074
128250,5.224999905,0.120860997,232.6440411
128500,6.564999962,0.120863998,232.6536426
128750,5.26099987,0.120995497,232.6386456
129000,5.224999905,0.121472496,232.6499213
129250,5.224999905,0.121813499,232.6349896
129500,6.562000008,0.121766497,232.6539764
129750,5.234999886,0.121767997,232.6383063
130000,5.224999905,0.121731498,232.6648663
130250,6.539000053,0.122025996,232.6939233
130500,5.25099987,0.121769997,232.6616254
130750,6.192999954,0.121446497,232.6752246
131000,5.581999836,0.121934997,232.686723
131250,5.224999905,0.121673499,232.673338
131500,5.224999905,0.121585498,232.6774652
131750,6.411999893,0.121530996,232.6476776
132000,5.336999893,0.121802998,232.6563782
132250,5.895999966,0.121870495,232.6438763
132500,5.898999825,0.121614498,232.6907361
132750,5.346999931,0.121847498,232.6588654
133000,34.80899799,0.626581488,232.576485
133250,191.2829944,1.182136455,232.4471863
133500,191.2829944,1.182136455,232.4471863
133750,265.1089941,1.214997959,232.4349695
134000,264.9759937,1.214521976,232.4645264
134250,264.5039954,1.212796979,232.4553497
134500,263.3319934,1.211513,232.4434412
134750,264.7029944,1.210042472,232.4612476
135000,263.4359924,1.208907466,232.4525293
135250,262.5469897,1.208023977,232.4558392
135500,263.0179883,1.206724472,232.4464868
135750,262.8559949,1.20609446,232.4397974
136000,262.7379956,1.205173941,232.4399805
136250,262.0949878,1.204254985,232.4493433
136500,261.734989,1.203417964,232.4837866
136750,261.5129871,1.202710977,232.4375385
137000,261.7979858,1.20196744,232.4585266
137250,261.4249878,1.201443982,232.4372827
137500,261.7409888,1.200316968,232.4555511
137750,260.5189954,1.200048966,232.4490643
138000,261.443988,1.199115491,232.4727435
138250,260.1679919,1.198441482,232.446991
138500,261.1199927,1.197779965,232.4454254
138750,260.9959937,1.197247458,232.4448517
139000,260.2119897,1.197127972,232.4696454
139250,259.8829895,1.196476965,232.4423199
139500,259.9819897,1.195576487,232.4625165
139750,260.1749878,1.194636965,232.4587848
140000,260.1749878,1.194636965,232.4587848
140250,260.1749878,1.19413496,232.4718152
140500,259.763988,1.193500986,232.44729
140750,258.9149915,1.19331398,232.4539575
141000,260.0829932,1.19297646,232.4536383
141250,259.3299927,1.192181473,232.4572992
141500,259.1819885,1.191411438,232.4243335
141750,258.683988,1.190804939,232.4751825
142000,258.9769897,1.190535955,232.466192
142250,259.1779919,1.190368466,232.4604041
142500,258.4499817,1.189598966,232.4321967
142750,258.4499817,1.189142981,232.4619653
143000,258.4499817,1.188620491,232.4596869
143250,258.4499817,1.188665471,232.4565771
143500,258.4499817,1.187819967,232.4610004
143750,258.4499817,1.187318473,232.4786078
144000,258.4499817,1.186928988,232.4871173
144250,258.2759851,1.186502986,232.482478
144500,257.2489893,1.186087961,232.4751422
144750,258.413988,1.18578999,232.4915442
145000,256.704989,1.185296969,232.4810974
145250,257.9799927,1.185030994,232.4985095
145500,257.4999927,1.184560456,232.4679175
145750,257.2589868,1.184309988,232.4881439
146000,258.0179944,1.184056993,232.4721179
146250,256.7439807,1.183798957,232.4779163
146500,256.7439807,1.183798957,232.4779163
146750,257.7529907,1.184503965,232.4694543
147000,257.0469849,1.183825994,232.4608215
147250,256.8009875,1.183801966,232.4403461
147500,257.3529895,1.183310466,232.4697565
147750,256.2949866,1.18263248,232.434502
148000,256.6120007,1.182352481,232.4520093
148250,256.7000122,1.182330461,232.4620221
148500,256.7000122,1.181195984,232.4765436
148750,256.7000122,1.18120295,232.4696783
149000,256.7000122,1.18111146,232.4803485
149250,256.7000122,1.180548463,232.490575
149500,256.7000122,1.180631986,232.474118
149750,256.2870062,1.179552488,232.4386047
150000,255.7749957,1.179450483,232.452254
150250,256.7000122,1.179185977,232.4671185
150500,255.3449939,1.17877048,232.4619745
150750,256.0330011,1.178338461,232.4645508
151000,256.0569971,1.177986465,232.470589
151250,255.3739954,1.17773747,232.4464917
151500,256.166001,1.177311468,232.4620862
151750,255.9209961,1.176778469,232.471048
152000,255.3739966,1.176209469,232.4519269
152250,254.9749908,1.175945978,232.4591461
152500,254.9749908,1.175375972,232.4941809
152750,254.9749908,1.175091472,232.4650226
153000,254.9749908,1.175091472,232.4650226
153250,256.3120001,1.174966464,232.4852704
153500,254.9879926,1.17461349,232.4768304
153750,254.9749908,1.17425148,232.494975
154000,254.9049921,1.173671985,232.4472638
154250,253.7379968,1.173035979,232.4461993
154500,254.9469843,1.173072472,232.4667413
154750,254.9499817,1.172664948,232.5007751
155000,254.6019849,1.172436962,232.5068475
155250,253.9389984,1.172032995,232.4881995
155500,254.9499817,1.171590977,232.4841803
155750,253.6429974,1.171174455,232.4876855
156000,254.364989,1.170875468,232.4637659
156250,254.2359961,1.170489984,232.4868372
156500,253.5709955,1.170451455,232.4988062
156750,254.4709894,1.169706964,232.4868713
157000,253.2310034,1.169198465,232.494895
157250,253.2250061,1.169209986,232.4897668
157500,254.5419916,1.169320459,232.4613428
157750,253.2350012,1.168922958,232.4893268
158000,253.2250061,1.168218455,232.4608295
158250,254.5439929,1.167682476,232.467597
158500,253.2500006,1.16765748,232.4771417
158750,253.2250061,1.167570477,232.4704633
159000,253.2250061,1.167420454,232.5058606
159250,253.2250061,1.167484941,232.4765015
159500,253.2250061,1.167484941,232.4765015
159750,253.2250061,1.166419468,232.4831268
160000,253.2250061,1.165701451,232.4981195
160250,251.8219928,1.165937476,232.5003357
160500,253.1869958,1.165245461,232.4800055
160750,253.1999969,1.165335436,232.4655823
161000,251.880993,1.165070987,232.4655823
161250,253.1709961,1.164903479,232.4727264
161500,252.347995,1.164224467,232.4825183
161750,252.7779938,1.163637948,232.4670135
162000,251.9249939,1.163460479,232.4755988
162250,252.4849951,1.163269453,232.4836304
162500,252.6429932,1.162976966,232.4857086
162750,251.8529932,1.162395968,232.4762396
163000,252.5979938,1.162430458,232.5004053
163250,251.4769916,1.161701956,232.4789557
163500,251.5799908,1.161539483,232.5007025
163750,252.7249945,1.16125699,232.4797937
164000,251.4789923,1.161275473,232.4854999
164250,251.4749908,1.160625453,232.4732037
164500,251.7449915,1.160792971,232.4775415
164750,252.5249951,1.160109968,232.4798297
165000,251.4749908,1.159419498,232.4960077
165250,251.316991,1.159560475,232.469519
165500,250.3039996,1.158967457,232.479375
165750,251.4489825,1.158923478,232.4870453
166000,251.4489825,1.158923478,232.4870453
166250,251.4499817,1.158838477,232.4937103
166500,251.4499817,1.158697963,232.4653821
166750,251.4499817,1.158174472,232.5118225
167000,250.2159955,1.157866478,232.4932849
167250,251.3319891,1.157413974,232.4702551
167500,251.4499817,1.157355456,232.4862549
167750,250.3899921,1.15692646,232.4959747
168000,251.0459906,1.156699457,232.4775647
168250,250.2520001,1.15581697,232.4847662
168500,250.5249927,1.15610898,232.4689026
168750,251.0489941,1.155830469,232.4966895
169000,250.1429999,1.155121441,232.4653998
169250,250.7189929,1.154858489,232.496297
169500,249.7250061,1.154663463,232.4696619
169750,251.0679913,1.154423947,232.4811267
170000,249.7400037,1.154072485,232.4867175
170250,249.7250061,1.153763452,232.4914539
170500,251.0339923,1.153532467,232.4913257
170750,249.7700031,1.153155508,232.4752936
171000,249.7250061,1.153122954,232.4761523
171250,249.7250061,1.152706947,232.4980768
171500,249.7250061,1.152713985,232.4683276
171750,249.7250061,1.15212594,232.4776959
172000,249.7250061,1.151837478,232.4669281
172250,249.7250061,1.151587501,232.4809833
172500,249.7250061,1.151587501,232.4809833
172750,249.7250061,1.151371469,232.469743
173000,249.7250061,1.151249981,232.4641986
173250,248.3669952,1.150799961,232.4735913
173500,249.6519946,1.150479951,232.502655
173750,249.6999969,1.150234957,232.4896936
174000,248.4569934,1.149745474,232.4867981
174250,249.5819952,1.149708467,232.4480377
174500,249.0589941,1.149190445,232.4747589
174750,249.036994,1.149133487,232.5075195
175000,248.3789941,1.148705983,232.4868213
175250,249.190993,1.14855248,232.4902234
175500,248.8979944,1.148218484,232.4847504
175750,248.3789929,1.147736492,232.4921259
176000,249.2539935,1.147875991,232.494613
176250,247.9799915,1.147209473,232.4862683
176500,249.1399933,1.147477493,232.4878613
176750,248.1579919,1.14721899,232.4829492
177000,247.9749908,1.146986461,232.4865656
177250,248.9849933,1.146400485,232.5029565
177500,248.3039917,1.146145458,232.4575024
177750,247.9749908,1.14605648,232.4810144
178000,247.9749908,1.145664468,232.4802136
178250,247.9749908,1.145424986,232.4895636
178500,247.9749908,1.145284958,232.483606
178750,247.9749908,1.144978456,232.4886938
179000,247.9749908,1.144978456,232.4886938
179250,247.9749908,1.144177485,232.5037427
179500,247.9749908,1.144141965,232.4913971
179750,247.9749908,1.143744478,232.4851428
180000,247.0179932,1.143513479,232.5018152
180250,247.5699957,1.143593965,232.4986072
180500,247.9499969,1.143506451,232.4977161
180750,247.9499969,1.143040457,232.484516
181000,246.742995,1.142596478,232.5035248
181250,247.823996,1.14238646,232.5008136
181500,247.2809949,1.142211976,232.4984845
181750,247.2929944,1.141603951,232.4943164
182000,246.6299933,1.141699967,232.4878833
182250,247.4239954,1.14096149,232.4941284
182500,247.1139941,1.141132474,232.4781995
182750,246.6639935,1.140670485,232.4914948
183000,247.5299957,1.140262976,232.4850305
183250,246.2309918,1.140204983,232.4894598
183500,247.3999945,1.139811974,232.5225433
183750,246.4099927,1.139901962,232.4977356
184000,246.7979938,1.139723473,232.4805121
184250,246.9139954,1.139335971,232.4786877
184500,246.2249908,1.138906465,232.4799353
184750,246.2249908,1.138510957,232.4646124
185000,246.2249908,1.138606472,232.4808411
185250,247.447995,1.138248491,232.4903986
185500,247.447995,1.138248491,232.4903986
185750,246.3029938,1.138078465,232.474679
186000,246.2249908,1.137871981,232.4935321
186250,246.2249908,1.137441983,232.4735071
186500,245.0969928,1.137266974,232.5038702
186750,246.8589978,1.137253456,232.4829089
187000,245.4499927,1.137091961,232.4886395
187250,246.1999817,1.136526961,232.5049194
187500,246.1999817,1.136335483,232.4893176
187750,246.1999817,1.136197481,232.4920068
188000,245.0119897,1.136325469,232.4923041
188250,246.0739893,1.135716972,232.4912476
188500,246.1999817,1.135505977,232.5130774
188750,245.1439893,1.135186982,232.485542
189000,245.9719904,1.134948487,232.4784558
189250,245.7439874,1.134949965,232.4912134
189500,245.4159924,1.134588962,232.4819104
189750,244.9659912,1.134403954,232.470246
190000,246.1289868,1.134071484,232.5001886
190250,245.4299896,1.133792448,232.4899896
190500,244.4999847,1.133285975,232.4957751
190750,245.8149933,1.133251472,232.4764539
191000,245.0959924,1.132981987,232.4976062
191250,245.1859912,1.132826471,232.4859644
191500,244.4999847,1.132501979,232.4820465
191750,244.4999847,1.130166488,232.482887
192000,244.4999847,1.130166488,232.482887
192250,244.4999847,1.123863468,232.489718
192500,242.0069934,1.12231997,232.4945844
192750,243.3199988,1.117933464,232.5186627
193000,239.9779944,1.117277489,232.4714386
193250,239.8469989,1.111787968,232.465166
193500,239.25,1.107016973,232.4928534
193750,237.523996,1.101918459,232.474032
194000,237.0629956,1.10375596,232.5174298
194250,235.1919946,1.095383987,232.5043011
194500,237.3109937,1.093804455,232.5034302
194750,233.9539941,1.090529981,232.507702
195000,232.0239972,1.084277482,232.4926685
195250,234.2889972,1.078611979,232.4847583
195500,229.5179926,1.072574968,232.5002454
195750,228.3749976,1.062926483,232.5241016
196000,227.1469934,1.062826982,232.4870538
196250,227.6249951,1.057569971,232.4826849
196500,227.1929913,1.055788474,232.5134784
196750,223.3549963,1.052368479,232.523894
197000,226.4669928,1.046847973,232.5367572
197250,223.203996,1.04078249,232.503999
197500,220.977995,1.042216473,232.5107172
197750,223.9499939,1.038272986,232.470036
198000,221.3239948,1.041064501,232.5125745
198250,221.4859967,1.034355474,232.5376361
198500,221.4859967,1.034355474,232.5376361
198750,221.4069952,1.029116983,232.5296875
199000,219.103996,1.021320486,232.4983264
199250,218.2979944,1.01687398,232.4992688
199500,214.8909937,1.011111455,232.5022607
199750,214.971994,1.000339489,232.5051746
200000,212.5199976,1.000402963,232.5230548
200250,211.8089972,0.99977649,232.5377417
200500,213.8319971,0.996406469,232.5335657
200750,211.3329913,0.991199479,232.5140308
201000,211.2999878,0.992655969,232.5580316
201250,209.9019989,0.983699477,232.5005359
201500,210.3679962,0.98470747,232.5252051
201750,209.5789978,0.983724983,232.5408459
202000,207.5459949,0.980446982,232.5643884
202250,209.7569934,0.977440975,232.530047
202500,206.3669922,0.974555466,232.5406567
202750,207.271994,0.97672497,232.5361505
203000,208.7439917,0.976519964,232.5572766
203250,207.2269965,0.980664463,232.532735
203500,208.5799957,0.978112481,232.5405188
203750,207.7549969,0.974424968,232.5399176
204000,206.9449976,0.973194964,232.5441736
204250,208.7479944,0.98045145,232.5419342
204500,209.0399957,0.980652471,232.5387274
204750,209.2439935,0.98275748,232.5303088
205000,209.2439935,0.98275748,232.5303088
205250,208.4989966,0.982643471,232.5545508
205500,207.4089948,0.976717987,232.5785168
205750,208.6869928,0.97858098,232.5629993
206000,207.6349982,0.98372648,232.5360211
206250,209.3969958,0.982426474,232.5521118
206500,210.4379956,0.986897478,232.5266058
206750,208.1349933,0.99094949,232.5017914
207000,211.5399945,0.990510979,232.524364
207250,211.3909979,0.994570487,232.5220782
207500,210.8759979,1.001411994,232.5326691
207750,214.7109967,1.002006979,232.5322058
208000,213.3769971,1.007287967,232.4996222
208250,214.7749939,1.007190483,232.4900476
208500,214.7749939,1.010647953,232.527757
208750,214.7749939,1.007556968,232.5530078
209000,214.7399939,1.007077451,232.5246857
209250,214.1099957,1.010322957,232.5391345
209500,216.0329956,1.012905474,232.5198346
209750,218.6730005,1.019646969,232.5113892
210000,214.8539972,1.020315976,232.5419263
210250,218.6359961,1.021879959,232.5301904
210500,217.9919977,1.021868482,232.5057343
210750,216.7819946,1.026165972,232.5102374
211000,221.2249988,1.027586961,232.4894934
211250,218.8769934,1.028166485,232.5038721
211500,218.8769934,1.028166485,232.5038721
211750,218.6519971,1.031561499,232.5413354
212000,222.1869971,1.03326797,232.5194141
212250,220.3459979,1.03669497,232.5137341
212500,221.3679968,1.036806469,232.4942389
212750,221.5219965,1.032691989,232.5355042
213000,221.2599988,1.038745966,232.5069019
213250,221.905993,1.032149453,232.5169714
213500,219.6320001,1.034124475,232.4686133
213750,222.1069977,1.03491899,232.513045
214000,220.6959985,1.027612472,232.5212689
214250,217.5059955,1.030267491,232.5315479
214500,222.6299982,1.025933456,232.496983
214750,217.098996,1.025603452,232.5261505
215000,218.2369965,1.020934973,232.5024939
215250,219.1319965,1.026403503,232.5415247
215500,218.3440021,1.02105999,232.5285114
215750,218.3000031,1.018112478,232.5280548
216000,215.6669922,1.013540964,232.5457587
216250,217.1879932,1.01249948,232.4789343
216500,215.3509961,1.008763485,232.5227631
216750,213.7449945,1.011886981,232.5279749
217000,216.8199939,1.002131987,232.5391406
217250,212.7439966,1.004206963,232.540766
217500,213.2969965,0.998614998,232.5263824
217750,213.6779968,0.998809979,232.5067242
218000,213.6779968,0.998809979,232.5067242
218250,211.8079938,0.996235993,232.4981982
218500,212.1689948,0.99643399,232.519975
218750,211.2999878,0.987492476,232.5509119
219000,210.6799896,0.985260477,232.5150696
219250,209.2749976,0.983413451,232.559671
219500,206.7989948,0.980396972,232.5438544
219750,209.3349915,0.97418097,232.5268225
220000,204.8089935,0.974301474,232.5185321
220250,206.6339935,0.963025467,232.5318213
220500,198.662998,0.92751848,232.5567511
220750,198.8289972,0.953610475,232.5612549
221000,204.2730017,0.961940467,232.5533514
221250,204.3000031,0.936660981,232.5672748
221500,183.0749951,0.842379477,232.5738226
221750,179.5009979,0.88794148,232.5591107
222000,167.6140002,0.778062494,232.590174
222250,154.7989978,0.78827949,232.5780548
222500,151.0509949,0.755008988,232.5970099
222750,149.6329968,0.778353467,232.5746692
223000,148.4559961,0.743989968,232.576806
223250,148.2169958,0.779140475,232.5764258
223500,161.9319946,0.802512481,232.5607513
223750,148.552995,0.721375973,232.5653656
224000,129.9829947,0.721357973,232.5807428
224250,116.3929977,0.55217649,232.6295172
224500,116.3929977,0.55217649,232.6295172
224750,120.2660001,0.851125975,232.5569189
225000,136.0819971,0.595856986,232.5967261
225250,106.7239966,0.738348985,232.5741107
225500,110.1149966,0.479726993,232.6713165
225750,81.51299896,0.663305488,232.5965759
226000,106.2489993,0.455942488,232.6215802
226250,62.84199844,0.608504982,232.6265649
226500,90.6239975,0.50727648,232.643291
226750,79.99199707,0.628738472,232.5974457
227000,115.9059979,0.682357488,232.5479034
227250,96.11299561,0.496390486,232.6146704
227500,83.81599762,0.677258492,232.6029529
227750,126.7239987,0.578970985,232.6154559
228000,101.9069977,0.701460984,232.627879
228250,121.4069968,0.57465049,232.6210632
228500,96.72899567,0.753372483,232.5922198
228750,143.4140009,0.657926979,232.6068225
229000,115.0469955,0.704638486,232.5417456
229250,131.3439951,0.605756984,232.6096613
229500,107.0749988,0.772641473,232.6223492
229750,147.7029944,0.697812989,232.6059473
230000,121.102998,0.773876488,232.5822272
230250,141.148992,0.56799648,232.617583
230500,79.06999619,0.640168984,232.6007751
230750,112.4689966,0.588767495,232.6613116
231000,112.4689966,0.588767495,232.6613116
231250,92.47399567,0.755157993,232.6067352
231500,153.1669958,0.693318481,232.5775104
231750,115.5849988,0.695844483,232.5844403
232000,132.7119977,0.654967477,232.6025171
232250,106.3579971,0.691304488,232.6040063
232500,124.7299966,0.664680986,232.6088971
232750,110.8439978,0.720302975,232.6271033
233000,137.1839957,0.697985988,232.5989471
233250,122.023996,0.731451981,232.6022693
233500,139.3989954,0.702452476,232.6356213
233750,116.0389966,0.773521485,232.5946149
234000,165.2149976,0.811322975,232.5438428
234250,143.0499988,0.79379149,232.5605505
234500,171.233999,0.799305975,232.5462506
234750,141.4739941,0.796687982,232.5481909
235000,163.3209949,0.80384398,232.5770502
235250,143.4009961,0.791164479,232.5812939
235500,157.1839972,0.768789988,232.5716248
235750,134.1019977,0.759311478,232.5845502
236000,155.6200024,0.752020483,232.5830231
236250,117.4749973,0.727613981,232.5663672
236500,152.4869983,0.807858486,232.5546747
236750,151.4269971,0.845698476,232.5533331
237000,188.7569971,0.880652976,232.5810065
237250,147.0219971,0.752374487,232.6135266
237500,147.0219971,0.752374487,232.6135266
237750,133.8549957,0.712297986,232.5953412
238000,111.8620007,0.721093466,232.5813763
238250,150.6219965,0.785503995,232.5758112
238500,140.1239978,0.740933988,232.5509479
238750,142.3229956,0.737548459,232.5841193
239000,122.1009946,0.719939988,232.6200879
239250,143.2669989,0.748096988,232.5699243
239500,123.8219931,0.705068486,232.5774603
239750,142.6809958,0.749016986,232.5717188
240000,121.1549991,0.685367982,232.6364972
240250,129.1519955,0.720290499,232.6134692
240500,102.5209973,0.587024982,232.5997296
240750,107.3739996,0.671409469,232.6119092
241000,109.4289981,0.657763481,232.5983649
241250,134.2329959,0.727831485,232.5861914
241500,95.78599823,0.58801198,232.5981213
241750,111.8639981,0.698398988,232.5765344
242000,103.8419971,0.611727984,232.6161804
242250,121.0179947,0.690194979,232.6056793
242500,92.16099823,0.528802974,232.6223224
242750,104.6209985,0.66936048,232.5794354
243000,85.63299911,0.504674989,232.6281421
243250,84.22199707,0.576625986,232.593291
243500,74.52699554,0.473828493,232.6456714
243750,91.06599915,0.674127488,232.5654816
244000,91.06599915,0.674127488,232.5654816
244250,104.8399966,0.56542448,232.6205286
244500,80.00499756,0.48921048,232.6170319
244750,76.35399902,0.515033482,232.6267017
245000,77.49599731,0.516136484,232.603349
245250,88.06799805,0.577384493,232.64203
245500,76.08999756,0.424330494,232.6169861
245750,53.5819986,0.396056496,232.6298285
246000,51.44299759,0.3381635,232.6554681
246250,47.35599945,0.400922492,232.6495605
246500,49.69099976,0.347416987,232.6108099
246750,45.52400024,0.404192493,232.6528632
247000,49.31899826,0.342209495,232.628587
247250,57.1169989,0.503578485,232.6319745
247500,58.32699738,0.323279492,232.6549561
247750,30.03499954,0.382419001,232.6428491
248000,39.02799988,0.248419994,232.6737909
248250,23.57799934,0.306802493,232.6786969
248500,37.77199959,0.322460985,232.665744
248750,40.00899902,0.368120985,232.6496442
249000,36.47999847,0.242480991,232.6711316
249250,29.00199936,0.368545994,232.6645862
249500,39.47999969,0.249877991,232.6555524
249750,33.24899963,0.406230494,232.6691534
250000,43.85399948,0.273542492,232.6415668
250250,27.1289994,0.33756799,232.6713977
250500,27.1289994,0.33756799,232.6713977
250750,33.58399986,0.233500994,232.6586865
251000,17.48999985,0.23564849,232.6720465
251250,22.95799988,0.233816998,232.6725824
251500,26.43899956,0.31377799,232.6394257
251750,34.17599945,0.267725992,232.6790625
252000,32.45699936,0.358362494,232.6560211
252250,44.7379985,0.305701493,232.6590375
252500,29.40599953,0.311812493,232.6644342
252750,33.14799789,0.247141493,232.6516309
253000,15.85499981,0.274346993,232.6644867
253250,32.34199944,0.285425496,232.666806
253500,33.57499954,0.309415995,232.6183533
253750,36.7659993,0.272826496,232.6743451
254000,29.12899956,0.303705996,232.6522913
254250,34.11099937,0.253178,232.6927118
254500,22.70899979,0.300901492,232.6636456
254750,42.46199829,0.340920488,232.6629608
255000,45.79799866,0.377333986,232.633056
255250,47.69199799,0.29936249,232.6660828
255500,27.45899933,0.298990991,232.6916052
255750,37.63099915,0.279489993,232.6665594
256000,27.62799927,0.262054999,232.6347443
256250,28.78499924,0.268284497,232.6665497
256500,25.86199944,0.244254993,232.6428107
256750,34.11699944,0.387736994,232.6559644
257000,34.11699944,0.387736994,232.6559644
257250,56.99499832,0.371635996,232.6357867
257500,36.94499969,0.351572986,232.612677
257750,49.31499863,0.354497993,232.6400684
258000,44.28899872,0.385361989,232.6578131
258250,55.11799835,0.437971488,232.6452283
258500,57.90499847,0.382692485,232.6335516
258750,48.34399796,0.415258991,232.6318066
259000,60.83399933,0.397063493,232.6356537
259250,50.35699844,0.39992149,232.6721539
259500,64.27699738,0.470485994,232.6593341
259750,72.85599854,0.524905986,232.6328668
260000,85.86099762,0.542721977,232.6166229
260250,81.19100098,0.51481449,232.6436652
260500,79.00499786,0.538842987,232.6061346
260750,92.03599579,0.560016983,232.6312817
261000,89.15099792,0.568053981,232.5995569
261250,94.72099884,0.541900488,232.6465491
261500,72.55799774,0.511550974,232.6293622
261750,84.01599854,0.538966489,232.6101752
262000,83.68399872,0.53713098,232.6337054
262250,80.66999939,0.508175988,232.6050244
262500,78.85199768,0.541027989,232.5852417
262750,93.97299866,0.590861478,232.5954883
263000,92.13499878,0.573876979,232.6119977
263250,96.95699951,0.592980483,232.6262939
263500,96.95699951,0.592980483,232.6262939
263750,95.59399994,0.6159865,232.6310809
264000,107.5829965,0.585259482,232.6035425
264250,71.10199799,0.533932495,232.6292719
264500,104.4409985,0.645499485,232.5927075
264750,89.62799835,0.569407486,232.5847583
265000,106.3259973,0.67623548,232.6067413
265250,94.83899658,0.494902985,232.6489966
265500,74.65199829,0.576859486,232.5960175
265750,114.3039975,0.707112985,232.5974377
266000,104.6239978,0.58476249,232.6096039
266250,117.9799988,0.747711976,232.5934271
266500,130.357999,0.663097477,232.5950458
266750,96.21399872,0.553433483,232.6140942
267000,104.7409976,0.718312483,232.5632788
267250,111.1619962,0.547380981,232.6062927
267500,106.2479971,0.727977989,232.5650543
267750,120.386998,0.606241491,232.5945593
268000,108.3229968,0.721874483,232.5442181
268250,120.8479971,0.644102473,232.5761359
268500,124.3999973,0.759023983,232.5904388
268750,121.5149957,0.573394489,232.6187024
269000,103.3109976,0.728663988,232.5812976
269250,120.4199994,0.599336495,232.6103741
269500,105.0159985,0.726349475,232.5868311
269750,120.5479987,0.575457985,232.6198706
270000,120.5479987,0.575457985,232.6198706
270250,107.8879996,0.732406468,232.5625269
270500,124.6809976,0.608711982,232.5893262
270750,105.7429962,0.733750978,232.6063818
271000,126.5949957,0.632216978,232.6046234
271250,103.7199997,0.660229981,232.6340552
271500,121.3609976,0.768484976,232.5838599
271750,171.3239978,0.887429471,232.5510956
272000,138.8049973,0.599392993,232.6295001
272250,86.78,0.569127986,232.6276117
272500,107.9529968,0.713323979,232.5727222
272750,105.9099976,0.555102975,232.5724695
273000,99.87799805,0.681488488,232.5989825
273250,102.4609972,0.518281987,232.6334125
273500,93.83699829,0.698011479,232.5826477
273750,105.3799979,0.555127984,232.6246198
274000,90.95799866,0.69203949,232.5738611
274250,109.3369965,0.56815299,232.6083118
274500,99.7739975,0.666788478,232.6089014
274750,100.882999,0.505734988,232.6334027
275000,84.13699722,0.690923982,232.6078375
275250,90.95399643,0.412531492,232.6836169
275500,64.63799835,0.645200982,232.608667
275750,127.8469968,0.791497481,232.5872113
276000,103.8159966,0.424180995,232.6271906
276250,44.2979985,0.380649992,232.6423016
276500,44.2979985,0.380649992,232.6423016
276750,58.92399933,0.448050489,232.6543518
277000,120.8669981,0.909350479,232.5780951
277250,209.296994,0.982574463,232.5467346
277500,207.3479962,0.98089448,232.5328503
277750,209.6969971,0.980511978,232.5265094
278000,208.1809949,0.980810976,232.5486902
278250,207.027995,0.975775466,232.526366
278500,185.0969971,0.725106983,232.5866101
278750,80.32799698,0.389994488,232.646806
279000,32.40099892,0.260663988,232.6598657
279250,31.42299957,0.335296984,232.6476794
279500,35.9619989,0.264611488,232.6714209
279750,36.37899887,0.472174991,232.6475446
280000,148.3249991,0.943051982,232.5029626
280250,206.5319977,0.974339964,232.4951263
280500,207.7579962,0.972917471,232.4972595
280750,207.4359979,0.97008148,232.542207
281000,202.1369934,0.905318484,232.5527979
281250,113.2329963,0.382950498,232.6555341
281500,19.30099922,0.211287494,232.6800226
281750,18.65199974,0.223838495,232.678197
282000,24.3659993,0.236784998,232.7013849
282250,24.45599991,0.219889494,232.6869415
282500,15.45999969,0.174324498,232.6900342
282750,14.47699978,0.182099991,232.6872479
283000,14.47699978,0.182099991,232.6872479
283250,16.59699989,0.192086995,232.6686646
283500,16.15199955,0.193902999,232.6892194
283750,16.9679995,0.192616995,232.6913696
284000,14.15299942,0.179491995,232.6964972
284250,18.24799931,0.200767998,232.6791614
284500,16.37899971,0.198404993,232.6933124
284750,18.69799965,0.211252995,232.7038586
285000,20.96099976,0.218738497,232.6989484
285250,21.69199913,0.195921998,232.6594519
285500,15.12799973,0.199153994,232.6762451
285750,18.27999931,0.196852494,232.6601617
286000,16.61099957,0.195664994,232.6986017
286250,18.67899948,0.199516994,232.7174091
286500,16.0279995,0.173521995,232.7032568
286750,16.25899963,0.196558996,232.6849146
287000,20.14499924,0.208191494,232.6928503
287250,18.65399963,0.209106996,232.6846344
287500,18.92599937,0.213044495,232.7017389
287750,22.72999962,0.255732493,232.6755267
288000,37.06999985,0.27563799,232.6651141
288250,23.57399956,0.219273492,232.6524731
288500,21.22799988,0.210165991,232.6945105
288750,18.65299995,0.21427349,232.6727551
289000,20.6829995,0.20250999,232.6927417
289250,15.18600002,0.196912496,232.673075
289500,15.18600002,0.196912496,232.673075
289750,20.1479998,0.222952991,232.6775665
290000,21.60999908,0.214516991,232.6859149
290250,21.14899986,0.222558996,232.7092151
290500,21.3529998,0.227350993,232.6892505
290750,19.80100021,0.187600994,232.6943738
291000,17.35099979,0.208701993,232.6513458
291250,22.84799988,0.217475994,232.6865436
291500,19.85399948,0.218939492,232.6685907
291750,21.62199936,0.225097992,232.6646869
292000,17.1149995,0.189331,232.6696588
292250,20.07099968,0.220622994,232.7390118
292500,22.14899933,0.221821493,232.7010632
292750,22.88099983,0.234149996,232.6732935
293000,23.32799911,0.240654495,232.6819025
293250,25.10399963,0.217504496,232.6862177
293500,19.71099934,0.223805498,232.6661816
293750,20.8359996,0.224157994,232.6788214
294000,23.30599968,0.222613495,232.6550787
294250,21.03999962,0.218260496,232.6627289
294500,20.20999969,0.187472993,232.7007422
294750,19.69499954,0.251467994,232.6590613
295000,32.60499893,0.312634993,232.6807593
295250,35.48599869,0.273482988,232.6833276
295500,27.08999916,0.250079497,232.6499902
295750,27.84599892,0.270100995,232.7128271
296000,27.84599892,0.270100995,232.7128271
296250,36.37799957,0.286152493,232.6759442
296500,29.24999939,0.22651499,232.6840424
296750,20.4409993,0.228016994,232.6739032
297000,23.61699928,0.229759493,232.6818982
297250,22.22599968,0.211776491,232.6634393
297500,14.86699959,0.204071991,232.7207263
297750,23.22899948,0.226697499,232.7147742
298000,22.69899963,0.226538494,232.6837305
298250,21.83099991,0.228112994,232.6555334
298500,25.17799934,0.234646491,232.6862
298750,33.39499924,0.303456991,232.6556787
299000,33.2199987,0.234380991,232.7285059
299250,22.2890004,0.218190994,232.683559
299500,20.41799927,0.220362496,232.7114801
299750,21.67599968,0.221953494,232.703548
300000,18.13300026,0.183590496,232.661673
300250,20.95800011,0.270769993,232.6618518
300500,30.55699928,0.262797992,232.6948267
300750,25.8739994,0.230690995,232.6709955
301000,27.80099876,0.319479488,232.6820081
301250,38.92099915,0.290341492,232.6521783
301500,37.55999969,0.335433995,232.6507019
301750,42.66199814,0.312400988,232.6699469
302000,40.81899841,0.387526989,232.6574426
302250,49.50499954,0.331557496,232.697677
302500,49.50499954,0.331557496,232.697677
302750,30.25899971,0.248775495,232.6601385
303000,34.92299934,0.393515491,232.6434418
303250,59.07499756,0.375410988,232.6323157
303500,47.5009996,0.394701494,232.6211499
303750,61.06299942,0.382233987,232.6706274
304000,46.65099899,0.38822649,232.6449426
304250,55.22199875,0.373023994,232.6603229
304500,50.71599792,0.436351488,232.6584662
304750,67.63699921,0.417237989,232.6371838
305000,55.62899872,0.366296492,232.6739667
305250,45.63499832,0.328194498,232.6694727
305500,52.25799973,0.518769994,232.6361017
305750,78.4259993,0.427779492,232.6641217
306000,40.55699966,0.399843991,232.640791
306250,69.76599823,0.414621496,232.6641461
306500,61.65800003,0.504828477,232.6429199
306750,81.00399597,0.4592635,232.6352545
307000,47.03699966,0.49652548,232.6376947
307250,89.84899841,0.515751988,232.6137994
307500,66.23499908,0.45489499,232.6672321
307750,72.66099823,0.531759492,232.6319989
308000,92.68699615,0.561092501,232.6262042
308250,83.76799866,0.456263987,232.6599487
308500,56.30599869,0.479022982,232.6354901
308750,87.70999939,0.493734494,232.6347455
309000,87.70999939,0.493734494,232.6347455
309250,62.75899857,0.550729982,232.6301868
309500,107.6989969,0.609324489,232.6391345
309750,57.95699905,0.529259489,232.6505914
310000,104.8889975,0.616475493,232.635816
310250,66.21299866,0.349708486,232.636181
310500,45.82599899,0.366409988,232.673634
310750,62.77799835,0.592493484,232.6107819
311000,125.241998,0.686277976,232.637832
311250,86.42799866,0.550486491,232.6588
311500,107.8199985,0.609776485,232.6373682
311750,81.15599854,0.516542497,232.6558862
312000,102.6479968,0.638240486,232.6041742
312250,72.36599838,0.518322992,232.6320831
312500,95.68799835,0.576560981,232.618382
312750,77.76899704,0.511992486,232.6533356
313000,105.2089975,0.627378981,232.6521509
313250,76.9439975,0.477120483,232.663819
313500,79.73299713,0.533567489,232.6300775
313750,65.83899872,0.427710981,232.6629596
314000,68.28599777,0.482790489,232.6079187
314250,57.04999939,0.389994478,232.6122253
314500,73.58099655,0.540021485,232.6000146
314750,64.45099899,0.436173989,232.6367847
315000,86.55199799,0.590774491,232.6044385
315250,76.28699799,0.466079991,232.6334393
315500,76.28699799,0.466079991,232.6334393
315750,79.27899872,0.528723983,232.6080182
316000,67.65299896,0.451682997,232.6566064
316250,82.34399658,0.596675494,232.6025061
316500,104.1009952,0.579530995,232.6173981
316750,76.34499878,0.448550488,232.6349054
317000,74.76799866,0.506254988,232.6258386
317250,56.5490004,0.360592484,232.6634851
317500,60.12199829,0.473770489,232.660918
317750,67.30299789,0.382290983,232.6549915
318000,58.74499908,0.421208987,232.6584357
318250,49.10499878,0.346934496,232.6715063
318500,62.98999878,0.45535448,232.6204858
318750,54.25799866,0.34702499,232.6367462
319000,65.2639975,0.500779992,232.6188135
319250,57.48599991,0.357826494,232.6558948
319500,53.73599777,0.464152485,232.6336865
319750,58.7019989,0.355909991,232.6545007
320000,59.04899811,0.488050988,232.6487653
320250,65.49499741,0.351914489,232.6582336
320500,52.32799957,0.432994993,232.6603961
320750,51.2129985,0.312841992,232.6768158
321000,42.38399918,0.366910496,232.6706854
321250,43.05899948,0.276400996,232.6599536
321500,27.7579995,0.264417995,232.6870465
321750,30.86399872,0.293411497,232.679057
322000,30.86399872,0.293411497,232.679057
322250,46.60599899,0.375415487,232.6350702
322500,43.27299881,0.2847665,232.6790472
322750,30.72699959,0.282305989,232.6638391
323000,32.8239994,0.260529991,232.6883801
323250,34.88499893,0.349273993,232.6650458
323500,45.93999832,0.335869491,232.6663782
323750,46.7229985,0.373528991,232.6740619
324000,42.58699944,0.275681496,232.666571
324250,33.86799911,0.353671992,232.721546
324500,41.55999908,0.267994499,232.6809271
324750,25.85199959,0.269916489,232.6282227
325000,29.18299942,0.250474992,232.6831134
325250,42.84799866,0.440694485,232.6659766
325500,57.60099884,0.319462495,232.6953876
325750,33.73099915,0.370168486,232.6444391
326000,43.63400024,0.274815487,232.673573
326250,34.66299889,0.392037988,232.6404718
326500,60.03999939,0.384697489,232.6399133
326750,47.02099976,0.354222984,232.6502319
327000,43.40499924,0.294466492,232.6915326
327250,34.66399925,0.363257492,232.6514508
327500,46.46199814,0.29713349,232.6629053
327750,33.80699921,0.353091489,232.6682227
328000,51.70899826,0.322602991,232.6764691
328250,44.03799896,0.437518494,232.6551489
328500,44.03799896,0.437518494,232.6551489
328750,64.11899887,0.366329494,232.6414063
329000,34.98299919,0.273609996,232.6712646
329250,38.67499908,0.383501498,232.6820868
329500,55.96799896,0.362943492,232.6621326
329750,41.44999863,0.375431983,232.6557263
330000,54.87699921,0.373576996,232.674931
330250,34.86499924,0.265470994,232.6938104
330500,36.25900009,0.434714986,232.6295972
330750,77.31299957,0.453781486,232.6237518
331000,64.47999847,0.515382981,232.6440009
331250,81.90199738,0.518942486,232.632478
331500,67.87199738,0.385344987,232.6376892
331750,38.01799942,0.376113493,232.6237976
332000,54.10499878,0.370899997,232.6539874
332250,40.20899933,0.435061496,232.612818
332500,76.2239978,0.436180487,232.6389221
332750,52.22699844,0.416283989,232.602348
333000,79.0489975,0.514005488,232.6456281
333250,67.8259993,0.490069994,232.6224786
333500,76.08599915,0.457810485,232.6458972
333750,50.60099838,0.341034496,232.6184625
334000,49.07999832,0.403401989,232.6380707
334250,64.13799774,0.436422489,232.6325458
334500,62.23899796,0.402374492,232.6478644
334750,49.70499939,0.365583493,232.657005
335000,49.70499939,0.365583493,232.657005
335250,51.36399933,0.368390491,232.6495703
335500,48.32099808,0.354098997,232.679455
335750,47.17599792,0.334386489,232.6903809
336000,32.66999901,0.321110493,232.6534137
336250,50.06299927,0.389795496,232.6588831
336500,55.97899826,0.387650989,232.6089655
336750,47.25700027,0.364780493,232.6237787
337000,57.31399826,0.429155989,232.6577185
337250,68.65999725,0.448338488,232.6498419
337500,64.95899826,0.431327485,232.6169568
337750,66.74099915,0.461366984,232.6241296
338000,77.5519986,0.513163486,232.599646
338250,78.89299835,0.49458449,232.6005591
338500,80.61999878,0.510585488,232.5828607
338750,81.49699768,0.519878983,232.6349292
339000,81.80800049,0.486103992,232.6783478
339250,76.45499817,0.488930992,232.6816644
339500,78.81299774,0.512824483,232.6447479
339750,85.08499603,0.522779481,232.6222913
340000,82.12099823,0.489967482,232.6223785
340250,75.16999786,0.489325986,232.6732037
340500,81.97500061,0.51769649,232.6492804
340750,89.27199829,0.553488984,232.6744592
341000,95.90799683,0.585639982,232.6310443
341250,99.98999725,0.596022983,232.6435529
341500,99.98999725,0.596022983,232.6435529
341750,96.20499817,0.556636975,232.6564136
342000,89.50099854,0.541603973,232.6655255
342250,96.20799683,0.596427479,232.6633051
342500,112.3989972,0.626975985,232.5699554
342750,103.1559982,0.575867987,232.6052313
343000,103.238999,0.622783983,232.6086261
343250,104.8059961,0.577446487,232.61526
343500,96.34099915,0.561460483,232.6172144
343750,97.15099548,0.599261992,232.6029645
344000,115.9709964,0.696688983,232.5790814
344250,130.7989984,0.731657474,232.6107593
344500,121.4259973,0.645428979,232.6012256
344750,115.980997,0.673093486,232.5837854
345000,118.7509998,0.667660477,232.5721063
345250,120.0189981,0.674901488,232.5918622
345500,120.5009998,0.676318488,232.6087573
345750,118.3849969,0.657590981,232.6190265
346000,118.3169949,0.679304476,232.6141351
346250,121.1729932,0.694774978,232.5972064
346500,134.8639984,0.775707479,232.5705817
346750,139.3969965,0.713395982,232.5781696
347000,125.5269965,0.722686982,232.570531
347250,139.2579968,0.768184474,232.5696631
347500,145.0969995,0.79948797,232.5645844
347750,169.208996,0.919082475,232.5342072
348000,169.208996,0.919082475,232.5342072
348250,181.6709961,0.870319481,232.5718323
348500,170.6609937,0.878464487,232.5548608
348750,169.7229938,0.844968984,232.5662158
349000,163.0109955,0.849619989,232.5408405
349250,164.2299969,0.847119486,232.5318384
349500,175.1809979,0.922327976,232.5479016
349750,179.6679926,0.858510475,232.5727057
350000,165.1549969,0.847556989,232.5846948
350250,162.406994,0.815389478,232.5905719
350500,163.1959955,0.863724475,232.5750311
350750,175.8639911,0.884913969,232.560611
351000,173.0119928,0.843249488,232.559574
351250,166.953999,0.877837486,232.5338391
351500,170.7509973,0.842670488,232.5537915
351750,169.3689996,0.869544485,232.5258661
352000,174.0889941,0.846160476,232.5619257
352250,175.8049976,0.916578989,232.5292236
352500,195.6289948,0.937669494,232.5458698
352750,186.3259979,0.880908978,232.5787732
353000,180.1289978,0.938010478,232.5560223
353250,198.7859943,0.917588971,232.5273297
353500,181.0059985,0.87061049,232.5511505
353750,168.8759943,0.820324492,232.5868738
354000,158.1649969,0.828543489,232.5850702
354250,166.4339972,0.822150986,232.5859833
354500,166.4339972,0.822150986,232.5859833
354750,158.6759967,0.80291698,232.5739319
355000,147.2559973,0.740990968,232.5738556
355250,139.0949976,0.820243976,232.5986633
355500,159.2089941,0.801891475,232.5827216
355750,144.5739984,0.725705981,232.6380914
356000,126.4019977,0.712442482,232.610069
356250,123.2339978,0.693697989,232.583974
356500,117.1849982,0.679843969,232.629975
356750,114.6939975,0.663613977,232.6142407
357000,110.2659961,0.622344487,232.6340057
357250,100.3839981,0.599918485,232.6179724
357500,98.10299591,0.55137749,232.6495093
357750,85.28499817,0.525925484,232.6519061
358000,83.58899963,0.540838485,232.6347894
358250,84.37699738,0.505774982,232.6253314
358500,73.20399841,0.447704988,232.6579663
358750,61.9269989,0.42468699,232.6589166
359000,65.10799759,0.471315993,232.623208
359250,80.33599854,0.52661649,232.6365936
359500,84.75999664,0.504846495,232.6626788
359750,76.09399719,0.481019491,232.6365411
360000,74.1819986,0.466692495,232.6618921
360250,62.28599884,0.40186749,232.6539349
360500,55.6509993,0.405024489,232.6562775
360750,63.75499863,0.433066489,232.6514545
361000,63.75499863,0.433066489,232.6514545
361250,62.91399811,0.414345993,232.6339404
361500,60.44399933,0.376901491,232.66086
361750,57.49399918,0.440749986,232.6548138
362000,76.94799957,0.468963993,232.65948
362250,62.66899857,0.406243984,232.6666425
362500,56.30999908,0.365295492,232.6582758
362750,53.6109996,0.385635489,232.6468536
363000,60.12299835,0.398281987,232.6711884
363250,53.34899918,0.331569992,232.7015454
363500,44.51999817,0.313219991,232.6816998
363750,42.03799866,0.344491991,232.6454797
364000,56.55499847,0.369180987,232.6894995
364250,54.97499878,0.355356992,232.6898889
364500,49.00199951,0.325406492,232.6570239
364750,47.61999878,0.324417492,232.634613
365000,46.05399994,0.334032493,232.631571
365250,52.47899887,0.376965988,232.6453143
365500,61.81999771,0.383454987,232.6847528
365750,51.5329982,0.338379993,232.6746466
366000,47.96999847,0.330213988,232.6705652
366250,46.39999954,0.35554649,232.6602484
366500,60.43599838,0.387206501,232.6530652
366750,54.68999817,0.347534992,232.626795
367000,50.21399841,0.375339988,232.6517841
367250,65.56599915,0.399994992,232.695824
367500,65.56599915,0.399994992,232.695824
367750,57.89599899,0.366667998,232.6617877
368000,55.72899963,0.429231491,232.6078265
368250,84.44899719,0.540299971,232.6578302
368500,82.14999756,0.485154492,232.6412866
368750,78.03999817,0.48549898,232.6467816
369000,79.86599731,0.521092992,232.6175671
369250,93.48099762,0.569193995,232.6492218
369500,94.22300018,0.563323481,232.629126
369750,100.6009988,0.624454987,232.6348456
370000,105.6850006,0.606850986,232.62354
370250,99.61899719,0.619261472,232.629502
370500,118.8409995,0.699952967,232.5822772
370750,125.2359976,0.671301982,232.6072632
371000,114.6949988,0.674026494,232.5914874
371250,124.8089966,0.709982977,232.5851196
371500,119.8029956,0.671448462,232.5794775
371750,114.5469968,0.677706482,232.5791974
372000,114.4009967,0.664276996,232.6081091
372250,118.1939975,0.699530489,232.597511
372500,121.1699966,0.673439989,232.5860858
372750,119.0709973,0.693214493,232.5999561
373000,122.2029971,0.714265971,232.5928552
373250,139.6319977,0.787519481,232.6017542
373500,148.2829913,0.79442349,232.5849908
373750,158.473996,0.846664979,232.578501
374000,158.473996,0.846664979,232.578501
374250,169.2339929,0.854549465,232.547934
374500,170.6139996,0.895642486,232.5748169
374750,185.4979968,0.914311488,232.5583154
375000,196.3129993,0.975230477,232.5207623
375250,198.3729956,0.938390479,232.5623022
375500,202.0179919,1.002422967,232.4912762
375750,206.6259955,0.955550983,232.5201495
376000,199.7659949,0.965894985,232.5055975
376250,207.8769928,1.01073698,232.5288055
376500,211.2769946,0.972141979,232.5433936
376750,205.0549951,0.97954097,232.5513843
377000,200.925993,0.957427983,232.5687524
377250,204.3389893,0.978081462,232.4930328
377500,200.5889911,0.932029982,232.5628339
377750,186.388999,0.90949548,232.5683868
378000,186.3659949,0.907535472,232.5422302
378250,187.5249951,0.912178478,232.5657788
378500,189.1689923,0.917978981,232.551026
378750,187.5659943,0.891537979,232.5761194
379000,179.9489978,0.892428477,232.5730237
379250,182.1919971,0.888672974,232.5678711
379500,180.3619995,0.926571968,232.5451904
379750,191.1839984,0.888910484,232.5951385
380000,171.1489923,0.83048497,232.5600952
380250,157.5040009,0.806134992,232.6091705
380500,157.5040009,0.806134992,232.6091705
380750,156.4419983,0.79549448,232.5555994
381000,154.076994,0.802013474,232.5502209
381250,158.2999945,0.830095963,232.5585205
381500,172.5499951,0.905703981,232.5647632
381750,184.052995,0.872341466,232.5959766
382000,162.7769983,0.811685991,232.6187909
382250,153.3989899,0.78604449,232.559502
382500,151.7119952,0.820756476,232.5859625
382750,161.5509967,0.818198473,232.5988861
383000,151.0279987,0.777738476,232.6139496
383250,140.4319971,0.756095996,232.5881824
383500,136.072998,0.746755478,232.6145172
383750,134.4649969,0.73432147,232.6204065
384000,135.1619934,0.731620493,232.6341827
384250,131.0149942,0.731135979,232.6059583
384500,132.8909967,0.73269248,232.6120496
384750,134.6249951,0.720311475,232.6341248
385000,122.9319971,0.656246495,232.6836945
385250,115.2669968,0.712788978,232.62534
385500,133.5709973,0.715572481,232.6426935
385750,119.2689987,0.667048483,232.6059589
386000,109.3699966,0.619167492,232.611701
386250,101.9509976,0.600075984,232.6267981
386500,102.8029993,0.612005987,232.6183276
386750,103.6229971,0.62307399,232.6063824
387000,103.6229971,0.62307399,232.6063824
387250,99.9589975,0.559387984,232.6569641
387500,83.65299927,0.517587974,232.6451007
387750,85.35799835,0.524673989,232.6200543
388000,89.18499847,0.563950992,232.6057574
388250,100.9749982,0.561484485,232.6206403
388500,78.6019986,0.527578983,232.6470703
388750,87.4269989,0.52475198,232.6254358
389000,80.96799866,0.524376479,232.636543
389250,93.70900024,0.581393483,232.649046
389500,93.47800201,0.545168483,232.6370947
389750,87.35699524,0.514216982,232.675777
390000,78.48999817,0.515218492,232.6869568
390250,88.89799835,0.550718982,232.6566858
390500,88.5839975,0.530519488,232.6302679
390750,79.65399811,0.489620483,232.6309106
391000,79.73799805,0.489127482,232.6631
391250,75.61899811,0.470245993,232.623208
391500,79.06399811,0.503271489,232.6550854
391750,81.4039975,0.550883987,232.6458368
392000,100.4439978,0.583869979,232.6189349
392250,85.44299713,0.498136481,232.6360431
392500,83.45199921,0.571518989,232.6416968
392750,107.5709964,0.621765485,232.6384064
393000,106.2859979,0.641533973,232.6421588
393250,115.1279971,0.685431983,232.6375739
393500,115.1279971,0.685431983,232.6375739
393750,126.2459982,0.739209986,232.6227893
394000,140.7889966,0.774252989,232.5971991
394250,143.6759973,0.744049988,232.6053015
394500,135.0449994,0.753136983,232.6177258
394750,144.1549951,0.786689467,232.5522302
395000,145.6509985,0.792820978,232.5851105
395250,150.9339948,0.834810977,232.5859204
395500,176.5969983,0.87279999,232.6054688
395750,169.2689941,0.825896482,232.6116614
396000,154.8419934,0.813809974,232.6234943
396250,165.0619971,0.857968976,232.5723077
396500,172.1549969,0.876036983,232.5937103
396750,177.5019958,0.877757971,232.5378778
397000,170.391994,0.83321347,232.5765796
397250,163.1529974,0.825506976,232.5855585
397500,161.4029974,0.823567984,232.6010559
397750,156.9799957,0.816897478,232.5468036
398000,161.8539948,0.815393975,232.5880682
398250,152.4259961,0.790174987,232.5894128
398500,148.0659979,0.794708462,232.5718237
398750,153.2049957,0.783142991,232.6084869
399000,140.1819971,0.751612973,232.6206952
399250,139.8129962,0.763909979,232.6081409
399500,137.8739984,0.715517473,232.6409894
399750,130.1869958,0.736251473,232.6182233
400000,130.1869958,0.736251473,232.6182233
400250,135.6569971,0.750957482,232.6031287
400500,127.0249976,0.706751461,232.6405402
400750,121.2769968,0.687080984,232.6092755
401000,108.6819983,0.591251478,232.6440778
401250,93.04399872,0.582789974,232.6430786
401500,104.9289987,0.612333493,232.6407257
401750,104.0829965,0.610200994,232.6140533
402000,102.2519971,0.605150986,232.6493652
402250,106.8879971,0.654708493,232.608772
402500,108.6299973,0.64234349,232.6174628
402750,105.716998,0.613326478,232.6302856
403000,100.6069968,0.597193985,232.6346533
403250,97.66199829,0.560802987,232.6489728
403500,90.30399872,0.525752494,232.6942542
403750,82.65799744,0.510634985,232.6430316
404000,81.34499939,0.495300989,232.6373981
404250,74.02599731,0.475995488,232.6620142
404500,73.39199799,0.494388978,232.6710529
404750,81.48599854,0.50804749,232.690061
405000,80.09499847,0.541945984,232.6749725
405250,90.34699799,0.524575989,232.6771515
405500,83.1419989,0.502308482,232.627821
405750,76.97599701,0.503187985,232.6555493
406000,81.03599762,0.491524991,232.662406
406250,74.18599854,0.469933481,232.6709412
406500,74.18599854,0.469933481,232.6709412
406750,72.03099884,0.46740598,232.6614783
407000,72.13599854,0.45415199,232.6843921
407250,65.78899887,0.431698494,232.6637598
407500,66.47199829,0.464071984,232.6628546
407750,71.08199646,0.456573986,232.6943811
408000,76.25999847,0.535707982,232.673736
408250,89.28599823,0.508876488,232.6208405
408500,73.47499786,0.458194983,232.6532312
408750,73.2569986,0.488492482,232.6752527
409000,81.12799866,0.481612993,232.6875177
409250,70.8219986,0.439758986,232.6751422
409500,75.31199707,0.543275986,232.6290607
409750,93.14099915,0.547687485,232.6068469
410000,86.6839978,0.499496485,232.6383911
410250,78.20499878,0.508513483,232.6342877
410500,81.39899963,0.485480497,232.6719092
410750,77.81099915,0.515077487,232.6817426
411000,84.3619986,0.530607479,232.6511902
411250,92.94999878,0.592607982,232.6361108
411500,103.0979971,0.556551483,232.6566791
411750,86.51499786,0.560501492,232.6463019
412000,103.3149973,0.600119488,232.6556335
412250,102.4879968,0.629960475,232.6346143
412500,105.741998,0.61643049,232.6308777
412750,103.146994,0.620302978,232.6116547
413000,103.146994,0.620302978,232.6116547
413250,106.9289978,0.62098649,232.634339
413500,105.2589978,0.60066798,232.6338086
413750,101.931998,0.573474982,232.6032538
414000,94.95099854,0.62270499,232.6477332
414250,115.4969977,0.679404478,232.6450006
414500,115.6439954,0.702452486,232.6183887
414750,131.1809982,0.676975479,232.6057751
415000,111.8559988,0.664763491,232.6159662
415250,124.5199957,0.719838982,232.6030872
415500,133.5609967,0.754995482,232.5878925
415750,141.0359979,0.764027483,232.5987262
416000,141.4259943,0.778595982,232.592572
416250,153.7699963,0.766706984,232.6036389
416500,131.4499963,0.725448997,232.6189429
416750,133.6969958,0.721665473,232.6318774
417000,124.5950003,0.700836473,232.6507794
417250,128.3049954,0.71579798,232.6043347
417500,132.1119971,0.745943484,232.6032458
417750,138.9039972,0.758206978,232.5893585
418000,139.2570026,0.737305477,232.5732709
418250,131.9599969,0.737563996,232.6003088
418500,136.3049969,0.747808979,232.6132227
418750,138.9079993,0.756762974,232.6062799
419000,139.5199969,0.759310989,232.596582
419250,131.6959955,0.721438475,232.6031738
419500,131.6959955,0.721438475,232.6031738
419750,123.3359961,0.712853475,232.6149585
420000,131.2189972,0.744250488,232.6145978
420250,141.2539984,0.754078476,232.6003259
420500,134.0459998,0.695988972,232.6063672
420750,120.6989978,0.697863479,232.6064233
421000,128.6519977,0.747325475,232.5987958
421250,137.2759967,0.754665492,232.5928625
421500,136.9349945,0.732120967,232.5953577
421750,131.4849963,0.735550985,232.5871393
422000,135.8589984,0.732858973,232.5911353
422250,135.3169952,0.735185986,232.5814374
422500,130.1799957,0.750516989,232.5809113
422750,142.1169989,0.782763481,232.5792944
423000,149.2819946,0.787892981,232.604502
423250,141.8019983,0.745618987,232.6055963
423500,136.9779968,0.752801979,232.5921661
423750,141.1239984,0.75779248,232.6130688
424000,133.9019983,0.731784475,232.5985657
424250,136.4289972,0.787594991,232.5837976
424500,156.8939972,0.824130986,232.5573584
424750,159.6299969,0.812057979,232.5862543
425000,153.4519971,0.814309978,232.6165039
425250,162.8970001,0.831926982,232.57104
425500,158.9719995,0.796433461,232.5982129
425750,143.1239978,0.777746491,232.6067889
426000,143.1239978,0.777746491,232.6067889
426250,155.1559943,0.826433475,232.5824713
426500,157.7779968,0.803978472,232.60755
426750,154.7729968,0.803492968,232.6088477
427000,151.1980005,0.792138979,232.6293579
427250,157.5199939,0.830422986,232.5782294
427500,161.0779968,0.823412983,232.5810925
427750,166.8859998,0.863724468,232.586084
428000,168.582995,0.833917973,232.5813104
428250,170.7649988,0.881430454,232.5432281
428500,174.9019977,0.875328984,232.5737433
428750,176.1369952,0.868437986,232.5798651
429000,179.6419989,0.918153484,232.5423236
429250,187.6889948,0.901866477,232.5554437
429500,177.2709998,0.843464971,232.5651593
429750,164.391994,0.85805948,232.558623
430000,176.2459973,0.89341748,232.5737073
430250,178.5459979,0.867070992,232.5421667
430500,173.1799969,0.884498978,232.5631573
430750,179.8059924,0.89571347,232.5537347
431000,177.5319934,0.872750456,232.5767163
431250,176.583988,0.885747986,232.577099
431500,180.4489935,0.891144471,232.5656323
431750,173.8489966,0.849368474,232.5782867
432000,169.8529956,0.855258999,232.5770093
432250,162.3889935,0.804240482,232.5886066
432500,162.3889935,0.804240482,232.5886066
432750,151.9580005,0.823125484,232.5874316
433000,160.7840021,0.826866975,232.5798785
433250,157.2470001,0.808220985,232.6001575
433500,156.917995,0.821814475,232.5956281
433750,152.1289966,0.748335969,232.5892377
434000,137.2559973,0.767960501,232.5925275
434250,140.9219965,0.746279981,232.62526
434500,133.3589972,0.731524997,232.6269336
434750,129.3629962,0.710892992,232.6101819
435000,123.3509967,0.681841476,232.6052454
435250,118.9549969,0.686473494,232.6021661
435500,118.2339966,0.607742984,232.6284692
435750,92.79799805,0.556646984,232.6482947
436000,87.57000214,0.5253245,232.6482697
436250,86.33299835,0.523399491,232.6491504
436500,84.51999939,0.567847989,232.6393964
436750,89.67899933,0.478055984,232.6614856
437000,69.2019989,0.466385988,232.6535004
437250,72.14899841,0.427271987,232.6523816
437500,55.41999954,0.377622489,232.6576215
437750,55.84299881,0.391296988,232.6400317
438000,60.55199814,0.397508988,232.6695331
438250,52.85699814,0.345702482,232.6754797
438500,44.33999817,0.31791599,232.6656488
438750,51.85599915,0.417412485,232.666839
439000,51.85599915,0.417412485,232.666839
439250,62.65799911,0.378472002,232.6602765
439500,46.44099899,0.367162496,232.6545337
439750,57.61299896,0.406577986,232.6589984
440000,57.67099915,0.343251488,232.6364966
440250,38.07999878,0.295926487,232.6666455
440500,38.36499969,0.29686049,232.7004962
440750,38.375,0.302016497,232.6688068
441000,40.23199966,0.307204987,232.6722375
441250,43.01999863,0.319046501,232.6653253
441500,41.90100159,0.298953993,232.6850458
441750,36.46899902,0.299940492,232.6664929
442000,40.39999924,0.300165998,232.6891425
442250,39.12999878,0.29678799,232.6920544
442500,34.4259996,0.291785991,232.6814557
442750,40.84399887,0.306470495,232.6814063
443000,39.5109993,0.29175199,232.6833655
443250,36.26999863,0.287328995,232.6611487
443500,36.38600052,0.287692996,232.6993018
443750,36.65000153,0.290346495,232.685567
444000,39.43200058,0.294767003,232.6663348
444250,36.91399902,0.301552488,232.7030286
444500,42.84099945,0.323756,232.681084
444750,44.04800003,0.31634349,232.65448
445000,36.56399979,0.285610993,232.6552997
445250,36.94599915,0.284994496,232.6929095
445500,36.94599915,0.284994496,232.6929095
445750,36.18199951,0.30188399,232.648847
446000,42.89499893,0.366011488,232.7005988
446250,56.64099854,0.362868495,232.6866156
446500,40.26399963,0.291771493,232.6901416
446750,39.24099915,0.324641986,232.6971118
447000,50.24899887,0.355779994,232.6909106
447250,48.55399872,0.339898485,232.6628693
447500,46.12000015,0.355097989,232.6404205
447750,57.33099869,0.449073986,232.6507397
448000,71.90599915,0.470330987,232.6470776
448250,73.3119986,0.45337948,232.6452319
448500,62.39799774,0.374251482,232.6560223
448750,48.04599838,0.356152989,232.6695892
449000,58.55099808,0.464947993,232.6299664
449250,79.24099945,0.527607491,232.6388452
449500,89.08099731,0.541902483,232.6368469
449750,86.91699799,0.541885982,232.6370471
450000,89.44999725,0.558977487,232.6300214
450250,100.5259982,0.611643486,232.5971625
450500,105.205997,0.650054979,232.6292542
450750,119.1809967,0.701129968,232.6159869
451000,121.8129956,0.679347479,232.5680011
451250,115.7250003,0.653570476,232.6035901
451500,109.5049991,0.655437975,232.6325732
451750,122.2519958,0.713714504,232.588175
452000,122.2519958,0.713714504,232.588175
452250,127.4489969,0.724485989,232.6175342
452500,137.908996,0.766914468,232.6335724
452750,137.9229971,0.727686489,232.602887
453000,137.4469977,0.762199478,232.581687
453250,144.9069958,0.799303472,232.5669238
453500,162.7639978,0.867684994,232.5627441
453750,177.2679944,0.888906472,232.5874701
454000,175.6849945,0.888898981,232.5560876
454250,189.2529956,0.943280487,232.54995
454500,196.5679962,0.940922484,232.5573517
454750,194.4549963,0.926816971,232.5468939
455000,186.8849994,0.919364979,232.5554468
455250,193.6470007,0.97194247,232.5268451
455500,215.8129944,1.051848989,232.5087512
455750,220.108996,1.041064968,232.5299438
456000,229.466994,1.067129974,232.4939496
456250,230.4049951,1.089660478,232.481026
456500,233.0149927,1.093452973,232.5009186
456750,237.1269928,1.089660964,232.4955164
457000,230.3589923,1.075977969,232.4794214
457250,232.4469904,1.088342462,232.5121851
457500,228.210993,1.032108974,232.5071289
457750,217.5959937,1.035869489,232.5031818
458000,226.127995,1.06609745,232.5182043
458250,226.9759949,1.06169148,232.5181116
458500,226.9759949,1.06169148,232.5181116
458750,223.7539923,1.017144489,232.5029028
459000,221.5679974,1.064126968,232.4941168
459250,226.4419971,1.058681989,232.5246161
459500,226.8979895,1.043575478,232.5244098
459750,220.3989972,1.033849487,232.5114124
460000,222.5499927,1.048511968,232.5083862
460250,221.4169934,1.01514298,232.5211078
460500,218.110993,1.050835967,232.4991144
460750,226.5969928,1.051384969,232.5133807
461000,221.9509918,1.034804478,232.5320392
461250,220.5669952,1.02197947,232.515448
461500,213.9839954,0.986361976,232.5309375
461750,205.1969946,0.980070477,232.5327826
462000,210.3309973,0.983554974,232.53922
462250,201.4789911,0.943046486,232.5493744
462500,188.8550024,0.894021466,232.5293768
462750,176.5000006,0.83864296,232.5767462
463000,160.1720001,0.829622977,232.5702777
463250,168.9219983,0.856811972,232.5931049
463500,168.5119952,0.82265296,232.5979382
463750,152.7199933,0.759728477,232.5921283
464000,140.2519965,0.775147491,232.5958936
464250,148.7759967,0.794463985,232.5885266
464500,162.4359998,0.854083989,232.5932434
464750,164.6149988,0.78896148,232.5791901
465000,164.6149988,0.78896148,232.5791901
465250,132.7289963,0.711843472,232.6133276
465500,123.3889984,0.661509001,232.6043427
465750,113.5149976,0.705293984,232.618808
466000,130.2229965,0.726388974,232.5860272
466250,123.7889984,0.61279098,232.6251978
466500,95.72299774,0.598761981,232.6298224
466750,98.19799744,0.540772988,232.6296887
467000,84.4819989,0.524473495,232.6544568
467250,87.67600098,0.539575999,232.6372449
467500,86.93799896,0.543265491,232.6482031
467750,82.67999786,0.481356484,232.6406207
468000,64.42499725,0.386185983,232.6519965
468250,50.59399994,0.360815493,232.669071
468500,51.06899872,0.339946491,232.6480902
468750,48.86699814,0.350328995,232.6412244
469000,48.86699844,0.33256799,232.6527863
469250,39.90799988,0.299911991,232.6783264
469500,39.4319989,0.323775989,232.6653741
469750,47.53899902,0.332336993,232.6434839
470000,42.98699951,0.311226492,232.6508185
470250,40.1529982,0.312027994,232.6924323
470500,44.67999847,0.316551994,232.6722058
470750,39.78899948,0.31443549,232.6543842
471000,43.34499954,0.315152496,232.6436072
471250,45.15599884,0.317291993,232.686275
471500,45.15599884,0.317291993,232.686275
471750,39.62399902,0.32145849,232.6755994
472000,49.73899933,0.341288993,232.6658258
472250,53.43200012,0.419894494,232.623053
472500,66.24299927,0.41918649,232.6521826
472750,52.81899933,0.38554599,232.6408258
473000,63.3839978,0.44459499,232.6294843
473250,69.22399902,0.460002487,232.6151935
473500,74.37699799,0.485437491,232.6381488
473750,80.51599915,0.51393499,232.6052893
474000,84.45899597,0.525633988,232.6322711
474250,81.77899841,0.484953995,232.6035858
474500,66.5339975,0.417870493,232.607934
474750,66.58899902,0.491666994,232.5945209
475000,87.09299835,0.523963988,232.6344604
475250,78.48799866,0.462338489,232.6132178
475500,68.5239978,0.451001484,232.6303656
475750,69.58299835,0.486506984,232.591048
476000,88.6219986,0.533555484,232.6445172
476250,79.92099854,0.481623491,232.6356586
476500,67.39199799,0.441523488,232.641109
476750,79.48699982,0.486619985,232.6612195
477000,69.91499893,0.410983987,232.6866614
477250,57.17399811,0.378929497,232.661781
477500,54.125,0.379663991,232.6560785
477750,55.08599808,0.398558488,232.6598474
478000,55.08599808,0.398558488,232.6598474
478250,69.61999786,0.500425481,232.6780774
478500,83.62599884,0.534768981,232.6155084
478750,77.01999939,0.442705491,232.6584241
479000,60.24399887,0.423518988,232.6599103
479250,67.88099884,0.45525849,232.6690808
479500,68.30199768,0.426000987,232.6486578
479750,61.07199905,0.422957488,232.6835168
480000,67.52799835,0.447231494,232.6305859
480250,65.28499863,0.41299299,232.659566
480500,61.32699829,0.412755986,232.6232489
480750,64.74899902,0.461508489,232.6363483
481000,63.74799911,0.414780998,232.6030597
481250,62.46299896,0.421568996,232.6488696
481500,61.88999908,0.431099991,232.6568146
481750,65.91099899,0.434060489,232.6593677
482000,67.02099823,0.449210987,232.6009778
482250,77.68099792,0.553515975,232.5987268
482500,96.30699738,0.598353975,232.5872015
482750,98.75199829,0.604081967,232.596886
483000,105.5339966,0.638299482,232.6203351
483250,104.373996,0.585069485,232.6470612
483500,100.0399985,0.652665482,232.6117151
483750,117.6159973,0.688470488,232.6045532
484000,120.3129959,0.710076482,232.5695715
484250,124.5229959,0.698955486,232.5946515
484500,124.5229959,0.698955486,232.5946515
484750,132.2959952,0.743398986,232.5911584
485000,134.7939984,0.774513474,232.5621185
485250,148.473999,0.801421487,232.5576489
485500,154.4949963,0.811532483,232.5514905
485750,152.1759955,0.802652972,232.5547186
486000,165.7329944,0.888421974,232.5716339
486250,175.3629932,0.843209486,232.5786914
486500,161.967998,0.836721487,232.5573651
486750,178.4259985,0.938289483,232.5220325
487000,186.585,0.869076474,232.545285
487250,180.5749976,0.924680479,232.5308459
487500,200.4169983,0.996350462,232.5411572
487750,210.8049976,0.974118488,232.5353461
488000,210.1469916,1.017026968,232.5363098
488250,216.6049963,1.033110976,232.495932
488500,228.3119928,1.061366959,232.5690613
488750,219.2229938,1.00138746,232.5260516
489000,212.3649951,1.028363957,232.5259406
489250,224.9349921,1.056428967,232.5110004
489500,227.1219958,1.061245456,232.530542
489750,223.9249969,1.023879967,232.5239935
490000,214.3409949,1.002040985,232.5511877
490250,213.1899963,1.010408459,232.5235217
490500,217.3539935,1.021337996,232.5317969
490750,212.2909973,0.992115495,232.529118
491000,212.2909973,0.992115495,232.529118
491250,208.8819958,0.959786975,232.5233679
491500,203.4849939,1.007601461,232.5128351
491750,214.2079944,0.987555473,232.5623743
492000,206.0849957,0.969223974,232.5637653
492250,196.1670001,0.911885982,232.5738385
492500,189.9749963,0.954682479,232.5233264
492750,201.4629962,0.944320481,232.5495898
493000,192.203996,0.926833477,232.5668988
493250,188.8220032,0.90330946,232.5847357
493500,180.2359991,0.853308473,232.5800378
493750,170.7469983,0.907146969,232.5595673
494000,186.4569971,0.877906966,232.5824786
494250,173.8309955,0.882961464,232.584455
494500,181.5719983,0.879560471,232.5458667
494750,169.1439972,0.822573481,232.5913422
495000,154.3009985,0.812645984,232.5865393
495250,160.3699982,0.799556484,232.5776221
495500,142.4309979,0.756764977,232.5819232
495750,135.642998,0.704850988,232.6136951
496000,120.816998,0.663209472,232.5986615
496250,113.2819983,0.637295971,232.6062671
496500,106.3679974,0.620756984,232.5957037
496750,100.8699976,0.587745981,232.6024127
497000,96.01599701,0.56184948,232.613952
497250,89.59999695,0.563313982,232.6434949
497500,89.59999695,0.563313982,232.6434949
497750,90.53699738,0.546068997,232.6197028
498000,87.23399933,0.459982982,232.667644
498250,55.15899872,0.376080486,232.659563
498500,52.1009993,0.370181994,232.6461908
498750,56.52199875,0.382304491,232.6549103
499000,50.60999695,0.394595988,232.6614795
499250,64.94599915,0.426322987,232.6546338
499500,62.76999786,0.420127488,232.6620709
499750,66.47799927,0.416682986,232.6390417
500000,57.28799988,0.359647491,232.6680865
500250,50.50399841,0.380061491,232.6668872
500500,60.6659993,0.395973997,232.6504205
500750,43.8659993,0.309984491,232.6905054
501000,40.10499847,0.319247988,232.6969006
501250,49.60799911,0.337493501,232.6715509
501500,38.99499985,0.297560492,232.6516211
501750,38.61299942,0.296186992,232.6794403
502000,38.40799881,0.296136988,232.6735303
502250,36.63899887,0.292512991,232.6625452
502500,37.81099915,0.295028994,232.6700214
502750,38.89399933,0.311149495,232.6728174
503000,43.03499908,0.304937991,232.6621814
503250,37.62099838,0.29405499,232.638316
503500,37.20399948,0.289607996,232.67836
503750,36.84199966,0.288362995,232.6887903
504000,36.84199966,0.288362995,232.6887903
504250,34.61200012,0.289858994,232.6746307
504500,38.16000092,0.29207049,232.6679944
504750,37.04899826,0.295283492,232.6866254
505000,35.71099869,0.299187496,232.6888568
505250,42.53499924,0.314751996,232.6982825
505500,41.21099884,0.295590494,232.6816595
505750,35.70299866,0.289222492,232.6594507
506000,37.35899887,0.291192493,232.630517
506250,37.19599884,0.294993993,232.6357587
506500,38.32700058,0.299848499,232.6283313
506750,37.06999893,0.289516991,232.6546564
507000,36.23799866,0.292291995,232.666748
507250,37.08799957,0.293396994,232.6812335
507500,35.45100006,0.290202986,232.6802533
507750,38.41499985,0.286195986,232.6649457
508000,35.53899872,0.288977996,232.654975
508250,36.01500015,0.292957494,232.6382495
508500,38.54000076,0.290846493,232.6351428
508750,35.06899948,0.297603995,232.641817
509000,42.56199966,0.352495989,232.6295514
509250,55.55599838,0.394819989,232.6564819
509500,52.03699936,0.352909489,232.6486768
509750,51.71599792,0.371219491,232.6394275
510000,53.47799896,0.381945986,232.6285895
510250,61.5869986,0.423352979,232.6315576
510500,61.5869986,0.423352979,232.6315576
510750,66.56599854,0.461511992,232.6092664
511000,76.81399841,0.51047199,232.6045203
511250,81.93199829,0.492425494,232.613302
511500,79.05799774,0.550613987,232.6216876
511750,96.72599915,0.587537975,232.6166626
512000,97.72000244,0.552843499,232.6386475
512250,88.02699982,0.548147478,232.6077332
512500,94.56299957,0.573821981,232.6271777
512750,95.50299835,0.604126484,232.5938623
513000,109.6919983,0.66057797,232.5921149
513250,117.0299969,0.680028977,232.5696698
513500,121.1499991,0.691086991,232.5813397
513750,133.2579987,0.768875473,232.5511359
514000,142.1839923,0.76805598,232.5787457
514250,145.6619965,0.78608099,232.585426
514500,146.9509961,0.769513481,232.5605774
514750,146.8539954,0.829032476,232.5696338
515000,163.9789929,0.820374489,232.55599
515250,149.0099994,0.782805996,232.5617395
515500,152.9509985,0.836787469,232.5605347
515750,165.3439935,0.818096495,232.598905
516000,160.8099951,0.841336486,232.5852753
516250,168.7619934,0.853478978,232.567276
516500,168.4329901,0.842074971,232.5749786
516750,172.7039966,0.895132985,232.5425629
517000,172.7039966,0.895132985,232.5425629
517250,189.3219952,0.927017477,232.5232404
517500,189.3409973,0.924465477,232.54992
517750,187.1909943,0.900516472,232.5481964
518000,181.9339972,0.885993972,232.5728693
518250,173.7219995,0.856519494,232.5308905
518500,181.4249994,0.972838471,232.5256323
518750,210.8249902,0.979139967,232.52745
519000,195.9939978,0.903605986,232.5263074
519250,185.1489966,0.949688973,232.5547552
519500,202.6759937,0.959879985,232.5395392
519750,198.4329938,0.92993948,232.5214178
520000,192.4089935,0.982005467,232.5217529
520250,211.7599976,0.962812974,232.5117426
520500,193.8429993,0.920509477,232.5508307
520750,185.5839996,0.924701478,232.514892
521000,199.7239954,0.978056471,232.5398901
521250,209.462995,0.980974464,232.5231873
521500,202.3579938,0.946063452,232.5530188
521750,195.4089996,0.938919463,232.5140033
522000,194.4439893,0.92689698,232.5483594
522250,187.0209961,0.896621985,232.5494501
522500,184.7040009,0.92755898,232.554082
522750,197.3659937,0.950779979,232.5239294
523000,198.8769958,0.933372483,232.5449176
523250,189.7099957,0.926541982,232.5296301
523500,189.7099957,0.926541982,232.5296301
523750,201.3829974,0.994819486,232.515639
524000,210.1989972,0.962328477,232.5104504
524250,192.2479944,0.936090484,232.5740082
524500,198.9519983,0.909613986,232.5182172
524750,176.8379962,0.885029972,232.5368744
525000,183.8779962,0.911354966,232.5411261
525250,191.5029944,0.891461475,232.56849
525500,170.263999,0.862696981,232.5660016
525750,173.6959979,0.84977648,232.5718372
526000,165.2260004,0.83449497,232.5543542
526250,166.2509967,0.832643473,232.5870654
526500,165.3029956,0.844668481,232.540918
526750,170.8680011,0.852281978,232.5681781
527000,169.4689972,0.854385974,232.5706128
527250,171.5489948,0.852712462,232.5656183
527500,162.477998,0.800357485,232.5609509
527750,154.8489978,0.82351197,232.5531238
528000,162.0399957,0.791133974,232.5290558
528250,142.1189966,0.768787975,232.5920441
528500,149.6080005,0.796960461,232.5596155
528750,146.1419965,0.742266479,232.5671478
529000,125.963999,0.692489469,232.5476019
529250,119.2129971,0.652020986,232.6071936
529500,103.8239957,0.635675483,232.589848
529750,116.7929971,0.665909481,232.6131219
530000,116.7929971,0.665909481,232.6131219
530250,116.2779987,0.651550481,232.5781213
530500,115.0549976,0.610386992,232.6205615
530750,93.54399841,0.58259398,232.5925146
531000,103.127998,0.617291977,232.5874426
531250,100.0869983,0.590927489,232.6013324
531500,102.8089978,0.604311984,232.5983832
531750,89.53399872,0.50280399,232.6433398
532000,82.1209964,0.529673498,232.6164337
532250,79.97799957,0.481228482,232.6021332
532500,74.12299774,0.456797987,232.6412579
532750,64.57799866,0.402263989,232.666424
533000,59.72599869,0.398065491,232.6271545
533250,51.47999954,0.366887991,232.6898157
533500,56.31699829,0.380394487,232.6767462
533750,54.97599716,0.346842492,232.6321619
534000,38.93799927,0.318472993,232.6408972
534250,52.09899918,0.353553486,232.6699695
534500,46.34599915,0.309152489,232.6786182
534750,37.48499924,0.302262995,232.6449878
535000,40.75599915,0.303660992,232.6478326
535250,38.94899963,0.303349992,232.6492511
535500,39.05,0.301160496,232.6544312
535750,38.32500076,0.295175486,232.660683
536000,38.35199997,0.300840992,232.6674414
536250,39.24999969,0.296697996,232.6758929
536500,39.24999969,0.296697996,232.6758929
536750,36.30599899,0.297028992,232.7007104
537000,39.71399841,0.299382495,232.6576489
537250,37.62999908,0.302454997,232.6668555
537500,40.02899948,0.306679984,232.6443158
537750,40.68399902,0.297054992,232.6737073
538000,36.7469989,0.292183484,232.6612085
538250,38.11900009,0.302779491,232.6535291
538500,40.71299896,0.300199494,232.6630176
538750,38.43800018,0.297065986,232.6562653
539000,38.33300034,0.296365997,232.6294214
539250,37.10899948,0.299914494,232.6131628
539500,41.20299805,0.313132492,232.647652
539750,41.42399902,0.310892985,232.6674506
540000,42.46599945,0.323268489,232.6481952
540250,44.87099976,0.324383487,232.6322705
540500,56.85099823,0.451446486,232.6170599
540750,62.48099792,0.355820993,232.6367438
541000,45.17499634,0.310838485,232.6408844
541250,39.06199982,0.299571986,232.6648993
541500,39.27500107,0.311342993,232.6395941
541750,46.40499939,0.361763493,232.6259558
542000,57.62099792,0.427385495,232.6552783
542250,59.08599854,0.367324996,232.6622589
542500,51.31399826,0.372103987,232.6666919
542750,60.95899811,0.432268995,232.65849
543000,60.95899811,0.432268995,232.65849
543250,64.92999878,0.417523988,232.6307019
543500,66.1959967,0.440134491,232.6233038
543750,66.00699783,0.403920485,232.6359833
544000,55.40899918,0.408737994,232.6555695
544250,74.52999817,0.519192994,232.6391016
544500,86.50199921,0.50359949,232.6273663
544750,77.44999786,0.481896487,232.616955
545000,83.86899689,0.550954487,232.5959552
545250,100.5149973,0.648999479,232.5914722
545500,121.2949966,0.718731985,232.5977014
545750,133.2089984,0.730367987,232.5658185
546000,134.3459973,0.738098471,232.6087036
546250,135.0519965,0.725731974,232.5970978
546500,128.0409976,0.732538981,232.5656549
546750,132.8789932,0.723479984,232.5808466
547000,138.2699976,0.77286747,232.566297
547250,143.1739941,0.760375998,232.5984424
547500,144.8299963,0.805747485,232.5851892
547750,151.6159961,0.77071698,232.5720868
548000,147.2079987,0.820133977,232.5774756
548250,167.6599915,0.858453968,232.5500775
548500,175.4619989,0.886856468,232.5469452
548750,185.545993,0.917406983,232.5357568
549000,185.9379956,0.86759846,232.5451776
549250,173.6419977,0.90001847,232.5248212
549500,173.6419977,0.90001847,232.5248212
549750,190.9879962,0.928636484,232.527666
550000,191.881991,0.964202962,232.4973578
550250,208.5679944,0.970529478,232.5243488
550500,204.0869965,0.974941473,232.5260248
550750,206.7399963,0.995127981,232.4905328
551000,216.828999,1.03916297,232.4691504
551250,222.7449969,1.026269469,232.5388446
551500,217.3749939,1.010753977,232.5231805
551750,215.1149884,1.018493476,232.5165564
552000,216.7310016,1.013198462,232.4906122
552250,214.6659961,0.996564991,232.4893207
552500,208.9949963,0.980976961,232.4786011
552750,206.9389905,0.977371488,232.5289374
553000,208.7029944,0.990671959,232.4744452
553250,208.5629932,0.980091491,232.5125977
553500,207.3149994,0.991243479,232.4817328
553750,211.5379919,1.000711453,232.5140704
554000,208.1299957,0.95437346,232.5391211
554250,193.2909955,0.913788986,232.5213306
554500,192.0299988,0.968155458,232.5211096
554750,209.4649933,0.966066952,232.5494104
555000,189.7999969,0.881689963,232.5601447
555250,171.9059961,0.860249481,232.5917285
555500,176.2779956,0.894992471,232.5181079
555750,188.5619995,0.910198991,232.5322729
556000,188.5619995,0.910198991,232.5322729
556250,181.5899994,0.868988476,232.5280835
556500,172.2869989,0.847275989,232.5540027
556750,165.7259985,0.855786474,232.5398865
557000,182.1329956,0.86529948,232.5528546
557250,163.6899957,0.850923476,232.5498218
557500,176.9259955,0.884522965,232.5611609
557750,177.1449969,0.859014482,232.5484003
558000,161.0949982,0.816440482,232.6118976
558250,157.5709967,0.815150974,232.5716315
558500,157.7249969,0.824173477,232.6000745
558750,167.0170001,0.848337481,232.5485791
559000,161.9879974,0.806002486,232.6005731
559250,151.1269977,0.784189992,232.5559564
559500,144.7909985,0.740243993,232.5946069
559750,127.0879974,0.695948472,232.5836127
560000,124.5219965,0.694020483,232.5998608
560250,124.7749963,0.691838977,232.5818622
560500,115.2249973,0.676517985,232.6034906
560750,118.3539981,0.673507969,232.622793
561000,118.2279977,0.668370984,232.5887103
561250,118.6799976,0.652145469,232.6258533
561500,109.4759967,0.61378648,232.6363177
561750,99.57199585,0.569191983,232.6615112
562000,90.66399841,0.537781982,232.6515021
562250,85.67299683,0.523534988,232.6128735
562500,85.67299683,0.523534988,232.6128735
562750,74.51299927,0.44042599,232.6253375
563000,70.96299866,0.456697494,232.6548596
563250,59.80599854,0.386546487,232.6543176
563500,57.59099945,0.371714988,232.6515546
563750,49.69199905,0.326474493,232.6998047
564000,40.50499908,0.305497988,232.673634
564250,44.68599854,0.325193993,232.6807239
564500,42.00399933,0.302569996,232.6690594
564750,38.84599884,0.304919499,232.6645642
565000,41.64299942,0.320402993,232.6836084
565250,40.46599915,0.302733992,232.6969214
565500,39.42599991,0.295055994,232.6973102
565750,36.05099884,0.291930494,232.6901251
566000,37.90700058,0.290040991,232.683739
566250,37.7279985,0.294380993,232.6815503
566500,35.28299881,0.295268496,232.6856812
566750,40.00499878,0.290174992,232.6872272
567000,36.94299881,0.296711996,232.6665082
567250,36.20299896,0.29446849,232.6701263
567500,38.90199997,0.292276492,232.6592297
567750,36.81599915,0.294922991,232.6816522
568000,38.10300003,0.288799496,232.669516
568250,36.75999908,0.292338996,232.6750073
568500,37.36399994,0.291461493,232.6735077
568750,36.6309996,0.293632989,232.6851477
569000,36.6309996,0.293632989,232.6851477
569250,35.76499939,0.292700994,232.6888177
569500,37.08099945,0.285007993,232.6696417
569750,34.86599953,0.28628599,232.6530353
570000,34.69899956,0.286915991,232.6844623
570250,39.69299858,0.288195987,232.6876917
570500,33.76199959,0.286181498,232.6812866
570750,36.42499939,0.285835491,232.6891235
571000,36.18799896,0.283468992,232.6957947
571250,34.0409996,0.288599495,232.6923016
571500,36.57300064,0.288222492,232.6657941
571750,35.42899948,0.294213994,232.655567
572000,39.535,0.305191988,232.6420917
572250,39.71399902,0.302099992,232.6456464
572500,42.84699905,0.319766484,232.6538251
572750,42.70100098,0.296857492,232.6485492
573000,38.79299881,0.336272486,232.6496729
573250,47.65199966,0.315544493,232.6726752
573500,45.36799973,0.359597988,232.6865033
573750,52.14799988,0.336182983,232.6926886
574000,46.86799911,0.359549489,232.6428632
574250,49.90399887,0.323185993,232.6412909
574500,42.96799957,0.369349991,232.6678546
574750,59.69199875,0.419664993,232.6434259
575000,72.3469989,0.518014486,232.6462421
575250,90.74599762,0.574463987,232.6180322
575500,90.74599762,0.574463987,232.6180322
575750,97.43899872,0.600233481,232.6291321
576000,103.6879984,0.657272484,232.626911
576250,114.9849973,0.641113501,232.6608575
576500,106.1279987,0.661352975,232.6169946
576750,127.1499969,0.721503992,232.5953534
577000,135.8589969,0.757238972,232.5665161
577250,141.6679974,0.80269999,232.5829706
577500,160.9919995,0.81519748,232.6111835
577750,163.5879962,0.866956983,232.5684125
578000,175.3159967,0.815103984,232.576748
578250,146.2719965,0.828557975,232.5845386
578500,166.1519971,0.846204979,232.5598273
578750,169.8039954,0.872700486,232.5441437
579000,182.0249921,0.912296979,232.5529291
579250,189.3559955,0.904454479,232.5326178
579500,183.4679962,0.880565476,232.5372516
579750,174.9169965,0.896941986,232.5182037
580000,189.3509973,0.903324492,232.5348602
580250,187.4969965,0.950166471,232.5103876
580500,207.5569952,0.98068897,232.5106049
580750,200.7619958,0.950232468,232.5082172
581000,196.9469904,0.940100985,232.5125604
581250,194.9649988,0.952099979,232.53013
581500,202.572998,0.960839975,232.5214532
581750,200.58599,0.960544469,232.5316388
582000,200.58599,0.960544469,232.5316388
582250,209.2569916,1.019349988,232.4990356
582500,219.9419934,1.023210964,232.5290576
582750,214.568999,1.00183449,232.5381635
583000,210.5159967,0.989082973,232.5217242
583250,204.7379913,0.949782472,232.533266
583500,194.4869952,0.942702484,232.5424731
583750,202.0509937,0.98375747,232.5324054
584000,207.8199988,0.967397971,232.5528516
584250,199.9699915,0.948571961,232.5387396
584500,199.2180005,0.957670469,232.544458
584750,203.1799957,0.97777148,232.5201776
585000,207.757998,0.950938478,232.5206024
585250,185.0259949,0.912326484,232.5564661
585500,190.2009943,0.923764997,232.5620886
585750,189.4149945,0.91556747,232.5751251
586000,183.4459961,0.877526469,232.5685394
586250,177.9720007,0.900277472,232.5454749
586500,190.3159973,0.920833483,232.5851062
586750,181.3559967,0.860272987,232.5469269
587000,167.7809918,0.836935463,232.6018115
587250,166.5189954,0.836375487,232.5703064
587500,161.8889984,0.823612986,232.5864417
587750,157.8499957,0.801281469,232.5855957
588000,152.3019946,0.780336475,232.6018573
588250,143.3599969,0.751937485,232.5699548
588500,143.3599969,0.751937485,232.5699548
588750,133.3629968,0.718174984,232.5936609
589000,132.868996,0.737934484,232.5963068
589250,136.032995,0.736316483,232.6014227
589500,128.8149969,0.692573986,232.6022113
589750,120.6899969,0.713339975,232.5922247
590000,130.1889987,0.705526493,232.5991052
590250,121.4799948,0.655247979,232.6088629
590500,111.5169971,0.62856498,232.617442
590750,102.0299985,0.594487987,232.617251
591000,108.6719977,0.673844986,232.6249841
591250,109.3069974,0.616650987,232.6479016
591500,99.14799805,0.57156148,232.6136353
591750,76.31099838,0.457259988,232.6515887
592000,72.92999924,0.487978485,232.639787
592250,75.43199799,0.487492987,232.6457031
592500,82.25699921,0.501645491,232.6396667
592750,70.78699829,0.409483993,232.6648761
593000,51.85499985,0.372343494,232.649043
593250,58.46599854,0.422432997,232.6466412
593500,63.81599731,0.425124987,232.654715
593750,60.69399841,0.405252992,232.6084521
594000,57.69399887,0.373456987,232.6256323
594250,54.73399902,0.391136489,232.639986
594500,47.70899979,0.30486499,232.6824109
594750,34.76799911,0.295264987,232.6772156
595000,34.76799911,0.295264987,232.6772156
595250,41.15599854,0.31212149,232.6753772
595500,42.10799927,0.324209998,232.6682562
595750,50.08999817,0.404601988,232.681665
596000,53.99199829,0.318792495,232.6995844
596250,36.65399902,0.291612999,232.6847772
596500,34.75199982,0.295406494,232.7070593
596750,40.44599884,0.300676996,232.6815302
597000,39.72699966,0.308144984,232.6854041
597250,40.16999954,0.312677497,232.6524847
597500,44.02099945,0.305847996,232.6649255
597750,38.40899979,0.300038996,232.645542
598000,39.37399979,0.296879984,232.6534692
598250,36.0109993,0.293704995,232.6396423
598500,42.54799744,0.334911489,232.6501941
598750,44.43499908,0.307675492,232.6632574
599000,35.94999969,0.294883496,232.6712067
599250,40.35599884,0.297208495,232.664201
599500,42.52399857,0.343668492,232.6507678
599750,48.64599792,0.320523499,232.6608215
600000,45.77099838,0.349330994,232.6535382
600250,49.38199875,0.348696992,232.6621222
600500,57.41099884,0.44462299,232.683985
600750,67.38699707,0.390389491,232.69052
601000,55.21599899,0.40903199,232.650542
601250,63.43099792,0.420287001,232.6396777
601500,63.43099792,0.420287001,232.6396777
601750,62.13499802,0.443776489,232.6529559
602000,75.9169986,0.50458948,232.6404456
602250,81.49299835,0.504113483,232.634884
602500,82.61599854,0.531130481,232.6586261
602750,86.80199646,0.441634992,232.6920288
603000,54.2379982,0.484560987,232.6301569
603250,81.91299652,0.509727985,232.6259601
603500,78.87199768,0.493064988,232.6394263
603750,75.75599792,0.500797983,232.6524713
604000,86.34399628,0.585326974,232.612135
604250,102.183999,0.606566985,232.6066339
604500,106.6309973,0.607453487,232.6262982
604750,100.2079977,0.601677496,232.5997101
605000,101.5879959,0.603016489,232.6206042
605250,106.8769971,0.680367484,232.6095966
605500,123.4619968,0.707285972,232.6237946
605750,133.3609961,0.75598448,232.5725653
606000,145.7779968,0.788317485,232.546051
606250,150.2669965,0.786767485,232.5608777
606500,152.3229999,0.809592988,232.5313971
606750,160.940993,0.830898979,232.5511328
607000,166.4209955,0.889542975,232.5432977
607250,189.5899994,0.901224492,232.5158899
607500,177.5019965,0.86794848,232.5135059
607750,176.5359961,0.883055983,232.5417395
608000,176.5359961,0.883055983,232.5417395
608250,176.572995,0.841947482,232.5548859
608500,155.8570013,0.781172476,232.5784827
608750,149.2259998,0.78895098,232.5710248
609000,152.8589966,0.862632971,232.5512323
609250,182.4319971,0.889989977,232.5446588
609500,180.0459943,0.872035968,232.5574976
609750,167.8429944,0.883641002,232.5552997
610000,189.9529962,0.911106973,232.5242114
610250,178.7370001,0.852996976,232.551546
610500,159.2549969,0.815739484,232.5211621
610750,165.1069946,0.859592478,232.5389948
611000,173.6289941,0.863223472,232.5519611
611250,174.7459991,0.887158465,232.529057
611500,183.7429919,0.875198481,232.5418823
611750,159.8849963,0.813906472,232.5604376
612000,160.137998,0.828083472,232.545918
612250,163.321994,0.838889985,232.5402771
612500,167.7459973,0.832618983,232.5494171
612750,155.5609967,0.786890972,232.5387164
613000,144.4619965,0.785663474,232.5804199
613250,152.347998,0.775969474,232.5591711
613500,143.0179932,0.765997472,232.5954474
613750,152.3369958,0.817806482,232.5695618
614000,158.4699969,0.808527472,232.5671442
614250,155.1519983,0.79543498,232.5592102
614500,155.1519983,0.79543498,232.5592102
614750,149.8909973,0.777134483,232.5781238
615000,143.8829993,0.785426495,232.5871558
615250,154.6899939,0.784014974,232.5667804
615500,143.7679968,0.761200993,232.5516675
615750,143.5109961,0.764791985,232.6093695
616000,139.028996,0.735894489,232.585752
616250,134.1759985,0.740607979,232.5863538
616500,135.885993,0.735684481,232.6114703
616750,127.777995,0.718657994,232.5902435
617000,136.1439941,0.764737959,232.5847687
617250,140.508999,0.730307984,232.5665784
617500,124.0669974,0.682428474,232.579093
617750,125.151998,0.680096962,232.5954004
618000,116.7099994,0.625476465,232.6401135
618250,90.90799561,0.548953493,232.6256927
618500,95.74299683,0.591155987,232.6232678
618750,102.6990002,0.624760458,232.5881622
619000,82.13399857,0.477322983,232.6430518
619250,80.71299759,0.543685496,232.628891
619500,89.91000427,0.563654487,232.6026898
619750,94.05299774,0.570267987,232.5966565
620000,97.6559964,0.594511476,232.6169385
620250,88.59199829,0.510093479,232.6336115
620500,79.20099884,0.497524484,232.6406915
620750,65.88199951,0.421298484,232.6089185
621000,65.88199951,0.421298484,232.6089185
621250,75.63600006,0.507513474,232.5973444
621500,82.40099884,0.535107992,232.6141278
621750,83.63699829,0.496237488,232.661416
622000,83.49799805,0.55502198,232.6043909
622250,92.99999695,0.600239487,232.6300995
622500,94.59799805,0.526814969,232.626781
622750,61.63399841,0.385761493,232.6517755
623000,53.68600067,0.430007997,232.6478748
623250,64.64999756,0.422363989,232.6511542
623500,69.36099915,0.500420976,232.6044519
623750,63.60499863,0.380723488,232.6547931
624000,42.46399902,0.309903487,232.6598993
624250,41.07499924,0.320687993,232.6540192
624500,41.27799835,0.296335987,232.6510223
624750,33.73299965,0.293938493,232.6697205
625000,44.84300018,0.376263983,232.6131305
625250,62.90399811,0.43620649,232.6440259
625500,62.81599899,0.41368399,232.6427386
625750,59.40799805,0.377445494,232.6652216
626000,55.68699814,0.389211991,232.6449542
626250,53.15199905,0.331969494,232.6487512
626500,46.57399963,0.368863491,232.6086133
626750,50.39199799,0.32815249,232.6508557
627000,45.84800003,0.366256489,232.6316583
627250,52.02099884,0.369283489,232.6468195
627500,52.02099884,0.369283489,232.6468195
627750,50.11499985,0.339611994,232.6691705
628000,49.43499985,0.363083484,232.6533032
628250,53.25599976,0.404179982,232.6444659
628500,63.77699905,0.416264486,232.6631927
628750,59.1279985,0.380796494,232.6174756
629000,52.45899887,0.381921986,232.6267896
629250,58.86099854,0.386024492,232.6551605
629500,55.03599747,0.390023987,232.6317218
629750,67.37599884,0.501782485,232.58448
630000,84.28399506,0.482963985,232.6168103
630250,71.76699707,0.469634987,232.6523859
630500,73.46599762,0.481077985,232.6607745
630750,78.92699951,0.534444985,232.6299359
631000,88.54299866,0.513137491,232.6543738
631250,81.1309967,0.514302495,232.5900824
631500,86.57200012,0.563084977,232.6034637
631750,100.4589996,0.596671991,232.5714099
632000,97.2359964,0.564256999,232.6070709
632250,94.88499725,0.614132471,232.6011133
632500,104.9889978,0.586857493,232.6061981
632750,96.35599792,0.600943482,232.6248102
633000,109.7629953,0.662318482,232.5931812
633250,120.9439978,0.669192979,232.5788074
633500,117.2359955,0.695906494,232.5948779
633750,120.9079959,0.667810977,232.585426
634000,120.9079959,0.667810977,232.585426
634250,116.9659918,0.703334985,232.5856665
634500,133.2159976,0.740000975,232.5650122
634750,133.4139954,0.707762485,232.5929132
635000,123.9599966,0.712086487,232.5674982
635250,134.9249973,0.764496989,232.5746082
635500,143.9069989,0.777413983,232.5632782
635750,147.5259967,0.783762488,232.5787164
636000,153.5519946,0.811698489,232.5573621
636250,155.5710004,0.808126974,232.5798993
636500,153.5169952,0.781877472,232.555686
636750,145.1569971,0.807057483,232.5437286
637000,164.417998,0.849558985,232.5221545
637250,170.9659985,0.847400467,232.5673004
637500,167.4029962,0.852864985,232.5364929
637750,177.3649976,0.84756249,232.5400043
638000,160.5139966,0.874542491,232.5474597
638250,189.6889978,0.916155977,232.536275
638500,170.7459979,0.83849597,232.572981
638750,169.2169995,0.860128481,232.5488086
639000,180.2589941,0.904250982,232.5409625
639250,193.6619965,0.929440477,232.5402747
639500,183.068996,0.897600477,232.5489148
639750,188.7599933,0.918308978,232.5150494
640000,186.39,0.907452974,232.553053
640250,194.1069977,0.94659548,232.5316394
640500,194.1069977,0.94659548,232.5316394
640750,195.3839941,0.926410487,232.5186383
641000,186.0589972,0.884231977,232.5478632
641250,179.8769995,0.884279976,232.5374683
641500,180.8949951,0.896850464,232.5260028
641750,186.2729956,0.903119991,232.540495
642000,185.2149963,0.893350987,232.5685858
642250,174.4519934,0.871773498,232.5410608
642500,183.6819934,0.897947481,232.5286566
642750,182.4780005,0.857680972,232.5634839
643000,154.4139954,0.78709399,232.569386
643250,155.538999,0.826854973,232.5225012
643500,169.7409955,0.852971978,232.5575647
643750,166.7409979,0.826142998,232.5624353
644000,161.0959924,0.814117479,232.5501898
644250,157.2479956,0.795628476,232.5318005
644500,155.0809973,0.807645986,232.5608551
644750,153.1519989,0.805540974,232.5669476
645000,157.7539929,0.79458848,232.5420996
645250,142.3529962,0.73832648,232.5931793
645500,140.1419983,0.786920488,232.583537
645750,153.7799969,0.775053487,232.5509393
646000,127.5769955,0.619495988,232.6076904
646250,88.64899841,0.5136075,232.6479156
646500,98.64499664,0.663453987,232.6242664
646750,120.6539963,0.684273486,232.6068188
647000,120.6539963,0.684273486,232.6068188
647250,113.0999985,0.619013991,232.6140875
647500,97.7219989,0.59681298,232.5963916
647750,110.6849969,0.65976299,232.5932916
648000,110.6439981,0.605621479,232.5883795
648250,102.1839969,0.603375986,232.5906299
648500,103.6199982,0.608498986,232.6173773
648750,104.0889993,0.633408501,232.5957513
649000,102.6009973,0.591167998,232.5941132
649250,100.5489975,0.609550986,232.6089001
649500,104.1529971,0.61104198,232.6074359
649750,102.8339966,0.595472989,232.621228
650000,92.82299652,0.535454979,232.6038879
650250,91.61099609,0.563118484,232.6225293
650500,87.05699738,0.501245987,232.6438751
650750,78.24999817,0.502577993,232.6379956
651000,77.52199738,0.455020493,232.6223724
651250,71.69399719,0.515133482,232.6037933
651500,74.86099808,0.408941001,232.634325
651750,56.29399918,0.354604489,232.6390448
652000,50.63499878,0.379584492,232.6695697
652250,60.17699799,0.428840985,232.6282098
652500,64.52499908,0.439069488,232.6319318
652750,60.35099884,0.357765994,232.640946
653000,57.50999878,0.469809492,232.6343933
653250,62.30199966,0.358910496,232.643009
653500,62.30199966,0.358910496,232.643009
653750,45.71799835,0.334948992,232.648938
654000,46.64499908,0.372949487,232.6636945
654250,54.49999908,0.366218493,232.6321863
654500,54.57699844,0.372211487,232.6626471
654750,54.20199936,0.405156485,232.6415723
655000,56.51399826,0.347608486,232.6620313
655250,45.85099945,0.340316994,232.6327222
655500,55.36099854,0.440735984,232.6174042
655750,70.50299866,0.425095488,232.6375476
656000,58.47299835,0.398741989,232.6424933
656250,61.29699814,0.436911983,232.6139886
656500,62.98099823,0.372007997,232.6679773
656750,62.59099747,0.511686484,232.621748
657000,81.9109964,0.456638488,232.6497382
657250,60.16799744,0.435866985,232.5990094
657500,67.64299896,0.414243487,232.6516968
657750,66.85399887,0.479433489,232.6300385
658000,76.79000122,0.491028993,232.6232581
658250,81.35299774,0.494980986,232.5990063
658500,75.76399841,0.466700988,232.6286548
658750,77.95200134,0.534491981,232.66133
659000,91.57999939,0.53723099,232.6254504
659250,82.3989975,0.500807979,232.6316876
659500,79.7289975,0.496929485,232.6530176
659750,77.47299957,0.468158493,232.6562909
660000,77.47299957,0.468158493,232.6562909
660250,82.50200104,0.573201981,232.6357147
660500,102.8929984,0.604892495,232.643537
660750,91.18799774,0.559945483,232.6447784
661000,91.63699646,0.546884484,232.610907
661250,90.96199707,0.57553499,232.6190588
661500,99.89299744,0.62833848,232.5786438
661750,113.6619974,0.629234493,232.6248187
662000,100.7759985,0.585995483,232.6159314
662250,97.37499695,0.585969985,232.6196075
662500,96.14699799,0.587607474,232.6295673
662750,99.54199799,0.588015981,232.6193207
663000,99.16899872,0.602471483,232.6191925
663250,107.6629974,0.656792989,232.594787
663500,118.9389987,0.627511988,232.6186066
663750,98.49499756,0.58276948,232.5775934
664000,100.465997,0.648969986,232.6152551
664250,120.6949973,0.667797484,232.5979694
664500,114.5549985,0.653177471,232.5613477
664750,111.2089984,0.603722482,232.584267
665000,98.7269989,0.605757983,232.5891119
665250,109.7959964,0.653231471,232.5711298
665500,114.1919971,0.657935991,232.6171735
665750,110.3529974,0.664766977,232.5968341
666000,115.1729977,0.624373474,232.6036139
666250,101.2909976,0.594996486,232.6382349
666500,101.2909976,0.594996486,232.6382349
666750,102.227999,0.618074472,232.6077106
667000,107.3609961,0.634982491,232.6050916
667250,116.699996,0.688778465,232.6010352
667500,121.9549954,0.669596481,232.5928735
667750,109.1359991,0.621448488,232.5950739
668000,106.3139969,0.672563486,232.6195166
668250,133.9169989,0.75566349,232.5844257
668500,140.5319958,0.750651484,232.5757257
668750,136.005,0.727532983,232.6010455
669000,127.4809976,0.698304982,232.5523865
669250,117.1169989,0.67829349,232.6046558
669500,124.0539978,0.726008985,232.5799634
669750,134.487995,0.718461974,232.5854938
670000,121.8979968,0.661741993,232.5788312
670250,121.9739981,0.699895477,232.6097375
670500,123.7789987,0.711361001,232.5578601
670750,125.8309967,0.699002986,232.560874
671000,125.2029956,0.697477992,232.5689453
671250,119.3569983,0.698011477,232.6064642
671500,140.3059967,0.762155974,232.5815332
671750,136.7009985,0.749197471,232.5685455
672000,154.2549982,0.814480472,232.5574231
672250,156.5099982,0.809863472,232.5574597
672500,162.5249945,0.827638466,232.5553534
672750,158.5089954,0.782961986,232.5629462
673000,158.5089954,0.782961986,232.5629462
673250,142.9709967,0.777512484,232.528606
673500,157.7229956,0.826877482,232.5528418
673750,157.9469952,0.782852991,232.5816248
674000,145.5629913,0.808644485,232.548681
674250,172.9019946,0.897190974,232.4985748
674500,171.9119946,0.828469486,232.5303052
674750,160.4239984,0.82228447,232.5444989
675000,160.7829962,0.80714798,232.5220819
675250,159.0879956,0.83121449,232.5374725
675500,166.6499951,0.83811348,232.5420917
675750,164.1700006,0.819324975,232.5420691
676000,157.8599969,0.797150493,232.5566425
676250,153.7649982,0.800085475,232.5898254
676500,159.157995,0.847856994,232.5643951
676750,170.827995,0.834559481,232.542442
677000,161.1069946,0.806503975,232.5432715
677250,152.7149969,0.79368048,232.5672485
677500,163.9429938,0.848424966,232.5496741
677750,164.5359973,0.811170974,232.531825
678000,155.6489966,0.801218486,232.5621863
678250,155.0179968,0.80527199,232.5851715
678500,155.5719952,0.799345474,232.5322638
678750,146.0999982,0.723492467,232.5962982
679000,129.1549966,0.722869477,232.5764227
679250,132.6029987,0.728737469,232.602038
679500,132.6029987,0.728737469,232.602038
679750,127.2709979,0.693765483,232.5795026
680000,118.8579977,0.651431973,232.5866296
680250,113.6859979,0.626274483,232.5958899
680500,100.7659985,0.584232988,232.6390942
680750,104.7849979,0.642672989,232.5986267
681000,114.5259955,0.641576467,232.6383582
681250,102.6119977,0.585872977,232.6505023
681500,96.63799774,0.605086479,232.6404993
681750,99.34299683,0.538515987,232.6525592
682000,85.97099915,0.547727995,232.6666364
682250,90.38099854,0.524198475,232.6076172
682500,85.08899872,0.525952491,232.6340826
682750,77.74999939,0.390738994,232.6411353
683000,58.98599945,0.497394496,232.6620416
683250,80.91699707,0.49836799,232.6612537
683500,75.03999695,0.432192492,232.6585529
683750,65.00599869,0.490880487,232.6095575
684000,84.62799652,0.511655482,232.6217236
684250,74.68099762,0.428890485,232.66336
684500,64.2159993,0.509713492,232.6439142
684750,77.04999817,0.448552482,232.6518866
685000,54.40999908,0.326290495,232.6596252
685250,43.60700058,0.393895987,232.6650854
685500,56.84199936,0.350861993,232.6635651
685750,39.55999878,0.295144992,232.6614856
686000,39.55999878,0.295144992,232.6614856
686250,36.84799896,0.289189489,232.6648669
686500,39.54999954,0.379177494,232.6595703
686750,62.55599854,0.44675599,232.6488745
687000,69.39399933,0.416800987,232.67091
687250,54.61499893,0.355522988,232.6450446
687500,43.34999832,0.302516488,232.6849573
687750,40.37299927,0.352091987,232.6688397
688000,47.82199982,0.322301497,232.6933362
688250,35.38499939,0.284565495,232.6623938
688500,38.76200027,0.33500749,232.6984583
688750,49.6379985,0.35471949,232.6775342
689000,47.28399979,0.373045994,232.6707886
689250,52.41499924,0.343279488,232.6472449
689500,46.66800003,0.35075749,232.6517804
689750,49.74499847,0.338517495,232.6351093
690000,41.28399902,0.337552994,232.6496564
690250,47.90699844,0.341408497,232.6262225
690500,41.77799927,0.30260849,232.6797052
690750,38.39999771,0.299502493,232.7039728
691000,39.10499878,0.301115487,232.6553741
691250,35.74700012,0.283686994,232.6646863
691500,36.78100006,0.34939049,232.6673486
691750,54.95199875,0.391270489,232.6295984
692000,61.9869989,0.456630982,232.6396881
692250,76.70099792,0.513284497,232.6161743
692500,76.70099792,0.513284497,232.6161743
692750,87.86399719,0.543615491,232.6249957
693000,95.50399628,0.605454979,232.5981171
693250,103.9809967,0.649813988,232.6176996
693500,121.4819983,0.654076464,232.6183978
693750,112.8789993,0.66493397,232.6416357
694000,123.1189981,0.69976198,232.6057281
694250,127.2289969,0.680271976,232.5946759
694500,113.454996,0.65981447,232.5659216
694750,118.7899969,0.670594971,232.6098053
695000,110.160997,0.662583482,232.6167517
695250,124.9609964,0.679363983,232.6023724
695500,120.187998,0.677741487,232.5873077
695750,123.2439957,0.70836148,232.6038519
696000,134.2669952,0.763452964,232.5873657
696250,145.407995,0.760575476,232.6078564
696500,128.315997,0.715509973,232.6012244
696750,144.8769989,0.784513979,232.5805658
697000,149.3959967,0.800439487,232.5372968
697250,156.1689966,0.828876977,232.5667847
697500,171.8640009,0.854483988,232.5591626
697750,158.0040021,0.812320971,232.6050543
698000,162.6809985,0.845423496,232.5517377
698250,164.3229987,0.827783988,232.5722943
698500,166.8309967,0.849797974,232.5491626
698750,173.9459967,0.866333978,232.6238068
699000,173.9459967,0.866333978,232.6238068
699250,170.9909937,0.858116467,232.5779492
699500,178.3779956,0.894426982,232.5830463
699750,185.9199969,0.918773475,232.5514856
700000,191.3959961,0.903856468,232.5872156
700250,174.6909943,0.856087983,232.5711188
700500,180.8819946,0.917551982,232.5564404
700750,186.3429932,0.883434987,232.5649908
701000,180.9759967,0.897421482,232.5380292
701250,185.463999,0.920839479,232.5345081
701500,194.4089966,0.936052988,232.5340802
701750,188.9339966,0.877603471,232.5846521
702000,161.2019989,0.807976978,232.59005
702250,162.3019958,0.861552489,232.5802856
702500,181.6949933,0.914598987,232.5596783
702750,186.8229834,0.880826962,232.5618951
703000,171.6579968,0.854128482,232.5524542
703250,169.4399927,0.846767964,232.5512042
703500,177.7369977,0.880317478,232.5668982
703750,160.1549957,0.790329976,232.5958063
704000,157.5619904,0.848859477,232.530918
704250,169.3259961,0.840943489,232.5578864
704500,163.0579987,0.810525475,232.5784729
704750,157.7089978,0.812033482,232.5841022
705000,156.157995,0.795301495,232.5812689
705250,153.0349963,0.795165482,232.5823688
705500,153.0349963,0.795165482,232.5823688
705750,151.6669971,0.806871967,232.6036768
706000,159.9469958,0.816092479,232.5683032
706250,146.3679999,0.732411473,232.5985406
706500,127.0099973,0.716888986,232.5946039
706750,127.8829971,0.705599482,232.587254
707000,120.685997,0.645305486,232.6164142
707250,113.3639969,0.665618999,232.623866
707500,122.9209979,0.688312476,232.6227954
707750,123.9499969,0.698918476,232.6393976
708000,117.7269968,0.634802473,232.6136945
708250,106.5669968,0.639591484,232.6337091
708500,96.01699615,0.501047484,232.6301477
708750,83.6269989,0.600579493,232.6032141
709000,103.0259995,0.600804482,232.63435
709250,100.7499966,0.551474988,232.6703156
709500,88.50699738,0.54513649,232.6828723
709750,88.55599731,0.555088484,232.6636871
710000,95.02999878,0.59258949,232.5966614
710250,96.63399994,0.579390497,232.6131329
710500,89.72699982,0.518238493,232.6496948
710750,82.1889975,0.498205988,232.6387933
711000,76.9439975,0.477616483,232.6839832
711250,75.12999725,0.47425649,232.6662469
711500,72.12499847,0.463769995,232.6394702
711750,70.08999939,0.426502486,232.6661743
712000,70.08999939,0.426502486,232.6661743
712250,53.22699875,0.375895493,232.6571252
712500,57.34199814,0.432461991,232.6625836
712750,70.13199829,0.387941984,232.70315
713000,53.80499969,0.489595985,232.6368372
713250,77.10599701,0.457269492,232.6604944
713500,65.7689978,0.437722983,232.6686304
713750,69.66999893,0.525170984,232.6381262
714000,88.36399841,0.535904996,232.6529834
714250,80.86599884,0.449377487,232.660199
714500,55.32099869,0.346431483,232.6824384
714750,48.13699982,0.39585848,232.6767078
715000,70.55499817,0.519852492,232.6714673
715250,89.66199677,0.542764988,232.6369891
715500,82.18199829,0.478387977,232.6488855
715750,69.71599854,0.473473489,232.6312305
716000,78.35199951,0.498860493,232.6644568
716250,77.38999817,0.493271494,232.6713092
716500,71.70799973,0.45172899,232.6722937
716750,70.87099915,0.447218993,232.6706787
717000,63.00599792,0.395633993,232.6450171
717250,53.62899887,0.376184993,232.6509833
717500,56.3989978,0.366613988,232.6995483
717750,42.14399872,0.316868991,232.6857281
718000,44.77099899,0.305684986,232.6589178
718250,39.26799973,0.320738993,232.6752686
718500,39.26799973,0.320738993,232.6752686
718750,48.7109993,0.337765495,232.6664215
719000,46.18800034,0.395730486,232.6510046
719250,66.11499725,0.449279988,232.6344684
719500,65.25599854,0.402791497,232.6434143
719750,46.34999939,0.339565995,232.6752203
720000,49.10399963,0.386427492,232.6178058
720250,67.73099792,0.44212199,232.651087
720500,62.16399918,0.392532989,232.6689233
720750,63.60499817,0.477571993,232.6251587
721000,82.35699921,0.53472949,232.6115106
721250,78.11399933,0.478251494,232.6177826
721500,74.40099884,0.496974491,232.6389093
721750,83.90499786,0.525017989,232.6178192
722000,86.24299774,0.511587989,232.6055035
722250,79.70799866,0.538150488,232.6243262
722500,97.93299896,0.586715484,232.6161755
722750,91.44599854,0.518427489,232.6515643
723000,79.82999786,0.517227987,232.6448297
723250,88.19199707,0.529006994,232.6246497
723500,81.90499908,0.51598549,232.6692926
723750,87.23500061,0.554404476,232.6363507
724000,94.43699677,0.58215699,232.6333502
724250,103.6839981,0.644488976,232.6227838
724500,110.7289978,0.642137492,232.6138312
724750,108.2969968,0.609351492,232.6297321
725000,108.2969968,0.609351492,232.6297321
725250,102.6709967,0.604668984,232.6396362
725500,108.9139963,0.636067476,232.5924243
725750,96.25799896,0.578189478,232.6525751
726000,104.7619992,0.62837749,232.6085254
726250,102.0189981,0.603009486,232.6230225
726500,100.8499976,0.616808484,232.6232172
726750,106.9369986,0.620702484,232.6311566
727000,111.926998,0.661679993,232.6277893
727250,118.3099969,0.660976472,232.6424377
727500,109.4989966,0.631477487,232.6309991
727750,116.6879962,0.710802968,232.6185596
728000,128.3169974,0.702620487,232.6054865
728250,125.0599954,0.694440992,232.6212689
728500,126.7319958,0.69615798,232.6100153
728750,122.0629962,0.678423975,232.6032458
729000,131.3749963,0.756215968,232.5718164
729250,134.509996,0.71076149,232.5985669
729500,132.445997,0.768054969,232.5805048
729750,132.6389948,0.677626488,232.6097443
730000,114.9749997,0.619002991,232.6085913
730250,101.8969965,0.59051749,232.6002856
730500,95.94399597,0.60125149,232.584455
730750,129.3109961,0.786698971,232.5665741
731000,148.16,0.768336976,232.5870959
731250,147.3989978,0.788891473,232.5933728
731500,147.3989978,0.788891473,232.5933728
731750,159.9919977,0.828011971,232.5680872
732000,157.7339966,0.777866993,232.5826141
732250,136.3459979,0.707874475,232.5632159
732500,126.6309955,0.728258486,232.6080469
732750,137.8579974,0.769514983,232.5842847
733000,152.7729974,0.831696484,232.55703
733250,167.6529956,0.820557477,232.5574622
733500,157.3169971,0.781604488,232.5703339
733750,141.4179962,0.764804976,232.5868939
734000,159.2269971,0.873784485,232.537934
734250,174.9359967,0.844499478,232.5517407
734500,165.5479962,0.823733981,232.5517603
734750,157.5689954,0.770503983,232.5590143
735000,144.7919971,0.78000598,232.5923962
735250,156.1809955,0.817924483,232.5710791
735500,159.0589966,0.787930975,232.5750079
735750,142.707998,0.753560002,232.6070239
736000,150.0989954,0.83018398,232.5629584
736250,160.3739984,0.799228973,232.5716846
736500,146.633996,0.742858984,232.5859473
736750,136.5079956,0.743955476,232.5703979
737000,137.7029968,0.765687993,232.543775
737250,151.3149945,0.796274991,232.5929498
737500,155.7079968,0.810323479,232.5707678
737750,156.0379962,0.785837488,232.5967108
738000,156.0379962,0.785837488,232.5967108
738250,148.9209998,0.782224469,232.577677
738500,152.0559998,0.811692975,232.5797351
738750,157.8889978,0.791984982,232.5654773
739000,145.4729974,0.754341481,232.5903503
739250,140.6429974,0.766916478,232.5817102
739500,142.3039996,0.743757982,232.5916382
739750,131.0419974,0.741852479,232.60651
740000,140.4679962,0.726440973,232.5992053
740250,129.2869983,0.713652976,232.5857318
740500,128.7619962,0.718529968,232.5852539
740750,135.3649969,0.715095985,232.5921399
741000,127.5669992,0.70389498,232.5982062
741250,127.0129977,0.700855987,232.5803741
741500,122.3969955,0.68356349,232.5851489
741750,113.7799976,0.633325992,232.5882166
742000,104.6809979,0.629397988,232.6016467
742250,108.2490002,0.590015988,232.6259088
742500,93.60700012,0.564937489,232.6064392
742750,95.29200043,0.574766984,232.6246936
743000,93.13399963,0.55720149,232.6237805
743250,95.08099701,0.534905486,232.6371582
743500,77.51499847,0.497599494,232.6608875
743750,77.4739975,0.49961399,232.6435272
744000,85.4419986,0.538221478,232.6533984
744250,90.93100037,0.554620986,232.6280286
744500,90.93100037,0.554620986,232.6280286
744750,95.40299774,0.555017488,232.6046216
745000,88.02199768,0.524295486,232.6280219
745250,79.18499847,0.499079986,232.6305652
745500,79.20799896,0.501946988,232.6252759
745750,81.29999695,0.501053489,232.6316132
746000,81.44000275,0.482423486,232.6304913
746250,72.90999817,0.470315489,232.6819043
746500,76.81299713,0.51984648,232.6495087
746750,90.49599854,0.575113978,232.6318854
747000,91.76200012,0.53577248,232.6353253
747250,82.06399689,0.500716481,232.6331342
747500,85.5069989,0.492523494,232.6427106
747750,69.83499878,0.457071484,232.6269073
748000,74.93999786,0.481834987,232.6433344
748250,75.04999542,0.485936487,232.6342554
748500,79.03599792,0.502878985,232.616748
748750,76.91499817,0.489026484,232.6270709
749000,74.32399872,0.478743486,232.6528479
749250,80.01999786,0.469105988,232.6327246
749500,66.38399796,0.45404549,232.6220398
749750,74.93499847,0.490032978,232.6608228
750000,75.11899872,0.491944985,232.6659741
750250,77.0769986,0.504550472,232.6587115
750500,71.93299957,0.432759994,232.6746741
750750,62.13699982,0.42847849,232.663559
751000,62.13699982,0.42847849,232.663559
751250,72.3439975,0.449606993,232.6297192
751500,60.70099838,0.415945992,232.6359808
751750,71.1499971,0.520548979,232.6186456
752000,88.07899872,0.530919983,232.6579346
752250,78.63899872,0.501277989,232.6361938
752500,81.25599915,0.490244992,232.6525122
752750,70.87499939,0.399207987,232.6589752
753000,39.36499924,0.311747997,232.6630402
753250,48.07399902,0.352525492,232.6829663
753500,51.38899841,0.385542489,232.647135
753750,64.80599945,0.457017995,232.6265662
754000,76.91299896,0.475164993,232.6314819
754250,77.32299835,0.502866492,232.6266205
754500,77.4319986,0.504632485,232.6458862
754750,88.54799866,0.547458489,232.6544379
755000,84.48899811,0.511258993,232.6266956
755250,84.90099823,0.508350488,232.636109
755500,73.66899902,0.463814487,232.6625195
755750,73.61299927,0.49325649,232.6384204
756000,85.54799866,0.553766994,232.659469
756250,79.32999817,0.483900986,232.6629352
756500,76.47899628,0.485443976,232.6508191
756750,85.9109964,0.584607985,232.6486621
757000,102.2539984,0.591925983,232.6380237
757250,89.14899658,0.507248482,232.6630933
757500,89.14899658,0.507248482,232.6630933
757750,86.48399872,0.575708493,232.6141498
758000,73.17499695,0.40340149,232.6454785
758250,64.30299866,0.468554488,232.6623901
758500,75.45999695,0.493805984,232.6074023
758750,93.80899811,0.631916983,232.5987805
759000,105.1219974,0.597976484,232.5948358
759250,98.89299652,0.580501976,232.5990692
759500,98.76699829,0.622032478,232.6135632
759750,96.93499847,0.572797492,232.6118866
760000,101.7599988,0.60703249,232.6163818
760250,107.3969971,0.645257487,232.6251898
760500,113.6309961,0.644354987,232.6189258
760750,108.2759943,0.607359984,232.6051978
761000,99.62599579,0.615068986,232.5999377
761250,111.5699979,0.678638477,232.5659979
761500,115.8299957,0.63795397,232.6101654
761750,117.1399969,0.686716981,232.6382715
762000,126.6439975,0.717630463,232.6171112
762250,128.935997,0.707702992,232.6020538
762500,127.0129956,0.712963481,232.6197668
762750,127.6989981,0.738692987,232.5810693
763000,140.4129968,0.771455986,232.5856305
763250,147.5799976,0.768822503,232.6073962
763500,146.1659967,0.795593483,232.580589
763750,155.1269971,0.787911973,232.6097217
764000,155.1269971,0.787911973,232.6097217
764250,152.1399951,0.793502975,232.5908911
764500,154.2939948,0.802752485,232.5606934
764750,156.8729962,0.793302975,232.5806219
765000,150.102998,0.781596987,232.5962299
765250,152.2779962,0.802294474,232.5526288
765500,163.3669977,0.852387476,232.5865857
765750,162.2399982,0.788245468,232.5688416
766000,151.9429974,0.816809485,232.581626
766250,159.0259979,0.82089498,232.576167
766500,162.0769983,0.816185484,232.5802399
766750,166.3489966,0.855736988,232.5714301
767000,167.0009949,0.817693982,232.5955127
767250,161.9989978,0.862317486,232.5739093
767500,169.4629987,0.819302976,232.5926685
767750,155.5979974,0.789738972,232.6032288
768000,151.852998,0.806917479,232.5773584
768250,159.1679956,0.808445981,232.5836383
768500,160.3989984,0.825359988,232.5729504
768750,168.0949927,0.86486146,232.5615497
769000,172.7879944,0.824899983,232.5831171
769250,158.4099945,0.827036483,232.5907452
769500,163.6139972,0.815714469,232.6115558
769750,155.387998,0.789668469,232.5740857
770000,150.0519971,0.768700466,232.5898529
770250,139.6659961,0.739113505,232.6022125
770500,139.6659961,0.739113505,232.6022125
770750,139.8459955,0.777883472,232.6235834
771000,148.4969958,0.75722147,232.6212299
771250,133.0349963,0.708556488,232.6233337
771500,127.6249957,0.718243475,232.6047675
771750,137.0129944,0.75532697,232.5850378
772000,137.9149988,0.722669973,232.6026147
772250,126.8479968,0.685123489,232.6266614
772500,123.3019977,0.696378994,232.5896765
772750,122.6879971,0.691022978,232.6234229
773000,119.9119962,0.697567487,232.6286359
773250,129.7609961,0.662116976,232.6123511
773500,106.7469995,0.60449899,232.6424298
773750,95.59499939,0.55361248,232.6159406
774000,94.65299713,0.595927486,232.6138123
774250,103.4919974,0.587911987,232.6378033
774500,89.38499786,0.525847988,232.6434296
774750,78.34699768,0.54071949,232.6265094
775000,92.07299774,0.542835488,232.6180389
775250,89.43799744,0.54130199,232.6724219
775500,88.14499756,0.502743983,232.6364215
775750,78.15499786,0.505194485,232.639035
776000,80.80199738,0.50512099,232.6118848
776250,71.95299927,0.472746987,232.6433582
776500,76.25399963,0.48591749,232.635495
776750,69.67099915,0.454648991,232.6685614
777000,69.67099915,0.454648991,232.6685614
777250,65.51199829,0.383956999,232.6609991
777500,42.41099899,0.338771486,232.6597571
777750,57.63399857,0.445810984,232.6257898
778000,72.57899933,0.474410983,232.6632471
778250,69.56899963,0.404833987,232.6591113
778500,41.89399841,0.323004489,232.6924634
778750,47.86999908,0.386911981,232.661333
779000,59.31199844,0.434560982,232.6440375
779250,72.34499786,0.445812491,232.6437646
779500,64.11499847,0.460645988,232.6710687
779750,88.04899841,0.559459484,232.6121417
780000,79.76999847,0.441405486,232.6328113
780250,61.92299896,0.437473495,232.6711115
780500,70.84799683,0.475754982,232.6589435
780750,75.94699768,0.459531487,232.6432764
781000,56.41299805,0.365676498,232.6383185
781250,54.90699799,0.395956993,232.6602069
781500,60.96899872,0.41424799,232.6559106
781750,60.87899887,0.391385993,232.6926855
782000,53.39499969,0.394251496,232.6682959
782250,65.16899933,0.450488985,232.6625262
782500,71.82899872,0.449328489,232.6811908
782750,63.19099762,0.417171992,232.6735815
783000,62.29399765,0.401353488,232.6610052
783250,56.89999893,0.366918985,232.6676398
783500,56.89999893,0.366918985,232.6676398
783750,43.18099884,0.321198488,232.6792053
784000,48.13499878,0.362643487,232.675047
784250,49.47899841,0.381798487,232.6727026
784500,68.27599823,0.437530993,232.6434448
784750,55.09599915,0.352623992,232.6867755
785000,53.44799774,0.412768493,232.6609741
785250,51.35599915,0.330370494,232.6615857
785500,46.61499954,0.367037987,232.6436304
785750,52.98399857,0.377290484,232.6509668
786000,62.75399963,0.448092488,232.6934558
786250,69.79299866,0.460855484,232.6667413
786500,74.75099823,0.461481487,232.6486206
786750,70.32499969,0.481220984,232.6478314
787000,88.52699768,0.618067484,232.614516
787250,102.1439969,0.567347481,232.6303491
787500,69.76499878,0.37438049,232.6361023
787750,50.83699905,0.411234503,232.644566
788000,77.09099792,0.522090497,232.6576581
788250,87.80300049,0.547890987,232.6385803
788500,99.87399506,0.639952977,232.6233319
788750,98.37199829,0.553534484,232.6138885
789000,92.97199493,0.583915963,232.6404004
789250,101.9349994,0.606475983,232.6564301
789500,100.8259964,0.57519248,232.61336
789750,99.90899597,0.589720488,232.6291241
790000,99.90899597,0.589720488,232.6291241
790250,103.5859982,0.638675988,232.6324371
790500,108.724996,0.628534491,232.625639
790750,110.7239981,0.66246098,232.6040137
791000,115.5049976,0.672255473,232.591936
791250,126.2619952,0.733917491,232.567926
791500,134.4299988,0.710121479,232.6010693
791750,128.7759976,0.735686486,232.58703
792000,134.3819971,0.670982985,232.6130109
792250,121.8859991,0.698450491,232.6025006
792500,138.9959949,0.781733477,232.5948608
792750,149.6919965,0.784967477,232.5824414
793000,148.5549969,0.783598971,232.5963531
793250,148.4359961,0.75079849,232.6246851
793500,138.7099988,0.791803985,232.5681714
793750,157.3269958,0.806264982,232.580069
794000,161.2129944,0.819984977,232.5944122
794250,160.4109979,0.807926974,232.5836951
794500,157.1829938,0.813769996,232.5912158
794750,168.1979993,0.872578473,232.5259906
795000,181.5169989,0.886159983,232.5442145
795250,177.7929944,0.879424477,232.560462
795500,184.5469928,0.923258977,232.5484265
795750,193.6559937,0.903374979,232.5793561
796000,183.3029938,0.911659973,232.5486871
796250,189.5979956,0.906629992,232.566134
796500,189.5979956,0.906629992,232.566134
796750,190.4029956,0.933013475,232.5272626
797000,191.5019977,0.921997981,232.5531342
797250,192.0490088,0.929234984,232.5681647
797500,192.0750122,0.90675446,232.5681281
797750,184.1169971,0.89580147,232.5468146
798000,182.0549957,0.852184463,232.5855023
798250,169.8059955,0.868129983,232.5654614
798500,181.6299963,0.900696988,232.5629852
798750,185.3299969,0.89816448,232.5709528
799000,181.7229901,0.870047972,232.5964142
799250,175.0209967,0.854213493,232.6203229
799500,169.5199963,0.853088968,232.5767365
799750,174.5059943,0.850946975,232.5722614
800000,171.0429974,0.856181984,232.5741107
800250,171.113999,0.845159974,232.5780542
800500,165.078999,0.812994993,232.5815021
800750,151.6189972,0.769109972,232.598877
801000,149.502998,0.819457994,232.6103094
801250,168.4789984,0.814510982,232.5601666
801500,150.0879956,0.753450983,232.5781274
801750,135.8159979,0.721382978,232.5830243
802000,131.4640057,0.758955491,232.6006958
802250,150.2289972,0.754221978,232.5905194
802500,134.6939941,0.728044972,232.5954138
802750,133.962998,0.75307348,232.6012646
803000,133.962998,0.75307348,232.6012646
803250,144.2719958,0.737906477,232.5848053
803500,128.2999976,0.691737978,232.6134949
803750,121.5769974,0.688428979,232.5939001
804000,125.4109973,0.696108985,232.5832629
804250,122.6599951,0.683539979,232.6067511
804500,113.7359967,0.610388978,232.6553009
804750,99.93499756,0.543566988,232.6457983
805000,78.09299927,0.456512485,232.6692889
805250,72.23499817,0.507141984,232.6496613
805500,91.91399628,0.540732987,232.6206702
805750,78.9939978,0.423212991,232.6381757
806000,44.40399841,0.296907997,232.6887341
806250,35.43399948,0.305639497,232.6830487
806500,49.43299866,0.388221995,232.6491156
806750,62.5819986,0.435419987,232.6226532
807000,67.27499908,0.478693988,232.6373505
807250,82.54499908,0.467849002,232.6647742
807500,46.62899933,0.305956492,232.6456
807750,41.23299957,0.384396991,232.6256696
808000,74.20499832,0.506433996,232.6386328
808250,75.69299805,0.450090989,232.6026385
808500,60.78499817,0.409595498,232.6588245
808750,64.05999817,0.436795491,232.6203833
809000,68.94799805,0.432253991,232.6179553
809250,65.02299805,0.436177989,232.6275421
809500,65.02299805,0.436177989,232.6275421
809750,66.64499878,0.450586489,232.6382257
810000,76.01199692,0.460977986,232.663407
810250,57.76399811,0.384763991,232.6575287
810500,56.27099808,0.401923491,232.6851526
810750,61.74799805,0.434578488,232.6563647
811000,68.85399857,0.448810489,232.6767822
811250,55.53299911,0.362917989,232.6589246
811500,58.58199905,0.47613148,232.6674139
811750,77.72500092,0.485502982,232.6543445
812000,69.60799957,0.458164986,232.6463898
812250,75.59599884,0.503300484,232.6384143
812500,83.24099945,0.500778477,232.6062152
812750,77.09699829,0.472451494,232.6576062
813000,58.51999908,0.326627491,232.6642065
813250,35.45799927,0.302838491,232.6759009
813500,40.88499954,0.376137491,232.6737024
813750,67.68999786,0.472364485,232.6479919
814000,71.60699768,0.429680988,232.664104
814250,60.64499832,0.399931984,232.6569128
814500,56.36499985,0.369391494,232.6923907
814750,52.07499954,0.372776494,232.6689349
815000,47.29299881,0.33086849,232.6808875
815250,48.84699921,0.365195994,232.6428406
815500,51.75399857,0.344525987,232.6453033
815750,44.15499893,0.29966549,232.6753186
816000,44.15499893,0.29966549,232.6753186
816250,35.1859993,0.295969995,232.6750287
816500,42.88800003,0.330946997,232.645719
816750,57.05799988,0.437598993,232.6407831
817000,63.98899841,0.402298995,232.6454681
817250,52.84399841,0.32203599,232.679798
817500,41.01799896,0.347516496,232.6586841
817750,49.52499878,0.35345649,232.6815259
818000,53.51499817,0.383691982,232.6642706
818250,56.87499924,0.400861992,232.6859637
818500,58.40299866,0.390832992,232.6808838
818750,53.60599838,0.371432983,232.6553192
819000,54.41399872,0.397921487,232.63526
819250,62.72699921,0.435455985,232.6569025
819500,60.71499756,0.39183749,232.6684161
819750,60.26499908,0.40734349,232.6711469
820000,66.43799881,0.480083987,232.6625446
820250,74.90099915,0.45266099,232.6288928
820500,66.58299835,0.427399991,232.6013422
820750,65.65299896,0.513749989,232.6461902
821000,86.17899841,0.539667492,232.6031201
821250,97.77499756,0.601286986,232.6115308
821500,105.2759979,0.630198975,232.6207281
821750,111.8109988,0.662752981,232.6327814
822000,114.6269962,0.640974476,232.6362445
822250,110.9979987,0.675472484,232.5938202
822500,110.9979987,0.675472484,232.5938202
822750,115.7299973,0.646667976,232.600318
823000,114.9679959,0.663432488,232.6069104
823250,118.3439981,0.612894487,232.5954657
823500,103.722998,0.664322996,232.6257428
823750,118.353999,0.668366497,232.6242548
824000,120.4479977,0.701165979,232.6247125
824250,122.0809955,0.684799485,232.6102466
824500,120.432998,0.675924988,232.621076
824750,122.5219962,0.685031974,232.6069458
825000,123.4819965,0.68647949,232.6298138
825250,117.8279984,0.6547735,232.6149414
825500,117.147998,0.710913484,232.6041742
825750,134.7689966,0.745772476,232.5944684
826000,133.9249933,0.71153698,232.6046967
826250,127.2970007,0.698939984,232.631015
826500,130.6249963,0.734843488,232.6151349
826750,135.3859943,0.727279463,232.6191248
827000,130.43,0.742429974,232.5959271
827250,139.4299951,0.772815478,232.5934473
827500,146.9539893,0.781880987,232.5935596
827750,151.2119946,0.768426976,232.6126636
828000,144.9679968,0.778887484,232.5939343
828250,152.803999,0.826125984,232.5637494
828500,163.4009979,0.818073981,232.5672717
828750,149.2129962,0.769869001,232.5728442
829000,149.2129962,0.769869001,232.5728442
829250,143.1189954,0.719408493,232.6076935
829500,120.2969974,0.686993482,232.6118048
829750,138.6619965,0.804849982,232.5899597
830000,168.3239978,0.842001462,232.6148621
830250,158.6459943,0.797752461,232.5674719
830500,153.2819971,0.787829981,232.5684698
830750,153.0289966,0.811126981,232.5629254
831000,161.8759955,0.785316992,232.6086713
831250,140.0399969,0.753251984,232.5909332
831500,144.6999982,0.791415462,232.5860474
831750,156.731994,0.791223979,232.5847571
832000,142.076994,0.787663984,232.5748065
832250,152.4099963,0.78254348,232.5705518
832500,144.8679968,0.764730504,232.5932867
832750,147.3519983,0.775264986,232.5690704
833000,148.5519958,0.762328982,232.5671613
833250,139.4739954,0.753329487,232.5590546
833500,142.6299994,0.756533477,232.58763
833750,137.1229974,0.752108991,232.6034064
834000,142.9419946,0.776081979,232.5672382
834250,146.922995,0.792884972,232.5512207
834500,161.7899982,0.814227979,232.5544299
834750,157.622998,0.787391977,232.5846619
835000,152.8099951,0.75088098,232.5759448
835250,123.3819986,0.672442973,232.6201239
835500,123.3819986,0.672442973,232.6201239
835750,114.7569958,0.634618974,232.6075714
836000,89.61099854,0.490424984,232.6327057
836250,67.31499863,0.528913988,232.6144226
836500,110.1999969,0.688072987,232.6028143
836750,138.6669958,0.778024983,232.5879114
837000,146.5139984,0.74232096,232.6057184
837250,126.4449973,0.685423975,232.6306769
837500,118.0349988,0.67683197,232.6232373
837750,114.9839975,0.654215486,232.6082782
838000,114.4809964,0.655309494,232.6074628
838250,115.3259949,0.669417977,232.611701
838500,126.5129993,0.705423982,232.5739819
838750,121.4659958,0.656734998,232.6003387
839000,110.5369998,0.639950502,232.6289026
839250,111.0439972,0.660100985,232.5987903
839500,101.4309958,0.573687975,232.6551508
839750,95.21299988,0.563546984,232.6285901
840000,93.37999817,0.582390995,232.6273584
840250,97.085,0.553148487,232.677702
840500,93.69099762,0.563017492,232.6272369
840750,85.67099823,0.503953992,232.6392212
841000,76.72699738,0.489270486,232.6356451
841250,72.33099854,0.471926987,232.6742938
841500,77.59799927,0.499290491,232.6687109
841750,81.35899811,0.482919493,232.6736078
842000,81.35899811,0.482919493,232.6736078
842250,74.22899811,0.462266989,232.6665436
842500,73.34999847,0.462393988,232.6543091
842750,71.80199707,0.487831489,232.6245972
843000,80.96499603,0.522485986,232.6346875
843250,89.01499939,0.519241483,232.6437476
843500,61.06499924,0.342644991,232.667486
843750,36.82399925,0.302790989,232.6942316
844000,47.38699928,0.420314987,232.6640393
844250,71.50599762,0.521026492,232.650965
844500,80.95299744,0.471455997,232.6619263
844750,65.7519986,0.416015489,232.6604065
845000,64.70999725,0.450787488,232.6692218
845250,68.6119986,0.424858491,232.6574615
845500,66.4209993,0.464057977,232.6761633
845750,67.03599762,0.40784349,232.6760077
846000,52.16299881,0.386683489,232.7027045
846250,64.76899765,0.471839488,232.6472687
846500,76.11399963,0.461505482,232.6752612
846750,69.00999908,0.444497485,232.6449268
847000,59.5939978,0.329506991,232.6889191
847250,37.96999924,0.314516993,232.6673022
847500,38.45099838,0.291427492,232.6776941
847750,38.39699951,0.310537987,232.6746198
848000,50.38699951,0.419279491,232.6714606
848250,60.92699814,0.370446494,232.6553101
848500,60.92699814,0.370446494,232.6553101
848750,48.84999847,0.358347992,232.6786438
849000,54.28899933,0.412856991,232.651192
849250,53.91699875,0.349085487,232.6926379
849500,50.7019986,0.448007996,232.6510638
849750,71.5519989,0.427160995,232.6816144
850000,60.51999847,0.409861494,232.6569446
850250,65.16199799,0.468386484,232.6655664
850500,71.76499771,0.386652485,232.6976874
850750,39.47199921,0.302068495,232.68823
851000,36.20299957,0.29344799,232.674798
851250,42.01799911,0.325374489,232.6749194
851500,53.30199936,0.430410991,232.6445642
851750,73.21299805,0.468963993,232.6570856
852000,75.04999542,0.479390988,232.6488361
852250,76.94099579,0.522905998,232.6098474
852500,87.59999878,0.545069485,232.6371338
852750,91.84299561,0.584319484,232.6223175
853000,99.17299805,0.511040477,232.6303827
853250,71.36699829,0.466566492,232.6387738
853500,76.78499634,0.538304484,232.6191266
853750,95.44399719,0.522841986,232.6284454
854000,71.71899872,0.530220994,232.6515186
854250,92.99799744,0.586359491,232.6192938
854500,103.3819989,0.61817549,232.6347589
854750,104.0659991,0.583613982,232.6247833
855000,104.0659991,0.583613982,232.6247833
855250,94.1239978,0.585859485,232.6159595
855500,101.6659991,0.632745979,232.575589
855750,107.2890002,0.630514493,232.6145978
856000,104.1159979,0.583061981,232.6206311
856250,92.57299713,0.547423482,232.6218945
856500,92.64499756,0.579200981,232.6108069
856750,98.61100037,0.584723487,232.5936145
857000,90.89999664,0.553004494,232.6043817
857250,95.75899841,0.591064472,232.6216626
857500,100.6659973,0.640705988,232.5916693
857750,116.7569965,0.651136985,232.5727966
858000,113.5049933,0.625742493,232.5963251
858250,103.9279968,0.619991989,232.6025195
858500,112.4469974,0.674427485,232.5629181
858750,122.9799973,0.699843979,232.5879828
859000,119.3319962,0.684401486,232.6206726
859250,126.4689975,0.705769978,232.607951
859500,131.9569958,0.730946474,232.5803345
859750,138.9079993,0.75292747,232.5608447
860000,135.9559961,0.749366488,232.579917
860250,136.3059979,0.738862481,232.5993878
860500,136.6229956,0.763361475,232.5460443
860750,151.3409961,0.783036492,232.5700946
861000,148.1759961,0.786272483,232.5686456
861250,156.7979956,0.806729994,232.5755896
861500,156.7979956,0.806729994,232.5755896
861750,153.6769977,0.788828483,232.5723187
862000,152.8559949,0.786754982,232.5849084
862250,150.1990021,0.795896504,232.5726617
862500,164.2770001,0.835768466,232.5303741
862750,164.4809955,0.826332481,232.5482294
863000,164.6189935,0.812127478,232.5809088
863250,160.6729968,0.841771986,232.5590546
863500,179.9439966,0.892669966,232.5305743
863750,172.4799963,0.823285985,232.5354303
864000,158.4519965,0.810070982,232.5858289
864250,160.0749994,0.835072472,232.5562219
864500,176.428996,0.86194248,232.5317035
864750,169.5080048,0.85069998,232.5515259
865000,175.5110004,0.869767983,232.5631183
865250,168.8819946,0.846203976,232.5609448
865500,174.3719965,0.868340471,232.5532129
865750,178.1359937,0.889904966,232.5666943
866000,189.2640009,0.906643977,232.5617212
866250,171.8389948,0.815585473,232.58758
866500,156.6239972,0.798345978,232.5683594
866750,155.1239972,0.818827982,232.5906696
867000,172.5969958,0.849669981,232.5569745
867250,145.7529977,0.721307979,232.6171429
867500,144.4719962,0.816608472,232.5916992
867750,159.5729968,0.790779989,232.5687225
868000,159.5729968,0.790779989,232.5687225
868250,149.173999,0.773070986,232.6059418
868500,143.8789972,0.763244977,232.5787244
868750,152.377995,0.804176984,232.6043665
869000,147.1459985,0.750618482,232.6026385
869250,135.2029993,0.731653984,232.5999109
869500,129.6739957,0.700246978,232.6254559
869750,129.8549988,0.700541475,232.6443158
870000,129.141998,0.737028475,232.6380701
870250,141.3880005,0.764159989,232.6162878
870500,138.3549976,0.72124948,232.641662
870750,119.6669965,0.671250997,232.5933258
871000,113.4419986,0.640823498,232.6499414
871250,100.512998,0.568435485,232.6520831
871500,99.26399628,0.620027483,232.6304681
871750,107.3329974,0.602880993,232.6151031
872000,105.4699957,0.634115996,232.6337671
872250,110.7249988,0.640315497,232.6230365
872500,82.61499817,0.46354499,232.6854199
872750,71.86599976,0.564389486,232.6514667
873000,89.87899841,0.481990488,232.6495911
873250,64.46299789,0.425713989,232.6638208
873500,68.43999786,0.472109489,232.6737732
873750,73.72199799,0.44670199,232.6763745
874000,63.14499741,0.42091399,232.6833685
874250,61.66099792,0.421911491,232.6645172
874500,61.66099792,0.421911491,232.6645172
874750,61.23699844,0.414399498,232.6604803
875000,60.11299881,0.416409992,232.6784406
875250,59.90599792,0.366017492,232.6873358
875500,44.36399933,0.305202494,232.6560883
875750,36.67999908,0.289861488,232.6996454
876000,42.50599945,0.370348989,232.6927899
876250,57.86499817,0.405761492,232.6939087
876500,57.97999924,0.388332487,232.6806622
876750,52.41699951,0.375238487,232.67547
877000,55.4289978,0.362122988,232.7051434
877250,47.02299973,0.313976494,232.7110065
877500,49.28599899,0.416025491,232.6577728
877750,68.3669989,0.437484498,232.6532263
878000,55.82299957,0.362610993,232.6722211
878250,50.00999847,0.384989488,232.6443268
878500,51.96599838,0.32674399,232.6606061
878750,45.53299911,0.405465487,232.6805585
879000,57.09599884,0.339714994,232.6744843
879250,39.73899887,0.308524489,232.6758002
879500,39.0709993,0.286277494,232.6925983
879750,38.23399994,0.311114495,232.6559106
880000,40.14099884,0.298549998,232.6613983
880250,36.73899796,0.280501494,232.6926544
880500,33.19899918,0.281765994,232.6724066
880750,35.13399979,0.280880489,232.6694391
881000,35.13399979,0.280880489,232.6694391
881250,35.94299988,0.282518495,232.6971033
881500,35.43699951,0.300406493,232.6418207
881750,40.11299988,0.29985249,232.7014069
882000,35.98699921,0.282672991,232.6771503
882250,34.51999908,0.282500988,232.6503503
882500,35.57199921,0.285956998,232.652016
882750,34.71499954,0.283434492,232.6714148
883000,36.84499924,0.283044993,232.6861115
883250,35.60499939,0.30930849,232.6673663
883500,42.21199921,0.339391488,232.6567554
883750,51.05299896,0.333605989,232.6658594
884000,39.54799957,0.316132487,232.6728125
884250,41.85099991,0.297761989,232.6743799
884500,35.8069989,0.276890489,232.6729681
884750,35.01699921,0.319103005,232.6644464
885000,48.78399918,0.353238488,232.6790546
885250,49.95599884,0.368871492,232.6393311
885500,58.10299835,0.393560995,232.6532715
885750,61.47799942,0.448790483,232.6677399
886000,74.40499969,0.483206992,232.6472662
886250,75.33299561,0.417290488,232.6309991
886500,41.61899948,0.311820991,232.669231
886750,41.86999969,0.356134993,232.6782159
887000,59.75199768,0.389386983,232.6932611
887250,58.52699829,0.54013049,232.6333392
887500,58.52699829,0.54013049,232.6333392
887750,109.7049973,0.625842988,232.6289594
888000,89.04999847,0.42906948,232.6414301
888250,41.36999924,0.406212487,232.6761902
888500,86.52799835,0.619212971,232.6308539
888750,120.0829959,0.694476476,232.6011871
889000,123.6829965,0.681460986,232.5983417
889250,121.6529999,0.673986466,232.5874738
889500,115.7169998,0.672992995,232.6340869
889750,118.5939981,0.686815965,232.6122937
890000,120.6239969,0.673538983,232.6165729
890250,116.5410001,0.659323976,232.5917279
890500,120.1789975,0.700925479,232.6207825
890750,131.5459979,0.712714481,232.5859674
891000,120.7189963,0.643164985,232.630943
891250,105.5949976,0.655412982,232.5973859
891500,130.5009943,0.765246465,232.5664691
891750,149.3609955,0.785761979,232.5983838
892000,148.4330029,0.771916995,232.6154706
892250,148.4250031,0.772756989,232.6035327
892500,146.0179987,0.778257489,232.6036554
892750,149.2480011,0.778459971,232.5667938
893000,151.8279962,0.797227488,232.5647266
893250,153.5329974,0.81283699,232.5742944
893500,164.083996,0.805582483,232.5827032
893750,146.1729938,0.764428983,232.5967444
894000,146.1729938,0.764428983,232.5967444
894250,152.7969965,0.827287977,232.5443658
894500,176.8109949,0.882393467,232.5516718
894750,176.7169934,0.869792972,232.5428693
895000,178.9319965,0.883846989,232.547702
895250,180.0859979,0.870602961,232.546192
895500,179.875,0.880378971,232.5660376
895750,178.6989972,0.869659967,232.5555133
896000,172.7489948,0.863559477,232.5661334
896250,183.312995,0.909782481,232.5265393
896500,184.1340027,0.89050998,232.5501257
896750,189.4919946,0.936369975,232.5268848
897000,187.4469946,0.877220497,232.537486
897250,189.7269965,0.96169847,232.5444666
897500,198.4449976,0.934007487,232.5291461
897750,192.7539948,0.91283648,232.5726599
898000,187.0019971,0.909589489,232.5761328
898250,193.7699963,0.943753469,232.5324225
898500,191.3199951,0.876425469,232.5580737
898750,167.798996,0.809442992,232.6024377
899000,169.3099982,0.888509977,232.5681464
899250,181.2809973,0.884947479,232.5952789
899500,186.5399939,0.90609648,232.584303
899750,182.0689935,0.871227975,232.5506079
900000,176.9399951,0.87676048,232.5656647
900250,181.2439978,0.870919478,232.5276709
900500,181.2439978,0.870919478,232.5276709
900750,176.5679962,0.872758965,232.5629437
901000,173.8799994,0.847232981,232.5226459
901250,169.5819952,0.847157993,232.571535
901500,163.4809967,0.809791985,232.5754633
901750,159.5179956,0.858456972,232.5535028
902000,171.327998,0.8110145,232.5993805
902250,129.0799963,0.54494149,232.6271539
902500,80.14299805,0.592658985,232.6215881
902750,94.94500061,0.524168491,232.6240503
903000,103.1469977,0.707814476,232.6011688
903250,145.1819971,0.837313483,232.5831018
903500,163.1309961,0.787427986,232.6035663
903750,148.9079938,0.791747973,232.6001953
904000,146.5779987,0.73119998,232.5888049
904250,132.4109967,0.744305489,232.5879584
904500,134.4459973,0.733418982,232.5961816
904750,130.0249957,0.720496488,232.5753809
905000,124.2499948,0.680994973,232.5878369
905250,113.4549966,0.651637485,232.609126
905500,116.8459964,0.661348984,232.607226
905750,105.127999,0.480561985,232.6330377
906000,67.18499924,0.533790491,232.6398834
906250,97.07699585,0.585350487,232.6278931
906500,82.03399902,0.434416982,232.674079
906750,54.94699982,0.446132993,232.6671521
907000,54.94699982,0.446132993,232.6671521
907250,75.85599838,0.515532987,232.6175
907500,81.68999725,0.500824988,232.6487994
907750,78.32599731,0.448313997,232.635553
908000,68.00999969,0.446180995,232.6378607
908250,66.13799744,0.388285993,232.6341089
908500,48.11499908,0.374658992,232.6138525
908750,55.02499893,0.391103488,232.6221777
909000,54.11599945,0.349085493,232.642431
909250,44.74599838,0.364038496,232.6506348
909500,54.72999847,0.363556489,232.6433215
909750,51.5719986,0.362204994,232.6617786
910000,50.26599945,0.379545491,232.6553119
910250,54.27299881,0.347023489,232.6762793
910500,43.06999893,0.326425995,232.6604272
910750,46.50099945,0.345055,232.6594519
911000,48.25999817,0.305910494,232.65065
911250,38.28299927,0.327810484,232.6376318
911500,48.02999985,0.321702487,232.6487695
911750,36.20899948,0.300288991,232.681947
912000,41.47399979,0.303368496,232.6396979
912250,38.34800003,0.295806992,232.6541882
912500,37.53999863,0.312478001,232.6484308
912750,46.87999954,0.334870496,232.6460779
913000,44.73499954,0.326239491,232.6612738
913250,40.16299988,0.299481997,232.6536084
913500,40.16299988,0.299481997,232.6536084
913750,39.75500092,0.313409991,232.6246338
914000,45.27899841,0.322965494,232.6500397
914250,42.27399979,0.299940494,232.6464569
914500,37.91199936,0.288602991,232.6462183
914750,34.97199936,0.281613992,232.6364856
915000,34.87199982,0.279904989,232.6655536
915250,33.68899933,0.279707991,232.6803235
915500,36.75199951,0.29999799,232.6637622
915750,44.51599991,0.344508992,232.6591669
916000,48.26699921,0.333887494,232.6454272
916250,43.34799973,0.301385489,232.6450482
916500,34.76999939,0.283457496,232.6436987
916750,35.72699905,0.325176989,232.6409668
917000,53.83699829,0.403533497,232.6208032
917250,59.70299774,0.412968488,232.6642456
917500,51.95599915,0.330170492,232.6813855
917750,42.3629985,0.330447496,232.666521
918000,50.83999847,0.377216995,232.6491687
918250,60.46799805,0.414802991,232.6328583
918500,64.69099838,0.448470994,232.5926471
918750,64.97299805,0.442065986,232.615235
919000,70.84400024,0.496892984,232.5939996
919250,81.07999878,0.493129992,232.6183569
919500,68.1499971,0.436312991,232.6462439
919750,73.12199799,0.515632993,232.6656177
920000,73.12199799,0.515632993,232.6656177
920250,85.00299927,0.536957994,232.6002838
920500,93.67999939,0.561856487,232.6222949
920750,84.01599731,0.535562984,232.568476
921000,96.64799866,0.599627991,232.6093848
921250,101.9379977,0.603969982,232.5779425
921500,106.6569965,0.628522482,232.5850031
921750,111.0249979,0.653103478,232.5563763
922000,117.7209976,0.680340986,232.6033356
922250,111.4459967,0.640479991,232.5843219
922500,108.6149976,0.642918975,232.6022131
922750,97.60499786,0.533281486,232.616557
923000,98.36899963,0.62692749,232.5906372
923250,106.183996,0.625059969,232.5825604
923500,115.2289978,0.678980491,232.586189
923750,124.5809949,0.716248481,232.5759131
924000,120.0159982,0.664900975,232.6124707
924250,122.4649976,0.692769496,232.6170673
924500,125.1539975,0.676472976,232.5956519
924750,121.0119983,0.689267967,232.5933234
925000,130.4309961,0.742570968,232.594245
925250,136.0629974,0.735753472,232.5914459
925500,135.5159985,0.739135978,232.5991083
925750,138.3929944,0.765628476,232.6050787
926000,144.8819952,0.744065988,232.590777
926250,145.4249963,0.803119979,232.5729028
926500,145.4249963,0.803119979,232.5729028
926750,155.4409973,0.803930466,232.5632312
927000,162.335,0.816913986,232.5577069
927250,154.1949945,0.772004483,232.5568915
927500,148.6959961,0.785198965,232.5831812
927750,154.0449976,0.784633472,232.5537231
928000,149.917998,0.779746475,232.5981323
928250,153.9099976,0.820200992,232.5642413
928500,155.6769965,0.778273976,232.5920868
928750,143.6279974,0.767809987,232.5370538
929000,145.1149951,0.786028492,232.5652002
929250,151.773999,0.790657465,232.5598492
929500,154.6769952,0.776407471,232.5617279
929750,146.7089941,0.768369987,232.5752985
930000,151.9269952,0.817686973,232.576377
930250,163.1259961,0.795817494,232.5574426
930500,152.1379974,0.798905478,232.5929236
930750,159.547998,0.830803475,232.5602472
931000,161.1189984,0.768940995,232.6056622
931250,142.7869958,0.793692973,232.573996
931500,161.941994,0.830515964,232.5948248
931750,165.3389984,0.833330982,232.602536
932000,162.2589966,0.783166492,232.5719708
932250,135.0909979,0.695073991,232.6133752
932500,133.0499945,0.776216993,232.5566107
932750,151.647998,0.730610487,232.6110669
933000,151.647998,0.730610487,232.6110669
933250,129.7839963,0.757945979,232.5911725
933500,146.9429962,0.762260485,232.5722137
933750,138.8089966,0.70557898,232.6019971
934000,119.5769971,0.74432447,232.5633459
934250,140.7539966,0.736748481,232.573819
934500,131.2709985,0.687457976,232.5857422
934750,120.5239975,0.675223477,232.6247095
935000,123.3509964,0.69852499,232.5708423
935250,131.9549963,0.767157476,232.5874298
935500,146.4609985,0.753065975,232.585448
935750,130.9529987,0.708290987,232.6022925
936000,118.4319971,0.649117482,232.587027
936250,108.2529947,0.611152973,232.6055188
936500,101.3599976,0.606589,232.6169464
936750,106.843996,0.621649983,232.5858087
937000,108.3149988,0.636190474,232.640553
937250,107.4879987,0.619879479,232.6353265
937500,97.94899719,0.547493491,232.6121906
937750,69.67599899,0.427663991,232.6304596
938000,63.47799896,0.483223983,232.6578711
938250,83.09399597,0.508495487,232.6686633
938500,82.53499847,0.487915987,232.6322705
938750,76.04399963,0.46868699,232.6316492
939000,67.11599884,0.476367987,232.6604224
939250,80.22699829,0.515843982,232.6395038
939500,80.22699829,0.515843982,232.6395038
939750,79.4619989,0.469929985,232.6207922
940000,68.94899994,0.418584485,232.6432806
940250,56.56399765,0.390917501,232.6861676
940500,61.87499817,0.423429493,232.6447308
940750,67.97899811,0.408465991,232.601012
941000,47.06099854,0.395561495,232.6580383
941250,62.60199722,0.439921491,232.6455029
941500,62.82499695,0.441688489,232.6723438
941750,73.94599854,0.454585481,232.6344928
942000,59.80999924,0.345742996,232.6461432
942250,39.37199936,0.301050993,232.6697754
942500,40.91999893,0.407726989,232.6756787
942750,72.11299744,0.427719487,232.6846143
943000,48.68399948,0.326214494,232.6521234
943250,45.31999649,0.350913488,232.6501007
943500,50.21899887,0.323913488,232.6922754
943750,37.40699936,0.292552992,232.6677795
944000,36.47199905,0.292305496,232.6806403
944250,36.55799988,0.31557299,232.6687982
944500,49.38799927,0.326943996,232.6827063
944750,39.48099884,0.288946495,232.6543201
945000,35.39599869,0.345789489,232.648006
945250,58.42499939,0.37860299,232.6151788
945500,47.48699936,0.356774492,232.647276
945750,54.74899811,0.40888849,232.6586041
946000,54.74899811,0.40888849,232.6586041
946250,52.05600006,0.368233988,232.6519543
946500,58.63099884,0.431831988,232.6356616
946750,66.31399841,0.419631484,232.6481464
947000,58.22599899,0.369511987,232.657854
947250,49.92999939,0.365661985,232.6811017
947500,53.02499939,0.39539849,232.6479938
947750,61.06899887,0.432469987,232.6402155
948000,66.60999664,0.461386988,232.6318799
948250,75.19199799,0.491288477,232.6778723
948500,68.08499878,0.408542488,232.6465582
948750,61.03499878,0.449044991,232.6440875
949000,77.29899994,0.524196981,232.634021
949250,79.08899689,0.508409477,232.5971771
949500,89.05599976,0.557838981,232.6123969
949750,86.24399811,0.563665993,232.6026361
950000,105.3619995,0.637729492,232.6344855
950250,100.8489975,0.564879494,232.591601
950500,95.90399658,0.599582989,232.5972223
950750,99.5069989,0.586269481,232.6296503
951000,96.93599762,0.625704479,232.5995581
951250,116.6109973,0.687686968,232.5814099
951500,120.7539978,0.668888988,232.5979102
951750,113.3099985,0.625961983,232.6136749
952000,111.8389984,0.658804467,232.5512659
952250,116.967998,0.701778986,232.5784778
952500,116.967998,0.701778986,232.5784778
952750,122.8099954,0.670380969,232.5910553
953000,111.6449985,0.628849978,232.6004169
953250,118.4269968,0.719910491,232.5901959
953500,138.3359967,0.749870977,232.578772
953750,131.9539993,0.708954487,232.5925616
954000,133.8209973,0.755816476,232.6169122
954250,142.7169934,0.76098047,232.5925574
954500,141.5719958,0.755363977,232.591178
954750,138.3359979,0.743387482,232.5529651
955000,141.7269965,0.778047991,232.5687964
955250,148.9659955,0.764132996,232.574798
955500,140.4669965,0.755715482,232.5576569
955750,136.0379974,0.753984487,232.5959619
956000,137.5089948,0.708836465,232.5790625
956250,118.8849951,0.664252484,232.6011951
956500,127.7059985,0.767854481,232.5897443
956750,154.2359967,0.792803495,232.5891962
957000,155.5469977,0.824700985,232.5574951
957250,165.9149976,0.837338979,232.5391473
957500,160.6149982,0.792912481,232.5641565
957750,146.1059979,0.764264476,232.5634454
958000,150.3609985,0.803761983,232.5584253
958250,153.7039935,0.772855492,232.5602051
958500,141.9819958,0.758135984,232.5833093
958750,150.5489954,0.837727487,232.540802
959000,150.5489954,0.837727487,232.540802
959250,165.8299951,0.827463977,232.585896
959500,161.8869971,0.799241481,232.5929144
959750,159.127998,0.871563966,232.5505493
960000,178.9919965,0.856145461,232.5706812
960250,168.1679926,0.821793988,232.5371771
960500,161.1299945,0.806866496,232.5727075
960750,164.8919946,0.860255482,232.5554663
961000,166.1349957,0.792817481,232.6110455
961250,146.6039972,0.785674479,232.5696088
961500,150.7629944,0.776621485,232.6008752
961750,149.4159949,0.783076968,232.559585
962000,151.3989972,0.728112471,232.5685718
962250,127.1829987,0.755078468,232.5620374
962500,148.0959979,0.785512967,232.5871429
962750,157.0839984,0.817621498,232.5505133
963000,157.3819922,0.786964474,232.576601
963250,142.4299969,0.749938486,232.5735797
963500,137.9029901,0.711889482,232.5961218
963750,119.6039981,0.63368798,232.6006757
964000,107.1989987,0.63790848,232.6097418
964250,114.6889972,0.691371491,232.5817102
964500,121.3479987,0.702365468,232.5901691
964750,119.6229984,0.631005979,232.6198877
965000,102.0339969,0.607782488,232.627616
965250,108.0299976,0.581399479,232.5962628
965500,108.0299976,0.581399479,232.5962628
965750,91.17499756,0.592654989,232.6172772
966000,106.5819974,0.631422484,232.5930927
966250,109.1699991,0.59079648,232.6128271
966500,89.27099701,0.590862987,232.6418207
966750,99.20799835,0.56208148,232.6086829
967000,87.04199799,0.535002487,232.6547736
967250,88.66499512,0.505909992,232.6193793
967500,73.34099731,0.446602495,232.6604071
967750,60.29899963,0.386844506,232.6390741
968000,55.37699982,0.393776989,232.6662933
968250,59.68399796,0.43941649,232.6341504
968500,69.43699738,0.443620985,232.6681885
968750,64.09599945,0.407809484,232.6687079
969000,58.93899796,0.384871992,232.670166
969250,49.74899948,0.353957489,232.6590332
969500,52.75699768,0.377338995,232.6524701
969750,48.25399902,0.340385491,232.6681439
970000,42.89399841,0.315941993,232.6569476
970250,43.08599991,0.344372995,232.6776007
970500,51.67399994,0.349749495,232.6424066
970750,41.4809996,0.320194994,232.683598
971000,48.64899811,0.344191498,232.6735669
971250,45.36699951,0.356359992,232.6352515
971500,54.77099823,0.394095486,232.6242291
971750,43.29499863,0.29763449,232.6678668
972000,43.29499863,0.29763449,232.6678668
972250,34.8239994,0.281977495,232.6844
972500,33.28799965,0.281423495,232.6419598
972750,36.79399887,0.282841496,232.6473663
973000,34.16999931,0.290686996,232.6605231
973250,38.30399918,0.298730495,232.6532007
973500,36.62899887,0.280351992,232.6750702
973750,33.71899933,0.278717494,232.6663519
974000,34.88100037,0.307872989,232.6589014
974250,47.16099915,0.360551991,232.6580017
974500,43.12999863,0.308620992,232.6682257
974750,40.3819989,0.314060491,232.6821326
975000,37.30899918,0.316256993,232.6712451
975250,48.94499847,0.348474994,232.6498181
975500,40.2139978,0.297386994,232.6646259
975750,35.71799866,0.300856497,232.6853528
976000,47.10099792,0.348968493,232.6558405
976250,41.4469986,0.310580993,232.6308752
976500,47.05399887,0.379317491,232.6265845
976750,60.4819986,0.407739489,232.6180194
977000,58.46799957,0.397082491,232.628963
977250,47.49499847,0.306216491,232.6676038
977500,27.91399963,0.215885491,232.6715149
977750,17.98899956,0.199451494,232.6230841
978000,16.8379995,0.199167494,232.6521222
978250,16.68699978,0.199120994,232.6555463
978500,16.68699978,0.199120994,232.6555463
978750,17.41799934,0.199019495,232.6491681
979000,17.42499924,0.199281495,232.6560364
979250,17.42499924,0.199357998,232.6873749
979500,17.42499924,0.198924495,232.6639423
979750,16.02499954,0.200045494,232.6772723
980000,18.09199959,0.204005497,232.6724652
980250,18.0979995,0.205946496,232.6362646
980500,17.42499924,0.203274497,232.6394592
980750,17.42499924,0.199811995,232.6508612
981000,16.49099945,0.191893993,232.6836737
981250,16.92799984,0.190130495,232.6553784
981500,15.72800003,0.191319996,232.6538879
981750,16.42199989,0.198697495,232.6351282
982000,17.39999962,0.198079493,232.635752
982250,17.16499969,0.196186994,232.6866357
982500,15.68900005,0.192427996,232.6748334
982750,16.70199989,0.1906305,232.6360101
983000,14.11399971,0.154979495,232.6373785
983250,6.700999813,0.124927996,232.6799426
983500,6.083999977,0.123595997,232.6500903
983750,5.685999928,0.123537496,232.6731848
984000,5.543999958,0.123205496,232.6761475
984250,6.194999981,0.123420997,232.6908582
984500,5.224999905,0.123325999,232.6704352
984750,5.411999893,0.123260996,232.663634
985000,5.411999893,0.123260996,232.663634
985250,6.348999977,0.123597997,232.645722
985500,5.226999912,0.123726498,232.6506757
985750,6.556999931,0.123270996,232.6475018
986000,5.274999866,0.123067497,232.6458191
986250,5.996999989,0.123157997,232.6799249
986500,5.710999947,0.123391496,232.694248
986750,5.224999905,0.123188496,232.668562
987000,5.850999966,0.123319996,232.6626758
987250,5.864999943,0.123053998,232.6427704
987500,5.377999897,0.123419496,232.6864252
987750,6.401000042,0.123578998,232.6827222
988000,5.227999916,0.122969495,232.6950275
988250,6.499999924,0.123255997,232.7137885
988500,5.292999878,0.123538499,232.6715936
988750,5.224999905,0.123631498,232.6783374
989000,6.365000019,0.123321497,232.7028735
989250,5.370999889,0.123408497,232.6971234
989500,5.810999947,0.123458996,232.7037128
989750,5.941999989,0.123869997,232.698772
990000,5.309999905,0.123397495,232.6940515
990250,6.481000042,0.123500998,232.672981
990500,5.228999901,0.123416497,232.6739722
990750,6.425999966,0.123642496,232.681225
991000,5.35099987,0.123064997,232.6570416
991250,5.886999969,0.123356997,232.6446619
991500,5.886999969,0.123356997,232.6446619
991750,5.872999973,0.123296497,232.6568744
992000,5.224999905,0.123331995,232.67849
992250,5.74899992,0.123490496,232.6699615
992500,6.026999893,0.123692997,232.6919458
992750,5.258999901,0.123379996,232.6869922
993000,6.487999954,0.123083498,232.6804498
993250,5.229999886,0.123035996,232.6808276
993500,5.224999905,0.123178998,232.6359979
993750,6.51800005,0.123180496,232.653642
994000,5.243999882,0.123188495,232.6908386
994250,6.235000019,0.123080496,232.6777087
994500,5.546999893,0.123415498,232.6899548
994750,5.224999905,0.123253996,232.647442
995000,6.094000015,0.123410498,232.6620844
995250,5.720999908,0.123182997,232.6693317
995500,6.536000061,0.123310497,232.694248
995750,5.233999882,0.123214996,232.6972253
996000,5.224999905,0.123501496,232.6797333
996250,6.521000023,0.123233996,232.6646289
996500,5.247999878,0.123284494,232.6732129
996750,6.177999954,0.123033998,232.6962402
997000,5.604999866,0.123614997,232.6900836
997250,5.224999905,0.123425497,232.6655853
997500,5.980999947,0.123456495,232.6509906
997750,5.742999859,0.123530997,232.6711249
998000,5.742999859,0.123530997,232.6711249
998250,5.505999928,0.123861997,232.678595
998500,6.298999844,0.123349498,232.6865619
998750,5.224999905,0.122876497,232.6830249
999000,6.531000004,0.122984496,232.674425
999250,5.253999844,0.123337998,232.6731342
999500,5.224999905,0.123629997,232.655553
999750,6.525000095,0.123321996,232.6828882
1000000,5.308999863,0.123203997,232.6617926
1000250,5.918999977,0.123693997,232.6510095
1000500,5.779999943,0.123420497,232.6858368
1000750,5.224999905,0.122990997,232.6724335
1001000,5.786999989,0.123297497,232.6982855
1001250,5.932999954,0.123590997,232.6862683
1001500,5.326999893,0.123317498,232.67547
1001750,6.471000061,0.123408996,232.6740112
1002000,5.229999905,0.123694997,232.6761206
1002250,6.442000027,0.123447995,232.6692041
1002500,5.324999886,0.123016497,232.7085602
1002750,5.868999977,0.123389995,232.6999939
1003000,5.86599987,0.123266998,232.6892877
1003250,5.224999905,0.123433998,232.6546661
1003500,5.725999889,0.123394497,232.6814563
1003750,6.069000015,0.123445998,232.6747791
1004000,5.224999905,0.123667497,232.6903894
1004250,6.507000027,0.123160498,232.6725616
1004500,6.507000027,0.123160498,232.6725616
1004750,5.230999908,0.123239498,232.6600195
1005000,6.393000031,0.123810496,232.6825397
1005250,5.352999859,0.123693496,232.6957697
1005500,5.828999958,0.123464998,232.6294312
1005750,5.946999893,0.123551497,232.7001031
1006000,5.224999905,0.123127497,232.6470203
1006250,5.70899992,0.123359499,232.6913751
1006500,6.083999882,0.123248995,232.6908466
1006750,5.224999905,0.123363498,232.6678662
1007000,6.578999901,0.123545996,232.6702368
1007250,5.234999886,0.123387997,232.6737463
1007500,5.224999905,0.123245998,232.6928455
1007750,6.550999947,0.123316496,232.6752826
1008000,5.242999878,0.123168997,232.7129425
1008250,6.190999908,0.123029997,232.6952032
1008500,5.581999836,0.123008997,232.6905493
1008750,5.224999905,0.123498998,232.6738446
1009000,6.018999958,0.123544995,232.7218286
1009250,5.755999832,0.123462498,232.6831818
1009500,5.468999939,0.123771997,232.6656464
1009750,6.253999882,0.123559996,232.6863788
1010000,5.224999905,0.123638496,232.6654272
1010250,6.564999924,0.123603998,232.6645532
1010500,5.257999859,0.123321997,232.6769904
1010750,5.224999905,0.123010997,232.6711359
1011000,5.224999905,0.123010997,232.6711359
1011250,6.525999985,0.123129497,232.6600537
1011500,5.302999897,0.123408997,232.6764783
1011750,5.993999996,0.123710498,232.6674878
1012000,5.807999859,0.123271498,232.6697668
1012250,5.424999905,0.123266498,232.6826831
1012500,6.327999878,0.123448498,232.6824622
1012750,5.225999908,0.123383998,232.6709344
1013000,5.311999912,0.122974498,232.69703
1013250,6.43099987,0.123146998,232.7025171
1013500,5.228999901,0.123055997,232.6853583
1013750,6.51199995,0.123184497,232.7096368
1014000,5.304999905,0.123356498,232.6918054
1014250,5.905,0.123664497,232.6888141
1014500,5.843999844,0.123370498,232.7055847
1014750,5.224999905,0.123381995,232.6853589
1015000,5.767999973,0.122827998,232.708454
1015250,5.973999977,0.123088995,232.6602515
1015500,5.292999897,0.123382496,232.6938947
1015750,6.506000061,0.123254499,232.6719226
1016000,5.229999886,0.123370497,232.6730695
1016250,6.413999939,0.123409995,232.6797595
1016500,5.337999878,0.123407998,232.681662
1016750,5.90699995,0.123339497,232.6895886
1017000,5.902999821,0.122978498,232.6677411
1017250,5.224999905,0.123224497,232.6939185
1017500,5.224999905,0.123224497,232.6939185
1017750,5.67699995,0.123341496,232.665683
1018000,6.047999954,0.123725995,232.7077295
1018250,5.259999924,0.123531998,232.6706067
1018500,6.552999878,0.123334498,232.6944287
1018750,5.232999897,0.123726996,232.690589
1019000,6.362999916,0.123477999,232.6955176
1019250,5.384999866,0.123053497,232.6719757
1019500,5.224999905,0.123663997,232.6735107
1019750,6.206999893,0.123848496,232.6865186
1020000,5.526999874,0.123639496,232.6899884
1020250,5.224999905,0.123297496,232.7048218
1020500,6.066999931,0.123431995,232.6904315
1020750,5.734999866,0.123682997,232.7066205
1021000,5.489999905,0.123898497,232.6734479
1021250,6.234999886,0.123338498,232.7035962
1021500,5.224999905,0.123323996,232.6998315
1021750,5.360999908,0.123243997,232.6696362
1022000,6.387999916,0.123032995,232.6925018
1022250,5.226999912,0.123273997,232.6964624
1022500,6.510999928,0.122932497,232.6690216
1022750,5.287999897,0.123227996,232.6987665
1023000,5.224999905,0.123554996,232.6762158
1023250,6.407999935,0.122833498,232.6775739
1023500,5.37299984,0.123794497,232.6927295
1023750,5.872000008,0.123237497,232.7230231
1024000,5.872000008,0.123237497,232.7230231
1024250,5.902999821,0.123337498,232.6795331
1024500,5.224999905,0.123053997,232.6927582
1024750,5.658999958,0.123394496,232.6960748
1025000,6.029999962,0.123259498,232.6889636
1025250,5.259999924,0.123349496,232.6770953
1025500,6.566999874,0.123557497,232.696366
1025750,5.233999882,0.123149998,232.6800293
1026000,6.334999943,0.123733997,232.6824261
1026250,5.371999874,0.123214498,232.690462
1026500,5.224999905,0.123250997,232.6842169
1026750,6.18899992,0.123395998,232.6732135
1027000,5.53099987,0.123445497,232.6856799
1027250,5.615999908,0.123262998,232.6964697
1027500,6.10399992,0.123505498,232.6713965
1027750,5.224999905,0.123617496,232.6806726
1028000,6.54300005,0.123589498,232.6631622
1028250,5.236999893,0.123464999,232.6610107
1028500,5.224999905,0.123434495,232.6517828
1028750,6.539000072,0.123172996,232.626394
1029000,5.253999882,0.123402997,232.6536542
1029250,6.182999954,0.123599497,232.681142
1029500,5.618999844,0.123473497,232.6597284
1029750,5.224999905,0.123166997,232.6823822
1030000,6.044999962,0.123102498,232.6823846
1030250,5.764999828,0.122869497,232.6799902
1030500,5.764999828,0.122869497,232.6799902
1030750,5.468999939,0.123160995,232.6777167
1031000,6.285999832,0.123036996,232.6526855
1031250,5.224999905,0.123067499,232.6540613
1031500,5.346999931,0.123211997,232.6591571
1031750,6.466999893,0.123728998,232.6762238
1032000,5.227999897,0.123541998,232.6654388
1032250,6.447999935,0.123198996,232.6756781
1032500,5.302999897,0.123228996,232.6898926
1032750,5.224999905,0.123295496,232.6684161
1033000,6.327000046,0.123284497,232.6561017
1033250,5.388999863,0.123709998,232.6673291
1033500,5.814999886,0.123466497,232.697356
1033750,5.984999866,0.123391996,232.6762054
1034000,5.292999897,0.123419499,232.684292
1034250,6.498999939,0.123373995,232.6754504
1034500,5.228999901,0.123183496,232.6814691
1034750,5.224999905,0.123416995,232.6834698
1035000,6.555000057,0.123163997,232.6603662
1035250,5.236999893,0.123583498,232.7244745
1035500,6.268000031,0.123038496,232.6637579
1035750,5.454999886,0.123437997,232.6881445
1036000,5.713999977,0.123669496,232.6626038
1036250,6.021999874,0.123203996,232.6665521
1036500,5.224999905,0.123249997,232.6773724
1036750,5.583999977,0.123299997,232.6451276
1037000,5.583999977,0.123299997,232.6451276
1037250,6.152999897,0.123597997,232.6389404
1037500,5.224999905,0.123277498,232.6529584
1037750,6.522000065,0.123648997,232.6713501
1038000,5.243999882,0.123284496,232.6677594
1038250,5.224999905,0.123232497,232.6751776
1038500,6.515999889,0.123391998,232.6620728
1038750,5.264999886,0.123269497,232.6815808
1039000,5.224999905,0.123255997,232.6590771
1039250,6.465999908,0.122732496,232.6790643
1039500,5.316999874,0.123059497,232.6873499
1039750,5.224999905,0.123141995,232.6897815
1040000,6.329999981,0.123396999,232.663418
1040250,5.456999912,0.124003497,232.6695593
1040500,5.751999912,0.124066499,232.6565161
1040750,6.004999847,0.123766496,232.6979089
1041000,5.292999897,0.122981495,232.6946423
1041250,6.488999996,0.123167497,232.6692383
1041500,5.228999901,0.123530996,232.706947
1041750,5.224999905,0.123320996,232.6655505
1042000,6.564000072,0.122845996,232.7029468
1042250,5.237999897,0.123271,232.6986816
1042500,6.267000027,0.123187497,232.6910657
1042750,5.488999901,0.123461995,232.6805792
1043000,5.706999969,0.123334499,232.6847174
1043250,6.028999863,0.123652497,232.6931659
1043500,6.028999863,0.123652497,232.6931659
1043750,5.224999905,0.123657498,232.6499445
1044000,5.572999916,0.123562997,232.6755652
1044250,6.23099987,0.123326497,232.6623102
1044500,5.224999905,0.123458497,232.6682135
1044750,6.571999969,0.123114497,232.6672308
1045000,5.243999882,0.123691996,232.6743298
1045250,6.236999989,0.123643999,232.6364197
1045500,5.549999847,0.123651496,232.6643018
1045750,5.224999905,0.123412996,232.6703986
1046000,6.112999954,0.123590999,232.6926373
1046250,5.691999836,0.123415498,232.6862231
1046500,5.511999912,0.123324497,232.7007092
1046750,6.275999889,0.123319496,232.6795483
1047000,5.224999905,0.123701997,232.6849426
1047250,5.39899992,0.123471996,232.6914325
1047500,6.424999886,0.123820496,232.6567908
1047750,5.225999908,0.123475998,232.6754901
1048000,5.258999901,0.123177995,232.6784375
1048250,6.467999916,0.123527997,232.6945776
1048500,5.229999905,0.123497498,232.6530304
1048750,6.407999973,0.123343998,232.67008
1049000,5.36099987,0.123212498,232.6790631
1049250,5.857999973,0.123251496,232.6727197
1049500,5.963999825,0.123197997,232.6452881
1049750,5.224999905,0.123548497,232.6493457
1050000,5.224999905,0.123548497,232.6493457
1050250,5.713999977,0.123179998,232.6505438
1050500,6.093999882,0.123200496,232.6738281
1050750,5.224999905,0.122898999,232.6410895
1051000,5.559999943,0.123052496,232.6588116
1051250,6.22899992,0.123340499,232.6772607
1051500,5.224999905,0.123142496,232.6800629
1051750,5.407999935,0.123321496,232.6720618
1052000,6.35299984,0.123285997,232.6785791
1052250,5.225999908,0.123314497,232.6687726
1052500,6.59399992,0.123160498,232.6641571
1052750,5.265999851,0.123415998,232.6617938
1053000,6.044999962,0.123488996,232.6585577
1053250,5.752999821,0.1230945,232.6638855
1053500,5.224999905,0.123463997,232.6809979
1053750,5.90699995,0.123109497,232.6819659
1054000,5.876999855,0.122983997,232.6756854
1054250,5.224999905,0.123379998,232.660144
1054500,5.758999958,0.123279497,232.7174481
1054750,6.019000015,0.122985496,232.6632513
1055000,5.224999905,0.122860996,232.6664777
1055250,5.584999924,0.123233999,232.6724982
1055500,6.160999908,0.123300496,232.6697028
1055750,5.224999905,0.123337998,232.671394
1056000,6.626999893,0.122931996,232.7238208
1056250,5.242999878,0.123367998,232.6939514
1056500,5.242999878,0.123367998,232.6939514
1056750,6.224999924,0.123364497,232.6720544
1057000,5.522999859,0.123125996,232.6703992
1057250,5.224999905,0.123497497,232.6713995
1057500,6.072000008,0.123225497,232.6464935
1057750,5.659999847,0.123428496,232.6900061
1058000,5.224999905,0.123427495,232.6949689
1058250,5.974999962,0.123096996,232.6792859
1058500,5.829999828,0.123355998,232.6743756
1058750,5.40699995,0.123238997,232.6943115
1059000,6.315999966,0.122928996,232.6554205
1059250,5.225999908,0.123193997,232.6503247
1059500,5.294999943,0.123180498,232.655838
1059750,6.501999893,0.123733997,232.6456482
1060000,5.228999901,0.123570996,232.6683575
1060250,6.435999908,0.123258498,232.6694989
1060500,5.35099987,0.123399498,232.6604932
1060750,5.224999905,0.123616498,232.6754022
1061000,6.29399992,0.123888498,232.6668848
1061250,5.457999878,0.123231497,232.6871613
1061500,5.68899992,0.123506497,232.6699994
1061750,6.036999912,0.123036996,232.6608588
1062000,5.224999905,0.123262496,232.6751837
1062250,5.554999905,0.123204997,232.6897913
1062500,6.204999866,0.123322498,232.6779413
1062750,5.224999905,0.123035498,232.6785443
1063000,5.224999905,0.123035498,232.6785443
1063250,5.424999905,0.123312996,232.6853802
1063500,6.332999859,0.123198496,232.6938794
1063750,5.225999908,0.123311497,232.6910791
1064000,6.564999962,0.123820498,232.6565796
1064250,5.259999866,0.123554997,232.6738556
1064500,6.122999973,0.123222497,232.681264
1064750,5.697999859,0.123728498,232.6991168
1065000,5.524999924,0.123114496,232.6925977
1065250,6.259999886,0.123223498,232.686687
1065500,5.224999905,0.123388997,232.6887085
1065750,5.39899992,0.123497495,232.6927905
1066000,6.380999985,0.123304498,232.7013812
1066250,5.225999908,0.123284497,232.6941821
1066500,6.555999966,0.123255998,232.6849243
1066750,5.285999889,0.123333997,232.6836401
1067000,6.031999989,0.123448999,232.6626984
1067250,5.742999859,0.123126994,232.689104
1067500,5.224999905,0.123164996,232.7023895
1067750,5.823999939,0.123153996,232.6885651
1068000,5.900999889,0.123277497,232.6993585
1068250,5.363999901,0.123532495,232.6910785
1068500,6.450999908,0.123507497,232.6756628
1068750,5.226999912,0.123395498,232.6750641
1069000,5.259999924,0.123595997,232.6520416
1069250,6.554999886,0.123213495,232.6781909
1069500,6.554999886,0.123213495,232.6781909
1069750,5.232999897,0.123611495,232.6870203
1070000,6.362999916,0.123369998,232.6467133
1070250,5.376999855,0.123127996,232.6678033
1070500,5.825999985,0.123282996,232.7005017
1070750,5.914999981,0.123837996,232.6405811
1071000,5.224999905,0.123500498,232.659646
1071250,5.661999893,0.123745497,232.6484961
1071500,6.057999878,0.123309996,232.6507904
1071750,5.259999924,0.123262995,232.6955804
1072000,6.564999866,0.123335997,232.6956146
1072250,5.233999882,0.123153997,232.6669904
1072500,5.224999905,0.123226496,232.6968323
1072750,6.497999935,0.123267998,232.6596564
1073000,5.251999874,0.123450996,232.687312
1073250,6.200999985,0.123494498,232.6699884
1073500,5.618999844,0.123337497,232.6578131
1073750,5.224999905,0.1235885,232.6667493
1074000,6.018000011,0.123151497,232.6669415
1074250,5.754999924,0.123150997,232.6460938
1074500,5.445999908,0.123246495,232.6766913
1074750,6.262999973,0.123327995,232.6897998
1075000,5.224999905,0.123456997,232.6637604
1075250,6.562000065,0.123534496,232.6675446
1075500,5.263999901,0.123658997,232.694635
1075750,5.224999905,0.123687997,232.682926
1076000,5.224999905,0.123687997,232.682926
1076250,6.466000023,0.123241497,232.6735162
1076500,5.299999886,0.123320496,232.6643982
1076750,5.960999966,0.123522998,232.6828223
1077000,5.774999847,0.123407498,232.6783801
1077250,5.445999908,0.122958495,232.691781
1077500,6.342999992,0.123303497,232.6731036
1077750,5.224999905,0.123146496,232.6699658
1078000,5.346999931,0.123023495,232.6658936
1078250,6.472999878,0.123171498,232.6637122
1078500,5.227999897,0.123134997,232.6908539
1078750,6.425000076,0.123494998,232.6568018
1079000,5.338999844,0.123396998,232.6861261
1079250,5.224999905,0.123066497,232.6919299
1079500,6.312999973,0.123416498,232.7079077
1079750,5.480999851,0.123341998,232.6681812
1080000,5.72699995,0.122669499,232.6892151
1080250,6.000999966,0.123729496,232.6596503
1080500,5.224999905,0.123826997,232.6860156
1080750,5.594999943,0.123377498,232.6674127
1081000,6.142999859,0.123355497,232.6594312
1081250,5.224999905,0.123364998,232.6218048
1081500,6.593999958,0.123417997,232.6942072
1081750,5.239999886,0.123415498,232.6568939
1082000,5.224999905,0.123582498,232.6813556
1082250,6.519000034,0.123522497,232.6797589
1082500,6.519000034,0.123522497,232.6797589
1082750,5.264999886,0.123631497,232.6658698
1083000,6.084999962,0.123624997,232.6470282
1083250,5.668999939,0.123479497,232.7003784
1083500,5.224999905,0.123287996,232.657309
1083750,5.957999973,0.123232496,232.7139252
1084000,5.831999893,0.123183497,232.6768524
1084250,5.224999905,0.122713499,232.6866467
1084500,5.770999966,0.123117496,232.6885748
1084750,5.985999947,0.123465998,232.689729
1085000,5.224999905,0.123387497,232.6884998
1085250,5.646999931,0.123499996,232.6668243
1085500,6.121999969,0.123443498,232.6727094
1085750,5.224999905,0.123748496,232.6937085
1086000,6.544999943,0.123643497,232.6763708
1086250,5.235999889,0.123165498,232.6887415
1086500,5.224999905,0.123456998,232.7009833
1086750,6.55399992,0.123133498,232.7020935
1087000,5.253999844,0.123019498,232.6801563
1087250,6.147000008,0.123507495,232.7088214
1087500,5.626999836,0.123604,232.6913757
1087750,5.224999905,0.123473996,232.6740704
1088000,5.940999966,0.123264499,232.6925824
1088250,5.774999962,0.123201497,232.6790314
1088500,5.445999908,0.123522997,232.6540332
1088750,6.345999889,0.123451997,232.6636017
1089000,6.345999889,0.123451997,232.6636017
1089250,5.224999905,0.123654496,232.672804
1089500,6.533999901,0.123629496,232.6570776
1089750,5.264999886,0.123153498,232.6696796
1090000,5.224999905,0.123632995,232.667085
1090250,6.463999996,0.123490997,232.6322876
1090500,5.316999874,0.123238497,232.6659747
1090750,5.924999962,0.123323,232.6642639
1091000,5.857999821,0.123343996,232.6677563
1091250,5.224999905,0.123835499,232.6743982
1091500,5.770999966,0.123565497,232.6698468
1091750,5.985999947,0.123809997,232.6878381
1092000,5.258999901,0.123213497,232.6573846
1092250,6.47899992,0.123435998,232.6845123
1092500,5.229999905,0.123007996,232.6520709
1092750,6.460999985,0.123308998,232.6642133
1093000,5.342999859,0.123512496,232.6636035
1093250,5.224999905,0.123558496,232.684173
1093500,6.287000008,0.123203997,232.6723486
1093750,5.488999844,0.123612997,232.6879279
1094000,5.224999905,0.123383496,232.647691
1094250,6.090999928,0.123726996,232.6640674
1094500,5.62299984,0.123598996,232.6603644
1094750,5.594999943,0.123276997,232.6618921
1095000,6.214999905,0.123400497,232.6582794
1095250,5.224999905,0.123193498,232.6758936
1095500,5.224999905,0.123193498,232.6758936
1095750,6.567999916,0.122944496,232.6791077
1096000,5.244999866,0.123103496,232.6415912
1096250,5.224999905,0.123285998,232.6727185
1096500,6.533999901,0.123431498,232.6851807
1096750,5.269999886,0.123306997,232.6816791
1097000,6.025999928,0.123255498,232.6564771
1097250,5.683999882,0.123619998,232.699364
1097500,5.503999958,0.123278997,232.680943
1097750,6.248999882,0.123025498,232.6969183
1098000,5.224999905,0.123128498,232.659306
1098250,5.38199995,0.123260498,232.6927094
1098500,6.37099987,0.122943999,232.6726611
1098750,5.226999912,0.123270497,232.6902209
1099000,6.543999958,0.123028497,232.6782458
1099250,5.274999866,0.123107497,232.6954456
1099500,5.224999905,0.123030996,232.6690106
1099750,6.442999954,0.123233497,232.6984308
1100000,5.338999901,0.123320496,232.6740045
1100250,5.870999928,0.123350997,232.6803284
1100500,5.894999943,0.123331995,232.6604095
1100750,5.346999931,0.12377,232.6769501
1101000,6.473999863,0.123573996,232.6536639
1101250,5.227999897,0.123531496,232.6782135
1101500,5.259999924,0.122864497,232.6868958
1101750,6.494999847,0.123097998,232.6669934
1102000,6.494999847,0.123097998,232.6669934
1102250,5.233999882,0.123335499,232.6606384
1102500,5.224999905,0.123586499,232.6790295
1102750,6.603999958,0.123407496,232.6945276
1103000,5.240999889,0.123285498,232.6907904
1103250,6.218999977,0.123332998,232.6853326
1103500,5.526999874,0.123154497,232.6885187
1103750,5.224999905,0.123362497,232.6729028
1104000,6.030999985,0.123006997,232.6715094
1104250,5.734999866,0.123417497,232.6872522
1104500,5.487999916,0.122948998,232.6679187
1104750,6.253999996,0.123336996,232.6641077
1105000,5.224999905,0.123229496,232.6648535
1105250,5.363999901,0.123260995,232.6840302
1105500,6.387999878,0.123508498,232.6856628
1105750,5.226999912,0.123570498,232.6897345
1106000,6.485999928,0.123226497,232.6817523
1106250,5.285999889,0.123488996,232.659198
1106500,5.224999905,0.123587996,232.6749182
1106750,6.417999935,0.123311496,232.7063745
1107000,5.37299984,0.123021497,232.6985187
1107250,5.224999905,0.123179995,232.6909906
1107500,6.27199995,0.123416998,232.7039581
1107750,5.545999832,0.123251497,232.6817096
1108000,5.224999905,0.123361999,232.6663562
1108250,6.113999958,0.123479999,232.6853033
1108500,6.113999958,0.123479999,232.6853033
1108750,5.690999851,0.123353998,232.668418
1109000,5.546999912,0.122906497,232.6800775
1109250,6.204999866,0.123215497,232.6660065
1109500,5.224999905,0.123197998,232.6509351
1109750,5.424999905,0.123020497,232.65492
1110000,6.402999878,0.123165497,232.6642133
1110250,5.225999908,0.122767496,232.6746613
1110500,6.494999924,0.123682496,232.6781989
1110750,5.280999908,0.123802499,232.691311
1111000,5.224999905,0.123395498,232.6857574
1111250,6.439999905,0.123507997,232.7061407
1111500,5.35099987,0.123441497,232.6829437
1111750,5.910999947,0.123496998,232.6499335
1112000,5.880999851,0.123522997,232.6529333
1112250,5.224999905,0.123301997,232.6701831
1112500,5.723999939,0.123608996,232.6712854
1112750,6.025999889,0.123467496,232.6727893
1113000,5.259999924,0.123528996,232.6794928
1113250,6.521999893,0.123401498,232.684173
1113500,5.230999889,0.123238497,232.6542877
1113750,5.224999905,0.123440497,232.683183
1114000,6.566999969,0.123281494,232.6729498
1114250,5.242999878,0.123855496,232.6814471
1114500,6.26199995,0.123372497,232.6572723
1114750,5.51299984,0.122943497,232.6641583
1115000,5.51299984,0.122943497,232.6641583
1115250,5.663999939,0.123466999,232.6716547
1115500,6.048999863,0.123205998,232.6859088
1115750,5.224999905,0.123297997,232.6735889
1116000,5.568999958,0.123104998,232.6450623
1116250,6.189999886,0.123242997,232.6753973
1116500,5.224999905,0.123429497,232.6739099
1116750,5.407999935,0.123629997,232.6699902
1117000,6.331999855,0.123558497,232.6713434
1117250,5.225999908,0.123672996,232.6669904
1117500,6.490999928,0.123298495,232.670694
1117750,5.280999908,0.123194495,232.6729498
1118000,6.066999931,0.123074994,232.6867175
1118250,5.734999866,0.123474497,232.6936072
1118500,5.224999905,0.123525496,232.6595093
1118750,5.910999947,0.123491496,232.684176
1119000,5.872999859,0.123578497,232.6696704
1119250,5.224999905,0.123276497,232.6909485
1119500,5.758999958,0.123012997,232.6616437
1119750,6.026999893,0.122701998,232.6875525
1120000,5.259999924,0.123056497,232.6962512
1120250,6.487999878,0.123018497,232.6947797
1120500,5.230999889,0.123282496,232.6692401
1120750,5.224999905,0.123388996,232.6775818
1121000,6.566999969,0.123039997,232.669519
1121250,5.242999878,0.123454498,232.6934717
1121500,5.242999878,0.123454498,232.6934717
1121750,6.26199995,0.123113998,232.6656451
1122000,5.51299984,0.123119997,232.6869733
1122250,5.224999905,0.123186996,232.6823431
1122500,6.122999973,0.122862497,232.701189
1122750,5.68799984,0.122910996,232.6864465
1123000,5.529999943,0.123241997,232.7069177
1123250,6.207999859,0.122951497,232.693598
1123500,5.224999905,0.123301498,232.6790967
1123750,6.602999954,0.123303996,232.6583264
1124000,5.24599987,0.123600996,232.6695734
1124250,5.224999905,0.123560998,232.6846289
1124500,6.560999966,0.123442998,232.6894122
1124750,5.280999908,0.123605998,232.6993909
1125000,5.224999905,0.123473496,232.6809991
1125250,6.431999912,0.123325998,232.6966846
1125500,5.314999924,0.123076496,232.7101422
1125750,5.893999977,0.123344495,232.6984308
1126000,5.85599987,0.123389497,232.6693188
1126250,5.224999905,0.123173496,232.6803204
1126500,5.730999947,0.123353495,232.6951331
1126750,5.99099987,0.123475497,232.6787915
1127000,5.294999943,0.123504495,232.6723413
1127250,6.52099987,0.123550997,232.6750775
1127500,5.229999886,0.123595996,232.6610773
1127750,5.224999905,0.123382998,232.6763824
1128000,5.224999905,0.123382998,232.6763824
1128250,6.575999908,0.123326497,232.6501038
1128500,5.238999901,0.123280997,232.667334
1128750,6.281999912,0.123743997,232.6819977
1129000,5.507999878,0.123396998,232.6571832
1129250,5.697999954,0.123633996,232.646626
1129500,6.099999847,0.123643498,232.6786438
1129750,5.224999905,0.123292,232.6474786
1130000,5.572999916,0.123515997,232.6617096
1130250,6.23599987,0.123354997,232.6536151
1130500,5.224999905,0.123241996,232.688551
1130750,5.450999908,0.123209496,232.6664429
1131000,6.36099987,0.123358998,232.7013129
1131250,5.224999905,0.123794498,232.6614148
1131500,6.497999897,0.123151499,232.6733478
1131750,5.273999882,0.123598996,232.6736218
1132000,6.021999931,0.123292997,232.6851007
1132250,5.711999874,0.123065998,232.6809558
1132500,5.224999905,0.123562497,232.6733606
1132750,5.88199995,0.123633997,232.6762286
1133000,5.859999828,0.123544997,232.7004456
1133250,5.224999905,0.123706996,232.6932782
1133500,5.771999931,0.123266498,232.6886304
1133750,6.033999863,0.123627497,232.6865662
1134000,5.259999924,0.123283498,232.6657007
1134250,6.564999924,0.123569996,232.7000391
1134500,6.564999924,0.123569996,232.7000391
1134750,5.232999897,0.123488998,232.6701642
1135000,5.224999905,0.123401998,232.6746075
1135250,6.625999908,0.123503998,232.6791827
1135500,5.240999889,0.123334499,232.7010156
1135750,6.232999916,0.123241498,232.6786957
1136000,5.488999882,0.122842495,232.6783014
1136250,5.224999905,0.123237498,232.6798224
1136500,6.086999931,0.123578998,232.6929401
1136750,5.662999859,0.123435499,232.6881683
1137000,5.524999924,0.123397998,232.6557172
1137250,6.216999893,0.123098496,232.7026532
1137500,5.224999905,0.123394496,232.702677
1137750,6.577000103,0.123064497,232.6609344
1138000,5.24599987,0.123499996,232.6929498
1138250,6.18699995,0.123363997,232.6990369
1138500,5.596999855,0.123242997,232.6763641
1138750,5.224999905,0.123230495,232.6861023
1139000,6.042999992,0.123282499,232.6870789
1139250,5.706999855,0.123409998,232.7117725
1139500,5.511999912,0.123219497,232.6857825
1139750,6.299999847,0.123224997,232.6914221
1140000,5.224999905,0.123236997,232.7283173
1140250,5.38199995,0.123188498,232.6787714
1140500,6.420999889,0.123186497,232.6737811
1140750,5.225999908,0.123392498,232.6949023
1141000,5.225999908,0.123392498,232.6949023
1141250,6.481999931,0.123259996,232.6930389
1141500,5.286999874,0.123454998,232.6716284
1141750,5.224999905,0.123426497,232.6629431
1142000,6.393999939,0.123405997,232.6990625
1142250,5.389999866,0.123465996,232.6755267
1142500,5.224999905,0.123422496,232.6786145
1142750,6.255999947,0.122994496,232.6789343
1143000,5.531999874,0.123249995,232.6950623
1143250,5.680999908,0.123351498,232.688432
1143500,6.071999874,0.122784997,232.6904956
1143750,5.224999905,0.122951498,232.6719043
1144000,5.572999916,0.123563998,232.6772394
1144250,6.232999878,0.123601997,232.6769611
1144500,5.224999905,0.123531498,232.6778943
1144750,5.433999939,0.123335997,232.6737341
1145000,6.342999878,0.123213997,232.6630316
1145250,5.226999912,0.122962996,232.6896533
1145500,6.583999901,0.123153498,232.7145587
1145750,5.267999878,0.123119998,232.6798535
1146000,5.224999905,0.123187498,232.6741907
1146250,6.454999962,0.123317997,232.6764764
1146500,5.326999874,0.123155999,232.684007
1146750,5.916999969,0.123221997,232.682005
1147000,5.894999828,0.123401496,232.6672162
1147250,5.224999905,0.123243997,232.6755341
1147500,5.224999905,0.123243997,232.6755341
1147750,5.754999962,0.123237498,232.6774475
1148000,6.030999851,0.123579496,232.6748065
1148250,5.224999905,0.123016495,232.6769342
1148500,5.637999916,0.123122497,232.6691425
1148750,6.168999863,0.123275997,232.658493
1149000,5.224999905,0.123547496,232.6595099
1149250,6.539999905,0.123328496,232.6898059
1149500,5.240999889,0.123396996,232.6604791
1149750,6.22899992,0.123280998,232.6789594
1150000,5.504999886,0.123048997,232.6722467
1150250,5.224999905,0.123133498,232.677757
1150500,6.090999928,0.123325997,232.6737354
1150750,5.659999866,0.123547498,232.6634528
1151000,5.224999905,0.123420495,232.6462622
1151250,5.948999939,0.123458997,232.6421204
1151500,5.798999844,0.123069496,232.6711902
1151750,5.363999901,0.123549997,232.6947809
1152000,6.364999924,0.123407996,232.6907031
1152250,5.226999912,0.123533996,232.6945599
1152500,6.549999886,0.123317998,232.6692206
1152750,5.27599987,0.123127499,232.6838843
1153000,6.064999962,0.123230996,232.6987579
1153250,5.668999863,0.123432496,232.6900604
1153500,5.224999905,0.123008499,232.6824457
1153750,5.893999977,0.123438498,232.6704547
1154000,5.893999977,0.123438498,232.6704547
1154250,5.876999855,0.123442495,232.6846686
1154500,5.363999901,0.122931998,232.6512994
1154750,6.377999878,0.123158496,232.6834149
1155000,5.225999908,0.123222498,232.6680719
1155250,5.294999943,0.123360496,232.6814362
1155500,6.505999908,0.122956995,232.6883179
1155750,5.229999886,0.122988997,232.7048956
1156000,6.409999943,0.123018997,232.6787244
1156250,5.37299984,0.123346997,232.6647247
1156500,5.224999905,0.123309498,232.6722614
1156750,6.25399992,0.123420496,232.6710529
1157000,5.479999847,0.123219498,232.6820972
1157250,5.663999939,0.122965498,232.6740881
1157500,6.057999878,0.123273498,232.6659576
1157750,5.224999905,0.123114498,232.6476868
1158000,5.529999943,0.123189499,232.6491095
1158250,6.202999878,0.123221498,232.6661414
1158500,5.224999905,0.123348997,232.6536542
1158750,5.415999889,0.123180498,232.6804675
1159000,6.403999901,0.123141496,232.6529803
1159250,5.225999908,0.123466497,232.6719269
1159500,6.573999939,0.123292997,232.677597
1159750,5.281999893,0.123391995,232.6692151
1160000,5.224999905,0.123634997,232.6581897
1160250,6.439999905,0.123806998,232.6842889
1160500,6.439999905,0.123806998,232.6842889
1160750,5.316999893,0.123014495,232.6763892
1161000,5.893999977,0.123534498,232.7009418
1161250,5.881999855,0.123519996,232.6860144
1161500,5.224999905,0.123623996,232.6907733
1161750,5.75699995,0.123724996,232.6890717
1162000,5.99099987,0.123872997,232.6925195
1162250,5.224999905,0.123217998,232.6912463
1162500,5.598999939,0.123211998,232.7004681
1162750,6.126999855,0.123339496,232.6841327
1163000,5.224999905,0.123334996,232.699455
1163250,6.557999954,0.122959998,232.6945111
1163500,5.241999874,0.123216499,232.7013324
1163750,5.224999905,0.123166494,232.6894067
1164000,6.572999973,0.123723496,232.7016479
1164250,5.257999859,0.123208496,232.716286
1164500,5.224999905,0.123337999,232.6980072
1164750,6.521999969,0.123170496,232.6999438
1165000,5.302999897,0.123403998,232.6880957
1165250,5.974999962,0.123513496,232.7107971
1165500,5.825999832,0.123571499,232.7264844
1165750,5.224999905,0.123326997,232.7093262
1166000,5.839999943,0.123262996,232.7134717
1166250,5.966999836,0.123477996,232.7128369
1166500,5.294999943,0.123288497,232.720675
1166750,6.503999863,0.123110496,232.6991656
1167000,6.503999863,0.123110496,232.6991656
1167250,5.228999901,0.123387497,232.7093433
1167500,5.224999905,0.123563497,232.7094122
1167750,6.580999908,0.123235497,232.6953656
1168000,5.236999893,0.123524497,232.7038708
1168250,6.29399992,0.123375496,232.7124005
1168500,5.452999878,0.123458497,232.6791901
1168750,5.224999905,0.123507997,232.6946851
1169000,6.153999958,0.123471496,232.7100409
1169250,5.661999855,0.123449495,232.7064874
1169500,5.624999943,0.123410497,232.6943671
1169750,6.158999901,0.123027496,232.6823181
1170000,5.224999905,0.123198495,232.6919745
1170250,5.459999924,0.123725997,232.6893488
1170500,6.284999847,0.123085497,232.6895197
1170750,5.224999905,0.123386498,232.7055573
1171000,6.502999935,0.123564998,232.6875262
1171250,5.262999878,0.123088496,232.7115582
1171500,5.224999905,0.123243497,232.7105273
1171750,6.469999905,0.123409998,232.6984058
1172000,5.299999886,0.123505996,232.6863806
1172250,5.961999989,0.123003496,232.6881079
1172500,5.811999855,0.123157997,232.6736786
1172750,5.224999905,0.123282999,232.6901489
1173000,5.82199995,0.123260998,232.687207
1173250,5.95099987,0.123649999,232.7145898
1173500,5.95099987,0.123649999,232.7145898
1173750,5.224999905,0.123305497,232.7106628
1174000,5.689999943,0.123430496,232.6818134
1174250,6.093999901,0.123274496,232.6862305
1174500,5.224999905,0.123137497,232.7110541
1174750,5.485999908,0.123024999,232.6707983
1175000,6.234999886,0.123273996,232.6934131
1175250,5.224999905,0.123509996,232.680257
1175500,6.590999908,0.123429996,232.6948694
1175750,5.251999874,0.123289497,232.6858453
1176000,6.182999954,0.123480496,232.699823
1176250,5.616999836,0.122829997,232.7004468
1176500,5.224999905,0.123763998,232.6896063
1176750,6.044999962,0.123397997,232.706983
1177000,5.764999828,0.123629997,232.7005817
1177250,5.224999905,0.123143497,232.7380304
1177500,5.872000008,0.123640496,232.7181891
1177750,5.902999821,0.123780499,232.6678668
1178000,5.346999931,0.123490995,232.6893103
1178250,6.403999863,0.123524495,232.707926
1178500,5.227999897,0.123064998,232.6793988
1178750,5.259999924,0.122961496,232.6757343
1179000,6.479999886,0.122999999,232.6801349
1179250,5.232999897,0.123098496,232.7126794
1179500,6.366999912,0.123060997,232.6958545
1179750,5.372999973,0.123210996,232.6683044
1180000,5.372999973,0.123210996,232.6683044
1180250,5.224999905,0.123809496,232.6841199
1180500,6.22899992,0.123660996,232.6900317
1180750,5.521999874,0.123378496,232.6889893
1181000,5.224999905,0.123323998,232.7108533
1181250,6.086999931,0.123224495,232.6679724
1181500,5.66699995,0.123174498,232.7026776
1181750,5.224999905,0.123107996,232.6812549
1182000,5.930999908,0.123438497,232.6901123
1182250,5.868999844,0.1234835,232.6815015
1182500,5.363999901,0.122795496,232.6936597
1182750,6.356999893,0.123523998,232.6943347
1183000,5.225999908,0.123420996,232.6811816
1183250,6.524999962,0.123481996,232.683941
1183500,5.278999939,0.123566498,232.6974146
1183750,5.224999905,0.123441996,232.6672302
1184000,6.419999943,0.122930496,232.680365
1184250,5.336999893,0.122859495,232.7022382
1184500,5.224999905,0.123067996,232.7067975
1184750,6.285999947,0.123248998,232.6652661
1185000,5.438999882,0.123138496,232.7071356
1185250,5.771999931,0.123072997,232.6821503
1185500,6.030999851,0.123748496,232.6823798
1185750,5.224999905,0.123547498,232.6926703
1186000,5.637999916,0.123277497,232.7088556
1186250,6.17099987,0.123076498,232.6911371
1186500,6.17099987,0.123076498,232.6911371
1186750,5.224999905,0.123507497,232.6993817
1187000,5.477999973,0.123887497,232.6714514
1187250,6.303999863,0.123522497,232.7112152
1187500,5.224999905,0.122927496,232.7065314
1187750,6.545999928,0.122845999,232.6829578
1188000,5.255999851,0.123175995,232.6812274
1188250,5.224999905,0.123214498,232.6834235
1188500,6.556999989,0.123438498,232.6991217
1188750,5.290999889,0.123204497,232.6838049
1189000,5.956999912,0.123200496,232.6622723
1189250,5.788999939,0.123312495,232.6792792
1189500,5.224999905,0.123266998,232.6875964
1189750,5.810999928,0.123383998,232.6823822
1190000,5.949999924,0.123251997,232.6874017
1190250,5.224999905,0.123089997,232.6728235
1190500,5.659999943,0.123226995,232.6896216
1190750,6.054999866,0.123646498,232.6676062
1191000,5.224999905,0.123382995,232.6940759
1191250,6.538999977,0.123106498,232.7148804
1191500,5.232999897,0.123325496,232.6692169
1191750,5.224999905,0.123652498,232.6900751
1192000,6.524999924,0.123533498,232.6853046
1192250,5.246999893,0.123673497,232.694278
1192500,6.180999985,0.123279998,232.7117273
1192750,5.559999866,0.123104498,232.7023639
1193000,5.559999866,0.123104498,232.7023639
1193250,5.224999905,0.122811997,232.7162903
1193500,6.085999947,0.123077497,232.7179688
1193750,5.708999901,0.123238996,232.7145709
1194000,5.224999905,0.123205997,232.7113586
1194250,5.902999992,0.123617997,232.6776062
1194500,5.843999844,0.123398495,232.7133435
1194750,5.39899992,0.122964495,232.7030096
1195000,6.381999893,0.123231499,232.6967865
1195250,5.227999916,0.123583998,232.6709143
1195500,5.294999943,0.123573998,232.6983698
1195750,6.524999866,0.124420498,232.6867377
1196000,5.229999886,0.123369496,232.6959546
1196250,5.224999905,0.122986496,232.6816107
1196500,6.599999962,0.122578498,232.7085602
1196750,5.245999889,0.123496998,232.7195789
1197000,5.224999905,0.123768497,232.6692889
1197250,6.610999928,0.123579997,232.6990948
1197500,5.257999859,0.123381498,232.7046161
1197750,6.133999958,0.123491999,232.705683
1198000,5.61799984,0.123706495,232.6944739
1198250,5.224999905,0.123267497,232.679458
1198500,5.982999935,0.123455997,232.6867126
1198750,5.837999954,0.123778496,232.6906744
1199000,5.407999935,0.123474499,232.6934424
1199250,6.323999882,0.123203495,232.6891461
1199500,6.323999882,0.123203495,232.6891461
1199750,5.225999908,0.123199999,232.7266638
1200000,5.294999943,0.123327497,232.6854895
1200250,6.449999886,0.123598998,232.6727747
1200500,5.227999916,0.123407499,232.6669104
1200750,5.224999905,0.123738996,232.6758142
1201000,6.62399992,0.123122996,232.6869922
1201250,5.236999893,0.123348497,232.7109882
1201500,5.224999905,0.123414496,232.703161
1201750,6.565999947,0.123111497,232.7229803
1202000,5.245999889,0.123274997,232.6969989
1202250,5.224999905,0.123725998,232.7035883
1202500,6.590999851,0.1237065,232.7084247
1202750,5.269999886,0.123057996,232.7117737
1203000,5.224999905,0.123068996,232.6959485
1203250,6.454999962,0.123039496,232.679079
1203500,5.329999886,0.123488996,232.6754517
1203750,5.916999969,0.123447497,232.6961163
1204000,5.86799984,0.123106997,232.6807086
1204250,5.224999905,0.123084497,232.6957898
1204500,5.771999931,0.123075998,232.7046155
1204750,5.996999836,0.123413497,232.6724939
1205000,5.259999924,0.123731999,232.6567926
1205250,6.486999893,0.123546998,232.6883197
1205500,5.229999905,0.123372996,232.696712
1205750,5.224999905,0.123607997,232.6718286
1206000,5.224999905,0.123607997,232.6718286
1206250,6.597000046,0.123793494,232.6866333
1206500,5.235999889,0.123438996,232.6737488
1206750,5.224999905,0.123506495,232.6823376
1207000,6.550000019,0.123141499,232.682453
1207250,5.254999905,0.123389997,232.6731506
1207500,5.224999905,0.123670496,232.69508
1207750,6.542999916,0.123497499,232.6971472
1208000,5.286999874,0.123322997,232.6721704
1208250,5.952999935,0.122911497,232.7067706
1208500,5.76299984,0.122714997,232.669071
1208750,5.224999905,0.123080496,232.6951215
1209000,5.81399992,0.123406496,232.6875574
1209250,5.947999935,0.123183498,232.6749689
1209500,5.224999905,0.123753497,232.6892615
1209750,5.676999912,0.123529998,232.7264288
1210000,6.074999866,0.123871498,232.6815894
1210250,5.270999966,0.123425497,232.7165466
1210500,6.542000008,0.122812998,232.6887921
1210750,5.232999897,0.123547498,232.6366443
1211000,5.224999905,0.123287497,232.6695428
1211250,6.594999943,0.123377496,232.6929944
1211500,5.245999889,0.123324998,232.7058093
1211750,5.224999905,0.123726496,232.6563409
1212000,5.312999916,0.123515497,232.6629663
1212250,6.49099987,0.123382498,232.6871539
1212500,6.49099987,0.123382498,232.6871539
1212750,5.228999901,0.123673499,232.6713025
1213000,6.470999947,0.123835998,232.6735388
1213250,5.340999851,0.123358497,232.7124011
1213500,5.224999905,0.123277995,232.6817877
1213750,6.324999943,0.123471496,232.66297
1214000,5.486999912,0.123237498,232.715108
1214250,5.737999973,0.123260497,232.6922339
1214500,5.991999855,0.123700996,232.6722229
1214750,5.224999905,0.123398497,232.6765485
1215000,5.598999939,0.123620996,232.6899982
1215250,6.129999924,0.123528998,232.6880255
1215500,5.224999905,0.123282498,232.6938611
1215750,6.565999928,0.123029997,232.7094916
1216000,5.241999874,0.123733998,232.6627637
1216250,5.224999905,0.123154497,232.6849548
1216500,6.576999989,0.123710496,232.6798138
1216750,5.258999882,0.123437498,232.6992786
1217000,5.224999905,0.123029498,232.6824054
1217250,6.549999943,0.123775995,232.66388
1217500,5.296999893,0.123315496,232.6791974
1217750,6.008999977,0.123396997,232.6934296
1218000,5.807999859,0.123632498,232.6963757
1218250,5.224999905,0.123675497,232.6713
1218500,5.846999912,0.122968498,232.6778064
1218750,5.964999943,0.123663996,232.6890149
1219000,5.964999943,0.123663996,232.6890149
1219250,5.311999912,0.123080996,232.7150287
1219500,6.454999981,0.1236685,232.6693011
1219750,5.228999901,0.123389998,232.6723584
1220000,5.224999905,0.122963997,232.6612476
1220250,5.524999924,0.123030997,232.663446
1220500,6.237999935,0.123257498,232.6992242
1220750,5.224999905,0.123416997,232.6888568
1221000,6.593999901,0.123452499,232.6964148
1221250,5.241999874,0.123852995,232.6667261
1221500,5.224999905,0.124042996,232.6641064
1221750,6.526999969,0.123269996,232.6801086
1222000,5.271999893,0.123416997,232.715426
1222250,5.224999905,0.124097496,232.6691101
1222500,6.454999962,0.123605998,232.6856573
1222750,5.326999874,0.123646998,232.6836053
1223000,5.224999905,0.123085998,232.6684363
1223250,6.349999981,0.123641497,232.6476056
1223500,5.446999989,0.122977999,232.6565839
1223750,5.789999962,0.123660497,232.6612451
1224000,6.038999882,0.122869996,232.664104
1224250,5.259999924,0.123382496,232.6927875
1224500,6.486999893,0.122981999,232.7021899
1224750,5.229999905,0.123689998,232.6680292
1225000,5.224999905,0.123023997,232.6956903
1225250,6.540999947,0.123325998,232.662348
1225500,6.540999947,0.123325998,232.662348
1225750,5.238999882,0.123071998,232.6654413
1226000,5.224999905,0.123244496,232.6985663
1226250,6.532999935,0.123074998,232.6955078
1226500,5.252999859,0.123887997,232.6658759
1226750,5.224999905,0.123212495,232.6892072
1227000,6.556999931,0.123507495,232.6884003
1227250,5.282999878,0.123399495,232.6983337
1227500,5.956999931,0.123563997,232.6772449
1227750,5.762999897,0.123238998,232.6606976
1228000,5.224999905,0.123425996,232.6670618
1228250,5.811999931,0.123438499,232.6774152
1228500,5.902999859,0.123515998,232.6821759
1228750,5.363999901,0.123708497,232.6530298
1229000,6.456999893,0.123169498,232.6483344
1229250,5.226999912,0.122742497,232.6747333
1229500,5.259999924,0.123306497,232.6475275
1229750,6.542999897,0.123565996,232.6950214
1230000,5.233999901,0.123406498,232.6904065
1230250,6.361999931,0.122830997,232.6818994
1230500,5.419999866,0.123410997,232.6485486
1230750,5.224999905,0.123225498,232.6941022
1231000,6.214999924,0.122982998,232.7002368
1231250,5.572999916,0.123562997,232.6682172
1231500,5.646999931,0.123615498,232.6782123
1231750,6.137999935,0.122962998,232.7089783
1232000,6.137999935,0.122962998,232.7089783
1232250,5.224999905,0.123014995,232.7019647
1232500,5.520999928,0.123575997,232.6896869
1232750,6.262999878,0.123673496,232.6570221
1233000,5.224999905,0.123626497,232.6718323
1233250,5.39899992,0.123744998,232.684599
1233500,6.416999893,0.123538496,232.6936157
1233750,5.225999908,0.123572497,232.6515051
1234000,6.481999931,0.123717999,232.670838
1234250,5.286999874,0.123859997,232.6550464
1234500,5.224999905,0.123449996,232.6687073
1234750,6.413999939,0.123532497,232.6699493
1235000,5.354999866,0.123062498,232.6719519
1235250,5.224999905,0.123011497,232.67479
1235500,6.257999916,0.123166998,232.6912146
1235750,5.531999874,0.123325996,232.7245587
1236000,5.750999947,0.123553996,232.6762848
1236250,6.054999886,0.123915997,232.6613513
1236500,5.259999924,0.123243496,232.6702332
1236750,6.56099987,0.123487497,232.6878638
1237000,5.232999897,0.123522499,232.6683502
1237250,5.224999905,0.123377996,232.6832544
1237500,6.590999966,0.123649997,232.6734467
1237750,5.244999886,0.123529496,232.7214001
1238000,6.224999924,0.123365498,232.6975323
1238250,5.522999859,0.123482997,232.7061493
1238500,5.522999859,0.123482997,232.7061493
1238750,5.224999905,0.123715996,232.679433
1239000,6.068999901,0.123644996,232.6976489
1239250,5.734999866,0.123721496,232.653988
1239500,5.224999905,0.123495997,232.6899658
1239750,5.902999992,0.123261997,232.6823328
1240000,5.843999844,0.123055997,232.6820129
1240250,5.39899992,0.123769996,232.636424
1240500,6.38099987,0.123501498,232.6990149
1240750,5.225999908,0.123649497,232.6749585
1241000,5.294999943,0.123140498,232.7224158
1241250,6.530999908,0.123142497,232.7145801
1241500,5.229999886,0.123603498,232.6928943
1241750,5.224999905,0.123766496,232.668446
1242000,6.593999901,0.123367997,232.6919025
1242250,5.237999878,0.123066996,232.6837036
1242500,6.275999947,0.123107998,232.7054614
1242750,5.457999859,0.122963496,232.7013574
1243000,5.224999905,0.123234497,232.7049811
1243250,6.142999954,0.122620497,232.7087964
1243500,5.595999851,0.122864499,232.6973401
1243750,5.550999908,0.123552997,232.6446893
1244000,6.188999901,0.123380997,232.6890607
1244250,5.224999905,0.123526998,232.6654053
1244500,5.424999905,0.123502996,232.7047015
1244750,6.313999901,0.123508495,232.6962207
1245000,6.313999901,0.123508495,232.6962207
1245250,5.225999908,0.123713498,232.6904144
1245500,5.311999912,0.124122998,232.6528925
1245750,6.450999889,0.123531996,232.6862866
1246000,5.227999916,0.123016998,232.7035645
1246250,5.224999905,0.123073998,232.7102942
1246500,6.544999886,0.123378995,232.6583502
1246750,5.232999878,0.123409996,232.6727728
1247000,6.301999912,0.123151996,232.6970135
1247250,5.416999912,0.122892499,232.7088861
1247500,5.224999905,0.123373995,232.7015106
1247750,6.192999954,0.123209496,232.6978131
1248000,5.547999859,0.123344497,232.6778632
1248250,5.667999897,0.123378997,232.6761609
1248500,6.114999866,0.123893999,232.6696698
1248750,5.224999905,0.123028995,232.680473
1249000,5.468999939,0.123869497,232.6870911
1249250,6.239999866,0.123702497,232.6690002
1249500,5.224999905,0.123164497,232.6799921
1249750,6.612999935,0.123514998,232.6981433
1250000,5.245999851,0.123719496,232.683902
1250250,5.224999905,0.123710996,232.6842059
1250500,6.561999931,0.123671497,232.670022
1250750,5.274999866,0.123470998,232.6832233
1251000,5.224999905,0.123258997,232.6986542
1251250,6.441999969,0.123398496,232.738454
1251500,6.441999969,0.123398496,232.738454
1251750,5.346999855,0.123470498,232.7098309
1252000,5.861999969,0.123469498,232.6677155
1252250,5.871999836,0.123302498,232.693175
1252500,5.224999905,0.123036996,232.6927417
1252750,5.70899992,0.123160496,232.6713177
1253000,6.082999859,0.122880498,232.6856616
1253250,5.224999905,0.123282995,232.6868713
1253500,6.520999889,0.123250997,232.6864642
1253750,5.232999878,0.123413996,232.6595337
1254000,5.224999905,0.123215995,232.7021063
1254250,6.538999977,0.123260499,232.7127783
1254500,5.24099987,0.123338996,232.6491901
1254750,6.246999969,0.123597497,232.6838373
1255000,5.531999912,0.123003498,232.6783893
1255250,5.224999905,0.123414497,232.6763977
1255500,6.099999981,0.123700996,232.6792596
1255750,5.682999878,0.123755998,232.6712781
1256000,5.546999912,0.123318997,232.6824854
1256250,6.240999889,0.123695497,232.6601984
1256500,5.232999935,0.123368998,232.6921899
1256750,5.415999889,0.123701997,232.701261
1257000,6.370999851,0.123031496,232.6927655
1257250,5.225999908,0.123210997,232.6840143
1257500,5.329999962,0.123753496,232.6747247
1257750,6.472999935,0.123527997,232.6699628
1258000,6.472999935,0.123527997,232.6699628
1258250,5.234999905,0.123665997,232.6707709
1258500,6.455999985,0.123321497,232.6682227
1258750,5.340999889,0.123591497,232.682594
1259000,5.224999905,0.123424996,232.6959589
1259250,6.338999977,0.123083499,232.7017657
1259500,5.410999851,0.123530497,232.6983173
1259750,5.224999905,0.123698497,232.7017084
1260000,6.200999947,0.123085997,232.6916693
1260250,5.605999908,0.123406997,232.6862396
1260500,5.224999905,0.123544998,232.6658643
1260750,6.031999989,0.123202998,232.6930261
1261000,5.758999901,0.123572498,232.66422
1261250,5.468999939,0.123395496,232.6846448
1261500,6.287999954,0.123421496,232.6780542
1261750,5.224999905,0.123351496,232.6254059
1262000,5.346999931,0.123251997,232.6724921
1262250,6.39099987,0.123463498,232.6866852
1262500,5.25,0.123569498,232.6836194
1262750,5.264999943,0.123422996,232.6692499
1263000,6.515999966,0.123419497,232.6691187
1263250,5.233999882,0.122776496,232.7112592
1263500,5.224999905,0.123492498,232.7093262
1263750,6.589999962,0.123024498,232.7028986
1264000,5.263999958,0.123031496,232.680683
1264250,6.224999924,0.123551997,232.6925018
1264500,6.224999924,0.123551997,232.6925018
1264750,5.538999863,0.123562998,232.6777728
1265000,5.224999905,0.122881999,232.7026532
1265250,6.096999931,0.123714997,232.6908313
1265500,5.616999855,0.123914997,232.6817841
1265750,5.604999981,0.123361497,232.7180133
1266000,6.173999863,0.122777496,232.7158099
1266250,5.25,0.123314998,232.7223553
1266500,5.407999935,0.123363496,232.6676508
1266750,6.34,0.123399496,232.682254
1267000,5.225999908,0.123187996,232.7060339
1267250,5.294999943,0.123397998,232.6819635
1267500,6.458999996,0.123575998,232.6526508
1267750,5.233999882,0.123310498,232.6864709
1268000,5.224999905,0.123282498,232.6793091
1268250,6.539999924,0.123476496,232.6705066
1268500,5.232999878,0.123450995,232.6763623
1268750,5.224999905,0.123422996,232.7086694
1269000,6.638000011,0.123561997,232.6746887
1269250,5.25799984,0.123333997,232.6662622
1269500,6.173999939,0.123524499,232.6747229
1269750,5.569999943,0.123363498,232.6599994
1270000,5.246999989,0.123341996,232.6706384
1270250,6.09699995,0.123301497,232.7022687
1270500,5.72699995,0.123239497,232.6780902
1270750,5.224999905,0.123215998,232.6551953
1271000,5.224999905,0.123215998,232.6551953
1271250,5.889999943,0.122985496,232.695246
1271500,5.878999825,0.123066997,232.6679797
1271750,5.440999966,0.123705996,232.6867145
1272000,6.406999893,0.123907997,232.6877661
1272250,5.25,0.123403497,232.6790186
1272500,5.29699995,0.123528998,232.6613159
1272750,6.526999989,0.123389496,232.6613538
1273000,5.228999901,0.123134997,232.6673358
1273250,6.439999924,0.123140997,232.6672821
1273500,5.362999916,0.123166997,232.6697351
1273750,5.224999905,0.123109498,232.6690948
1274000,5.224999905,0.123510498,232.643764
1274250,6.538000031,0.123409496,232.6880457
1274500,5.256999874,0.123406997,232.6466412
1274750,6.159000034,0.123477498,232.6644183
1275000,5.624999905,0.123361497,232.6803271
1275250,5.224999905,0.123293495,232.663855
1275500,6.009000015,0.123155999,232.6934729
1275750,5.787999992,0.123480497,232.675304
1276000,5.224999905,0.1237365,232.7008704
1276250,5.915999985,0.123449496,232.7020636
1276500,5.921999912,0.122946496,232.6762103
1276750,5.224999905,0.123224997,232.6943988
1277000,5.706999989,0.123230997,232.6950604
1277250,6.069999943,0.123301496,232.6758209
1277500,6.069999943,0.123301496,232.6758209
1277750,5.259999924,0.123560997,232.6546838
1278000,6.57899992,0.123467997,232.674411
1278250,5.233999882,0.123106996,232.7034155
1278500,5.224999905,0.123120996,232.7212653
1278750,6.610999947,0.123388998,232.689903
1279000,5.262999897,0.123636996,232.7092578
1279250,6.215999966,0.123732997,232.6796375
1279500,5.538999977,0.123535496,232.687486
1279750,5.224999905,0.123738497,232.6974872
1280000,6.077999973,0.123525498,232.6964996
1280250,5.664999847,0.123109996,232.6961597
1280500,5.224999905,0.123140997,232.7020184
1280750,5.932999954,0.123254497,232.7309186
1281000,5.819999981,0.123732496,232.6787939
1281250,5.224999905,0.123379498,232.7008936
1281500,5.793999901,0.123639995,232.7233386
1281750,6.012999897,0.123503495,232.7099597
1282000,5.270999966,0.123812997,232.7185535
1282250,6.477999916,0.123622497,232.7071631
1282500,5.243999901,0.123245496,232.7280255
1282750,6.492999878,0.123129996,232.7025421
1283000,5.337999878,0.123359497,232.7145953
1283250,5.224999905,0.122915497,232.7062567
1283500,5.224999905,0.123635496,232.6655792
1283750,6.554999981,0.123892495,232.6690063
1284000,6.554999981,0.123892495,232.6690063
1284250,5.25799984,0.123163995,232.6884161
1284500,6.176999969,0.123073497,232.6919592
1284750,5.614999981,0.123937997,232.6787622
1285000,5.224999905,0.123566996,232.6798608
1285250,6.028999977,0.123244998,232.7014429
1285500,5.76599987,0.123315496,232.6942664
1285750,5.224999905,0.123104496,232.7181732
1286000,5.866999989,0.123057498,232.7008179
1286250,5.900999928,0.123328496,232.7027466
1286500,5.364999981,0.123474498,232.7151886
1286750,6.430999889,0.123000997,232.7091077
1287000,5.245999985,0.123414498,232.6987628
1287250,5.224999905,0.123849497,232.6420282
1287500,5.595999966,0.123318997,232.6920349
1287750,6.163999825,0.123137999,232.697301
1288000,5.224999905,0.123224498,232.7172522
1288250,5.450999908,0.123212495,232.6968634
1288500,6.306999989,0.123148998,232.6859131
1288750,5.231999931,0.123400497,232.6727606
1289000,6.590000057,0.122924499,232.7108447
1289250,5.271999931,0.123360498,232.6428027
1289500,5.224999905,0.123268498,232.6854523
1289750,6.47199995,0.122988497,232.7027429
1290000,5.310999928,0.123191499,232.6853522
1290250,5.224999905,0.123280995,232.6689093
1290500,5.224999905,0.123280995,232.6689093
1290750,6.364999924,0.123380496,232.6734943
1291000,5.384999866,0.123606999,232.6660468
1291250,5.224999905,0.123296995,232.7252985
1291500,6.220999889,0.122776996,232.7035638
1291750,5.564999943,0.123307996,232.6637311
1292000,5.224999905,0.123088495,232.6804321
1292250,6.085999947,0.123256997,232.7179742
1292500,5.724999905,0.123288999,232.7100287
1292750,5.49399992,0.123191997,232.7126788
1293000,6.255999966,0.123095998,232.7047858
1293250,5.224999905,0.123511498,232.6508618
1293500,5.39899992,0.123433498,232.671405
1293750,6.38099987,0.123169498,232.6834381
1294000,5.225999908,0.123191997,232.6588562
1294250,5.294999943,0.123700996,232.6841254
1294500,6.517999973,0.123360498,232.6863977
1294750,5.229999886,0.123595997,232.7159265
1295000,5.224999905,0.123556497,232.668186
1295250,6.605999947,0.123707497,232.6540234
1295500,5.247999878,0.123123998,232.6901031
1295750,6.318999977,0.123168499,232.6828137
1296000,5.463999977,0.123250496,232.6921497
1296250,5.224999905,0.123202996,232.7031335
1296500,6.146999969,0.123293496,232.708432
1296750,5.582999935,0.123368497,232.6733313
1297000,5.582999935,0.123368497,232.6733313
1297250,5.224999905,0.123247496,232.712851
1297500,6.011999969,0.123838497,232.7097614
1297750,5.738999958,0.123189998,232.6967889
1298000,5.224999905,0.123293497,232.7022949
1298250,5.865999966,0.123276497,232.7171039
1298500,5.907999954,0.123640997,232.6790863
1298750,5.23699995,0.123659497,232.6934863
1299000,5.724999962,0.123967497,232.6901019
1299250,6.042999973,0.123608497,232.6930212
1299500,5.224999905,0.123504998,232.7153845
1299750,5.579999924,0.123540997,232.6917218
1300000,6.211999893,0.123324496,232.6733539
1300250,5.232999935,0.123804998,232.695625
1300500,6.561999989,0.123476996,232.7009937
1300750,5.247999821,0.123111996,232.6760706
1301000,5.224999905,0.123164999,232.718056
1301250,6.540999985,0.122903998,232.6898187
1301500,5.281999931,0.122686496,232.7140057
1301750,5.229999924,0.123045998,232.6839349
1302000,6.476999931,0.123172997,232.6909204
1302250,5.317999897,0.123817497,232.647771
1302500,5.224999905,0.123397998,232.6885181
1302750,6.365999908,0.123696497,232.6774652
1303000,5.446999931,0.123519998,232.6628345
1303250,5.79199995,0.123586496,232.7180566
1303500,5.79199995,0.123586496,232.7180566
1303750,5.981999931,0.123567495,232.6941425
1304000,5.229999924,0.123223996,232.6788751
1304250,5.657999935,0.123362498,232.7070905
1304500,6.105999928,0.123316997,232.719809
1304750,5.224999905,0.123220496,232.6731763
1305000,5.520999928,0.123815496,232.6603436
1305250,6.278999977,0.123449497,232.679082
1305500,5.225999908,0.123067498,232.718634
1305750,5.408999939,0.123312996,232.7043915
1306000,6.344999847,0.122830496,232.6618176
1306250,5.25,0.123312498,232.6800317
1306500,5.303999977,0.123680995,232.6773932
1306750,6.546000004,0.123418997,232.6809204
1307000,5.242999916,0.123644497,232.6487872
1307250,6.438999996,0.123854996,232.6952277
 , , , 
