Name,Out_Active_Power_Station_6,Out_Current_Station_6,Out_Voltage_Station_6
0,5.25,0.121471496,232.7114978
250,5.25,0.121471496,232.7114978
500,6.547999973,0.121511498,232.7133081
750,5.317999973,0.121470495,232.7178912
1000,6.010999985,0.121270997,232.7026654
1250,5.813999958,0.121343496,232.6992712
1500,5.25,0.121418496,232.7171143
1750,5.873999996,0.121816497,232.6982587
2000,5.95199995,0.121508498,232.7310907
2250,5.347000027,0.121447495,232.708147
2500,6.446000042,0.121627997,232.7187781
2750,5.250999985,0.121244996,232.7188818
3000,5.25,0.121681997,232.7165607
3250,6.573999996,0.121201496,232.6947864
3500,5.257999935,0.121646498,232.7118353
3750,5.25,0.121687997,232.7103394
4000,6.656000004,0.121579998,232.7013531
4250,5.266999893,0.121270496,232.7019452
4500,5.25,0.121407996,232.7211383
4750,6.690999928,0.121397997,232.7114575
5000,5.311999893,0.121360496,232.7022906
5250,5.25,0.121278997,232.7071704
5500,6.534999962,0.121399997,232.6956726
5750,5.337999973,0.121407497,232.6853638
6000,5.25,0.121327498,232.709408
6250,6.417999954,0.121534997,232.7126422
6500,5.422999973,0.121362997,232.7261932
6750,5.422999973,0.121362997,232.7261932
7000,5.836999989,0.121294498,232.7358923
7250,5.961999931,0.121752496,232.7258008
7500,5.25,0.121621495,232.7232507
7750,5.701999989,0.121712997,232.7138428
8000,6.097999916,0.121471498,232.7092273
8250,5.25,0.121451998,232.7316266
8500,5.553999958,0.121838997,232.7172748
8750,6.264999905,0.121655997,232.7098236
9000,5.25,0.121614997,232.714657
9250,6.575000038,0.121722997,232.7179254
9500,5.269999924,0.121468496,232.7070087
9750,6.262999973,0.121279496,232.7280688
10000,5.673999977,0.121614497,232.7346021
10250,5.25,0.121539499,232.7107306
10500,6.050999966,0.121215995,232.730473
10750,5.71899992,0.121399998,232.7320184
11000,5.25,0.121422998,232.7356921
11250,5.912999973,0.121634999,232.7034827
11500,5.856999912,0.121398497,232.7367389
11750,5.25,0.121696999,232.7420642
12000,5.776999989,0.121366999,232.7255542
12250,5.993999901,0.121703497,232.7197546
12500,5.285,0.121382497,232.7339703
12750,6.465999966,0.121455998,232.7112341
13000,5.253999958,0.121730497,232.7089709
13250,5.253999958,0.121730497,232.7089709
13500,5.25,0.121660999,232.7236798
13750,6.631000004,0.121723995,232.7278198
14000,5.261999912,0.121356498,232.7126563
14250,5.25,0.121453997,232.7322174
14500,6.709999962,0.121616496,232.7258496
14750,5.308999977,0.121433998,232.7263165
15000,5.25,0.121239997,232.7282166
15250,6.443999958,0.121669496,232.7278973
15500,5.341999931,0.121684998,232.736665
15750,5.25,0.121628997,232.7169373
16000,6.516999989,0.121255998,232.7423798
16250,5.343999977,0.121553997,232.7248242
16500,5.25,0.121756997,232.735036
16750,6.304999981,0.121642496,232.7548499
17000,5.464999981,0.121259998,232.7296124
17250,5.25,0.121690497,232.7274811
17500,6.166999989,0.121315496,232.7048907
17750,5.601000004,0.121349998,232.714704
18000,5.25,0.121602997,232.7280902
18250,6.028999996,0.121466996,232.7344824
18500,5.740999966,0.121996997,232.7373706
18750,5.25,0.121610999,232.7227783
19000,5.908999977,0.121591997,232.7202496
19250,5.891999931,0.121391997,232.7215613
19500,5.423999977,0.121463497,232.7163922
19750,5.423999977,0.121463497,232.7163922
20000,6.431999989,0.121955997,232.7090167
20250,5.250999985,0.121586496,232.7125806
20500,5.32,0.121731498,232.7089301
20750,6.525999966,0.121786996,232.7186737
21000,5.253999958,0.121693496,232.6902258
21250,5.25,0.121699497,232.7069055
21500,6.588000011,0.121556998,232.7129395
21750,5.261999912,0.121724497,232.7224878
22000,5.25,0.121710498,232.7222919
22250,6.606999989,0.121498497,232.7251392
22500,5.277999935,0.121745498,232.7259442
22750,5.25,0.121548998,232.7169397
23000,6.607999954,0.121431497,232.7201605
23250,5.361999969,0.121663497,232.7017938
23500,5.25,0.121390496,232.6971942
23750,6.469999962,0.121547997,232.7173938
24000,5.363999958,0.121755999,232.7212585
24250,5.796999989,0.121617496,232.722674
24500,5.927999897,0.121728999,232.7026501
24750,5.25,0.121544498,232.7402966
25000,5.796999989,0.121598998,232.6987549
25250,6.055999908,0.121510997,232.7025629
25500,5.25,0.121287996,232.7172345
25750,5.662999973,0.121452498,232.7295526
26000,6.190999908,0.121445498,232.7215875
26250,6.190999908,0.121445498,232.7215875
26500,5.25,0.121686998,232.7129675
26750,5.536999969,0.121515499,232.719707
27000,6.322999916,0.121498497,232.7305634
27250,5.25,0.121166496,232.7406433
27500,5.423999977,0.121494497,232.7280237
27750,6.44199995,0.121153497,232.701319
28000,5.250999985,0.121817498,232.7320343
28250,5.285,0.121251497,232.7343958
28500,6.546000061,0.121816997,232.7151617
28750,5.254999962,0.121902996,232.708634
29000,6.434999981,0.121750997,232.6848529
29250,5.397999992,0.121880998,232.7349695
29500,5.25,0.122257998,232.7209155
29750,6.296999989,0.121524498,232.7172278
30000,5.466999989,0.121331497,232.7318658
30250,5.25,0.121365997,232.7063135
30500,6.158999996,0.121418499,232.7042169
30750,5.828999882,0.121723997,232.7450732
31000,5.25,0.121730498,232.7101373
31250,6.021000004,0.122001997,232.6949213
31500,5.776999989,0.121917998,232.7154175
31750,5.25,0.121429997,232.7217444
32000,5.868999977,0.121636497,232.7315436
32250,5.969999905,0.121814996,232.7164893
32500,5.336999989,0.121685497,232.7013153
32750,5.336999989,0.121685497,232.7013153
33000,6.565,0.121935995,232.7308423
33250,5.25699995,0.121575497,232.7331061
33500,5.25,0.121565498,232.7353644
33750,6.556999989,0.121493497,232.7200116
34000,5.256999931,0.122093498,232.7288989
34250,5.25,0.121659998,232.6858331
34500,6.483000011,0.121586997,232.7192352
34750,5.264999886,0.121377997,232.7245215
35000,6.29899992,0.121849498,232.7099396
35250,5.552999897,0.122069497,232.7308905
35500,5.25,0.121513998,232.7146893
35750,6.160999928,0.121474997,232.7204822
36000,5.690999889,0.121477499,232.7290985
36250,5.25,0.121154496,232.7197351
36500,5.897000027,0.121463998,232.7282098
36750,5.83699995,0.121413999,232.7241858
37000,5.25,0.121579497,232.7351361
37250,5.852999973,0.121206497,232.7146906
37500,5.973999939,0.121348997,232.6903534
37750,5.336999989,0.121930496,232.7024683
38000,6.479999981,0.121327499,232.714964
38250,5.253999958,0.121643496,232.7368616
38500,5.285,0.121701997,232.7377039
38750,6.528999996,0.121652499,232.7344977
39000,5.25699995,0.121815998,232.7244574
39250,5.25699995,0.121815998,232.7244574
39500,5.25,0.121778998,232.7249854
39750,6.621000023,0.121652995,232.7199847
40000,5.264999905,0.121601499,232.7243225
40250,6.272999992,0.121400496,232.7209045
40500,5.523999996,0.121612496,232.7163556
40750,5.25,0.121650497,232.7254083
41000,6.1,0.121540498,232.7048254
41250,5.661999989,0.121810495,232.7262817
41500,5.606999989,0.121629499,232.7252234
41750,6.256999931,0.122021497,232.7114185
42000,5.25,0.121325997,232.7044324
42250,5.484999981,0.121482998,232.7191113
42500,6.38199995,0.121365497,232.7159076
42750,5.25,0.121595497,232.7210999
43000,5.371999989,0.121863497,232.6966125
43250,6.502999973,0.121771997,232.7159003
43500,5.252999973,0.121446496,232.6952686
43750,5.285,0.121799498,232.7166888
44000,6.589999981,0.121726998,232.7313202
44250,5.258999939,0.121677499,232.7315155
44500,6.373999977,0.121669497,232.728075
44750,5.394000015,0.121715497,232.7068811
45000,5.25,0.121234497,232.6896039
45250,6.235999985,0.121879998,232.7203558
45500,5.533999977,0.121799998,232.7034113
45750,5.533999977,0.121799998,232.7034113
46000,5.25,0.121512999,232.7354822
46250,6.097999992,0.121433498,232.710531
46500,5.823999939,0.121604498,232.7328094
46750,5.25,0.121864497,232.707937
47000,5.977999973,0.121619996,232.7267279
47250,5.95199995,0.122093496,232.7323376
47500,5.25,0.122148997,232.7118262
47750,5.836999989,0.122068498,232.6932434
48000,5.944999924,0.121908497,232.7195953
48250,5.371999989,0.121346497,232.7354449
48500,6.482999973,0.121709998,232.7127136
48750,5.251999969,0.121969496,232.7321063
49000,5.25,0.121424998,232.7102319
49250,5.575999985,0.121497996,232.7104663
49500,6.211999912,0.121480998,232.735401
49750,5.25,0.121739998,232.7056818
50000,6.632999973,0.121968999,232.7043164
50250,5.265999889,0.121599496,232.7070038
50500,5.25,0.122035996,232.7112891
50750,6.607999954,0.121349496,232.6942828
51000,5.285999947,0.121523996,232.7241956
51250,5.25,0.121285495,232.7263373
51500,6.555999947,0.121581998,232.7240643
51750,5.319999962,0.121768997,232.7346826
52000,5.973999977,0.121573497,232.7127802
52250,5.973999977,0.121573497,232.7127802
52500,5.806999931,0.121813496,232.705033
52750,5.25,0.121821997,232.7034888
53000,5.836999989,0.121766998,232.7253693
53250,5.996999912,0.121306998,232.7053058
53500,5.25,0.121672997,232.7246564
53750,5.729999981,0.121912997,232.7297632
54000,6.086999931,0.121660498,232.7019312
54250,5.25,0.121714498,232.722901
54500,6.54300005,0.121638996,232.7123138
54750,5.255999947,0.121807495,232.7432825
55000,5.25,0.121690997,232.7349841
55250,6.553000031,0.121728998,232.7260199
55500,5.267999935,0.121583497,232.7283063
55750,5.25,0.121999996,232.7399469
56000,6.528000011,0.121595997,232.7355548
56250,5.293999939,0.121185497,232.7144818
56500,6.138999958,0.121424497,232.7018091
56750,5.712999935,0.121560996,232.6983051
57000,5.25,0.121682496,232.6830029
57250,6.000999966,0.121923999,232.7109387
57500,5.854999962,0.121631998,232.6888202
57750,5.25,0.121670497,232.7158417
58000,5.679999981,0.121889497,232.7053296
58250,5.984999924,0.121778498,232.7166888
58500,5.32,0.122350498,232.7334039
58750,5.32,0.122350498,232.7334039
59000,6.458000031,0.121983496,232.7503534
59250,5.252999954,0.121693998,232.7313721
59500,5.25,0.121509996,232.7256427
59750,6.574000034,0.121369497,232.7195129
60000,5.256999931,0.121187997,232.724516
60250,5.25,0.121576996,232.7263806
60500,6.593000011,0.121775996,232.7197937
60750,5.269999924,0.121893997,232.7142413
61000,5.25,0.121863497,232.7156177
61250,6.394999981,0.121649497,232.7380212
61500,5.294999943,0.121651996,232.7141302
61750,6.137999973,0.121254997,232.7107855
62000,5.716999969,0.121864996,232.7250726
62250,5.25,0.121936996,232.7406665
62500,5.982999992,0.121689996,232.7140912
62750,5.83899992,0.121521995,232.7263379
63000,5.25,0.121814998,232.7274268
63250,5.776999989,0.121571498,232.6981561
63500,5.991999931,0.121432497,232.6894086
63750,5.25,0.121497497,232.7030017
64000,5.646999989,0.121329996,232.7091321
64250,6.108999939,0.121661497,232.7192352
64500,5.25,0.121733998,232.725282
64750,5.584999981,0.121387498,232.7327856
65000,6.261999931,0.121593498,232.7236273
65250,6.261999931,0.121593498,232.7236273
65500,5.25,0.121744496,232.7388672
65750,6.551999969,0.120994995,232.7338989
66000,5.269999866,0.121641,232.7233142
66250,5.25,0.121733995,232.7301068
66500,5.25,0.121070497,232.7126764
66750,6.431000004,0.121296498,232.7357623
67000,5.253999939,0.121540995,232.7273486
67250,6.480999947,0.121640995,232.7203864
67500,5.34399992,0.121873497,232.7126843
67750,5.25,0.121703498,232.7162329
68000,6.377999935,0.121575499,232.7279639
68250,5.446999931,0.121418997,232.7361285
68500,5.25,0.121517498,232.7587939
68750,6.229999924,0.121810497,232.7309399
69000,5.716999969,0.121479997,232.7232263
69250,5.25,0.120977997,232.7394037
69500,6.10199995,0.121421998,232.722937
69750,5.722999916,0.120979496,232.7106915
70000,5.25,0.121313497,232.70573
70250,5.963999996,0.121234497,232.7054578
70500,5.858999996,0.121539497,232.7146106
70750,5.432999992,0.121319498,232.7097705
71000,6.369000015,0.121976498,232.7153766
71250,5.250999985,0.121431497,232.7060016
71500,5.32,0.121604496,232.7177881
71750,5.32,0.121604496,232.7177881
72000,6.48800005,0.121553496,232.7143353
72250,5.254999962,0.121324996,232.7285126
72500,5.25,0.121359497,232.6946344
72750,6.526000042,0.121107496,232.7178577
73000,5.258999939,0.121447498,232.7178015
73250,5.25,0.121044496,232.7246674
73500,6.626999969,0.121686998,232.7199701
73750,5.269999924,0.121587498,232.7281696
74000,6.184999962,0.121878496,232.721059
74250,5.598999939,0.121723496,232.7207465
74500,5.25,0.121699498,232.7108173
74750,6.116999969,0.121332996,232.6971466
75000,5.736999931,0.121426496,232.6560431
75250,5.536999969,0.121545998,232.6853162
75500,6.230999966,0.121552497,232.7003375
75750,5.25,0.1213735,232.6977228
76000,5.423999977,0.121454497,232.690235
76250,6.355,0.121549997,232.7180841
76500,5.250999985,0.121375999,232.7102728
76750,5.25,0.121825996,232.6960101
77000,5.640999985,0.121477496,232.71414
77250,6.146999912,0.121550498,232.6702167
77500,5.25,0.121475998,232.6722253
77750,5.510999985,0.121484495,232.677298
78000,6.275999928,0.121491497,232.6978485
78250,6.275999928,0.121491497,232.6978485
78500,5.25,0.121382997,232.6930591
78750,6.624999962,0.121319999,232.7044666
79000,5.273999901,0.121391497,232.7108759
79250,5.25,0.121790498,232.6816754
79500,6.590999947,0.121414496,232.7253619
79750,5.29899992,0.121590998,232.697832
80000,5.25,0.122098998,232.717984
80250,6.487999935,0.121635998,232.7008185
80500,5.349999943,0.121327996,232.7118329
80750,5.25,0.121635497,232.689826
81000,6.333999939,0.121377497,232.7182092
81250,5.483999901,0.121324998,232.7245636
81500,5.25,0.121409996,232.7116077
81750,6.227999954,0.121489496,232.7189081
82000,5.738999996,0.121464497,232.7281476
82250,5.636999989,0.121643997,232.7114417
82500,6.128999901,0.121402997,232.7259991
82750,5.25,0.121893497,232.7107117
83000,5.510999985,0.121571496,232.7020978
83250,6.293999939,0.121420996,232.6991772
83500,5.25,0.121652498,232.6939056
83750,6.606999989,0.121193997,232.7118677
84000,5.269999866,0.120982496,232.7240747
84250,5.25,0.121019997,232.7324268
84500,6.546000004,0.121573997,232.6960596
84750,6.546000004,0.121573997,232.6960596
85000,5.300999966,0.121230998,232.7052411
85250,5.25,0.121426498,232.7000092
85500,6.442999973,0.121376495,232.7284827
85750,5.351999989,0.121766496,232.6974103
86000,5.25,0.121811998,232.7027954
86250,6.339999981,0.121387497,232.728714
86500,5.464999981,0.121284996,232.7065216
86750,5.25,0.121693497,232.7387451
87000,6.166999989,0.121434496,232.7150983
87250,5.602999973,0.121645996,232.7567847
87500,5.25,0.121282498,232.7387274
87750,6.033000011,0.121719498,232.7173621
88000,5.740999966,0.121622995,232.7312408
88250,5.25,0.1216385,232.7130292
88500,5.887999992,0.121649496,232.7270197
88750,5.875999928,0.121613498,232.7245142
89000,5.25,0.121317497,232.7232581
89250,5.662999973,0.121409996,232.7200726
89500,6.007999916,0.121452497,232.737251
89750,5.32,0.121766497,232.7333948
90000,6.530999985,0.121383996,232.7374115
90250,5.253999958,0.121609995,232.7210077
90500,5.25,0.121033497,232.7275128
90750,6.588000011,0.121411997,232.7058435
91000,5.261999912,0.121851496,232.7160175
91250,5.261999912,0.121851496,232.7160175
91500,5.25,0.121480998,232.7164264
91750,6.692999973,0.121406496,232.7227643
92000,5.310999947,0.121472498,232.6981201
92250,5.25,0.121251996,232.7189282
92500,6.442999973,0.121418498,232.712052
92750,5.361999969,0.121590498,232.710498
93000,6.042999973,0.121357498,232.7127051
93250,5.754999943,0.121045494,232.6981696
93500,5.25,0.121480498,232.713772
93750,5.904999981,0.121309495,232.6937628
94000,5.892999935,0.122014999,232.7010895
94250,5.406999989,0.121435498,232.7205475
94500,6.431999989,0.121408497,232.7042725
94750,5.250999985,0.121230496,232.7172125
95000,5.25,0.121211497,232.716792
95250,5.636999989,0.121433497,232.6939459
95500,6.200999889,0.121372496,232.6653625
95750,5.25,0.121095998,232.7033533
96000,5.501999969,0.121256495,232.7138342
96250,6.330999908,0.121217499,232.6875623
96500,5.25,0.121282997,232.7245856
96750,5.388999977,0.121593499,232.7085699
97000,6.411999969,0.121662498,232.7026337
97250,5.251999969,0.121631497,232.6951123
97500,6.572999973,0.121164497,232.7426923
97750,6.572999973,0.121164497,232.7426923
98000,5.312999935,0.121237996,232.7223322
98250,5.25,0.121395497,232.7110736
98500,6.434999962,0.121554997,232.7137854
98750,5.363999958,0.121397498,232.7199854
99000,5.25,0.121296496,232.7258582
99250,5.25,0.121765498,232.6958514
99500,6.637999973,0.121701497,232.7043073
99750,5.274999905,0.121486496,232.7033405
100000,6.166999989,0.121278998,232.6992432
100250,5.602999973,0.121000994,232.6962433
100500,5.25,0.121796997,232.6897302
100750,6.028999996,0.121334997,232.6966022
101000,5.740999966,0.121823997,232.7109766
101250,5.25,0.121525497,232.7176971
101500,5.891000004,0.121025496,232.7140741
101750,5.912999973,0.121507499,232.7159058
102000,5.25,0.121417496,232.6958752
102250,5.756000004,0.121423998,232.7323883
102500,6.204999886,0.121507998,232.727796
102750,5.25,0.121506997,232.7058911
103000,5.627999973,0.121869497,232.7196112
103250,6.200999889,0.121160995,232.7199304
103500,5.25,0.121542996,232.7053534
103750,6.595,0.121536498,232.7136432
104000,5.262999897,0.121337498,232.7383698
104250,5.262999897,0.121337498,232.7383698
104500,5.25,0.121577497,232.7283954
104750,5.32,0.121359497,232.7082495
105000,6.415999947,0.121643497,232.7287482
105250,5.251999969,0.122261498,232.7262195
105500,6.503000011,0.121878497,232.7172498
105750,5.329999962,0.121687997,232.7478412
106000,5.25,0.121650996,232.7413776
106250,6.438999977,0.122019998,232.7089197
106500,5.379999981,0.121676497,232.7172742
106750,5.25,0.121423497,232.7177545
107000,5.25,0.121750998,232.7325006
107250,6.62,0.121898498,232.7330023
107500,5.278999939,0.121762999,232.7229761
107750,6.159999943,0.121980997,232.733844
108000,5.61699995,0.121643998,232.7072418
108250,5.25,0.121646497,232.6958099
108500,6.005999947,0.121787996,232.7188562
108750,5.828999882,0.121483996,232.7268591
109000,5.25,0.121781999,232.716441
109250,5.88699995,0.121589496,232.7299524
109500,5.96599987,0.121599497,232.6957379
109750,5.336999989,0.121621497,232.7411725
110000,6.445999966,0.121328495,232.7114178
110250,5.253999958,0.121360498,232.7145135
110500,5.25,0.121436498,232.7109222
110750,5.25,0.121436498,232.7109222
111000,5.584999981,0.121671998,232.7213605
111250,6.244999924,0.121690997,232.74849
111500,5.25,0.121628996,232.7278906
111750,5.501999969,0.121682497,232.725592
112000,6.336000004,0.121990996,232.7188422
112250,5.25,0.121561496,232.7429138
112500,6.596000004,0.1216665,232.7149396
112750,5.280999928,0.121278497,232.7200659
113000,5.25,0.121303997,232.7157312
113250,6.527999973,0.121502497,232.7166913
113500,5.329999943,0.121213498,232.7155139
113750,5.25,0.121518499,232.7288269
114000,6.424999962,0.121571498,232.7406482
114250,5.399999981,0.121333495,232.7515393
114500,5.25,0.121656497,232.7148907
114750,6.286999969,0.121556499,232.6956873
115000,5.538999958,0.121760498,232.6904108
115250,5.25,0.121607498,232.7057703
115500,6.147999973,0.121599497,232.7230487
115750,5.712999935,0.121982498,232.6863153
116000,5.558999996,0.121633995,232.7120404
116250,6.214999962,0.121417996,232.7136261
116500,5.25,0.121366495,232.7229932
116750,5.336999989,0.122042498,232.7557086
117000,6.315,0.121595495,232.7377533
117250,6.315,0.121595495,232.7377533
117500,5.25,0.121516497,232.7058527
117750,5.32,0.121754499,232.7292993
118000,6.462000027,0.121848997,232.7010352
118250,5.252999954,0.122037994,232.7342828
118500,5.25,0.121752997,232.757276
118750,6.54300005,0.121708496,232.7308075
119000,5.256999931,0.121407998,232.7135321
119250,5.25,0.121476497,232.7179474
119500,6.717999992,0.121687998,232.7413788
119750,5.292999897,0.121613497,232.7355865
120000,5.25,0.121950998,232.7357709
120250,6.541000023,0.121457996,232.7040521
120500,5.293999939,0.121531497,232.7254169
120750,6.120999985,0.121456498,232.7155206
121000,5.716999969,0.121376999,232.7049292
121250,5.25,0.121472996,232.7029071
121500,5.25,0.121151499,232.7256262
121750,6.387999954,0.121292498,232.7101129
122000,5.578999977,0.121239996,232.7150989
122250,5.813999996,0.121360497,232.7240649
122500,5.982999935,0.121393997,232.7310101
122750,5.25,0.120890497,232.7069232
123000,5.681999989,0.120984997,232.7134027
123250,6.219999943,0.121329497,232.71513
123500,5.25,0.121264994,232.7257062
123750,5.25,0.121264994,232.7257062
124000,5.584999981,0.121329496,232.7190582
124250,6.250999928,0.121279996,232.7285315
124500,5.25,0.121366496,232.7230322
124750,6.626999989,0.121325997,232.6904901
125000,5.267999878,0.121669997,232.7005859
125250,5.25,0.121546997,232.7297784
125500,6.583999958,0.121345498,232.7127545
125750,5.292999897,0.121501498,232.7033289
126000,5.25,0.121654997,232.703017
126250,6.515999928,0.121615496,232.7065302
126500,5.34399992,0.121540996,232.66862
126750,5.25,0.121454497,232.7146893
127000,6.377999935,0.121486497,232.6906921
127250,5.446999931,0.121463498,232.7038672
127500,5.25,0.121350498,232.7018182
127750,6.239999943,0.121106996,232.7188672
128000,5.574999943,0.121293498,232.7259857
128250,5.25,0.121226497,232.6893231
128500,6.138999958,0.121418498,232.6948596
128750,5.721000004,0.121638497,232.6901135
129000,5.25,0.121754499,232.6995929
129250,5.965000019,0.121413496,232.7052515
129500,5.850999928,0.121153997,232.719809
129750,5.25,0.121826497,232.69802
130000,5.830000019,0.121380497,232.7090497
130250,5.830000019,0.121380497,232.7090497
130500,5.987999916,0.121439496,232.6986328
130750,5.32,0.121433496,232.6880432
131000,6.454000034,0.121067996,232.7338971
131250,5.252999954,0.121365498,232.7276733
131500,5.25,0.121410497,232.7426294
131750,6.573000069,0.121540496,232.7224164
132000,5.258999939,0.121336998,232.7311151
132250,5.25,0.121557499,232.7189532
132500,6.58800005,0.121571496,232.7242841
132750,5.270999928,0.121377997,232.6941864
133000,5.25,0.121375996,232.6924829
133250,5.355,0.121320998,232.705249
133500,6.495,0.121142995,232.7044568
133750,5.254999943,0.121401498,232.7081146
134000,6.487999935,0.121967997,232.7048273
134250,5.345999908,0.121498997,232.7019629
134500,5.25,0.121160996,232.7461615
134750,6.367999916,0.121200496,232.7355298
135000,5.483999901,0.121240496,232.6858978
135250,5.846999989,0.121227996,232.7183453
135500,5.993999901,0.121165995,232.6954126
135750,5.25,0.121485497,232.7007928
136000,5.644999981,0.121698998,232.6882959
136250,6.110999908,0.121493998,232.7196399
136500,5.25,0.121490499,232.7151453
136750,5.25,0.121490499,232.7151453
137000,5.514999981,0.121729496,232.7258923
137250,6.257999916,0.122263998,232.7098505
137500,5.25,0.122796996,232.6955548
137750,6.642999935,0.121652996,232.6885455
138000,5.269999866,0.121900497,232.6962097
138250,6.188999958,0.121790497,232.72224
138500,5.580999928,0.121893998,232.7123889
138750,5.683999958,0.122335999,232.7095447
139000,6.169999847,0.122081998,232.6840674
139250,5.25,0.122125497,232.674856
139500,6.600000019,0.122316997,232.685816
139750,5.261999912,0.121962996,232.6918121
140000,6.333999939,0.122343497,232.6817639
140250,5.483999901,0.121620496,232.7041241
140500,5.776999989,0.121741998,232.7017273
140750,6.027999916,0.121876497,232.7235791
141000,5.32,0.121888998,232.6790887
141250,6.521999931,0.122431495,232.6951538
141500,6.069999962,0.122139998,232.6994037
141750,5.730999985,0.128445995,232.7147546
142000,26.74999969,0.424361991,232.6773792
142250,157.2569965,1.144909968,232.4880621
142500,264.0639844,1.211339974,232.4931683
142750,264.2249756,1.211713457,232.4895715
143000,263.68198,1.209727468,232.4864111
143250,263.68198,1.209727468,232.4864111
143500,263.4689941,1.208513474,232.5141205
143750,262.8589917,1.206991963,232.4970166
144000,262.5,1.205569448,232.4931061
144250,262.5,1.204530482,232.4946191
144500,261.2899939,1.203848972,232.5022742
144750,262.365,1.202932959,232.5146033
145000,261.7919983,1.202006488,232.5273541
145250,260.75,1.201454496,232.5029364
145500,262.0679968,1.200413461,232.5226422
145750,260.7709961,1.199571457,232.5319641
146000,260.75,1.19895647,232.5210492
146250,260.75,1.198772459,232.4962335
146500,260.75,1.197832484,232.5317126
146750,260.75,1.197256451,232.5161371
147000,260.715,1.196408458,232.526991
147250,259.4029968,1.195979481,232.4939471
147500,260.0730005,1.19468348,232.4916571
147750,260.0959998,1.194489965,232.4902332
148000,259.4299976,1.193975959,232.5132587
148250,260.1920007,1.193258958,232.5002887
148500,259.0009998,1.192403479,232.5080591
148750,259,1.192156949,232.5172253
149000,259,1.191587968,232.497403
149250,259,1.190826979,232.485957
149500,259,1.190621953,232.5011554
149750,259,1.190621953,232.5011554
150000,259,1.190000987,232.4952911
150250,258.3219946,1.189862971,232.4884882
150500,258.3189905,1.189223976,232.4983459
150750,258.8359778,1.188666492,232.5012103
151000,257.8119934,1.188075457,232.5251788
151250,258.0379846,1.187763467,232.4968262
151500,258.5909875,1.187502966,232.5055377
151750,257.7289917,1.18715745,232.5017926
152000,258.2879834,1.186204958,232.5240442
152250,257.25,1.185900965,232.5044037
152500,257.5199988,1.185942454,232.4912274
152750,258.3099829,1.185191488,232.5122742
153000,257.25,1.184693465,232.501651
153250,257.25,1.184212475,232.4940997
153500,257.25,1.184002471,232.4987311
153750,257.298999,1.183502479,232.5183643
154000,255.962998,1.183150477,232.4921399
154250,257.1770007,1.182462482,232.5013873
154500,257.2250061,1.182149973,232.5249213
154750,255.9929987,1.181560965,232.4995068
155000,257.1070007,1.181816468,232.5138898
155250,257.2250061,1.182259965,232.5168103
155500,256.1309991,1.181960955,232.4832251
155750,256.958999,1.18163197,232.5003381
156000,256.7260028,1.18084147,232.5094098
156250,256.7260028,1.18084147,232.5094098
156500,256.4229956,1.180993962,232.488786
156750,255.903999,1.180723486,232.4968829
157000,255.873999,1.17992197,232.5203314
157250,256.3999982,1.179413481,232.5034119
157500,256.6929993,1.179280462,232.4915869
157750,255.6119977,1.178729472,232.4891711
158000,255.5,1.178416476,232.5060419
158250,255.5,1.178125477,232.5245386
158500,255.5,1.177146463,232.4900891
158750,255.5,1.177250466,232.5122272
159000,255.5,1.176773958,232.5103461
159250,255.5579956,1.17642498,232.5207935
159500,255.5,1.176356483,232.5180585
159750,255.5,1.175893459,232.5080505
160000,255.5,1.175251474,232.5129004
160250,254.1569958,1.174772968,232.5049078
160500,255.4639917,1.174856472,232.4985803
160750,254.3789923,1.174284973,232.5088568
161000,255.2189935,1.174272985,232.4854639
161250,254.9689917,1.173941464,232.5003625
161500,253.7509998,1.173423495,232.4850189
161750,255.0109943,1.17296598,232.5269281
162000,254.1819946,1.172703471,232.5145123
162250,254.6679907,1.17237298,232.4949615
162500,253.75,1.171986995,232.5074042
162750,253.75,1.171986995,232.5074042
163000,255.1179907,1.171620464,232.5189624
163250,253.7629993,1.171024981,232.4992004
163500,253.75,1.170456481,232.5132513
163750,253.8099994,1.170711956,232.5191644
164000,253.75,1.170277486,232.52229
164250,253.75,1.169640484,232.4882635
164500,253.75,1.169181485,232.4891925
164750,253.75,1.169168444,232.4825293
165000,253.75,1.168707981,232.5247382
165250,253.75,1.168632979,232.5190759
165500,252.3939941,1.168083477,232.5024664
165750,253.7129919,1.167948971,232.5032343
166000,253.7249908,1.167629476,232.5055304
166250,252.416994,1.166992464,232.5076648
166500,253.1909949,1.167012482,232.5094592
166750,252.9589917,1.166577463,232.5033856
167000,253.6549921,1.165996485,232.4914423
167250,252.06099,1.165962968,232.5204346
167500,252.8019916,1.165488472,232.5152014
167750,252.5179919,1.165386963,232.5224811
168000,253.3379962,1.16490747,232.5087457
168250,252.0119867,1.164506478,232.523338
168500,251.9999847,1.163960485,232.4932281
168750,252.1389868,1.163824482,232.5305139
169000,253.1649951,1.163561988,232.5156097
169250,253.1649951,1.163561988,232.5156097
169500,252.0019855,1.163101478,232.4930249
169750,251.9999847,1.162993469,232.4904053
170000,251.9999847,1.162648454,232.5248273
170250,251.9999847,1.162087464,232.521004
170500,251.9999847,1.162098985,232.4959711
170750,251.9999847,1.161598449,232.5166016
171000,251.9999847,1.161567492,232.497843
171250,251.9999847,1.161170974,232.5072003
171500,250.5819965,1.160517478,232.4922809
171750,251.9510022,1.160536475,232.5058429
172000,251.0679999,1.159980478,232.5015143
172250,251.5849994,1.159503989,232.516001
172500,251.5970026,1.159415483,232.502522
172750,251.0589966,1.159075489,232.5074884
173000,250.7779987,1.159074969,232.5044757
173250,251.5969971,1.158542476,232.5358801
173500,250.9309967,1.158165946,232.5282501
173750,250.9069995,1.157629957,232.5288965
174000,250.388999,1.158087974,232.5067462
174250,251.448999,1.157162991,232.4974335
174500,250.2519995,1.156975465,232.5186566
174750,251.5359991,1.15688746,232.4949298
175000,250.312998,1.156507478,232.5107056
175250,250.25,1.156225481,232.5164557
175500,250.25,1.155759468,232.5321234
175750,250.25,1.155759468,232.5321234
176000,250.25,1.155608959,232.5261725
176250,250.25,1.154964461,232.529082
176500,250.25,1.155004964,232.5218964
176750,250.25,1.15475646,232.5322247
177000,250.25,1.154197965,232.5367926
177250,250.25,1.153869495,232.5206494
177500,250.25,1.153321452,232.5163605
177750,250.25,1.154096956,232.5160443
178000,249.4679956,1.153577957,232.5056165
178250,249.7159943,1.152866473,232.5116901
178500,249.9549915,1.152745476,232.4945227
178750,249.1449951,1.152579474,232.4969855
179000,250.2249908,1.151928487,232.5183038
179250,248.916994,1.151605968,232.5339948
179500,249.6909894,1.151460443,232.5216583
179750,249.372995,1.150968971,232.4977301
180000,248.987995,1.150484462,232.5115149
180250,249.806991,1.150895977,232.5135864
180500,248.5069983,1.150717978,232.5180347
180750,249.6689929,1.150302978,232.5278973
181000,248.668996,1.149753966,232.5061542
181250,249.0909961,1.149606972,232.5161218
181500,249.1939935,1.149153481,232.4972009
181750,248.5,1.148975492,232.5039288
182000,248.9599963,1.148617973,232.4916364
182250,248.9599963,1.148617973,232.4916364
182500,249.3119928,1.148167477,232.5151776
182750,248.5,1.147994986,232.5297784
183000,248.5,1.147567973,232.5143219
183250,248.5,1.147367973,232.5059052
183500,248.5,1.147604461,232.4885632
183750,248.5,1.147122464,232.4920825
184000,248.5,1.146214972,232.4842657
184250,248.5,1.14603498,232.5149316
184500,247.103996,1.146149487,232.5088361
184750,248.4470032,1.146131487,232.4870825
185000,248.4750061,1.14574945,232.4782745
185250,248.4750061,1.145292449,232.4854041
185500,247.1809967,1.144937496,232.5333289
185750,248.4690039,1.144776444,232.5148676
186000,247.3240002,1.144559979,232.5090436
186250,248.3020013,1.144592977,232.5015314
186500,247.8800012,1.14381196,232.5088586
186750,247.7629974,1.143675985,232.503761
187000,247.1659967,1.143552971,232.5105621
187250,247.9739978,1.14339798,232.5091547
187500,247.6629987,1.14304244,232.5141083
187750,247.198999,1.14287396,232.5013806
188000,247.0719989,1.14248147,232.4938727
188250,247.73,1.141939955,232.4849951
188500,246.75,1.141939964,232.4853229
188750,246.75,1.141939964,232.4853229
189000,248.0799982,1.142010951,232.4756573
189250,246.7679993,1.141247993,232.5012274
189500,246.75,1.141230998,232.52185
189750,246.7849994,1.140974488,232.497724
190000,247.9439978,1.140778456,232.507818
190250,246.7529999,1.140326958,232.498299
190500,246.75,1.139534945,232.5085144
190750,246.75,1.139773993,232.5065131
191000,246.75,1.139510465,232.4980206
191250,246.75,1.139369969,232.4905219
191500,246.75,1.139278955,232.5032892
191750,246.75,1.138789973,232.4976636
192000,245.7499976,1.138829474,232.5198987
192250,246.4229932,1.138596983,232.4797949
192500,246.7249908,1.138357468,232.5055695
192750,246.7249908,1.13801549,232.496275
193000,246.7249908,1.137654495,232.5006049
193250,245.4319952,1.137288971,232.505705
193500,246.716991,1.137405467,232.4967297
193750,245.5779926,1.13673996,232.4866333
194000,246.3289929,1.136398478,232.5082861
194250,245.4629956,1.136027989,232.5061401
194500,245.7129926,1.136054969,232.4752917
194750,246.2909937,1.135886478,232.5067798
195000,245.3579944,1.13573595,232.5227057
195250,245.3579944,1.13573595,232.5227057
195500,245.8449921,1.13522397,232.5050269
195750,246.2229944,1.135024981,232.512074
196000,245.0959955,1.134877977,232.5219391
196250,245,1.134266458,232.5291284
196500,246.137995,1.134431987,232.5238513
196750,245.2339972,1.134177952,232.5262823
197000,245,1.133476982,232.5229376
197250,245.888996,1.13332397,232.5396735
197500,245.367995,1.133638964,232.512323
197750,245,1.132975984,232.482522
198000,245,1.133223491,232.5094885
198250,245,1.133095961,232.5304645
198500,245,1.132519002,232.5235236
198750,245,1.132010956,232.5184412
199000,245,1.13206048,232.5028674
199250,245,1.131710443,232.5244489
199500,245,1.131686463,232.5197064
199750,245,1.131189976,232.5249451
200000,245,1.131034455,232.5241882
200250,245,1.130727482,232.5341376
200500,244.1949976,1.130336957,232.5211609
200750,244.5059918,1.130421968,232.5069781
201000,244.7049939,1.128018994,232.4954749
201250,243.2619879,1.12225297,232.4978888
201500,242.1149927,1.119600968,232.5127869
201750,242.1149927,1.119600968,232.5127869
202000,241.3420001,1.115619478,232.5209863
202250,240.1899939,1.116048484,232.5064655
202500,240.5519922,1.113825474,232.5081696
202750,239.75,1.106603446,232.519212
203000,237.2889935,1.102667937,232.5276428
203250,237.3569965,1.098960457,232.5279218
203500,234.4999847,1.094061985,232.5332715
203750,233.9219885,1.085847998,232.5201715
204000,232.956994,1.083635993,232.5116168
204250,231.4649915,1.077376485,232.5223956
204500,232.5499969,1.074913497,232.5228418
204750,228.4549908,1.069002967,232.5238281
205000,228.6699951,1.064386964,232.5422015
205250,229.0159985,1.060197487,232.525553
205500,224.0579944,1.055773964,232.546153
205750,225.9649927,1.049581976,232.4991711
206000,223.4439935,1.044721985,232.5339221
206250,223.4859924,1.043605452,232.5335059
206500,222.5339948,1.039987974,232.5464551
206750,221.4909985,1.038925977,232.5598187
207000,224.0339984,1.035404983,232.5962958
207250,218.1159949,1.028612967,232.5500989
207500,219.3409949,1.028316488,232.5458344
207750,221.8349969,1.023085966,232.5547516
208000,214.1519946,1.016548967,232.5774036
208250,214.1519946,1.016548967,232.5774036
208500,218.1039935,1.01717948,232.5663135
208750,215.25,1.001916969,232.5637042
209000,212.0049963,0.998162982,232.5677637
209250,212.3869971,0.99901597,232.5546655
209500,213.4750061,1.001082983,232.5425464
209750,213.0030042,0.996997991,232.570705
210000,210.3609943,0.99259896,232.5744824
210250,211.7009955,0.992425485,232.5862805
210500,210.9189923,0.989049969,232.5563068
210750,209.4799939,0.988704967,232.5803143
211000,210.9459998,0.988303473,232.5614648
211250,211.2229974,0.989573481,232.5699615
211500,209.2129956,0.988928463,232.581994
211750,210.3669958,0.985849483,232.5769049
212000,210.3289917,0.988386469,232.5519769
212250,210.4419971,0.990306976,232.5340039
212500,211.6859924,0.994101982,232.5568585
212750,210.8499933,0.989067473,232.5492035
213000,209.965,0.98241148,232.5728198
213250,209.3169922,0.993263469,232.5615857
213500,211.963999,0.994386473,232.5437146
213750,211.137995,0.986105969,232.5577649
214000,207.7979962,0.985807974,232.5771307
214250,211.4619995,0.99159147,232.5625452
214500,210.9369934,0.995635977,232.5559698
214750,210.9369934,0.995635977,232.5559698
215000,210.8649982,0.998099473,232.5414191
215250,213.698999,0.997564487,232.5545703
215500,212.6120007,0.999495468,232.5458337
215750,212.6309979,1.003521473,232.5350336
216000,215.7179968,1.004858487,232.5492981
216250,214.0659943,1.008495963,232.5577472
216500,214.7139966,1.007392476,232.5669702
216750,215.0789948,1.002742476,232.5542328
217000,215.2249908,1.013719471,232.5421539
217250,217.2199945,1.014792466,232.5380273
217500,214.6839954,1.014051976,232.5501141
217750,217.6669922,1.020752983,232.5293622
218000,218.2879974,1.020516977,232.5422559
218250,217.0219971,1.025183978,232.5476953
218500,220.5799957,1.024105973,232.5472089
218750,218.2029968,1.025133491,232.530434
219000,217.8589984,1.026286483,232.5340021
219250,222.4499969,1.03561348,232.5406366
219500,219.3699957,1.025944967,232.5407941
219750,218.4429944,1.02957046,232.5493774
220000,222.5219916,1.03565248,232.53513
220250,219.783996,1.03360898,232.5389307
220500,221.5119989,1.030818973,232.5521759
220750,220.5,1.032077956,232.566012
221000,220.5,1.032943482,232.5395923
221250,220.5,1.032943482,232.5395923
221500,221.1999976,1.032902484,232.5373383
221750,218.9209967,1.031485963,232.5221527
222000,222.5899969,1.035031981,232.5296606
222250,220.5129938,1.037710967,232.5360175
222500,220.9799939,1.037300467,232.530827
222750,222.4269897,1.028409467,232.5087653
223000,217.2599976,1.023180952,232.5300012
223250,218.7709955,1.026816497,232.5450751
223500,220.1609955,1.026711974,232.5368958
223750,216.4989972,1.023524947,232.5267773
224000,218.2859955,1.01727097,232.5571082
224250,216.3509979,1.018677473,232.5209613
224500,216.8880048,1.014792495,232.546377
224750,216.3129968,1.014199471,232.5327148
225000,216.2539923,1.015190971,232.5390521
225250,217.4329932,1.006254954,232.549306
225500,211.7839954,1.002227976,232.5268237
225750,212.7969971,1.003076975,232.5195471
226000,214.3579944,0.996072953,232.507193
226250,208.382995,0.996026969,232.5576196
226500,211.7139996,0.986270466,232.5312823
226750,209.7039954,0.984038975,232.5790674
227000,207.5279956,0.984579968,232.5605768
227250,210.0079938,0.98142648,232.5527301
227500,206.503999,0.974466469,232.5461823
227750,206.503999,0.974466469,232.5461823
228000,207.7669983,0.966552973,232.5566504
228250,203.9639984,0.967318981,232.5453314
228500,204.8689954,0.965823956,232.5334589
228750,205.4919965,0.960830984,232.5547473
229000,203.2149982,0.953000968,232.572027
229250,198.3399976,0.916586978,232.5728015
229500,188.5659943,0.917044983,232.5802411
229750,194.8149957,0.854789982,232.5881451
230000,151.4499969,0.756884992,232.6241522
230250,146.2159998,0.728440971,232.6418256
230500,127.4769992,0.765855992,232.6187787
230750,167.4569971,0.804639974,232.6069464
231000,152.8679993,0.738526988,232.6022498
231250,132.0129974,0.669651968,232.6358173
231500,107.1229987,0.67172698,232.6297137
231750,129.7029968,0.667186482,232.6416498
232000,106.3249982,0.672566979,232.629137
232250,140.7619977,0.742319474,232.5953357
232500,124.4379977,0.693610985,232.6076019
232750,124.6349988,0.685867991,232.5946741
233000,107.560997,0.680137484,232.6318005
233250,136.9329968,0.723034482,232.6262109
233500,131.4259961,0.713340981,232.6148651
233750,136.6609967,0.728484993,232.585564
234000,140.7999976,0.77727598,232.6140094
234250,140.7999976,0.77727598,232.6140094
234500,163.7799988,0.803475471,232.5855225
234750,125.0829959,0.662454984,232.6336121
235000,120.3699963,0.699582973,232.614303
235250,131.673996,0.759011979,232.6038171
235500,158.0039948,0.786140471,232.5966168
235750,125.8749997,0.718728988,232.5990814
236000,142.8609979,0.751351478,232.6284106
236250,133.8059988,0.738784478,232.6369293
236500,150.1789978,0.789032483,232.5824988
236750,131.9199988,0.710858474,232.6221069
237000,140.9749994,0.791877975,232.6000916
237250,159.8889966,0.808436983,232.5676752
237500,158.0499982,0.766843979,232.595658
237750,126.3779968,0.700984476,232.6357239
238000,137.5279993,0.780995984,232.6102686
238250,149.4119965,0.763553479,232.6097931
238500,143.5169995,0.737094455,232.5972748
238750,122.7779987,0.664254999,232.6186182
239000,127.1439963,0.751856973,232.6064166
239250,147.7709949,0.785514987,232.6133069
239500,145.3969934,0.768420985,232.6138727
239750,149.3709979,0.793967965,232.5854175
240000,143.1649976,0.757187474,232.6243683
240250,153.4789984,0.838848987,232.5996252
240500,157.727995,0.776065989,232.6062164
240750,157.727995,0.776065989,232.6062164
241000,143.6079993,0.755730979,232.6093707
241250,131.9589972,0.729682484,232.6208832
241500,137.5339954,0.766336489,232.5916357
241750,141.1759991,0.741002474,232.5920996
242000,129.5869986,0.721862464,232.6095917
242250,135.4229956,0.743773484,232.5761853
242500,132.8809964,0.708582985,232.5920331
242750,119.0649973,0.668037488,232.6027216
243000,125.7739966,0.729777489,232.6219635
243250,112.8469977,0.600667982,232.6344183
243500,112.6389941,0.714594991,232.6258752
243750,128.596998,0.726600983,232.6349377
244000,117.2989972,0.629266984,232.6434833
244250,120.0749976,0.733069973,232.6010474
244500,130.1119989,0.681165483,232.635899
244750,116.7549976,0.666328466,232.6394745
245000,116.091998,0.672936995,232.6287793
245250,110.4179962,0.646847491,232.6340167
245500,108.1469937,0.66570699,232.6416174
245750,121.759996,0.72082648,232.6274908
246000,122.0669986,0.633835478,232.6453839
246250,106.9689981,0.643720977,232.6499554
246500,114.1689972,0.681502976,232.6467621
246750,119.5269968,0.691589496,232.6248236
247000,97.20099609,0.529768482,232.6423468
247250,97.20099609,0.529768482,232.6423468
247500,85.21299866,0.666388977,232.63776
247750,103.7869977,0.546769993,232.6900049
248000,90.38299927,0.620644987,232.6401862
248250,100.7029984,0.502404493,232.6437225
248500,75.82999908,0.564360496,232.6520502
248750,76.72199951,0.450952982,232.6760712
249000,66.90799881,0.550116494,232.6564423
249250,76.48999863,0.445354991,232.6743542
249500,64.90399841,0.542589486,232.6426984
249750,76.13899933,0.390802989,232.6928925
250000,53.1749987,0.520040985,232.6618976
250250,73.97699753,0.395791994,232.6893127
250500,37.95099945,0.380463495,232.6539386
250750,51.15299934,0.332220491,232.6953546
251000,41.08499992,0.406436996,232.6550659
251250,51.6769986,0.357981988,232.6951489
251500,45.00099915,0.421607493,232.6740106
251750,52.26399811,0.303803989,232.7026343
252000,30.92799965,0.35848199,232.67216
252250,47.08899849,0.280317491,232.6995551
252500,18.53199968,0.327474486,232.692099
252750,35.53199852,0.259882492,232.711264
253000,32.48099998,0.431660985,232.6823999
253250,60.91699928,0.348859488,232.687002
253500,28.44599953,0.319249491,232.6763867
253750,28.44599953,0.319249491,232.6763867
254000,41.73099823,0.296060993,232.6940662
254250,15.8979998,0.221082994,232.7060602
254500,20.66199959,0.216940494,232.7062476
254750,26.38299965,0.351703992,232.701994
255000,50.37899857,0.31653349,232.6740173
255250,25.99699989,0.388057485,232.6799146
255500,53.57599869,0.356726499,232.6848492
255750,30.37199936,0.382164491,232.6614807
256000,57.57799927,0.361884989,232.6887622
256250,33.24399956,0.354063491,232.6809125
256500,53.20699844,0.34388849,232.6719305
256750,19.56599979,0.349821488,232.6862738
257000,44.29699875,0.331111988,232.6969159
257250,29.3209996,0.312992992,232.7038483
257500,41.31700027,0.310481497,232.6876953
257750,33.69699921,0.417923986,232.668689
258000,62.08499832,0.410083994,232.6840729
258250,24.21499931,0.314996498,232.7310022
258500,41.6799984,0.327402486,232.7220752
258750,24.88599915,0.287117497,232.7080176
259000,32.24099945,0.268703486,232.7134027
259250,22.49499989,0.33980899,232.6779242
259500,53.15699905,0.370079486,232.7018262
259750,37.28200027,0.411403486,232.6883618
260000,70.52899811,0.459462491,232.6732495
260250,70.52899811,0.459462491,232.6732495
260500,36.51299927,0.378351493,232.68664
260750,57.41799866,0.40649199,232.6737592
261000,27.16399883,0.264590993,232.6860724
261250,38.47199928,0.412575997,232.6787598
261500,75.67499817,0.504229989,232.6526837
261750,41.18499756,0.440729991,232.6486395
262000,66.48200027,0.435425996,232.6703137
262250,41.47,0.359634495,232.6754413
262500,36.77600143,0.487373003,232.6109314
262750,23.07399971,0.394171494,232.6577081
263000,72.22099731,0.49524648,232.6613776
263250,45.24699959,0.364460986,232.6735931
263500,64.58199989,0.480192995,232.6883868
263750,52.37399765,0.407096989,232.6776422
264000,75.98800018,0.50264448,232.660564
264250,35.467999,0.406257485,232.6563275
264500,91.76199783,0.58363148,232.6338019
264750,69.46699936,0.454743984,232.6610028
265000,79.42299789,0.524432485,232.6620184
265250,61.20999756,0.42020849,232.6760352
265500,73.99099945,0.516056993,232.6778162
265750,69.39999771,0.444263984,232.6762817
266000,72.62099777,0.516566504,232.6796008
266250,63.25399887,0.40168049,232.6916986
266500,60.63499985,0.428961991,232.6840186
266750,60.63499985,0.428961991,232.6840186
267000,34.13599911,0.355807492,232.6933398
267250,73.56799881,0.533167491,232.6306836
267500,70.23499786,0.434851992,232.6677625
267750,80.29999649,0.58465399,232.6481866
268000,90.01399689,0.52810849,232.6802753
268250,62.10999878,0.418109989,232.6956891
268500,77.24699768,0.598550985,232.6456586
268750,77.66499786,0.46259549,232.685321
269000,77.3230011,0.54430649,232.6598743
269250,77.44199646,0.50159999,232.6632166
269500,103.4119989,0.666703005,232.644856
269750,79.06999847,0.426824986,232.6733575
270000,64.46999832,0.516722994,232.6478729
270250,62.84199936,0.389331989,232.6938654
270500,62.64499939,0.463734485,232.6869397
270750,62.42999924,0.407371987,232.6795886
271000,67.31399857,0.512667489,232.6665039
271250,98.19899719,0.643975987,232.6486188
271500,81.5039975,0.425557985,232.6870367
271750,61.65400009,0.519388996,232.6660895
272000,68.04199768,0.406128986,232.6779156
272250,56.65099945,0.418427488,232.6843774
272500,44.5569986,0.297999486,232.6961774
272750,52.44499825,0.518912989,232.6759552
273000,70.95299805,0.377974987,232.7075562
273250,70.95299805,0.377974987,232.7075562
273500,50.79199966,0.484602481,232.6694818
273750,64.96899811,0.404759488,232.6835394
274000,61.79399841,0.467782998,232.6679352
274250,61.75299881,0.390212491,232.67237
274500,64.45999771,0.574367487,232.6554834
274750,85.97799927,0.454137486,232.6728839
275000,70.52099884,0.576762991,232.6655957
275250,86.7759967,0.462840489,232.6772754
275500,71.32199875,0.56631248,232.6550824
275750,77.08399902,0.422623996,232.6899445
276000,43.47199936,0.379896488,232.6738446
276250,54.17099869,0.389936492,232.6706415
276500,70.73799866,0.541190486,232.6747144
276750,70.99699776,0.345909989,232.7011774
277000,41.53699829,0.538660994,232.6633392
277250,79.51500031,0.436504985,232.6536426
277500,52.64899933,0.442489485,232.6727063
277750,72.39499878,0.50329049,232.6610663
278000,72.30699951,0.452646989,232.6755658
278250,54.94799835,0.447734488,232.6960272
278500,73.45199799,0.429862493,232.6735693
278750,52.71599869,0.375251994,232.7044012
279000,54.05999863,0.45419849,232.6725598
279250,74.64699677,0.459838481,232.6823956
279500,62.45399841,0.423143485,232.6841705
279750,62.45399841,0.423143485,232.6841705
280000,64.47599884,0.424443996,232.678385
280250,58.8019989,0.413467486,232.6777307
280500,63.31699783,0.466716988,232.6737982
280750,72.03799866,0.464491489,232.666098
281000,61.20899811,0.387280984,232.6806433
281250,47.625,0.403519983,232.6760809
281500,64.13999771,0.448678989,232.6892017
281750,64.45999924,0.425491488,232.6828754
282000,55.61299957,0.408969487,232.6846265
282250,54.8809996,0.427740489,232.7047485
282500,63.33299774,0.421743494,232.7021686
282750,51.31699844,0.399012488,232.7084686
283000,63.52099854,0.431345487,232.6813721
283250,50.95099808,0.327836491,232.7221771
283500,36.51299911,0.340279499,232.6870331
283750,44.82699974,0.322296495,232.6968585
284000,26.37600014,0.288263491,232.7056744
284250,33.46599899,0.39090349,232.6861652
284500,62.43399872,0.397292991,232.6998419
284750,52.06499893,0.397334985,232.6629474
285000,55.24099854,0.411747988,232.6668195
285250,58.04999924,0.448028489,232.6612604
285500,63.35799866,0.37560798,232.6740009
285750,48.77699921,0.415054988,232.6786432
286000,66.57999908,0.407887992,232.6929846
286250,66.57999908,0.407887992,232.6929846
286500,42.2439978,0.4246865,232.6896295
286750,63.14599731,0.422820495,232.6998602
287000,46.08299988,0.367510991,232.6912531
287250,55.26099838,0.405928988,232.6865216
287500,65.90899887,0.510210488,232.6723779
287750,81.3519989,0.498620485,232.6655383
288000,60.57199982,0.547249496,232.6470874
288250,128.3059961,0.76181998,232.5792181
288500,109.1649957,0.524412985,232.6506427
288750,62.10799957,0.354165492,232.6860107
289000,42.72599869,0.485300492,232.6505219
289250,149.1899973,0.979185476,232.5665521
289500,213.8689917,1.004137988,232.5681323
289750,214.6159943,1.004840484,232.5391217
290000,213.502995,1.003620479,232.5519531
290250,213.9819989,1.003096952,232.5740186
290500,214.2739948,0.981134474,232.5670892
290750,158.2119974,0.618797978,232.6586035
291000,61.12999908,0.424451996,232.6724817
291250,65.06699783,0.400001497,232.6925549
291500,48.51699875,0.411514487,232.6724426
291750,74.53199615,0.597404974,232.6233398
292000,159.3409964,0.949863975,232.5446216
292250,213.3239966,0.997056489,232.5388757
292500,212.385993,0.99713248,232.5801447
292750,212.385993,0.99713248,232.5801447
293000,213.4740057,1.001671987,232.5538562
293250,212.0039996,0.991854968,232.534762
293500,189.1859943,0.768945484,232.6135706
293750,84.55899689,0.447057984,232.656474
294000,70.51299744,0.483666979,232.6909637
294250,62.79699936,0.404766986,232.715274
294500,55.3419986,0.403641988,232.6974689
294750,41.24999817,0.40347999,232.6674829
295000,128.6699976,0.946223965,232.5541376
295250,212.6919958,0.995390468,232.5383264
295500,212.0309949,0.995538473,232.5633221
295750,211.0649963,0.989006963,232.5536597
296000,206.6399982,0.929634984,232.5785565
296250,136.5549957,0.571286478,232.6807947
296500,66.55399933,0.476781495,232.6784497
296750,63.76999817,0.358579988,232.7021307
297000,31.67000031,0.437252998,232.6881073
297250,47.36699829,0.344634991,232.7250745
297500,47.02099937,0.273771499,232.7206909
297750,20.30299927,0.210956493,232.7033478
298000,19.13099953,0.199937493,232.6774988
298250,18.78399979,0.198352995,232.7129791
298500,15.86199932,0.190817993,232.7009351
298750,16.4129998,0.187922996,232.6833026
299000,18.54199928,0.202090996,232.7132349
299250,18.54199928,0.202090996,232.7132349
299500,18.8359996,0.224868495,232.7115277
299750,25.50199928,0.243516994,232.6967847
300000,22.35499954,0.229409995,232.7122668
300250,35.26399948,0.301301494,232.6998071
300500,27.20299927,0.207250494,232.7329785
300750,17.53999992,0.198433993,232.69789
301000,17.535,0.1997915,232.7180182
301250,18.7389994,0.192543492,232.733775
301500,14.45099968,0.170148492,232.6991614
301750,16.25999977,0.193187497,232.7279291
302000,17.82399971,0.201175993,232.7201715
302250,18.6789994,0.198062996,232.7014203
302500,18.5029998,0.204072493,232.6993524
302750,20.49499985,0.218991995,232.7040259
303000,17.20099957,0.187629994,232.7112671
303250,17.51299965,0.197056496,232.7154962
303500,16.74899948,0.199169497,232.7279382
303750,18.7359996,0.198798495,232.7157855
304000,17.49999985,0.190538993,232.7091064
304250,13.95000008,0.1826335,232.7154443
304500,19.32899948,0.196098995,232.717074
304750,17.57699986,0.198439992,232.7177441
305000,18.93499962,0.205983498,232.7214746
305250,21.54199951,0.231758992,232.7147864
305500,21.70699982,0.195883993,232.6926996
305750,21.70699982,0.195883993,232.6926996
306000,15.75799976,0.200406993,232.7138007
306250,17.47499847,0.198249993,232.7315228
306500,18.46499977,0.214679995,232.7242236
306750,20.56999954,0.212101495,232.6987561
307000,16.37099949,0.177868494,232.7169684
307250,17.99199932,0.22200599,232.7005304
307500,23.81699936,0.231108494,232.7056183
307750,23.71899918,0.228528995,232.7249554
308000,23.28099899,0.231516494,232.7052502
308250,31.19799881,0.287028989,232.7069122
308500,36.8159993,0.267332494,232.7013727
308750,25.33699951,0.225342996,232.7021167
309000,23.0619986,0.231159996,232.7011334
309250,24.43499977,0.238023492,232.6969214
309500,23.34599907,0.204667996,232.701969
309750,15.38299961,0.220267497,232.6785889
310000,26.6429998,0.235679494,232.7076166
310250,23.96999916,0.237603992,232.7287543
310500,24.92099953,0.241755995,232.7258813
310750,27.42899994,0.249094995,232.7100793
311000,37.36699936,0.301235496,232.7355383
311250,29.91199898,0.231252492,232.7298987
311500,24.88799927,0.228873989,232.72021
311750,22.96899948,0.228386994,232.7147522
312000,21.86099915,0.211949496,232.7214032
312250,21.86099915,0.211949496,232.7214032
312500,16.5979995,0.188893997,232.7087885
312750,21.81699982,0.232978495,232.726402
313000,25.05999908,0.237675995,232.7417938
313250,25.1739991,0.230855995,232.7299463
313500,21.43699959,0.234497494,232.7276666
313750,25.51399918,0.235017493,232.7260297
314000,25.17599892,0.230816493,232.6942255
314250,23.17999886,0.231917995,232.6757062
314500,23.10199944,0.225099995,232.6888885
314750,22.06800026,0.225727996,232.7043683
315000,22.65000031,0.224977493,232.7177014
315250,23.36799973,0.25172199,232.7134515
315500,32.47699921,0.26442849,232.7263141
315750,26.74499886,0.231649993,232.721756
316000,23.81699875,0.242333496,232.7248199
316250,24.80299927,0.235792493,232.7219965
316500,25.62299942,0.243664993,232.7194971
316750,25.12899963,0.252878998,232.6832422
317000,25.37999924,0.234567993,232.7164435
317250,23.08899979,0.226375497,232.7265527
317500,21.88099945,0.232576495,232.7263165
317750,26.09499901,0.24397849,232.7119379
318000,26.22499847,0.266900995,232.7209717
318250,38.02399902,0.30585649,232.7314264
318500,24.6989994,0.227659492,232.7243585
318750,24.6989994,0.227659492,232.7243585
319000,21.74699936,0.223013493,232.7176025
319250,20.46499962,0.256340494,232.7245697
319500,40.61799881,0.322949491,232.6968536
319750,31.89999947,0.271329989,232.6985852
320000,38.1389991,0.322050993,232.7085571
320250,26.23699898,0.283307493,232.6969397
320500,41.96299927,0.348991985,232.7022638
320750,32.43199898,0.273137993,232.7259479
321000,44.45099915,0.358875995,232.7143152
321250,34.73999939,0.29314649,232.7255542
321500,45.24899872,0.38362799,232.7162897
321750,34.56199913,0.328688492,232.7006122
322000,64.2449984,0.46219699,232.697226
322250,49.30999924,0.33782249,232.6991675
322500,61.50499985,0.515942991,232.6902997
322750,91.51499939,0.55504149,232.6774921
323000,72.52199905,0.431514488,232.6812396
323250,69.32199905,0.458657993,232.7029376
323500,52.35099854,0.38707949,232.698562
323750,69.72599945,0.492842982,232.6846283
324000,61.51999924,0.408733493,232.7067712
324250,79.53499786,0.566320481,232.6606586
324500,84.65899963,0.49891198,232.6630859
324750,82.42899872,0.543589485,232.69198
325000,74.69499878,0.488081489,232.6718903
325250,74.69499878,0.488081489,232.6718903
325500,93.92499832,0.644186974,232.6399152
325750,104.1009995,0.589413996,232.6552197
326000,106.6669977,0.661998987,232.6535291
326250,93.04799683,0.548776491,232.7014484
326500,93.22799896,0.588809977,232.6709857
326750,89.61799805,0.535227476,232.6915991
327000,103.3189975,0.69614399,232.6671381
327250,93.94699951,0.484960489,232.6964624
327500,83.63899811,0.642195983,232.6583136
327750,98.83099701,0.591147985,232.6651617
328000,114.0559961,0.707283475,232.6455865
328250,107.8059961,0.559917471,232.6791132
328500,92.07699799,0.60954447,232.6300732
328750,80.82999756,0.450604484,232.7015948
329000,78.59,0.638909492,232.6610907
329250,90.62399734,0.485121487,232.6916071
329500,86.32999863,0.628638487,232.6512976
329750,79.52299774,0.431869985,232.7027264
330000,68.75299759,0.599343483,232.6510187
330250,80.25099945,0.448098989,232.6994104
330500,76.84999939,0.618871484,232.6640588
330750,91.79099884,0.496439494,232.6866022
331000,75.91299805,0.520111489,232.6741785
331250,81.67999847,0.51089149,232.6784985
331500,84.67599884,0.569122982,232.6675452
331750,84.67599884,0.569122982,232.6675452
332000,88.76099762,0.490147492,232.7002252
332250,66.19100037,0.412906491,232.7040411
332500,54.41299881,0.365959982,232.6897546
332750,62.31399902,0.546859478,232.6372424
333000,75.41399796,0.429336489,232.6765247
333250,63.61599808,0.467215979,232.6897083
333500,74.71299927,0.450678991,232.7137976
333750,56.58399918,0.350218992,232.7225061
334000,52.38399887,0.429343989,232.6785785
334250,58.6639978,0.349154987,232.7093628
334500,23.8339994,0.261879995,232.7255371
334750,44.69499901,0.449328988,232.6693585
335000,60.77099854,0.344980994,232.6787463
335250,41.59899948,0.404042491,232.6744885
335500,54.96299789,0.323655992,232.7245697
335750,28.37299927,0.255538993,232.7195624
336000,37.14599892,0.367200985,232.7131946
336250,45.18399933,0.299307994,232.7165472
336500,34.90599876,0.346579483,232.7038074
336750,48.58199829,0.301021495,232.7066656
337000,24.26599945,0.256280493,232.7207446
337250,28.14699944,0.242952994,232.6792737
337500,29.37099945,0.304253492,232.7213641
337750,39.61799866,0.275550993,232.68513
338000,26.24799942,0.250137495,232.7204327
338250,26.24799942,0.250137495,232.7204327
338500,27.95499878,0.242079495,232.7080432
338750,30.04499954,0.330528488,232.7159222
339000,46.21099899,0.308423486,232.693476
339250,28.17399933,0.274959488,232.7222406
339500,34.8759996,0.266398498,232.7202997
339750,28.62799927,0.32473399,232.7279889
340000,44.62299927,0.314942489,232.6976074
340250,35.0429995,0.369620492,232.6927637
340500,56.68099899,0.345725993,232.6904175
340750,35.03799911,0.316458994,232.7144012
341000,48.3619989,0.38818249,232.6970667
341250,57.04499878,0.39501999,232.6988983
341500,52.6869986,0.350482483,232.7034796
341750,42.75299896,0.393959485,232.7009796
342000,61.08599823,0.381334488,232.7083459
342250,36.23299934,0.348063991,232.7009686
342500,51.59899826,0.366608491,232.6975098
342750,34.36499893,0.309773991,232.6960504
343000,45.98699844,0.357410988,232.6886945
343250,53.95999863,0.403919997,232.7252362
343500,66.70499847,0.400584489,232.6958374
343750,34.1789994,0.314888488,232.696803
344000,41.84200043,0.326542488,232.7036169
344250,38.72900009,0.354016987,232.6795129
344500,58.36199905,0.370019488,232.6813501
344750,58.36199905,0.370019488,232.6813501
345000,37.0479985,0.321321996,232.6850592
345250,46.52799881,0.34792749,232.7167725
345500,35.69599876,0.25330749,232.7155585
345750,27.84399933,0.293562995,232.7224707
346000,45.19899796,0.373900495,232.6988428
346250,62.25099838,0.406953492,232.6706586
346500,34.21199959,0.335361991,232.7185645
346750,52.83499908,0.398062992,232.7047974
347000,53.50399857,0.350284493,232.714845
347250,44.00899918,0.330475491,232.6753223
347500,51.03799927,0.382302985,232.7055499
347750,51.55099854,0.361506985,232.7109686
348000,43.58799881,0.298563493,232.7063367
348250,32.39199974,0.288722495,232.7204193
348500,40.95499924,0.322761984,232.6987592
348750,38.5569986,0.311297492,232.6967474
349000,46.09800003,0.372461492,232.7192352
349250,56.33799911,0.388943495,232.7236261
349500,47.28399841,0.346804495,232.7188727
349750,53.28999832,0.385860988,232.7147223
350000,40.61999931,0.261279491,232.7200604
350250,28.04599945,0.258125997,232.7184332
350500,23.05499939,0.234656494,232.7366949
350750,27.34499924,0.275961496,232.7213727
351000,31.74299965,0.256263993,232.6946844
351250,31.74299965,0.256263993,232.6946844
351500,26.23799934,0.273317493,232.6958356
351750,39.0659996,0.328074496,232.692901
352000,30.48099937,0.244593493,232.7056622
352250,35.2559996,0.327882992,232.7186047
352500,33.06099968,0.272824485,232.7237012
352750,36.57099838,0.329170489,232.7268536
353000,48.08299866,0.374656982,232.6956775
353250,45.3809993,0.319284996,232.7076978
353500,45.13699875,0.373941489,232.6781946
353750,56.43999832,0.426775488,232.6955615
354000,62.91999939,0.430817995,232.6951453
354250,63.89499878,0.440024987,232.6816022
354500,78.11599915,0.53864249,232.6713373
354750,80.05200043,0.465646992,232.6836151
355000,74.78699921,0.504434974,232.6366187
355250,81.19299896,0.509418991,232.6705542
355500,81.29599854,0.512286986,232.6563782
355750,81.49599792,0.52109699,232.6835059
356000,84.91799866,0.52806797,232.6883466
356250,79.8459967,0.489569982,232.6791656
356500,78.75,0.515918483,232.6848822
356750,90.60099915,0.568086994,232.6567657
357000,94.8059964,0.603946497,232.6886969
357250,94.38399872,0.564758482,232.6958282
357500,109.4799976,0.677477486,232.6680353
357750,109.4799976,0.677477486,232.6680353
358000,109.8239935,0.591981983,232.6523572
358250,95.4769986,0.58133148,232.7043982
358500,105.3409982,0.632648981,232.6403619
358750,113.9829953,0.692203975,232.6511621
359000,122.5749988,0.687356489,232.6447388
359250,129.3069955,0.752377477,232.6464264
359500,138.1339978,0.744302979,232.6471466
359750,137.8499957,0.731573465,232.6236395
360000,134.8279999,0.737238472,232.6233618
360250,135.0019995,0.727998486,232.6283582
360500,137.5349921,0.803339984,232.6092621
360750,158.307995,0.813761475,232.6104303
361000,153.226994,0.781542983,232.6257245
361250,147.3939984,0.799280491,232.612793
361500,156.6419965,0.820205476,232.6431305
361750,158.6099927,0.83004698,232.6029492
362000,161.7610022,0.863932481,232.6055249
362250,166.3839978,0.826423483,232.5946106
362500,151.3769965,0.785770984,232.6170801
362750,150.2200018,0.801545987,232.6172479
363000,157.1069952,0.802043481,232.6195508
363250,151.9650006,0.787535968,232.6224304
363500,148.6979974,0.784886472,232.6164569
363750,149.4279993,0.784163477,232.6054681
364000,143.4549969,0.759613979,232.6205402
364250,143.4549969,0.759613979,232.6205402
364500,140.7809979,0.763948479,232.6253125
364750,139.5689966,0.729808979,232.6457147
365000,129.2149966,0.724383976,232.6219501
365250,134.6739954,0.741991479,232.6433337
365500,134.9729974,0.757399974,232.5979669
365750,144.0389935,0.75241298,232.6182721
366000,130.2029956,0.686955485,232.6292255
366250,113.7819977,0.634608984,232.6381433
366500,118.3739975,0.746501,232.6154047
366750,138.5249976,0.698666463,232.6624884
367000,113.9169974,0.635036497,232.6582697
367250,109.9929974,0.673386967,232.6315228
367500,116.9819968,0.627890482,232.6459473
367750,92.90499847,0.518140491,232.6663391
368000,77.16199768,0.516082494,232.6642224
368250,90.6419989,0.530707982,232.6798743
368500,83.00799805,0.515512488,232.6751532
368750,82.58399933,0.528746994,232.6261047
369000,89.51299805,0.51412249,232.685871
369250,73.3489978,0.452768991,232.7021942
369500,70.75399902,0.466438988,232.6787451
369750,76.24599945,0.497786987,232.702395
370000,78.24399933,0.469887496,232.6689221
370250,71.67899872,0.451892488,232.6523859
370500,66.87899963,0.456172487,232.6798645
370750,66.87899963,0.456172487,232.6798645
371000,72.73599823,0.482229979,232.6274585
371250,77.26299622,0.518883487,232.6732251
371500,81.6559967,0.469349483,232.6718658
371750,63.44999924,0.405684491,232.6752917
372000,54.77499939,0.38788149,232.7298285
372250,54.02699844,0.389730988,232.6777625
372500,57.93299866,0.419310492,232.663822
372750,62.28299805,0.402354492,232.7057312
373000,56.39599884,0.440892488,232.6623486
373250,81.34999878,0.570303984,232.6721924
373500,96.15399841,0.571307983,232.6566089
373750,90.39999725,0.532754478,232.6784375
374000,82.75999725,0.560543482,232.6651532
374250,104.1549982,0.645994484,232.634306
374500,102.1609998,0.572478988,232.6574341
374750,90.84999664,0.570411987,232.6439368
375000,95.07599823,0.575929489,232.6189221
375250,95.73499756,0.579840991,232.6669104
375500,95.61199982,0.57957499,232.6546411
375750,92.07599915,0.591628981,232.6642651
376000,101.2709988,0.603272984,232.6530011
376250,90.71300018,0.512988985,232.658717
376500,77.36799835,0.494871485,232.6623779
376750,79.15999847,0.503683983,232.6421082
377000,77.22599854,0.482362486,232.6695978
377250,77.22599854,0.482362486,232.6695978
377500,74.96099762,0.493203986,232.6480835
377750,79.40299774,0.537844985,232.6419391
378000,92.54199738,0.59037348,232.6213263
378250,97.68899872,0.565930471,232.6250055
378500,83.0389978,0.463615991,232.647959
378750,68.55299744,0.450923991,232.685354
379000,74.45699799,0.497304485,232.6856781
379250,92.60599518,0.564808488,232.6670184
379500,76.52699707,0.45322798,232.65151
379750,65.6889975,0.426371487,232.6572522
380000,65.45799683,0.45229049,232.690932
380250,69.34499847,0.457550986,232.690238
380500,70.43799866,0.45494049,232.6383429
380750,73.31499786,0.474041489,232.6818787
381000,77.78799805,0.487975988,232.6727777
381250,75.90199921,0.478172988,232.6928778
381500,70.78199844,0.424888992,232.6610858
381750,70.86499832,0.504148983,232.6167035
382000,94.86200073,0.617464497,232.6399579
382250,100.6819971,0.545489485,232.6659314
382500,84.70999878,0.536226485,232.6814288
382750,96.03499908,0.626652989,232.6247205
383000,104.027999,0.533810979,232.6280243
383250,80.69799835,0.522558986,232.6119086
383500,95.59099884,0.602259974,232.6423956
383750,95.59099884,0.602259974,232.6423956
384000,101.863999,0.573729489,232.6266382
384250,88.61899689,0.52082499,232.6568408
384500,102.258999,0.721261978,232.6139093
384750,123.6769971,0.646532481,232.6238702
385000,99.73499756,0.58307548,232.6073273
385250,96.87400024,0.569596977,232.6054199
385500,103.8319986,0.649422998,232.6407581
385750,108.5719974,0.588890491,232.6311554
386000,99.3189975,0.616546483,232.6050696
386250,103.3049976,0.59544049,232.6313141
386500,98.60599762,0.563545485,232.6675281
386750,90.74299683,0.550804491,232.6888513
387000,95.07199585,0.590901482,232.6253497
387250,111.7369928,0.693789475,232.6094385
387500,122.1299985,0.669511995,232.5959418
387750,110.9149982,0.667847972,232.6330994
388000,115.3639981,0.668333473,232.6306927
388250,122.3739981,0.753900971,232.6131622
388500,149.9529974,0.807449474,232.573678
388750,152.4399951,0.793019481,232.5939459
389000,148.1119971,0.786812978,232.6032849
389250,151.1059973,0.842852969,232.5689069
389500,163.912995,0.821902997,232.6208691
389750,155.4399957,0.787246475,232.5984894
390000,149.9859973,0.81677947,232.609328
390250,149.9859973,0.81677947,232.609328
390500,158.6759998,0.814861474,232.6048224
390750,159.3509943,0.840890982,232.6304346
391000,165.2670001,0.867140477,232.5811218
391250,173.0379999,0.851711993,232.5839838
391500,173.805,0.913705962,232.5617926
391750,194.8689948,0.920434968,232.5831189
392000,179.7169983,0.88818749,232.546275
392250,180.9939966,0.905371964,232.60375
392500,186.0389972,0.878420477,232.6105817
392750,163.8699951,0.842089486,232.6063849
393000,170.1169922,0.876342983,232.5970856
393250,183.0319983,0.911954472,232.5661395
393500,186.2459943,0.894642489,232.572998
393750,169.2699951,0.835599988,232.5813165
394000,164.6659979,0.828799982,232.6141742
394250,164.1209943,0.88202997,232.5765283
394500,177.7649945,0.858736978,232.6111414
394750,163.7529962,0.838625975,232.6002594
395000,170.2049994,0.849353476,232.6050806
395250,164.9529987,0.835074484,232.5848822
395500,160.5469977,0.827700479,232.5821167
395750,164.688996,0.830331979,232.6073114
396000,153.5050024,0.80003999,232.5995978
396250,153.9149957,0.801268985,232.5803296
396500,155.6569971,0.805273981,232.6126288
396750,155.6569971,0.805273981,232.6126288
397000,154.0809967,0.796317949,232.6003296
397250,150.8109979,0.786642485,232.5966553
397500,149.8559967,0.798524985,232.5806177
397750,151.2889978,0.784786992,232.6273834
398000,143.1249963,0.762978492,232.607522
398250,138.2279968,0.769553006,232.6098932
398500,148.4599976,0.78513799,232.5823969
398750,137.6019965,0.732316988,232.574895
399000,127.2049976,0.684493477,232.6262555
399250,118.0029974,0.66347599,232.6211743
399500,113.5179947,0.674622476,232.646087
399750,117.7919955,0.677034471,232.5935193
400000,122.4779968,0.707098491,232.620332
400250,116.4929993,0.657138472,232.6177649
400500,116.7219968,0.646775486,232.6326508
400750,106.7159995,0.61433948,232.6359589
401000,105.683999,0.621790481,232.6409656
401250,102.3059973,0.592314472,232.6477484
401500,100.5149982,0.599867485,232.6466901
401750,82.4669986,0.481831496,232.6672302
402000,77.32699829,0.539450984,232.65513
402250,94.67099823,0.578967984,232.6324548
402500,96.67599915,0.585245984,232.6577325
402750,97.63299713,0.575235493,232.6774451
403000,90.54599945,0.528721495,232.6775378
403250,90.54599945,0.528721495,232.6775378
403500,87.675,0.546237993,232.6769391
403750,77.0069986,0.459355485,232.6455017
404000,71.81999817,0.45499748,232.6849536
404250,67.8239975,0.444361491,232.6574121
404500,67.76299927,0.432950484,232.6999725
404750,68.89599854,0.427286489,232.6871045
405000,53.11599854,0.341444995,232.7022058
405250,55.26599762,0.421249492,232.7173187
405500,53.76999954,0.34437349,232.7205841
405750,53.0729985,0.401539488,232.6709778
406000,54.10499802,0.340773494,232.6945056
406250,48.28599915,0.368760488,232.6835413
406500,62.77299881,0.427391992,232.6682379
406750,74.06099915,0.506935986,232.6433978
407000,78.88299896,0.460081488,232.6569366
407250,67.00099762,0.418709487,232.6670343
407500,66.07099808,0.468233986,232.6571698
407750,64.57700012,0.390383494,232.6756403
408000,66.93599747,0.511601487,232.7045264
408250,83.97099792,0.51740998,232.6697748
408500,78.60099731,0.465921992,232.6683862
408750,77.98099915,0.521906985,232.6643097
409000,87.36599426,0.532861986,232.682265
409250,84.4109967,0.500975492,232.6535022
409500,76.39799805,0.490807486,232.6997046
409750,76.39799805,0.490807486,232.6997046
410000,82.34699768,0.523639493,232.6581396
410250,81.39799835,0.499988488,232.650954
410500,72.94799835,0.414486989,232.6828778
410750,56.39399857,0.376980991,232.6893768
411000,65.44599792,0.512826484,232.6827338
411250,81.92299927,0.461851991,232.6784607
411500,65.13699829,0.471364483,232.6875
411750,75.16299957,0.506685994,232.6627032
412000,83.51799713,0.520242486,232.6563037
412250,90.54499939,0.577914474,232.646203
412500,104.2840002,0.637558982,232.6411572
412750,108.7299976,0.619179482,232.6705676
413000,100.3279977,0.602847981,232.6313654
413250,102.696998,0.614070482,232.619541
413500,98.52399811,0.573604488,232.6414063
413750,97.76599731,0.590790489,232.6131812
414000,100.260997,0.592106483,232.6404858
414250,100.582998,0.633486989,232.6414325
414500,110.7019983,0.607418978,232.6371271
414750,99.71599823,0.638857474,232.6293414
415000,107.7649963,0.597894495,232.6408075
415250,101.1239987,0.64425148,232.6035895
415500,113.4279993,0.648349979,232.6499591
415750,115.5479968,0.690360487,232.6644666
416000,126.0019955,0.702945981,232.6533093
416250,126.0019955,0.702945981,232.6533093
416500,128.2129968,0.723995967,232.6268219
416750,136.9959998,0.773215477,232.6245642
417000,137.0339954,0.718940966,232.6592279
417250,119.2399969,0.669802477,232.654325
417500,118.0489963,0.69731849,232.656853
417750,124.231998,0.687153494,232.6300385
418000,123.6559967,0.705772986,232.5899329
418250,129.7939975,0.712166994,232.6153815
418500,127.478996,0.737496483,232.6146686
418750,137.0039972,0.719148982,232.6222852
419000,115.9669971,0.648365982,232.6019427
419250,108.0349969,0.634967475,232.6438879
419500,115.8049969,0.705229974,232.6075592
419750,134.8149951,0.729244473,232.6184778
420000,126.5819968,0.719949985,232.6257349
420250,126.2169998,0.703655469,232.6400067
420500,123.7219971,0.702443488,232.6266589
420750,126.105997,0.69122448,232.638208
421000,121.1239972,0.666067977,232.6157031
421250,118.1419974,0.665511982,232.6464111
421500,117.631994,0.718840473,232.623855
421750,136.7019965,0.763461981,232.6206085
422000,140.8239929,0.740684478,232.6160394
422250,127.0619962,0.727332981,232.6021661
422500,135.4809991,0.740677986,232.6469574
422750,135.4809991,0.740677986,232.6469574
423000,135.1889966,0.72000299,232.646214
423250,124.6279971,0.725667489,232.646864
423500,140.6559973,0.764200473,232.6004858
423750,135.1459982,0.721636481,232.6169537
424000,128.1589966,0.735235467,232.6115894
424250,141.177998,0.770274479,232.5939392
424500,142.3519965,0.775340991,232.5755011
424750,156.1729956,0.809980483,232.6094006
425000,127.1599985,0.703097479,232.6439423
425250,130.4369983,0.729544983,232.646275
425500,132.1699963,0.720007992,232.621286
425750,122.7139981,0.674050486,232.6432623
426000,114.8109964,0.671752968,232.6354388
426250,120.946994,0.684134476,232.6655389
426500,116.7499976,0.675693974,232.689223
426750,122.8099985,0.699389994,232.6310217
427000,116.3059955,0.650963488,232.630567
427250,118.2899979,0.668455491,232.6346075
427500,103.5199969,0.642581978,232.6423169
427750,123.1429974,0.695954974,232.6147815
428000,112.5829977,0.611990476,232.6438251
428250,103.1219995,0.62030699,232.6408215
428500,105.9060004,0.618195977,232.6392737
428750,113.6949982,0.685641484,232.6349139
429000,125.747998,0.69593648,232.6098926
429250,125.747998,0.69593648,232.6098926
429500,118.5099963,0.649880981,232.6759229
429750,109.1089969,0.638654478,232.6528735
430000,116.5769974,0.693592484,232.632959
430250,118.7189963,0.672660987,232.6465582
430500,117.601998,0.656586986,232.638559
430750,103.276998,0.586222496,232.6796265
431000,94.14699921,0.575481982,232.6620642
431250,99.20899689,0.596867466,232.6382794
431500,110.3349942,0.674464958,232.5963177
431750,104.1379968,0.589918993,232.6117786
432000,101.8939963,0.607696488,232.6397668
432250,91.47399902,0.52511898,232.6903589
432500,88.69599823,0.574109485,232.6436969
432750,101.873996,0.611088986,232.6264948
433000,100.6499979,0.585430989,232.6024622
433250,91.06499664,0.506702491,232.6556287
433500,71.9189978,0.451101985,232.636521
433750,67.63299896,0.43072399,232.6849976
434000,70.86799805,0.488541991,232.6793854
434250,79.24099823,0.514922984,232.6273743
434500,88.79199677,0.535868979,232.6721686
434750,81.37300018,0.488821993,232.6626215
435000,77.67199799,0.501193485,232.6391846
435250,80.48999939,0.48329399,232.6700763
435500,71.44499908,0.440913997,232.6929596
435750,71.44499908,0.440913997,232.6929596
436000,62.66899918,0.396404994,232.6677753
436250,62.7969989,0.434010493,232.671507
436500,66.7519986,0.449225494,232.6593506
436750,62.16299805,0.370189993,232.6955432
437000,56.99599838,0.425152488,232.6563116
437250,62.42299866,0.390556492,232.6878754
437500,59.16899948,0.428003482,232.6604211
437750,68.95600067,0.444858487,232.6789453
438000,70.29799805,0.453783996,232.6474707
438250,69.94299927,0.450228488,232.6866742
438500,65.82899811,0.392067987,232.6789355
438750,57.63299881,0.398023986,232.6746973
439000,58.64299896,0.439522482,232.6730695
439250,73.49499939,0.481193489,232.6880981
439500,76.95199829,0.489665488,232.6701251
439750,77.01599884,0.468992485,232.674278
440000,67.98699753,0.422487485,232.6817719
440250,69.60199768,0.486498493,232.7056763
440500,78.56800171,0.481803491,232.6486615
440750,72.5919989,0.493703487,232.6747717
441000,81.57899811,0.509689984,232.6795496
441250,78.57699707,0.467731986,232.6737653
441500,66.28799805,0.473777992,232.7106494
441750,81.8109967,0.506249982,232.6769336
442000,84.58199768,0.513817996,232.6447125
442250,84.58199768,0.513817996,232.6447125
442500,79.45799866,0.497335985,232.6533411
442750,78.5939978,0.480032992,232.7122913
443000,74.41999847,0.500418479,232.6690698
443250,82.04400208,0.488218484,232.6607574
443500,78.75399902,0.527751982,232.6554626
443750,94.12499542,0.567402482,232.6511584
444000,95.36799591,0.570231988,232.6632678
444250,92.52800049,0.587036493,232.6498877
444500,96.53199707,0.550292485,232.6377954
444750,88.46099945,0.526908994,232.6762274
445000,85.52299805,0.539084983,232.6418921
445250,91.87599609,0.553071494,232.6637286
445500,98.83499817,0.60935199,232.6427515
445750,104.7169989,0.625247488,232.6544244
446000,104.0049942,0.632649488,232.6488159
446250,110.5249973,0.636652491,232.6588544
446500,112.7519968,0.662014985,232.654718
446750,122.0839987,0.694727991,232.6229633
447000,121.6849966,0.676225476,232.6356598
447250,123.1949948,0.726756985,232.6324048
447500,136.0899969,0.747501986,232.6144604
447750,133.7989981,0.691112006,232.6164301
448000,115.1509976,0.654066494,232.6275909
448250,118.2129941,0.701769483,232.6317603
448500,130.2159949,0.724341965,232.6134784
448750,130.2159949,0.724341965,232.6134784
449000,127.0549973,0.703743474,232.6587756
449250,117.7549939,0.685897481,232.6107825
449500,125.7449957,0.715006471,232.6077393
449750,137.2559979,0.788043981,232.5849561
450000,161.9759973,0.846859479,232.5816376
450250,167.6239856,0.838394465,232.5677905
450500,163.9269946,0.854207482,232.5756677
450750,175.7859985,0.872332482,232.5824365
451000,172.5909949,0.875780475,232.5716132
451250,184.8869946,0.921317468,232.5619891
451500,192.4439954,0.933745482,232.5425739
451750,188.6409937,0.90588347,232.5768695
452000,181.9740002,0.907211473,232.5875818
452250,194.0349994,0.963907986,232.5784631
452500,208.2399957,0.983348966,232.5260052
452750,203.6809973,0.92890547,232.59755
453000,174.8829932,0.877392974,232.6213354
453250,178.4909943,0.891282973,232.6085828
453500,184.0619958,0.902393475,232.6067261
453750,179.1809949,0.873858991,232.6064221
454000,172.0279962,0.861750977,232.5880298
454250,172.803996,0.862218482,232.5898608
454500,170.9399939,0.843378978,232.5955408
454750,161.2230023,0.826614475,232.6307587
455000,155.4490027,0.807240474,232.6069836
455250,155.4490027,0.807240474,232.6069836
455500,153.028999,0.807378979,232.6175653
455750,154.1999933,0.806589975,232.5977338
456000,151.1839966,0.782655969,232.5948621
456250,159.3129956,0.836257496,232.6251422
456500,162.7519946,0.820973988,232.6289642
456750,156.4499994,0.812159493,232.6001752
457000,159.7389923,0.823266978,232.6049274
457250,149.9589966,0.787746,232.6071118
457500,153.2639948,0.804691489,232.616767
457750,151.8309979,0.782587471,232.6033264
458000,148.8349969,0.774009979,232.591485
458250,139.4939972,0.751691985,232.6178351
458500,136.967998,0.738906488,232.636366
458750,138.4799994,0.74626199,232.6212604
459000,127.5529962,0.728979979,232.6228052
459250,140.3649969,0.746131477,232.6150769
459500,123.342998,0.63958149,232.6398376
459750,102.7999994,0.626558993,232.6546869
460000,119.2019968,0.684616475,232.6334869
460250,112.605997,0.60663949,232.6499896
460500,102.0159964,0.605101981,232.6276599
460750,100.8059973,0.577470984,232.6520557
461000,80.44599701,0.447427994,232.6614935
461250,69.27899841,0.462212991,232.693382
461500,76.1859967,0.501333487,232.6661438
461750,76.1859967,0.501333487,232.6661438
462000,84.20199799,0.513544002,232.6875659
462250,81.85899994,0.508089485,232.6627887
462500,78.04199921,0.478626989,232.704173
462750,72.28399872,0.438227991,232.7197388
463000,71.6669986,0.507011994,232.7110535
463250,69.45299789,0.405650487,232.7063916
463500,63.06599823,0.426055988,232.6956451
463750,62.26599915,0.405569996,232.6737592
464000,58.51999908,0.393704994,232.7093103
464250,58.83999863,0.426639484,232.6918848
464500,70.18099808,0.403861988,232.697486
464750,62.81699905,0.443914491,232.6852441
465000,57.68999832,0.351422991,232.7133588
465250,47.98399902,0.319663489,232.6787115
465500,46.54799988,0.361880987,232.6985345
465750,49.01199844,0.326610492,232.6854858
466000,45.53299942,0.323214993,232.7163898
466250,43.68000031,0.330808496,232.6784131
466500,43.26899948,0.302527494,232.7181879
466750,39.84499893,0.306267498,232.7316064
467000,41.875,0.313486489,232.7151563
467250,41.19199951,0.304678993,232.6941168
467500,46.51099792,0.359430494,232.6897662
467750,49.62399826,0.318192494,232.6743823
468000,37.99399902,0.294500492,232.7107416
468250,37.99399902,0.294500492,232.7107416
468500,38.31099869,0.308190488,232.652301
468750,44.45699966,0.301779997,232.6745636
469000,35.74999954,0.294946991,232.7170062
469250,38.74499878,0.296473497,232.7022717
469500,39.74099884,0.303977489,232.7073523
469750,40.7819986,0.320891491,232.7163092
470000,43.17499969,0.299210997,232.7196448
470250,45.7709993,0.3562585,232.669068
470500,48.90499878,0.318004491,232.6830701
470750,40.06199966,0.312174989,232.6993597
471000,44.48899811,0.325027001,232.7059491
471250,44.08499863,0.307837993,232.6712708
471500,39.03399902,0.310724988,232.678244
471750,45.65599899,0.333571995,232.6600867
472000,50.59799881,0.351738492,232.6883112
472250,47.13799911,0.357540493,232.703949
472500,57.51999893,0.412267988,232.6986444
472750,63.93299881,0.417003993,232.6698151
473000,61.24399887,0.484623494,232.6611182
473250,78.70299805,0.442156484,232.6760059
473500,68.44799789,0.485924987,232.6595178
473750,83.15299683,0.556014969,232.649837
474000,95.06799866,0.535609987,232.6678217
474250,81.47499878,0.488505495,232.6904767
474500,78.37899719,0.525315492,232.6623199
474750,78.37899719,0.525315492,232.6623199
475000,86.25299652,0.47764398,232.6896198
475250,67.3769989,0.48050349,232.6782471
475500,87.96399841,0.59970098,232.686236
475750,106.5569989,0.631129482,232.6468713
476000,109.5369971,0.639546473,232.639469
476250,110.6159967,0.637161989,232.6368622
476500,103.6090009,0.615525985,232.6461737
476750,106.1139981,0.640637975,232.6754309
477000,115.1479974,0.651635487,232.6169995
477250,110.971998,0.634111493,232.6547418
477500,108.2749939,0.630043476,232.6341168
477750,112.2729959,0.689542978,232.6276056
478000,129.6119983,0.749683981,232.6452393
478250,141.4429974,0.758446472,232.6113007
478500,145.1950012,0.795245986,232.6193335
478750,162.167998,0.860531967,232.5924963
479000,174.5889929,0.878998978,232.5650861
479250,180.683996,0.872783477,232.5709106
479500,168.432995,0.831038468,232.5932855
479750,160.816994,0.850181975,232.5569574
480000,183.6069977,0.896940486,232.5757013
480250,179.3819971,0.900695987,232.5349506
480500,191.6059949,0.954382975,232.5633905
480750,199.8429944,0.949468992,232.5718213
481000,195.792995,0.954888973,232.5761658
481250,195.792995,0.954888973,232.5761658
481500,205.4449921,0.988126466,232.5315027
481750,209.5229932,1.002092988,232.5434808
482000,215.2089954,1.011790481,232.5306879
482250,215.7469965,1.021999478,232.5340887
482500,217.797995,1.043718991,232.536214
482750,230.9719946,1.073326969,232.5489984
483000,226.4349921,1.060340471,232.5142383
483250,227.1729932,1.068051481,232.5005566
483500,232.7239954,1.078296967,232.5267474
483750,225.5609937,1.040629973,232.5354199
484000,216.8169958,1.039243975,232.5393762
484250,226.7099957,1.04252645,232.5282373
484500,209.997995,1.010359983,232.5280151
484750,219.2249957,1.02677449,232.5335834
485000,206.2409961,0.948275959,232.5714789
485250,193.196994,0.93144697,232.5502856
485500,195.1309912,0.95807147,232.5753003
485750,202.8399933,0.955577972,232.561568
486000,186.1569977,0.878295963,232.5852362
486250,170.5449957,0.872080991,232.5918298
486500,179.1619971,0.88812047,232.5642096
486750,183.9689978,0.892699468,232.5714301
487000,166.7349988,0.837504482,232.587796
487250,161.3389972,0.807844982,232.6020465
487500,129.8839957,0.675903966,232.6356378
487750,129.8839957,0.675903966,232.6356378
488000,132.5299976,0.773888977,232.6024933
488250,155.6039954,0.818752973,232.5744537
488500,154.7539972,0.798384976,232.5908679
488750,159.3769952,0.812818968,232.5911334
489000,138.8189948,0.717895973,232.6178845
489250,131.2059979,0.717236972,232.59164
489500,126.4839948,0.706816981,232.6309491
489750,127.4589948,0.718483975,232.6280457
490000,131.1569955,0.706810501,232.625932
490250,123.1399966,0.677907994,232.6104736
490500,113.474996,0.644312487,232.6362463
490750,113.2839975,0.640896986,232.6076276
491000,98.11600037,0.527142992,232.6578607
491250,78.63199738,0.47085999,232.659892
491500,75.03199799,0.481522994,232.6628937
491750,76.83299744,0.491785995,232.6847382
492000,80.72299805,0.498132987,232.637597
492250,74.43100037,0.398733997,232.6677649
492500,54.30499908,0.360960486,232.6889642
492750,47.24899872,0.319126992,232.7069226
493000,41.77999939,0.328995991,232.6852081
493250,52.45199905,0.359850996,232.638194
493500,45.51299805,0.309780993,232.7069586
493750,41.2119989,0.321685991,232.6617584
494000,44.25299835,0.304490991,232.6709393
494250,44.25299835,0.304490991,232.6709393
494500,38.3609996,0.304305995,232.6990894
494750,40.05899994,0.297767495,232.6429602
495000,38.43499786,0.298875989,232.6688928
495250,39.6759996,0.295339992,232.7093713
495500,38.24499924,0.297360491,232.7237329
495750,36.5369989,0.299868988,232.6532373
496000,41.94799973,0.302080492,232.6764142
496250,38.57899902,0.298477991,232.6800537
496500,37.91499878,0.300299492,232.6870947
496750,40.50799911,0.296340994,232.692702
497000,37.47699936,0.300418491,232.6959192
497250,39.3619989,0.299647491,232.6959729
497500,40.10499893,0.300479994,232.6705573
497750,37.5859993,0.301746495,232.6551746
498000,39.37999969,0.297065495,232.6627759
498250,38.4179982,0.294491992,232.6854626
498500,38.19099777,0.29317649,232.6812677
498750,37.83499985,0.301484995,232.6683582
499000,38.24699921,0.300952991,232.7023499
499250,40.34199982,0.298287995,232.7023828
499500,37.27699921,0.3025605,232.665191
499750,39.32399902,0.292607492,232.6978931
500000,38.23099976,0.289006999,232.6880463
500250,35.41999954,0.300877992,232.7181787
500500,40.2269989,0.296235493,232.6883905
500750,40.2269989,0.296235493,232.6883905
501000,37.16899872,0.292922994,232.6760107
501250,36.91499924,0.292374489,232.7054541
501500,37.18499893,0.297903993,232.6872308
501750,38.37399994,0.300174991,232.6944769
502000,39.46199997,0.289885496,232.6850861
502250,35.56499908,0.296364498,232.7060846
502500,38.58799866,0.29945949,232.6951978
502750,42.37799835,0.313705494,232.7050537
503000,41.55199905,0.316589497,232.7199194
503250,52.60899948,0.436535488,232.691366
503500,71.84799835,0.409656491,232.6935773
503750,53.21899811,0.421153986,232.689903
504000,75.98299896,0.470492995,232.6922894
504250,73.80999878,0.461490977,232.6909265
504500,71.78999756,0.485431488,232.6603302
504750,76.80099823,0.490579495,232.6737659
505000,82.12200043,0.539566984,232.6364215
505250,99.21399811,0.67017498,232.6028455
505500,123.9879974,0.631027491,232.6131024
505750,91.58399902,0.511319983,232.667204
506000,91.86799622,0.66338949,232.6309088
506250,136.3779956,0.747740993,232.6335596
506500,134.1999945,0.728598983,232.6171777
506750,134.6829974,0.749719977,232.6192535
507000,136.2819958,0.767439981,232.6403485
507250,136.2819958,0.767439981,232.6403485
507500,149.8469965,0.787381959,232.61284
507750,147.2069983,0.774097481,232.6025439
508000,146.7889954,0.766328995,232.5834637
508250,139.6199963,0.747100484,232.5992377
508500,132.9449963,0.715752478,232.6289801
508750,129.2889941,0.737384977,232.5918817
509000,140.1349969,0.768447967,232.6228473
509250,143.5760022,0.776602983,232.5926862
509500,150.6239923,0.800190971,232.5875171
509750,154.7029938,0.822221994,232.6029932
510000,168.7459943,0.868940482,232.5776776
510250,176.6550006,0.882579482,232.5677924
510500,175.6249976,0.840510488,232.5783038
510750,157.1879968,0.827280979,232.6007263
511000,169.5289966,0.863116977,232.5983502
511250,170.4489954,0.851076491,232.5493372
511500,173.178999,0.858939986,232.5626935
511750,169.5549933,0.863818972,232.5721112
512000,177.737998,0.887719462,232.5912848
512250,172.0449988,0.862582483,232.5585449
512500,177.3059985,0.870428977,232.5640375
512750,170.8849988,0.860970979,232.5667346
513000,174.9259973,0.885996473,232.5652869
513250,184.3439978,0.917406981,232.5535907
513500,196.6649945,0.966665478,232.5503973
513750,196.6649945,0.966665478,232.5503973
514000,205.9699951,0.965512977,232.5425366
514250,193.9549945,0.921130483,232.5470294
514500,190.6339935,0.938283989,232.5871576
514750,193.6719952,0.93651248,232.5688452
515000,197.2009943,0.941906464,232.5486841
515250,186.7879974,0.91154299,232.5609113
515500,188.6829907,0.923862977,232.5595978
515750,191.1529993,0.922140489,232.548338
516000,186.393999,0.912291481,232.5619885
516250,194.7509979,0.953693469,232.5406085
516500,196.5209943,0.938104465,232.5610059
516750,198.1209961,0.909189496,232.5792224
517000,159.9009955,0.81502099,232.6145575
517250,170.7999939,0.91207747,232.5651428
517500,191.8659961,0.924258978,232.5580756
517750,185.8059949,0.913262968,232.5466876
518000,192.4949945,0.92983047,232.5581427
518250,183.6100024,0.87476897,232.5579102
518500,165.3879968,0.831486475,232.597135
518750,162.6079944,0.823565469,232.6169189
519000,159.9229968,0.821582983,232.5907965
519250,165.8959961,0.823371468,232.5975598
519500,139.8619971,0.705329485,232.6202808
519750,136.6559964,0.789795499,232.6284869
520000,145.9539978,0.756286464,232.6253864
520250,145.9539978,0.756286464,232.6253864
520500,142.607998,0.797978482,232.606543
520750,145.7769977,0.756617963,232.5998743
521000,142.2419983,0.766287484,232.5883661
521250,125.552999,0.676159484,232.6133423
521500,127.7389957,0.720042493,232.6466968
521750,115.6919995,0.594323983,232.6333057
522000,94.34299622,0.593654485,232.626012
522250,94.16299927,0.533513975,232.6419012
522500,82.02700012,0.501251484,232.6158997
522750,66.85699829,0.390471489,232.682384
523000,59.07499863,0.441647482,232.6664874
523250,68.42199707,0.417501494,232.6244061
523500,62.85699997,0.398555986,232.678548
523750,50.0859993,0.321414489,232.687392
524000,40.64199966,0.300750495,232.6914056
524250,39.36199875,0.303044494,232.6468018
524500,41.39799957,0.3159205,232.6693665
524750,43.64499924,0.303516493,232.6665259
525000,38.5479985,0.302610496,232.694173
525250,39.88299927,0.312621994,232.6712909
525500,45.41299942,0.325744487,232.6682611
525750,43.62000031,0.305081991,232.6984686
526000,39.2909996,0.30010299,232.7070129
526250,38.92999924,0.301090491,232.7014545
526500,41.08199921,0.304223989,232.6703943
526750,41.08199921,0.304223989,232.6703943
527000,39.77699829,0.301638991,232.6764911
527250,38.50999908,0.299165491,232.6775439
527500,40.58799881,0.301933988,232.7113818
527750,38.87599838,0.303021994,232.6999475
528000,38.66099915,0.302538493,232.7088464
528250,43.08099915,0.309645493,232.6728192
528500,40.7419986,0.308634992,232.6731982
528750,40.26999969,0.302885994,232.6737628
529000,40.61799896,0.322785987,232.6782788
529250,48.23399902,0.318879497,232.7019769
529500,39.70399887,0.298496494,232.7292413
529750,38.40499802,0.301246486,232.6598773
530000,40.95199905,0.312926992,232.6694775
530250,40.56599899,0.300607495,232.6998853
530500,38.64799866,0.300565993,232.7109406
530750,42.95599854,0.314993988,232.6850702
531000,41.6669989,0.313397994,232.6844861
531250,40.93300018,0.299635497,232.6750812
531500,42.76299942,0.315683489,232.6615472
531750,42.3090007,0.310977486,232.6789398
532000,40.12400055,0.294801497,232.6650104
532250,37.72499924,0.291965995,232.6530255
532500,37.10999908,0.295024997,232.6455676
532750,38.36099976,0.299138492,232.6410217
533000,38.375,0.298881987,232.6675067
533250,38.375,0.298881987,232.6675067
533500,39.69099976,0.306063485,232.6694019
533750,41.475,0.316904492,232.6791638
534000,43.4259996,0.30418599,232.6952979
534250,39.01899918,0.290662494,232.6947827
534500,34.7709993,0.295284492,232.7153375
534750,38.70599884,0.296589991,232.7361359
535000,38.23699875,0.29844949,232.6913721
535250,36.43199966,0.29083999,232.7038806
535500,38.62299896,0.289164991,232.7176642
535750,40.16799866,0.330719488,232.705506
536000,50.42499985,0.361057987,232.676814
536250,53.04299896,0.359183495,232.6827661
536500,51.66799927,0.331872497,232.6898273
536750,47.07899979,0.328367488,232.6862555
537000,39.04499908,0.312141991,232.7019415
537250,45.92499908,0.330480988,232.6367108
537500,49.56999847,0.376817995,232.6646741
537750,60.28399902,0.429662985,232.6709961
538000,67.23999969,0.436528996,232.684303
538250,66.8789975,0.464623988,232.6584656
538500,71.22999847,0.470680491,232.6603461
538750,73.6439975,0.455434493,232.6745917
539000,70.71799866,0.495312988,232.6365662
539250,85.12299805,0.542491486,232.6499402
539500,85.93699615,0.494297987,232.6306201
539750,85.93699615,0.494297987,232.6306201
540000,64.46199921,0.440760499,232.6671887
540250,85.92399719,0.610016983,232.6254297
540500,109.350997,0.640119483,232.6311621
540750,110.0949982,0.628020489,232.6547052
541000,103.3669986,0.604998987,232.6652362
541250,108.7239963,0.689544492,232.6534161
541500,137.1909973,0.749697983,232.643208
541750,141.3549982,0.776885478,232.5742419
542000,154.847995,0.828876479,232.579892
542250,164.1079987,0.81908848,232.6036224
542500,151.7489948,0.787728474,232.6502863
542750,142.7619971,0.772700965,232.6133209
543000,156.2499976,0.822757471,232.5918146
543250,157.2429974,0.805656493,232.60745
543500,159.8459949,0.815630474,232.6290479
543750,143.2999994,0.755262978,232.6458221
544000,148.5779974,0.806518986,232.6141412
544250,168.3799969,0.882454982,232.5887274
544500,178.0399963,0.879860978,232.5653564
544750,170.1319934,0.83172847,232.6037506
545000,171.0409973,0.910383475,232.5684729
545250,184.2089954,0.896664977,232.5842029
545500,190.810993,0.941965981,232.5676068
545750,199.6599951,0.978654983,232.5432495
546000,205.7589966,0.978040483,232.5653424
546250,205.7589966,0.978040483,232.5653424
546500,213.4969977,1.034559474,232.5499316
546750,224.8909961,1.060225472,232.5113422
547000,223.6009906,1.03206748,232.5319739
547250,222.751994,1.054824948,232.5434906
547500,221.0989984,1.018987498,232.5249554
547750,216.250993,1.021403475,232.5647156
548000,211.2549969,0.988447452,232.5677972
548250,214.6449945,1.027075968,232.5458704
548500,215.1129901,1.004749486,232.5582147
548750,210.8149915,0.986722972,232.6037097
549000,207.6409924,0.985081477,232.5417426
549250,212.4339954,1.029425478,232.5556897
549500,225.0349951,1.055793977,232.5413971
549750,211.1079962,0.966955988,232.5764447
550000,212.0459979,1.061165957,232.5358466
550250,232.1319934,1.071365981,232.5623584
550500,221.5149957,1.019052005,232.5380621
550750,210.908996,0.976085467,232.5652063
551000,203.7680011,0.988257987,232.545509
551250,209.4749951,0.981479981,232.5468622
551500,216.8409955,1.047478971,232.5034302
551750,218.1819971,1.011491981,232.5169348
552000,210.6299945,0.972654452,232.562876
552250,188.6149908,0.877606974,232.5634131
552500,176.263996,0.910282969,232.5270233
552750,176.263996,0.910282969,232.5270233
553000,185.2799951,0.871606476,232.5643237
553250,172.9049994,0.87755847,232.5733344
553500,173.8859985,0.839516492,232.5689038
553750,160.8089996,0.826361969,232.5527991
554000,156.4019965,0.77308198,232.6127551
554250,144.5379962,0.791258485,232.6198053
554500,152.1309949,0.795453475,232.5851416
554750,147.5839984,0.769341996,232.6147021
555000,139.7259967,0.743691483,232.615575
555250,129.4059958,0.696818495,232.6103479
555500,118.0379953,0.635017493,232.617149
555750,95.89299835,0.538932981,232.6578778
556000,78.85799896,0.492535485,232.6597467
556250,81.23499847,0.464233494,232.6623737
556500,60.32199844,0.388534484,232.6895258
556750,49.35999893,0.328519487,232.7212213
557000,43.23199783,0.300832992,232.7168628
557250,37.7259993,0.304668496,232.657157
557500,42.47499939,0.324382004,232.6696698
557750,42.88099976,0.315066489,232.7176337
558000,43.50699753,0.320965985,232.6825592
558250,45.58099747,0.325124984,232.6695349
558500,40.07499893,0.301878994,232.7073431
558750,40.15199936,0.294563996,232.6798212
559000,36.56399887,0.293280991,232.6801184
559250,36.56399887,0.293280991,232.6801184
559500,36.34399963,0.287878994,232.6406696
559750,39.56599869,0.29569699,232.6781836
560000,36.03799896,0.296430494,232.6839532
560250,37.66999954,0.296411495,232.6878558
560500,39.76999908,0.301537997,232.6657654
560750,37.43799896,0.294683496,232.6804858
561000,38.96499969,0.296462991,232.6766156
561250,37.99599915,0.297880991,232.730575
561500,39.23899933,0.301802988,232.6621655
561750,38.59799866,0.299381992,232.6954639
562000,39.04799881,0.30134449,232.7241309
562250,41.22499924,0.303549991,232.7122278
562500,36.91599945,0.30220349,232.6850403
562750,39.6709993,0.299252492,232.6869403
563000,39.64799866,0.300053492,232.6904767
563250,36.50299866,0.297927493,232.6773267
563500,39.97199905,0.300682491,232.678606
563750,38.7609996,0.298486987,232.6741254
564000,38.72999878,0.297980489,232.6740948
564250,39.28799866,0.304010986,232.69526
564500,39.21599976,0.300667492,232.6947504
564750,39.12399948,0.299189494,232.6989752
565000,37.76899872,0.300089997,232.6917627
565250,39.00099915,0.298684995,232.6505298
565500,40.54999985,0.301804501,232.6879828
565750,40.54999985,0.301804501,232.6879828
566000,38.01699875,0.302454493,232.6527362
566250,40.63699905,0.298848493,232.6798383
566500,37.8669989,0.293065993,232.7091327
566750,36.12499878,0.297350494,232.723374
567000,38.81599945,0.292957497,232.6951019
567250,36.58299911,0.291477989,232.7077246
567500,38.375,0.299227989,232.7073199
567750,38.375,0.298095994,232.7192072
568000,38.40799942,0.298201497,232.687536
568250,39.46899918,0.295925996,232.7306628
568500,36.1619989,0.294997497,232.6990277
568750,39.53899979,0.309035496,232.6805585
569000,47.72399902,0.351349994,232.6898969
569250,44.16999878,0.322320988,232.6973853
569500,45.97799881,0.309152492,232.6932013
569750,40.53299911,0.314885999,232.7116229
570000,42.39299881,0.32020949,232.6768298
570250,46.35400055,0.333491998,232.6706171
570500,52.14299957,0.402609491,232.6817358
570750,61.77899719,0.391606498,232.6730847
571000,51.27999802,0.352403491,232.6664691
571250,57.12399826,0.422294489,232.6765485
571500,65.42699768,0.416781995,232.650509
571750,62.01699753,0.416429987,232.67599
572000,60.69699921,0.390333993,232.6785089
572250,60.69699921,0.390333993,232.6785089
572500,56.89799774,0.383119998,232.6467377
572750,53.67999847,0.378949993,232.6451074
573000,66.6409993,0.461245478,232.6616431
573250,60.39399948,0.358740491,232.6693127
573500,51.92099854,0.394231988,232.6697821
573750,71.57299789,0.50568398,232.6249463
574000,87.89899719,0.566552498,232.6191174
574250,86.55599731,0.518611977,232.6424933
574500,96.27799866,0.623344989,232.6528137
574750,106.5450006,0.600096979,232.6364581
575000,92.0569989,0.522424486,232.6199097
575250,91.64899841,0.617556975,232.6287
575500,111.5929987,0.666064999,232.6110535
575750,118.796994,0.70164448,232.6048407
576000,121.867999,0.677484474,232.651178
576250,115.9459955,0.639906492,232.6488257
576500,113.7849982,0.734239988,232.6187299
576750,141.2129956,0.772778964,232.632793
577000,146.9229962,0.780571983,232.5952301
577250,146.7099963,0.792429986,232.5904541
577500,153.9479956,0.801428976,232.6029529
577750,150.9899982,0.765588477,232.609248
578000,138.1889954,0.75384697,232.6151898
578250,140.661994,0.769918983,232.5943494
578500,149.5069946,0.800938487,232.6005652
578750,149.5069946,0.800938487,232.6005652
579000,154.5449963,0.792835469,232.5995972
579250,151.2029987,0.788150976,232.6001886
579500,152.2629944,0.805846975,232.6120862
579750,157.0959955,0.804565487,232.5734937
580000,151.913999,0.786874986,232.5734241
580250,161.2209937,0.877727969,232.5718555
580500,171.9779974,0.812437489,232.6010699
580750,150.7559955,0.80751996,232.5898059
581000,162.5969922,0.836781487,232.6139435
581250,173.7989948,0.900109465,232.5397919
581500,184.6529944,0.880584471,232.5860773
581750,175.3499939,0.882149456,232.6030585
582000,176.4009985,0.856745493,232.5424713
582250,175.1919965,0.891220479,232.5529803
582500,180.4469946,0.840476983,232.5687164
582750,159.9149945,0.857100477,232.5767035
583000,178.9299951,0.898089979,232.5957587
583250,181.3209967,0.889374468,232.5487811
583500,186.1089954,0.930460982,232.5770148
583750,201.3899939,0.975230496,232.5259338
584000,202.2639935,0.918999949,232.6054236
584250,177.4449982,0.890547483,232.5832227
584500,181.2299963,0.877292972,232.5591101
584750,174.7039984,0.87726747,232.5540448
585000,180.9609979,0.863201966,232.5768146
585250,180.9609979,0.863201966,232.5768146
585500,167.8909973,0.847744477,232.6026251
585750,169.7839948,0.837067983,232.6036371
586000,160.9400006,0.784103997,232.6033173
586250,144.6499969,0.805948985,232.622312
586500,160.2369952,0.805666983,232.6182703
586750,148.8969989,0.784987969,232.6169672
587000,152.1449988,0.781525476,232.5868463
587250,140.4059967,0.724380486,232.6094775
587500,124.9639963,0.666258969,232.6225116
587750,115.8429977,0.685681489,232.6341406
588000,124.8739966,0.699034483,232.6264471
588250,124.814996,0.702132986,232.6352411
588500,127.9569968,0.670101974,232.6383319
588750,104.2249976,0.593995988,232.6385022
589000,102.4619974,0.623800478,232.6537183
589250,113.2249982,0.678585489,232.6383319
589500,119.1789957,0.658102479,232.6243488
589750,111.3449948,0.676655974,232.6217584
590000,126.4809967,0.666392984,232.6169403
590250,98.19699921,0.553669479,232.6730438
590500,87.92099823,0.51907548,232.680553
590750,78.85000031,0.490819987,232.6629596
591000,87.05999725,0.547753482,232.6613983
591250,89.32599518,0.511302488,232.6606934
591500,68.70399887,0.42557249,232.6951898
591750,68.70399887,0.42557249,232.6951898
592000,76.55299881,0.487963984,232.6649121
592250,70.97199768,0.435742985,232.6781287
592500,63.4539978,0.407727987,232.6795721
592750,63.79699738,0.459749991,232.6557037
593000,78.35599915,0.480984485,232.6794531
593250,69.53899872,0.418811485,232.6929382
593500,61.95499939,0.417099496,232.6889923
593750,69.22799927,0.426847494,232.6729645
594000,53.95299911,0.342096995,232.6701752
594250,43.86899918,0.315576985,232.6734894
594500,45.39199875,0.327676997,232.7103326
594750,40.48399994,0.303344992,232.711651
595000,40.25099915,0.301180493,232.712583
595250,38.6359993,0.304807991,232.6952362
595500,42.77999832,0.316175498,232.6704401
595750,41.55700012,0.301674494,232.6955798
596000,40.95999878,0.314402491,232.6736121
596250,45.53699951,0.312522992,232.6911737
596500,37.13199966,0.300128992,232.7050299
596750,40.15199921,0.300462492,232.7185748
597000,41.38799835,0.311088494,232.7180762
597250,41.3119989,0.319598995,232.6679333
597500,46.95099869,0.329668483,232.6829181
597750,43.65499786,0.31313399,232.6902264
598000,42.34499985,0.316090996,232.7027911
598250,42.34499985,0.316090996,232.7027911
598500,42.47199844,0.301202492,232.6844525
598750,38.41899796,0.298416493,232.7222681
599000,38.39999771,0.308523992,232.7076465
599250,47.76699951,0.367135996,232.7086792
599500,53.80299911,0.36024099,232.7144135
599750,47.46999969,0.322834492,232.6894501
600000,43.90599792,0.31227399,232.7213098
600250,43.18699829,0.323047987,232.7286694
600500,43.40699966,0.317560493,232.6998309
600750,45.515,0.355494986,232.7041406
601000,48.77399963,0.308916488,232.7326312
601250,42.44999847,0.338248501,232.7224628
601500,49.25899826,0.33753249,232.681214
601750,44.75700027,0.307394491,232.7262939
602000,40.35699982,0.317470995,232.749295
602250,44.63599823,0.32607749,232.7057202
602500,48.08999939,0.330343994,232.6719336
602750,43.88400024,0.306916993,232.7067029
603000,42.74099869,0.334056996,232.6815576
603250,48.87100006,0.383353988,232.6790131
603500,61.54599838,0.416388991,232.6810895
603750,64.36699951,0.430558993,232.7014136
604000,58.54399857,0.367016491,232.6902948
604250,50.065,0.331369492,232.7127087
604500,48.03599808,0.385476992,232.6852399
604750,48.03599808,0.385476992,232.6852399
605000,68.37599854,0.502689991,232.6787006
605250,79.07999847,0.470236987,232.6579584
605500,64.78999817,0.395946491,232.6882947
605750,63.2139978,0.492290485,232.6674121
606000,81.36599854,0.510065978,232.6610223
606250,83.89299805,0.508350489,232.6680072
606500,88.73699738,0.603233495,232.6332922
606750,102.2209976,0.607409484,232.6352307
607000,105.127998,0.618898492,232.5961584
607250,107.3339981,0.662536976,232.6440143
607500,117.436998,0.651985986,232.6133344
607750,118.4529984,0.680012984,232.6331305
608000,118.8039987,0.679116464,232.6113483
608250,115.6229984,0.664435487,232.6607349
608500,119.7979984,0.716143997,232.5963361
608750,129.2589978,0.681613972,232.6587805
609000,125.3649963,0.756996477,232.6469006
609250,137.0789972,0.692056487,232.6521985
609500,114.4649997,0.678620493,232.6483014
609750,127.5639963,0.730607469,232.6409723
610000,136.1639972,0.75282548,232.5847961
610250,146.1489954,0.798610985,232.6062451
610500,153.5659955,0.807308481,232.6253296
610750,157.7309973,0.816204479,232.6155341
611000,160.7439929,0.813177466,232.6115015
611250,160.7439929,0.813177466,232.6115015
611500,159.2599939,0.85210048,232.616944
611750,175.4629974,0.859589474,232.5693201
612000,168.642995,0.834876485,232.6160956
612250,163.0379993,0.845647984,232.6058722
612500,172.1279974,0.858802969,232.6183417
612750,176.1529968,0.903431964,232.5664557
613000,189.0390002,0.90569299,232.5978137
613250,184.3779974,0.963807476,232.5547821
613500,208.3929956,0.958982985,232.6032947
613750,191.3929926,0.929839487,232.5670563
614000,196.595993,0.958594494,232.5910541
614250,200.8259943,0.961554468,232.6058453
614500,201.0259967,0.94399698,232.5909033
614750,186.697998,0.937735965,232.6074628
615000,202.2279956,0.960630491,232.5966534
615250,199.0979968,0.936553988,232.5959186
615500,180.4459943,0.887893484,232.6058551
615750,181.5339966,0.887247477,232.629668
616000,177.6639948,0.88473098,232.6121771
616250,177.7169934,0.889872468,232.6087744
616500,184.7699945,0.886825981,232.6045355
616750,175.1499939,0.864675477,232.5875177
617000,175.4149957,0.863222475,232.5977985
617250,161.4699939,0.831980996,232.6291589
617500,167.0309924,0.853535986,232.5986945
617750,167.0309924,0.853535986,232.5986945
618000,171.2019897,0.851266489,232.6362372
618250,163.6359991,0.815225475,232.6252844
618500,159.6109961,0.806274002,232.6215955
618750,159.5179956,0.831528494,232.6513916
619000,168.6579968,0.847878976,232.6269269
619250,156.5629938,0.80589849,232.636864
619500,153.2339899,0.801632466,232.6336639
619750,149.5089978,0.769610479,232.6796631
620000,137.8209961,0.760705991,232.6690613
620250,149.6709955,0.777392969,232.6635358
620500,148.2839978,0.793394985,232.6628229
620750,153.6439941,0.801666481,232.637597
621000,148.9510004,0.78107049,232.662934
621250,150.8889954,0.79855849,232.656134
621500,149.1779932,0.775493977,232.6427582
621750,147.3289972,0.762869487,232.6259509
622000,139.1559967,0.752963984,232.6307123
622250,139.862998,0.749869485,232.5936316
622500,135.5419958,0.735141981,232.607326
622750,133.7119916,0.723152487,232.6604852
623000,125.9049976,0.674237003,232.6594849
623250,117.2899982,0.68722899,232.6483093
623500,125.6929974,0.684878495,232.6696863
623750,111.5689993,0.631060975,232.6733105
624000,110.0259943,0.621025984,232.6895502
624250,110.0259943,0.621025984,232.6895502
624500,96.54499847,0.546276982,232.6436938
624750,90.68700043,0.565628488,232.6901172
625000,88.10999756,0.528443999,232.6626355
625250,90.49399872,0.560027983,232.7051361
625500,85.62899811,0.527943487,232.6942426
625750,87.81499817,0.542144997,232.7039813
626000,77.44999969,0.456138992,232.6993091
626250,67.81799896,0.429729493,232.6878058
626500,58.72199905,0.378278995,232.7257098
626750,55.00099915,0.377257489,232.7138367
627000,48.98599823,0.328963988,232.6965448
627250,46.09699799,0.357802991,232.7291278
627500,48.38799896,0.317499985,232.7300043
627750,40.09499863,0.294998997,232.7533905
628000,35.37099899,0.293978996,232.7400372
628250,40.18199875,0.303532492,232.7552783
628500,41.60099915,0.329300991,232.7591888
628750,51.64699875,0.381914498,232.726579
629000,48.85799728,0.318874494,232.7520538
629250,42.64399933,0.329906986,232.7064709
629500,42.76799988,0.306103989,232.6985809
629750,46.31899933,0.359190494,232.7051337
630000,50.66999832,0.338638495,232.699856
630250,46.47300049,0.331741486,232.7257672
630500,47.99499817,0.376210486,232.7229163
630750,47.99499817,0.376210486,232.7229163
631000,50.4269986,0.321043996,232.751311
631250,39.59799988,0.307218492,232.6873499
631500,38.3779985,0.305400485,232.7307245
631750,45.98799911,0.32830549,232.7440063
632000,45.23399933,0.321999987,232.7202466
632250,43.55200012,0.327051991,232.7151355
632500,53.01999802,0.37352849,232.7256702
632750,49.55399826,0.324246994,232.7076526
633000,39.79400009,0.305377992,232.6984552
633250,50.16799881,0.407839993,232.7052716
633500,74.24799896,0.523454986,232.649245
633750,80.0319986,0.449966989,232.6556915
634000,68.32199982,0.459713982,232.7011029
634250,71.23399857,0.424866488,232.6925024
634500,67.34199799,0.469191496,232.69052
634750,74.10999756,0.454237984,232.6780316
635000,70.63999725,0.450376989,232.6730371
635250,74.27399933,0.51302049,232.6352869
635500,74.91399933,0.428784994,232.6927209
635750,71.05799744,0.511455491,232.6850641
636000,83.81799713,0.501400986,232.659541
636250,74.42499786,0.432797986,232.6873138
636500,69.38999908,0.496189994,232.6659479
636750,83.86099762,0.499510492,232.6977966
637000,77.60999847,0.497694994,232.6596246
637250,77.60999847,0.497694994,232.6596246
637500,80.75200104,0.518263996,232.6376819
637750,85.79099945,0.508016993,232.659743
638000,79.20999878,0.49984748,232.6626306
638250,75.31799866,0.44612499,232.6788928
638500,68.0169989,0.423700993,232.7054834
638750,68.88399826,0.496054487,232.6528625
639000,82.36599884,0.503978981,232.6694019
639250,81.74799927,0.512714485,232.6699719
639500,78.92799774,0.494280986,232.6384198
639750,81.1889978,0.521154492,232.6511487
640000,90.86199799,0.591123989,232.6474451
640250,101.8919992,0.518209487,232.6617975
640500,70.68399872,0.525541481,232.6729822
640750,84.51799896,0.529155984,232.6828381
641000,88.01399902,0.573692985,232.6847559
641250,92.3919989,0.521055489,232.6568866
641500,77.33099823,0.484270484,232.6650098
641750,80.58499756,0.500504479,232.652478
642000,81.95999786,0.521778996,232.6293732
642250,89.60499847,0.566156497,232.6434955
642500,93.86599701,0.528131477,232.67677
642750,67.6869989,0.526012988,232.6460791
643000,99.20399658,0.587642984,232.6592212
643250,106.5039972,0.655479484,232.6296625
643500,120.0869977,0.647705998,232.6512872
643750,120.0869977,0.647705998,232.6512872
644000,100.0429974,0.65439548,232.6217505
644250,119.7789944,0.710768492,232.6506299
644500,133.237998,0.716431487,232.6289435
644750,127.2679984,0.726730983,232.6238763
645000,132.6039966,0.703225992,232.6386066
645250,127.3359964,0.708559983,232.6246924
645500,127.793996,0.686975999,232.6150867
645750,112.1889975,0.663129985,232.644494
646000,122.2389972,0.722190471,232.647005
646250,138.24,0.760962479,232.5871729
646500,137.3479974,0.71349648,232.6318158
646750,120.653999,0.699036489,232.6657922
647000,135.2169983,0.740948973,232.6332678
647250,133.1979987,0.718870971,232.6215021
647500,123.588996,0.694698503,232.6303253
647750,124.5459976,0.701647477,232.6420392
648000,125.0279977,0.735554495,232.6179822
648250,142.7069971,0.748320475,232.6106281
648500,127.7459958,0.681260498,232.6306616
648750,114.032998,0.6779265,232.6089801
649000,122.675997,0.702077985,232.5945819
649250,126.0709955,0.700450487,232.6067181
649500,120.9739984,0.66275599,232.6615564
649750,119.5789978,0.680392473,232.6219666
650000,123.2599976,0.70090199,232.6243536
650250,123.2599976,0.70090199,232.6243536
650500,127.4509967,0.708516481,232.6012762
650750,119.9299973,0.711681998,232.6024011
651000,136.3679968,0.747307479,232.6120868
651250,133.676994,0.731631975,232.5961664
651500,142.1870007,0.777741995,232.605722
651750,140.6189975,0.722682981,232.6365674
652000,122.5029965,0.687674472,232.6000677
652250,130.9849966,0.73573797,232.6289838
652500,126.0399979,0.703860974,232.6074347
652750,128.8419974,0.734391475,232.6147192
653000,133.5469983,0.711765988,232.6264349
653250,119.256998,0.677967484,232.6090314
653500,132.0209961,0.762058976,232.6104205
653750,138.6999963,0.753711987,232.5962872
654000,145.7959961,0.784477484,232.6090167
654250,141.9439996,0.727688472,232.6108783
654500,128.317998,0.719252965,232.5917267
654750,147.7169965,0.810104988,232.5824963
655000,142.112998,0.699639502,232.6294623
655250,113.4949957,0.647175982,232.6469617
655500,125.9219977,0.759307992,232.6179413
655750,148.0069965,0.776080976,232.5735455
656000,149.1489972,0.797137473,232.5766382
656250,153.3709973,0.788236983,232.6181403
656500,143.9199969,0.751236498,232.6522925
656750,143.9199969,0.751236498,232.6522925
657000,136.8219971,0.761793976,232.6401715
657250,149.7459991,0.801256478,232.6069513
657500,151.3619952,0.773372974,232.5883704
657750,137.2849963,0.728619483,232.6324023
658000,134.328999,0.744533472,232.6045056
658250,135.5489984,0.730248981,232.6114728
658500,133.1669995,0.721596968,232.62466
658750,126.6569943,0.696832483,232.6007434
659000,124.0989963,0.693700981,232.6054053
659250,121.9769989,0.668416486,232.642019
659500,109.4159991,0.636561475,232.6175244
659750,111.2799988,0.639248486,232.6550116
660000,110.2029974,0.635718987,232.6516498
660250,110.6239978,0.614515979,232.643941
660500,103.9779974,0.624120471,232.606283
660750,104.9839981,0.614271998,232.6331989
661000,113.669996,0.683494484,232.6234949
661250,100.2919974,0.508333974,232.6448389
661500,81.25799805,0.570914483,232.6428394
661750,95.96399902,0.542967484,232.6677643
662000,81.61599823,0.493853484,232.6634784
662250,81.04599701,0.49798799,232.6528149
662500,91.27299744,0.60939698,232.6869415
662750,107.1399991,0.645016978,232.6579657
663000,112.0259958,0.618268988,232.639342
663250,112.0259958,0.618268988,232.639342
663500,114.607998,0.747078478,232.5890771
663750,135.1849969,0.694418981,232.597005
664000,119.6399976,0.694184968,232.6239984
664250,124.9859979,0.705630479,232.5976947
664500,122.977998,0.681342969,232.6344531
664750,118.9249976,0.708025486,232.596712
665000,130.5749951,0.709149978,232.5718146
665250,130.619996,0.723538966,232.6143726
665500,130.0649924,0.721017489,232.631286
665750,132.6189984,0.721499481,232.6368951
666000,130.0489969,0.724486473,232.634967
666250,126.4239932,0.665837977,232.6617719
666500,114.5839978,0.661752977,232.614375
666750,111.1989981,0.607207479,232.6650537
667000,101.3019958,0.608854971,232.6480432
667250,106.6129984,0.636087484,232.6323907
667500,106.5709979,0.602948489,232.6592395
667750,100.6749963,0.634546475,232.6323761
668000,108.245,0.614491489,232.614599
668250,95.23399689,0.546934979,232.6502692
668500,84.54899872,0.514471993,232.6582996
668750,80.27999725,0.510700488,232.684599
669000,84.26499786,0.463333491,232.6422046
669250,58.79599808,0.470296489,232.6638129
669500,74.84799805,0.46813199,232.649566
669750,74.84799805,0.46813199,232.649566
670000,68.39499908,0.427508492,232.6611426
670250,58.84399841,0.387592989,232.6792139
670500,57.92799942,0.429120985,232.6611835
670750,73.02099777,0.46753999,232.6731903
671000,65.89099869,0.404752992,232.7151428
671250,53.21199905,0.389910989,232.7148523
671500,60.55299759,0.42022899,232.6954224
671750,61.66099762,0.428493985,232.6958771
672000,65.41699707,0.419560996,232.6779669
672250,54.37399872,0.347706984,232.7210065
672500,44.17499878,0.312271494,232.674444
672750,41.04399918,0.304661992,232.7143658
673000,40.76699829,0.30853,232.6908698
673250,42.09399933,0.313744494,232.7005511
673500,38.2809993,0.30490449,232.7245911
673750,41.2509993,0.312205495,232.7213733
674000,43.90099945,0.336640488,232.7279016
674250,49.64899902,0.336527483,232.7023883
674500,40.4979985,0.298879491,232.6889502
674750,38.57499817,0.298220994,232.6976642
675000,39.12399948,0.297067498,232.6955597
675250,36.2219989,0.299204992,232.6992218
675500,38.40199905,0.297750987,232.7302106
675750,40.60799927,0.313855494,232.7260376
676000,44.47599792,0.336469482,232.7088519
676250,44.47599792,0.336469482,232.7088519
676500,47.55399918,0.31391849,232.7173877
676750,39.74099884,0.309091991,232.7263971
677000,39.79799896,0.305272495,232.7273419
677250,42.40499939,0.304700989,232.6722467
677500,39.96799866,0.302781991,232.70138
677750,39.88099945,0.306653488,232.6962103
678000,39.99699966,0.300642492,232.6994006
678250,41.43699951,0.32132049,232.6963879
678500,47.6129985,0.329644493,232.6908698
678750,41.98199921,0.309860994,232.6718018
679000,41.84199936,0.324475994,232.7159894
679250,53.0069986,0.389660994,232.6762408
679500,54.21899979,0.403074483,232.6671661
679750,69.20899933,0.429077487,232.6856097
680000,59.13099854,0.385846988,232.6769635
680250,53.02199829,0.38449149,232.6739508
680500,68.09499924,0.46014449,232.6427509
680750,77.86699677,0.514711974,232.6467511
681000,83.84599915,0.520914986,232.6839825
681250,78.27899872,0.483583486,232.6581061
681500,76.41799744,0.47765699,232.6996967
681750,85.57299896,0.549777496,232.6595764
682000,74.97999878,0.467196984,232.677179
682250,88.12899902,0.58307699,232.6535248
682500,93.19699646,0.569916487,232.639162
682750,93.19699646,0.569916487,232.639162
683000,97.56999756,0.609856484,232.6427216
683250,106.3039984,0.606267996,232.6463208
683500,105.0179974,0.618747978,232.664527
683750,105.9249985,0.620108492,232.6412933
684000,108.8649979,0.642108991,232.6421893
684250,105.4549963,0.629209986,232.643573
684500,108.9219974,0.655192485,232.6298297
684750,114.2449973,0.661832979,232.6245886
685000,118.3079956,0.670627978,232.6330371
685250,119.6209976,0.682706485,232.648988
685500,115.7089978,0.664243486,232.619231
685750,126.157998,0.726298978,232.6010223
686000,127.7199969,0.679900994,232.6099829
686250,110.2819977,0.630730474,232.6357037
686500,115.3049966,0.675685978,232.6344208
686750,115.5629984,0.642354493,232.6397968
687000,112.3899988,0.662196498,232.6344232
687250,124.8659955,0.719189992,232.6097192
687500,129.8719958,0.715870478,232.6293945
687750,126.3669995,0.684510481,232.6020239
688000,118.0589966,0.668032472,232.6467914
688250,123.1399963,0.709313474,232.6272717
688500,133.8189972,0.758537984,232.6446161
688750,129.9299976,0.671459985,232.6332214
689000,128.8249963,0.759532974,232.6166223
689250,128.8249963,0.759532974,232.6166223
689500,141.7269989,0.74644897,232.6018005
689750,141.6939966,0.789015973,232.617821
690000,148.9949963,0.764721484,232.5787244
690250,137.9399963,0.757110977,232.6019733
690500,139.6819958,0.722704985,232.5949701
690750,126.9699982,0.708290484,232.6197498
691000,131.7659973,0.768529987,232.5977832
691250,150.597995,0.786904478,232.5764941
691500,148.5299988,0.783275979,232.6047815
691750,150.8689972,0.79929348,232.5965918
692000,152.548996,0.786350482,232.6297345
692250,150.8019977,0.812085984,232.6016364
692500,165.9469934,0.852450984,232.5914612
692750,173.0749994,0.880280981,232.5842322
693000,178.128999,0.862630475,232.5419122
693250,179.8409985,0.905561993,232.5378461
693500,186.3519952,0.895948467,232.5540179
693750,181.2639948,0.888631978,232.5679669
694000,183.2599963,0.899731987,232.5466742
694250,183.7869946,0.895717974,232.5642316
694500,183.9629987,0.889622469,232.5735968
694750,176.8769946,0.867022986,232.5606689
695000,173.6399957,0.862550995,232.5706958
695250,174.4719965,0.866276462,232.5714478
695500,175.9269983,0.872712977,232.581839
695750,175.9269983,0.872712977,232.581839
696000,179.113999,0.900988975,232.579198
696250,183.2779932,0.883801982,232.5983026
696500,170.768999,0.828323977,232.5853564
696750,156.4879987,0.801081471,232.5756689
697000,148.098996,0.793959477,232.6138635
697250,156.4189948,0.805361469,232.6259485
697500,152.1229993,0.792147479,232.5989941
697750,150.4219965,0.785930986,232.5817267
698000,149.8899969,0.766002488,232.597345
698250,137.948996,0.750098984,232.613028
698500,138.9779956,0.746576481,232.6047461
698750,141.4039978,0.793318486,232.6094946
699000,151.2779962,0.768098469,232.5711749
699250,137.0449951,0.750098975,232.5878479
699500,138.0069965,0.73102947,232.6329279
699750,129.4279971,0.727564986,232.610332
700000,137.3109955,0.744622972,232.5995789
700250,137.7249976,0.774885979,232.6035211
700500,157.1819977,0.777903991,232.5663922
700750,124.4679977,0.694284983,232.6010828
701000,125.0199963,0.729126484,232.6178076
701250,141.8069962,0.81786546,232.5924268
701500,169.6859967,0.828479476,232.5779645
701750,153.1369965,0.797805469,232.5870294
702000,163.6899957,0.823078971,232.5639557
702250,163.6899957,0.823078971,232.5639557
702500,147.2009961,0.800680997,232.5753656
702750,161.5609973,0.817031474,232.601366
703000,147.7710034,0.751499989,232.5884576
703250,136.3219965,0.746789482,232.612608
703500,137.4619958,0.737908967,232.6240155
703750,128.4249969,0.70230149,232.6062091
704000,131.0429968,0.714036994,232.6120337
704250,123.3209955,0.691388981,232.6129419
704500,114.5529956,0.625769989,232.6588171
704750,99.13799835,0.594295475,232.6309351
705000,102.5509985,0.616661482,232.6593506
705250,102.4929971,0.578497984,232.652934
705500,97.79699921,0.571252489,232.6253448
705750,85.68999786,0.533911989,232.6687677
706000,90.96499756,0.54804399,232.6691174
706250,79.95499634,0.482196492,232.685567
706500,80.30099731,0.488871489,232.6727344
706750,68.12099976,0.423680499,232.6668549
707000,61.24599869,0.387364491,232.6933765
707250,58.54199829,0.398818492,232.6901514
707500,57.69199783,0.415718491,232.6563019
707750,61.57999817,0.381537992,232.6533588
708000,48.07399948,0.321702987,232.6775543
708250,45.41600128,0.346638989,232.7090668
708500,51.34000031,0.352621495,232.6929968
708750,51.34000031,0.352621495,232.6929968
709000,48.25099854,0.342704993,232.6680078
709250,57.43499832,0.401243984,232.7044781
709500,57.53499924,0.367329987,232.6957037
709750,50.18499924,0.363168489,232.6744476
710000,62.82199768,0.430992987,232.6822961
710250,55.03099884,0.351329992,232.6912384
710500,46.39999908,0.321105494,232.6860144
710750,48.31599869,0.361333984,232.686181
711000,47.99499893,0.340355494,232.7060461
711250,51.76399811,0.361666496,232.6855505
711500,60.11699799,0.430853989,232.6528522
711750,52.16999908,0.3394275,232.7153357
712000,52.17099838,0.403763998,232.6621436
712250,53.3269989,0.351540493,232.6979572
712500,52.95199799,0.384401995,232.6951624
712750,54.87699905,0.371436989,232.6822266
713000,51.32999741,0.347571988,232.693269
713250,53.76199814,0.382857492,232.6505591
713500,50.32499924,0.34266149,232.6638293
713750,51.95299927,0.3807555,232.6646704
714000,58.75899811,0.409367489,232.6751361
714250,55.75799911,0.374816995,232.6667572
714500,55.17999847,0.355297486,232.684342
714750,46.01200012,0.328242986,232.6947559
715000,49.92399994,0.368083993,232.6742206
715250,49.92399994,0.368083993,232.6742206
715500,51.06199997,0.325104491,232.676781
715750,44.32099899,0.3474985,232.6923334
716000,47.53299866,0.322184494,232.7251239
716250,41.34099884,0.308799497,232.6964966
716500,45.11299957,0.333520993,232.683385
716750,55.57399887,0.437364497,232.673808
717000,66.52499863,0.414617491,232.702196
717250,56.13599899,0.330634491,232.7013416
717500,42.29399918,0.337664495,232.6777954
717750,46.37999954,0.317032495,232.7029761
718000,48.0619986,0.336584989,232.6976111
718250,45.83799911,0.344473994,232.6756213
718500,50.45799866,0.336451488,232.6996484
718750,56.61599884,0.431269482,232.637207
719000,56.75699951,0.352143999,232.6820782
719250,47.96399841,0.368621986,232.6854462
719500,53.89799759,0.362557993,232.6445514
719750,59.95199829,0.443531992,232.6734235
720000,77.02599762,0.523505986,232.6514691
720250,84.75099731,0.498889987,232.6709668
720500,86.73699677,0.571627491,232.6419495
720750,92.72299652,0.544351478,232.6650037
721000,92.1489975,0.598740983,232.6507178
721250,104.8250003,0.617115991,232.6210321
721500,101.7339981,0.623351481,232.6197772
721750,101.7339981,0.623351481,232.6197772
722000,116.1229971,0.676997483,232.6385889
722250,121.4729968,0.674524984,232.6250476
722500,118.5759976,0.685714476,232.5992786
722750,120.5509961,0.665363984,232.6327869
723000,109.3559998,0.638883986,232.6502466
723250,109.490997,0.614384489,232.6196307
723500,102.7319983,0.626126978,232.6077582
723750,113.8519962,0.650210488,232.5958142
724000,116.1119989,0.64923398,232.6481812
724250,110.1669974,0.65539197,232.6297052
724500,118.4749939,0.685857489,232.6425574
724750,125.710993,0.703028488,232.6262616
725000,115.5719989,0.594993985,232.6616455
725250,100.3959973,0.706060491,232.6042133
725500,138.1419965,0.725511472,232.5824634
725750,125.352998,0.689541993,232.6012
726000,126.5979968,0.715057483,232.5666193
726250,128.0369971,0.705591972,232.6285602
726500,129.1999969,0.743068478,232.6467023
726750,147.2639966,0.772678974,232.5921887
727000,146.1589954,0.793901992,232.6049152
727250,157.7829956,0.806584964,232.569751
727500,146.3399982,0.78396198,232.6123029
727750,155.9809943,0.785179982,232.5899908
728000,145.7929974,0.788930981,232.5991272
728250,145.7929974,0.788930981,232.5991272
728500,151.8929944,0.795659988,232.636048
728750,153.7169971,0.833811967,232.5780304
729000,173.0909979,0.867561479,232.544942
729250,175.3829907,0.890663965,232.5625024
729500,192.7089996,0.918427479,232.557381
729750,179.2439984,0.893389473,232.5810797
730000,192.9389954,0.936750987,232.5465961
730250,183.633996,0.90638648,232.5634052
730500,191.0759979,0.904913957,232.5223206
730750,175.9289984,0.863605976,232.5933777
731000,182.3850006,0.904150476,232.5870587
731250,179.5539972,0.858840969,232.5685364
731500,168.7389948,0.85656848,232.5812994
731750,173.092995,0.867017465,232.6124426
732000,177.2259967,0.857724974,232.5758667
732250,167.3669965,0.85695349,232.5609802
732500,178.6290009,0.885468974,232.6148273
732750,174.4309955,0.838893483,232.5724298
733000,156.1989966,0.810094993,232.6094617
733250,163.7659991,0.831973979,232.571543
733500,149.1369965,0.769304488,232.5887225
733750,147.2229968,0.775948985,232.5974231
734000,131.9239978,0.701777971,232.5840271
734250,128.5699982,0.740174472,232.6032086
734500,142.5469958,0.755198977,232.6259222
734750,142.5469958,0.755198977,232.6259222
735000,127.3919968,0.680251,232.6163916
735250,111.6429974,0.60763248,232.6387634
735500,104.7289969,0.609921486,232.6127814
735750,103.4699951,0.601723485,232.6378461
736000,98.17899628,0.559662483,232.6723175
736250,94.12699677,0.573428481,232.6414685
736500,91.87399719,0.542278991,232.6510901
736750,85.97099701,0.520790486,232.6309576
737000,89.07399872,0.560240991,232.6410931
737250,88.6989975,0.510006475,232.6617279
737500,80.81899963,0.502977989,232.663255
737750,82.03800171,0.514408489,232.6329022
738000,76.66799988,0.456639491,232.6553833
738250,73.53899933,0.520318981,232.6360883
738500,88.86099701,0.560811479,232.6462646
738750,86.12999939,0.504385486,232.6693811
739000,81.14299622,0.528511488,232.6628882
739250,75.0219986,0.407591996,232.6714777
739500,58.90299789,0.433188481,232.6746484
739750,67.55799713,0.437928485,232.6889362
740000,72.33999786,0.487744493,232.6530609
740250,76.86899933,0.481512489,232.659267
740500,72.28099915,0.443247484,232.6844623
740750,63.63999863,0.41079849,232.6821191
741000,68.35599976,0.488558995,232.6637183
741250,68.35599976,0.488558995,232.6637183
741500,76.8289975,0.470743988,232.6902734
741750,60.22199829,0.372292496,232.684079
742000,57.41599854,0.411990993,232.6440948
742250,58.09999832,0.34957499,232.7194141
742500,43.94299774,0.333942491,232.672334
742750,47.70599823,0.338902491,232.6928156
743000,44.81499939,0.312993498,232.6971484
743250,39.60299835,0.299147491,232.7037811
743500,41.19399902,0.315736997,232.6909576
743750,42.65799881,0.312113498,232.7034698
744000,40.17499863,0.302332993,232.6828571
744250,41.43899918,0.319277996,232.701358
744500,43.21399841,0.303697994,232.72396
744750,37.43499924,0.29975299,232.69935
745000,42.89699799,0.337307495,232.7285913
745250,48.00399902,0.312961488,232.6794867
745500,37.46199921,0.298128494,232.6653937
745750,37.81999893,0.302602997,232.6893408
746000,41.64299988,0.300710495,232.707934
746250,36.92899872,0.298332499,232.7158459
746500,39.36599854,0.298516989,232.6749738
746750,39.2209993,0.295773985,232.6852911
747000,37.82799911,0.303969997,232.6947711
747250,40.45399979,0.302200987,232.6808148
747500,38.41699799,0.300689485,232.6938434
747750,38.41699799,0.300689485,232.6938434
748000,41.07299942,0.307200495,232.7217743
748250,39.58399963,0.302287989,232.7047333
748500,40.87899918,0.324692495,232.6912067
748750,46.26499908,0.311748488,232.7188062
749000,36.42199905,0.299065992,232.7289911
749250,38.42999908,0.300998492,232.6982764
749500,41.1309996,0.30121399,232.681319
749750,37.84499924,0.316710992,232.6790784
750000,44.89499878,0.314747487,232.6862891
750250,41.67199951,0.32785899,232.6873126
750500,50.23199875,0.383056986,232.659574
750750,54.9809993,0.361542484,232.6825238
751000,58.40799973,0.473429483,232.6899823
751250,86.65799805,0.520653999,232.6588397
751500,82.38499756,0.561183482,232.6582874
751750,102.4159988,0.599237483,232.6572278
752000,107.2909964,0.689531984,232.6285461
752250,127.3499976,0.684743967,232.6331659
752500,114.408999,0.640615485,232.6269977
752750,113.8059982,0.672631478,232.6687494
753000,121.1739981,0.694407978,232.6504449
753250,127.182995,0.700132973,232.5898627
753500,124.0839954,0.692112484,232.6188135
753750,119.5539975,0.699523976,232.6160065
754000,131.1619968,0.741090491,232.6048114
754250,131.1619968,0.741090491,232.6048114
754500,140.1589972,0.776773987,232.661297
754750,151.5149976,0.805766973,232.6045807
755000,155.7129968,0.843727477,232.585946
755250,174.3359985,0.871192491,232.5860797
755500,175.1609949,0.872701485,232.5912579
755750,177.6679919,0.901182976,232.5664459
756000,188.6939954,0.901035962,232.5585028
756250,182.4729962,0.87570698,232.5724536
756500,162.8499957,0.843734989,232.5807977
756750,174.6549927,0.867625983,232.5724353
757000,172.256994,0.85525399,232.6119135
757250,172.4159998,0.88906446,232.5995502
757500,190.3899951,0.931349471,232.5695349
757750,187.8759998,0.89908699,232.5521765
758000,181.6369983,0.905645993,232.5795953
758250,192.9059955,0.940791981,232.5791644
758500,192.5719849,0.911394494,232.5632153
758750,185.7099969,0.903651471,232.5623901
759000,183.1099976,0.922098479,232.583089
759250,201.248996,0.943148956,232.6087329
759500,188.8739948,0.899202988,232.5682556
759750,177.8389978,0.866818483,232.5825732
760000,173.0149976,0.844049475,232.5900067
760250,163.0489972,0.819711986,232.5939429
760500,159.5399957,0.813617485,232.5921045
760750,159.5399957,0.813617485,232.5921045
761000,166.1249933,0.869388478,232.5941504
761250,186.9579974,0.931927485,232.5753595
761500,190.0649957,0.918239481,232.5689081
761750,194.8189978,0.955230966,232.5252002
762000,195.4599969,0.911944962,232.5742786
762250,180.5109973,0.870400474,232.5980701
762500,170.7520001,0.853028979,232.5770551
762750,172.6389978,0.855759001,232.584317
763000,169.6969989,0.854334967,232.5715741
763250,165.9199951,0.828984981,232.5801355
763500,163.6489966,0.834076474,232.5620612
763750,158.2909991,0.798805466,232.5740228
764000,141.5759946,0.724576483,232.6179736
764250,128.0039969,0.711138976,232.6151672
764500,135.8349957,0.75980196,232.595744
764750,137.2209961,0.722257471,232.6401196
765000,128.2949973,0.709041486,232.6294781
765250,124.0249988,0.673530493,232.6434027
765500,108.0809982,0.599124486,232.603075
765750,95.38899658,0.568591492,232.6510699
766000,89.05099579,0.520941477,232.6242133
766250,81.34399811,0.53167599,232.6443353
766500,88.26499573,0.5338375,232.6349506
766750,83.15299896,0.494388992,232.6626379
767000,75.21499786,0.485686489,232.6287354
767250,75.21499786,0.485686489,232.6287354
767500,67.28699905,0.36682799,232.6882642
767750,46.95899902,0.380299486,232.6952295
768000,56.77899811,0.388779993,232.6770618
768250,50.53399796,0.336192497,232.699325
768500,47.11399857,0.368342993,232.6754871
768750,52.34499863,0.335718484,232.6793262
769000,39.68399963,0.301336489,232.6772937
769250,38.65399963,0.294900494,232.7218573
769500,38.62099884,0.294160992,232.719671
769750,36.61799881,0.294454989,232.6833911
770000,39.72299927,0.297733988,232.6771637
770250,37.66099899,0.297383995,232.6976398
770500,36.32599899,0.293998995,232.685141
770750,38.45700012,0.28948999,232.6836621
771000,35.49099915,0.286252494,232.6655573
771250,36.0069989,0.288522995,232.7393414
771500,36.68599976,0.289861488,232.6828619
771750,37.78199951,0.294309992,232.6871191
772000,38.64499954,0.293838491,232.7112061
772250,36.00099884,0.294591494,232.6809875
772500,38.09299973,0.290539494,232.719317
772750,37.40599869,0.294686993,232.698125
773000,36.64699921,0.296419991,232.6980536
773250,39.14299896,0.296139488,232.7040045
773500,39.56199875,0.310537994,232.6976788
773750,39.56199875,0.310537994,232.6976788
774000,40.66999924,0.310615488,232.7039917
774250,42.44300003,0.308021986,232.6837891
774500,40.16899948,0.304898992,232.7080951
774750,41.77799881,0.305948496,232.6692224
775000,40.18499786,0.306061487,232.6820374
775250,41.40899902,0.307975492,232.7003906
775500,40.94999863,0.305812988,232.7069116
775750,40.65399918,0.309021988,232.7258405
776000,40.23399918,0.294613492,232.7244617
776250,37.89399963,0.305103995,232.7283936
776500,39.84299911,0.300576497,232.7073981
776750,40.17499908,0.296658994,232.6965393
777000,38.0479985,0.311337987,232.6822223
777250,43.46099884,0.318499495,232.6775452
777500,43.22699829,0.301837493,232.7026398
777750,38.4169989,0.308404989,232.6967285
778000,41.16399948,0.306107988,232.7175012
778250,40.79099899,0.307773496,232.6909589
778500,39.84099854,0.299307994,232.6713495
778750,41.78699951,0.332528491,232.7227399
779000,51.6229985,0.34691299,232.6729272
779250,45.9319986,0.355960497,232.685957
779500,60.70199799,0.453349981,232.6440942
779750,75.89099823,0.472775987,232.6909827
780000,66.76599762,0.435515984,232.7170813
780250,66.76599762,0.435515984,232.7170813
780500,68.97099792,0.489588988,232.67724
780750,85.70700012,0.533900487,232.6521936
781000,81.51299896,0.533448488,232.6730273
781250,97.86199738,0.556671984,232.6713055
781500,93.28499908,0.58357748,232.6324786
781750,102.6879993,0.613697486,232.6125977
782000,97.51699951,0.614380984,232.6405579
782250,119.8609973,0.690369987,232.5791742
782500,123.9929968,0.699884996,232.6313403
782750,131.1739972,0.72281049,232.6344305
783000,132.8170007,0.724076977,232.644975
783250,124.2500003,0.675138483,232.6231653
783500,123.0869955,0.70667048,232.6120325
783750,125.3669974,0.709243491,232.6109338
784000,136.482998,0.761016984,232.6153418
784250,151.3999982,0.799921978,232.6039417
784500,150.6259985,0.792174475,232.6346674
784750,148.4459955,0.779181485,232.6414142
785000,141.6499976,0.756995492,232.6074634
785250,150.7309998,0.800447979,232.6035834
785500,159.2959985,0.831765985,232.6289819
785750,172.062995,0.868105469,232.584798
786000,171.3539984,0.849745474,232.5833484
786250,170.0860083,0.858716991,232.6068787
786500,172.7280011,0.848304472,232.5984937
786750,172.7280011,0.848304472,232.5984937
787000,166.8029907,0.848321962,232.6023822
787250,179.9429956,0.92727798,232.5743597
787500,198.9319971,0.934928975,232.5403821
787750,185.7339929,0.889632478,232.5952966
788000,185.0869928,0.929915967,232.5506055
788250,202.7459955,0.974918978,232.5816064
788500,207.2139941,0.987821965,232.5561902
788750,214.4599939,1.012098963,232.57039
789000,209.7919965,0.980843966,232.5959192
789250,207.3749976,0.978828969,232.5593762
789500,200.7999963,0.940818462,232.6069025
789750,195.5999908,0.945500987,232.5878076
790000,193.4479919,0.900032983,232.6122394
790250,181.4169965,0.89969799,232.573598
790500,188.5679968,0.931555974,232.5795007
790750,197.9519958,0.936851482,232.5977563
791000,185.9829944,0.882183979,232.6013177
791250,177.0999957,0.875495479,232.5908618
791500,181.6749988,0.896802483,232.5885974
791750,186.776994,0.920323982,232.6117737
792000,189.6329993,0.908146992,232.5851666
792250,181.9899963,0.886137981,232.575495
792500,186.4049921,0.911840959,232.5776208
792750,187.489989,0.902563977,232.6101605
793000,182.0459985,0.894794483,232.6021118
793250,182.0459985,0.894794483,232.6021118
793500,186.2339948,0.908281479,232.5730933
793750,174.7779987,0.833672984,232.5927722
794000,162.4299951,0.842674491,232.5779034
794250,171.8769934,0.84688298,232.6025024
794500,166.8469965,0.850719967,232.5983588
794750,168.6329956,0.82547549,232.600271
795000,158.2309985,0.806986978,232.5879236
795250,160.3439954,0.835289483,232.5834393
795500,164.487995,0.818474975,232.6069653
795750,139.5669965,0.70509999,232.6382031
796000,123.073999,0.678494976,232.6465747
796250,127.0129968,0.749744992,232.6455908
796500,138.7069965,0.743168974,232.6521185
796750,133.9309985,0.720823476,232.6718768
797000,135.0359967,0.767634492,232.6357263
797250,142.1339954,0.732372484,232.629942
797500,130.3719971,0.689564972,232.6462207
797750,117.1499957,0.662387998,232.6263971
798000,110.8229971,0.602366493,232.6767029
798250,99.18899597,0.573093481,232.6516858
798500,91.97199982,0.524044989,232.7048383
798750,79.66099915,0.478834488,232.6731342
799000,68.93200043,0.438430991,232.7039508
799250,63.70799881,0.407342491,232.7230231
799500,56.34599945,0.352899991,232.7044452
799750,56.34599945,0.352899991,232.7044452
800000,47.45200012,0.342403497,232.7065295
800250,49.33800064,0.332277992,232.6847571
800500,41.85399857,0.313219988,232.7158392
800750,47.66499802,0.381266495,232.7236371
801000,58.75399902,0.365007492,232.7079755
801250,45.51799927,0.325239493,232.6876758
801500,47.22599915,0.369307485,232.6773352
801750,51.65099823,0.338845487,232.7141907
802000,41.57999893,0.308045994,232.7158789
802250,41.16499969,0.302064488,232.715517
802500,37.73399918,0.295371491,232.7014941
802750,40.96499924,0.312547494,232.6894629
803000,42.1290004,0.304936986,232.7187024
803250,40.05800018,0.298661493,232.6875958
803500,38.61199844,0.297774488,232.688233
803750,35.59599945,0.296273,232.6958606
804000,40.2809993,0.297068994,232.6935028
804250,38.84699921,0.30153149,232.6961639
804500,37.6829985,0.294620998,232.7307349
804750,40.32099899,0.297290986,232.7179254
805000,36.96399887,0.297970996,232.7335724
805250,38.0569989,0.297769492,232.7152386
805500,39.5309996,0.299354998,232.7291217
805750,38.94999969,0.298259991,232.7488306
806000,39.2529985,0.295250485,232.7224231
806250,39.2529985,0.295250485,232.7224231
806500,37.26199951,0.296260995,232.7538593
806750,40.88199936,0.29590399,232.7099188
807000,37.41899857,0.296990987,232.7306134
807250,35.89899948,0.293028489,232.7344324
807500,40.20699875,0.292871991,232.7118329
807750,36.39499893,0.296313994,232.7038263
808000,37.91099854,0.297514995,232.6941492
808250,40.75999954,0.296905491,232.7054572
808500,36.70999893,0.294334495,232.7186206
808750,37.88999985,0.294838991,232.688869
809000,37.35299927,0.292922492,232.7295978
809250,38.10899902,0.291869988,232.7239404
809500,37.38099869,0.295369991,232.7321405
809750,37.46599945,0.295799993,232.7166217
810000,39.2159993,0.296400992,232.7216467
810250,36.76199966,0.293015993,232.7189386
810500,36.24499969,0.290488988,232.7316516
810750,38.44499908,0.291244491,232.7205573
811000,35.61499908,0.28973299,232.7216785
811250,37.73099915,0.290644497,232.729729
811500,38.1459996,0.296222992,232.7126843
811750,36.40199905,0.298434492,232.7509271
812000,39.77399887,0.29898399,232.7114319
812250,41.09899841,0.3314745,232.706366
812500,52.79999924,0.376213495,232.6714026
812750,52.79999924,0.376213495,232.6714026
813000,54.15799988,0.374152997,232.7233807
813250,66.22299927,0.441852496,232.7147595
813500,53.10999817,0.33638549,232.6996216
813750,49.21999908,0.391231494,232.6943286
814000,73.22299988,0.516653986,232.6455206
814250,85.81799744,0.498035982,232.6635657
814500,62.30999908,0.402777485,232.7151434
814750,67.18499756,0.474949993,232.6733514
815000,83.68999878,0.541088483,232.6185754
815250,95.58799744,0.594513481,232.6427106
815500,95.58499786,0.550077488,232.6789264
815750,89.46199738,0.569042983,232.67047
816000,107.1019983,0.646848474,232.6543518
816250,113.128996,0.637368484,232.6584552
816500,116.247998,0.675964494,232.62367
816750,114.0489984,0.651970992,232.6485449
817000,122.8629984,0.719815972,232.6090399
817250,134.9569971,0.744311991,232.615965
817500,144.0779974,0.777214975,232.6468713
817750,140.4929962,0.744765484,232.6299561
818000,133.868996,0.719487989,232.6409113
818250,136.4929959,0.763455486,232.6114929
818500,142.6199969,0.756374984,232.6478467
818750,140.9909985,0.734206474,232.6377325
819000,135.2909973,0.747203977,232.5766284
819250,135.2909973,0.747203977,232.5766284
819500,137.128996,0.74758899,232.6531219
819750,144.9449969,0.779964473,232.6351349
820000,138.3139984,0.733004985,232.6206604
820250,137.9709985,0.748209486,232.6040314
820500,139.8459967,0.760244987,232.6246655
820750,150.7079956,0.804592474,232.5851093
821000,144.223996,0.730719488,232.6290472
821250,138.0149976,0.799371479,232.6114911
821500,157.5569983,0.79651798,232.6440228
821750,147.9519971,0.765543973,232.6365637
822000,153.5479974,0.836593988,232.6089624
822250,176.0109955,0.88304997,232.6325684
822500,169.0589948,0.820923972,232.5990735
822750,159.8829993,0.830898488,232.5989056
823000,172.9959937,0.875187964,232.661615
823250,177.4529987,0.872508969,232.5952496
823500,168.4679987,0.820144987,232.6486829
823750,162.2519995,0.837801485,232.6155878
824000,167.6459918,0.821830485,232.6261432
824250,156.4789978,0.796564982,232.6239154
824500,149.9289966,0.772969472,232.6374298
824750,151.6389972,0.82802897,232.5846136
825000,162.7489966,0.821566982,232.6039343
825250,158.5099994,0.811641471,232.6254285
825500,164.3729956,0.842238481,232.6098059
825750,164.3729956,0.842238481,232.6098059
826000,166.7959906,0.828415985,232.6255579
826250,159.2049957,0.812863467,232.6353503
826500,160.4209998,0.821817982,232.6129773
826750,162.4689935,0.823600974,232.5812708
827000,157.713996,0.792010474,232.6059607
827250,147.5889966,0.785911992,232.6330981
827500,155.4969958,0.815743499,232.607099
827750,159.7809961,0.81836148,232.6111035
828000,154.7189948,0.783911488,232.6286298
828250,146.608996,0.769276495,232.6215228
828500,141.3089948,0.76129148,232.6065436
828750,144.9139899,0.790180483,232.5838269
829000,156.9239972,0.809848967,232.6026263
829250,152.1399957,0.74258697,232.5891058
829500,129.7619965,0.760160496,232.6244196
829750,146.7839972,0.779522469,232.5839215
830000,143.5179968,0.760967488,232.6000586
830250,138.983996,0.744985974,232.6131708
830500,130.0429965,0.683791466,232.6032379
830750,113.8069971,0.694890475,232.6446588
831000,129.4089957,0.72351599,232.6091852
831250,124.5539966,0.640230982,232.6510388
831500,106.0329977,0.63325846,232.6700183
831750,114.4699976,0.641040971,232.629718
832000,105.2239996,0.606271992,232.647746
832250,105.2239996,0.606271992,232.647746
832500,101.9239993,0.580979004,232.6355212
832750,86.59499756,0.492468485,232.6799426
833000,72.12399841,0.446495991,232.6768707
833250,70.43499969,0.446669991,232.6849481
833500,60.53999908,0.377176496,232.7074274
833750,56.76799973,0.420642494,232.6539783
834000,73.5789975,0.476279485,232.651947
834250,73.64699738,0.445933993,232.6657281
834500,61.50699921,0.384923985,232.6544904
834750,51.40899963,0.38177299,232.7084656
835000,65.91099716,0.435096487,232.6913806
835250,53.97599854,0.373886498,232.7205853
835500,59.08999908,0.386101494,232.7181189
835750,60.09199768,0.388596494,232.6925769
836000,49.56899857,0.333884498,232.6772333
836250,46.84699951,0.317111993,232.7057623
836500,39.21799927,0.301794492,232.7073853
836750,40.17599808,0.313117495,232.6965717
837000,45.5619989,0.30442799,232.7129486
837250,37.44899948,0.300583992,232.7378375
837500,39.37299973,0.301377996,232.725274
837750,38.99399887,0.294757998,232.6931097
838000,38.06499878,0.294297993,232.6928143
838250,39.01699951,0.296941496,232.656427
838500,37.3319989,0.314176991,232.6950201
838750,37.3319989,0.314176991,232.6950201
839000,50.59099747,0.334067491,232.6894373
839250,42.09099991,0.301447492,232.7051923
839500,36.5219989,0.295262493,232.6828101
839750,40.10299911,0.291527995,232.7014648
840000,35.32599976,0.288150996,232.7111401
840250,37.55499908,0.291922493,232.7144623
840500,38.89199921,0.294971488,232.7169891
840750,35.53699936,0.292790492,232.7193457
841000,36.67499924,0.29003949,232.6656232
841250,37.87899902,0.300519993,232.690307
841500,42.83599945,0.312218498,232.7337256
841750,39.67499939,0.289496496,232.6833411
842000,34.46799965,0.288403988,232.739516
842250,39.69699936,0.292333996,232.7207782
842500,34.30700005,0.290716991,232.6846326
842750,37.85699951,0.296097493,232.7256848
843000,39.53999893,0.290931996,232.6913129
843250,34.64499908,0.287051494,232.7186487
843500,36.39599899,0.288076494,232.6958191
843750,36.24099991,0.288055992,232.6934259
844000,35.62499878,0.284428492,232.7231116
844250,36.17599854,0.288185991,232.6939856
844500,35.88999908,0.287288494,232.6742157
844750,37.14999847,0.30449549,232.6864825
845000,48.99299973,0.382060992,232.6749597
845250,48.99299973,0.382060992,232.6749597
845500,57.8319986,0.385277988,232.6692957
845750,50.39599915,0.306074488,232.6790063
846000,33.16699928,0.287409489,232.6898993
846250,41.86899857,0.328101984,232.6632227
846500,41.94699982,0.307058994,232.6687463
846750,45.6979985,0.382850996,232.6471082
847000,64.96899841,0.426501493,232.6598499
847250,62.02899841,0.408668493,232.710744
847500,67.0669989,0.47747049,232.6771753
847750,79.49399872,0.524143481,232.6620099
848000,83.79000122,0.527608478,232.638291
848250,86.35799957,0.536779492,232.6418988
848500,87.34099487,0.528612492,232.6370416
848750,89.48599548,0.565336485,232.6636151
849000,101.0569986,0.61530499,232.6511353
849250,102.4599991,0.61052649,232.648761
849500,97.87299652,0.566551995,232.6841711
849750,99.74999756,0.632090983,232.6403137
850000,105.1639984,0.606108475,232.6261755
850250,111.5779987,0.676445978,232.6294983
850500,125.8549933,0.712598484,232.6422174
850750,127.7709967,0.695083971,232.647298
851000,127.6799985,0.748070483,232.6213947
851250,145.7439972,0.786315973,232.6066388
851500,144.246994,0.750673985,232.6258093
851750,144.246994,0.750673985,232.6258093
852000,135.163996,0.714982979,232.6112415
852250,124.3809991,0.671673977,232.637699
852500,121.5829968,0.700772963,232.6134106
852750,128.919996,0.731996989,232.6206158
853000,136.0139957,0.718379481,232.6204999
853250,133.2829956,0.758745461,232.5997058
853500,139.8419995,0.758001475,232.5982037
853750,145.0210004,0.801769474,232.5872668
854000,161.9779968,0.831788971,232.5809839
854250,162.8919904,0.822276986,232.5965222
854500,165.1009979,0.846997483,232.5841589
854750,169.7829993,0.860919483,232.5954071
855000,182.6549963,0.927407985,232.5567401
855250,195.6239996,0.929365997,232.5597894
855500,190.2849976,0.942068977,232.5664215
855750,203.6579944,0.984222991,232.5489307
856000,202.3269958,0.934400465,232.5638013
856250,189.8159979,0.960197477,232.5564685
856500,207.6599982,0.982219985,232.5570837
856750,206.727995,0.986953468,232.5782306
857000,212.4669934,0.988922467,232.5896533
857250,204.8929987,0.975647464,232.5666547
857500,203.4519965,0.950114982,232.5750836
857750,192.1379944,0.932618976,232.5628326
858000,199.1499933,0.974884992,232.5792206
858250,199.1499933,0.974884992,232.5792206
858500,204.5569965,0.953817472,232.5722351
858750,196.9119904,0.951581481,232.5478711
859000,199.6979944,0.94301347,232.5472607
859250,188.5499957,0.900145962,232.5596759
859500,181.6429962,0.884240978,232.5916449
859750,177.8619946,0.894471467,232.5627142
860000,188.4709961,0.914178967,232.5728973
860250,186.2789935,0.91185847,232.5975531
860500,192.0899976,0.93379647,232.5666614
860750,193.7309979,0.941349463,232.5664746
861000,190.6199957,0.873396499,232.5858948
861250,163.2329962,0.790483487,232.5883984
861500,143.3819983,0.789382474,232.6021271
861750,159.5959943,0.814471486,232.591087
862000,152.877995,0.790112467,232.5693378
862250,147.9359979,0.778945475,232.606709
862500,143.2309961,0.746964979,232.6296619
862750,133.2379987,0.732775981,232.6064392
863000,138.8729974,0.760674984,232.582818
863250,143.7070032,0.768916981,232.598222
863500,138.4939929,0.717541475,232.5931464
863750,125.6109961,0.701707478,232.5808954
864000,130.3819965,0.735326488,232.5804071
864250,135.8539926,0.724462979,232.6306512
864500,123.5289957,0.66625849,232.6172589
864750,123.5289957,0.66625849,232.6172589
865000,106.4599982,0.631660993,232.6361249
865250,111.3019998,0.62641948,232.6172382
865500,105.0409998,0.580333989,232.6675806
865750,77.89999847,0.493103979,232.6394269
866000,89.6709967,0.548930984,232.6488672
866250,83.02399719,0.494581484,232.6710583
866500,82.19099915,0.527787983,232.6787616
866750,79.57199768,0.490667981,232.6841632
867000,61.99499817,0.346280497,232.6601685
867250,44.63999924,0.32682749,232.6684137
867500,44.61399933,0.330948995,232.6792651
867750,49.95299866,0.342678491,232.6805536
868000,43.40399902,0.310730491,232.6616748
868250,39.64600006,0.310605996,232.6796381
868500,48.01599884,0.332456992,232.6613379
868750,41.4859993,0.306499991,232.6646899
869000,38.32499939,0.292049997,232.7183075
869250,36.6919989,0.286359996,232.6808014
869500,36.2719986,0.285097493,232.6490753
869750,36.5769989,0.288506993,232.6626984
870000,37.1669989,0.300256493,232.6288031
870250,40.7569986,0.299802994,232.6898895
870500,41.37799881,0.31760599,232.7032349
870750,40.19499954,0.305524492,232.661394
871000,44.5159996,0.309771987,232.6982422
871250,44.5159996,0.309771987,232.6982422
871500,38.95799927,0.302835494,232.7058936
871750,38.71699829,0.299720993,232.7253748
872000,38.97699921,0.301401992,232.6966089
872250,40.79499878,0.31902099,232.6739337
872500,44.82999939,0.312912493,232.6687219
872750,40.16099808,0.301306493,232.6573676
873000,39.02899887,0.31031199,232.6646387
873250,42.9719986,0.310053486,232.7264575
873500,40.80899902,0.311503489,232.7325275
873750,42.79399826,0.307331489,232.6908789
874000,43.23999863,0.332599989,232.675014
874250,44.1609993,0.32263149,232.7001807
874500,54.07499878,0.38094099,232.6474213
874750,50.3969989,0.33408849,232.6733429
875000,42.41999847,0.31466899,232.6952008
875250,43.86699844,0.313053498,232.6668317
875500,46.41799896,0.370934994,232.6602155
875750,51.21599869,0.327406993,232.7221558
876000,39.08499847,0.305544497,232.6679999
876250,45.35699921,0.351545995,232.6723431
876500,57.97099808,0.430832489,232.7012158
876750,64.51099792,0.414231491,232.6833099
877000,64.49799789,0.426717492,232.6943335
877250,64.01999832,0.442019981,232.6566321
877500,70.37199951,0.476749485,232.6537897
877750,70.37199951,0.476749485,232.6537897
878000,81.31299896,0.515627489,232.65979
878250,82.79199738,0.527898495,232.6792401
878500,78.10399872,0.432402991,232.6861987
878750,69.52699844,0.481315987,232.6502869
879000,75.76799835,0.476548998,232.6640863
879250,74.67799744,0.48287549,232.6228082
879500,86.39399689,0.576264989,232.6071582
879750,99.50600037,0.581425996,232.644494
880000,94.62699646,0.536308491,232.6845502
880250,84.53299774,0.509252,232.636781
880500,85.78999817,0.550896466,232.6510248
880750,94.24899719,0.59238399,232.6476306
881000,96.97600006,0.563161976,232.6290778
881250,90.17699921,0.541654475,232.6621582
881500,87.27099701,0.546389487,232.6745215
881750,94.93199738,0.572894979,232.6558228
882000,97.38199768,0.57495398,232.6357391
882250,93.18599884,0.534319484,232.6549969
882500,83.92599762,0.554912477,232.6663434
882750,98.55299713,0.587325985,232.6513647
883000,97.81299896,0.596501482,232.6512994
883250,105.0349969,0.622397473,232.6286041
883500,112.0299976,0.6511115,232.6386652
883750,112.5359985,0.610378485,232.6487598
884000,93.15399811,0.558855984,232.6501111
884250,93.15399811,0.558855984,232.6501111
884500,96.51099823,0.604677982,232.658371
884750,108.6249951,0.63269398,232.6281964
885000,109.8639981,0.629278474,232.6601532
885250,112.8959976,0.64198199,232.6123254
885500,110.460997,0.641034963,232.6598492
885750,110.6249954,0.650319488,232.6350702
886000,114.9099969,0.656695471,232.648186
886250,116.9149976,0.702014987,232.5987402
886500,132.8159979,0.7083605,232.6285797
886750,123.0309961,0.694060998,232.6179504
887000,126.1859955,0.687908993,232.6365344
887250,124.6309967,0.713945491,232.5944501
887500,133.5749948,0.747737479,232.61737
887750,139.6399976,0.742108481,232.6056537
888000,132.8970013,0.714769478,232.6131976
888250,124.4499994,0.679906495,232.6389313
888500,123.4039969,0.66456249,232.6436261
888750,113.5659982,0.661114979,232.600954
889000,118.6939987,0.673685484,232.6150494
889250,116.6689981,0.678766985,232.6206177
889500,122.4899969,0.705102477,232.6304956
889750,128.7889975,0.692080977,232.6300568
890000,123.8889978,0.66680099,232.6401715
890250,114.7699976,0.667698481,232.6517627
890500,123.106998,0.670005469,232.6362769
890750,123.106998,0.670005469,232.6362769
891000,113.0939972,0.666173487,232.6264142
891250,124.0629974,0.713554981,232.6025574
891500,115.6919974,0.617314491,232.6411462
891750,104.0309967,0.64760448,232.6088971
892000,127.5549954,0.701961486,232.6007025
892250,115.893996,0.66371948,232.6262701
892500,120.4409967,0.690371988,232.6017517
892750,120.5629971,0.69260848,232.6285199
893000,130.2069971,0.733629477,232.6045374
893250,135.1439954,0.716779487,232.6035327
893500,121.8709946,0.641102986,232.6242767
893750,109.8499966,0.638853962,232.6497125
894000,108.8359964,0.63411999,232.6511548
894250,112.3829968,0.665099976,232.615462
894500,115.3749982,0.661870482,232.6340723
894750,117.3389951,0.667167482,232.5984869
895000,115.3839963,0.635305002,232.613454
895250,113.9009976,0.652472978,232.6266534
895500,114.5819983,0.662424998,232.6302661
895750,120.9629962,0.695338984,232.6279749
896000,120.7359985,0.667171988,232.6537006
896250,107.8919971,0.646854475,232.6285193
896500,126.3049991,0.705586972,232.6386188
896750,111.6259937,0.563793473,232.6302155
897000,100.6849976,0.631946979,232.6251239
897250,100.6849976,0.631946979,232.6251239
897500,113.0819977,0.650201991,232.6386078
897750,121.1619958,0.728528485,232.631051
898000,132.5069977,0.712735982,232.6381531
898250,121.0159982,0.670765491,232.610954
898500,123.6149979,0.706146488,232.6081006
898750,131.9789969,0.719799986,232.6131586
899000,131.0009949,0.735667984,232.5871899
899250,139.003996,0.73503648,232.6151782
899500,127.0269968,0.702221479,232.5903497
899750,127.5059955,0.720249979,232.6081018
900000,131.2659961,0.701150999,232.6217865
900250,129.6369977,0.735160487,232.5984082
900500,139.69,0.763131993,232.5847559
900750,145.5399957,0.774704978,232.5773602
901000,147.2419977,0.772780988,232.56901
901250,142.7829956,0.738849485,232.59
901500,128.9649973,0.68936249,232.6364227
901750,117.3149973,0.632618477,232.6180646
902000,113.6249976,0.669381986,232.645553
902250,122.8569971,0.706468484,232.6557117
902500,124.6769965,0.64627399,232.6321533
902750,104.5899985,0.642164483,232.6539941
903000,102.3519971,0.579670484,232.6763068
903250,103.9249966,0.636933472,232.6426288
903500,111.3239978,0.629264488,232.6062201
903750,111.3239978,0.629264488,232.6062201
904000,102.5989966,0.570021989,232.643717
904250,95.59599884,0.556221495,232.6208752
904500,91.33700073,0.605907981,232.6326013
904750,105.3789984,0.607880979,232.6381024
905000,98.19799561,0.579694486,232.6556592
905250,92.26600098,0.540775986,232.6639581
905500,87.71599945,0.555808499,232.658114
905750,86.94399597,0.484357489,232.6532294
906000,74.59599884,0.461603987,232.6867822
906250,75.35499817,0.525667984,232.6835852
906500,88.62999756,0.549501474,232.6759412
906750,89.36699829,0.525994489,232.6655255
907000,79.43499908,0.535137985,232.6826691
907250,94.3239975,0.584031982,232.6561188
907500,102.1729974,0.600715976,232.6466058
907750,96.46599792,0.580192983,232.6281366
908000,98.52799774,0.585580478,232.6714606
908250,96.18599731,0.575778978,232.620083
908500,94.89899841,0.546488483,232.658985
908750,83.72199829,0.46814899,232.7013251
909000,73.32099945,0.531790493,232.6781055
909250,91.08999817,0.503314487,232.6953186
909500,60.98299927,0.387488984,232.6975104
909750,62.33200012,0.482639983,232.674173
910000,94.12399841,0.568549988,232.6670026
910250,94.12399841,0.568549988,232.6670026
910500,85.89799988,0.511294485,232.6511072
910750,80.84500031,0.501638987,232.6510327
911000,83.61599945,0.523132484,232.6360638
911250,85.10999695,0.523546987,232.6862982
911500,86.93200012,0.493012989,232.6910223
911750,72.55899872,0.479390996,232.6709998
912000,79.20999817,0.479130983,232.6817468
912250,67.11499802,0.41766549,232.6704694
912500,64.39799911,0.46086249,232.6611292
912750,82.47799774,0.497726977,232.644444
913000,67.13699799,0.470655988,232.6573853
913250,78.34299805,0.480516477,232.6724261
913500,69.94699921,0.451432493,232.646687
913750,69.96599792,0.447023995,232.6627551
914000,64.34099899,0.423125981,232.6658325
914250,66.96400024,0.45656849,232.664859
914500,76.20599823,0.496754988,232.6684845
914750,83.02499756,0.477036992,232.6984216
915000,69.00499817,0.480956987,232.676723
915250,85.74499786,0.560738487,232.6593787
915500,94.13399933,0.57215349,232.6453943
915750,94.94299561,0.54620049,232.6777441
916000,86.69199768,0.481931492,232.6742975
916250,55.72599762,0.443613985,232.7062427
916500,88.28999817,0.555988491,232.6351886
916750,88.28999817,0.555988491,232.6351886
917000,83.63799774,0.495118994,232.6468848
917250,74.0219989,0.476243993,232.6215021
917500,77.62599792,0.491626483,232.6531042
917750,88.05100067,0.588128984,232.627674
918000,97.71399658,0.537159488,232.6520514
918250,76.57999908,0.463040487,232.6520447
918500,70.87299774,0.511232487,232.6634985
918750,92.41399841,0.588771491,232.6371472
919000,88.26499817,0.514062483,232.6530414
919250,87.22099548,0.548139992,232.6710895
919500,91.57099731,0.556413984,232.6728577
919750,90.44399811,0.576231983,232.6552985
920000,104.8799979,0.63568048,232.6500269
920250,101.6219992,0.60636898,232.6475244
920500,104.2829977,0.627782989,232.6637286
920750,103.7439966,0.579309487,232.6594611
921000,99.11399933,0.609765985,232.642193
921250,98.88399872,0.548048496,232.6371619
921500,91.87799683,0.560616491,232.6696423
921750,89.76699738,0.568760495,232.6652264
922000,100.8869977,0.615280499,232.6531616
922250,106.3979984,0.627178473,232.6510181
922500,115.3079971,0.665981979,232.6275824
922750,110.9599982,0.604347987,232.6373956
923000,110.6279996,0.688261974,232.6340015
923250,110.6279996,0.688261974,232.6340015
923500,120.7929913,0.691876967,232.6376904
923750,127.0649973,0.729828982,232.6321777
924000,124.9169986,0.664573486,232.6381372
924250,122.0699966,0.689081976,232.6415057
924500,115.7139981,0.642150478,232.6540405
924750,114.3049969,0.66870399,232.642923
925000,114.6439981,0.657448485,232.6444897
925250,112.051998,0.66685899,232.6449396
925500,114.4319968,0.63382498,232.6418903
925750,107.817998,0.623134496,232.6483466
926000,109.6079953,0.644525981,232.631076
926250,115.8879974,0.650325985,232.639978
926500,117.3299973,0.682414987,232.6561786
926750,111.7579962,0.621725483,232.6428345
927000,110.5669977,0.702881489,232.6339856
927250,122.9039957,0.650424004,232.6353931
927500,118.4739963,0.677540987,232.6382996
927750,113.2559976,0.633656976,232.6630334
928000,116.3229965,0.678284488,232.651217
928250,122.2579993,0.68895997,232.6258325
928500,115.6009973,0.671181476,232.625097
928750,119.1109955,0.651967483,232.6665466
929000,115.6819971,0.658531487,232.6373059
929250,113.0509967,0.634954488,232.6533466
929500,113.5349957,0.65637748,232.6387042
929750,113.5349957,0.65637748,232.6387042
930000,126.2969968,0.743649971,232.5995923
930250,130.5109967,0.683598485,232.6206097
930500,115.4419986,0.651390488,232.621106
930750,110.6849988,0.6182375,232.6589856
931000,111.9859976,0.683695982,232.618786
931250,114.2219974,0.615873485,232.6532745
931500,110.0389966,0.663275006,232.6375867
931750,121.0449982,0.699422979,232.6143335
932000,116.6129974,0.641528492,232.6206567
932250,110.6149982,0.62631449,232.636651
932500,104.1920001,0.618672976,232.6485626
932750,103.3079968,0.59442699,232.6350464
933000,95.66499146,0.527016978,232.6426831
933250,93.14799835,0.668244987,232.6437787
933500,125.2279956,0.673954983,232.6411603
933750,109.7719995,0.613762999,232.6478351
934000,100.7079984,0.562628984,232.6604358
934250,91.22399872,0.576339979,232.6480383
934500,101.8769986,0.631544981,232.6335461
934750,112.1439957,0.595708988,232.6568707
935000,94.24599884,0.56408648,232.673457
935250,92.35899536,0.570755496,232.6791278
935500,98.47599762,0.581926496,232.6882336
935750,88.09899719,0.499825494,232.6995215
936000,76.22599792,0.498222493,232.675625
936250,76.22599792,0.498222493,232.675625
936500,87.28600037,0.559235482,232.6799695
936750,93.62899933,0.559814978,232.6722424
937000,85.05599792,0.501698487,232.6326447
937250,77.68699951,0.500523492,232.6750171
937500,82.05399963,0.528940985,232.6873279
937750,88.52699829,0.524551475,232.6744916
938000,80.05999847,0.469669483,232.6786676
938250,68.07999817,0.460539984,232.6834509
938500,74.05699799,0.477140994,232.6889471
938750,73.85999786,0.492302496,232.6809058
939000,82.08799744,0.507725989,232.6892035
939250,74.63699829,0.515451994,232.6679376
939500,86.42799774,0.487135987,232.6738068
939750,71.79899994,0.46511649,232.6758643
940000,72.98099823,0.470543991,232.6796332
940250,69.84199829,0.467766496,232.7104279
940500,77.70199738,0.493898985,232.682666
940750,68.29999939,0.473995496,232.7076752
941000,81.21899963,0.505151999,232.670014
941250,80.78999878,0.490014982,232.7023682
941500,77.56799957,0.469089479,232.696131
941750,71.43899963,0.461776493,232.6952832
942000,73.43599854,0.476127493,232.6846655
942250,74.1419989,0.469805984,232.7100818
942500,71.13800018,0.484568486,232.7161249
942750,71.13800018,0.484568486,232.7161249
943000,82.07599884,0.500457985,232.6755115
943250,75.31799835,0.478586986,232.6998328
943500,78.37499939,0.504009482,232.6983392
943750,83.02199829,0.512878479,232.713949
944000,84.18599731,0.544887989,232.696131
944250,91.45999542,0.577672992,232.6890631
944500,98.17399841,0.608768482,232.6616882
944750,110.1039978,0.6463325,232.681073
945000,118.4879968,0.679168987,232.6495697
945250,121.6649945,0.683511989,232.6373773
945500,111.5589981,0.624151475,232.678609
945750,110.9389993,0.663964975,232.6408887
946000,116.5259973,0.683959482,232.636496
946250,130.0829977,0.697196505,232.6781317
946500,122.9969977,0.664908984,232.6667224
946750,108.5069968,0.625724981,232.6403943
947000,115.1689981,0.666334493,232.6793219
947250,125.2589984,0.725480971,232.6444122
947500,135.1369977,0.735836995,232.6299756
947750,134.4409998,0.721686492,232.6531323
948000,136.3670032,0.744681985,232.6512268
948250,133.9460004,0.714436984,232.672724
948500,127.5179971,0.719218485,232.637395
948750,141.7209979,0.761103985,232.6426855
949000,133.7299985,0.705416982,232.6592749
949250,133.7299985,0.705416982,232.6592749
949500,132.9279953,0.745152473,232.6524707
949750,133.4739954,0.718585486,232.6364429
950000,133.6849976,0.742765977,232.6425183
950250,129.084996,0.702084985,232.6555786
950500,132.5989972,0.730933988,232.6541479
950750,127.9369983,0.698938472,232.6356262
951000,114.3419989,0.64277549,232.6527661
951250,120.3169983,0.69234899,232.6412402
951500,121.8499951,0.682404981,232.6423651
951750,123.4239963,0.689700487,232.6258307
952000,121.3089975,0.67403599,232.6404047
952250,108.8699973,0.614208977,232.6533289
952500,116.8159964,0.715289974,232.6547485
952750,121.2429962,0.649197483,232.6609454
953000,113.8599985,0.650449476,232.6532825
953250,117.6969965,0.694803982,232.6349097
953500,125.5489969,0.69528548,232.6390814
953750,128.4869965,0.715328488,232.6405518
954000,119.1399966,0.650391488,232.6577002
954250,108.9499979,0.648055477,232.6421356
954500,122.7759979,0.698784988,232.6142267
954750,121.3649948,0.674618993,232.602312
955000,123.3709964,0.694890997,232.6247595
955250,119.502998,0.647988496,232.6158716
955500,111.1809995,0.659649472,232.6195697
955750,111.1809995,0.659649472,232.6195697
956000,109.5919983,0.615462987,232.6488226
956250,101.5429993,0.600657475,232.6401794
956500,103.707998,0.601499476,232.6643152
956750,100.3179965,0.58747098,232.6509009
957000,97.80599762,0.581625988,232.6551208
957250,104.6759979,0.635352485,232.630376
957500,108.5109985,0.644904983,232.6916528
957750,108.4539978,0.610501485,232.6492419
958000,108.0309979,0.656638973,232.6353632
958250,120.8389932,0.693203995,232.6397076
958500,122.9999963,0.646347961,232.6317542
958750,110.2919974,0.663202488,232.6562158
959000,112.5429959,0.634806983,232.6433221
959250,104.2159982,0.622403495,232.6426117
959500,107.2569986,0.629145491,232.6392175
959750,111.4539972,0.635317984,232.6355194
960000,107.2669937,0.607202983,232.6469635
960250,112.5479977,0.702775481,232.6290582
960500,121.4529971,0.660388498,232.6448688
960750,102.976998,0.594497993,232.6905865
961000,95.29299835,0.504562498,232.680249
961250,76.30199875,0.531459494,232.6634271
961500,90.00499817,0.559531481,232.6659344
961750,92.2009964,0.525159485,232.6613763
962000,81.75599731,0.526499979,232.6617151
962250,81.75599731,0.526499979,232.6617151
962500,88.06599915,0.526698482,232.6827301
962750,81.68999756,0.530122988,232.6454675
963000,87.49099823,0.535847485,232.6688928
963250,86.36999817,0.53039649,232.6736646
963500,82.68699951,0.48934999,232.6836023
963750,76.48199799,0.476732486,232.6820898
964000,76.11999847,0.476362991,232.6903217
964250,75.97499847,0.489092981,232.6777576
964500,80.9039978,0.516351485,232.6819611
964750,84.32099884,0.549918489,232.6720013
965000,93.41499634,0.54214648,232.659538
965250,92.37699432,0.566029992,232.652171
965500,94.81499786,0.539688997,232.6709229
965750,86.44000031,0.550402489,232.6724341
966000,91.17799774,0.527623481,232.658595
966250,77.37999725,0.512787992,232.6906079
966500,88.35899902,0.539781988,232.6862787
966750,85.28699921,0.506030486,232.6638873
967000,82.40799927,0.512246994,232.6488702
967250,83.61899719,0.525581994,232.6560754
967500,86.4369986,0.538564,232.6595605
967750,89.29899994,0.536677988,232.699079
968000,82.92699707,0.519175494,232.6716553
968250,82.2519989,0.523456972,232.6742706
968500,87.4689978,0.492054979,232.6806708
968750,87.4689978,0.492054979,232.6806708
969000,71.76399841,0.484482483,232.6786102
969250,82.56099884,0.492611988,232.6619824
969500,80.0239978,0.498611994,232.6733533
969750,76.04399841,0.45989799,232.6801971
970000,69.21999817,0.449778981,232.6576099
970250,70.76799774,0.457670488,232.7038983
970500,73.84499786,0.492439991,232.6798706
970750,83.43899902,0.506026486,232.6558386
971000,81.64999756,0.515366485,232.6580292
971250,86.6209967,0.507398498,232.6651935
971500,68.87999725,0.484287995,232.6996875
971750,85.20799866,0.530674984,232.6843677
972000,84.14599854,0.509865485,232.6905243
972250,79.84299805,0.488902491,232.6763715
972500,76.92099701,0.469085487,232.6668646
972750,75.35199921,0.505025989,232.6871381
973000,82.45399811,0.515747989,232.6686383
973250,77.53799896,0.502163488,232.6481299
973500,86.29699738,0.528284993,232.6938153
973750,86.18799683,0.532145996,232.6772058
974000,88.88399811,0.544138978,232.6659979
974250,88.72799561,0.530233498,232.6542719
974500,81.95999939,0.491521481,232.6664886
974750,73.87399933,0.498743489,232.6993829
975000,84.67599854,0.512860992,232.6592523
975250,84.67599854,0.512860992,232.6592523
975500,75.30099762,0.459191482,232.6645581
975750,74.07099884,0.487182485,232.6957788
976000,79.2189978,0.491809981,232.6768359
976250,78.57799866,0.50513698,232.6882025
976500,80.62399902,0.524974988,232.6755676
976750,90.66299774,0.554873986,232.6633289
977000,89.22800079,0.526366479,232.6813568
977250,91.23399658,0.580150998,232.6363452
977500,102.7419971,0.616209488,232.6383002
977750,96.36799622,0.549319975,232.6675134
978000,92.6839978,0.585498979,232.6494696
978250,94.46099762,0.581473999,232.63315
978500,106.122998,0.610115981,232.6185944
978750,106.2489954,0.626834993,232.683429
979000,108.2199969,0.628670478,232.6364697
979250,105.8289975,0.609497495,232.669317
979500,101.8469974,0.632851486,232.6530847
979750,101.0289981,0.579809487,232.6680847
980000,92.58700226,0.553908494,232.6790619
980250,95.93699707,0.591936996,232.6396136
980500,95.54299805,0.548331487,232.6502844
980750,97.04999786,0.618207483,232.626322
981000,108.1559991,0.648169482,232.6203662
981250,117.1449963,0.708673472,232.6363257
981500,124.586998,0.674970963,232.636886
981750,124.586998,0.674970963,232.636886
982000,120.8849963,0.659738498,232.6585773
982250,114.2019968,0.663258979,232.6475238
982500,125.0939975,0.721533489,232.6385645
982750,127.9509958,0.68770201,232.6248083
983000,124.3149945,0.721563981,232.6289862
983250,127.7739972,0.675886493,232.6216248
983500,115.8799948,0.649999998,232.7030499
983750,111.1869977,0.641044471,232.6812347
984000,118.2219968,0.685776482,232.6460742
984250,124.9799979,0.709217997,232.6091119
984500,131.7309985,0.732912986,232.6181073
984750,128.2889969,0.69688849,232.6418774
985000,126.6329962,0.720903969,232.6347626
985250,127.9329953,0.66476598,232.6242719
985500,115.1249988,0.680638497,232.6279626
985750,119.7509967,0.655228992,232.6377191
986000,114.0479974,0.660851486,232.6629132
986250,114.288996,0.685014493,232.6218384
986500,125.4309961,0.698950481,232.647887
986750,124.1709979,0.684212499,232.6242218
987000,125.9749939,0.720150983,232.6491394
987250,130.9449973,0.695491471,232.6640253
987500,118.9819958,0.668709476,232.6682043
987750,119.6499969,0.690640979,232.6506586
988000,124.2909979,0.719601486,232.6243219
988250,124.2909979,0.719601486,232.6243219
988500,127.9809955,0.65533848,232.6727618
988750,118.6289966,0.711181984,232.6112732
989000,128.1679984,0.693739977,232.6505914
989250,121.214996,0.670540473,232.6386816
989500,117.0869983,0.663493986,232.6215912
989750,116.5799957,0.688567979,232.6232007
990000,122.626998,0.639892485,232.6317603
990250,106.7629971,0.646206987,232.6455133
990500,116.3689978,0.66558249,232.6742596
990750,123.8529956,0.700520475,232.6437048
991000,123.8479953,0.66613698,232.6416534
991250,108.2909973,0.624710484,232.6451941
991500,103.8629977,0.632297981,232.6267584
991750,110.275997,0.625740986,232.6502087
992000,108.2399973,0.616181483,232.6680847
992250,103.6369995,0.605045981,232.6576257
992500,103.1879993,0.560740991,232.6665448
992750,88.6559967,0.557180488,232.6768481
993000,92.09799652,0.557866986,232.6836963
993250,94.13099701,0.55446799,232.6474835
993500,85.80699738,0.51054799,232.6790894
993750,74.6039975,0.448600987,232.7218127
994000,71.31499725,0.493316483,232.6991376
994250,80.91399872,0.482017497,232.6817694
994500,74.31999817,0.481156489,232.7063599
994750,74.31999817,0.481156489,232.7063599
995000,78.73299774,0.487110476,232.6869012
995250,73.61099823,0.469337486,232.6450873
995500,73.79799835,0.472791994,232.6798077
995750,72.38599762,0.451539984,232.6556256
996000,71.11999847,0.450175482,232.6870599
996250,71.83399963,0.473655488,232.6909723
996500,77.46299835,0.507808479,232.7048035
996750,87.72799774,0.515674984,232.7104303
997000,71.18899841,0.45297549,232.7080731
997250,72.42999847,0.502381482,232.6975903
997500,92.8889978,0.538036988,232.7060907
997750,74.21399841,0.470407983,232.6777887
998000,75.16399933,0.481097984,232.6873138
998250,72.9419989,0.464634486,232.6678894
998500,71.28799866,0.462033994,232.7037921
998750,69.23399994,0.470777483,232.7020618
999000,76.87099762,0.522507991,232.6943347
999250,91.87999878,0.532313479,232.6690039
999500,77.18799866,0.499227004,232.7044635
999750,84.13099854,0.519928503,232.6858417
1000000,82.78799835,0.531586485,232.6852081
1000250,88.74199677,0.567032471,232.6591351
1000500,99.97199524,0.581684985,232.6706921
1000750,99.71099792,0.608903482,232.6710211
1001000,112.6059976,0.65589848,232.6065344
1001250,112.6059976,0.65589848,232.6065344
1001500,113.2169931,0.660056484,232.6644592
1001750,123.9089966,0.720862985,232.675871
1002000,134.8309973,0.748166497,232.6574512
1002250,141.8529974,0.750846977,232.66151
1002500,132.8489981,0.713141985,232.6450745
1002750,137.073996,0.738921981,232.6071759
1003000,125.6959979,0.711049986,232.6539716
1003250,137.9449988,0.770270491,232.6155109
1003500,154.366991,0.825375979,232.6039136
1003750,161.3629962,0.824861979,232.5818762
1004000,158.7139941,0.794440494,232.5914667
1004250,148.5719965,0.777778995,232.6329388
1004500,147.1759967,0.786835487,232.5963232
1004750,153.7499976,0.797884481,232.5864618
1005000,157.540993,0.806209965,232.6495905
1005250,150.1939978,0.788854976,232.6037311
1005500,148.8659985,0.774776478,232.5924921
1005750,145.3059961,0.788724978,232.6280414
1006000,151.4259973,0.79554898,232.6287909
1006250,149.6679962,0.795563974,232.619989
1006500,158.2049945,0.799535468,232.6292334
1006750,149.1489978,0.754159973,232.6288928
1007000,136.0639984,0.749918978,232.644425
1007250,144.9109967,0.765425484,232.6316101
1007500,132.4480002,0.690619478,232.6308661
1007750,132.4480002,0.690619478,232.6308661
1008000,125.7939957,0.713278496,232.6128217
1008250,130.3619958,0.71031148,232.6296234
1008500,129.9109979,0.716400979,232.615835
1008750,126.2149979,0.680539474,232.6502405
1009000,108.757999,0.582165985,232.6713519
1009250,103.8659988,0.639079468,232.6574176
1009500,111.1179965,0.622225482,232.6856793
1009750,94.22599487,0.518622489,232.6687872
1010000,82.58399689,0.510276982,232.6597577
1010250,80.81399841,0.48094999,232.6727631
1010500,83.02199951,0.549806988,232.6790735
1010750,83.76500519,0.446537989,232.7175775
1011000,64.16399796,0.440634485,232.6898999
1011250,66.15699799,0.422816489,232.6993115
1011500,64.26799789,0.420051504,232.6793994
1011750,62.34399826,0.423065993,232.6702838
1012000,68.71999908,0.459338986,232.7106616
1012250,60.96099854,0.371581979,232.6936908
1012500,53.53599976,0.381164988,232.7123773
1012750,53.45899887,0.342429489,232.7460596
1013000,47.22499847,0.356084991,232.7097546
1013250,54.11799911,0.367902492,232.7155219
1013500,52.75399872,0.380940486,232.7303876
1013750,58.40699875,0.40360099,232.6735059
1014000,62.24799835,0.400796498,232.7226917
1014250,62.24799835,0.400796498,232.7226917
1014500,61.4259993,0.44703748,232.7026221
1014750,67.69599899,0.410738481,232.7011035
1015000,60.54899872,0.420886989,232.6990411
1015250,65.54799744,0.458865486,232.7011914
1015500,69.57699829,0.43477049,232.7044708
1015750,67.00699844,0.44570099,232.7198853
1016000,69.15099762,0.402425482,232.6702777
1016250,56.92199799,0.405305992,232.733479
1016500,62.01399841,0.417215985,232.7358282
1016750,72.88099854,0.527162484,232.7148865
1017000,89.92099884,0.543781486,232.6752545
1017250,87.01499756,0.538538489,232.6574219
1017500,90.49899902,0.536515987,232.6491437
1017750,86.67199738,0.517261002,232.6534631
1018000,86.25600006,0.540524487,232.6750934
1018250,91.22699432,0.564219987,232.6358881
1018500,91.91699402,0.605488982,232.6497736
1018750,107.5069992,0.621933985,232.6711908
1019000,111.0779971,0.646387973,232.6569421
1019250,115.3619986,0.652157986,232.6438348
1019500,111.2449976,0.57836798,232.6859241
1019750,91.38999756,0.57189549,232.6571649
1020000,97.78399872,0.572880983,232.6841217
1020250,92.69599854,0.603573492,232.6550189
1020500,106.9199982,0.597504995,232.6509778
1020750,106.9199982,0.597504995,232.6509778
1021000,98.8569989,0.567952988,232.6846857
1021250,93.24099762,0.586036983,232.6656427
1021500,102.6779996,0.609733992,232.6666687
1021750,102.4200006,0.571023483,232.6783264
1022000,84.36299866,0.546794492,232.6508099
1022250,96.04400024,0.523308493,232.7147064
1022500,83.07099823,0.538213488,232.6897461
1022750,99.33199738,0.586448989,232.6793256
1023000,93.97799866,0.541631486,232.66401
1023250,89.9759964,0.540482993,232.6810248
1023500,90.1589978,0.543841968,232.6376587
1023750,92.82199829,0.565695474,232.6712445
1024000,95.17799744,0.575557985,232.6744611
1024250,95.09199951,0.548848495,232.6757385
1024500,85.88499817,0.575457981,232.6569208
1024750,118.0059961,0.688584478,232.6596362
1025000,124.6749976,0.669242988,232.6274744
1025250,103.6499988,0.593660481,232.6854871
1025500,106.9629984,0.628660481,232.7038489
1025750,107.2099973,0.612999971,232.658681
1026000,105.667999,0.653099489,232.6634192
1026250,127.4739981,0.702093973,232.6276471
1026500,120.100997,0.68573699,232.6359143
1026750,130.5449945,0.709084988,232.6100934
1027000,114.4069983,0.629373989,232.6110895
1027250,114.4069983,0.629373989,232.6110895
1027500,106.4369977,0.617848485,232.6407672
1027750,107.9069971,0.61236448,232.6403143
1028000,99.55999786,0.614105988,232.6511072
1028250,121.2309985,0.682304981,232.6243866
1028500,114.5089981,0.656083992,232.6556213
1028750,101.7949982,0.58467298,232.6715253
1029000,99.35499603,0.588246477,232.6397101
1029250,98.13399811,0.602767482,232.6698834
1029500,103.2959976,0.571413488,232.6810406
1029750,81.88099762,0.505483987,232.6903479
1030000,91.20799652,0.592155485,232.6379938
1030250,97.91399689,0.555466983,232.6787164
1030500,87.89099854,0.545973985,232.6357269
1030750,92.8289978,0.569098988,232.6506592
1031000,96.38699707,0.565958488,232.6636481
1031250,92.74999786,0.571971481,232.6598517
1031500,106.310997,0.635686984,232.632547
1031750,98.07999847,0.56886848,232.6497229
1032000,92.40999664,0.574082975,232.6694299
1032250,98.04499878,0.57599148,232.6375952
1032500,91.40599884,0.568136981,232.6563422
1032750,96.48599731,0.560967493,232.6498413
1033000,90.02299622,0.546153982,232.6950659
1033250,97.26299805,0.602563484,232.7007715
1033500,91.75099854,0.538074489,232.6746857
1033750,91.75099854,0.538074489,232.6746857
1034000,89.69999786,0.580153999,232.6513361
1034250,94.2319989,0.559036484,232.6297308
1034500,96.61699646,0.582236979,232.6450122
1034750,90.24499756,0.509031491,232.6740973
1035000,85.07699768,0.535057979,232.6641565
1035250,81.41,0.510511988,232.6524573
1035500,92.73399841,0.617145491,232.6636597
1035750,103.2879987,0.596577988,232.6622821
1036000,99.61699677,0.607787974,232.6254211
1036250,110.1569974,0.643827972,232.6639417
1036500,118.0659982,0.687032485,232.6523193
1036750,117.2749985,0.64581398,232.6495148
1037000,110.3589981,0.645112984,232.633941
1037250,101.1819983,0.574013486,232.6596008
1037500,99.8859964,0.631945987,232.6332251
1037750,111.7779959,0.635316479,232.6620282
1038000,113.2589987,0.636909468,232.6365149
1038250,114.6429965,0.66008846,232.6525403
1038500,107.1679974,0.612942491,232.6312726
1038750,106.957998,0.650002995,232.6652319
1039000,118.6289954,0.702694986,232.6061316
1039250,118.9289972,0.632469482,232.6369208
1039500,114.9880005,0.658562486,232.6486511
1039750,110.6579974,0.60362649,232.6509052
1040000,116.131998,0.726694968,232.6140063
1040250,116.131998,0.726694968,232.6140063
1040500,138.6619977,0.755879996,232.6276093
1040750,136.5869971,0.718409979,232.6169855
1041000,124.2189987,0.670467486,232.6460986
1041250,120.8529987,0.699312985,232.64073
1041500,128.2319952,0.682445982,232.6271869
1041750,124.1899979,0.722278469,232.5915253
1042000,131.0789978,0.719919989,232.6110126
1042250,129.5349963,0.704759991,232.6612866
1042500,125.7189975,0.713240485,232.6378992
1042750,129.372998,0.719433982,232.6053088
1043000,135.3749966,0.727684491,232.6260828
1043250,135.2129999,0.764777989,232.5672729
1043500,137.4769977,0.714361486,232.6224097
1043750,127.5079926,0.711284499,232.6005573
1044000,126.7479971,0.691732976,232.6037341
1044250,121.8219962,0.677170968,232.6135687
1044500,125.2289984,0.70392597,232.622583
1044750,121.2699954,0.648756969,232.629707
1045000,111.7239972,0.68442348,232.6400714
1045250,120.6419968,0.645561004,232.6205261
1045500,112.1789987,0.680110481,232.6467871
1045750,122.8489963,0.681081507,232.6449603
1046000,119.0179968,0.653097475,232.6136865
1046250,114.4109976,0.667116494,232.6456866
1046500,122.1019977,0.678984976,232.6308728
1046750,122.1019977,0.678984976,232.6308728
1047000,112.4229984,0.603646491,232.6522815
1047250,96.58799805,0.62659749,232.6004962
1047500,111.2019962,0.630286489,232.6402942
1047750,103.4369965,0.607923491,232.661474
1048000,106.0579999,0.624810984,232.6286017
1048250,113.7559979,0.713300495,232.6127777
1048500,139.6169971,0.766664984,232.6141425
1048750,140.9409949,0.731888473,232.6196851
1049000,127.856001,0.68180198,232.6561536
1049250,118.0779971,0.691920471,232.6025598
1049500,125.9819977,0.694444473,232.6441663
1049750,132.7109979,0.780530481,232.6284839
1050000,154.6159955,0.769528971,232.6143823
1050250,129.3309958,0.685136487,232.6521997
1050500,120.9639987,0.69377198,232.6828613
1050750,121.7109943,0.676993971,232.6344617
1051000,117.1599991,0.660446973,232.6221826
1051250,118.7249982,0.672404482,232.6579193
1051500,118.1549982,0.664463494,232.6293341
1051750,121.2389969,0.68960299,232.6323578
1052000,125.6499979,0.704535482,232.6223993
1052250,124.410997,0.686292489,232.6453973
1052500,117.440997,0.672891486,232.6534576
1052750,119.4199951,0.639229484,232.6753992
1053000,107.6029984,0.596406984,232.6602753
1053250,107.6029984,0.596406984,232.6602753
1053500,97.34400024,0.593832996,232.6550897
1053750,105.3099976,0.592496479,232.6185297
1054000,93.84999817,0.554271481,232.6361743
1054250,85.53899902,0.524719472,232.6301196
1054500,83.7439975,0.52611649,232.6460516
1054750,86.73799927,0.542933488,232.6129535
1055000,92.6989978,0.526627998,232.6663373
1055250,73.39799835,0.467448481,232.6593237
1055500,75.83399933,0.469389495,232.6785748
1055750,69.02099884,0.438227483,232.6899072
1056000,59.8859993,0.424202483,232.6774481
1056250,68.39599899,0.43830649,232.685047
1056500,57.80999954,0.395056491,232.7059625
1056750,65.50999847,0.439466498,232.6455145
1057000,57.15999924,0.365106986,232.7130835
1057250,53.22599884,0.39053748,232.6978619
1057500,49.31499878,0.326207988,232.7207697
1057750,41.37699951,0.317965994,232.6806628
1058000,48.59099854,0.367687496,232.7050543
1058250,53.28499863,0.359700499,232.6929059
1058500,50.01999893,0.348801993,232.7036615
1058750,49.77399948,0.350754492,232.658609
1059000,42.76700012,0.299428493,232.7066913
1059250,39.53599991,0.32097699,232.7141498
1059500,47.8859993,0.327019989,232.7036646
1059750,47.8859993,0.327019989,232.7036646
1060000,40.31999878,0.311036985,232.7463263
1060250,47.5469986,0.361803992,232.7144849
1060500,45.51999939,0.325345989,232.7018298
1060750,52.87299896,0.419205991,232.6741772
1061000,56.53399902,0.348735993,232.6769727
1061250,42.4669986,0.31402099,232.6844531
1061500,50.16300003,0.393724986,232.6608221
1061750,57.66399918,0.372186493,232.7003967
1062000,51.43899963,0.347108492,232.7004114
1062250,52.90799866,0.400048993,232.7066864
1062500,70.70599945,0.519287481,232.6496387
1062750,78.00799896,0.457164496,232.6751605
1063000,72.14299835,0.466236492,232.6828308
1063250,70.40999664,0.451893491,232.6605139
1063500,73.08299744,0.488861986,232.6466132
1063750,87.24099945,0.546740483,232.6718494
1064000,86.49099701,0.518808994,232.6716785
1064250,81.16599762,0.488771487,232.6898688
1064500,81.81399963,0.525757986,232.6405823
1064750,74.70999878,0.444992487,232.6895349
1065000,74.44099884,0.499600985,232.697431
1065250,74.31299866,0.453505483,232.6677484
1065500,87.14699982,0.627387502,232.6609283
1065750,110.6529974,0.616024489,232.6626434
1066000,94.62599884,0.541783483,232.688479
1066250,94.62599884,0.541783483,232.688479
1066500,94.75499878,0.619313486,232.6322394
1066750,101.2629984,0.560173986,232.6595239
1067000,84.57499756,0.500383997,232.671402
1067250,90.49899811,0.577845485,232.6500793
1067500,95.26899841,0.562000995,232.6606061
1067750,94.64199829,0.587401993,232.6656281
1068000,99.48199768,0.579969988,232.632005
1068250,90.10499695,0.524651003,232.6308759
1068500,82.70500153,0.48917649,232.6490338
1068750,85.25299866,0.633762488,232.6323029
1069000,119.7969952,0.691509488,232.6234039
1069250,125.677999,0.707760987,232.62659
1069500,126.7549951,0.657877488,232.6431805
1069750,114.5739978,0.651031489,232.6274091
1070000,120.2099966,0.722255983,232.6275342
1070250,137.5259979,0.736324465,232.6198682
1070500,137.1489954,0.742595975,232.6546783
1070750,137.8199945,0.755520973,232.6360114
1071000,149.6859973,0.802795978,232.6052332
1071250,155.012995,0.797014475,232.5884644
1071500,148.8889954,0.781771986,232.6426746
1071750,147.2919971,0.768618486,232.6273267
1072000,144.9809985,0.770323973,232.6206012
1072250,146.6109979,0.780227983,232.6324701
1072500,148.7519971,0.777527983,232.6231964
1072750,148.7519971,0.777527983,232.6231964
1073000,148.2279968,0.799324987,232.6246771
1073250,156.5519958,0.795212989,232.6489551
1073500,145.2029962,0.748712983,232.6378619
1073750,135.8289954,0.771999493,232.6271313
1074000,156.4689984,0.833964479,232.5917841
1074250,168.0299963,0.819468482,232.5968542
1074500,151.9059955,0.790673497,232.6211346
1074750,153.5159973,0.779196982,232.6150873
1075000,143.1129987,0.761226494,232.6295374
1075250,146.7959943,0.805190983,232.5720111
1075500,163.9569977,0.830146463,232.5802106
1075750,163.5449927,0.806925478,232.6068109
1076000,154.2789966,0.78731549,232.5987421
1076250,152.9229974,0.76782099,232.5936224
1076500,137.0009961,0.745562985,232.6156219
1076750,134.9569971,0.731337991,232.632019
1077000,129.5849976,0.753698981,232.6180139
1077250,146.6219952,0.765195987,232.5826196
1077500,142.5069977,0.765891488,232.5902948
1077750,152.8499957,0.786655967,232.5805133
1078000,145.7399982,0.767255983,232.5934076
1078250,135.9649963,0.704895,232.6143109
1078500,117.8509982,0.67783649,232.6605109
1078750,121.1139969,0.692859471,232.6293066
1079000,117.0899969,0.663155973,232.6130872
1079250,117.0899969,0.663155973,232.6130872
1079500,114.5309973,0.646278481,232.6598822
1079750,114.6829965,0.675663478,232.6195819
1080000,129.6169971,0.710362978,232.5979114
1080250,122.5579965,0.659879994,232.5987915
1080500,112.0669974,0.666181476,232.6496338
1080750,119.2639966,0.687928488,232.6293652
1081000,122.4329956,0.679159989,232.6535425
1081250,119.2259982,0.693925471,232.6326288
1081500,133.5449969,0.727000477,232.6009979
1081750,128.2379984,0.678726978,232.6183661
1082000,122.8409979,0.698094983,232.6381372
1082250,127.2419971,0.701233981,232.6169971
1082500,119.1569968,0.65572299,232.6498688
1082750,102.5489969,0.572232492,232.6775562
1083000,87.05599762,0.542661493,232.6555792
1083250,96.2489978,0.593222485,232.6238458
1083500,101.4819977,0.551097982,232.6777661
1083750,91.73899719,0.562893486,232.6398053
1084000,94.26099762,0.578016987,232.6209644
1084250,95.85700012,0.568587482,232.6347162
1084500,88.20999878,0.501477495,232.6583453
1084750,63.18399841,0.411870488,232.6712067
1085000,67.85999878,0.436630998,232.6581207
1085250,65.70699905,0.429776486,232.6750433
1085500,62.14799789,0.409136486,232.6460797
1085750,62.14799789,0.409136486,232.6460797
1086000,57.15199997,0.378373488,232.6899493
1086250,54.76199951,0.383803991,232.6956946
1086500,62.06199829,0.431763495,232.6574872
1086750,64.46299774,0.395339991,232.6878113
1087000,58.25099884,0.400272988,232.6591406
1087250,57.56399811,0.372578492,232.6586542
1087500,52.28899963,0.37623199,232.6562885
1087750,63.2139975,0.449012488,232.6244873
1088000,78.07099792,0.519921482,232.6428125
1088250,80.06,0.496025988,232.6613745
1088500,74.60199722,0.432859998,232.7038861
1088750,58.46099915,0.372927494,232.66935
1089000,55.44499832,0.38932449,232.6689825
1089250,58.94899841,0.399616493,232.6628845
1089500,59.62399948,0.42424649,232.6741577
1089750,67.14499756,0.450574989,232.677934
1090000,66.88199768,0.422438986,232.6571265
1090250,59.04899933,0.386148484,232.7144629
1090500,56.88799911,0.400792991,232.6972815
1090750,57.86999832,0.392941988,232.670567
1091000,59.83799896,0.388801485,232.6893732
1091250,55.74899887,0.387849985,232.6545178
1091500,62.15099899,0.44271998,232.7090698
1091750,57.75499817,0.355097497,232.6638855
1092000,54.76899826,0.461050991,232.6567523
1092250,54.76899826,0.461050991,232.6567523
1092500,73.20799866,0.452729492,232.6809106
1092750,66.42999847,0.418359988,232.7020056
1093000,72.53999878,0.512565488,232.6713263
1093250,82.13100037,0.471534488,232.674812
1093500,66.0069989,0.422564992,232.6776379
1093750,64.74999756,0.441856986,232.6553918
1094000,68.34899811,0.458565496,232.6846692
1094250,69.68699829,0.447004989,232.6667175
1094500,74.36199921,0.496419983,232.6642462
1094750,76.25199829,0.464063488,232.6927972
1095000,68.81199814,0.442726488,232.6681018
1095250,68.51999832,0.451598489,232.6772772
1095500,64.29699905,0.441675496,232.6827026
1095750,68.50999878,0.448467485,232.6972772
1096000,77.2589978,0.510904982,232.6765002
1096250,84.27799835,0.523748984,232.670097
1096500,83.18199677,0.48415949,232.667149
1096750,69.09399963,0.436909479,232.6549261
1097000,67.56099792,0.458832486,232.6560779
1097250,71.61699738,0.467878484,232.6555261
1097500,74.74499817,0.478541993,232.6999847
1097750,70.32999939,0.403407998,232.720329
1098000,59.59099823,0.481465484,232.6751556
1098250,83.47399719,0.502553489,232.6766632
1098500,82.5039978,0.527294989,232.6511334
1098750,82.5039978,0.527294989,232.6511334
1099000,84.80399872,0.548786986,232.669751
1099250,96.65099854,0.558045487,232.6737817
1099500,90.68599731,0.534699998,232.6658698
1099750,88.83799622,0.569484985,232.6086871
1100000,102.2329968,0.585792487,232.6527325
1100250,93.76799805,0.558222487,232.7013464
1100500,96.79599945,0.600356481,232.6589966
1100750,106.9659995,0.62247499,232.6279987
1101000,112.1039984,0.662050483,232.6776471
1101250,116.7629971,0.625491486,232.6288007
1101500,105.3669968,0.622063491,232.6543988
1101750,111.0569971,0.636775465,232.6413812
1102000,116.0469986,0.689444485,232.6444208
1102250,123.3029974,0.687396965,232.6475177
1102500,125.0389975,0.685434489,232.6362781
1102750,122.8989963,0.674833984,232.6134528
1103000,126.014996,0.721484487,232.6255109
1103250,143.547995,0.806546469,232.6236548
1103500,156.4419965,0.792940998,232.6387976
1103750,151.0819977,0.789375486,232.5959503
1104000,152.7919965,0.816210477,232.5801117
1104250,167.2219995,0.848465993,232.5583453
1104500,170.0829944,0.836327982,232.6228229
1104750,160.7319958,0.859070966,232.5840137
1105000,187.8379901,0.889344971,232.6166205
1105250,187.8379901,0.889344971,232.6166205
1105500,170.385993,0.839975994,232.5756207
1105750,170.1159985,0.894283977,232.6135565
1106000,199.3949976,0.941794982,232.5500684
1106250,183.2659924,0.893994982,232.5848468
1106500,189.8909979,0.942537479,232.5962769
1106750,196.792995,0.916094978,232.5875031
1107000,180.2429956,0.903369977,232.5807019
1107250,194.1999994,0.94463449,232.5859515
1107500,195.7859998,0.928830471,232.5691992
1107750,190.098999,0.905261478,232.5801349
1108000,182.272998,0.886102474,232.5906616
1108250,180.7059973,0.885276983,232.5836304
1108500,176.7799939,0.850446966,232.5902637
1108750,164.5830005,0.851657488,232.5836713
1109000,178.5059998,0.893679986,232.56091
1109250,182.7669977,0.87622798,232.5750934
1109500,172.3469977,0.852414961,232.5772479
1109750,165.2349963,0.814404993,232.5825635
1110000,165.2909906,0.850052474,232.5744861
1110250,172.083996,0.870730481,232.6032477
1110500,182.7719989,0.897517481,232.5637445
1110750,169.7139966,0.825194962,232.6031305
1111000,166.4959967,0.846508989,232.5866541
1111250,161.1730017,0.815174973,232.6035724
1111500,159.9050031,0.806306469,232.6127966
1111750,159.9050031,0.806306469,232.6127966
1112000,147.1670001,0.748765476,232.6176074
1112250,140.3759973,0.775020483,232.5922607
1112500,150.0359985,0.771464975,232.6092804
1112750,140.2089941,0.729384973,232.6038873
1113000,133.0729968,0.743269994,232.6293579
1113250,141.5319965,0.751409972,232.6180878
1113500,137.1729962,0.729157979,232.6069672
1113750,132.4679993,0.71954699,232.6588367
1114000,129.5330048,0.690179491,232.6314301
1114250,119.0719977,0.652881486,232.6327277
1114500,110.1949979,0.611697476,232.6518707
1114750,106.0559967,0.632642989,232.6070782
1115000,111.2479971,0.62438998,232.6439813
1115250,99.74299927,0.559591489,232.6664081
1115500,83.44299835,0.502574482,232.6409497
1115750,75.66000275,0.437943991,232.6510065
1116000,65.94099899,0.449016984,232.6520135
1116250,68.52799805,0.44612348,232.6499597
1116500,64.39399872,0.354145489,232.6740363
1116750,48.95899918,0.389873987,232.6610297
1117000,60.02899902,0.413300486,232.6552209
1117250,63.19999847,0.430492985,232.6488708
1117500,55.87999969,0.333603989,232.7226855
1117750,39.36699905,0.294405993,232.7092285
1118000,36.53599899,0.29801349,232.6810229
1118250,36.53599899,0.29801349,232.6810229
1118500,47.56399902,0.373577993,232.651972
1118750,47.82099945,0.314614491,232.7034955
1119000,41.90200165,0.336797497,232.7044226
1119250,55.82099869,0.364564997,232.6840228
1119500,46.13999908,0.314034494,232.7364868
1119750,39.51999847,0.315340992,232.6874231
1120000,50.35999969,0.359602488,232.6623657
1120250,49.46899857,0.348722996,232.7077203
1120500,44.59999878,0.302185988,232.7239771
1120750,40.91599884,0.324794493,232.6838458
1121000,45.31299911,0.31240099,232.6849982
1121250,38.45499878,0.297291993,232.7191083
1121500,42.81899826,0.338124988,232.6777887
1121750,49.55699966,0.314782487,232.724541
1122000,38.78299881,0.309310992,232.6895569
1122250,39.3959993,0.302037996,232.7091888
1122500,43.48900009,0.309252992,232.6872803
1122750,37.81299927,0.296088492,232.6987018
1123000,40.11399963,0.309664996,232.6842468
1123250,40.125,0.294301493,232.7026233
1123500,35.95099899,0.290606495,232.7274274
1123750,37.14999939,0.289303497,232.6975836
1124000,35.97499954,0.290854992,232.6665576
1124250,36.78900101,0.297244992,232.7496783
1124500,38.79499954,0.296529994,232.6986316
1124750,38.79499954,0.296529994,232.6986316
1125000,39.21199966,0.312347492,232.7180304
1125250,44.51899902,0.303114489,232.6874878
1125500,33.92799934,0.287583491,232.7368066
1125750,37.11699936,0.289335496,232.6804376
1126000,37.74399963,0.29200299,232.6978851
1126250,34.98499985,0.299858993,232.6819128
1126500,49.16799881,0.40570749,232.6704681
1126750,63.06899979,0.385703485,232.7063171
1127000,48.72899918,0.312154992,232.6867255
1127250,50.74699829,0.49690148,232.6467969
1127500,91.47899689,0.537131989,232.6677362
1127750,78.18299866,0.515410992,232.6359656
1128000,88.8469986,0.545239477,232.6621118
1128250,91.97899567,0.561837981,232.6509033
1128500,95.25700012,0.565553491,232.6531744
1128750,91.8739975,0.557454989,232.6751978
1129000,94.53699554,0.596003981,232.6517987
1129250,103.3779984,0.570076993,232.6363721
1129500,85.93199799,0.567264992,232.6534955
1129750,106.8939978,0.637155485,232.6337915
1130000,109.7699982,0.635110474,232.6369495
1130250,100.1069971,0.581327474,232.6421594
1130500,95.59900055,0.531155487,232.6578442
1130750,85.65399872,0.582150486,232.6494684
1131000,107.8319971,0.61705548,232.6398792
1131250,107.8319971,0.61705548,232.6398792
1131500,99.59699768,0.582814987,232.6591559
1131750,98.28099854,0.598730502,232.6735669
1132000,106.062999,0.646158471,232.6590594
1132250,110.2179974,0.622263989,232.6432324
1132500,105.3029968,0.663407969,232.615567
1132750,129.7129974,0.726535988,232.6163196
1133000,128.8209973,0.681101985,232.582735
1133250,113.9259976,0.653334482,232.602262
1133500,114.285997,0.680027997,232.5976312
1133750,120.2039978,0.686102479,232.6304218
1134000,127.4569971,0.710860987,232.5988879
1134250,134.3959985,0.756116464,232.6098865
1134500,150.9529968,0.803392472,232.6179193
1134750,159.6689948,0.830338964,232.582207
1135000,169.5659973,0.835404487,232.5671515
1135250,160.082998,0.808603487,232.6075891
1135500,160.0209979,0.825523977,232.5939496
1135750,161.6299969,0.801866488,232.6338702
1136000,152.9719965,0.80446048,232.6331726
1136250,161.5909961,0.83517297,232.6126062
1136500,159.0159991,0.787236984,232.6048444
1136750,146.7049963,0.788528991,232.6247028
1137000,156.2709979,0.805579972,232.5807092
1137250,155.4249878,0.833969996,232.5914618
1137500,178.1859973,0.888785975,232.5856958
1137750,178.1859973,0.888785975,232.5856958
1138000,177.7919922,0.874941483,232.5799689
1138250,183.0819977,0.914264474,232.5671082
1138500,187.7209961,0.895865474,232.5752454
1138750,175.5329962,0.852221985,232.6155743
1139000,164.7869965,0.826292968,232.5944629
1139250,170.6659985,0.855347977,232.5595428
1139500,170.3579974,0.864735982,232.592959
1139750,182.7289923,0.905442464,232.5764069
1140000,170.0929932,0.806827979,232.5935681
1140250,153.9640002,0.815045981,232.621676
1140500,161.4049982,0.802097466,232.5964069
1140750,149.1199982,0.775671496,232.6042468
1141000,149.2849963,0.80095299,232.6029248
1141250,156.9869965,0.801876981,232.6184393
1141500,147.6159961,0.761728988,232.6071832
1141750,146.7819965,0.771900971,232.6202216
1142000,135.5999969,0.704202981,232.6030701
1142250,119.1969971,0.63858398,232.6270959
1142500,108.1549973,0.616068487,232.6281665
1142750,110.0279977,0.664111495,232.6306702
1143000,117.2789972,0.618692973,232.6435022
1143250,105.5089963,0.623302982,232.6586298
1143500,104.9009979,0.63901648,232.6426068
1143750,113.9239978,0.635421987,232.5972034
1144000,103.176998,0.584794977,232.6353418
1144250,103.176998,0.584794977,232.6353418
1144500,98.25899689,0.566745481,232.654007
1144750,91.58299866,0.534132974,232.6644299
1145000,86.28699615,0.532285981,232.6587488
1145250,87.27500153,0.52351799,232.6527576
1145500,77.87499847,0.455994993,232.6766797
1145750,68.93300018,0.467854978,232.6608698
1146000,65.23999863,0.389671975,232.6865906
1146250,51.75299774,0.382925496,232.6847711
1146500,64.44299866,0.446408484,232.6621265
1146750,70.99799774,0.462788489,232.6626154
1147000,72.60199615,0.462451994,232.6687433
1147250,67.43899872,0.408465495,232.6835333
1147500,53.48599869,0.401660491,232.6592218
1147750,63.11499939,0.424472986,232.7035651
1148000,61.5989975,0.401751992,232.6917175
1148250,58.42899918,0.394427493,232.6732538
1148500,55.0069989,0.36182049,232.6987982
1148750,54.125,0.414242492,232.6645276
1149000,63.5069989,0.373424989,232.6931335
1149250,51.97899963,0.421660491,232.6446783
1149500,57.61599854,0.363980983,232.6924054
1149750,43.84499832,0.304487493,232.7148236
1150000,43.72899841,0.356211493,232.6828888
1150250,48.72699921,0.336912986,232.6635907
1150500,40.72399933,0.318933489,232.6777814
1150750,40.72399933,0.318933489,232.6777814
1151000,43.90499985,0.308626992,232.6910059
1151250,38.49399841,0.292480996,232.6565503
1151500,39.89799881,0.326877996,232.6736725
1151750,47.8339978,0.319532992,232.7081116
1152000,40.21299911,0.309156487,232.7081641
1152250,39.88499924,0.309367996,232.7200305
1152500,43.53899918,0.304491999,232.6795172
1152750,38.93999847,0.310971497,232.6692944
1153000,43.41099884,0.312068492,232.6853735
1153250,41.36499924,0.294157996,232.6918695
1153500,38.03799866,0.312070994,232.7051886
1153750,45.51699875,0.321219991,232.711933
1154000,42.41699951,0.309442495,232.6792047
1154250,42.44200058,0.320804491,232.6932935
1154500,42.15199936,0.299531989,232.7129187
1154750,37.66899872,0.293471493,232.6602692
1155000,38.22199966,0.295250493,232.7020068
1155250,39.21899948,0.308862991,232.7094867
1155500,44.48999893,0.34740449,232.6586371
1155750,58.13899826,0.405232985,232.6369751
1156000,57.12399948,0.376990988,232.7008447
1156250,47.57299973,0.321598986,232.6866309
1156500,45.37499924,0.340517997,232.7312775
1156750,52.11099854,0.390340492,232.7140625
1157000,58.53299957,0.370510988,232.6560138
1157250,58.53299957,0.370510988,232.6560138
1157500,46.14699936,0.313353993,232.7067499
1157750,40.45299988,0.317171488,232.6982629
1158000,49.1159993,0.364864492,232.6914862
1158250,60.68199844,0.472697983,232.662934
1158500,81.21999725,0.505056489,232.6680859
1158750,67.26599823,0.467795994,232.6348724
1159000,80.05299683,0.520127479,232.6523743
1159250,88.00599762,0.538468487,232.6410516
1159500,88.17799652,0.544049485,232.6591339
1159750,91.28099762,0.56926049,232.6358325
1160000,102.6689972,0.609700994,232.645108
1160250,90.375,0.568058488,232.657677
1160500,103.7169992,0.591259484,232.647901
1160750,102.5189975,0.627265472,232.6233405
1161000,114.4719974,0.640782492,232.6534937
1161250,100.7749979,0.605372994,232.6655682
1161500,109.7219983,0.657974999,232.6381897
1161750,109.2119989,0.634225991,232.6237726
1162000,113.4509991,0.637796984,232.6456689
1162250,106.7389987,0.599220984,232.62539
1162500,97.8869931,0.61205049,232.5770557
1162750,114.9489944,0.677444479,232.5963495
1163000,121.0269971,0.675179987,232.6220465
1163250,123.2109973,0.689221981,232.6363025
1163500,110.5049982,0.607536485,232.6668378
1163750,110.5049982,0.607536485,232.6668378
1164000,112.4619974,0.645935988,232.6501581
1164250,111.782998,0.637261481,232.6442072
1164500,110.7369986,0.659571979,232.6364301
1164750,127.137998,0.727805982,232.6413202
1165000,134.3609967,0.734284971,232.634502
1165250,135.3249969,0.73081547,232.6241022
1165500,133.6479962,0.740444479,232.6073248
1165750,143.1009955,0.756223476,232.6294324
1166000,142.222998,0.775216465,232.6168866
1166250,153.1189966,0.817063968,232.6205261
1166500,160.0139954,0.792077475,232.6158704
1166750,145.1249988,0.767354975,232.6377826
1167000,144.5659961,0.768053975,232.6209576
1167250,153.7239972,0.800220478,232.6284528
1167500,154.2499951,0.79208849,232.6174139
1167750,157.7439941,0.814819493,232.6071112
1168000,163.1209961,0.826223977,232.6245258
1168250,161.8369965,0.810758975,232.6404303
1168500,158.0579974,0.818269978,232.6174377
1168750,157.2779987,0.796317489,232.6044702
1169000,157.7329956,0.807404482,232.6129584
1169250,155.6369952,0.807684484,232.6086798
1169500,158.8919958,0.81663749,232.6167657
1169750,149.1469946,0.758637993,232.633407
1170000,141.2569977,0.810777967,232.6121252
1170250,141.2569977,0.810777967,232.6121252
1170500,156.0849969,0.789494483,232.6149744
1170750,151.3249951,0.792730467,232.6103326
1171000,151.5769977,0.794169471,232.6239264
1171250,159.9909949,0.830291467,232.6071173
1171500,155.6599969,0.780812981,232.6240381
1171750,144.1129968,0.75882998,232.6073035
1172000,143.3039978,0.773159492,232.6052209
1172250,137.725997,0.722206984,232.6351898
1172500,147.1739978,0.816837976,232.6154401
1172750,148.3049963,0.715241985,232.6316693
1173000,127.7049988,0.730011494,232.6050861
1173250,130.4259961,0.687498989,232.6431738
1173500,121.4419971,0.732487981,232.6152948
1173750,129.9889963,0.661544471,232.6552753
1174000,118.3809976,0.690956478,232.6495447
1174250,125.7329974,0.698607492,232.6219
1174500,128.2329962,0.714835477,232.6400067
1174750,122.3219974,0.656600993,232.6162323
1175000,108.0329968,0.613956487,232.6842444
1175250,100.8529984,0.599087489,232.6776703
1175500,99.58699585,0.572805984,232.6515314
1175750,90.81400208,0.518465984,232.6714545
1176000,82.89599884,0.555432491,232.6633368
1176250,91.6,0.512228484,232.6510779
1176500,75.27899811,0.477856987,232.6875409
1176750,75.27899811,0.477856987,232.6875409
1177000,76.79999542,0.522342979,232.6546466
1177250,91.57499725,0.522836485,232.6489569
1177500,80.55299652,0.495704991,232.6656476
1177750,77.80699799,0.483094486,232.6783661
1178000,77.38099945,0.47132098,232.6504456
1178250,63.26999924,0.368243488,232.6937097
1178500,45.46299866,0.332179493,232.6990271
1178750,46.38800003,0.332606488,232.6818536
1179000,52.25199921,0.429352494,232.6489587
1179250,74.14099823,0.459801986,232.6573425
1179500,63.68399826,0.437026495,232.6616217
1179750,66.75799774,0.404246987,232.6739771
1180000,58.5869989,0.427128992,232.699295
1180250,67.47099854,0.437705488,232.6772455
1180500,62.67799896,0.411294992,232.6404468
1180750,58.26599899,0.404875989,232.6847101
1181000,58.32699875,0.399025996,232.7012622
1181250,59.01599915,0.401808487,232.6861017
1181500,58.48599808,0.392080489,232.7065533
1181750,55.09499878,0.366977488,232.6734204
1182000,55.36899963,0.427934489,232.674765
1182250,71.30099823,0.448581492,232.6648944
1182500,61.8889978,0.410982491,232.691485
1182750,57.31699799,0.390260991,232.6586798
1183000,58.65399841,0.436576488,232.7021979
1183250,58.65399841,0.436576488,232.7021979
1183500,72.54999878,0.438421993,232.6977911
1183750,61.53099823,0.395183493,232.6855658
1184000,71.05399811,0.450853487,232.6923022
1184250,67.52499893,0.485673989,232.6418927
1184500,81.33199768,0.50174799,232.6323749
1184750,74.3330011,0.493472985,232.6583661
1185000,85.16799683,0.507894987,232.6681433
1185250,67.03399933,0.416865991,232.6700366
1185500,67.35499817,0.483300995,232.6647888
1185750,84.82599609,0.5107155,232.6510535
1186000,73.39399902,0.464452487,232.6536292
1186250,74.1639978,0.483729981,232.6489978
1186500,81.80399811,0.487581484,232.6647583
1186750,70.35299957,0.479734987,232.6839343
1187000,81.25699768,0.503676983,232.6925659
1187250,69.99699921,0.441872491,232.7008063
1187500,71.44399841,0.500163488,232.7167737
1187750,89.89499756,0.564232488,232.6612286
1188000,96.50399689,0.565402484,232.6442297
1188250,85.94299957,0.517660983,232.6630359
1188500,93.07,0.602124481,232.6298376
1188750,108.1589966,0.617199986,232.6351831
1189000,94.81399933,0.542918985,232.6619104
1189250,89.71999756,0.565858483,232.6631812
1189500,99.72599731,0.571789494,232.6674542
1189750,99.72599731,0.571789494,232.6674542
1190000,88.95599884,0.577159491,232.6429816
1190250,114.8279968,0.711062987,232.6142365
1190500,132.824996,0.720980496,232.6191083
1190750,128.6319995,0.719372458,232.620271
1191000,121.2899979,0.660966978,232.6592633
1191250,112.3839966,0.64758049,232.6357172
1191500,124.7749988,0.718457973,232.6159888
1191750,122.3679968,0.666536477,232.6481415
1192000,127.8629965,0.735754478,232.6061572
1192250,136.6449945,0.734246488,232.58927
1192500,133.5799945,0.71728699,232.6025354
1192750,126.451001,0.696052487,232.6587238
1193000,126.3549976,0.690741477,232.6164874
1193250,138.1469977,0.776408494,232.6116846
1193500,134.2399976,0.706260493,232.6253015
1193750,138.6809979,0.772656977,232.5882617
1194000,148.6009955,0.778070467,232.6336963
1194250,146.7879974,0.76814297,232.6156128
1194500,145.8939966,0.772462986,232.6112128
1194750,149.5509973,0.80432549,232.574726
1195000,159.8809961,0.813541965,232.6000452
1195250,156.077995,0.78150599,232.5956311
1195500,147.2929999,0.753888967,232.6198523
1195750,135.7729968,0.725685983,232.6285657
1196000,129.0289975,0.718847973,232.6287805
1196250,129.0289975,0.718847973,232.6287805
1196500,132.902995,0.700929971,232.618446
1196750,122.7479953,0.672456491,232.6150867
1197000,119.0309982,0.668277485,232.6249341
1197250,125.1699966,0.686632488,232.6350616
1197500,116.7939963,0.639165478,232.6372546
1197750,116.0029977,0.69899148,232.620791
1198000,123.5569965,0.684122491,232.6303906
1198250,128.0849963,0.748925979,232.6037408
1198500,129.6869971,0.657631488,232.5993732
1198750,115.8919965,0.670653486,232.5993982
1199000,118.2129965,0.637130485,232.6502637
1199250,113.8419974,0.675017478,232.6281976
1199500,110.9009982,0.622816994,232.6218787
1199750,106.7489984,0.632324481,232.6324542
1200000,105.7569977,0.602348983,232.625694
1200250,103.7410001,0.611088984,232.6277179
1200500,107.027995,0.609771483,232.6334955
1200750,97.37799835,0.554903495,232.643255
1201000,91.08700012,0.554317982,232.6488135
1201250,91.33699615,0.547565985,232.6500769
1201500,84.4469989,0.515774996,232.6248364
1201750,84.35799744,0.534696989,232.6451819
1202000,86.04100098,0.499870486,232.6366949
1202250,76.2539975,0.460231494,232.6515692
1202500,69.51599854,0.458519988,232.6748309
1202750,69.51599854,0.458519988,232.6748309
1203000,70.72599915,0.455539985,232.659455
1203250,73.91099701,0.510846986,232.6535339
1203500,78.18699966,0.433598492,232.6939984
1203750,58.39399857,0.393981494,232.6891901
1204000,60.8009993,0.409566492,232.6611096
1204250,68.23599731,0.492492489,232.6823004
1204500,77.15699829,0.424666983,232.6667267
1204750,57.67599945,0.40056849,232.6943427
1205000,61.81499802,0.435327492,232.6732922
1205250,67.48499695,0.430504487,232.7163806
1205500,57.65599869,0.353606491,232.702912
1205750,50.82399872,0.42658199,232.6930389
1206000,71.97999817,0.400750489,232.6927679
1206250,58.96799881,0.425629495,232.6759015
1206500,71.25499725,0.473635981,232.6760889
1206750,70.60799713,0.441321993,232.7013654
1207000,61.94999924,0.376315993,232.6790118
1207250,54.41299866,0.384565996,232.6895007
1207500,61.3769986,0.434361496,232.6337433
1207750,67.8829985,0.376033492,232.6790942
1208000,51.25899933,0.433469486,232.6930487
1208250,76.08799927,0.513048491,232.6428052
1208500,86.96299896,0.496510993,232.6622314
1208750,70.71999847,0.422380489,232.6804242
1209000,61.38999832,0.470529487,232.6840936
1209250,61.38999832,0.470529487,232.6840936
1209500,82.35699799,0.486361976,232.6775348
1209750,70.72499786,0.454938991,232.6792059
1210000,80.242995,0.531278487,232.6687592
1210250,87.73699646,0.524614983,232.6959167
1210500,83.26499603,0.488072987,232.646701
1210750,69.26199829,0.430394989,232.7038385
1211000,57.64899826,0.425998491,232.7152008
1211250,73.1629982,0.456173984,232.6594641
1211500,65.96299927,0.433820989,232.7030463
1211750,68.0709967,0.460275487,232.6562061
1212000,78.78699677,0.473960489,232.6900708
1212250,71.56399719,0.449365987,232.67547
1212500,66.27999786,0.443403995,232.6710858
1212750,69.28499817,0.464840984,232.6811963
1213000,68.84499695,0.442132996,232.6875726
1213250,68.40999863,0.459234492,232.7109351
1213500,75.73299744,0.498095486,232.6681494
1213750,84.13499908,0.495263987,232.7117517
1214000,68.51299835,0.434534491,232.6960162
1214250,62.55899872,0.474342978,232.7198883
1214500,92.22499878,0.560565479,232.6781592
1214750,85.27599731,0.520269971,232.7193359
1215000,86.50299713,0.539084482,232.6995917
1215250,93.90399811,0.546676487,232.674751
1215500,79.54599884,0.473965495,232.6772064
1215750,79.54599884,0.473965495,232.6772064
1216000,76.02999878,0.50316799,232.6767108
1216250,84.80699768,0.548813491,232.6573657
1216500,86.73499756,0.519337994,232.6916052
1216750,83.57899719,0.513962983,232.6672296
1217000,78.55599945,0.497232982,232.6818536
1217250,89.33699738,0.546334991,232.6535889
1217500,92.35399811,0.588772488,232.6627661
1217750,101.7589969,0.607467484,232.6604749
1218000,96.7109964,0.569255977,232.6656537
1218250,94.14499634,0.560100973,232.6680786
1218500,79.44799744,0.464001489,232.7051892
1218750,80.66399811,0.524955487,232.7001581
1219000,85.30799866,0.531257484,232.6786786
1219250,93.87099823,0.602469985,232.6618011
1219500,106.3899985,0.636025982,232.6606396
1219750,113.2079984,0.645561476,232.6624005
1220000,119.1119946,0.698737481,232.6506531
1220250,123.281998,0.675841479,232.656286
1220500,130.888996,0.736862969,232.6394513
1220750,123.6999969,0.683028982,232.6406848
1221000,128.8549985,0.739148967,232.6264557
1221250,128.5869974,0.688218477,232.6028278
1221500,135.5449957,0.775885465,232.6288873
1221750,149.4099963,0.78434247,232.5739954
1222000,152.3540002,0.79970597,232.5932629
1222250,152.3540002,0.79970597,232.5932629
1222500,148.4669971,0.759105997,232.642865
1222750,141.3319983,0.766219485,232.6364392
1223000,145.8009949,0.76355248,232.6045648
1223250,143.3279987,0.766419992,232.6251581
1223500,144.4599951,0.787374969,232.6433417
1223750,155.6329968,0.815745473,232.6154456
1224000,156.282995,0.787017467,232.6343585
1224250,161.9999957,0.873114977,232.6105194
1224500,180.8069971,0.859942474,232.5542291
1224750,169.9149976,0.846264479,232.6061206
1225000,163.5839996,0.828875465,232.6246393
1225250,176.5979932,0.910625978,232.6109332
1225500,179.5150018,0.832315469,232.5888556
1225750,163.7809943,0.852499487,232.6076685
1226000,170.9469958,0.865563467,232.6169025
1226250,167.2389941,0.786719992,232.6464233
1226500,153.8409918,0.850442479,232.6065021
1226750,161.3029956,0.770288978,232.6676227
1227000,138.9909973,0.731372485,232.6239081
1227250,136.6719977,0.751855474,232.6507733
1227500,145.1129987,0.780135989,232.6399805
1227750,151.0859973,0.774980474,232.6216229
1228000,148.3309967,0.798794467,232.6339001
1228250,151.8739972,0.76585299,232.636319
1228500,150.428996,0.818318479,232.6175421
1228750,150.428996,0.818318479,232.6175421
1229000,159.6059973,0.779609976,232.6475012
1229250,142.9419983,0.768057473,232.6439355
1229500,144.173996,0.743736973,232.6303967
1229750,137.2749969,0.75147198,232.6462299
1230000,132.6549976,0.671460993,232.6371045
1230250,119.4219971,0.718921485,232.6164136
1230500,133.0529953,0.676022973,232.6402625
1230750,115.7039969,0.726757491,232.6574066
1231000,133.4279953,0.700730467,232.6267725
1231250,119.5699988,0.634853992,232.66435
1231500,100.5549969,0.607754483,232.6565094
1231750,104.6010001,0.611561482,232.6523236
1232000,103.6699966,0.574756482,232.6752637
1232250,92.49599792,0.539860992,232.6666785
1232500,84.68299805,0.533907492,232.6252289
1232750,90.01799896,0.557410986,232.6622968
1233000,93.20499786,0.545210493,232.6456702
1233250,81.34899902,0.501124992,232.70263
1233500,73.46199799,0.458314991,232.6528625
1233750,77.16299835,0.491774987,232.6919965
1234000,78.99399872,0.48834549,232.654295
1234250,74.57899689,0.462147487,232.6825415
1234500,72.12399902,0.44926499,232.6356787
1234750,62.70199738,0.42139899,232.7007831
1235000,59.34699677,0.396781995,232.7108252
1235250,59.34699677,0.396781995,232.7108252
1235500,61.54399796,0.424535481,232.6884216
1235750,70.6339978,0.459726989,232.6491711
1236000,72.40599792,0.450253992,232.6997009
1236250,67.4589975,0.432262484,232.681582
1236500,60.80899826,0.412057483,232.6856305
1236750,60.69199875,0.405438991,232.728869
1237000,56.62499893,0.380004988,232.6957416
1237250,58.25699921,0.376075505,232.7043964
1237500,51.68399887,0.409080493,232.6987091
1237750,69.85899796,0.422682992,232.6770453
1238000,56.04599854,0.39831749,232.6816199
1238250,57.28599854,0.370798988,232.6910773
1238500,44.80399963,0.358870993,232.6840222
1238750,54.65299881,0.387581986,232.6992218
1239000,50.37399796,0.394696482,232.6868634
1239250,70.06499817,0.434561492,232.6904163
1239500,49.46399857,0.339791992,232.6986554
1239750,50.03099854,0.359353496,232.7058698
1240000,48.4089978,0.339175985,232.7141266
1240250,45.41199936,0.311904994,232.7047015
1240500,39.35399933,0.295781494,232.7173358
1240750,35.27599915,0.289147488,232.6930603
1241000,41.8209993,0.324447995,232.7167261
1241250,46.47899872,0.33415399,232.7067029
1241500,41.15599838,0.334939986,232.7284375
1241750,41.15599838,0.334939986,232.7284375
1242000,56.14099854,0.389157492,232.6957178
1242250,54.75800003,0.376457993,232.6818219
1242500,50.57399887,0.339962991,232.6837579
1242750,47.7259993,0.332858984,232.6863275
1243000,41.64999969,0.304990494,232.7043964
1243250,43.59599915,0.336196989,232.7203729
1243500,47.125,0.369315987,232.6747998
1243750,59.46499847,0.400194486,232.68927
1244000,51.96999893,0.328833493,232.68146
1244250,41.00799866,0.313818991,232.6984802
1244500,45.13399918,0.323136994,232.6486707
1244750,46.60200058,0.373880986,232.6979718
1245000,55.6079985,0.433352996,232.6968793
1245250,76.46799896,0.499385989,232.6579919
1245500,71.62499756,0.445891991,232.6601532
1245750,66.59699875,0.461966985,232.6342462
1246000,86.03799713,0.576059492,232.6111664
1246250,98.45999756,0.577790482,232.6183075
1246500,88.96099762,0.51566649,232.6694702
1246750,80.33700226,0.552982984,232.6490228
1247000,100.7359982,0.606970484,232.6650061
1247250,93.05799805,0.516745988,232.6764771
1247500,80.89199829,0.509535984,232.6549731
1247750,95.46499695,0.581716988,232.6320001
1248000,91.79199677,0.557233493,232.6259668
1248250,91.79199677,0.557233493,232.6259668
1248500,93.80099701,0.585946987,232.6112317
1248750,106.8009982,0.634597986,232.6064124
1249000,105.946998,0.60273598,232.6059485
1249250,102.8149991,0.576557984,232.6547021
1249500,96.74299805,0.577128487,232.6592548
1249750,86.73099915,0.526295485,232.6543665
1250000,92.52799713,0.631874478,232.6270129
1250250,120.7859979,0.722658489,232.608078
1250500,128.9839969,0.671555986,232.6579895
1250750,114.3979968,0.647959979,232.6091339
1251000,115.2159988,0.661473482,232.6296716
1251250,110.7139981,0.619307985,232.6212219
1251500,105.3149966,0.665033982,232.6563806
1251750,123.9089969,0.723056495,232.6273138
1252000,133.9579962,0.724160993,232.6247101
1252250,134.1109961,0.74393748,232.6037469
1252500,151.1869958,0.82867898,232.5839349
1252750,156.0179962,0.781515484,232.5711847
1253000,147.9219983,0.790223465,232.5970074
1253250,155.1459973,0.80079448,232.5781177
1253500,152.6649945,0.784662981,232.610174
1253750,148.4979993,0.778527985,232.5927258
1254000,147.7479974,0.791946967,232.6008936
1254250,150.5659967,0.76747848,232.6262909
1254500,151.303996,0.81341296,232.6095258
1254750,151.303996,0.81341296,232.6095258
1255000,153.3709998,0.794148467,232.6162573
1255250,156.5209985,0.810553472,232.5793378
1255500,168.980993,0.874904485,232.5478558
1255750,159.2919965,0.775897498,232.5728857
1256000,155.0519965,0.857531981,232.5704071
1256250,180.7409991,0.905978982,232.5615607
1256500,183.3129956,0.869269977,232.5468402
1256750,171.0799982,0.843887491,232.5768188
1257000,170.6929938,0.844973974,232.5783014
1257250,172.1790009,0.853531964,232.5862665
1257500,166.5559943,0.815616481,232.612702
1257750,159.4229956,0.800796993,232.5947491
1258000,160.2230011,0.861489985,232.6014941
1258250,172.5829993,0.857689965,232.5923804
1258500,172.4579919,0.819605467,232.6120319
1258750,157.0949982,0.81713696,232.5970209
1259000,170.0459937,0.870942485,232.5842932
1259250,181.6019952,0.893485987,232.6243286
1259500,181.9889935,0.881176493,232.5642816
1259750,170.4449982,0.822559962,232.5797095
1260000,161.138996,0.854487491,232.610083
1260250,173.7129962,0.838145478,232.6157404
1260500,162.9159991,0.826540995,232.6135284
1260750,161.2649988,0.812043979,232.6103101
1261000,141.3559964,0.606316977,232.6401666
1261250,141.3559964,0.606316977,232.6401666
1261500,91.53599823,0.683950495,232.6364624
1261750,140.2839954,0.771475987,232.6089166
1262000,144.7429962,0.731688981,232.6088702
1262250,133.946994,0.770982976,232.629389
1262500,155.4779999,0.805903983,232.5886877
1262750,154.9489978,0.753311975,232.5865558
1263000,128.186998,0.693681481,232.6296796
1263250,119.7159988,0.673529983,232.6239911
1263500,116.3379974,0.680425982,232.6320129
1263750,122.5789978,0.71356298,232.6001288
1264000,128.6769955,0.673029969,232.6199432
1264250,117.0799994,0.691052985,232.5956268
1264500,130.9319977,0.632154481,232.6372943
1264750,86.77999725,0.557258978,232.6434412
1265000,92.3369989,0.538722992,232.6198816
1265250,82.62799805,0.499938987,232.6618274
1265500,74.2639978,0.472647494,232.6373743
1265750,70.55599747,0.438743989,232.6488416
1266000,68.15599869,0.454463491,232.6954944
1266250,70.97899872,0.437539492,232.6763104
1266500,57.99899872,0.361859996,232.685119
1266750,39.85099899,0.293319989,232.7028467
1267000,38.42499847,0.346523992,232.707157
1267250,60.37199814,0.423480487,232.7080243
1267500,60.81999756,0.383828492,232.6907831
1267750,60.81999756,0.383828492,232.6907831
1268000,52.37999649,0.322687494,232.6780054
1268250,35.65499893,0.29341249,232.6999152
1268500,38.74299942,0.303635997,232.6684033
1268750,46.47999893,0.347760991,232.6935876
1269000,48.35099869,0.321813492,232.6953229
1269250,40.24599976,0.298049492,232.6427942
1269500,37.5669989,0.292020494,232.6908374
1269750,36.35999924,0.288606994,232.6804102
1270000,37.55799973,0.291879994,232.6729572
1270250,36.4769989,0.291381494,232.6928094
1270500,37.25499939,0.282025496,232.7135034
1270750,34.24299911,0.28466599,232.6953333
1271000,37.44999939,0.292366498,232.6947626
1271250,39.86899979,0.308348993,232.7177777
1271500,39.92099838,0.296480989,232.7053925
1271750,38.48699951,0.291292989,232.6852948
1272000,35.73699936,0.285964495,232.7122021
1272250,34.7309993,0.287817994,232.6837622
1272500,38.16199951,0.285254997,232.6884607
1272750,34.90999931,0.286524493,232.7320599
1273000,35.69499969,0.299194493,232.6908844
1273250,44.28300018,0.311694989,232.6815485
1273500,37.38599869,0.293541992,232.661759
1273750,42.31099854,0.318949484,232.7069757
1274000,41.23199966,0.29553949,232.7192749
1274250,41.23199966,0.29553949,232.7192749
1274500,37.70399902,0.289027494,232.6727014
1274750,37.47499939,0.303408992,232.7088684
1275000,42.55099823,0.326613989,232.6933301
1275250,42.0129982,0.294355493,232.7314709
1275500,38.07400024,0.309016989,232.6824219
1275750,46.4509993,0.398676485,232.6906995
1276000,74.36899902,0.459738488,232.6778931
1276250,59.89099915,0.37301399,232.6583258
1276500,56.81499847,0.411584483,232.6954199
1276750,68.60299942,0.467021488,232.6977509
1277000,77.92,0.495158989,232.699054
1277250,68.33399948,0.437241992,232.6546332
1277500,74.51499969,0.5075585,232.6778772
1277750,83.90099823,0.521831003,232.6671082
1278000,90.55799683,0.564899986,232.6327893
1278250,92.4639978,0.552511983,232.6418945
1278500,97.39999878,0.597055483,232.6515094
1278750,101.1119974,0.625018489,232.6350299
1279000,110.827998,0.657554491,232.6268933
1279250,116.2679977,0.647576993,232.654765
1279500,114.8149954,0.671614482,232.6372919
1279750,112.5219995,0.611932492,232.6569989
1280000,107.0659964,0.640072978,232.6668378
1280250,105.3899976,0.620807979,232.6520874
1280500,101.3369977,0.607250485,232.6304822
1280750,101.3369977,0.607250485,232.6304822
1281000,106.9409955,0.642859974,232.6280963
1281250,114.8239963,0.658011484,232.6757025
1281500,122.1329959,0.719556465,232.6455658
1281750,128.0689963,0.698366492,232.6261743
1282000,134.9209973,0.762293971,232.5880634
1282250,140.5359961,0.747888,232.6157281
1282500,129.9259988,0.67950048,232.6162622
1282750,132.0849976,0.759387493,232.5939331
1283000,151.4299976,0.827433972,232.5899756
1283250,163.062998,0.805650971,232.6091089
1283500,156.3359949,0.826221986,232.6217023
1283750,162.7189966,0.820162477,232.5792474
1284000,156.1229987,0.785672486,232.6025012
1284250,151.6969995,0.801497972,232.6066547
1284500,163.432995,0.83548147,232.5735193
1284750,154.3849969,0.769116478,232.5971783
1285000,141.037995,0.781237485,232.617334
1285250,158.3629993,0.823080468,232.5719318
1285500,157.1019983,0.797572489,232.6171582
1285750,161.6329962,0.855833478,232.5695728
1286000,158.5349976,0.758304992,232.6369684
1286250,146.7069971,0.849179475,232.555343
1286500,170.4999976,0.794845977,232.6025647
1286750,155.0899939,0.867310972,232.575813
1287000,177.5579938,0.875672963,232.5904266
1287250,177.5579938,0.875672963,232.5904266
1287500,171.0989954,0.817660985,232.6146338
1287750,161.4889972,0.833789501,232.6017236
1288000,173.6759955,0.870702958,232.5638654
1288250,172.2889972,0.828440979,232.5545685
1288500,158.2719958,0.823119981,232.5965692
1288750,172.2769983,0.871690481,232.5671063
1289000,173.1959973,0.830198965,232.5944232
1289250,155.8189966,0.781404984,232.6074072
1289500,155.4379987,0.828112979,232.5694189
1289750,175.2049976,0.906120484,232.5413696
1290000,185.4299969,0.826220477,232.5954944
1290250,141.642998,0.803598468,232.5968433
1290500,160.0499963,0.801049998,232.5879547
1290750,150.9469965,0.758974493,232.6224036
1291000,133.9329968,0.685021975,232.6114172
1291250,129.3389981,0.762231491,232.6087909
1291500,157.6099957,0.786825988,232.6069318
1291750,137.2039978,0.76778897,232.6367761
1292000,143.27,0.729444473,232.6251807
1292250,127.374996,0.72675498,232.6085303
1292500,140.3629953,0.724343483,232.6365405
1292750,126.6499982,0.695070965,232.6379675
1293000,123.1690002,0.662934484,232.6252863
1293250,119.0099969,0.698225486,232.6249878
1293500,130.1559976,0.712742479,232.6047015
1293750,130.1559976,0.712742479,232.6047015
1294000,118.4059958,0.637835484,232.6324567
1294250,100.5149976,0.588407986,232.6567889
1294500,97.40099731,0.576306975,232.6534491
1294750,84.69899658,0.472550995,232.7012463
1295000,62.51799973,0.49271898,232.6719891
1295250,106.7419971,0.713586981,232.6190424
1295500,132.6609955,0.698228996,232.6532318
1295750,113.0729956,0.650163977,232.6241534
1296000,116.7479984,0.640780993,232.6709186
1296250,103.7429971,0.634532988,232.63289
1296500,115.1219958,0.622610989,232.6538678
1296750,93.34799744,0.589020996,232.6253174
1297000,109.1759979,0.638075461,232.6502002
1297250,99.09499878,0.57116648,232.6875598
1297500,96.29399445,0.569684479,232.6421222
1297750,91.44199707,0.571575475,232.6588165
1298000,96.3439975,0.552853973,232.6258099
1298250,91.76899689,0.556020486,232.6448676
1298500,95.73499878,0.531485476,232.6459589
1298750,71.56799927,0.47320249,232.6847253
1299000,78.95699768,0.508787497,232.6246533
1299250,80.96399933,0.489382986,232.6475519
1299500,73.86199799,0.460929987,232.6756268
1299750,66.79399872,0.401937488,232.6740942
1300000,60.33699829,0.42229699,232.6632959
1300250,60.33699829,0.42229699,232.6632959
1300500,67.88899841,0.449596989,232.6649158
1300750,72.20299805,0.453281484,232.6506262
1301000,65.46299805,0.414112992,232.6768695
1301250,52.26399796,0.363274995,232.6976147
1301500,51.87399918,0.355054482,232.6912946
1301750,53.53899841,0.370803989,232.6826984
1302000,43.89499924,0.306554992,232.7008295
1302250,41.41699982,0.310169992,232.7289624
1302500,40.765,0.302116492,232.6871027
1302750,40.52099915,0.347867991,232.686698
1303000,66.27399902,0.422655991,232.6626373
1303250,50.37999878,0.307452488,232.6779474
1303500,35.8099984,0.285110992,232.7109955
1303750,34.05399902,0.285403492,232.6799713
1304000,38.09699875,0.282848494,232.6852539
1304250,34.39899933,0.283232995,232.7361792
1304500,35.09899918,0.282722496,232.7254199
1304750,34.68500031,0.281249492,232.6828503
1305000,37.03700043,0.299706497,232.6745624
1305250,40.91299927,0.308499491,232.7136823
1305500,41.29799896,0.298160499,232.7081311
1305750,37.35499939,0.285910996,232.6887244
1306000,35.73099915,0.286841993,232.717746
1306250,37.19999908,0.305815991,232.7101477
1306500,40.74099899,0.290413991,232.7231616
1306750,40.74099899,0.290413991,232.7231616
1307000,37.13899979,0.299227492,232.727431
1307250,36.20399956,0.286344993,232.7292255
1307500,36.89599854,0.284303501,232.6883362
1307750,35.82299942,0.299490988,232.6930878
1308000,45.6069986,0.360909991,232.6589954
1308250,47.74399887,0.313499998,232.6905969
1308500,49.87699982,0.407013485,232.6629144
1308750,52.13599854,0.313019992,232.7113177
1309000,34.95099854,0.282982991,232.6716724
1309250,34.95499863,0.282586491,232.7477502
1309500,39.46899872,0.325769992,232.7144818
1309750,40.87499893,0.303157991,232.7269421
1310000,39.6859996,0.301601999,232.7042108
1310250,50.01300018,0.428838483,232.6826379
1310500,57.96199829,0.359664994,232.7141315
1310750,43.91499939,0.296287997,232.6781824
1311000,33.28799911,0.282167494,232.6821307
1311250,35.37699944,0.282516993,232.6838141
1311500,36.0089994,0.30443799,232.6949475
1311750,63.94099915,0.573883483,232.6464777
1312000,96.11499878,0.530329974,232.6831036
1312250,80.74299927,0.512536491,232.6939874
1312500,85.35600067,0.533987489,232.6634442
1312750,93.96399719,0.581949484,232.6425739
1313000,94.4669986,0.541655498,232.6716156
1313250,94.4669986,0.541655498,232.6716156
1313500,96.01499908,0.622390482,232.6518243
1313750,109.7199976,0.638701484,232.6374225
1314000,113.0109988,0.671119478,232.6142523
1314250,119.525997,0.633975983,232.6476636
1314500,106.1699969,0.629231985,232.634856
1314750,113.4009967,0.623880997,232.6504791
1315000,107.0109976,0.62226598,232.6423743
1315250,97.90499664,0.53724648,232.6710931
1315500,89.17499786,0.617336473,232.6375385
1315750,119.7889975,0.693532476,232.6316608
1316000,127.1639999,0.670713983,232.6493933
1316250,115.1069971,0.685003974,232.6453625
1316500,125.9719971,0.676407995,232.6389392
1316750,121.166998,0.703424981,232.6339777
1317000,127.4519968,0.676923478,232.6367303
1317250,118.5249963,0.699118488,232.6378821
1317500,135.5159985,0.758817978,232.6182178
1317750,144.861001,0.760119975,232.6283722
1318000,143.0659961,0.762667992,232.6366931
1318250,146.5899976,0.77769449,232.5859082
1318500,149.0389978,0.794530997,232.5898749
1318750,159.7969995,0.817067978,232.6177936
1319000,161.2989996,0.824397476,232.5898572
1319250,160.7929938,0.813187485,232.6150421
1319500,159.0069946,0.808081486,232.6099072
1319750,159.0069946,0.808081486,232.6099072
1320000,158.6319934,0.803494477,232.5887122
1320250,159.2689978,0.823474488,232.5909698
1320500,166.9019952,0.870699985,232.5674286
1320750,182.3199994,0.866760483,232.576604
1321000,168.2609985,0.830552487,232.5830585
1321250,163.7899963,0.820592978,232.5909607
1321500,161.665,0.812021985,232.5981213
1321750,161.0869977,0.827701466,232.5825861
1322000,162.0709979,0.838500476,232.5843048
1322250,174.6799994,0.845324974,232.5787848
1322500,165.6039966,0.836467497,232.6177527
1322750,169.6969989,0.84187649,232.6057184
1323000,166.305,0.818029487,232.5691064
1323250,158.1569989,0.809070492,232.5876074
1323500,160.5460004,0.819763963,232.5884613
1323750,163.9109955,0.824998477,232.5938422
1324000,162.1999969,0.809446979,232.5986902
1324250,159.3399976,0.815871465,232.5714795
1324500,162.5899951,0.821404476,232.6004681
1324750,159.282998,0.796320989,232.616875
1325000,151.6409961,0.779339483,232.6166925
1325250,146.5299976,0.779301989,232.6004089
1325500,155.7029987,0.764820478,232.5937097
1325750,130.4980014,0.714677486,232.6036591
1326000,140.6579962,0.767484477,232.6066412
1326250,140.6579962,0.767484477,232.6066412
1326500,147.7229968,0.762839975,232.6277686
1326750,136.1909973,0.720707977,232.6295782
1327000,120.7539972,0.678124993,232.6289783
1327250,113.2629977,0.648115492,232.6607703
1327500,113.2189963,0.647989964,232.632666
1327750,114.4769968,0.633590984,232.6575616
1328000,102.6009991,0.576116977,232.6468036
1328250,102.0499985,0.593517494,232.6695544
1328500,97.01599792,0.59088949,232.6652411
1328750,102.4469965,0.607681479,232.6688434
1329000,97.00899933,0.569000983,232.6608588
1329250,90.07799866,0.559360483,232.6445227
1329500,98.96399719,0.579354486,232.6494183
1329750,99.61599854,0.582104487,232.6629791
1330000,96.89399933,0.54698349,232.6452258
1330250,82.8269986,0.488846984,232.673905
1330500,75.28499817,0.483305991,232.6636591
1330750,72.35099854,0.46046149,232.6720496
1331000,74.86599884,0.487121981,232.6600574
1331250,78.64299835,0.465947986,232.6684668
1331500,75.75599854,0.484884484,232.669024
1331750,80.19099854,0.499807994,232.6892889
1332000,78.30899872,0.449649992,232.688067
1332250,59.60999893,0.382141993,232.702027
1332500,60.14599808,0.443904994,232.6889056
1332750,60.14599808,0.443904994,232.6889056
1333000,66.10199768,0.390465994,232.7043549
1333250,55.99499924,0.374562484,232.7136646
1333500,53.94099915,0.39428499,232.7133142
1333750,64.1729985,0.435235486,232.7023309
1334000,68.63099976,0.460821493,232.712475
1334250,68.35799713,0.443812999,232.6992603
1334500,72.54999878,0.463351485,232.7125232
1334750,67.18399887,0.417906984,232.6806506
1335000,70.51599808,0.487189988,232.6678589
1335250,70.93699829,0.435504981,232.6820422
1335500,72.17099823,0.497024487,232.6983124
1335750,77.80499817,0.467981983,232.6949225
1336000,67.31299774,0.437526489,232.6995715
1336250,69.43600006,0.435467492,232.7020593
1336500,68.52699875,0.475583484,232.692442
1336750,69.74099945,0.42791549,232.7024194
1337000,70.98799942,0.488167987,232.7154803
1337250,81.3039978,0.543793993,232.6839441
1337500,80.78599945,0.460780485,232.6835944
1337750,73.2639978,0.474758984,232.6793542
1338000,85.43599823,0.57218699,232.695968
1338250,93.53499634,0.505001981,232.6822003
1338500,74.85699768,0.46262898,232.6783148
1338750,66.24999969,0.39984799,232.70953
1339000,65.17099976,0.48589048,232.6553448
1339250,65.17099976,0.48589048,232.6553448
1339500,80.23500031,0.499792986,232.6789282
1339750,83.41999786,0.527694495,232.6768274
1340000,78.26499756,0.452471485,232.704729
1340250,68.27600006,0.463867494,232.6807489
1340500,80.08699921,0.515913994,232.6740649
1340750,78.19899963,0.481432986,232.6874426
1341000,70.40699829,0.450332491,232.6676343
1341250,68.33999786,0.424128991,232.6811938
1341500,63.63699905,0.444091491,232.696424
1341750,76.72599884,0.503043988,232.6723279
1342000,81.16599854,0.482831992,232.6916083
1342250,79.75599945,0.519130986,232.6664996
1342500,88.35399689,0.547076483,232.6865533
1342750,85.44899628,0.505171984,232.7058899
1343000,80.115,0.460491992,232.6948877
1343250,72.39199829,0.572458485,232.6812573
1343500,101.7079987,0.557865491,232.6607458
1343750,92.1919986,0.538253477,232.6621783
1344000,82.47999695,0.494513482,232.6842102
1344250,78.88399841,0.515198482,232.6770038
1344500,89.61799805,0.564145992,232.6601624
1344750,95.44199677,0.555739486,232.6579639
1345000,88.40299744,0.529091988,232.6758917
1345250,87.56299866,0.53801198,232.6828741
1345500,83.76399872,0.440572487,232.6732275
1345750,83.76399872,0.440572487,232.6732275
1346000,63.18399811,0.507582988,232.673006
1346250,91.94299622,0.555523493,232.6620734
1346500,95.10399811,0.549431989,232.6442926
1346750,92.29299988,0.604345474,232.6505939
1347000,114.262998,0.621830478,232.6721851
1347250,99.16499756,0.558107483,232.6720746
1347500,91.88999695,0.61136698,232.6724591
1347750,110.7699963,0.635939987,232.6675781
1348000,108.5719983,0.593467479,232.66961
1348250,90.92299774,0.544852977,232.6665228
1348500,94.47699799,0.543584492,232.6633783
1348750,89.79499908,0.589118485,232.6516193
1349000,107.3819965,0.641148481,232.6627863
1349250,110.891998,0.64329448,232.6429388
1349500,109.0649963,0.597270496,232.6632819
1349750,101.7959991,0.61985148,232.6557288
1350000,111.5929974,0.641708484,232.6432806
1350250,110.2939984,0.627308483,232.6430646
1350500,108.5289984,0.629854982,232.6572437
1350750,102.8689951,0.604118483,232.6664117
1351000,102.8689987,0.62353749,232.6238422
1351250,115.3509976,0.65778698,232.6334583
1351500,115.4829953,0.63212599,232.6548016
1351750,107.757995,0.636910474,232.6414374
1352000,114.2069974,0.657887475,232.6484808
1352250,114.2069974,0.657887475,232.6484808
1352500,110.5289981,0.630883491,232.6453235
1352750,102.373999,0.589466982,232.6704578
1353000,99.29899689,0.623376973,232.666239
1353250,119.4089972,0.674550979,232.6672998
1353500,107.0419983,0.616630478,232.6854346
1353750,106.6989969,0.596589999,232.6775153
1354000,80.35599854,0.515564978,232.6918726
1354250,93.50299774,0.662287984,232.6643719
1354500,126.3699957,0.701971488,232.6228809
1354750,126.609996,0.685578971,232.6596924
1355000,122.0419983,0.674189508,232.6419214
1355250,122.6319971,0.672807994,232.6722247
1355500,114.4699982,0.667128491,232.6497198
1355750,119.8989966,0.658785486,232.6503143
1356000,95.58099884,0.534904487,232.6802014
1356250,81.36999634,0.509745485,232.6857697
1356500,87.25999969,0.558630993,232.6608661
1356750,98.19099823,0.580605488,232.6778644
1357000,100.3589963,0.602750485,232.6711853
1357250,107.3879953,0.650186479,232.6580957
1357500,108.9299963,0.617502985,232.6782312
1357750,98.76699799,0.553470488,232.6778729
1358000,82.46599823,0.533446488,232.6707581
1358250,94.17299835,0.590830986,232.6867908
1358500,108.2249973,0.618076484,232.6561133
1358750,108.2249973,0.618076484,232.6561133
1359000,99.02399658,0.576800497,232.6538647
1359250,103.5539963,0.617241495,232.6738818
1359500,107.0269995,0.640101986,232.6721844
1359750,105.580997,0.612155979,232.6440424
1360000,99.74099884,0.563147991,232.6776184
1360250,89.11099976,0.546206481,232.6814063
1360500,102.0589984,0.613238502,232.6521228
1360750,102.9360007,0.595509996,232.6909869
1361000,98.3319986,0.583462489,232.6708289
1361250,101.4939969,0.595352979,232.6634503
1361500,92.39899811,0.549530993,232.6897205
1361750,87.82399841,0.531514988,232.6706354
1362000,91.02299957,0.561203978,232.6847382
1362250,92.58999725,0.573778479,232.6532526
1362500,101.1889981,0.602996991,232.6553119
1362750,96.84799713,0.558983998,232.6900977
1363000,95.53299774,0.594914987,232.6690485
1363250,99.83999847,0.571603487,232.6603296
1363500,93.78099884,0.55155849,232.6824493
1363750,88.15199982,0.51398348,232.6653302
1364000,89.4789978,0.552430487,232.6697681
1364250,92.47099762,0.557073982,232.6798248
1364500,96.30999817,0.588631983,232.7043854
1364750,97.63299713,0.592971976,232.6648724
1365000,112.8999982,0.684870982,232.6646899
1365250,112.8999982,0.684870982,232.6646899
1365500,94.51899658,0.464429994,232.6902979
1365750,69.52799789,0.5416675,232.6715228
1366000,106.1449985,0.668799994,232.6320966
1366250,118.1429974,0.640548499,232.6767834
1366500,106.182999,0.592341487,232.6511597
1366750,100.5209976,0.567408977,232.6891437
1367000,98.53299957,0.614794483,232.6658496
1367250,92.88299866,0.509175483,232.7017358
1367500,84.47699982,0.602901988,232.6823871
1367750,102.1469962,0.597021978,232.6959296
1368000,110.6549963,0.680867991,232.6535992
1368250,109.0809988,0.552693994,232.687738
1368500,90.02999817,0.560143981,232.690426
1368750,97.87899872,0.607751477,232.6796265
1369000,93.54399811,0.537844994,232.6828992
1369250,86.14399902,0.552372987,232.6939539
1369500,98.08799561,0.62114949,232.6721838
1369750,103.9949954,0.571726995,232.6836853
1370000,94.37799652,0.529407499,232.696076
1370250,85.49999786,0.556780479,232.6780255
1370500,99.48400055,0.591184988,232.6591327
1370750,100.7689975,0.615672472,232.6479901
1371000,106.1839981,0.613737988,232.6564899
1371250,108.6499982,0.627822981,232.6791486
1371500,105.2889987,0.593504987,232.6313336
1371750,105.2889987,0.593504987,232.6313336
1372000,101.1149994,0.587359984,232.6576471
1372250,100.9559979,0.625563478,232.6386896
1372500,99.8589975,0.575538478,232.6448303
1372750,96.83799927,0.598635988,232.6660205
1373000,100.1339975,0.578903489,232.6680988
1373250,93.74199677,0.568526983,232.6649774
1373500,100.3139972,0.589048488,232.7007404
1373750,100.6099988,0.599428487,232.6859106
1374000,98.33700043,0.565736988,232.6652454
1374250,88.09999786,0.538382492,232.6844507
1374500,85.80999664,0.527449489,232.6501337
1374750,89.75600067,0.582314489,232.6823181
1375000,99.37299774,0.562190981,232.716142
1375250,87.60499756,0.572035986,232.6920691
1375500,105.823999,0.621954989,232.6355609
1375750,103.0999976,0.599461,232.6808929
1376000,97.26899872,0.568976991,232.6569684
1376250,89.2359967,0.578208983,232.6582971
1376500,102.0899988,0.569793983,232.6679675
1376750,91.73099731,0.534591489,232.7070465
1377000,86.06199829,0.570449986,232.6939911
1377250,103.9049982,0.572494984,232.6858368
1377500,87.42799805,0.53993799,232.6924139
1377750,89.58300018,0.577444994,232.6610095
1378000,99.8179953,0.577321994,232.6533575
1378250,99.8179953,0.577321994,232.6533575
1378500,93.25799835,0.548564987,232.6978101
1378750,92.45499786,0.524541485,232.7012158
1379000,79.88300049,0.50651049,232.6847406
1379250,88.45299683,0.587065985,232.6776959
1379500,108.060997,0.630203967,232.6484509
1379750,97.16199554,0.57954798,232.6734857
1380000,99.70199646,0.587767987,232.6479352
1380250,105.3209973,0.611448476,232.6555957
1380500,100.0019974,0.575781481,232.6797406
1380750,95.96699799,0.567230985,232.6743701
1381000,100.9629938,0.62859448,232.6489447
1381250,106.0450006,0.630789988,232.6965826
1381500,109.4509976,0.608046489,232.6994281
1381750,93.06399841,0.523140488,232.7237781
1382000,84.92799866,0.554072988,232.6904462
1382250,102.3869992,0.596700482,232.6509912
1382500,99.02199738,0.593131478,232.6829767
1382750,103.9249969,0.626756983,232.6489966
1383000,99.8959967,0.603794482,232.6695117
1383250,105.6129977,0.605865989,232.6435468
1383500,101.1659979,0.598313489,232.6803394
1383750,106.5349985,0.633228981,232.6490057
1384000,114.5249973,0.676760488,232.6096381
1384250,123.6719962,0.705201986,232.6277185
1384500,130.1549966,0.729043486,232.6207385
1384750,130.1549966,0.729043486,232.6207385
1385000,134.0869983,0.732295485,232.6294177
1385250,138.3839996,0.739323475,232.6382556
1385500,119.8169968,0.635768995,232.6260419
1385750,117.5309967,0.673943982,232.6304022
1386000,109.1319989,0.660549483,232.6376147
1386250,130.992998,0.75307797,232.6175958
1386500,125.3549948,0.66467499,232.6199536
1386750,123.3209961,0.691919987,232.6238483
1387000,120.213996,0.649524984,232.6644769
1387250,110.8879971,0.635237494,232.6803082
1387500,118.4399966,0.679403481,232.6532397
1387750,108.8799979,0.624064496,232.695976
1388000,102.8179977,0.622642488,232.6586127
1388250,112.7399991,0.660987487,232.6340869
1388500,110.2780005,0.607217481,232.660119
1388750,103.7099976,0.627624485,232.6530627
1389000,122.3449945,0.720402491,232.639527
1389250,128.3659949,0.688963494,232.6770782
1389500,121.6029984,0.700765481,232.6560162
1389750,122.0129947,0.664019475,232.6666516
1390000,114.7609976,0.646490471,232.6238696
1390250,116.8059964,0.690238981,232.6467236
1390500,123.2699985,0.656222491,232.6697571
1390750,121.5779977,0.704473484,232.6604761
1391000,119.8689969,0.665655477,232.6755347
1391250,119.8689969,0.665655477,232.6755347
1391500,113.7219992,0.655317481,232.6487561
1391750,107.1229971,0.612702479,232.6524457
1392000,105.9669995,0.608911984,232.6835071
1392250,97.95799805,0.540761976,232.6701349
1392500,90.48799866,0.571898978,232.6949121
1392750,91.15999878,0.519273992,232.6765503
1393000,88.61899689,0.591675985,232.6649585
1393250,92.55199921,0.529526501,232.6910266
1393500,83.45799896,0.534584985,232.6984796
1393750,81.45999695,0.509481989,232.6552777
1394000,93.55499573,0.59717499,232.6741034
1394250,97.53499664,0.547400992,232.6627026
1394500,92.95999939,0.621953988,232.6582214
1394750,105.2029974,0.553440475,232.671134
1395000,78.78799744,0.508180486,232.7057819
1395250,86.84799683,0.554607484,232.6891083
1395500,93.43699921,0.515664493,232.659278
1395750,85.12299957,0.558611479,232.6657574
1396000,89.0989978,0.51118199,232.6670764
1396250,76.66099915,0.504509492,232.6891412
1396500,89.59599854,0.574343493,232.6445343
1396750,98.6369986,0.582419486,232.6583643
1397000,95.4639975,0.533861487,232.6909589
1397250,81.57399811,0.493306483,232.6768622
1397500,78.92499695,0.50206498,232.6759778
1397750,78.92499695,0.50206498,232.6759778
1398000,81.8019989,0.525558486,232.670611
1398250,90.62399902,0.535058997,232.6588538
1398500,79.35399811,0.496395979,232.6599493
1398750,77.33599915,0.474580482,232.6710614
1399000,74.17299805,0.484166491,232.6527191
1399250,89.93799713,0.594751992,232.6301569
1399500,100.3989987,0.558262484,232.6812372
1399750,87.20499695,0.549852476,232.6490051
1400000,93.35899872,0.555249977,232.6542847
1400250,90.16099762,0.559281495,232.660141
1400500,93.35199768,0.554475489,232.6571661
1400750,96.88999969,0.624081984,232.6498047
1401000,114.112998,0.663697987,232.627179
1401250,112.9119965,0.630841484,232.63323
1401500,100.5309985,0.570967491,232.6413733
1401750,89.55899628,0.57879499,232.6573419
1402000,104.4529962,0.621161976,232.65823
1402250,111.9819974,0.634419496,232.6283405
1402500,108.2749966,0.580364981,232.6673834
1402750,92.01199829,0.582055488,232.6582092
1403000,102.7329987,0.635967979,232.6630933
1403250,108.3079971,0.613688979,232.6710571
1403500,97.82399719,0.582260985,232.671745
1403750,96.79999756,0.567751486,232.6782233
1404000,92.54699982,0.543660493,232.6717267
1404250,92.54699982,0.543660493,232.6717267
1404500,92.81599823,0.59288399,232.6769061
1404750,104.0949985,0.606550496,232.6612506
1405000,97.17199768,0.571086478,232.6520575
1405250,92.12499969,0.594401479,232.6342358
1405500,104.4789987,0.592557485,232.6465857
1405750,97.17099854,0.571812978,232.6236188
1406000,96.34899902,0.595273981,232.6242688
1406250,104.1409976,0.597623982,232.620498
1406500,100.3529962,0.613447978,232.6540607
1406750,106.1879962,0.595205481,232.6439349
1407000,87.78699799,0.577256482,232.642749
1407250,107.9819968,0.646390994,232.6152423
1407500,119.0139972,0.651874983,232.6349823
1407750,105.731998,0.612592494,232.642865
1408000,105.7089987,0.618564994,232.60591
1408250,105.3589987,0.601488986,232.6245477
1408500,87.16099731,0.545004995,232.6063666
1408750,93.03899811,0.572192485,232.6611371
1409000,100.1469992,0.588670983,232.6892816
1409250,91.15599731,0.519188981,232.6894513
1409500,82.74299988,0.528504995,232.6144696
1409750,96.34299866,0.592162993,232.6276678
1410000,89.76499847,0.512982975,232.6991132
1410250,76.54299896,0.515917481,232.6858514
1410500,91.85899658,0.54937248,232.6277826
1410750,91.85899658,0.54937248,232.6277826
1411000,91.24899933,0.527328484,232.6557874
1411250,82.27399963,0.541513481,232.6324652
1411500,105.8179996,0.622665977,232.6332983
1411750,99.74299896,0.564939985,232.6427899
1412000,85.56799805,0.533748486,232.6687665
1412250,87.14099792,0.534140987,232.6957581
1412500,94.38299774,0.564005475,232.6592517
1412750,89.39800049,0.512650986,232.6418616
1413000,74.46999908,0.457492987,232.6818677
1413250,73.88299866,0.482823496,232.6945575
1413500,75.13199768,0.467355987,232.6917548
1413750,67.30599884,0.456218487,232.6657056
1414000,76.12199738,0.486563485,232.6872675
1414250,77.09699738,0.48206499,232.6368939
1414500,78.01299774,0.495145988,232.6769019
1414750,83.88499786,0.508393979,232.6584198
1415000,81.97799866,0.52711648,232.6804364
1415250,88.45299866,0.552873971,232.6272693
1415500,84.67899872,0.505020986,232.6720313
1415750,87.17099792,0.56100949,232.6353503
1416000,102.2469983,0.595391479,232.6785303
1416250,99.33599823,0.566891983,232.658703
1416500,91.27100006,0.554389482,232.661001
1416750,100.3759995,0.623933992,232.6267023
1417000,91.28099823,0.537140484,232.6628339
1417250,91.28099823,0.537140484,232.6628339
1417500,96.52099823,0.589910491,232.6261188
1417750,104.9909988,0.618911989,232.645531
1418000,95.4269989,0.536686988,232.6415607
1418250,89.73499817,0.54472599,232.6763037
1418500,98.98399689,0.633483987,232.6713739
1418750,104.5289978,0.595716984,232.6697772
1419000,97.06899902,0.566735489,232.6487915
1419250,91.75599701,0.567345488,232.664455
1419500,93.64999817,0.535231485,232.6643262
1419750,94.89799713,0.580520494,232.6356403
1420000,99.62299622,0.591303482,232.6362439
1420250,99.62199707,0.602287989,232.6556
1420500,99.5779953,0.602992978,232.6506604
1420750,97.79999603,0.557475991,232.6523065
1421000,90.68799744,0.545447979,232.6572046
1421250,95.19399658,0.585882487,232.6452118
1421500,98.72099792,0.555173979,232.6879425
1421750,90.60799713,0.56862148,232.6740985
1422000,95.79199799,0.563294487,232.6888379
1422250,95.24099884,0.570580983,232.6580176
1422500,94.95999908,0.587911489,232.6457526
1422750,106.3849994,0.621186969,232.6461945
1423000,101.7279987,0.555851488,232.6713318
1423250,98.56999817,0.632776473,232.6495233
1423500,115.1479959,0.67193198,232.6317261
1423750,115.1479959,0.67193198,232.6317261
1424000,120.4529971,0.688833487,232.6345801
1424250,122.8919958,0.662522969,232.6470667
1424500,114.7109976,0.646660979,232.6868475
1424750,119.9079968,0.693373468,232.6649542
1425000,129.4159976,0.708433483,232.6231366
1425250,127.0429977,0.73768348,232.6241388
1425500,135.2709961,0.692320485,232.6299701
1425750,123.4249976,0.710566988,232.6359216
1426000,126.687999,0.667317982,232.6353607
1426250,122.0439987,0.692438488,232.6502704
1426500,126.6139969,0.689415486,232.6956201
1426750,119.5759985,0.675202467,232.6438361
1427000,120.5969983,0.691450982,232.629859
1427250,122.1749988,0.66844398,232.6669025
1427500,119.8339978,0.677446992,232.6452496
1427750,123.8629977,0.69308497,232.6457141
1428000,126.262998,0.68145699,232.6486029
1428250,122.4449997,0.700983474,232.6098492
1428500,123.2599976,0.699722986,232.6215875
1428750,125.2449963,0.677171988,232.6176855
1429000,114.7089978,0.629837475,232.6351703
1429250,105.4429996,0.65073698,232.6119421
1429500,125.5159967,0.654446476,232.6719781
1429750,114.4269965,0.699070492,232.6693506
1430000,127.5949969,0.70111448,232.6701001
1430250,127.5949969,0.70111448,232.6701001
1430500,115.8979965,0.648358467,232.650871
1430750,112.9419937,0.653587992,232.6440894
1431000,116.1609964,0.646402981,232.6191168
1431250,114.5469968,0.628075981,232.653078
1431500,108.262998,0.625527976,232.685202
1431750,110.1849976,0.642096977,232.6368317
1432000,112.9979971,0.673640485,232.6089093
1432250,119.9769971,0.646912491,232.6199768
1432500,98.69999786,0.551250498,232.6853925
1432750,84.56200073,0.55942099,232.6565521
1433000,113.7219974,0.648980973,232.6959741
1433250,110.4399979,0.621219482,232.6751996
1433500,100.4779977,0.573871984,232.6844769
1433750,93.04099915,0.601643496,232.668996
1434000,111.9009967,0.664594469,232.6486334
1434250,117.5159967,0.641154983,232.6458862
1434500,105.4319986,0.610591986,232.6196222
1434750,111.2599973,0.620231481,232.660191
1435000,97.28499573,0.583744993,232.6344373
1435250,103.191004,0.619824994,232.6626428
1435500,105.3169977,0.615209994,232.6253552
1435750,97.27599884,0.577925985,232.6646094
1436000,92.1969989,0.558238988,232.708045
1436250,102.2249985,0.566520996,232.6980579
1436500,84.45699738,0.5336395,232.646015
1436750,84.45699738,0.5336395,232.646015
1437000,91.84499756,0.569233994,232.6659241
1437250,93.17400055,0.557128487,232.6599329
1437500,94.03200134,0.589845982,232.6390015
1437750,102.9600018,0.609753976,232.6713617
1438000,100.2609976,0.556791494,232.6457477
1438250,85.08099945,0.522533985,232.6388049
1438500,92.88099792,0.557373986,232.6692981
1438750,81.06899628,0.498845989,232.6912756
1439000,87.75499756,0.544339988,232.6423291
1439250,76.14299988,0.48755448,232.6882031
1439500,82.62499969,0.540053991,232.6711469
1439750,75.45599792,0.473765986,232.6890302
1440000,81.99699829,0.530784485,232.6646002
1440250,88.38099823,0.502131492,232.6848346
1440500,78.77699677,0.50518199,232.6539282
1440750,84.50299744,0.550537982,232.6766803
1441000,93.66599884,0.564217484,232.6722375
1441250,91.11199951,0.540380003,232.6300269
1441500,90.34499847,0.554121492,232.6694104
1441750,97.35499817,0.61649199,232.6623468
1442000,116.6029956,0.696989977,232.6439471
1442250,121.7009955,0.662648976,232.6274823
1442500,109.0769971,0.631328986,232.6579077
1442750,113.1579974,0.643269496,232.6524207
1443000,119.7029977,0.678727987,232.6690009
1443250,119.7029977,0.678727987,232.6690009
1443500,116.7369965,0.662675478,232.6281213
1443750,127.3379974,0.702163486,232.6498621
1444000,116.0679971,0.635804977,232.6656152
1444250,115.017998,0.690666478,232.6418402
1444500,125.702995,0.670101473,232.6335889
1444750,119.5389975,0.682393985,232.6214069
1445000,128.912998,0.712277977,232.6157715
1445250,118.6849988,0.615393991,232.6681927
1445500,108.4819983,0.654611478,232.6330371
1445750,112.6739966,0.643762493,232.5981317
1446000,114.3859976,0.682730989,232.6444031
1446250,126.4629965,0.679206491,232.6464606
1446500,120.7079959,0.666425982,232.6296338
1446750,108.733999,0.598761988,232.6801379
1447000,111.8589966,0.670353477,232.6709381
1447250,109.7749963,0.588456991,232.6577893
1447500,100.8769998,0.648154984,232.6375348
1447750,113.5909958,0.615072989,232.6515656
1448000,105.5119977,0.631416483,232.6394604
1448250,110.7089963,0.613633993,232.6197412
1448500,105.2289975,0.61971,232.6522943
1448750,105.9890002,0.615162485,232.6437976
1449000,98.66399933,0.558334472,232.677995
1449250,80.8719986,0.471681489,232.7020807
1449500,73.68999817,0.479408491,232.6782532
1449750,73.68999817,0.479408491,232.6782532
1450000,71.32699799,0.433885483,232.7009589
1450250,71.17699921,0.508536979,232.679024
1450500,84.35600006,0.472443985,232.6671838
1450750,71.1539978,0.506891485,232.6576862
1451000,83.35699615,0.501625482,232.6378699
1451250,78.23299652,0.482717987,232.6890643
1451500,72.29499878,0.458465488,232.6675586
1451750,71.08799835,0.465751488,232.6615729
1452000,73.32499695,0.448140986,232.662605
1452250,68.96499969,0.441435487,232.697074
1452500,64.69499756,0.431712494,232.6712451
1452750,67.46799713,0.471928493,232.7106268
1453000,76.25499786,0.496279999,232.6751166
1453250,80.63299927,0.532624493,232.6725781
1453500,89.24800018,0.511889991,232.6373322
1453750,78.18299866,0.43213149,232.697771
1454000,55.49299866,0.390184487,232.7028271
1454250,59.31399948,0.420181988,232.6486353
1454500,67.39799866,0.46515699,232.6367169
1454750,72.10899811,0.46706949,232.733067
1455000,74.28199799,0.483675988,232.6832068
1455250,72.51899719,0.419953486,232.7034784
1455500,52.21099945,0.393647488,232.7175934
1455750,67.83099792,0.486925989,232.6569385
1456000,78.08099915,0.499221482,232.6837354
1456250,78.08099915,0.499221482,232.6837354
1456500,75.13199799,0.466873994,232.6947064
1456750,69.57399841,0.47981299,232.6882672
1457000,84.73999786,0.524682988,232.6611938
1457250,86.82399933,0.493118981,232.6658063
1457500,61.00599899,0.425168493,232.6668262
1457750,67.4389978,0.440907496,232.6822101
1458000,68.60299866,0.481993483,232.6492419
1458250,79.48699677,0.499294492,232.6665381
1458500,78.45199768,0.480775989,232.6572791
1458750,80.42399872,0.507024993,232.6794415
1459000,83.47799591,0.500048983,232.6645526
1459250,74.72999756,0.475740489,232.6563696
1459500,75.60599792,0.491082987,232.6504895
1459750,79.70499786,0.505769479,232.6385181
1460000,82.36899811,0.528497982,232.6508032
1460250,90.82699646,0.519707992,232.683078
1460500,78.40999664,0.453249991,232.6636108
1460750,60.47099945,0.470439495,232.6359619
1461000,91.18399689,0.518609482,232.6339685
1461250,78.99199921,0.508510481,232.6754419
1461500,83.16200073,0.541604493,232.6645624
1461750,98.09499786,0.55887248,232.6472876
1462000,89.36299835,0.531827488,232.6571948
1462250,91.77499725,0.558802981,232.6356384
1462500,91.6489978,0.564336984,232.6510669
1462750,91.6489978,0.564336984,232.6510669
1463000,94.29099884,0.578534484,232.6566711
1463250,94.31399536,0.550267484,232.6653369
1463500,82.34600098,0.499489987,232.6796106
1463750,83.21399994,0.541339988,232.6122998
1464000,100.8849976,0.598197985,232.6624463
1464250,100.607998,0.590765483,232.6850079
1464500,99.06199554,0.592542472,232.645108
1464750,102.9969952,0.622041986,232.6598248
1465000,105.0549954,0.633059981,232.6251324
1465250,124.2399945,0.702841973,232.6229364
1465500,125.8799976,0.686766982,232.638302
1465750,121.9659988,0.692465484,232.6127686
1466000,131.8199976,0.740456977,232.5914557
1466250,137.4429895,0.737051983,232.6353217
1466500,130.6619977,0.69214699,232.6632617
1466750,119.8569977,0.667534976,232.6527777
1467000,125.5929974,0.713751991,232.6195898
1467250,136.9749963,0.752172482,232.6044781
1467500,137.0919971,0.739859972,232.6159967
1467750,140.8369971,0.755687478,232.6203424
1468000,141.4489966,0.764657996,232.6297351
1468250,146.636994,0.76635149,232.6340729
1468500,138.7619977,0.736266479,232.5998639
1468750,140.7879926,0.773536489,232.6318457
1469000,149.6349963,0.773505981,232.5777191
1469250,149.6349963,0.773505981,232.5777191
1469500,148.1939978,0.775373983,232.6019135
1469750,151.5179944,0.787782471,232.581803
1470000,150.7829919,0.782631969,232.5956439
1470250,152.7549957,0.791375971,232.6299945
1470500,153.8609998,0.796032495,232.6195416
1470750,154.1110016,0.792320986,232.594928
1471000,139.3739969,0.713873467,232.6200635
1471250,148.0039966,0.822794464,232.6363318
1471500,148.1209973,0.739084477,232.6369995
1471750,137.3499963,0.734593489,232.580567
1472000,135.8429962,0.731068978,232.5892798
1472250,127.9769971,0.702714987,232.6344965
1472500,135.6709961,0.754353979,232.6001172
1472750,134.3439978,0.716095974,232.6286981
1473000,133.0569983,0.755955491,232.5974396
1473250,134.3459985,0.693584986,232.6005792
1473500,122.0869968,0.675993996,232.6343829
1473750,119.5249982,0.66026099,232.6218738
1474000,119.5929987,0.690263474,232.6274951
1474250,123.3849948,0.671781969,232.6573676
1474500,126.5229999,0.743313992,232.6269421
1474750,131.0289975,0.700169504,232.6289502
1475000,125.5119934,0.675748484,232.6661658
1475250,127.1239981,0.72515749,232.6180078
1475500,123.9339972,0.637820985,232.642511
1475750,123.9339972,0.637820985,232.642511
1476000,112.4659967,0.653844478,232.6057611
1476250,113.4389984,0.6419155,232.6253333
1476500,113.0139981,0.678372974,232.6069714
1476750,117.8529984,0.645378489,232.6473938
1477000,106.2439978,0.598952487,232.6553326
1477250,107.3869995,0.653306975,232.6498169
1477500,111.4579974,0.59991199,232.6854248
1477750,101.841998,0.614864488,232.6564722
1478000,105.5289963,0.62793849,232.6475641
1478250,103.763999,0.588381987,232.6847559
1478500,96.67099792,0.59166198,232.6807104
1478750,94.98399841,0.532085981,232.6466174
1479000,84.99499786,0.538289485,232.6287341
1479250,93.60899963,0.515591996,232.6494543
1479500,83.07199799,0.550249975,232.6774237
1479750,80.62099915,0.44771199,232.7197961
1480000,66.15199768,0.463231492,232.6520355
1480250,77.38799896,0.48168299,232.6923138
1480500,75.77299805,0.482336489,232.657746
1480750,74.60299774,0.452619978,232.682395
1481000,66.61399887,0.42145998,232.6965344
1481250,59.35699951,0.409715487,232.6723071
1481500,60.92899918,0.432311983,232.7106244
1481750,67.19799683,0.414618487,232.6938629
1482000,52.50399963,0.3731635,232.673053
1482250,52.50399963,0.3731635,232.673053
1482500,55.10899811,0.40437299,232.6702502
1482750,65.38599899,0.384109492,232.6585492
1483000,46.67699905,0.390231992,232.686474
1483250,66.63599762,0.446462482,232.6495093
1483500,65.73999908,0.435291995,232.6710736
1483750,61.71499817,0.409952489,232.7143207
1484000,58.20599899,0.39201198,232.6757007
1484250,56.58099899,0.377914494,232.7156616
1484500,53.7809996,0.33862499,232.7187
1484750,44.00299942,0.414220488,232.6952618
1485000,69.30599823,0.456813983,232.6974548
1485250,63.63799988,0.43891699,232.6964813
1485500,66.65299805,0.446508988,232.6569427
1485750,64.79699814,0.405574489,232.7250226
1486000,57.90399811,0.375877988,232.6857196
1486250,53.50699936,0.399128988,232.6739301
1486500,66.99899811,0.464164989,232.6646545
1486750,74.99099823,0.479887992,232.6601581
1487000,69.90699799,0.430066986,232.6665308
1487250,59.75499863,0.399581987,232.6524469
1487500,55.7919986,0.359063491,232.6987524
1487750,44.74099915,0.371577989,232.6589313
1488000,65.21499756,0.434841484,232.6914673
1488250,60.52599854,0.391900982,232.6485547
1488500,50.43299942,0.33761349,232.6826532
1488750,50.43299942,0.33761349,232.6826532
1489000,42.76299927,0.37037299,232.6728229
1489250,64.68099792,0.420411494,232.6824622
1489500,60.27899902,0.386492991,232.6802039
1489750,52.38899857,0.425588992,232.6072937
1490000,75.99099792,0.477593991,232.6874854
1490250,64.37499847,0.425064987,232.6694727
1490500,65.81299805,0.462002984,232.6670203
1490750,71.71999786,0.442408984,232.699671
1491000,66.47099792,0.466091986,232.6597821
1491250,85.8939975,0.558978486,232.6392401
1491500,87.10299927,0.524098983,232.6727325
1491750,85.98899963,0.513563478,232.6559106
1492000,87.10399597,0.564166486,232.6808417
1492250,98.79899872,0.591705494,232.6611475
1492500,92.43199829,0.509562985,232.6732947
1492750,80.3369989,0.501415489,232.6344196
1493000,82.40899628,0.540792483,232.6511517
1493250,101.507998,0.606452479,232.663985
1493500,98.6909967,0.57496798,232.6676904
1493750,97.90999695,0.598719983,232.6694562
1494000,102.4999982,0.577494986,232.6644189
1494250,91.99599823,0.532782986,232.684173
1494500,85.88799896,0.534077997,232.6481384
1494750,95.05199829,0.580938995,232.6368176
1495000,99.15199768,0.589993484,232.6632825
1495250,99.15199768,0.589993484,232.6632825
1495500,100.9149966,0.61869498,232.6530188
1495750,109.4459982,0.643687477,232.6168311
1496000,116.095997,0.623036988,232.6081256
1496250,93.31699738,0.524523487,232.6722504
1496500,91.13899689,0.580984988,232.6710425
1496750,98.58499786,0.571126983,232.6539594
1497000,88.85299713,0.571383483,232.6514465
1497250,103.2719977,0.634311986,232.6647009
1497500,99.59199646,0.543736985,232.675155
1497750,92.27900024,0.613193986,232.610976
1498000,115.7469977,0.675966482,232.6089587
1498250,112.017998,0.634872968,232.6201703
1498500,107.7689981,0.627139988,232.6417932
1498750,97.77399811,0.579293482,232.6246045
1499000,103.2279984,0.641717982,232.6455164
1499250,114.8609967,0.633660474,232.6535645
1499500,121.0629977,0.73759798,232.6302698
1499750,133.5219965,0.707393484,232.6323016
1500000,125.3619968,0.703013475,232.6465137
1500250,116.5109982,0.655246985,232.6265259
1500500,118.3239963,0.689117477,232.6111102
1500750,116.816998,0.626249986,232.6495355
1501000,112.525,0.664317491,232.6712897
1501250,120.3519955,0.686149492,232.6038306
1501500,123.2179944,0.708892989,232.6089697
1501750,123.2179944,0.708892989,232.6089697
1502000,133.4929993,0.745342982,232.6065588
1502250,140.5009937,0.754113481,232.6351849
1502500,131.8029984,0.671951988,232.606264
1502750,110.6789978,0.593203986,232.620354
1503000,102.9609952,0.631003475,232.6215735
1503250,128.9959958,0.762932458,232.6332117
1503500,144.763996,0.730438988,232.6026233
1503750,123.7429993,0.675616481,232.6600757
1504000,112.741998,0.597468476,232.6339398
1504250,104.8869968,0.639126983,232.6474182
1504500,118.0879965,0.686061487,232.6480469
1504750,126.2439963,0.692362983,232.6232031
1505000,125.553996,0.728080492,232.6437952
1505250,130.0069946,0.700678475,232.6189056
1505500,124.1049966,0.70602448,232.6077838
1505750,131.7119946,0.713847477,232.6407788
1506000,129.431994,0.691337984,232.6335834
1506250,125.3229944,0.680656476,232.6154028
1506500,122.5409985,0.694520977,232.6314258
1506750,128.9969983,0.717435484,232.6105139
1507000,126.644996,0.640197983,232.6694885
1507250,100.4979984,0.613652487,232.6731726
1507500,111.932999,0.670806496,232.6412097
1507750,127.0009973,0.701646988,232.6033551
1508000,132.0149939,0.747896476,232.6166101
1508250,132.0149939,0.747896476,232.6166101
1508500,145.0819946,0.74146297,232.6079871
1508750,133.6089948,0.729231982,232.6322003
1509000,129.7549957,0.698567474,232.6276587
1509250,126.0489935,0.696713474,232.6233301
1509500,127.443996,0.693529475,232.5894867
1509750,127.0759958,0.712962971,232.6224359
1510000,135.5140002,0.73727248,232.622298
1510250,132.4069952,0.703515992,232.6348694
1510500,121.6019989,0.714670978,232.6190314
1510750,135.7779968,0.733151491,232.634859
1511000,128.2479962,0.65797298,232.6251947
1511250,103.6369968,0.592762985,232.6475586
1511500,107.2329971,0.614714479,232.6567786
1511750,105.8759976,0.651987486,232.6513226
1512000,115.0459985,0.670845492,232.6216321
1512250,120.7049976,0.642719989,232.6318286
1512500,100.7709961,0.578992496,232.6375262
1512750,95.2039978,0.581683981,232.6575537
1513000,102.6369974,0.617159488,232.6599072
1513250,111.8789966,0.644395494,232.6207819
1513500,106.8529993,0.62050199,232.6124652
1513750,98.12099945,0.583084495,232.6521808
1514000,95.75999725,0.543017492,232.6494666
1514250,80.45699738,0.512997494,232.6605371
1514500,86.2589978,0.522592487,232.6705182
1514750,86.2589978,0.522592487,232.6705182
1515000,89.12199677,0.515772487,232.6702075
1515250,78.99099945,0.500004489,232.65698
1515500,78.62599701,0.505597483,232.6367578
1515750,82.72299835,0.520741981,232.664325
1516000,77.76199829,0.497218485,232.6832025
1516250,84.93399689,0.528025987,232.6570868
1516500,87.42999817,0.505425993,232.6779132
1516750,70.39499847,0.47894498,232.6924554
1517000,88.98199799,0.560671494,232.67409
1517250,88.69299774,0.521211994,232.665
1517500,77.60099915,0.477177991,232.692002
1517750,73.23999969,0.495466495,232.6944458
1518000,88.49799805,0.525384986,232.6814081
1518250,83.88799896,0.527170991,232.6803906
1518500,95.98899933,0.58084748,232.6508826
1518750,91.38499847,0.537096002,232.6625037
1519000,82.06299591,0.522881496,232.6500378
1519250,86.47999847,0.518743997,232.6679376
1519500,75.80899963,0.458521987,232.6614746
1519750,74.87799866,0.480365485,232.6775543
1520000,79.10999969,0.487670487,232.6887402
1520250,72.6919986,0.455850486,232.7015851
1520500,67.87299759,0.452663984,232.6517706
1520750,71.31499893,0.463811491,232.6813702
1521000,69.13599854,0.452758983,232.6927856
1521250,69.13599854,0.452758983,232.6927856
1521500,66.84999847,0.407165487,232.667287
1521750,59.98999893,0.40972949,232.6989056
1522000,63.42999878,0.436041988,232.6711151
1522250,72.4789975,0.476013993,232.6641229
1522500,72.99799988,0.484756981,232.6687787
1522750,81.71499969,0.520040982,232.6991199
1523000,79.93799835,0.482582989,232.6881989
1523250,81.38099823,0.515449995,232.6662018
1523500,85.46399933,0.507920495,232.6749683
1523750,79.31599884,0.484050982,232.6867285
1524000,77.30799744,0.514815493,232.6619031
1524250,83.44399902,0.520673989,232.6395044
1524500,77.61499939,0.487859486,232.6748334
1524750,92.00899902,0.557706492,232.6309869
1525000,82.92599823,0.448793983,232.6752094
1525250,58.56499802,0.376148993,232.7041296
1525500,60.57199829,0.419377986,232.6830823
1525750,64.1469989,0.453372488,232.6708575
1526000,69.03799744,0.444936489,232.679978
1526250,72.90499847,0.477938995,232.7037775
1526500,85.24199921,0.518129994,232.6969452
1526750,75.41699783,0.42671849,232.6763562
1527000,62.39699936,0.436040994,232.683125
1527250,72.26399872,0.48365299,232.6688446
1527500,72.83599884,0.458048979,232.6722968
1527750,72.83599884,0.458048979,232.6722968
1528000,71.68799896,0.471098495,232.6739221
1528250,73.12599823,0.440880488,232.6751385
1528500,80.69699829,0.558912992,232.658194
1528750,87.25799927,0.498029995,232.7044507
1529000,82.38399811,0.531775502,232.6760864
1529250,75.97599792,0.450598987,232.6834729
1529500,75.70799805,0.527812482,232.672005
1529750,83.44499786,0.480506984,232.6787781
1530000,79.97299835,0.529288496,232.6430035
1530250,86.75499878,0.511175989,232.6819495
1530500,85.39399811,0.557482989,232.667218
1530750,100.9319977,0.619763992,232.6403064
1531000,107.7739987,0.601045496,232.6837085
1531250,96.16399811,0.555026977,232.683114
1531500,97.30499634,0.585728981,232.653927
1531750,102.589996,0.625812974,232.6460986
1532000,106.8139987,0.602473977,232.662182
1532250,107.0409976,0.644196503,232.6440515
1532500,107.346998,0.610497479,232.6644354
1532750,100.5579984,0.601319978,232.6645673
1533000,107.5119986,0.631373477,232.626745
1533250,114.5249979,0.667236984,232.6391345
1533500,122.5769986,0.679231479,232.6266101
1533750,118.1289993,0.659210486,232.6357275
1534000,113.5419995,0.659260483,232.6493292
1534250,113.5419995,0.659260483,232.6493292
1534500,112.3529956,0.626181483,232.676687
1534750,105.6059982,0.621181488,232.6600476
1535000,111.9319968,0.648121982,232.6273706
1535250,116.2099979,0.67044199,232.6208264
1535500,122.9319965,0.682092497,232.6027942
1535750,123.6549957,0.700319479,232.6052405
1536000,125.4149969,0.696112483,232.6070782
1536250,125.5829971,0.680306489,232.6293939
1536500,129.6599976,0.746257484,232.6239471
1536750,126.782999,0.583624496,232.6716962
1537000,86.13299805,0.624693472,232.6387054
1537250,121.9229956,0.688560486,232.6368713
1537500,122.335994,0.691477485,232.6367218
1537750,125.0859952,0.680466993,232.6463055
1538000,119.7749973,0.664966488,232.6261206
1538250,121.5999954,0.682597978,232.6303937
1538500,127.2049979,0.734111993,232.6201013
1538750,142.3339948,0.762576475,232.638913
1539000,133.8489948,0.716487999,232.5904004
1539250,121.2709973,0.664034982,232.6157513
1539500,119.1989951,0.717832477,232.6245886
1539750,133.2839963,0.695623481,232.6349457
1540000,120.6169958,0.661224487,232.6452496
1540250,122.4779974,0.704321969,232.6393073
1540500,124.3629935,0.69004348,232.6195648
1540750,124.3629935,0.69004348,232.6195648
1541000,114.8759979,0.616467981,232.6560419
1541250,90.84299957,0.595706985,232.6601544
1541500,116.7599994,0.672175968,232.6096173
1541750,121.8669968,0.659456487,232.6294525
1542000,114.2319971,0.707903972,232.5904962
1542250,138.8909973,0.741541476,232.6142322
1542500,125.1619989,0.704353478,232.6568518
1542750,125.1679956,0.694381979,232.6227026
1543000,128.2749963,0.696540983,232.6475214
1543250,125.6299979,0.708478487,232.581095
1543500,135.5899976,0.755551982,232.6096729
1543750,149.9119971,0.75936748,232.6071271
1544000,126.1089957,0.696174474,232.6237927
1544250,120.8309976,0.672974973,232.652442
1544500,118.9399988,0.69975147,232.6023309
1544750,134.2089978,0.69054199,232.6308807
1545000,111.4259982,0.607624977,232.6579181
1545250,101.9629977,0.613335986,232.6237555
1545500,111.8489972,0.672679987,232.6253931
1545750,121.4079968,0.708715992,232.6278003
1546000,135.5079944,0.717128479,232.6393463
1546250,111.5429977,0.574653001,232.6745166
1546500,83.59599884,0.547082999,232.6722931
1546750,104.1519974,0.652135983,232.5987738
1547000,120.5079968,0.65244348,232.6419788
1547250,120.5079968,0.65244348,232.6419788
1547500,93.31899689,0.570741982,232.6759406
1547750,102.3559985,0.614991481,232.6400397
1548000,93.8859967,0.550441484,232.6375269
1548250,97.87599792,0.554639984,232.6369611
1548500,80.81899719,0.482875983,232.6933582
1548750,79.44299774,0.487325994,232.6599304
1549000,74.40699829,0.488302987,232.6607721
1549250,79.14299774,0.521716486,232.6643115
1549500,81.67799805,0.504320488,232.6992303
1549750,79.44099915,0.485843486,232.6625531
1550000,72.24399963,0.453916997,232.6716278
1550250,72.85999939,0.459016986,232.6777521
1550500,71.82599792,0.491033992,232.6877393
1550750,87.20599915,0.548909488,232.6641931
1551000,81.24599701,0.482929487,232.7012213
1551250,70.77999664,0.466459992,232.6662469
1551500,77.29900024,0.484183996,232.6616699
1551750,67.00599731,0.392143995,232.676922
1552000,63.04999771,0.425073491,232.7015234
1552250,61.43799698,0.414602486,232.6740027
1552500,70.65899902,0.49833298,232.6450427
1552750,64.75499847,0.378386487,232.6662213
1553000,49.7789978,0.359632485,232.695921
1553250,50.31799896,0.381115487,232.6808673
1553500,66.82399796,0.443115985,232.6455585
1553750,66.82399796,0.443115985,232.6455585
1554000,70.72599854,0.463788985,232.6601965
1554250,65.02999695,0.402453989,232.6695825
1554500,65.85499786,0.456606991,232.6937012
1554750,75.60900024,0.502216992,232.651709
1555000,79.22099823,0.483371494,232.6624738
1555250,72.29299927,0.408033484,232.6460254
1555500,59.7329985,0.419637488,232.656778
1555750,67.98699722,0.457012489,232.6453345
1556000,71.36399933,0.434591492,232.6792114
1556250,62.20199905,0.406283489,232.7110748
1556500,57.42999863,0.401671987,232.6832501
1556750,69.07699829,0.474019989,232.6503357
1557000,75.90399811,0.446873982,232.6653485
1557250,66.54899963,0.419586991,232.6609137
1557500,67.4539975,0.46266149,232.6629022
1557750,72.80499878,0.43030349,232.6529761
1558000,61.0679985,0.429964491,232.6512921
1558250,71.52899841,0.478709987,232.6318921
1558500,83.46399963,0.542779496,232.6509546
1558750,88.89299805,0.52792599,232.6679968
1559000,92.95999847,0.57474849,232.6427014
1559250,87.34099915,0.489297498,232.668067
1559500,69.03599976,0.435400985,232.6490137
1559750,69.67799942,0.488393488,232.6444073
1560000,76.30499634,0.458185991,232.6651459
1560250,76.30499634,0.458185991,232.6651459
1560500,78.04799835,0.483509982,232.6360046
1560750,75.67699768,0.466400487,232.6457849
1561000,75.27999786,0.48772949,232.6517456
1561250,87.71299713,0.562787983,232.6388708
1561500,90.66199829,0.542730982,232.629209
1561750,75.13999924,0.419983985,232.6942389
1562000,65.05399963,0.474618996,232.6515356
1562250,77.43599945,0.474995494,232.6463708
1562500,77.56099731,0.514020482,232.6576898
1562750,85.41900024,0.530640996,232.6776617
1563000,89.39999756,0.583728981,232.6536975
1563250,97.45499847,0.547057991,232.6394202
1563500,88.50199646,0.51594898,232.6439319
1563750,88.49599854,0.556185982,232.6679108
1564000,93.39199829,0.571483488,232.6425104
1564250,98.87399933,0.612979476,232.6294257
1564500,102.0229968,0.570308495,232.647981
1564750,89.49199738,0.570697484,232.6104755
1565000,98.97599792,0.55476598,232.6382367
1565250,95.96199738,0.59869549,232.6295551
1565500,107.1259985,0.657159977,232.6496759
1565750,119.5109967,0.676386487,232.6084448
1566000,120.333999,0.690053494,232.6167426
1566250,125.7539957,0.681904969,232.5855963
1566500,118.6549966,0.682843971,232.6142853
1566750,118.6549966,0.682843971,232.6142853
1567000,127.9969995,0.696208475,232.6190918
1567250,126.4839966,0.697563975,232.6281323
1567500,123.2879953,0.718295493,232.570498
1567750,135.4929944,0.730803494,232.6030524
1568000,132.5639966,0.714733982,232.5979449
1568250,126.2019958,0.694318972,232.6310266
1568500,127.3389972,0.684787481,232.6161084
1568750,123.3879971,0.69152549,232.6006812
1569000,124.1229962,0.68085098,232.5988367
1569250,116.7399963,0.67547797,232.6367578
1569500,122.8859943,0.718853471,232.6279779
1569750,138.8669983,0.766604505,232.6184894
1570000,150.5259949,0.787772479,232.5863556
1570250,156.4749976,0.785084488,232.5972113
1570500,147.7139984,0.756243982,232.5645776
1570750,139.5949969,0.765329492,232.595282
1571000,147.8149969,0.774138496,232.607793
1571250,147.3919952,0.786333485,232.571767
1571500,152.9809967,0.791275983,232.5849609
1571750,156.5159979,0.782269974,232.6148846
1572000,151.0849976,0.804225974,232.6113391
1572250,161.6799963,0.824170988,232.6434222
1572500,161.252998,0.778218477,232.6158832
1572750,135.3059973,0.730106969,232.5996222
1573000,144.3919928,0.791302495,232.5768115
1573250,144.3919928,0.791302495,232.5768115
1573500,156.8169977,0.801282487,232.601358
1573750,154.6299969,0.782104974,232.6043927
1574000,148.2259991,0.770783494,232.6145612
1574250,142.1819946,0.73056798,232.6312927
1574500,127.4249973,0.736998472,232.6169977
1574750,147.2769971,0.781379974,232.5988013
1575000,136.462998,0.687946975,232.6066699
1575250,124.8609967,0.704774969,232.6330835
1575500,132.1209985,0.736613989,232.5773187
1575750,134.2079968,0.72042496,232.624162
1576000,128.1159943,0.71402848,232.6063605
1576250,126.7159918,0.692364492,232.6187427
1576500,116.4489966,0.642145483,232.6395496
1576750,124.4719977,0.726692975,232.6159827
1577000,136.1799976,0.73784399,232.6115393
1577250,134.5509961,0.721962984,232.5882574
1577500,124.9359958,0.678278987,232.615788
1577750,121.7269974,0.676784484,232.6260217
1578000,109.2439966,0.620412483,232.6436499
1578250,101.1659961,0.587430978,232.6463885
1578500,104.342998,0.626916981,232.6382196
1578750,118.8799979,0.696569977,232.5974799
1579000,116.3189984,0.600663989,232.6456531
1579250,95.42199677,0.577918985,232.637627
1579500,103.0769974,0.632895968,232.6470453
1579750,103.0769974,0.632895968,232.6470453
1580000,106.6339972,0.597888489,232.6510864
1580250,93.79299774,0.549716477,232.668822
1580500,96.77899719,0.582524476,232.6443665
1580750,92.24399963,0.526076989,232.6231738
1581000,90.92999786,0.572072487,232.6629443
1581250,99.20499695,0.593177984,232.6501331
1581500,93.9619986,0.578761976,232.6549298
1581750,103.987998,0.631802495,232.6545313
1582000,109.4189972,0.603410492,232.6500659
1582250,95.21600006,0.549219997,232.641665
1582500,90.59800049,0.512013491,232.6756592
1582750,80.20399658,0.502442484,232.6644055
1583000,90.86399658,0.588594985,232.6598901
1583250,88.03199951,0.480275489,232.663501
1583500,77.76199799,0.529914477,232.6674084
1583750,83.27599792,0.487782979,232.6679828
1584000,83.61899719,0.547789979,232.634491
1584250,88.7539978,0.503456991,232.6460565
1584500,78.70699585,0.49773199,232.6502991
1584750,74.06099915,0.481959494,232.6835089
1585000,79.34699799,0.509361492,232.6783398
1585250,81.93499817,0.512652485,232.6236884
1585500,77.54899933,0.473139486,232.7145227
1585750,77.91599792,0.506295487,232.6657117
1586000,69.16499802,0.392878491,232.6708905
1586250,69.16499802,0.392878491,232.6708905
1586500,60.91099838,0.486417495,232.6691577
1586750,78.94799927,0.482140992,232.6555988
1587000,68.75399872,0.424491987,232.6921466
1587250,67.35899963,0.478976486,232.7219189
1587500,72.56899841,0.434276485,232.6769373
1587750,66.31800049,0.425525489,232.6442786
1588000,66.20499725,0.434994489,232.6748413
1588250,55.60599915,0.360181488,232.6808887
1588500,48.30199768,0.372304497,232.6945001
1588750,56.30899796,0.389420997,232.6712549
1589000,62.15899857,0.444570487,232.69177
1589250,73.53699738,0.455994998,232.6399969
1589500,65.03299881,0.40065549,232.6930103
1589750,61.03299866,0.43413299,232.7084229
1590000,62.48299927,0.370079491,232.7140527
1590250,41.73399887,0.306751987,232.7087939
1590500,48.11999878,0.391411494,232.6967578
1590750,61.58999817,0.406128492,232.6541565
1591000,64.30999847,0.466076986,232.6590002
1591250,76.09299683,0.473107491,232.6698346
1591500,73.18599823,0.487431488,232.6317462
1591750,76.12299774,0.431593486,232.6765051
1592000,55.34999817,0.42091249,232.6862848
1592250,69.2139978,0.44115899,232.6951965
1592500,69.44299896,0.421945988,232.6996832
1592750,69.44299896,0.421945988,232.6996832
1593000,57.18299911,0.364305484,232.6979871
1593250,54.16699905,0.43433449,232.6610864
1593500,66.76499908,0.407798487,232.6570013
1593750,45.55599869,0.449822981,232.7008948
1594000,77.52899811,0.432690994,232.6964362
1594250,60.22199844,0.394286497,232.7005249
1594500,59.01199936,0.397406991,232.6897491
1594750,64.45999847,0.505610993,232.6569104
1595000,88.05499847,0.554675477,232.6538879
1595250,87.85499664,0.460972492,232.6657745
1595500,46.74899933,0.418905491,232.6695526
1595750,75.04499878,0.463172495,232.6619891
1596000,73.05399872,0.49303148,232.6777222
1596250,79.96799835,0.508242488,232.6690302
1596500,83.24400146,0.506429485,232.7029761
1596750,79.56699829,0.500045987,232.6669342
1597000,79.67099976,0.506228989,232.6697614
1597250,79.93500031,0.47582049,232.6348029
1597500,77.18399994,0.51446999,232.6657721
1597750,89.78799744,0.516711489,232.666994
1598000,73.75199951,0.442525486,232.6848737
1598250,64.91699829,0.465161488,232.6538904
1598500,76.47599823,0.52042399,232.6613312
1598750,85.60099884,0.552475483,232.6530078
1599000,97.00399933,0.56111449,232.6524268
1599250,97.00399933,0.56111449,232.6524268
1599500,93.57299713,0.547317486,232.6438849
1599750,84.95499786,0.568100991,232.6440424
1600000,109.7159976,0.640336981,232.6472784
1600250,105.2779968,0.627289488,232.612951
1600500,109.6569974,0.630200984,232.6372357
1600750,109.6859967,0.642411478,232.6347137
1601000,119.9889972,0.684701481,232.6038074
1601250,116.5559967,0.646368477,232.6304004
1601500,119.6169974,0.674587481,232.6301147
1601750,116.4229984,0.667277985,232.6632831
1602000,121.821998,0.707122977,232.6243652
1602250,131.7539941,0.710016468,232.6114679
1602500,122.783999,0.652540002,232.6376587
1602750,118.7329962,0.689519475,232.6208856
1603000,132.7269977,0.742828994,232.6633295
1603250,136.2859979,0.738757982,232.6159198
1603500,143.48,0.781724985,232.6497382
1603750,147.3759973,0.763811979,232.5923358
1604000,136.8070007,0.703062487,232.6327307
1604250,128.1049973,0.728058467,232.6076654
1604500,150.1169989,0.807933481,232.6148401
1604750,144.855,0.74093298,232.6296167
1605000,133.6929974,0.738828473,232.6387457
1605250,138.3349982,0.746165481,232.5930463
1605500,140.6369952,0.753668969,232.6298438
1605750,140.6369952,0.753668969,232.6298438
1606000,142.1319995,0.77606848,232.6007288
1606250,158.5529962,0.842125962,232.5992267
1606500,160.8799976,0.807698984,232.6325299
1606750,164.2149957,0.828419993,232.6201575
1607000,163.0799976,0.84405247,232.6178754
1607250,168.406994,0.825715983,232.6062427
1607500,162.1389935,0.802085476,232.5796912
1607750,155.3109943,0.803933473,232.5929547
1608000,158.9309979,0.810547974,232.6025372
1608250,165.1089996,0.841115992,232.5837457
1608500,157.6969995,0.790797474,232.5757227
1608750,154.7939972,0.811416478,232.6026154
1609000,150.7019965,0.767431986,232.6239044
1609250,160.3119977,0.860864489,232.6154517
1609500,163.3789978,0.784090981,232.6330261
1609750,144.1299957,0.778558476,232.6121271
1610000,151.8159961,0.780665488,232.5994037
1610250,143.6089966,0.74656599,232.6244244
1610500,143.1639941,0.775180483,232.6008545
1610750,149.693996,0.764436479,232.6202094
1611000,139.0449976,0.760000978,232.6176813
1611250,145.8919983,0.77610548,232.5829895
1611500,151.496994,0.78299948,232.6343079
1611750,144.6479999,0.737547476,232.6308508
1612000,134.7029974,0.748390477,232.6329297
1612250,134.7029974,0.748390477,232.6329297
1612500,136.0149976,0.698875968,232.63211
1612750,129.512995,0.725086482,232.6421729
1613000,130.6929953,0.678348482,232.6552893
1613250,118.5959961,0.685776494,232.6577228
1613500,116.5829956,0.630217483,232.6491962
1613750,99.96499878,0.595435491,232.6413635
1614000,102.2219989,0.628389492,232.6680103
1614250,108.5049957,0.602218986,232.6555695
1614500,101.639996,0.577600472,232.6537848
1614750,92.13099976,0.503154991,232.653515
1615000,78.97099762,0.498753988,232.6806512
1615250,78.81599884,0.491595979,232.6740991
1615500,72.655,0.455628995,232.6943243
1615750,64.21599869,0.430134485,232.7050836
1616000,68.16599716,0.456438491,232.6905786
1616250,66.98999741,0.376764991,232.7198529
1616500,45.0359996,0.392673992,232.7090521
1616750,62.05299957,0.391027489,232.7080347
1617000,57.55999939,0.438669496,232.6939081
1617250,72.59599899,0.424662488,232.7193768
1617500,53.72199921,0.353478985,232.7175061
1617750,42.66299957,0.310256989,232.7291864
1618000,46.17599899,0.337638997,232.7169861
1618250,50.68099915,0.361199987,232.7103479
1618500,51.26999863,0.379419492,232.7278339
1618750,51.26999863,0.379419492,232.7278339
1619000,58.71199814,0.393122989,232.7326007
1619250,53.00899918,0.347722992,232.7239862
1619500,50.54199951,0.401477487,232.6911456
1619750,63.51999893,0.429628985,232.6786664
1620000,58.52499878,0.393158993,232.6938275
1620250,50.81199982,0.342991484,232.708858
1620500,44.13399826,0.333402001,232.7308594
1620750,51.56199982,0.356503487,232.6903839
1621000,51.8659993,0.397652488,232.7122418
1621250,57.96799805,0.382011992,232.7110107
1621500,50.39799927,0.317841994,232.6929529
1621750,35.47199905,0.292791491,232.7097211
1622000,42.67399918,0.367873992,232.686203
1622250,61.8059993,0.383411485,232.7072833
1622500,37.33800003,0.28871199,232.7034723
1622750,34.31299973,0.281321489,232.7050983
1623000,36.58799973,0.287389988,232.697027
1623250,38.2459993,0.376791492,232.7008197
1623500,59.21499924,0.391262988,232.6776526
1623750,46.65399948,0.340088491,232.6917401
1624000,52.5519986,0.354089986,232.6901208
1624250,44.95999863,0.321594493,232.7102655
1624500,43.84099899,0.315006992,232.7054999
1624750,37.29,0.285792487,232.7045544
1625000,33.4189994,0.282829492,232.6993787
1625250,33.4189994,0.282829492,232.6993787
1625500,39.46799927,0.327294993,232.6850787
1625750,52.32999893,0.356839988,232.6927948
1626000,35.11199959,0.316359495,232.7093243
1626250,47.52199814,0.342508494,232.6858258
1626500,48.27099823,0.381760993,232.6915125
1626750,63.2119989,0.434658492,232.6754297
1627000,63.56899857,0.392041485,232.6604004
1627250,55.85799942,0.419985986,232.6896167
1627500,77.66799805,0.505384996,232.6524841
1627750,80.65999847,0.539048479,232.6676587
1628000,94.88299866,0.595115485,232.6827148
1628250,99.08899597,0.578728991,232.6661078
1628500,90.62499725,0.537396991,232.6511865
1628750,82.57300079,0.506417484,232.640531
1629000,93.99499908,0.55983048,232.6484094
1629250,84.4819986,0.538234491,232.6608118
1629500,97.2439975,0.591862485,232.6748096
1629750,102.0539984,0.60084398,232.644162
1630000,92.11299835,0.563779991,232.6638989
1630250,98.41299774,0.583841975,232.6615143
1630500,100.0309982,0.570574484,232.6899054
1630750,81.66100189,0.505165997,232.6769208
1631000,97.97099976,0.636216981,232.6434827
1631250,112.9609967,0.656411502,232.6207843
1631500,109.2349973,0.620925989,232.6640833
1631750,109.2349973,0.620925989,232.6640833
1632000,102.6569989,0.604479477,232.6642371
1632250,102.7719958,0.584546487,232.6598419
1632500,98.67499817,0.575025988,232.6711768
1632750,100.254996,0.625564482,232.6448431
1633000,116.3389969,0.654513502,232.6612787
1633250,112.4369971,0.654087484,232.633656
1633500,101.6699976,0.596148491,232.6333868
1633750,108.3869962,0.628490486,232.6180182
1634000,114.3159991,0.669578493,232.6487854
1634250,120.6849985,0.669042983,232.6431305
1634500,118.6469971,0.672822485,232.6425629
1634750,122.1879953,0.710013983,232.6289703
1635000,125.3779974,0.686981993,232.6514172
1635250,123.577999,0.696123984,232.6309784
1635500,130.6999945,0.716469471,232.6477057
1635750,135.0529944,0.745187991,232.6252753
1636000,139.5709961,0.752449474,232.6273785
1636250,136.9890002,0.71434149,232.6152667
1636500,125.2959985,0.701416492,232.647771
1636750,124.7109949,0.677022989,232.6575952
1637000,122.8599973,0.6588765,232.6405371
1637250,123.3959976,0.73752398,232.6145477
1637500,135.618996,0.720345988,232.6159204
1637750,131.4179987,0.735177488,232.6215051
1638000,130.6249988,0.693610487,232.6105548
1638250,130.6249988,0.693610487,232.6105548
1638500,121.1789969,0.690100477,232.6096277
1638750,131.5869989,0.746998971,232.6200989
1639000,137.8559912,0.730637972,232.6272894
1639250,132.5889972,0.719518967,232.6283795
1639500,127.587998,0.710912988,232.6295313
1639750,135.3989984,0.755124993,232.6293939
1640000,144.2829974,0.780449486,232.6201703
1640250,143.3469977,0.717505472,232.6413086
1640500,126.0299948,0.661091979,232.6450665
1640750,116.1219986,0.687957003,232.6514966
1641000,127.6869955,0.693337982,232.632981
1641250,127.562998,0.719838479,232.6345313
1641500,127.3659955,0.710609965,232.6178387
1641750,129.9179968,0.719846485,232.6228326
1642000,131.2239911,0.699761474,232.6200409
1642250,123.2969971,0.673830481,232.6264429
1642500,123.8649945,0.702777982,232.6082751
1642750,128.8509967,0.72469198,232.6307367
1643000,128.9349963,0.690019498,232.636994
1643250,112.7079953,0.628684993,232.6462048
1643500,105.0089981,0.644461975,232.6653607
1643750,114.443996,0.627523491,232.6409955
1644000,110.5089963,0.696159475,232.6074847
1644250,131.1359973,0.686167464,232.6269226
1644500,122.700997,0.693549483,232.6144983
1644750,122.700997,0.693549483,232.6144983
1645000,129.2339963,0.73325249,232.6078601
1645250,136.6619949,0.710053968,232.6272028
1645500,126.6209964,0.689637489,232.6120483
1645750,126.0109949,0.703976979,232.630531
1646000,131.3309961,0.697261467,232.6186096
1646250,121.122999,0.647597983,232.6340973
1646500,114.482998,0.669632995,232.6372809
1646750,120.5189963,0.669304488,232.6208197
1647000,108.6729974,0.613303483,232.6266028
1647250,104.1629968,0.635900483,232.6388635
1647500,116.9299963,0.661291492,232.633338
1647750,116.9389996,0.639446473,232.638786
1648000,111.6909952,0.637818999,232.6242731
1648250,107.7769974,0.622487984,232.6266345
1648500,109.3159973,0.64331799,232.6468994
1648750,110.8969974,0.650965478,232.6718811
1649000,110.2679987,0.635753996,232.6494336
1649250,115.082998,0.649160986,232.6363544
1649500,111.9999985,0.61745748,232.6528973
1649750,98.06999542,0.514682982,232.6699255
1650000,77.82299896,0.543554476,232.6513647
1650250,103.6029974,0.586609988,232.6654504
1650500,86.42899658,0.523247484,232.6574658
1650750,86.2389978,0.543339479,232.6514752
1651000,93.02899933,0.596164486,232.6792694
1651250,93.02899933,0.596164486,232.6792694
1651500,113.8749966,0.639640493,232.6446014
1651750,99.37499542,0.530201987,232.6484332
1652000,81.99999603,0.502978989,232.6543787
1652250,74.96699768,0.489877492,232.6892163
1652500,77.86099884,0.495059988,232.6573395
1652750,78.73099762,0.482556494,232.6584167
1653000,78.98499878,0.507050993,232.6950024
1653250,79.84199921,0.461745991,232.6819672
1653500,67.10399933,0.448169987,232.6651221
1653750,71.05899841,0.466776992,232.6573779
1654000,69.19600006,0.433414983,232.6667877
1654250,59.59999969,0.397614485,232.6543121
1654500,64.57399918,0.437242991,232.6871075
1654750,63.97799835,0.423118992,232.6729071
1655000,72.65899811,0.486853484,232.6802979
1655250,69.09999817,0.410787996,232.6638269
1655500,48.94999893,0.347430496,232.7278644
1655750,52.19699905,0.417331492,232.7171777
1656000,80.64099945,0.526813498,232.671532
1656250,76.58999847,0.446861986,232.6922577
1656500,66.2529982,0.405042489,232.7031482
1656750,52.84499939,0.355690488,232.7326428
1657000,50.2469989,0.390020992,232.6979852
1657250,64.2129985,0.455971488,232.6993622
1657500,69.12899902,0.456535001,232.7201459
1657750,69.12899902,0.456535001,232.7201459
1658000,69.79999847,0.434403496,232.6997455
1658250,60.04399872,0.380355481,232.7068378
1658500,60.41999786,0.443266993,232.6649371
1658750,67.09299805,0.438059988,232.6649762
1659000,74.70999908,0.53030149,232.6536749
1659250,82.71799835,0.471993492,232.6920251
1659500,68.28299957,0.430056491,232.6967712
1659750,68.67,0.474968485,232.6671863
1660000,71.73599716,0.424628497,232.6733539
1660250,68.84299911,0.487510495,232.6778125
1660500,79.97700073,0.536578479,232.6829388
1660750,84.16699707,0.479553491,232.6758807
1661000,73.05599945,0.482890482,232.6610339
1661250,72.80699951,0.445624988,232.6926331
1661500,74.5469986,0.514232495,232.67354
1661750,79.64999908,0.459126481,232.6953217
1662000,72.42500061,0.478897486,232.6600098
1662250,70.52099915,0.425768493,232.6802985
1662500,65.9239975,0.468056487,232.6793707
1662750,81.57599823,0.517892983,232.6753381
1663000,77.56099915,0.457449983,232.683457
1663250,69.57499817,0.42161199,232.6884918
1663500,61.79499817,0.416081487,232.6809631
1663750,68.17799713,0.508107485,232.6670258
1664000,90.39399933,0.558468988,232.677226
1664250,90.39399933,0.558468988,232.677226
1664500,91.15899811,0.551451485,232.6702356
1664750,84.34400238,0.478411486,232.6790582
1665000,78.33999878,0.480729986,232.6717932
1665250,77.97499969,0.498580978,232.6508746
1665500,89.1689978,0.592064991,232.6532104
1665750,97.97199829,0.569467485,232.66466
1666000,92.64499756,0.581954989,232.6527472
1666250,91.37199799,0.509188488,232.6570178
1666500,77.6039975,0.498915989,232.6534442
1666750,88.86199982,0.542394991,232.6860895
1667000,91.66999939,0.571682475,232.6567206
1667250,101.7639996,0.648543983,232.6383319
1667500,115.3119971,0.602982984,232.6361139
1667750,86.29999695,0.531625483,232.6514349
1668000,88.34099915,0.551040485,232.6607935
1668250,96.50899872,0.566501493,232.6479303
1668500,98.37799896,0.613103478,232.6665869
1668750,105.2359973,0.631012478,232.6545831
1669000,105.5939987,0.598513997,232.6554352
1669250,96.52299774,0.583893485,232.655592
1669500,103.1299979,0.617209482,232.6709796
1669750,111.223996,0.629291987,232.6306732
1670000,110.782998,0.647000983,232.6280103
1670250,109.6589966,0.607833979,232.6620581
1670500,101.7649985,0.667541485,232.6245068
1670750,101.7649985,0.667541485,232.6245068
1671000,122.2289966,0.676250496,232.663338
1671250,119.6049969,0.680396986,232.6416437
1671500,123.8859961,0.691532495,232.6093372
1671750,128.3679977,0.714579985,232.6246344
1672000,127.3009958,0.720418503,232.62633
1672250,129.1899951,0.70397398,232.6312036
1672500,125.4889975,0.696685996,232.6520264
1672750,124.6159958,0.676497989,232.6066907
1673000,117.6549994,0.643632987,232.6275385
1673250,114.6239987,0.663030989,232.6568176
1673500,122.0669983,0.697228487,232.6218677
1673750,124.3319983,0.713876474,232.6366724
1674000,129.757995,0.707139468,232.6468475
1674250,128.9149976,0.706950464,232.5997839
1674500,129.7039935,0.707499969,232.5917218
1674750,126.0119949,0.683583012,232.616297
1675000,124.8389966,0.692939487,232.6383936
1675250,122.0699966,0.69474649,232.63961
1675500,125.2159964,0.680789971,232.6084894
1675750,115.5809976,0.66328949,232.6047046
1676000,117.3299985,0.661503968,232.598537
1676250,120.6789944,0.656544487,232.6288025
1676500,116.0669983,0.655230982,232.6705609
1676750,118.9739984,0.657987993,232.6534521
1677000,113.7049973,0.675596461,232.6651465
1677250,113.7049973,0.675596461,232.6651465
1677500,122.3279935,0.688761981,232.6369391
1677750,119.4999951,0.655281987,232.6325793
1678000,114.472998,0.65041398,232.6516675
1678250,117.6419965,0.664197497,232.6414581
1678500,122.3779959,0.674887984,232.6387476
1678750,111.7119971,0.633855486,232.6503632
1679000,111.3329971,0.644284492,232.6502582
1679250,109.8729984,0.666014004,232.6480664
1679500,121.2959967,0.678653486,232.6349152
1679750,115.9359961,0.633015485,232.6330164
1680000,112.0899988,0.643014004,232.6310498
1680250,108.1359976,0.595619481,232.6606824
1680500,99.68099335,0.586561978,232.6511932
1680750,99.03799774,0.604055996,232.6621088
1681000,104.8949982,0.621214483,232.6678192
1681250,99.06099854,0.590017982,232.666756
1681500,103.225997,0.591878984,232.6538922
1681750,93.80099701,0.526465485,232.6606268
1682000,86.35799805,0.55216048,232.652865
1682250,99.25999725,0.601193988,232.6496497
1682500,98.63399689,0.57732399,232.6713812
1682750,81.74299835,0.499679487,232.6669135
1683000,90.87299774,0.567495983,232.6695563
1683250,98.87799286,0.58338398,232.6823938
1683500,95.5269986,0.55766398,232.6527869
1683750,95.5269986,0.55766398,232.6527869
1684000,104.1369989,0.639203987,232.6215765
1684250,98.77299652,0.545336986,232.6738306
1684500,89.24999847,0.578105984,232.6420886
1684750,87.22799713,0.500395983,232.6867383
1685000,74.44399963,0.461704985,232.6953625
1685250,74.69999939,0.478747482,232.6907782
1685500,75.9889978,0.475713991,232.6695929
1685750,66.19799927,0.400257491,232.6892352
1686000,59.42999847,0.444436989,232.6916913
1686250,67.46199768,0.441868489,232.6742114
1686500,68.92199982,0.431047492,232.6752087
1686750,64.9629985,0.461686494,232.6931433
1687000,77.21699707,0.485502985,232.640249
1687250,79.0369989,0.494153495,232.6619293
1687500,79.92099884,0.523197479,232.6353241
1687750,75.96799896,0.447125494,232.6741608
1688000,73.02499878,0.52278698,232.6613086
1688250,89.62700043,0.527044487,232.6549091
1688500,80.4319986,0.451117487,232.689931
1688750,74.33399887,0.519869,232.6832507
1689000,86.20999878,0.523125483,232.6835779
1689250,88.08099823,0.589640472,232.6415698
1689500,95.91699982,0.53673049,232.6792896
1689750,90.0539975,0.570294499,232.6805133
1690000,89.2889975,0.509912983,232.6807227
1690250,89.2889975,0.509912983,232.6807227
1690500,75.80399872,0.468163495,232.7080188
1690750,77.19299652,0.508014477,232.6881067
1691000,82.93999756,0.507985984,232.674245
1691250,78.57299774,0.493683484,232.6836432
1691500,82.58199799,0.553515987,232.6531769
1691750,89.56999939,0.508009486,232.6633783
1692000,76.87599823,0.473123989,232.6836108
1692250,78.90799866,0.533970494,232.6607947
1692500,82.75299988,0.465908495,232.6648981
1692750,67.48800049,0.472619489,232.6779053
1693000,79.54899902,0.564420979,232.6656848
1693250,89.57199799,0.491496484,232.6832574
1693500,67.70299866,0.442127482,232.680611
1693750,73.89899933,0.501108487,232.6841309
1694000,84.58499786,0.502797481,232.6872198
1694250,85.01999817,0.569847991,232.6564734
1694500,100.229996,0.563516486,232.6592169
1694750,83.08199738,0.511748978,232.6833929
1695000,76.33399872,0.475218986,232.6693054
1695250,79.93199829,0.540896989,232.6551672
1695500,95.82799774,0.564222484,232.6662781
1695750,94.00999725,0.549775982,232.6756653
1696000,88.02499939,0.539484982,232.6856506
1696250,88.13499847,0.518569489,232.6768274
1696500,77.97199982,0.479145482,232.6857709
1696750,77.97199982,0.479145482,232.6857709
1697000,75.90299835,0.506060992,232.6843365
1697250,87.3839978,0.527336991,232.6693292
1697500,83.38399994,0.491510987,232.6609937
1697750,77.81999664,0.520695982,232.6661804
1698000,90.35999756,0.549372993,232.6778333
1698250,87.3789975,0.565464478,232.6509131
1698500,94.08999756,0.55564899,232.668194
1698750,95.80599792,0.548474488,232.6658209
1699000,86.39999969,0.53055099,232.6682031
1699250,86.90699829,0.513441985,232.6553394
1699500,84.10400055,0.543498987,232.6425604
1699750,93.40299957,0.565048487,232.6313477
1700000,91.02799408,0.546690981,232.6353137
1700250,90.99999237,0.542065988,232.649715
1700500,89.73199707,0.547100997,232.6698187
1700750,98.01299774,0.611371486,232.6520807
1701000,112.0449979,0.633299479,232.661452
1701250,94.53599762,0.553579998,232.6768677
1701500,91.92999969,0.584523492,232.6478503
1701750,108.2099979,0.641387484,232.6162164
1702000,117.5989969,0.629402468,232.6548712
1702250,102.434996,0.610259974,232.6778339
1702500,109.0729984,0.650045981,232.6345129
1702750,114.5989963,0.660104992,232.6416357
1703000,113.1149982,0.648583488,232.6498584
1703250,113.1149982,0.648583488,232.6498584
1703500,115.4149979,0.64958647,232.6215295
1703750,118.3249969,0.661215494,232.6133136
1704000,116.2979953,0.640049498,232.6352338
1704250,108.1869989,0.65165499,232.6579059
1704500,134.5699969,0.773292477,232.614635
1704750,149.3739954,0.776962984,232.6319788
1705000,144.4219946,0.762457991,232.6272272
1705250,143.4160004,0.761702974,232.6041687
1705500,152.7100012,0.817274489,232.600719
1705750,174.7349969,0.874490955,232.5975787
1706000,173.8000031,0.838344967,232.5936359
1706250,168.5299957,0.821531963,232.6131781
1706500,141.4419965,0.741190481,232.6267389
1706750,143.8800006,0.763533981,232.6430273
1707000,147.2239978,0.785938497,232.6360492
1707250,151.657998,0.76210999,232.6436249
1707500,131.8549976,0.722378478,232.6234729
1707750,145.8549963,0.791400964,232.6121686
1708000,148.0169952,0.752275984,232.6060175
1708250,141.4629956,0.750004475,232.6214185
1708500,139.2009937,0.735222476,232.6452557
1708750,143.0779968,0.770640469,232.6049835
1709000,148.363999,0.779820988,232.6023462
1709250,152.7029956,0.775157456,232.620506
1709500,139.7039966,0.72374398,232.6449939
1709750,139.7039966,0.72374398,232.6449939
1710000,128.6979984,0.706890969,232.6567377
1710250,131.569996,0.70105499,232.6337646
1710500,127.9489963,0.695697491,232.624281
1710750,122.7449948,0.677853487,232.6319629
1711000,130.2209967,0.724886973,232.6335144
1711250,124.0539981,0.669347475,232.6476257
1711500,119.5819983,0.691202493,232.629801
1711750,119.8339957,0.662623479,232.6429779
1712000,119.2659979,0.674417984,232.6536652
1712250,132.5129944,0.744167478,232.623833
1712500,138.6009985,0.741967483,232.6487683
1712750,132.5429996,0.701389499,232.6799146
1713000,122.4419968,0.68898349,232.6519531
1713250,111.1399985,0.625049987,232.6621228
1713500,106.0799985,0.609629986,232.6802679
1713750,99.61999725,0.575770488,232.6691046
1714000,92.4569986,0.526821485,232.6767053
1714250,91.62599823,0.552070992,232.6916418
1714500,89.80299683,0.539581981,232.6466907
1714750,91.72799744,0.568926487,232.6693073
1715000,89.33099915,0.527562995,232.6795392
1715250,93.61199829,0.602327485,232.6577869
1715500,96.55299652,0.526239994,232.6376587
1715750,75.30499847,0.452172,232.6593292
1716000,67.7459996,0.386427485,232.6845941
1716250,67.7459996,0.386427485,232.6845941
1716500,60.62999969,0.458887995,232.677124
1716750,71.66399918,0.453938496,232.6708405
1717000,66.95299835,0.404540986,232.6819464
1717250,54.66899902,0.398858489,232.67513
1717500,63.87999756,0.43587499,232.6817468
1717750,63.98599777,0.374356989,232.7292438
1718000,51.3229985,0.396561991,232.6929523
1718250,61.96499924,0.396072993,232.6953632
1718500,55.2739978,0.376204492,232.7088318
1718750,48.73799973,0.329247988,232.7004028
1719000,46.4579982,0.345210998,232.6947064
1719250,53.47899902,0.373888484,232.6836731
1719500,53.71899948,0.350345988,232.7224091
1719750,47.17999817,0.356117984,232.7201721
1720000,50.1569986,0.373024485,232.7182025
1720250,51.835,0.354057987,232.7010242
1720500,49.92099899,0.388468994,232.6913214
1720750,56.01099808,0.345649493,232.711723
1721000,52.37599854,0.403223492,232.7215161
1721250,63.58599854,0.388574491,232.7021619
1721500,49.37399872,0.316968993,232.7120801
1721750,40.21499924,0.326933495,232.687887
1722000,46.60399887,0.321708992,232.7031146
1722250,41.39300003,0.344818488,232.7151514
1722500,53.61499863,0.371238488,232.7085614
1722750,53.61499863,0.371238488,232.7085614
1723000,51.44299881,0.356425496,232.7067303
1723250,50.94699829,0.361812493,232.6829913
1723500,52.95199875,0.364736997,232.6722662
1723750,55.72199875,0.41648649,232.6769312
1724000,67.58899719,0.406363496,232.6763623
1724250,49.74899811,0.328899491,232.6816974
1724500,46.18900009,0.388864995,232.6904108
1724750,65.19399857,0.438484981,232.6771063
1725000,61.26899887,0.392283489,232.6779553
1725250,58.24799942,0.416481985,232.6689777
1725500,66.46499878,0.459352987,232.6996582
1725750,75.42899841,0.466430985,232.6613232
1726000,66.18300034,0.419058988,232.6815942
1726250,54.1169989,0.413418492,232.6973285
1726500,72.17399811,0.505862974,232.6964429
1726750,85.87399658,0.504770981,232.6609601
1727000,81.37899628,0.497180492,232.6729932
1727250,83.0389978,0.520572985,232.6720978
1727500,82.35799805,0.491023991,232.7010358
1727750,76.7819989,0.488809481,232.6819067
1728000,77.5869989,0.496576493,232.6676788
1728250,79.00499847,0.481616988,232.6504565
1728500,77.92099823,0.51320948,232.6638733
1728750,93.23999878,0.567977991,232.664931
1729000,85.61399933,0.497128491,232.6610437
1729250,85.61399933,0.497128491,232.6610437
1729500,77.97399933,0.536836985,232.6826813
1729750,91.7889975,0.570995977,232.6830981
1730000,90.5789978,0.570520487,232.6597614
1730250,99.64099792,0.593971984,232.6334961
1730500,99.54199921,0.574199481,232.650202
1730750,97.98199799,0.574792488,232.6666656
1731000,94.61599823,0.560565975,232.6678564
1731250,92.80999603,0.570512989,232.65276
1731500,92.15699524,0.593424995,232.6423035
1731750,118.315997,0.647172995,232.6243433
1732000,98.21499847,0.539239984,232.6637561
1732250,88.58799713,0.548053999,232.6510181
1732500,99.70099701,0.621320982,232.6225311
1732750,113.1779977,0.684072976,232.6635614
1733000,123.163996,0.671989493,232.6631708
1733250,120.6589954,0.696247971,232.6265472
1733500,142.0269977,0.776956484,232.6277142
1733750,144.7180005,0.736435993,232.6045074
1734000,140.5099982,0.780682995,232.6300836
1734250,151.4539978,0.78364598,232.6227124
1734500,151.8409973,0.791321476,232.6007605
1734750,152.2779944,0.77611649,232.5896332
1735000,150.0559955,0.789099991,232.6051385
1735250,160.1549945,0.845279467,232.5733868
1735500,162.2259967,0.79086298,232.6157776
1735750,162.2259967,0.79086298,232.6157776
1736000,155.1739984,0.835427976,232.582019
1736250,173.8549957,0.891897469,232.5896826
1736500,180.5499951,0.854092975,232.5878357
1736750,175.2589966,0.873404973,232.5862024
1737000,169.6129938,0.83185648,232.5882349
1737250,169.2789923,0.856331987,232.5862543
1737500,168.0849957,0.834790988,232.5990588
1737750,174.5889978,0.879956467,232.5926349
1738000,172.9849957,0.825640476,232.5684833
1738250,171.2899951,0.882640483,232.5639398
1738500,176.8819965,0.848602471,232.5731165
1738750,167.5209967,0.837024972,232.5891217
1739000,162.8569983,0.799055982,232.5948346
1739250,151.1969971,0.791367977,232.5772095
1739500,160.7019989,0.847175477,232.5595288
1739750,173.6529956,0.842375979,232.5944324
1740000,163.6399969,0.802373979,232.5990912
1740250,163.5279987,0.85714047,232.5848816
1740500,173.6239978,0.82457999,232.5811536
1740750,160.2169983,0.831199982,232.5786029
1741000,161.8129968,0.807366483,232.5894
1741250,156.765,0.788819482,232.5855798
1741500,149.3909973,0.761132975,232.6080743
1741750,143.0409979,0.75131598,232.6137933
1742000,156.8469977,0.873621464,232.5790717
1742250,156.8469977,0.873621464,232.5790717
1742500,173.9439966,0.805591981,232.587041
1742750,150.0609973,0.823014994,232.5742401
1743000,160.2839984,0.804676981,232.5823792
1743250,158.6019971,0.823186984,232.6207489
1743500,154.367995,0.746879485,232.6279279
1743750,134.8759985,0.733150489,232.6344421
1744000,131.7780008,0.662687993,232.643783
1744250,105.4139966,0.604669983,232.6410168
1744500,99.94199677,0.573417485,232.6688568
1744750,93.94599915,0.54037549,232.6890729
1745000,85.21299866,0.54179199,232.6455365
1745250,95.97399872,0.605025992,232.6593793
1745500,100.9999976,0.527920992,232.6450598
1745750,76.09599854,0.479039481,232.7004419
1746000,75.35299683,0.45243799,232.6615277
1746250,62.11199936,0.373185481,232.6892743
1746500,46.2219989,0.314342495,232.714306
1746750,44.73700043,0.371447986,232.6984491
1747000,52.39599945,0.350893488,232.691745
1747250,40.14299988,0.292775992,232.7208093
1747500,35.12799927,0.290860493,232.6953461
1747750,36.76999924,0.291445495,232.7150995
1748000,42.09799973,0.322346992,232.6870898
1748250,43.225,0.308996996,232.6746179
1748500,39.54599915,0.30988849,232.7001801
1748750,39.54599915,0.30988849,232.7001801
1749000,44.12999924,0.313408492,232.7053461
1749250,36.67499954,0.292833498,232.6777301
1749500,37.86499893,0.297268988,232.7186908
1749750,41.67199921,0.318212998,232.7181
1750000,44.07700012,0.367609991,232.7191876
1750250,52.25899826,0.344241493,232.7338586
1750500,46.31299911,0.344806995,232.6876984
1750750,52.81299881,0.32476149,232.7185699
1751000,37.31899902,0.299557992,232.7159393
1751250,39.10099884,0.302613491,232.7246844
1751500,40.5169989,0.30085399,232.7231696
1751750,36.52999924,0.294163495,232.7090057
1752000,38.49399826,0.297645491,232.7288269
1752250,38.98799881,0.288041996,232.7215765
1752500,34.10799934,0.294062997,232.7193439
1752750,41.1969986,0.298307495,232.7010095
1753000,39.49399872,0.304485489,232.7034277
1753250,37.4419989,0.287317489,232.6910736
1753500,36.00999878,0.280959492,232.7457617
1753750,33.98699936,0.281636496,232.693587
1754000,35.00099991,0.283476996,232.6798413
1754250,35.185,0.283219492,232.7212341
1754500,36.14199966,0.287565987,232.7179706
1754750,37.94899979,0.296772995,232.6837
1755000,36.25699905,0.297322497,232.6832104
1755250,36.25699905,0.297322497,232.6832104
1755500,40.2329982,0.299091994,232.6907788
1755750,40.12699951,0.306599494,232.7062262
1756000,35.10199928,0.294474494,232.7188971
1756250,43.15900024,0.309798497,232.7140503
1756500,38.61299911,0.313594493,232.7038098
1756750,48.08999908,0.366088994,232.6903479
1757000,55.66099838,0.387504996,232.67065
1757250,65.54599899,0.491818492,232.6602106
1757500,93.99399628,0.620317471,232.6616907
1757750,104.8670007,0.599853482,232.6865381
1758000,90.1789975,0.517644975,232.6886761
1758250,78.12499786,0.487617989,232.6953723
1758500,84.015,0.543626487,232.65966
1758750,92.58800049,0.549044991,232.6438342
1759000,82.88699707,0.493575493,232.6664032
1759250,76.48999847,0.518485984,232.6541162
1759500,96.08699768,0.585846984,232.6589319
1759750,94.68999634,0.53720898,232.6872186
1760000,59.32899872,0.400722998,232.6789136
1760250,75.12299942,0.532435477,232.6858722
1760500,100.6429962,0.637889504,232.6793896
1760750,113.7279968,0.665247481,232.6513062
1761000,113.1939972,0.643121965,232.6687708
1761250,108.0239978,0.606459982,232.6296283
1761500,102.6879977,0.587165492,232.6301807
1761750,102.6879977,0.587165492,232.6301807
1762000,99.25599762,0.584574499,232.6712653
1762250,97.62699951,0.56393749,232.6724976
1762500,97.77399902,0.61060498,232.6646796
1762750,105.9729971,0.637006984,232.6591833
1763000,107.8889981,0.61538748,232.6900916
1763250,103.7669998,0.624054477,232.6683856
1763500,117.9,0.701744487,232.627146
1763750,129.6829947,0.703485472,232.6096344
1764000,126.9559976,0.730040967,232.6386969
1764250,135.7759955,0.74870348,232.6408997
1764500,145.627998,0.779897976,232.6269385
1764750,147.6509985,0.766164479,232.6278326
1765000,148.125,0.776969485,232.6203778
1765250,153.5469983,0.789983985,232.6055212
1765500,157.3299939,0.817575479,232.6263129
1765750,162.7070013,0.832416468,232.6017529
1766000,163.7309943,0.816349475,232.5931146
1766250,162.668999,0.826302001,232.6414349
1766500,163.477995,0.82591598,232.5962573
1766750,164.1159967,0.827853987,232.6242322
1767000,168.9690015,0.850212469,232.5944885
1767250,170.6429968,0.883989973,232.6094965
1767500,173.485993,0.820171995,232.5820325
1767750,161.5209961,0.83442749,232.5743604
1768000,166.1369946,0.843325491,232.5812506
1768250,166.1369946,0.843325491,232.5812506
1768500,176.4979926,0.888506491,232.5838739
1768750,176.3070013,0.840287478,232.5796191
1769000,167.702998,0.870373957,232.5831635
1769250,180.9209967,0.869612474,232.596864
1769500,170.3929944,0.834543982,232.6138837
1769750,169.6890015,0.86710149,232.589458
1770000,179.5209979,0.899701974,232.5848914
1770250,184.0099988,0.876024973,232.5660419
1770500,172.2119989,0.830284479,232.6187866
1770750,160.347998,0.829139473,232.6043799
1771000,170.0880011,0.84631247,232.6055884
1771250,170.6129956,0.831657987,232.6006
1771500,164.3049957,0.843956492,232.6199457
1771750,173.1059985,0.824292974,232.5976172
1772000,158.5569928,0.828414462,232.5783948
1772250,167.4940015,0.853409991,232.5764819
1772500,173.2039954,0.801984484,232.6181891
1772750,141.8629968,0.769541984,232.6483453
1773000,147.5649957,0.755661981,232.6180664
1773250,141.4789978,0.761668472,232.6125842
1773500,148.1369946,0.757747984,232.6374182
1773750,138.377998,0.741561484,232.618443
1774000,133.1849969,0.711268966,232.6489215
1774250,125.3439969,0.690450487,232.6473792
1774500,117.9339978,0.627676485,232.672619
1774750,117.9339978,0.627676485,232.672619
1775000,103.8079987,0.596636977,232.671626
1775250,104.6599966,0.557585979,232.6919623
1775500,89.57499878,0.572787492,232.6642108
1775750,103.2959979,0.620867994,232.6517151
1776000,105.3059985,0.588694987,232.6718665
1776250,88.50299652,0.537134979,232.6725635
1776500,78.3089975,0.450580487,232.697298
1776750,57.54699844,0.39042999,232.6992578
1777000,63.35399872,0.442425983,232.6649866
1777250,72.35499939,0.451192485,232.6926678
1777500,65.95500092,0.432477989,232.6663556
1777750,68.70299774,0.448807987,232.698385
1778000,60.89999893,0.405547495,232.6892261
1778250,54.40999954,0.360361,232.7006262
1778500,51.41499878,0.336523498,232.661402
1778750,42.79799911,0.325397991,232.7062836
1779000,43.66899994,0.307106991,232.6948743
1779250,38.36200012,0.283772489,232.6992828
1779500,36.41599884,0.334534494,232.6845062
1779750,51.41599899,0.35185199,232.6996661
1780000,39.76699936,0.289990991,232.7482495
1780250,34.31399902,0.286970992,232.7320258
1780500,37.08899857,0.282874998,232.7209454
1780750,34.28699905,0.279248494,232.7236359
1781000,35.00299973,0.284511491,232.6881122
1781250,35.00299973,0.284511491,232.6881122
1781500,35.0119989,0.281564993,232.7215448
1781750,34.12699951,0.285870998,232.7168427
1782000,36.96899933,0.289402491,232.7159387
1782250,36.87999878,0.299768988,232.6918164
1782500,39.35000015,0.295176492,232.7276093
1782750,38.70499954,0.299731492,232.7054022
1783000,36.38599915,0.293634993,232.7171637
1783250,38.40499878,0.29532299,232.7402826
1783500,37.98799881,0.29527249,232.7134967
1783750,36.19799911,0.291899494,232.7201538
1784000,38.76499863,0.295678496,232.721051
1784250,37.66299927,0.295831492,232.7270178
1784500,37.70999893,0.298468494,232.7191376
1784750,39.72199936,0.300728989,232.7128802
1785000,38.52900009,0.297908485,232.6817798
1785250,39.62899963,0.296315491,232.7085297
1785500,37.04499939,0.307547492,232.7238873
1785750,45.92699936,0.342883497,232.7063959
1786000,46.2369989,0.317084994,232.7049847
1786250,38.66199951,0.296920496,232.7237146
1786500,40.17999847,0.308046997,232.7379541
1786750,47.42600006,0.336130987,232.6890656
1787000,37.38599907,0.289964995,232.6991626
1787250,38.57599899,0.289571,232.7090753
1787500,38.66599899,0.316910493,232.6908252
1787750,38.66599899,0.316910493,232.6908252
1788000,46.62499985,0.349114486,232.694873
1788250,46.89699951,0.321611986,232.6995447
1788500,48.77999954,0.371229492,232.6859772
1788750,55.73399796,0.406356987,232.6764386
1789000,66.60299881,0.427896992,232.687691
1789250,55.83599823,0.384230989,232.657348
1789500,60.26199783,0.408011987,232.6839069
1789750,52.04699905,0.348396984,232.7040417
1790000,53.89199936,0.381647992,232.6928497
1790250,57.82899719,0.417575483,232.6892218
1790500,70.13299881,0.496948485,232.6794342
1790750,80.74299927,0.494669986,232.6776849
1791000,77.44399872,0.516186488,232.6707861
1791250,87.47999512,0.545916979,232.6454565
1791500,86.10299683,0.475265483,232.6767706
1791750,68.74999847,0.472428483,232.6815466
1792000,94.63499847,0.641847994,232.6599042
1792250,115.1139963,0.63783149,232.6506653
1792500,104.8909988,0.614885974,232.6442896
1792750,109.0499966,0.636655498,232.6320465
1793000,120.1279965,0.684829988,232.6416278
1793250,119.632998,0.644500985,232.6605225
1793500,105.653996,0.60845048,232.6532684
1793750,99.75999329,0.615648983,232.6236505
1794000,111.637998,0.659953489,232.6387756
1794250,111.637998,0.659953489,232.6387756
1794500,117.3959973,0.656965477,232.6569232
1794750,118.7909973,0.667594469,232.6364594
1795000,115.0939972,0.613233979,232.6422662
1795250,107.1559979,0.675839992,232.6410663
1795500,125.1319958,0.711178496,232.6186584
1795750,138.5279974,0.75372647,232.6191138
1796000,139.8719983,0.7253705,232.6143945
1796250,134.8789984,0.732226975,232.6022339
1796500,141.1549982,0.762791479,232.6108038
1796750,142.2619977,0.753881488,232.6266919
1797000,137.5219983,0.741199486,232.5952264
1797250,142.1849976,0.779922476,232.5890741
1797500,149.9429968,0.766793478,232.6033466
1797750,151.1559985,0.849143474,232.5930029
1798000,168.8869934,0.806277966,232.5889691
1798250,154.6839929,0.80456748,232.6095709
1798500,158.7899963,0.799273007,232.61742
1798750,155.058999,0.797460978,232.6210126
1799000,157.1889984,0.80710299,232.6309222
1799250,159.6869989,0.812005475,232.5971613
1799500,166.4249976,0.869225986,232.6050647
1799750,178.4809918,0.86523098,232.5787964
1800000,164.053996,0.799895463,232.6217297
1800250,155.238996,0.833069489,232.602547
1800500,169.4529993,0.826828487,232.5779138
1800750,169.4529993,0.826828487,232.5779138
1801000,161.498996,0.837481472,232.5713611
1801250,174.055,0.848952961,232.6000024
1801500,168.0910004,0.840054989,232.5810034
1801750,172.3049963,0.87580348,232.5953125
1802000,181.0470026,0.886725991,232.5832526
1802250,178.7409991,0.86284447,232.6080817
1802500,168.0329968,0.805243487,232.6210101
1802750,150.4849951,0.807334974,232.6124011
1803000,168.5299945,0.83980197,232.6070111
1803250,166.3719946,0.828879983,232.6017438
1803500,160.8289966,0.804112968,232.5837866
1803750,153.127998,0.813561981,232.6222437
1804000,160.4419971,0.785453482,232.633316
1804250,142.5959955,0.770449972,232.6321857
1804500,157.3919971,0.785035474,232.6087476
1804750,144.2299963,0.748952475,232.6289313
1805000,139.1889948,0.751185496,232.6174573
1805250,142.2919934,0.747761981,232.6135449
1805500,135.2849969,0.752055478,232.5978821
1805750,141.1529944,0.731194987,232.6074493
1806000,124.2999966,0.658759489,232.6340826
1806250,114.5749942,0.632490981,232.6290741
1806500,108.9529984,0.622782488,232.6567371
1806750,112.042999,0.680350487,232.6505396
1807000,127.1569977,0.702220492,232.6020923
1807250,127.1569977,0.702220492,232.6020923
1807500,119.8759961,0.666067977,232.6300232
1807750,110.1509955,0.635504489,232.6217126
1808000,115.5899969,0.690169501,232.6129462
1808250,134.577998,0.726795492,232.6174017
1808500,125.542998,0.661122978,232.6445471
1808750,120.4839975,0.694247484,232.640036
1809000,121.102998,0.682024484,232.595321
1809250,119.3889996,0.664225974,232.6237933
1809500,115.1939966,0.648640981,232.6324573
1809750,114.8179974,0.607500484,232.6554181
1810000,87.48899658,0.476924487,232.6799451
1810250,64.33199799,0.473192496,232.6696881
1810500,103.5659985,0.634436989,232.637818
1810750,98.68099976,0.561907985,232.6510828
1811000,81.06499756,0.489361994,232.6851855
1811250,82.71099762,0.49432999,232.6733856
1811500,67.12699722,0.416659484,232.677298
1811750,52.8969989,0.346534989,232.6874286
1812000,53.01299881,0.384479489,232.6791327
1812250,56.81899872,0.404529991,232.6818408
1812500,56.33799866,0.366197484,232.7033453
1812750,50.01699905,0.369819498,232.6893713
1813000,56.9119986,0.38464249,232.693363
1813250,43.61600006,0.315627489,232.7023059
1813500,45.13499893,0.346596485,232.717475
1813750,45.13499893,0.346596485,232.717475
1814000,49.57499802,0.328973492,232.7172028
1814250,37.84499939,0.293500991,232.7297559
1814500,36.47199951,0.297735996,232.6905145
1814750,46.02199982,0.342079493,232.7041443
1815000,46.6279985,0.362734998,232.684834
1815250,62.09199875,0.42880599,232.6744336
1815500,65.08299957,0.422941492,232.7003955
1815750,47.34899826,0.311063988,232.6987872
1816000,39.0879985,0.295046498,232.7221063
1816250,39.8359996,0.313998997,232.6993622
1816500,41.7759993,0.333113489,232.7011755
1816750,56.93499878,0.399262989,232.6796167
1817000,58.21899841,0.384278992,232.7030585
1817250,58.20199829,0.392696481,232.6813074
1817500,53.09499863,0.351026496,232.7041547
1817750,44.18699921,0.312928488,232.7095801
1818000,49.20599869,0.368060989,232.6883704
1818250,51.42599762,0.357400986,232.6779449
1818500,47.59800003,0.313131495,232.7003455
1818750,38.48299927,0.298023988,232.6777948
1819000,43.64799759,0.348066993,232.6940576
1819250,46.41899902,0.303611493,232.6914398
1819500,36.17399963,0.291413995,232.7060657
1819750,39.20999863,0.307009492,232.7082422
1820000,40.93799896,0.292328997,232.7177631
1820250,40.93799896,0.292328997,232.7177631
1820500,34.58299927,0.285798995,232.7092102
1820750,35.79499893,0.286580491,232.6940417
1821000,35.02499771,0.279978998,232.7032605
1821250,35.00699936,0.283637993,232.7139612
1821500,35.02499771,0.283078991,232.7022748
1821750,33.72699921,0.280133493,232.6795374
1822000,38.77999878,0.313939496,232.6928821
1822250,41.30699997,0.306751491,232.7021802
1822500,50.14199814,0.425820988,232.6917621
1822750,78.20299805,0.525060983,232.6408899
1823000,75.52099884,0.44096099,232.6939233
1823250,73.20999908,0.507120475,232.6705396
1823500,68.41499924,0.357348493,232.7065289
1823750,47.2690004,0.451834487,232.6828754
1824000,69.25499771,0.421429484,232.7029999
1824250,70.40799911,0.493035491,232.67237
1824500,80.35299866,0.490637987,232.6639154
1824750,81.85200012,0.5750565,232.6542108
1825000,95.66299561,0.541411979,232.652428
1825250,90.4289978,0.568030484,232.6507318
1825500,94.5269986,0.558203475,232.6733215
1825750,90.66599823,0.533281982,232.6540192
1826000,93.48099884,0.575728996,232.6698248
1826250,101.455997,0.630637481,232.6605249
1826500,110.2380002,0.65021898,232.6176758
1826750,110.2380002,0.65021898,232.6176758
1827000,121.9949973,0.701242981,232.6309454
1827250,128.4329996,0.703597977,232.6202563
1827500,121.3739999,0.647181492,232.6402338
1827750,109.1609979,0.615911977,232.6314008
1828000,102.2539978,0.598867981,232.6451141
1828250,97.50699768,0.592983482,232.631817
1828500,103.4999988,0.624220989,232.6395227
1828750,109.6079987,0.615189495,232.6594019
1829000,105.7859985,0.630187995,232.6434833
1829250,111.242998,0.628174996,232.6539301
1829500,115.8379974,0.708648484,232.6157117
1829750,133.9929971,0.714150989,232.6182104
1830000,124.9339957,0.689741988,232.6233307
1830250,132.3349973,0.763393981,232.6254663
1830500,155.0199963,0.805787485,232.5858185
1830750,159.6749976,0.796729972,232.6002942
1831000,157.6759955,0.811850488,232.5959613
1831250,160.142998,0.808058491,232.6159302
1831500,162.1089984,0.859729471,232.5771381
1831750,179.4129968,0.86672648,232.5813617
1832000,174.8249921,0.924178472,232.5646729
1832250,203.5489972,0.927649467,232.5690802
1832500,182.646001,0.878295474,232.5711859
1832750,180.4189948,0.916843476,232.5547137
1833000,200.242998,0.973107986,232.5547772
1833250,200.242998,0.973107986,232.5547772
1833500,204.3209973,0.94003799,232.5786578
1833750,189.4659967,0.909287975,232.5819067
1834000,187.0280048,0.888529983,232.5945453
1834250,179.1849969,0.884024973,232.5833087
1834500,184.8739923,0.898889971,232.5863135
1834750,178.6989954,0.86559798,232.5649701
1835000,172.3419946,0.860374465,232.5837549
1835250,179.2639923,0.884915481,232.5560455
1835500,177.2219971,0.882324963,232.561842
1835750,187.3909955,0.909538958,232.5855786
1836000,188.3669965,0.913681483,232.5901868
1836250,185.2619946,0.898122473,232.5830908
1836500,185.6479956,0.889203467,232.5877948
1836750,176.5899963,0.862169991,232.5803467
1837000,169.8949982,0.831325991,232.6219403
1837250,166.9769977,0.826640975,232.5925305
1837500,159.452998,0.804587989,232.5899786
1837750,160.732998,0.829497974,232.5939618
1838000,170.5319989,0.852132986,232.6023169
1838250,168.7079974,0.821542985,232.6272101
1838500,157.0839978,0.788359964,232.6288184
1838750,152.7109967,0.775077469,232.6439313
1839000,148.0069989,0.785856988,232.5950433
1839250,152.3199939,0.774358966,232.6084894
1839500,131.7819962,0.69878598,232.6290894
1839750,131.7819962,0.69878598,232.6290894
1840000,148.9629965,0.766178982,232.610177
1840250,128.9419962,0.668336976,232.6257928
1840500,111.8979996,0.614544981,232.6429218
1840750,109.7169974,0.639855497,232.6386658
1841000,105.6549979,0.596974986,232.6494678
1841250,98.59299774,0.559460483,232.6773615
1841500,88.95399689,0.535706489,232.6785529
1841750,89.80799805,0.546408477,232.6781323
1842000,89.71999725,0.551048985,232.6802429
1842250,92.76799957,0.541885493,232.6825281
1842500,79.98799744,0.451755495,232.7314496
1842750,64.01099823,0.407947985,232.7177374
1843000,57.7219989,0.36528699,232.6919794
1843250,51.54099915,0.36474799,232.696817
1843500,53.3259996,0.387712983,232.7047137
1843750,50.71499847,0.326509995,232.7108533
1844000,40.71399933,0.297317491,232.7158362
1844250,35.11399948,0.285084,232.7252264
1844500,37.38999893,0.292655494,232.690448
1844750,36.98799988,0.286670493,232.7074823
1845000,34.64099884,0.285846992,232.6999561
1845250,36.64700027,0.288248993,232.7281531
1845500,35.43700043,0.280182993,232.7386005
1845750,34.48999847,0.278141991,232.7348584
1846000,34.12599976,0.290098993,232.6714185
1846250,34.12599976,0.290098993,232.6714185
1846500,35.81699982,0.284188987,232.7222809
1846750,35.79799957,0.28250949,232.743205
1847000,32.92999939,0.281329992,232.7362244
1847250,35.65599968,0.282888488,232.718819
1847500,34.42499947,0.279083492,232.6938745
1847750,31.74799927,0.276844499,232.7341864
1848000,35.71199966,0.28171949,232.7332843
1848250,34.10399872,0.276826992,232.7099463
1848500,32.56999908,0.277790494,232.737196
1848750,34.50499832,0.273568492,232.7120892
1849000,32.25799919,0.274782994,232.6997461
1849250,34.39099854,0.280257498,232.7252759
1849500,35.20099777,0.287152998,232.7370264
1849750,36.75200089,0.294526993,232.6913226
1850000,39.65800034,0.299376998,232.7108417
1850250,35.52799942,0.291901501,232.7135138
1850500,38.49699844,0.285778002,232.7113696
1850750,36.65499939,0.29126799,232.6923401
1851000,34.17399872,0.28711849,232.6911462
1851250,39.79599945,0.293022996,232.6780432
1851500,35.11000015,0.288453494,232.7151941
1851750,37.03999878,0.294692992,232.6975043
1852000,40.60099884,0.295948499,232.7129449
1852250,40.70999908,0.328638488,232.701842
1852500,43.98799911,0.305711989,232.7144019
1852750,43.98799911,0.305711989,232.7144019
1853000,39.11099838,0.291720498,232.7158417
1853250,35.59299957,0.284184489,232.7327539
1853500,35.96799973,0.295389491,232.7159381
1853750,41.22199997,0.318470987,232.6799078
1854000,41.96200211,0.294715993,232.712876
1854250,36.72199982,0.298536997,232.6830347
1854500,40.9279985,0.316885499,232.7031787
1854750,47.24199966,0.333086991,232.6977203
1855000,43.88199783,0.30988699,232.705351
1855250,40.95499817,0.337231995,232.6901141
1855500,47.19399872,0.316747491,232.6754645
1855750,37.79299889,0.338491994,232.6960046
1856000,57.69899857,0.420463992,232.6983154
1856250,66.96599854,0.419284991,232.6720166
1856500,66.19199936,0.465809492,232.685874
1856750,74.15799835,0.472319485,232.6914752
1857000,70.12900024,0.43541149,232.693429
1857250,61.96699844,0.440367975,232.6867792
1857500,71.13299835,0.450969485,232.6915472
1857750,75.07199921,0.519319988,232.6712646
1858000,90.21199738,0.563556974,232.6659625
1858250,92.84,0.557350492,232.6458075
1858500,92.90000153,0.59460448,232.6423956
1858750,105.8069977,0.575169482,232.6748853
1859000,88.0489978,0.599271476,232.6568817
1859250,88.0489978,0.599271476,232.6568817
1859500,109.0059979,0.624105489,232.6773071
1859750,108.7479984,0.650384994,232.6580096
1860000,119.4309976,0.690638971,232.6496027
1860250,124.390997,0.692757986,232.6529205
1860500,121.6609976,0.665496988,232.6526105
1860750,114.4369958,0.628334491,232.6439294
1861000,108.7779959,0.625751977,232.6778906
1861250,117.4059961,0.707193973,232.6425793
1861500,141.4520004,0.728248491,232.6405566
1861750,120.7509973,0.681125984,232.6599951
1862000,119.4849982,0.668415475,232.652674
1862250,114.0659964,0.675298483,232.6124677
1862500,126.8659964,0.701721985,232.6582166
1862750,130.9530017,0.72651998,232.6408191
1863000,142.5239966,0.744324491,232.6223285
1863250,128.0569968,0.734902482,232.6206573
1863500,147.4989984,0.77659349,232.6078986
1863750,153.268996,0.807782474,232.5981781
1864000,166.6019971,0.841999476,232.6065045
1864250,166.1990015,0.813254983,232.6009363
1864500,160.8639978,0.807696478,232.6213776
1864750,156.4889954,0.796311979,232.5807141
1865000,156.1299976,0.791693978,232.6187677
1865250,150.9899969,0.78982547,232.636391
1865500,158.478996,0.815848975,232.6168915
1865750,158.478996,0.815848975,232.6168915
1866000,161.8679968,0.804447463,232.6094983
1866250,151.2219958,0.778739974,232.638728
1866500,150.9129932,0.788571982,232.6275696
1866750,156.1559955,0.836102459,232.6317859
1867000,179.4579962,0.888208964,232.6053931
1867250,167.5819977,0.812965481,232.6140656
1867500,157.8090021,0.813405488,232.6320905
1867750,162.9559961,0.813339489,232.6110168
1868000,164.6429987,0.841639493,232.5871759
1868250,163.9099951,0.811624491,232.5974487
1868500,155.5459973,0.809304464,232.5970599
1868750,165.2669934,0.848854957,232.6206116
1869000,171.4309924,0.840778491,232.6137549
1869250,165.3659998,0.816845496,232.5973615
1869500,157.4009991,0.788451462,232.608316
1869750,155.0999969,0.802373986,232.605545
1870000,162.0739935,0.837654476,232.6055707
1870250,168.1059961,0.831558475,232.6237708
1870500,155.2939984,0.774271479,232.6263708
1870750,149.0550031,0.786405966,232.607738
1871000,154.4079974,0.783138986,232.6169122
1871250,142.937995,0.745717995,232.6270441
1871500,139.5569934,0.768008971,232.6278802
1871750,150.3189966,0.763234003,232.6351373
1872000,137.1769977,0.727384992,232.6009302
1872250,137.1769977,0.727384992,232.6009302
1872500,130.2899985,0.696378484,232.6348267
1872750,121.9849966,0.660530491,232.628291
1873000,124.9019974,0.727906971,232.6234509
1873250,130.8109967,0.695682998,232.6203619
1873500,118.7699973,0.671367986,232.6310168
1873750,115.0949957,0.675789487,232.6465863
1874000,113.4569965,0.599048984,232.6277539
1874250,91.60999786,0.550154977,232.6633942
1874500,91.60099884,0.553040979,232.6563696
1874750,87.07399933,0.506012996,232.6747076
1875000,84.9819986,0.530559485,232.6839008
1875250,84.67799896,0.507880497,232.6969708
1875500,78.38599731,0.492990483,232.6825793
1875750,80.9319986,0.516908482,232.7010919
1876000,79.95999908,0.472567985,232.7028809
1876250,63.43999847,0.390192494,232.7112
1876500,55.62399902,0.398212994,232.6994049
1876750,62.68299896,0.438673984,232.714057
1877000,62.89399872,0.408554991,232.6975061
1877250,65.07699844,0.465055491,232.6647028
1877500,67.87399796,0.419137987,232.6713129
1877750,58.04299835,0.376308991,232.6615222
1878000,55.52199844,0.370233493,232.6889319
1878250,56.61599854,0.407792491,232.6779388
1878500,61.95999817,0.401951489,232.6911707
1878750,61.95999817,0.401951489,232.6911707
1879000,57.38399826,0.406920495,232.682193
1879250,58.09599792,0.385661491,232.6838275
1879500,47.87099915,0.316149994,232.7115051
1879750,36.17799911,0.310340991,232.7004968
1880000,43.08499893,0.297297496,232.7187146
1880250,35.95799957,0.282720495,232.7180658
1880500,34.0459993,0.278840491,232.6912585
1880750,36.8220002,0.281377488,232.7030249
1881000,33.49699966,0.283702987,232.6959302
1881250,35.16399979,0.282448496,232.7056335
1881500,38.15999954,0.307003495,232.7196771
1881750,39.09499802,0.293717489,232.7422961
1882000,35.77799881,0.285880492,232.6992609
1882250,38.10299957,0.307487491,232.6896661
1882500,41.435,0.296918991,232.6859851
1882750,38.45799881,0.308041492,232.686579
1883000,51.09699844,0.44773299,232.6626105
1883250,69.83299881,0.396254486,232.7055548
1883500,49.24199814,0.357965494,232.6734412
1883750,50.3669989,0.340559987,232.6955298
1884000,44.22499771,0.328376493,232.7138196
1884250,47.25199783,0.350421492,232.6849219
1884500,54.31399719,0.408497987,232.6791144
1884750,65.92299759,0.382557489,232.7016669
1885000,45.61699936,0.404343498,232.7043329
1885250,45.61699936,0.404343498,232.7043329
1885500,66.41099777,0.417279987,232.6891937
1885750,67.75099854,0.546858492,232.6703052
1886000,98.64299988,0.558481977,232.6594922
1886250,83.68300079,0.512260982,232.6646326
1886500,81.77499817,0.525762494,232.6496588
1886750,91.37499939,0.509321984,232.6552905
1887000,74.4589978,0.47142449,232.6874866
1887250,79.36099915,0.525741488,232.6656189
1887500,88.80299835,0.51020349,232.6679639
1887750,72.06399902,0.495165983,232.6774908
1888000,82.33499878,0.49137948,232.6988263
1888250,71.03799652,0.497629988,232.6860828
1888500,90.23999756,0.559628987,232.6669885
1888750,94.09199738,0.559653478,232.6813617
1889000,95.33199799,0.564348981,232.6703375
1889250,89.54599884,0.622212985,232.6780249
1889500,114.3149994,0.627019491,232.629082
1889750,106.9569971,0.599961493,232.6327313
1890000,98.36399841,0.588395975,232.6600818
1890250,101.1559985,0.572222486,232.6471716
1890500,91.82799957,0.551965985,232.6522205
1890750,92.23899902,0.609154484,232.6554272
1891000,114.8229987,0.662019484,232.6342499
1891250,118.5719983,0.644926496,232.6450421
1891500,108.5579953,0.668624477,232.6230096
1891750,108.5579953,0.668624477,232.6230096
1892000,133.3359961,0.723204479,232.6159106
1892250,124.658996,0.678258977,232.6297321
1892500,125.5379984,0.700575981,232.5959631
1892750,121.8289987,0.723403986,232.6181781
1893000,149.8169971,0.782405963,232.6076758
1893250,145.536994,0.762849467,232.6085559
1893500,145.5249939,0.76509197,232.606217
1893750,146.2799939,0.781115463,232.6093311
1894000,158.1309985,0.805113971,232.5782581
1894250,135.7219986,0.710156996,232.6084741
1894500,131.0199988,0.719271977,232.603609
1894750,137.3609961,0.75524298,232.5907703
1895000,151.7119958,0.783683476,232.6224475
1895250,148.8729956,0.778451967,232.5864026
1895500,153.6149939,0.79115447,232.59422
1895750,152.5520026,0.786486976,232.6053235
1896000,152.232002,0.779760482,232.609201
1896250,142.801994,0.720413971,232.619978
1896500,133.7079971,0.728252478,232.6073053
1896750,133.982998,0.751590996,232.5774811
1897000,148.3509967,0.760499988,232.5994238
1897250,133.6519995,0.730572977,232.6093469
1897500,149.2979974,0.805922971,232.5756097
1897750,154.186994,0.752727983,232.6222839
1898000,132.2879956,0.697627976,232.618241
1898250,132.2879956,0.697627976,232.618241
1898500,128.0049927,0.705864465,232.6228809
1898750,129.4369992,0.716757488,232.616897
1899000,133.4199957,0.738068976,232.6023682
1899250,134.1239941,0.730913997,232.5951434
1899500,133.25,0.714570997,232.6498395
1899750,123.8059979,0.659202485,232.6583691
1900000,131.4079968,0.755022984,232.6127545
1900250,142.6019952,0.74538497,232.6276276
1900500,131.8929971,0.690315478,232.6317798
1900750,118.6209958,0.680833972,232.6178992
1901000,124.0329968,0.71584897,232.6227637
1901250,126.6019965,0.671911485,232.645025
1901500,111.7029959,0.615047476,232.6574664
1901750,104.190997,0.601056976,232.6452014
1902000,106.2079977,0.602971988,232.6213434
1902250,100.3349973,0.585041478,232.6420892
1902500,99.94999695,0.60849349,232.6386572
1902750,102.2369986,0.608718476,232.6381226
1903000,101.8599982,0.609765987,232.6549658
1903250,93.98599823,0.522629995,232.7030048
1903500,94.94899963,0.600512478,232.6387213
1903750,101.6139984,0.558856487,232.6429224
1904000,87.33899963,0.506047978,232.6434442
1904250,77.13799652,0.494003482,232.6530237
1904500,80.14799805,0.509836497,232.6688989
1904750,80.14799805,0.509836497,232.6688989
1905000,75.31399933,0.469327483,232.6736353
1905250,78.0669986,0.517135481,232.6611627
1905500,79.33199738,0.438297482,232.6729773
1905750,59.39399841,0.411483988,232.643114
1906000,58.75399857,0.369416996,232.6685944
1906250,61.85999802,0.460613489,232.6606891
1906500,70.65799896,0.443737487,232.6547705
1906750,64.3740004,0.409415992,232.646618
1907000,61.54999878,0.418071998,232.6684662
1907250,62.17799805,0.404535987,232.6706256
1907500,56.15199905,0.362745502,232.7060474
1907750,53.11699844,0.395130992,232.7041626
1908000,59.93799744,0.410746986,232.6788818
1908250,64.85899689,0.481456493,232.6799628
1908500,73.2959967,0.424756992,232.6905853
1908750,61.25299774,0.406275976,232.6985071
1909000,59.29099899,0.405667492,232.6851965
1909250,57.03999832,0.337928491,232.6947626
1909500,47.06999939,0.390386496,232.6750488
1909750,60.68699768,0.414751992,232.686178
1910000,60.82299866,0.373517987,232.6921863
1910250,57.97699829,0.438393486,232.6857239
1910500,63.9919989,0.382072492,232.7023218
1910750,46.76099838,0.330935001,232.6962994
1911000,46.92099808,0.33856699,232.6974359
1911250,46.92099808,0.33856699,232.6974359
1911500,45.82299774,0.31487849,232.6760089
1911750,38.30599823,0.305522994,232.6978418
1912000,47.86100037,0.394398489,232.6772504
1912250,63.01699844,0.399091489,232.6749701
1912500,58.33999786,0.436544989,232.6473468
1912750,68.93799881,0.412210491,232.7109375
1913000,53.49299881,0.362886497,232.6836664
1913250,49.35299896,0.331767495,232.6909064
1913500,40.55499863,0.298661989,232.698866
1913750,41.01399857,0.316068994,232.6752747
1914000,43.99599869,0.323340988,232.6824884
1914250,47.77399826,0.420072492,232.6862091
1914500,71.51299835,0.454802986,232.6642725
1914750,65.63999878,0.438338995,232.6827081
1915000,73.90999878,0.51531899,232.6574414
1915250,87.67199738,0.494332985,232.6661682
1915500,67.38399887,0.410097494,232.6992426
1915750,64.13099792,0.460514995,232.6639398
1916000,80.34999908,0.559832983,232.6585632
1916250,103.3839966,0.611986489,232.6543933
1916500,104.142998,0.568825984,232.6425391
1916750,89.7519989,0.519369984,232.6403461
1917000,89.93199951,0.566694486,232.6597876
1917250,97.42299774,0.562911494,232.657746
1917500,89.72599945,0.544592981,232.6586584
1917750,89.72599945,0.544592981,232.6586584
1918000,85.93499847,0.541390986,232.6576001
1918250,88.77899994,0.532225485,232.6899707
1918500,96.47999969,0.587521484,232.613504
1918750,105.7009976,0.608098986,232.6433545
1919000,104.3609973,0.590460477,232.6475458
1919250,100.5349982,0.578220491,232.6558502
1919500,85.74799835,0.529159486,232.6712671
1919750,85.44900055,0.526751485,232.6719861
1920000,85.56999695,0.522760494,232.6516675
1920250,91.23699951,0.590492477,232.6284509
1920500,109.9429974,0.627205992,232.6492651
1920750,105.0219983,0.60372649,232.6490656
1921000,93.64299744,0.583901982,232.6700342
1921250,103.1829987,0.617528481,232.6630811
1921500,108.3279977,0.615135486,232.6536273
1921750,106.900997,0.630831985,232.6543701
1922000,115.1439981,0.672736485,232.6637079
1922250,122.4339966,0.702277977,232.6321783
1922500,136.577999,0.755542951,232.6126416
1922750,138.2219965,0.728403997,232.6077008
1923000,133.5049994,0.714232979,232.6258661
1923250,132.6679959,0.734078467,232.6196198
1923500,143.4529987,0.75821146,232.6073907
1923750,137.8309949,0.746963973,232.601947
1924000,145.3939966,0.780949495,232.6084583
1924250,145.3939966,0.780949495,232.6084583
1924500,154.928996,0.782840974,232.6257312
1924750,148.6029974,0.752043984,232.6430017
1925000,133.1959961,0.700416474,232.6039551
1925250,140.1089975,0.781254995,232.5987872
1925500,151.3949976,0.780415983,232.6276581
1925750,150.8919928,0.788520968,232.6180096
1926000,155.5879962,0.801774967,232.6226654
1926250,157.6069971,0.797519476,232.6130566
1926500,154.8089972,0.773489971,232.6205872
1926750,154.9629944,0.809665987,232.5811438
1927000,154.2569958,0.784248462,232.6040106
1927250,154.0679987,0.78327198,232.6235138
1927500,142.6809937,0.739354491,232.6315369
1927750,141.3729968,0.781134992,232.5925067
1928000,161.0999982,0.83739249,232.6145709
1928250,161.2679974,0.781712987,232.6227704
1928500,150.9789954,0.784841976,232.6108813
1928750,145.8629944,0.758225989,232.611051
1929000,146.7409979,0.76961849,232.6365131
1929250,147.9759949,0.775664482,232.6209473
1929500,148.3239935,0.784558973,232.6283221
1929750,153.7959955,0.776998971,232.6185699
1930000,138.175994,0.690969479,232.6460107
1930250,119.7719977,0.673000481,232.625954
1930500,125.8659958,0.690505495,232.6697784
1930750,125.8659958,0.690505495,232.6697784
1931000,120.4809952,0.69054997,232.656474
1931250,129.288996,0.730773976,232.6298999
1931500,134.6599911,0.697505488,232.6355377
1931750,120.164996,0.661585479,232.6533051
1932000,112.0999976,0.601991482,232.6538977
1932250,102.9449979,0.603725483,232.6374823
1932500,101.2329971,0.575705488,232.652619
1932750,94.70299988,0.550386994,232.6421454
1933000,87.20099792,0.545452988,232.6568842
1933250,96.86199677,0.601245492,232.6492322
1933500,101.0399973,0.561148472,232.6551538
1933750,92.94199585,0.568348484,232.659361
1934000,99.56399567,0.570271978,232.6725159
1934250,93.61100006,0.551951489,232.6537439
1934500,86.04199982,0.50662199,232.6828809
1934750,78.39699738,0.487670491,232.6751538
1935000,86.29599701,0.598324485,232.6467627
1935250,101.4309982,0.540565487,232.6574744
1935500,84.17200043,0.496343491,232.6566351
1935750,75.41999969,0.455190995,232.6522498
1936000,66.08599884,0.441064491,232.6843817
1936250,76.72,0.556561491,232.6340637
1936500,93.94099701,0.529518487,232.6825604
1936750,77.80999786,0.476630992,232.7186908
1937000,75.35099823,0.485858493,232.683609
1937250,75.35099823,0.485858493,232.683609
1937500,77.125,0.46062299,232.6580017
1937750,67.41099823,0.417380989,232.6989636
1938000,59.23199844,0.419093491,232.6719446
1938250,65.51499756,0.443028486,232.6812427
1938500,62.37199905,0.409873487,232.6910565
1938750,57.86899841,0.365110487,232.6822498
1939000,54.67399887,0.389434987,232.6972113
1939250,55.73399887,0.40483649,232.7010522
1939500,57.5279982,0.350977494,232.7242114
1939750,48.41799896,0.38923449,232.6953381
1940000,55.60699982,0.389027489,232.7163135
1940250,57.63700043,0.414556494,232.6950806
1940500,62.49099869,0.384432988,232.702019
1940750,56.08599884,0.407558495,232.6961926
1941000,64.17999817,0.40185999,232.6942017
1941250,50.52399857,0.334038498,232.7088324
1941500,45.32199905,0.376830494,232.6986755
1941750,63.80599731,0.432298985,232.6861218
1942000,64.93399994,0.401903493,232.6793463
1942250,60.42599915,0.413509992,232.7062012
1942500,59.55999893,0.421533495,232.6707214
1942750,64.21399841,0.433887486,232.6485767
1943000,64.50599823,0.405423484,232.6696252
1943250,57.14699814,0.41582099,232.690744
1943500,68.97699829,0.435812989,232.7062012
1943750,68.97699829,0.435812989,232.7062012
1944000,65.59799774,0.430378984,232.6988745
1944250,63.41399902,0.409876487,232.6995544
1944500,60.17899902,0.455004989,232.6855798
1944750,84.68499908,0.533741977,232.7008344
1945000,87.64399536,0.518546492,232.6788977
1945250,79.68299652,0.50999999,232.6406921
1945500,87.3939978,0.527473981,232.6408099
1945750,81.12199738,0.467472489,232.6727679
1946000,61.67100037,0.459222496,232.6694958
1946250,79.48499908,0.503216974,232.6672498
1946500,80.91500092,0.529573492,232.6661707
1946750,92.78799988,0.557525985,232.6578253
1947000,94.755,0.58296849,232.6594525
1947250,103.6449985,0.612418482,232.6548096
1947500,98.06799774,0.519008991,232.6444647
1947750,70.74699799,0.492978486,232.7042432
1948000,86.55999725,0.558320479,232.6638574
1948250,94.85099701,0.558294497,232.6670105
1948500,87.48199738,0.517880485,232.6862164
1948750,86.68900116,0.541866481,232.6773303
1949000,92.49899719,0.560756497,232.6658331
1949250,92.49999786,0.556297493,232.6760669
1949500,92.2519986,0.55430449,232.6544727
1949750,92.60099945,0.581614482,232.6749078
1950000,101.5169971,0.597266483,232.6707642
1950250,101.5169971,0.597266483,232.6707642
1950500,105.4289987,0.613469992,232.6636652
1950750,108.1420016,0.620388494,232.6867786
1951000,101.7679987,0.581682482,232.6783301
1951250,104.2249994,0.619698482,232.6557129
1951500,105.4979971,0.626371491,232.658562
1951750,109.1769989,0.606008995,232.6525629
1952000,104.9729974,0.587519989,232.6728363
1952250,95.48199768,0.584080482,232.6402435
1952500,115.1699988,0.677968476,232.6165643
1952750,117.2909955,0.660249994,232.6431537
1953000,113.473996,0.658916495,232.620437
1953250,123.0209976,0.689332466,232.6269556
1953500,117.6909958,0.614753473,232.6307922
1953750,98.85999817,0.59235949,232.6346503
1954000,109.252999,0.646075988,232.649162
1954250,105.3669983,0.590066984,232.65677
1954500,97.29299774,0.596898501,232.6340326
1954750,110.107999,0.663646977,232.6257379
1955000,112.7679987,0.594255977,232.6410754
1955250,100.5789975,0.588514984,232.637688
1955500,95.79499817,0.599351485,232.663938
1955750,121.2649976,0.71786649,232.6390735
1956000,119.5449963,0.620547986,232.6808893
1956250,104.2389981,0.62530648,232.67177
1956500,110.8239981,0.619732983,232.655083
1956750,110.8239981,0.619732983,232.655083
1957000,112.5499966,0.656621978,232.6537152
1957250,103.7759988,0.556860983,232.656676
1957500,84.96599701,0.518391987,232.6871796
1957750,95.10199768,0.625836475,232.6488348
1958000,113.4519971,0.661212492,232.6557526
1958250,117.358996,0.666915476,232.6425708
1958500,121.774996,0.643837974,232.6709692
1958750,108.8199991,0.617379997,232.661546
1959000,117.3189972,0.708635492,232.6431458
1959250,130.1639951,0.697226491,232.6557452
1959500,116.2829962,0.644469976,232.6693005
1959750,107.6679984,0.641111479,232.6515936
1960000,117.4249976,0.648731992,232.6497772
1960250,117.1289963,0.668442469,232.6354919
1960500,121.6689972,0.685073988,232.6416913
1960750,117.9179959,0.653956482,232.6531232
1961000,116.9469974,0.688287985,232.6441473
1961250,113.3139948,0.604263973,232.6627454
1961500,101.9149969,0.614430497,232.6332733
1961750,104.5739972,0.585255485,232.6566656
1962000,107.2309988,0.659843493,232.6314978
1962250,115.5329977,0.640131497,232.6490643
1962500,105.9319998,0.596068995,232.6428259
1962750,109.1579974,0.702041976,232.6347235
1963000,117.9169983,0.608895481,232.666416
1963250,117.9169983,0.608895481,232.666416
1963500,97.49599945,0.558371978,232.6649847
1963750,90.58299774,0.551976485,232.6601367
1964000,97.38499725,0.600756989,232.6644757
1964250,101.0029999,0.539740485,232.6548566
1964500,84.88099884,0.578946497,232.630163
1964750,99.92399872,0.571060486,232.6663922
1965000,86.26699646,0.508164991,232.671745
1965250,88.17499817,0.583221488,232.6650592
1965500,104.1289969,0.582023475,232.6613867
1965750,101.9749985,0.630439484,232.6439301
1966000,112.9309964,0.608806989,232.6535077
1966250,93.87599823,0.573275487,232.6719617
1966500,98.17699951,0.623843989,232.6614923
1966750,109.7339981,0.596008987,232.6637799
1967000,97.37399811,0.559472985,232.6526898
1967250,90.74799622,0.517779989,232.6803625
1967500,83.00999725,0.502982495,232.6537372
1967750,81.83399841,0.508693986,232.656701
1968000,85.77899811,0.543540485,232.6715314
1968250,90.88299805,0.562930989,232.6842114
1968500,91.39799591,0.523995491,232.6639124
1968750,82.14499664,0.497140985,232.6898486
1969000,83.6109964,0.553151484,232.6798267
1969250,100.4719989,0.623366981,232.6607642
1969500,104.9149969,0.585454981,232.6557874
1969750,104.9149969,0.585454981,232.6557874
1970000,89.03499634,0.538440988,232.7002893
1970250,92.75499786,0.54732398,232.6792151
1970500,91.2989978,0.573675988,232.6491064
1970750,98.98099731,0.544218488,232.6765936
1971000,84.82199768,0.519098988,232.6716577
1971250,84.06299866,0.548267481,232.6812079
1971500,93.20799622,0.545935991,232.6740436
1971750,86.24099762,0.532810478,232.6630341
1972000,87.01799805,0.537176495,232.6950012
1972250,92.78999664,0.535240989,232.6659296
1972500,94.35699951,0.573975492,232.6757544
1972750,101.6709958,0.58809248,232.6502887
1973000,90.60499969,0.552895477,232.6720984
1973250,91.13799469,0.539035485,232.6820898
1973500,82.48299622,0.450067991,232.7019702
1973750,59.44299881,0.457982486,232.6857056
1974000,82.39499969,0.518051994,232.6849951
1974250,85.05399658,0.519137981,232.6599707
1974500,83.24699738,0.522484488,232.6758502
1974750,87.07399689,0.549804988,232.6385046
1975000,91.50899902,0.559597485,232.6556592
1975250,89.26599731,0.53154048,232.6610022
1975500,81.05999908,0.480431485,232.667962
1975750,79.64299835,0.531149971,232.6558759
1976000,96.19299591,0.594926975,232.6432281
1976250,96.19299591,0.594926975,232.6432281
1976500,95.54999908,0.546224992,232.6841315
1976750,86.42099884,0.543686996,232.6670746
1977000,88.24699707,0.520763485,232.6501288
1977250,70.87299835,0.449454479,232.6731531
1977500,74.68599884,0.489275478,232.677594
1977750,81.44399933,0.510204484,232.683363
1978000,80.36899872,0.493778489,232.6763055
1978250,76.61899658,0.491172496,232.6609131
1978500,80.27999695,0.544254487,232.6661218
1978750,89.50400024,0.552392991,232.631593
1979000,90.07999908,0.512081487,232.6701129
1979250,83.77999969,0.520454997,232.6639075
1979500,81.80399719,0.503421476,232.6683459
1979750,81.59799866,0.492838491,232.6957166
1980000,72.28799957,0.482490988,232.6849152
1980250,83.04799866,0.560575988,232.6923621
1980500,91.96199646,0.519456493,232.6580756
1980750,79.93299774,0.514232992,232.671778
1981000,93.96199738,0.600026479,232.6409473
1981250,96.28099854,0.542353492,232.6796338
1981500,87.9469989,0.545910985,232.6455939
1981750,88.75699646,0.550022986,232.6686975
1982000,80.03799744,0.491618485,232.6709314
1982250,83.66299896,0.52743098,232.6687762
1982500,94.29199677,0.584107492,232.6696997
1982750,94.29199677,0.584107492,232.6696997
1983000,102.4959982,0.602263982,232.6646729
1983250,105.5469977,0.624332476,232.6330096
1983500,113.2669971,0.707938485,232.6597382
1983750,118.0939957,0.617852979,232.6374286
1984000,102.3109985,0.576914995,232.6664178
1984250,99.3919989,0.620570476,232.6545691
1984500,117.1919968,0.678713479,232.6466278
1984750,127.2569955,0.724209476,232.6413611
1985000,129.299996,0.710680988,232.6169708
1985250,131.6959961,0.72198899,232.6310803
1985500,124.6599951,0.643586977,232.6615137
1985750,106.2899991,0.61369298,232.6478259
1986000,116.9119989,0.70793499,232.6181049
1986250,122.5289963,0.655712998,232.6177856
1986500,112.8109973,0.645862985,232.6470575
1986750,106.9459982,0.633710485,232.6334015
1987000,114.386998,0.668173981,232.648645
1987250,119.051998,0.640680475,232.6585217
1987500,116.4399973,0.699024482,232.6295801
1987750,124.4889975,0.639067485,232.6583124
1988000,115.3549963,0.716010988,232.6254498
1988250,130.4589972,0.722197485,232.622049
1988500,133.0609973,0.670218978,232.6492133
1988750,111.8549966,0.622862976,232.6557709
1989000,113.9059973,0.676402485,232.6336975
1989250,113.9059973,0.676402485,232.6336975
1989500,128.0409988,0.697257497,232.6516107
1989750,123.9729971,0.685735481,232.6403784
1990000,122.7259985,0.691767995,232.6247723
1990250,120.6139972,0.654927478,232.6499963
1990500,114.3939987,0.679213994,232.6191315
1990750,126.1339975,0.681028972,232.6330182
1991000,122.4959973,0.688451474,232.6396832
1991250,125.4589984,0.683414984,232.6376337
1991500,120.4239969,0.679278483,232.6397943
1991750,118.3959949,0.692286487,232.6568005
1992000,127.3239996,0.641977482,232.660061
1992250,99.48699738,0.594082494,232.6542029
1992500,101.4449997,0.606855476,232.6588562
1992750,109.7429959,0.630057974,232.6457056
1993000,113.602998,0.675151985,232.6510809
1993250,117.9699982,0.663797967,232.6486499
1993500,109.6249973,0.597437489,232.6818024
1993750,94.27399872,0.598780484,232.6664423
1994000,109.9329974,0.640228984,232.6318085
1994250,116.1849957,0.666383471,232.6040466
1994500,117.206998,0.587799973,232.6610266
1994750,82.37799774,0.52072799,232.6554651
1995000,94.17599762,0.617950971,232.6562567
1995250,110.4749985,0.609239485,232.6396252
1995500,92.7459967,0.579539483,232.6530511
1995750,92.7459967,0.579539483,232.6530511
1996000,105.2979987,0.643880489,232.6532574
1996250,122.3429984,0.669197483,232.6437457
1996500,110.217998,0.624581981,232.6536816
1996750,100.4649979,0.588129497,232.6848041
1997000,103.59,0.622107975,232.6616602
1997250,105.3249982,0.612959969,232.6794501
1997500,104.8169971,0.615688493,232.6839874
1997750,112.2049997,0.627876978,232.6586017
1998000,100.0869992,0.571408987,232.6749292
1998250,93.0139978,0.552334976,232.6643146
1998500,91.87299866,0.547331984,232.667691
1998750,84.38599487,0.52823699,232.6818494
1999000,88.28599854,0.540691979,232.6650574
1999250,86.28599609,0.504223483,232.6725238
1999500,83.72999756,0.480841986,232.6736255
1999750,66.10799911,0.436444987,232.6832428
2000000,65.82299789,0.418252488,232.6788831
2000250,63.83499771,0.424947486,232.6674969
2000500,54.55099854,0.394342495,232.6975372
2000750,61.34399841,0.409552492,232.698999
2001000,64.77799911,0.444426488,232.6899927
2001250,73.30399811,0.46795499,232.6591541
2001500,59.89499863,0.38058749,232.7119489
2001750,52.54600037,0.371373999,232.7071545
2002000,56.23299744,0.393475989,232.6941217
2002250,56.23299744,0.393475989,232.6941217
2002500,60.43699768,0.422838494,232.6922113
2002750,62.97499863,0.415090983,232.7006586
2003000,70.81499908,0.471856993,232.7078027
2003250,71.60700043,0.469824483,232.6920123
2003500,70.82099884,0.457075489,232.7298022
2003750,66.84699951,0.444439493,232.7061273
2004000,66.63299866,0.448784977,232.6701941
2004250,56.43999878,0.360834498,232.7029559
2004500,60.46599854,0.454698489,232.6688513
2004750,75.22699829,0.463161492,232.6928345
2005000,59.45099884,0.377522991,232.7071222
2005250,63.41799896,0.456420991,232.6913934
2005500,63.42499939,0.400589994,232.6891467
2005750,66.26199921,0.443346491,232.7068829
2006000,62.65099854,0.403505486,232.7098096
2006250,69.55099915,0.484264493,232.7020099
2006500,69.74299866,0.43077199,232.7183154
2006750,71.66199768,0.488100984,232.6674561
2007000,86.32699921,0.557555482,232.6828107
2007250,83.61999725,0.510681981,232.6775934
2007500,80.27299866,0.483553001,232.6833862
2007750,73.37499939,0.464443984,232.7211316
2008000,74.22699829,0.482635493,232.6972827
2008250,80.22199951,0.486058502,232.6917065
2008500,73.73899933,0.45843699,232.6882831
2008750,73.73899933,0.45843699,232.6882831
2009000,73.62200012,0.48566649,232.6933264
2009250,74.50599976,0.444850987,232.6924591
2009500,72.66999817,0.516279981,232.690202
2009750,86.80500092,0.512375474,232.6749536
2010000,82.375,0.493575491,232.7041699
2010250,79.08700043,0.485454985,232.68992
2010500,81.87199951,0.510519979,232.6653375
2010750,82.32999725,0.523938982,232.6836755
2011000,92.35199951,0.564877985,232.6804083
2011250,71.52699966,0.407993003,232.7052753
2011500,68.12899933,0.551449482,232.652522
2011750,101.5199985,0.596780481,232.6832025
2012000,101.2659961,0.599679487,232.6746417
2012250,105.8959988,0.648929977,232.6536255
2012500,109.0439969,0.599029977,232.6528107
2012750,95.50999756,0.598520482,232.6418414
2013000,110.2939972,0.644285977,232.6825952
2013250,114.9319943,0.641641982,232.6757068
2013500,117.5959964,0.702792001,232.640257
2013750,134.1909955,0.745287466,232.6473218
2014000,132.6989966,0.701342969,232.6537946
2014250,125.863999,0.719754984,232.6397314
2014500,136.4919983,0.735253966,232.6324585
2014750,139.3199963,0.760551987,232.6222119
2015000,143.3219971,0.74887197,232.6293286
2015250,143.3219971,0.74887197,232.6293286
2015500,138.2849969,0.76208848,232.6421155
2015750,148.323996,0.784267478,232.6122351
2016000,146.0889941,0.738682485,232.645636
2016250,133.6099945,0.744217479,232.6500098
2016500,144.6989978,0.768421979,232.6213623
2016750,149.6609998,0.790202982,232.6204773
2017000,152.3519995,0.794659975,232.6095856
2017250,151.0339966,0.745330973,232.6256024
2017500,139.8129938,0.781585987,232.626546
2017750,149.3169983,0.760549974,232.6309241
2018000,140.5719952,0.750082986,232.6135217
2018250,147.2459955,0.788206971,232.6214276
2018500,154.7319928,0.790939975,232.5967603
2018750,151.6819977,0.771614988,232.6224042
2019000,141.9659943,0.74969698,232.6476416
2019250,141.5599945,0.754302475,232.6423376
2019500,139.5869928,0.746941481,232.6549695
2019750,148.5419965,0.806534464,232.5983228
2020000,160.3759973,0.788470979,232.6279315
2020250,137.0529974,0.700997987,232.6352643
2020500,124.0909985,0.732479992,232.6458984
2020750,142.3789972,0.747000473,232.6422412
2021000,137.0920001,0.727178967,232.6185938
2021250,129.5649997,0.664555988,232.6652252
2021500,118.3109976,0.704513481,232.6444904
2021750,118.3109976,0.704513481,232.6444904
2022000,133.2049915,0.709269981,232.6271619
2022250,123.6789951,0.703421474,232.6374493
2022500,130.4899976,0.740485005,232.6354346
2022750,143.0259979,0.742784986,232.6251636
2023000,133.3509961,0.730806978,232.6555615
2023250,141.1099994,0.759501996,232.6226666
2023500,141.4869977,0.716785984,232.6564093
2023750,119.5129959,0.674722474,232.6619629
2024000,117.7259985,0.621579988,232.6675299
2024250,100.0789978,0.638147483,232.6258411
2024500,121.3569968,0.666726503,232.6537714
2024750,105.5659979,0.583683484,232.6587866
2025000,92.25499908,0.554132986,232.6704974
2025250,93.37799652,0.564902475,232.6707782
2025500,96.79099792,0.572722983,232.6960443
2025750,87.04399811,0.556574481,232.6740436
2026000,93.80999786,0.557754991,232.6927142
2026250,85.58999542,0.54344398,232.6641541
2026500,97.64199646,0.561529992,232.6533612
2026750,89.89199738,0.523230486,232.6586493
2027000,86.57399963,0.514280481,232.6770105
2027250,71.09399872,0.475598983,232.6818494
2027500,76.80999939,0.486191976,232.6719531
2027750,68.57399918,0.425444489,232.7020667
2028000,59.97399872,0.38835199,232.7016437
2028250,59.97399872,0.38835199,232.7016437
2028500,53.28899918,0.392797487,232.7198651
2028750,61.43499893,0.396679491,232.7141461
2029000,50.68199921,0.358719991,232.7228754
2029250,53.09499969,0.390047489,232.6827057
2029500,50.11099838,0.327098494,232.7354895
2029750,43.13999847,0.325713997,232.7161932
2030000,45.76699768,0.368891485,232.6794916
2030250,62.80499878,0.423756491,232.7099634
2030500,62.09499847,0.403752986,232.723634
2030750,59.93999863,0.405396485,232.6810968
2031000,61.76999817,0.436238494,232.6666028
2031250,69.19199738,0.449697493,232.7014264
2031500,67.31599945,0.414148992,232.7040833
2031750,54.92599884,0.370973495,232.6826257
2032000,49.78599899,0.345684985,232.6843835
2032250,54.0669986,0.36363049,232.7068994
2032500,42.07199829,0.330497994,232.6913971
2032750,56.00899796,0.412440488,232.6760034
2033000,69.55399963,0.463895997,232.6732825
2033250,73.02799927,0.477225993,232.693808
2033500,75.83499817,0.46888749,232.6823035
2033750,70.95799927,0.473809487,232.680849
2034000,80.21299805,0.498428479,232.6895636
2034250,72.50599945,0.420644997,232.7328009
2034500,64.9479982,0.433188487,232.7145947
2034750,64.9479982,0.433188487,232.7145947
2035000,63.60399826,0.430684986,232.6770416
2035250,79.93999725,0.541991494,232.6586646
2035500,92.75100037,0.564284992,232.6795404
2035750,86.70499908,0.51017698,232.6843689
2036000,79.895,0.507317982,232.6909302
2036250,89.68799835,0.557618484,232.6699707
2036500,99.41099518,0.58788398,232.6829865
2036750,90.97499725,0.529005477,232.6813757
2037000,95.59499786,0.583752477,232.649483
2037250,89.23599823,0.51431299,232.716377
2037500,82.40399384,0.526877987,232.6781714
2037750,85.7289975,0.491427995,232.6468915
2038000,86.18299774,0.565430493,232.6621997
2038250,100.5889987,0.602008991,232.6469806
2038500,104.6409982,0.620071492,232.6645294
2038750,113.1409973,0.676964488,232.6531537
2039000,126.3129968,0.70462249,232.6385693
2039250,126.5779977,0.677216992,232.6548346
2039500,127.1669998,0.726942985,232.6541785
2039750,127.7909973,0.671988487,232.6624432
2040000,124.6849976,0.732876492,232.6331128
2040250,133.8669977,0.703658988,232.6522681
2040500,132.5369974,0.76664099,232.6270831
2040750,141.1399976,0.736655478,232.6283862
2041000,138.7279993,0.721017973,232.6443677
2041250,138.7279993,0.721017973,232.6443677
2041500,129.330997,0.710175982,232.6282904
2041750,134.3069989,0.757343996,232.6246973
2042000,144.787002,0.749295468,232.6135779
2042250,128.2429977,0.680358973,232.6404901
2042500,123.6429938,0.72521997,232.6477313
2042750,136.9850012,0.730748994,232.6137463
2043000,129.9689999,0.686656477,232.6183459
2043250,120.609996,0.686115489,232.6420728
2043500,132.7469971,0.753843477,232.6313861
2043750,136.473999,0.70713949,232.633075
2044000,124.8819968,0.716379991,232.6416748
2044250,129.1299969,0.693524985,232.6471936
2044500,119.5269983,0.60958349,232.6695697
2044750,103.8150003,0.655192482,232.6608899
2045000,122.5869974,0.715906999,232.6440253
2045250,133.0969965,0.726482971,232.6223438
2045500,132.1159964,0.737303987,232.6424438
2045750,125.5519971,0.62979748,232.6345709
2046000,100.3949976,0.595226004,232.6767322
2046250,100.7699976,0.588624487,232.6762817
2046500,105.1100009,0.620263481,232.6333698
2046750,107.2149997,0.619032483,232.6430182
2047000,107.6989984,0.65235198,232.6451355
2047250,110.220997,0.611743484,232.6706738
2047500,102.9559976,0.622389479,232.68104
2047750,102.9559976,0.622389479,232.68104
2048000,113.0439987,0.623109486,232.6739789
2048250,104.1169971,0.620568976,232.6620276
2048500,104.4229953,0.57801048,232.667251
2048750,98.74299774,0.626358979,232.6637854
2049000,109.0269968,0.60055598,232.6866907
2049250,94.29999756,0.572453985,232.6863074
2049500,97.99999573,0.562334483,232.6740814
2049750,96.96599915,0.617618978,232.6600488
2050000,108.1769977,0.568570478,232.6525543
2050250,92.9869986,0.589881489,232.6587061
2050500,102.531998,0.567836494,232.6660968
2050750,85.95199677,0.542634487,232.6965851
2051000,86.43699829,0.494819485,232.6928717
2051250,75.2919986,0.492787491,232.6861475
2051500,79.99399872,0.494257991,232.6774182
2051750,78.9939975,0.507277005,232.6766156
2052000,81.32399872,0.470562981,232.6973132
2052250,66.38099731,0.43661249,232.6665613
2052500,63.87999771,0.427114494,232.730769
2052750,70.75499847,0.482346483,232.7072168
2053000,80.00199768,0.475265988,232.6944653
2053250,68.92199844,0.411775485,232.706731
2053500,58.45199844,0.417820488,232.7119836
2053750,61.86099838,0.39769699,232.7021222
2054000,46.72799881,0.345684489,232.7273328
2054250,46.72799881,0.345684489,232.7273328
2054500,54.59199768,0.434556984,232.675965
2054750,75.2169986,0.466511497,232.6960828
2055000,69.36099854,0.462994491,232.6673358
2055250,77.66299896,0.476265999,232.6878186
2055500,63.44699966,0.362900994,232.7066565
2055750,42.09999893,0.33638049,232.7222894
2056000,53.76899811,0.378801992,232.7004437
2056250,54.32499695,0.362953995,232.7203937
2056500,51.89899872,0.395758491,232.676897
2056750,68.9509967,0.44586549,232.6900586
2057000,64.51499908,0.423382982,232.7036957
2057250,65.4469986,0.422812984,232.6816266
2057500,62.1719986,0.42216399,232.6694684
2057750,68.02899811,0.459848486,232.6888086
2058000,68.77899811,0.436889994,232.7098553
2058250,67.08999878,0.42622849,232.6809381
2058500,63.33399887,0.418867989,232.6962756
2058750,62.65699951,0.399873486,232.7027386
2059000,54.86499893,0.400803993,232.6905219
2059250,66.70899811,0.458262492,232.6862018
2059500,68.96999741,0.433628988,232.7074249
2059750,64.21599808,0.446724492,232.6880249
2060000,73.79599884,0.460970494,232.6748975
2060250,57.77499832,0.379381493,232.6973529
2060500,63.09299866,0.448082492,232.6789215
2060750,63.09299866,0.448082492,232.6789215
2061000,71.42799835,0.452085987,232.6767078
2061250,62.12099884,0.415748485,232.6976489
2061500,64.72599838,0.442324492,232.6947394
2061750,69.99199707,0.446368488,232.7129211
2062000,70.62299774,0.46543349,232.7007605
2062250,77.80699768,0.493237491,232.6867041
2062500,84.81199829,0.522798479,232.6732916
2062750,80.27199646,0.495242016,232.6665692
2063000,81.74699707,0.521126001,232.6866406
2063250,95.00899902,0.565590978,232.6616101
2063500,93.25399841,0.541893485,232.6978979
2063750,81.18799805,0.465427991,232.7089386
2064000,78.61199799,0.536526469,232.6657428
2064250,88.12599945,0.524935977,232.6721942
2064500,79.69099854,0.503453488,232.6832587
2064750,84.21699738,0.534417491,232.6715234
2065000,87.11399658,0.498665493,232.67638
2065250,80.86899963,0.51436049,232.6911377
2065500,92.74799713,0.595762982,232.6555231
2065750,104.0659976,0.620140979,232.6761523
2066000,109.2059976,0.650696995,232.6522339
2066250,113.5399982,0.59228348,232.648313
2066500,100.2009976,0.593040984,232.693941
2066750,94.27600067,0.531303992,232.6850348
2067000,98.14399933,0.657751486,232.671955
2067250,98.14399933,0.657751486,232.671955
2067500,111.1139981,0.616013985,232.6712109
2067750,104.0639966,0.623481491,232.6800427
2068000,109.6389969,0.622566483,232.6579077
2068250,102.4999976,0.56848249,232.6744983
2068500,104.1509985,0.662416489,232.6644586
2068750,127.2989996,0.729426973,232.6538019
2069000,131.4799942,0.705352976,232.6524042
2069250,127.0369971,0.703911979,232.6103644
2069500,127.5369983,0.703300989,232.6645709
2069750,134.1129944,0.72269197,232.6602588
2070000,132.9679999,0.714857492,232.6506342
2070250,127.8149976,0.71187499,232.6625946
2070500,128.113999,0.696060979,232.6622247
2070750,129.2389987,0.747699475,232.6404486
2071000,128.7939957,0.678006985,232.6434595
2071250,124.8489957,0.710307975,232.638996
2071500,135.0939996,0.750128491,232.6376245
2071750,140.0559973,0.740855465,232.619563
2072000,126.322999,0.647269487,232.6489624
2072250,102.4259979,0.629024498,232.6706628
2072500,124.6819955,0.757235975,232.625058
2072750,145.4829987,0.752099981,232.6223633
2073000,143.0819977,0.769958982,232.6332465
2073250,143.3119971,0.717309482,232.6305054
2073500,127.9909967,0.713161986,232.6083374
2073750,127.9909967,0.713161986,232.6083374
2074000,134.8229974,0.748238978,232.6246246
2074250,136.445,0.707621989,232.6413867
2074500,127.9999988,0.711597979,232.6347241
2074750,139.0349963,0.759576991,232.6283954
2075000,141.1489966,0.712858477,232.6582422
2075250,122.9559964,0.682066474,232.6146582
2075500,124.7849957,0.703919988,232.6455042
2075750,122.9409976,0.678907478,232.6719788
2076000,115.6579971,0.643577986,232.6612982
2076250,115.0279984,0.669777002,232.6540033
2076500,123.9769962,0.699503496,232.6540576
2076750,128.0059988,0.687704482,232.6634894
2077000,125.3689969,0.714444978,232.6372723
2077250,132.3009964,0.70866148,232.6243628
2077500,119.5649948,0.688330982,232.6258777
2077750,120.4429965,0.672857468,232.6323938
2078000,121.6219962,0.676984982,232.6262256
2078250,119.9269968,0.642487981,232.6221307
2078500,106.3769974,0.589904494,232.6610083
2078750,100.6959998,0.596709986,232.6603546
2079000,102.5469971,0.667242982,232.627962
2079250,125.592998,0.686174979,232.6653558
2079500,118.405997,0.646846995,232.6581403
2079750,110.0269983,0.62461349,232.6462573
2080000,112.4019962,0.628503995,232.6326587
2080250,112.4019962,0.628503995,232.6326587
2080500,106.2479959,0.579794986,232.6655615
2080750,92.53999847,0.631258488,232.6668427
2081000,122.8019974,0.651140974,232.6608032
2081250,97.6919986,0.543308494,232.6504108
2081500,80.89100098,0.481198982,232.6599396
2081750,76.93699829,0.535769986,232.6771613
2082000,98.14599792,0.541478485,232.6817145
2082250,82.32799896,0.49137848,232.6844507
2082500,79.06399933,0.470899001,232.689281
2082750,67.09499908,0.446963493,232.6684808
2083000,73.82899872,0.492168998,232.6816571
2083250,76.19499939,0.45540099,232.6854211
2083500,65.35099777,0.410108485,232.6661688
2083750,58.9379985,0.404235994,232.6837543
2084000,62.02299835,0.435178984,232.6665729
2084250,70.20299713,0.449370492,232.6526892
2084500,67.22099976,0.450428989,232.6660663
2084750,71.24099854,0.465006987,232.670921
2085000,74.60399933,0.453931482,232.6791766
2085250,63.48299759,0.398663994,232.6756659
2085500,57.87299911,0.377970986,232.7028345
2085750,51.54099838,0.393897491,232.6966193
2086000,65.37499725,0.456568989,232.6663605
2086250,67.25399963,0.426261984,232.7021375
2086500,48.0579982,0.343332995,232.7102765
2086750,48.0579982,0.343332995,232.7102765
2087000,60.87199875,0.407561485,232.6955316
2087250,59.74699814,0.417411494,232.6911212
2087500,69.54899689,0.465767488,232.6635626
2087750,69.88099945,0.422391497,232.6992798
2088000,58.40799805,0.41679449,232.7073065
2088250,62.2229982,0.433941995,232.7024451
2088500,70.07099884,0.44459349,232.7213861
2088750,62.31299881,0.414795483,232.6801221
2089000,70.17999908,0.49250699,232.669491
2089250,85.19199829,0.542646985,232.6539307
2089500,90.76299774,0.552354977,232.684281
2089750,94.00999634,0.578044491,232.6647766
2090000,93.70299774,0.561181479,232.6531299
2090250,99.33299744,0.593688481,232.6608313
2090500,103.2739975,0.609616978,232.6677698
2090750,100.5259973,0.600582972,232.6595703
2091000,107.2649979,0.629055495,232.6668756
2091250,95.04499725,0.543802992,232.6822876
2091500,82.21899811,0.527047487,232.6725708
2091750,103.438999,0.6509565,232.6428973
2092000,102.0419965,0.559417977,232.6698834
2092250,102.4649997,0.63249948,232.6782721
2092500,99.47699799,0.561801479,232.6757227
2092750,95.32400055,0.592563982,232.6865863
2093000,90.50099915,0.539920492,232.6821863
2093250,90.50099915,0.539920492,232.6821863
2093500,91.88699799,0.585918484,232.6707056
2093750,99.92099548,0.565242982,232.6836536
2094000,99.35999725,0.606801486,232.6537042
2094250,105.9449973,0.609094486,232.6392969
2094500,103.3369931,0.594404483,232.6443298
2094750,90.73799805,0.567870481,232.6758716
2095000,97.21999756,0.605506496,232.6728345
2095250,95.76799744,0.534979477,232.6568085
2095500,91.24499939,0.577979498,232.6660193
2095750,102.9119977,0.589745972,232.6560352
2096000,99.25099823,0.610530493,232.6639227
2096250,98.88599823,0.584901981,232.6643829
2096500,102.6759995,0.599544485,232.6692444
2096750,97.12199768,0.558720496,232.6660858
2097000,100.2799982,0.619825983,232.6561615
2097250,109.2109976,0.608596489,232.6752319
2097500,108.3759979,0.667869978,232.6419061
2097750,117.2729944,0.655899994,232.6163458
2098000,107.5279962,0.633475487,232.6251935
2098250,118.5649973,0.705790987,232.6329309
2098500,130.3679987,0.681099482,232.632323
2098750,119.1859964,0.70163049,232.6559283
2099000,135.9290015,0.743774476,232.609295
2099250,140.0809985,0.77232399,232.5917218
2099500,142.8969965,0.711277475,232.6347876
2099750,142.8969965,0.711277475,232.6347876
2100000,122.6459976,0.674448981,232.6405554
2100250,122.747999,0.691086977,232.6311865
2100500,128.8419943,0.72215848,232.6258923
2100750,137.402995,0.762185495,232.6481543
2101000,142.3119971,0.727373979,232.6453516
2101250,131.4659991,0.736930981,232.6587042
2101500,139.3249945,0.727412488,232.6310327
2101750,132.3769971,0.735993485,232.6279779
2102000,135.6499976,0.692816472,232.6368433
2102250,121.2349991,0.713806963,232.6452338
2102500,146.8259955,0.755766976,232.6470032
2102750,135.0919946,0.722352977,232.6265674
2103000,123.4289963,0.649602976,232.6487152
2103250,109.6969986,0.673529997,232.631712
2103500,129.7199994,0.694742992,232.6463031
2103750,122.2789987,0.658528481,232.6510016
2104000,113.781998,0.633944981,232.6626599
2104250,110.7339978,0.664088986,232.6701703
2104500,113.4009982,0.645361488,232.6553534
2104750,107.4669995,0.630608482,232.6622412
2105000,109.6579965,0.619970498,232.6714789
2105250,109.348999,0.640107987,232.6383868
2105500,118.0659955,0.667300987,232.638844
2105750,113.6179977,0.652553,232.6566815
2106000,116.0009967,0.667676477,232.6355621
2106250,116.0009967,0.667676477,232.6355621
2106500,113.7639969,0.661041484,232.6572986
2106750,119.113996,0.655849471,232.6550287
2107000,112.7379968,0.64903549,232.6624353
2107250,110.2609995,0.57700749,232.6771295
2107500,77.63699753,0.506253487,232.7094745
2107750,97.39299744,0.598973985,232.6748676
2108000,92.7409964,0.52538049,232.6846899
2108250,84.35299957,0.578531995,232.6896173
2108500,109.6159973,0.633099489,232.6554883
2108750,106.6119971,0.598154988,232.6342346
2109000,104.4349966,0.605307984,232.6466486
2109250,102.4349973,0.578158991,232.6717114
2109500,86.45700012,0.518678989,232.6676971
2109750,85.78599884,0.538822489,232.6478186
2110000,85.86399963,0.51040998,232.6793152
2110250,69.52099823,0.466139988,232.6614978
2110500,74.97799835,0.464486489,232.671004
2110750,66.3969989,0.385010992,232.68729
2111000,44.79499893,0.37768499,232.6907684
2111250,67.70499878,0.463853995,232.6698425
2111500,68.33299927,0.44865749,232.6675128
2111750,67.2369986,0.467081486,232.6728503
2112000,80.1639975,0.505199989,232.6682428
2112250,84.71599854,0.507410488,232.6663458
2112500,78.51199677,0.460497986,232.677403
2112750,78.51199677,0.460497986,232.677403
2113000,66.27199982,0.42276599,232.7034741
2113250,62.08799896,0.404028993,232.6726611
2113500,57.79999863,0.388531996,232.6645734
2113750,59.3069989,0.414819491,232.6819568
2114000,61.46599854,0.388600988,232.6674731
2114250,59.93499939,0.417065492,232.671178
2114500,63.81799942,0.433745487,232.7088507
2114750,69.47399765,0.438562496,232.6800958
2115000,66.33599899,0.450609488,232.6757367
2115250,76.35399811,0.511825492,232.6532904
2115500,85.17699829,0.495663984,232.6638031
2115750,77.82899658,0.457140497,232.6779779
2116000,57.38999893,0.365645998,232.7022827
2116250,64.77599731,0.459527991,232.7026648
2116500,70.61499939,0.44008198,232.7234265
2116750,63.49799835,0.426450486,232.7094409
2117000,72.67099854,0.489947482,232.6745093
2117250,76.89699921,0.463507491,232.6908588
2117500,58.48499847,0.364104996,232.6792578
2117750,63.42399918,0.463828489,232.6784357
2118000,75.69899841,0.491564995,232.670946
2118250,83.11699707,0.511962487,232.6751654
2118500,76.21099792,0.471139488,232.6719623
2118750,82.33199585,0.531888471,232.6796741
2119000,81.16899445,0.474613495,232.6858093
2119250,81.16899445,0.474613495,232.6858093
2119500,75.41400085,0.477935985,232.6800323
2119750,66.56299896,0.368459988,232.6872284
2120000,53.47799774,0.424162482,232.6971881
2120250,69.17499847,0.465409489,232.6708252
2120500,72.17200012,0.443503495,232.6780573
2120750,69.62699982,0.487455492,232.6551141
2121000,81.59499878,0.488798989,232.6581848
2121250,82.86399658,0.524787984,232.6787958
2121500,86.9419986,0.531448483,232.66677
2121750,78.98999878,0.454083493,232.7081635
2122000,68.13599792,0.472096986,232.6807635
2122250,74.41299896,0.452626492,232.6767554
2122500,73.36799835,0.518054986,232.6761456
2122750,94.49599792,0.608687985,232.62237
2123000,102.3739999,0.560967491,232.6491461
2123250,95.09799896,0.640531487,232.6485632
2123500,124.7039969,0.712303972,232.6231146
2123750,134.9599994,0.725029974,232.6421838
2124000,132.1999976,0.736435983,232.6022015
2124250,137.1769971,0.733803482,232.6437158
2124500,133.5459973,0.719486966,232.6744263
2124750,129.9039951,0.733061476,232.6303131
2125000,140.9750018,0.769255488,232.6310205
2125250,149.0019952,0.776519983,232.6201953
2125500,146.4429938,0.732781987,232.6258032
2125750,146.4429938,0.732781987,232.6258032
2126000,132.6699976,0.726123986,232.6444971
2126250,138.107998,0.759423978,232.6038977
2126500,146.0139984,0.756718485,232.6363141
2126750,137.3319965,0.725864489,232.6341064
2127000,130.8669977,0.706209495,232.6341479
2127250,128.0539984,0.674532981,232.661731
2127500,116.0789996,0.650780973,232.6328888
2127750,127.2979984,0.752920482,232.6143774
2128000,145.2389966,0.729366965,232.630235
2128250,122.2389984,0.687949469,232.6244263
2128500,127.838996,0.730475981,232.6547223
2128750,140.7539972,0.755448475,232.6297394
2129000,142.6249982,0.757447984,232.6296521
2129250,141.4149957,0.712795975,232.6522406
2129500,121.7219977,0.669404991,232.6467615
2129750,120.2149976,0.688268487,232.6153375
2130000,125.212995,0.689514477,232.6397711
2130250,120.8599966,0.665931489,232.6476093
2130500,118.5099973,0.650273986,232.659386
2130750,111.6039972,0.657432985,232.6616986
2131000,123.269996,0.670430982,232.651922
2131250,117.9309979,0.663946979,232.6583032
2131500,114.8289981,0.698155963,232.6328009
2131750,132.6969971,0.690557985,232.6207605
2132000,116.0129971,0.64741549,232.6388593
2132250,116.0129971,0.64741549,232.6388593
2132500,118.1489969,0.687162991,232.6519629
2132750,129.6249969,0.727026482,232.6546741
2133000,132.7249969,0.722060483,232.6556165
2133250,124.2709985,0.672840474,232.6459448
2133500,118.6559976,0.649547489,232.6588019
2133750,109.5449985,0.616536477,232.6656085
2134000,104.4519974,0.568593488,232.6635614
2134250,84.9959964,0.555571985,232.6595319
2134500,109.5909982,0.626314979,232.6738031
2134750,105.4809982,0.612138984,232.6567084
2135000,106.635997,0.636125991,232.6551306
2135250,110.4089975,0.62834748,232.6368591
2135500,104.0979959,0.588879983,232.6654962
2135750,92.76699799,0.581822979,232.6470605
2136000,113.683999,0.632837987,232.6579297
2136250,100.4319995,0.616849976,232.6605859
2136500,121.5839951,0.693886981,232.6383362
2136750,111.4229987,0.644022481,232.6778589
2137000,121.5149979,0.683542976,232.6423083
2137250,119.7349954,0.65489898,232.6579126
2137500,126.2559946,0.685456982,232.6306665
2137750,107.9689978,0.620248988,232.6420996
2138000,113.0049966,0.66411447,232.6415314
2138250,114.4829984,0.65361747,232.653587
2138500,112.7249976,0.641464992,232.6485486
2138750,112.7249976,0.641464992,232.6485486
2139000,107.5829993,0.612035985,232.6444733
2139250,101.3839969,0.58777648,232.6352979
2139500,105.1909979,0.585645983,232.6509064
2139750,84.56499786,0.500529988,232.6752118
2140000,83.62899933,0.498877497,232.679538
2140250,76.64699951,0.490327991,232.6854266
2140500,83.87299805,0.546338487,232.6825452
2140750,92.00899841,0.540563488,232.663371
2141000,89.92199799,0.543866982,232.6626581
2141250,79.25999847,0.45099349,232.6984192
2141500,63.79599884,0.387096494,232.6996014
2141750,55.1929985,0.393125987,232.7232153
2142000,59.05799911,0.429107488,232.7153149
2142250,72.83599792,0.482278484,232.7074084
2142500,62.51799896,0.357223983,232.7029785
2142750,51.8229985,0.373327494,232.7004974
2143000,52.47999832,0.371089988,232.7096301
2143250,61.66399857,0.426406986,232.6722827
2143500,61.15499908,0.38359049,232.7085303
2143750,48.29599838,0.368086993,232.683338
2144000,55.38299835,0.378920499,232.6810657
2144250,59.78799896,0.424760997,232.6883533
2144500,57.29599884,0.369294988,232.7189935
2144750,53.92499771,0.367376484,232.7078186
2145000,46.49400009,0.316858991,232.6988928
2145250,46.49400009,0.316858991,232.6988928
2145500,52.64899841,0.409768492,232.6928998
2145750,59.63999847,0.384394988,232.6954254
2146000,56.65899902,0.381144998,232.706048
2146250,52.34999893,0.357624995,232.6845764
2146500,48.27499924,0.337549493,232.7357074
2146750,49.39299988,0.334271995,232.7219312
2147000,57.00199829,0.45883599,232.7032159
2147250,65.76099762,0.408973987,232.6977142
2147500,54.97299881,0.343653998,232.7050745
2147750,41.16699844,0.319022487,232.7067462
2148000,55.58799835,0.441363995,232.699162
2148250,70.85899902,0.432951987,232.6809442
2148500,61.44799957,0.426914487,232.7001318
2148750,65.0919986,0.43063349,232.6906427
2149000,68.43499817,0.440244488,232.7067792
2149250,69.11699921,0.474341989,232.6699786
2149500,72.67999908,0.461647484,232.7032513
2149750,75.43199921,0.504457498,232.6904022
2150000,70.16099899,0.360769995,232.7324884
2150250,53.56599899,0.475893494,232.681283
2150500,77.7069986,0.498547988,232.6589697
2150750,81.53899933,0.504910494,232.6697937
2151000,78.94100067,0.484708493,232.6649292
2151250,78.90000153,0.51893049,232.6890106
2151500,85.80999878,0.476628489,232.6899628
2151750,85.80999878,0.476628489,232.6899628
2152000,73.35699768,0.519581492,232.6748657
2152250,90.18299957,0.580148981,232.656676
2152500,95.48499878,0.525980995,232.6770593
2152750,78.81299866,0.529921477,232.6710254
2153000,86.85899933,0.497662989,232.6652338
2153250,83.18599792,0.533008991,232.6858972
2153500,89.55399567,0.549288981,232.6716901
2153750,91.59599823,0.551987996,232.6691766
2154000,92.51600037,0.584537487,232.6838031
2154250,97.2359964,0.548809497,232.6864331
2154500,86.63399963,0.497486482,232.6772675
2154750,86.52699738,0.605981977,232.673725
2155000,111.1619989,0.631933987,232.6678253
2155250,98.48099792,0.55601299,232.6551385
2155500,83.82299774,0.521720486,232.6529858
2155750,85.42599731,0.536275494,232.663609
2156000,89.97899719,0.596334484,232.6484918
2156250,110.0439996,0.626822491,232.6671149
2156500,116.6039975,0.691102002,232.6530414
2156750,127.100997,0.731284487,232.6444434
2157000,136.3219983,0.726470487,232.6140265
2157250,127.9639981,0.705749977,232.6225769
2157500,128.9999988,0.697891974,232.6312909
2157750,127.8849976,0.716910992,232.6448029
2158000,136.3149982,0.749918487,232.610658
2158250,136.3149982,0.749918487,232.610658
2158500,143.8359979,0.755806484,232.6104163
2158750,137.9069965,0.751751986,232.6403302
2159000,141.2519965,0.757691491,232.6150421
2159250,142.137998,0.739418478,232.6267603
2159500,133.8109979,0.758325469,232.6259125
2159750,154.3249957,0.776070485,232.6102673
2160000,147.2929974,0.769976494,232.6074585
2160250,146.4109991,0.78403899,232.6056189
2160500,157.453996,0.795774982,232.609986
2160750,153.8419989,0.783804486,232.5998346
2161000,147.4889948,0.803382988,232.6229596
2161250,169.2679944,0.830789492,232.5945203
2161500,161.7309949,0.799943976,232.6095374
2161750,152.7049988,0.763912487,232.6062823
2162000,141.5539996,0.775623474,232.6259857
2162250,161.1489966,0.843491983,232.5926031
2162500,172.4809949,0.831597481,232.5985052
2162750,158.5299957,0.78984148,232.5947211
2163000,154.3299963,0.815021985,232.5851532
2163250,165.1309961,0.815930474,232.5715875
2163500,145.8429974,0.763184474,232.59284
2163750,149.5249982,0.788923478,232.6009381
2164000,154.6659973,0.801477487,232.6144458
2164250,161.0260022,0.802301984,232.6172266
2164500,146.1459967,0.73517149,232.6404822
2164750,146.1459967,0.73517149,232.6404822
2165000,131.8999982,0.721112976,232.5990576
2165250,130.0079974,0.753639488,232.5951776
2165500,156.7979974,0.799023964,232.5700006
2165750,143.5839966,0.737166982,232.6489923
2166000,131.5919983,0.697761486,232.627771
2166250,124.0629987,0.672627981,232.6327936
2166500,119.2219995,0.657974498,232.6361298
2166750,123.0299982,0.68520849,232.6085626
2167000,108.8299963,0.596566997,232.6460565
2167250,100.5259988,0.597847981,232.6591455
2167500,100.8069998,0.620024495,232.65961
2167750,104.9499988,0.618414998,232.6459802
2168000,105.7459988,0.593715985,232.6519312
2168250,101.2689981,0.590886998,232.6575226
2168500,100.1449948,0.579840479,232.6498413
2168750,94.54799835,0.517045484,232.6368744
2169000,78.63699951,0.513264482,232.6512201
2169250,87.46399811,0.546103489,232.6408026
2169500,77.80599854,0.450706491,232.6676508
2169750,59.67999786,0.399156489,232.7041052
2170000,56.24899857,0.35739249,232.6884808
2170250,49.04799911,0.363056489,232.6973792
2170500,53.25499878,0.390992495,232.6947284
2170750,61.36099792,0.436817487,232.6905133
2171000,68.23299866,0.44821349,232.6766577
2171250,68.23299866,0.44821349,232.6766577
2171500,57.04299927,0.326099485,232.6941125
2171750,35.28199913,0.307272494,232.6883362
2172000,51.78899918,0.404244493,232.6905487
2172250,62.88999908,0.406229984,232.7050568
2172500,46.51399948,0.317637492,232.7044733
2172750,43.77699951,0.355703491,232.7083612
2173000,50.99099884,0.345759996,232.7032336
2173250,44.73199905,0.330324488,232.6870819
2173500,48.74199966,0.354679987,232.6946014
2173750,51.47099838,0.366698496,232.6931787
2174000,50.58799774,0.345668495,232.7020496
2174250,51.49799896,0.383122988,232.709931
2174500,54.59599899,0.380487986,232.7001007
2174750,51.48499939,0.350829488,232.7056909
2175000,43.03899963,0.296994493,232.6997229
2175250,39.17299866,0.309698987,232.7198895
2175500,44.94299957,0.323247993,232.7265796
2175750,42.25099808,0.313448501,232.7062268
2176000,40.39299873,0.284837996,232.7008905
2176250,33.03299896,0.272331489,232.7044342
2176500,30.39399933,0.274420502,232.7338965
2176750,37.74899887,0.306369492,232.7253058
2177000,40.64399841,0.293486987,232.6865857
2177250,35.1159996,0.282203493,232.7019861
2177500,34.62399918,0.281167492,232.7202191
2177750,34.62399918,0.281167492,232.7202191
2178000,34.4979985,0.27361999,232.7296552
2178250,35.14999939,0.290812988,232.7051233
2178500,42.95699982,0.357658991,232.7032996
2178750,58.59899979,0.415062486,232.6893622
2179000,66.40899979,0.446940491,232.6626495
2179250,67.75999786,0.43131799,232.6738495
2179500,65.33399811,0.464497491,232.6574719
2179750,80.17999939,0.509967486,232.6915375
2180000,85.33399902,0.513115486,232.6847766
2180250,80.37299683,0.457203991,232.6348962
2180500,67.49999908,0.472549996,232.6632349
2180750,84.61499786,0.587372485,232.6381146
2181000,104.2339975,0.585785978,232.6383124
2181250,91.91699951,0.553959997,232.6208899
2181500,91.12999756,0.54634948,232.6319293
2181750,95.64299835,0.575361488,232.6387695
2182000,95.52799683,0.543584988,232.6260254
2182250,92.60200012,0.607833991,232.6215625
2182500,103.9369989,0.60020448,232.6296881
2182750,96.34099915,0.555217483,232.600434
2183000,93.33199707,0.595482979,232.6309711
2183250,103.4999985,0.588309984,232.6284399
2183500,101.2819971,0.616221991,232.616283
2183750,110.3809982,0.650876477,232.617016
2184000,113.202999,0.659728961,232.6417358
2184250,113.202999,0.659728961,232.6417358
2184500,113.0799979,0.618456984,232.6428021
2184750,98.3619989,0.609418979,232.646507
2185000,115.7739975,0.657183473,232.6439075
2185250,120.4449976,0.666256475,232.6424823
2185500,113.8299985,0.624531479,232.6366174
2185750,104.1799976,0.652305467,232.6144373
2186000,118.6829941,0.658027985,232.6350171
2186250,106.3909958,0.666173985,232.610025
2186500,135.7619958,0.724932468,232.6395551
2186750,128.8519989,0.705577474,232.6457782
2187000,135.9199957,0.729473472,232.6369476
2187250,127.6009952,0.731984973,232.6171552
2187500,139.8919928,0.76113297,232.6063379
2187750,144.3759937,0.754792984,232.6286023
2188000,136.2979968,0.740988963,232.5935596
2188250,137.1229987,0.73951648,232.6121674
2188500,142.3349969,0.751877983,232.6124103
2188750,133.7159961,0.755526979,232.6086835
2189000,149.8579968,0.773200974,232.5978973
2189250,147.2029926,0.778089976,232.6353528
2189500,155.9259973,0.772622981,232.6198022
2189750,136.3159961,0.725546474,232.5940649
2190000,136.2449994,0.742219493,232.6140002
2190250,137.2819989,0.777259479,232.5970874
2190500,162.846994,0.816229484,232.5826086
2190750,162.846994,0.816229484,232.5826086
2191000,142.7709955,0.736861978,232.6316174
2191250,146.6079968,0.799256482,232.5625134
2191500,158.1159979,0.825370972,232.5872888
2191750,173.2029962,0.849555483,232.589057
2192000,166.5119983,0.816733496,232.608515
2192250,159.7419983,0.801012475,232.5836017
2192500,145.1589935,0.752099979,232.6248987
2192750,148.7039996,0.787744482,232.5719934
2193000,148.8559991,0.804787984,232.5986969
2193250,175.4469952,0.869158981,232.5671124
2193500,156.7509973,0.772149968,232.5901215
2193750,146.4789954,0.775659485,232.6060406
2194000,150.4319958,0.779983971,232.5825787
2194250,148.2879974,0.761319964,232.6096832
2194500,135.0969952,0.716614001,232.6444666
2194750,134.2049948,0.734566488,232.6118994
2195000,139.4559961,0.728537977,232.6161694
2195250,127.4359976,0.690704474,232.6215771
2195500,136.2479968,0.754973981,232.6423718
2195750,131.5189954,0.687141976,232.6488519
2196000,117.5509985,0.679583485,232.616994
2196250,122.2399966,0.68259948,232.6470996
2196500,112.2249969,0.585060496,232.6860004
2196750,100.9709973,0.6137815,232.6384344
2197000,104.9389981,0.600929985,232.6652905
2197250,104.9389981,0.600929985,232.6652905
2197500,105.7519968,0.616798487,232.6670813
2197750,99.94799896,0.579299979,232.6722394
2198000,102.5939978,0.622652485,232.6262994
2198250,104.037999,0.603105485,232.6364886
2198500,105.6279974,0.601777983,232.6345856
2198750,99.20999786,0.554867988,232.6749384
2199000,85.01599792,0.484317485,232.6801471
2199250,65.79899857,0.389358999,232.6944751
2199500,62.90599899,0.506367981,232.6828339
2199750,77.28299652,0.470812486,232.6703931
2200000,71.4319986,0.45496949,232.6754889
2200250,68.75000031,0.446206486,232.6867462
2200500,70.93999908,0.445169991,232.6910748
2200750,64.84099976,0.40087799,232.7070013
2201000,53.87599884,0.377052486,232.695011
2201250,57.20199799,0.434295492,232.7008435
2201500,54.05599945,0.342389992,232.6892822
2201750,51.95299805,0.40203449,232.7040558
2202000,59.61999771,0.384211493,232.7073376
2202250,48.82799805,0.324971499,232.7157861
2202500,43.36800034,0.330516493,232.680932
2202750,50.59099945,0.400090492,232.6943237
2203000,62.3939978,0.410473495,232.6723224
2203250,57.12299911,0.355441489,232.7064978
2203500,47.75799896,0.372678994,232.7127301
2203750,47.75799896,0.372678994,232.7127301
2204000,52.04199875,0.343883486,232.7067853
2204250,59.13099854,0.437805992,232.6931226
2204500,68.61799957,0.450790986,232.6662579
2204750,66.06099808,0.426740481,232.6816583
2205000,52.64299896,0.3421255,232.6750653
2205250,40.10499832,0.306524497,232.7188019
2205500,42.35099976,0.302904493,232.713963
2205750,37.84899811,0.290169489,232.7180756
2206000,36.76399994,0.28552049,232.7064008
2206250,37.74900116,0.312494489,232.7275299
2206500,40.66699921,0.296404989,232.7053973
2206750,38.17099838,0.300237491,232.698064
2207000,39.31599945,0.310194991,232.7189288
2207250,41.6969989,0.297521493,232.7232813
2207500,45.3289991,0.372854489,232.6818512
2207750,52.57899948,0.356679982,232.7155542
2208000,45.7909993,0.303286998,232.7329681
2208250,34.67499954,0.279815497,232.7330402
2208500,32.34299957,0.279644494,232.7294244
2208750,44.19499969,0.379540994,232.687514
2209000,56.98299881,0.380566484,232.7124268
2209250,50.63499847,0.349960495,232.7064575
2209500,49.73899902,0.332202001,232.7012585
2209750,48.79799881,0.361724989,232.6846844
2210000,55.09199738,0.384165486,232.6863068
2210250,55.09199738,0.384165486,232.6863068
2210500,56.84399994,0.4567835,232.6862891
2210750,80.94399933,0.481516988,232.6545868
2211000,70.61899872,0.447567991,232.6893134
2211250,72.28799744,0.48997998,232.6591937
2211500,85.12499878,0.473545992,232.6869727
2211750,75.66699829,0.513700991,232.6677863
2212000,91.06799683,0.580769475,232.6608746
2212250,99.69799744,0.603284984,232.6347144
2212500,96.9289975,0.548652477,232.6911755
2212750,89.26999939,0.566053979,232.667514
2213000,105.1079984,0.602019985,232.665011
2213250,97.03499756,0.559998987,232.6553558
2213500,87.96899628,0.530802977,232.6592664
2213750,85.1880011,0.536285996,232.6494092
2214000,87.41399933,0.573373992,232.6732733
2214250,93.99399994,0.529745482,232.6778351
2214500,80.10199829,0.504529991,232.6466821
2214750,94.25199677,0.54976948,232.6327307
2215000,89.9189978,0.561718981,232.6405286
2215250,95.21499969,0.574410992,232.6215088
2215500,86.98299774,0.510222994,232.6231482
2215750,77.31099915,0.51069399,232.6586658
2216000,88.43599792,0.557269483,232.6660364
2216250,102.0009982,0.620620496,232.6230029
2216500,112.9999948,0.668835983,232.6379376
2216750,112.9999948,0.668835983,232.6379376
2217000,119.3649966,0.683125467,232.6395013
2217250,121.5239984,0.684472976,232.6322003
2217500,123.9989978,0.679537492,232.6198517
2217750,122.8549982,0.689841487,232.6347076
2218000,130.6079984,0.734868991,232.626543
2218250,141.0309985,0.761583977,232.6242578
2218500,144.0010016,0.76547749,232.6117529
2218750,139.6259985,0.733746977,232.6132831
2219000,133.0179999,0.717889977,232.5999158
2219250,137.0630023,0.754819982,232.6185071
2219500,149.7109961,0.767503982,232.6108319
2219750,139.8519977,0.751694989,232.601651
2220000,152.1699957,0.798897493,232.5976727
2220250,154.1689948,0.772408476,232.6115936
2220500,144.5949963,0.759479983,232.5783789
2220750,143.3039954,0.767666471,232.5888092
2221000,149.007998,0.764590986,232.5840881
2221250,147.7379956,0.778855977,232.5899872
2221500,161.3899976,0.819618483,232.5723407
2221750,156.7949988,0.783433981,232.5824579
2222000,144.5509985,0.753741479,232.6361792
2222250,141.0559961,0.763844485,232.5926678
2222500,152.5399982,0.790447469,232.6171863
2222750,147.4769965,0.746106493,232.6023938
2223000,137.4929944,0.742103982,232.5770178
2223250,137.4929944,0.742103982,232.5770178
2223500,143.9849982,0.776464996,232.6033618
2223750,154.6409991,0.790522985,232.5959479
2224000,158.5439966,0.803888478,232.5977472
2224250,150.3159949,0.76361299,232.6014667
2224500,148.1409961,0.760215974,232.6077679
2224750,137.1489966,0.723711491,232.6262659
2225000,137.8679974,0.751791489,232.6148199
2225250,142.2559979,0.74403348,232.6150269
2225500,129.8979984,0.701039484,232.6276819
2225750,126.0959958,0.694515474,232.6636987
2226000,122.0089981,0.684470487,232.6311932
2226250,128.0659949,0.691653979,232.625202
2226500,115.7449963,0.631765983,232.6559857
2226750,123.7109943,0.713707471,232.6164087
2227000,123.2489948,0.637877474,232.6434174
2227250,107.7899979,0.629898996,232.614762
2227500,94.35999756,0.555054989,232.6578284
2227750,94.82499847,0.564192996,232.6433295
2228000,89.24199829,0.541890485,232.6543854
2228250,93.7319986,0.578416994,232.6595624
2228500,106.1909995,0.623300486,232.6444189
2228750,98.47099731,0.542813486,232.6299683
2229000,82.63799805,0.502994496,232.6561688
2229250,72.66599823,0.443419492,232.6762573
2229500,69.18099976,0.475881985,232.6839691
2229750,69.18099976,0.475881985,232.6839691
2230000,70.40999695,0.441939981,232.6824323
2230250,76.34699982,0.51092298,232.6420526
2230500,78.42599884,0.452144492,232.6900354
2230750,61.82799835,0.385104983,232.6863538
2231000,60.7179982,0.445353484,232.6672345
2231250,65.89399963,0.405347987,232.6713855
2231500,58.67900009,0.418841985,232.6951477
2231750,63.38499786,0.409839988,232.6887457
2232000,61.43899902,0.392180486,232.6792499
2232250,53.16099976,0.361411992,232.6991278
2232500,55.71999893,0.418050481,232.6759222
2232750,59.19299866,0.376627491,232.6864001
2233000,57.05199966,0.424883486,232.6373151
2233250,67.30099915,0.416295984,232.6746283
2233500,63.92599854,0.44722899,232.6835944
2233750,65.99199768,0.391533487,232.6950824
2234000,48.81499802,0.342054991,232.7032495
2234250,47.95699875,0.37518699,232.7239697
2234500,55.15099915,0.375612489,232.7093628
2234750,58.44499786,0.456982993,232.6622748
2235000,78.34999664,0.492702487,232.6722327
2235250,72.01399872,0.42260349,232.6883203
2235500,59.46199936,0.430530493,232.6898566
2235750,70.44499939,0.473611987,232.6935541
2236000,70.12499908,0.429727991,232.7042328
2236250,70.12499908,0.429727991,232.7042328
2236500,55.6819989,0.355043982,232.7176239
2236750,54.57299911,0.445922494,232.6788977
2237000,69.57699921,0.416368494,232.6872015
2237250,57.01599808,0.394543991,232.7016254
2237500,64.06499863,0.451793488,232.6714569
2237750,73.4369986,0.482738994,232.6908252
2238000,76.68999817,0.498705491,232.6702802
2238250,78.11299835,0.466399488,232.6535089
2238500,70.68299805,0.466161489,232.6662323
2238750,75.44199921,0.458681989,232.6605609
2239000,69.05399963,0.458983989,232.6994116
2239250,76.31499756,0.484588492,232.6835931
2239500,74.12999847,0.47034199,232.6688818
2239750,73.36699707,0.499488491,232.6415771
2240000,86.31699722,0.463604994,232.7039941
2240250,70.02699905,0.486898487,232.651394
2240500,81.0419986,0.481020988,232.6881238
2240750,74.23700012,0.470621995,232.6500531
2241000,80.80599823,0.552971987,232.6375238
2241250,95.41199738,0.563795993,232.6786432
2241500,91.13899658,0.552250979,232.6669617
2241750,96.41299866,0.576375473,232.6331854
2242000,94.05299896,0.517111986,232.6744189
2242250,77.27599945,0.537813491,232.6971844
2242500,99.69899872,0.580607979,232.6564899
2242750,99.69899872,0.580607979,232.6564899
2243000,86.92199646,0.515818478,232.6897778
2243250,77.97999512,0.512224483,232.6663788
2243500,89.26999817,0.521819999,232.6650806
2243750,83.36999817,0.518673484,232.6494507
2244000,86.47399963,0.545927985,232.6626105
2244250,96.05999939,0.566491988,232.6541779
2244500,89.85299774,0.580122988,232.6676331
2244750,98.2139978,0.560080492,232.6319238
2245000,85.86599731,0.556005993,232.6580408
2245250,101.8950012,0.595034471,232.6856818
2245500,107.2409991,0.636050479,232.6571704
2245750,115.5719949,0.652706995,232.6385706
2246000,106.3519977,0.642634494,232.6563232
2246250,115.8169962,0.647495983,232.6264349
2246500,106.7109973,0.603396485,232.6440021
2246750,106.6299979,0.647583494,232.6606201
2247000,121.1099957,0.681027982,232.6438269
2247250,120.3469977,0.668701479,232.6269781
2247500,112.575997,0.688928998,232.6271466
2247750,133.2809961,0.727558002,232.6055701
2248000,131.7859985,0.707953978,232.5813519
2248250,137.187998,0.718944001,232.5872034
2248500,120.4319989,0.670082474,232.6289355
2248750,125.248996,0.690921481,232.6178339
2249000,125.1959979,0.684821489,232.6341284
2249250,125.1959979,0.684821489,232.6341284
2249500,116.4289981,0.647390492,232.6301703
2249750,110.2349976,0.64648499,232.6435931
2250000,122.070997,0.705843987,232.6227869
2250250,130.7099927,0.707818971,232.6302917
2250500,130.6099994,0.722631485,232.6357074
2250750,133.0869974,0.714507484,232.5982422
2251000,124.5549979,0.693110495,232.6212982
2251250,128.1359967,0.724719992,232.6407605
2251500,132.9379959,0.705594985,232.6189856
2251750,126.0189932,0.69901099,232.6029791
2252000,135.7699954,0.750205977,232.6336017
2252250,140.8109943,0.748033984,232.6111957
2252500,144.473999,0.770155969,232.5882269
2252750,148.5459991,0.766499467,232.6044171
2253000,134.5629968,0.706795473,232.6124902
2253250,133.5789987,0.742345979,232.6249146
2253500,134.7649982,0.723821468,232.5916681
2253750,144.127995,0.762246959,232.6162238
2254000,138.836998,0.707553992,232.625097
2254250,125.4359979,0.692190981,232.6181354
2254500,117.5069971,0.678724489,232.6217456
2254750,124.7769977,0.691671474,232.6286914
2255000,124.2149969,0.673662987,232.6635382
2255250,124.8029971,0.706685481,232.6359772
2255500,132.7719989,0.709686995,232.6275385
2255750,132.7719989,0.709686995,232.6275385
2256000,121.3779977,0.659119971,232.6269379
2256250,119.050997,0.689795494,232.6489478
2256500,111.1979974,0.609726982,232.6813141
2256750,102.6159973,0.618131981,232.6169781
2257000,116.7599973,0.671876481,232.6249463
2257250,113.6759982,0.608287487,232.6759198
2257500,104.0459988,0.607083478,232.6520612
2257750,103.4919974,0.591923485,232.6607867
2258000,91.14599823,0.537236483,232.6667383
2258250,92.74499847,0.580041978,232.6594403
2258500,98.25899567,0.581377995,232.6669604
2258750,95.03499878,0.54948899,232.6941302
2259000,93.06200073,0.522028482,232.6837457
2259250,87.51699585,0.569570494,232.688089
2259500,92.66199951,0.527846484,232.7126337
2259750,84.40800018,0.51263799,232.6879962
2260000,73.86499954,0.422141991,232.7014032
2260250,66.6219986,0.500874486,232.6862762
2260500,82.35299774,0.462483485,232.689433
2260750,67.83699829,0.43593599,232.6977197
2261000,67.77200012,0.451230992,232.6539386
2261250,66.74799927,0.442895992,232.6695947
2261500,63.64499969,0.398081988,232.6918823
2261750,58.54099838,0.436374991,232.6677069
2262000,67.7469986,0.434086487,232.6503461
2262250,67.7469986,0.434086487,232.6503461
2262500,64.96399872,0.401152992,232.6752283
2262750,57.81399963,0.441873987,232.6587073
2263000,66.43999847,0.404896992,232.6838812
2263250,59.58199875,0.43078099,232.6490363
2263500,65.90599823,0.455930487,232.6563062
2263750,72.5239975,0.45628799,232.6605621
2264000,67.19599884,0.413122491,232.6605896
2264250,58.66199921,0.436213984,232.6650818
2264500,73.52,0.480032495,232.6531293
2264750,76.88599762,0.489325986,232.6713452
2265000,74.655,0.428809993,232.6930023
2265250,50.40499863,0.39488099,232.688576
2265500,62.88599869,0.423779485,232.6725616
2265750,64.18899811,0.379243993,232.6704907
2266000,48.5269986,0.38034699,232.6868896
2266250,58.38499908,0.398605988,232.6704816
2266500,57.3929985,0.405697991,232.6940985
2266750,57.48799957,0.418532991,232.6769733
2267000,58.55799835,0.363850991,232.6392572
2267250,50.29199799,0.373316985,232.6402075
2267500,57.73699921,0.407895497,232.6700739
2267750,66.62399841,0.428762991,232.6542841
2268000,63.81299805,0.426553986,232.6418811
2268250,58.75599915,0.41420049,232.6597229
2268500,61.25799805,0.428847983,232.6583698
2268750,61.25799805,0.428847983,232.6583698
2269000,66.64499756,0.447292991,232.6832513
2269250,71.85499786,0.426279491,232.692467
2269500,59.10299896,0.41396699,232.6583722
2269750,64.4179985,0.4121015,232.6954565
2270000,60.6029985,0.452666985,232.6300024
2270250,77.43499786,0.527622483,232.6234967
2270500,89.6639978,0.504744476,232.6402405
2270750,71.01899933,0.440935488,232.6604913
2271000,66.74799927,0.460589987,232.6748352
2271250,81.75399933,0.529566988,232.6446051
2271500,90.02199554,0.541273987,232.6370355
2271750,79.47500031,0.508939481,232.6367041
2272000,86.12399902,0.527972481,232.6540417
2272250,74.0169986,0.460467987,232.6738751
2272500,78.36599915,0.54235949,232.6564752
2272750,95.56699799,0.549802986,232.6659052
2273000,78.49599945,0.476415976,232.6472168
2273250,79.39599854,0.535082989,232.6403229
2273500,88.65399719,0.557291477,232.6370911
2273750,90.55699799,0.522935992,232.6619214
2274000,79.4769986,0.47991099,232.633681
2274250,75.27499908,0.509824986,232.6312744
2274500,94.03599792,0.550180483,232.6476996
2274750,85.69100006,0.515674994,232.6392493
2275000,84.717995,0.56577949,232.6452466
2275250,84.717995,0.56577949,232.6452466
2275500,104.1639981,0.617443979,232.636875
2275750,102.6519989,0.59176749,232.6589789
2276000,102.6189957,0.59495348,232.6437073
2276250,103.4369949,0.619250476,232.6382178
2276500,113.3559967,0.65284097,232.6530109
2276750,115.4629977,0.676771984,232.6274536
2277000,119.551998,0.703783977,232.606748
2277250,135.2899951,0.733212988,232.6063409
2277500,128.4239984,0.700769989,232.6350342
2277750,132.9889941,0.735841987,232.6008191
2278000,134.0659991,0.724106469,232.5897882
2278250,139.6990002,0.772623985,232.5573535
2278500,138.3429968,0.720824485,232.587796
2278750,136.9470001,0.735348978,232.6239465
2279000,128.2339996,0.699847982,232.6182178
2279250,134.8419965,0.746201496,232.592785
2279500,140.3649951,0.761032977,232.6287708
2279750,149.3789948,0.798147988,232.6069043
2280000,154.1519934,0.786472979,232.5896735
2280250,157.6429968,0.818264995,232.5622003
2280500,152.2019971,0.761580496,232.6137146
2280750,141.0259955,0.743403983,232.6190509
2281000,127.9470004,0.68244698,232.604129
2281250,140.505997,0.791283975,232.5912256
2281500,146.8339978,0.755019474,232.5861151
2281750,146.8339978,0.755019474,232.5861151
2282000,136.932998,0.733247981,232.5979205
2282250,131.2570001,0.69417598,232.6358972
2282500,124.8859967,0.708638976,232.6229144
2282750,129.9939978,0.691332977,232.6366815
2283000,132.0809985,0.745735979,232.6006989
2283250,136.9129993,0.744828479,232.6104578
2283500,139.432995,0.74846998,232.6076105
2283750,132.0009985,0.695385485,232.6120184
2284000,130.222998,0.728561487,232.5806989
2284250,133.662998,0.699836993,232.6048969
2284500,129.7129974,0.7258255,232.6097626
2284750,131.1759967,0.702986991,232.6311487
2285000,117.6529977,0.654964993,232.6167371
2285250,117.0410004,0.692829978,232.6252161
2285500,125.3499982,0.699862976,232.6417615
2285750,113.5079956,0.604738476,232.655788
2286000,94.71999664,0.533222494,232.6688263
2286250,94.96499878,0.615766487,232.633291
2286500,110.7309964,0.644334486,232.6545917
2286750,111.8199954,0.615697985,232.6093774
2287000,104.1149979,0.632833996,232.6113757
2287250,115.6989966,0.694387486,232.6122986
2287500,127.551994,0.682214496,232.6197467
2287750,114.515997,0.605881491,232.6232098
2288000,101.8119983,0.609867485,232.6358917
2288250,101.8119983,0.609867485,232.6358917
2288500,103.8209967,0.597019491,232.6331036
2288750,105.3979962,0.641087492,232.6155048
2289000,105.425997,0.594199483,232.6446259
2289250,101.5299997,0.640094984,232.6214996
2289500,115.9929965,0.608066983,232.6293237
2289750,99.98599792,0.589196494,232.6505774
2290000,95.47899536,0.549835477,232.6566711
2290250,91.30599701,0.535138497,232.6273792
2290500,93.00099915,0.663182988,232.5857715
2290750,114.8839981,0.617230985,232.6444269
2291000,97.83899841,0.537855982,232.6669861
2291250,75.30499908,0.464675989,232.662019
2291500,74.87099915,0.501506984,232.6588904
2291750,82.37299835,0.460333487,232.6286188
2292000,59.56399841,0.445646991,232.6522589
2292250,66.25399796,0.387401497,232.6954425
2292500,46.92999817,0.372399989,232.688642
2292750,58.01099823,0.389812984,232.6391858
2293000,52.96299911,0.380527493,232.6711682
2293250,51.0809993,0.348556995,232.6736969
2293500,50.57999924,0.351841991,232.6601001
2293750,50.27799866,0.399066494,232.6348419
2294000,66.47799805,0.475967495,232.6352515
2294250,73.68899872,0.43290899,232.6386664
2294500,52.64499863,0.395087975,232.6629218
2294750,52.64499863,0.395087975,232.6629218
2295000,61.3469989,0.407227495,232.6665204
2295250,61.68399826,0.40469848,232.6800256
2295500,55.94099823,0.395305483,232.6810876
2295750,62.73199829,0.443003991,232.6708807
2296000,68.32299927,0.45570399,232.6782495
2296250,68.36199829,0.419748486,232.6982745
2296500,59.50799896,0.446167488,232.6391205
2296750,75.98499847,0.486506985,232.6668506
2297000,77,0.452505983,232.6594977
2297250,58.21799866,0.405550488,232.7077124
2297500,65.57699905,0.480478491,232.6989288
2297750,83.15199829,0.522106991,232.6628888
2298000,79.08699921,0.487807986,232.6443372
2298250,74.04499802,0.442047484,232.6793201
2298500,65.88099854,0.415208486,232.6804346
2298750,56.48399918,0.400254488,232.6712891
2299000,62.8669989,0.435272993,232.6540973
2299250,65.45199829,0.42473699,232.6929065
2299500,59.27899933,0.459025487,232.6504974
2299750,85.52799744,0.511726477,232.638642
2300000,78.54499756,0.467848487,232.642981
2300250,72.37399902,0.449874994,232.6558661
2300500,69.06100006,0.45948549,232.6683856
2300750,73.03899719,0.469836985,232.690777
2301000,72.05499969,0.454933989,232.6896912
2301250,72.05499969,0.454933989,232.6896912
2301500,63.95199875,0.479285487,232.6669366
2301750,87.59999756,0.52012148,232.6869989
2302000,69.87599945,0.42439249,232.6726086
2302250,66.47499832,0.46941349,232.6688806
2302500,79.59299927,0.487873487,232.6242584
2302750,66.02999725,0.425636992,232.6884369
2303000,62.63599945,0.44373399,232.6802496
2303250,76.31399902,0.490243979,232.6613129
2303500,80.8169989,0.509723988,232.6510754
2303750,89.46099792,0.563373992,232.6418414
2304000,103.5249985,0.629897988,232.6253436
2304250,105.3540018,0.614779494,232.6388013
2304500,94.90499725,0.546357486,232.658252
2304750,89.40500183,0.535209489,232.6796112
2305000,80.10599884,0.461609991,232.7009454
2305250,71.87499847,0.488821987,232.6592041
2305500,91.53499756,0.595579491,232.655531
2305750,94.23299652,0.539154993,232.6833771
2306000,91.30599823,0.604724987,232.6343628
2306250,106.8569989,0.643993988,232.6576093
2306500,126.8619983,0.723778462,232.6185211
2306750,131.7810004,0.728704493,232.6487384
2307000,136.452995,0.746300478,232.6386682
2307250,128.0559973,0.693153994,232.6487927
2307500,126.6789954,0.716956491,232.6559698
2307750,126.6789954,0.716956491,232.6559698
2308000,128.6019986,0.68220048,232.6292896
2308250,122.2539969,0.674048975,232.6088513
2308500,119.8669992,0.638750491,232.6301617
2308750,108.724996,0.64150099,232.624682
2309000,120.7009976,0.717660475,232.6185626
2309250,127.7739981,0.693619478,232.6209058
2309500,129.1619995,0.747179487,232.6256427
2309750,145.5759985,0.767350481,232.5949542
2310000,147.9819977,0.756433995,232.5855707
2310250,139.9529956,0.761109989,232.6199615
2310500,134.7329984,0.699782484,232.6431396
2310750,127.3999979,0.728273995,232.6106659
2311000,135.5890002,0.750988464,232.6051941
2311250,146.3249963,0.770866485,232.6075385
2311500,152.8449957,0.787663987,232.6070105
2311750,155.8089978,0.793789973,232.6070996
2312000,153.0219965,0.775300467,232.6106097
2312250,147.3419989,0.769806483,232.6267114
2312500,142.9569958,0.740824468,232.6109369
2312750,141.8459937,0.775010993,232.6098096
2313000,157.8859991,0.81310849,232.6055304
2313250,157.8989978,0.780327976,232.6102759
2313500,144.6149963,0.775762982,232.6115796
2313750,147.2289978,0.757606978,232.6329541
2314000,142.5399976,0.772844975,232.5963208
2314250,142.5399976,0.772844975,232.5963208
2314500,145.1459985,0.747384484,232.6187958
2314750,144.1249982,0.780935974,232.5868591
2315000,148.9239978,0.746453977,232.6100989
2315250,135.6609979,0.722061474,232.645116
2315500,133.0069977,0.724383478,232.6215765
2315750,134.6579993,0.738622484,232.6397223
2316000,135.6149963,0.736939988,232.6356177
2316250,140.7079968,0.762772479,232.6213831
2316500,147.1959979,0.767488482,232.5958105
2316750,143.6699988,0.757139986,232.6250708
2317000,141.0259961,0.747638965,232.6113379
2317250,138.6739941,0.738793483,232.6251624
2317500,130.6579968,0.689918993,232.6488422
2317750,116.2899951,0.669128492,232.6298602
2318000,123.4319968,0.702473497,232.6345374
2318250,125.5069952,0.668286481,232.6341309
2318500,115.7249982,0.648161979,232.6506427
2318750,118.1859982,0.618549976,232.6638745
2319000,103.5569989,0.622901986,232.6521155
2319250,113.5049973,0.679312489,232.6457544
2319500,123.4579962,0.670004497,232.6370593
2319750,114.8559958,0.669815981,232.6434082
2320000,119.8809967,0.654693968,232.6399127
2320250,114.1609967,0.646947987,232.6472272
2320500,114.8969974,0.62840848,232.6431213
2320750,114.8969974,0.62840848,232.6431213
2321000,114.2099969,0.690462978,232.6276196
2321250,129.6689978,0.689162982,232.6644263
2321500,108.4699982,0.614578493,232.6685388
2321750,100.0429968,0.584064476,232.6728424
2322000,97.23899658,0.618226984,232.6509149
2322250,117.9219983,0.633069484,232.6466577
2322500,102.7839972,0.617074995,232.6540033
2322750,108.6519986,0.627993503,232.677746
2323000,106.4899994,0.592157481,232.6644586
2323250,89.83799927,0.546895984,232.6625946
2323500,86.20499847,0.536937485,232.6554987
2323750,97.36999939,0.573579493,232.6750183
2324000,95.14499786,0.526017982,232.6817456
2324250,84.00099915,0.530155983,232.6757855
2324500,92.7609967,0.531606491,232.6682977
2324750,70.5199971,0.44347049,232.6666986
2325000,63.64299866,0.426275983,232.6830902
2325250,59.49099884,0.387529494,232.7014435
2325500,52.94299957,0.366693497,232.7090656
2325750,58.66799973,0.416026492,232.7146265
2326000,67.06399765,0.437652991,232.6777924
2326250,64.27299881,0.420341482,232.7280731
2326500,59.17999893,0.418235493,232.705072
2326750,60.91599823,0.393968985,232.6948572
2327000,54.36099884,0.359967499,232.7147375
2327250,54.36099884,0.359967499,232.7147375
2327500,44.02499863,0.34936799,232.678299
2327750,58.1739978,0.391009489,232.6838745
2328000,54.26999802,0.362762482,232.7040448
2328250,45.99899857,0.352830997,232.7033643
2328500,54.23399979,0.39825599,232.6746246
2328750,62.87599792,0.424844986,232.6858594
2329000,64.84999847,0.410757488,232.6972888
2329250,57.16999878,0.407140992,232.7044171
2329500,66.91399872,0.440471994,232.6766107
2329750,62.72499832,0.39337249,232.7004816
2330000,48.37999786,0.371075498,232.674411
2330250,59.29499817,0.410515491,232.6856769
2330500,70.50799866,0.446951994,232.6885797
2330750,64.82499878,0.411345489,232.6729852
2331000,62.4929982,0.420130994,232.6648267
2331250,68.44299911,0.493759487,232.681875
2331500,85.87299774,0.520238485,232.6665143
2331750,59.13599899,0.348759491,232.7218091
2332000,51.71099823,0.408995485,232.6959772
2332250,69.19699799,0.429485992,232.6498492
2332500,54.92499954,0.356261992,232.6907379
2332750,49.84399887,0.354718992,232.6904407
2333000,42.48699936,0.308909494,232.7150488
2333250,48.49199829,0.381973997,232.6982959
2333500,62.79899918,0.408918986,232.6905945
2333750,62.79899918,0.408918986,232.6905945
2334000,50.18699844,0.343514992,232.6919464
2334250,56.55099884,0.428070993,232.720603
2334500,63.85999939,0.386978991,232.6892126
2334750,51.9519986,0.38374099,232.695993
2335000,64.51799973,0.465032493,232.6568091
2335250,73.1589978,0.436131995,232.7028107
2335500,59.80499893,0.384944483,232.6968103
2335750,50.52199982,0.366285493,232.6840247
2336000,57.98099854,0.415294489,232.6618732
2336250,61.32099701,0.413548993,232.7021521
2336500,65.27799713,0.444098984,232.6779901
2336750,67.60599945,0.429189994,232.7045221
2337000,61.37299927,0.408324491,232.707276
2337250,70.90899902,0.514080998,232.6693219
2337500,80.38999847,0.493317487,232.6614172
2337750,83.33999939,0.540737493,232.6566431
2338000,91.22,0.562309978,232.6502441
2338250,87.25999878,0.515625983,232.6839862
2338500,89.49699829,0.557941487,232.6502179
2338750,98.54599945,0.610996978,232.6491638
2339000,103.628996,0.597773488,232.664588
2339250,94.57599762,0.538438983,232.6533368
2339500,84.18299622,0.539928987,232.6904724
2339750,98.54799835,0.643304486,232.6606976
2340000,118.4839978,0.667169473,232.645351
2340250,118.4839978,0.667169473,232.645351
2340500,129.5059988,0.744111986,232.6605066
2340750,135.5249976,0.711206493,232.6561469
2341000,137.8009991,0.781569977,232.6264276
2341250,154.5199969,0.783749473,232.6144525
2341500,150.2609979,0.787874975,232.60112
2341750,146.2709998,0.737721982,232.627923
2342000,136.2259985,0.730509481,232.6381378
2342250,144.4679999,0.810219469,232.6130121
2342500,165.9499994,0.828149498,232.5714734
2342750,171.2920013,0.865473483,232.6002417
2343000,175.4549976,0.856202974,232.5863385
2343250,173.445993,0.87112299,232.5927466
2343500,173.4839935,0.842012997,232.5903076
2343750,167.0769958,0.839952481,232.6176178
2344000,169.9749969,0.836945977,232.6010266
2344250,173.162998,0.894511471,232.576944
2344500,186.5419971,0.887779479,232.5927631
2344750,177.8189954,0.869829972,232.6001947
2345000,178.1069977,0.873634481,232.6002283
2345250,175.9349969,0.834991977,232.6306116
2345500,163.5469977,0.861093478,232.6138983
2345750,173.6629999,0.840621479,232.5756982
2346000,162.7099963,0.848283467,232.6213239
2346250,174.1789972,0.830474474,232.6263074
2346500,157.778999,0.811669977,232.6302362
2346750,157.778999,0.811669977,232.6302362
2347000,148.9709943,0.714431469,232.6626984
2347250,124.6469971,0.732287478,232.6321228
2347500,147.2769971,0.756130977,232.6142822
2347750,140.3519971,0.756949966,232.598363
2348000,143.1539978,0.742775972,232.6143463
2348250,139.2859955,0.784749978,232.6200165
2348500,156.9019952,0.774696484,232.6275623
2348750,144.5009967,0.758550491,232.6128802
2349000,142.8789966,0.712159479,232.6303156
2349250,113.8659976,0.669352481,232.6350812
2349500,116.594996,0.638888481,232.6667944
2349750,103.5859979,0.599297485,232.6676105
2350000,103.1469989,0.57043098,232.6759296
2350250,93.32399963,0.563240991,232.672962
2350500,96.98799866,0.559841988,232.6809235
2350750,91.47299774,0.531311471,232.6934198
2351000,81.51899902,0.51059248,232.6670587
2351250,82.8230014,0.541787977,232.6667548
2351500,91.3739975,0.524142989,232.6638477
2351750,75.4919986,0.47553049,232.6690674
2352000,77.15999908,0.475125483,232.6536761
2352250,76.72299927,0.462133988,232.6881476
2352500,66.92599777,0.417720985,232.7131958
2352750,57.11499832,0.379810494,232.6974176
2353000,48.99399887,0.343057989,232.7040082
2353250,48.99399887,0.343057989,232.7040082
2353500,42.44999908,0.310611988,232.7021393
2353750,43.33099945,0.349648988,232.6728961
2354000,54.62299988,0.365545986,232.6946338
2354250,43.4669989,0.308299496,232.7176361
2354500,36.13999908,0.289293492,232.7361237
2354750,35.80499908,0.317432494,232.7019159
2355000,53.61599884,0.362486991,232.7069226
2355250,43.26699905,0.312761494,232.7057782
2355500,40.52800079,0.300799993,232.6999591
2355750,39.65099823,0.316177492,232.70341
2356000,42.71100037,0.301179497,232.71854
2356250,37.4919986,0.300160995,232.7175146
2356500,42.74899887,0.318323492,232.7034479
2356750,34.97299927,0.279240996,232.7336975
2357000,32.58999901,0.277189496,232.7094977
2357250,34.11599915,0.285322999,232.7317242
2357500,37.34799942,0.306764495,232.6706116
2357750,45.60899948,0.323847991,232.6977002
2358000,39.89899956,0.286943991,232.7118805
2358250,36.98399895,0.313473997,232.7219458
2358500,48.85699783,0.35623049,232.7022961
2358750,45.85799866,0.295533993,232.7202026
2359000,36.48499939,0.289513988,232.7242175
2359250,38.7919989,0.311984991,232.721593
2359500,39.45699875,0.285257493,232.7076105
2359750,39.45699875,0.285257493,232.7076105
2360000,35.15099945,0.284535494,232.7110089
2360250,36.89900055,0.302270491,232.6945789
2360500,43.52100113,0.322781497,232.6789929
2360750,39.82100113,0.289955992,232.7061548
2361000,35.02099808,0.280407488,232.7143237
2361250,33.83399918,0.283732491,232.7022986
2361500,38.72000015,0.334805496,232.7163208
2361750,55.84099838,0.40225399,232.6978253
2362000,53.99399887,0.353518988,232.6952173
2362250,46.38299957,0.320623993,232.7021118
2362500,49.79599838,0.379467984,232.6986835
2362750,58.69099762,0.412683494,232.6817792
2363000,66.78799774,0.42827899,232.6677148
2363250,59.92499893,0.393298993,232.6635986
2363500,64.8229982,0.465304987,232.6554565
2363750,73.86899963,0.448188493,232.6697607
2364000,78.59299744,0.564466484,232.6487292
2364250,89.21899811,0.498363489,232.6800116
2364500,75.78699982,0.45561049,232.6811707
2364750,70.68999878,0.479127991,232.6867883
2365000,88.29199707,0.596308975,232.656792
2365250,102.9450046,0.602960987,232.6689777
2365500,98.80000061,0.536758482,232.6755078
2365750,89.17699646,0.549677992,232.6389221
2366000,104.2699988,0.658953481,232.6506348
2366250,104.2699988,0.658953481,232.6506348
2366500,115.9749976,0.63033999,232.646731
2366750,111.5309973,0.676325469,232.6366425
2367000,118.467995,0.655912986,232.6412018
2367250,121.4129968,0.674808481,232.635708
2367500,118.6489981,0.637510986,232.6423474
2367750,108.3129987,0.61761698,232.656731
2368000,111.5959961,0.645114486,232.6162421
2368250,109.1929977,0.630174978,232.6492896
2368500,102.7299994,0.605122972,232.6503491
2368750,112.4779965,0.689958482,232.6349054
2369000,128.1229974,0.678393979,232.6334424
2369250,124.7669965,0.723986969,232.6351776
2369500,137.7659967,0.753828485,232.6288733
2369750,143.4529962,0.746714478,232.659577
2370000,137.5209979,0.750619483,232.6479211
2370250,138.3829987,0.724982474,232.6554565
2370500,139.8619952,0.773150992,232.6138757
2370750,151.6819965,0.786719985,232.6269232
2371000,158.2259979,0.825993977,232.5906689
2371250,169.7899982,0.857224491,232.5957306
2371500,173.9109875,0.858718474,232.616568
2371750,176.3440009,0.875139494,232.5838513
2372000,182.6519983,0.898088977,232.5915717
2372250,177.7019995,0.805687473,232.6434998
2372500,155.282995,0.855349467,232.5861792
2372750,155.282995,0.855349467,232.5861792
2373000,181.8309991,0.911127975,232.5988568
2373250,188.1009955,0.897644475,232.5790973
2373500,180.4239996,0.875116982,232.608786
2373750,181.1309937,0.904265478,232.5914404
2374000,194.2059918,0.932490475,232.6166034
2374250,191.2739972,0.903663483,232.5950354
2374500,180.5839966,0.879430978,232.6143689
2374750,177.4159979,0.84455797,232.5907397
2375000,163.4009991,0.849977982,232.5838727
2375250,179.0580023,0.864065998,232.6037598
2375500,175.5559955,0.845051486,232.5938928
2375750,166.972995,0.833191478,232.5939868
2376000,170.4639978,0.858711483,232.6024823
2376250,138.4809982,0.581559489,232.6814417
2376500,41.39499954,0.235713992,232.7123163
2376750,17.40100014,0.196728494,232.7274176
2377000,16.78399971,0.194126997,232.7437128
2377250,16.9059996,0.194101993,232.6948816
2377500,17.43,0.195007995,232.6947949
2377750,16.3789994,0.194566994,232.7251453
2378000,17.5,0.194025497,232.7325714
2378250,16.11099953,0.194432497,232.7269043
2378500,17.44299896,0.197402998,232.7100739
2378750,18.33199905,0.207964994,232.7089685
2379000,17.95899994,0.205784494,232.6981714
2379250,17.95899994,0.205784494,232.6981714
2379500,18.83099983,0.204166995,232.7122333
2379750,17.50899994,0.196103496,232.711153
2380000,16.35299969,0.194074494,232.7277039
2380250,17.13199974,0.190772494,232.6991449
2380500,16.3729995,0.193430997,232.686153
2380750,17.47799881,0.198943993,232.6974438
2381000,17.5,0.198178497,232.7152765
2381250,17.02699982,0.194527996,232.6935071
2381500,16.62599953,0.191320498,232.7141528
2381750,16.22299915,0.188076996,232.6988977
2382000,11.50999992,0.136094495,232.7163959
2382250,6.306999893,0.124334496,232.6888824
2382500,6.365999985,0.123465497,232.7217773
2382750,5.612999992,0.123122997,232.7412982
2383000,6.369000015,0.123526997,232.7206024
2383250,6.228999977,0.123737995,232.7021063
2383500,5.64,0.123211998,232.7399298
2383750,6.496000042,0.123485997,232.6942505
2384000,6.100999947,0.123777497,232.7206079
2384250,5.705999985,0.123303497,232.6952252
2384500,6.569000072,0.123103497,232.7264087
2384750,5.958999939,0.123471995,232.7214575
2385000,5.845999985,0.123454995,232.7020355
2385250,6.787999954,0.123465495,232.6900336
2385500,6.409999981,0.123577998,232.7059064
2385750,6.409999981,0.123577998,232.7059064
2386000,6.050999966,0.123549496,232.6919781
2386250,5.679999943,0.123226996,232.7193317
2386500,6.489999981,0.123428997,232.7159399
2386750,6.107999954,0.123606997,232.712666
2387000,5.721000004,0.123372498,232.7190668
2387250,5.558999996,0.123371998,232.7135571
2387500,6.965999928,0.123382497,232.7473621
2387750,5.854999962,0.123224497,232.6893292
2388000,5.432999992,0.122986498,232.7098816
2388250,6.34,0.123345996,232.705722
2388500,6.232999973,0.123348998,232.7009369
2388750,6.887999935,0.123456995,232.7233228
2389000,5.748999939,0.123330996,232.7303796
2389250,6.104999905,0.123169997,232.708092
2389500,6.538999958,0.123625998,232.7056091
2389750,5.664999924,0.123853996,232.7010431
2390000,6.260999966,0.123700496,232.725849
2390250,6.396999969,0.123151497,232.7141779
2390500,5.66699995,0.123217998,232.7444
2390750,6.385999985,0.123557498,232.7022827
2391000,6.27699995,0.123244497,232.727121
2391250,5.683999977,0.123580496,232.7191534
2391500,6.617000027,0.122775996,232.7386487
2391750,6.131999912,0.123377997,232.7147058
2392000,5.844999962,0.123371997,232.7147784
2392250,5.844999962,0.123371997,232.7147784
2392500,6.561000023,0.123148496,232.6971057
2392750,5.994999924,0.123317498,232.7047308
2393000,5.83699995,0.123253496,232.7066345
2393250,6.615999985,0.123395497,232.7257391
2393500,5.870999928,0.123325497,232.7106976
2393750,5.973999939,0.122698498,232.6834393
2394000,5.336999989,0.123385998,232.6919781
2394250,6.506999969,0.123241996,232.6989386
2394500,6.115999928,0.123205995,232.7336658
2394750,5.685999947,0.123167498,232.7013232
2395000,6.57,0.122960498,232.696416
2395250,5.981999912,0.123209997,232.701745
2395500,5.823999939,0.123363997,232.7138568
2395750,6.593000011,0.123505497,232.7221368
2396000,5.852999878,0.123324496,232.7187836
2396250,5.961999931,0.123192499,232.6922174
2396500,6.558999996,0.123260497,232.7074915
2396750,5.742999897,0.123167996,232.6899146
2397000,6.096999912,0.123047997,232.751333
2397250,6.490999966,0.122979997,232.7227167
2397500,5.666999912,0.123167996,232.7430573
2397750,6.22899992,0.123418497,232.705155
2398000,6.395999947,0.123215995,232.6904901
2398250,5.607999935,0.122985498,232.7019708
2398500,6.353999958,0.123566997,232.6990186
2398750,6.353999958,0.123566997,232.6990186
2399000,6.250999947,0.123119998,232.7304108
2399250,5.634999943,0.123287498,232.7189874
2399500,6.471999989,0.123444998,232.69521
2399750,6.022999954,0.123487495,232.7061047
2400000,5.685999947,0.123434996,232.7101703
2400250,6.704999981,0.123192995,232.6923877
2400500,6.026999874,0.123183498,232.6584344
2400750,5.848999939,0.123335997,232.7200647
2401000,6.611000004,0.123495997,232.6967615
2401250,5.881999874,0.123664998,232.6810333
2401500,5.98899992,0.123370498,232.7068677
2401750,6.596000004,0.123569499,232.713595
2402000,5.769999924,0.123538997,232.6933142
2402250,6.122999916,0.123319496,232.6987622
2402500,6.527999973,0.123459495,232.6949939
2402750,5.688999939,0.123243997,232.722049
2403000,6.223999939,0.123387499,232.7198248
2403250,6.434999981,0.123611995,232.7396173
2403500,5.676999969,0.123268996,232.6915955
2403750,6.378999958,0.123379496,232.6950104
2404000,6.296999989,0.123322996,232.7272455
2404250,5.692999954,0.123284497,232.7148724
2404500,6.421999989,0.123510997,232.7038391
2404750,6.141999931,0.123851997,232.6894189
2405000,5.673999996,0.123538998,232.6995129
2405250,5.673999996,0.123538998,232.6995129
2405500,6.589999981,0.123361498,232.7316992
2405750,6.027999954,0.123553997,232.7014752
2406000,5.966999874,0.123139997,232.7242688
2406250,6.596000061,0.123509499,232.7154523
2406500,5.895999928,0.123493496,232.7530841
2406750,5.914999981,0.123139497,232.7149292
2407000,5.39,0.123284997,232.7107306
2407250,6.945999966,0.123117998,232.6926166
2407500,6.052999973,0.123579495,232.7071619
2407750,5.32,0.123723998,232.7249786
2408000,6.891999931,0.123630998,232.7333698
2408250,6.350999966,0.123496497,232.7108032
2408500,6.420999947,0.123062498,232.7125781
2408750,5.414999962,0.123238497,232.7071533
2409000,5.915,0.123476498,232.6959875
2409250,6.974999905,0.123422998,232.7283862
2409500,5.482999992,0.123358996,232.7096991
2409750,5.78,0.123347998,232.7170905
2410000,6.189999905,0.123597998,232.7213873
2410250,6.599999943,0.123039495,232.7273785
2410500,6.578999996,0.123462497,232.6775848
2410750,5.255999947,0.123437495,232.7088422
2411000,6.465999966,0.123294996,232.7018018
2411250,5.641999969,0.123335496,232.7467224
2411500,6.307999954,0.123625498,232.7158081
2411750,6.307999954,0.123625498,232.7158081
2412000,6.332999954,0.123390495,232.7141547
2412250,5.648999958,0.123300997,232.6773267
2412500,6.431999989,0.123111496,232.7015454
2412750,6.194999962,0.122784496,232.6765234
2413000,5.716999969,0.123325495,232.7144812
2413250,6.543000011,0.123592998,232.7026123
2413500,6.05699995,0.123452998,232.7327069
2413750,5.785999966,0.123556997,232.7189789
2414000,6.601000023,0.122959996,232.7200122
2414250,5.930999908,0.123420994,232.6966492
2414500,5.925999908,0.123459997,232.7432141
2414750,6.606999989,0.123365496,232.7017645
2415000,5.750999928,0.123377997,232.7286884
2415250,6.043999901,0.123582998,232.7375
2415500,6.498999958,0.123427995,232.7236646
2415750,5.704999905,0.123667499,232.6957458
2416000,6.175999947,0.123413496,232.7275372
2416250,6.399999962,0.123406996,232.7080731
2416500,5.623999958,0.123108499,232.752771
2416750,6.413999996,0.123480497,232.7390338
2417000,6.298999939,0.123343997,232.749491
2417250,5.622999954,0.123390496,232.6880597
2417500,6.440999985,0.123102494,232.663465
2417750,5.250999985,0.123492996,232.7385846
2418000,6.550999947,0.123391998,232.7011597
2418250,6.550999947,0.123391998,232.7011597
2418500,5.694999905,0.123531497,232.7183862
2418750,6.970999908,0.123233997,232.7273132
2419000,5.777999935,0.123511996,232.7190344
2419250,5.545999985,0.123702497,232.7163623
2419500,6.96399992,0.123356994,232.7106909
2419750,5.878999958,0.123616996,232.7175537
2420000,5.406999989,0.123356497,232.714339
2420250,6.445999985,0.123460998,232.7112518
2420500,6.19199995,0.123817496,232.6841956
2420750,5.713999939,0.123824996,232.7150421
2421000,6.539999962,0.123729997,232.7277625
2421250,6.074999924,0.123510497,232.7195636
2421500,5.781999931,0.123140498,232.7098901
2421750,6.618999996,0.123025498,232.7127209
2422000,5.945999889,0.123224498,232.7007928
2422250,6.043999939,0.123320497,232.7285925
2422500,6.637999973,0.123298996,232.7391461
2422750,5.808999901,0.123397996,232.7075562
2423000,6.041999931,0.123810497,232.6989069
2423250,6.589999962,0.123335998,232.732168
2423500,5.698999901,0.123279497,232.7114813
2423750,6.176999931,0.123665997,232.7219128
2424000,6.48699995,0.123432997,232.7277545
2424250,5.640999947,0.123852497,232.7056006
2424500,6.308999939,0.123366997,232.7145782
2424750,6.308999939,0.123366997,232.7145782
2425000,6.348999958,0.123107496,232.7282495
2425250,5.758999977,0.123453496,232.7169629
2425500,6.427999954,0.123584499,232.7225305
2425750,6.21199995,0.123286997,232.6869617
2426000,5.699999962,0.123359498,232.720423
2426250,6.525999966,0.123371496,232.712912
2426500,6.076999931,0.123565996,232.731803
2426750,5.76399992,0.123609998,232.7378156
2427000,6.605999985,0.123270995,232.6975
2427250,5.948999882,0.123326996,232.7350818
2427500,5.901999912,0.123230498,232.707865
2427750,5.388999977,0.123111995,232.7030359
2428000,6.416999969,0.123270497,232.6920129
2428250,6.072999935,0.123110998,232.701955
2428500,5.634999943,0.123344495,232.7189447
2428750,6.508999977,0.123489997,232.741178
2429000,6.052999916,0.123261997,232.7208728
2429250,5.736999931,0.122952498,232.7558649
2429500,6.588000011,0.123013496,232.72625
2429750,5.919999886,0.123416997,232.7152264
2430000,5.875999928,0.123691496,232.7133386
2430250,6.562999992,0.123116496,232.7182574
2430500,5.796999893,0.122893498,232.7022656
2430750,6.029999924,0.123504997,232.7172485
2431000,6.598999939,0.123238997,232.7135925
2431250,6.598999939,0.123238997,232.7135925
2431500,5.75699995,0.123394997,232.7261218
2431750,6.146999912,0.123684497,232.7178662
2432000,6.460999947,0.123449496,232.7213226
2432250,5.600999908,0.123725996,232.7298108
2432500,6.293999939,0.123381497,232.7190485
2432750,6.32699995,0.123296495,232.7304913
2433000,5.478999958,0.123505997,232.7310168
2433250,5.818999958,0.123691998,232.7134259
2433500,6.041999931,0.123628497,232.6950665
2433750,6.607999954,0.123518496,232.6862488
2434000,6.540999947,0.123550997,232.7105627
2434250,5.253999939,0.123388998,232.6994281
2434500,6.479999981,0.123060496,232.7386017
2434750,5.630999985,0.123154497,232.7176416
2435000,6.26399992,0.123688498,232.7248242
2435250,6.343999958,0.123593996,232.6946674
2435500,5.611999989,0.123149496,232.6920496
2435750,6.397999992,0.123381997,232.736084
2436000,6.238999958,0.123204497,232.7227606
2436250,5.671999912,0.123635498,232.7033875
2436500,6.532999916,0.123417996,232.7263153
2436750,6.061999912,0.123082496,232.7010083
2437000,5.767999954,0.123383996,232.7406396
2437250,6.619999924,0.123498996,232.7024347
2437500,5.966999855,0.123140495,232.7116663
2437750,5.966999855,0.123140495,232.7116663
2438000,5.897999878,0.122962498,232.69802
2438250,6.582000027,0.123065497,232.7297906
2438500,5.85399992,0.123217998,232.7286658
2438750,6.004999981,0.123495496,232.7144885
2439000,6.585000019,0.123434497,232.7062976
2439250,5.736999989,0.123121496,232.6799072
2439500,6.13,0.123196496,232.6922253
2439750,6.534999962,0.123369496,232.7123584
2440000,5.668999958,0.123526497,232.6855548
2440250,6.260999966,0.123267496,232.7506274
2440500,6.396999969,0.123140996,232.7046899
2440750,5.649999962,0.123638998,232.6981934
2441000,6.385999985,0.123497998,232.7146741
2441250,6.258999977,0.123437996,232.711499
2441500,5.683999977,0.123213997,232.7073804
2441750,6.495,0.123540498,232.7280347
2442000,5.252999973,0.123430999,232.6919855
2442250,6.508999958,0.123155998,232.6879962
2442500,6.670999985,0.123196997,232.698136
2442750,5.259999905,0.123140499,232.7178735
2443000,6.387999954,0.123657497,232.6639465
2443250,5.609999943,0.123302997,232.7147766
2443500,6.353999958,0.123381495,232.6804022
2443750,6.250999947,0.123282497,232.7134656
2444000,5.634999943,0.123651996,232.7158258
2444250,5.634999943,0.123651996,232.7158258
2444500,6.471999989,0.123464498,232.7023438
2444750,6.098999939,0.123264999,232.7168976
2445000,5.689999924,0.123343497,232.6923071
2445250,6.639999962,0.123304498,232.6905402
2445500,5.981999912,0.123282498,232.698562
2445750,5.823999939,0.123424997,232.6894824
2446000,6.593000011,0.123130496,232.6939874
2446250,5.852999878,0.123512498,232.6809692
2446500,5.961999931,0.123624996,232.7237653
2446750,6.558999996,0.123261997,232.7041931
2447000,5.728999844,0.123245998,232.7062976
2447250,6.097999916,0.123462498,232.6961859
2447500,6.414999943,0.123294497,232.7151483
2447750,5.66399992,0.123275496,232.6919635
2448000,6.299999886,0.123268997,232.7004602
2448250,5.25,0.123448496,232.670921
2448500,6.814999943,0.123224998,232.688833
2448750,6.373999939,0.123635498,232.6782184
2449000,6.240999928,0.123244995,232.6847949
2449250,5.669999924,0.123676497,232.6818182
2449500,6.498999939,0.123465995,232.7161871
2449750,5.253999958,0.123071498,232.7117365
2450000,6.50199995,0.123396496,232.7270447
2450250,5.503999939,0.123377996,232.6871545
2450500,6.243999939,0.123415997,232.6886017
2450750,6.243999939,0.123415997,232.6886017
2451000,6.365999966,0.123360997,232.6862579
2451250,5.597999935,0.123524497,232.7110431
2451500,6.380999966,0.123076997,232.7092682
2451750,6.227999973,0.122940997,232.6993622
2452000,5.665999966,0.123235995,232.6884283
2452250,6.456000004,0.123057497,232.6803455
2452500,6.134999943,0.123402995,232.6539038
2452750,5.708999939,0.123290498,232.7049078
2453000,6.559000015,0.123421998,232.7005219
2453250,5.958999901,0.123456998,232.6880444
2453500,5.837999935,0.123393497,232.703266
2453750,6.455000019,0.123129497,232.6982971
2454000,5.842999954,0.123283996,232.7036523
2454250,5.946999969,0.122507996,232.6903308
2454500,5.285,0.122945998,232.6903052
2454750,6.459999943,0.122895497,232.6876666
2455000,6.141999931,0.123046498,232.6928424
2455250,5.745999947,0.123004997,232.7107397
2455500,6.587999973,0.123077497,232.7130023
2455750,6.009999905,0.123153998,232.703916
2456000,5.813999958,0.123431497,232.6795062
2456250,6.645999985,0.123287496,232.6921368
2456500,5.877999897,0.123058998,232.7145123
2456750,5.987999916,0.123253996,232.7024268
2457000,6.622999973,0.123450499,232.6929303
2457250,6.622999973,0.123450499,232.6929303
2457500,5.762999897,0.123396496,232.684809
2457750,6.123999901,0.123355999,232.6888245
2458000,6.570999966,0.123509994,232.6957379
2458250,5.695999966,0.123726497,232.72849
2458500,6.257999916,0.123216996,232.6964844
2458750,6.434999981,0.123151498,232.6947699
2459000,5.54199995,0.123369996,232.698772
2459250,6.292999954,0.123081999,232.724657
2459500,6.278999958,0.123056996,232.6687372
2459750,5.696999931,0.123025996,232.6813324
2460000,6.496999989,0.123071498,232.679281
2460250,6.145999928,0.123310996,232.6883044
2460500,5.694999924,0.123299995,232.6919061
2460750,5.575999985,0.122872998,232.6924091
2461000,6.22899992,0.122900496,232.6876349
2461250,6.39199995,0.123209997,232.6760199
2461500,5.591999931,0.123592496,232.679939
2461750,6.355999947,0.123091997,232.6877625
2462000,6.250999947,0.123130496,232.6996448
2462250,5.600999928,0.123515997,232.7066083
2462500,6.479999981,0.123519996,232.6778345
2462750,6.114999924,0.123812498,232.6960895
2463000,5.651999931,0.123716494,232.6802246
2463250,6.543999977,0.123513997,232.6809241
2463500,5.989999905,0.123285996,232.6589142
2463750,5.989999905,0.123285996,232.6589142
2464000,5.787999916,0.123337499,232.6889935
2464250,6.601000004,0.123155996,232.6678497
2464500,5.852999878,0.123063498,232.6935767
2464750,5.961999931,0.123386496,232.6875452
2465000,6.524999981,0.123860494,232.7168835
2465250,5.742999897,0.123820996,232.6954895
2465500,6.063999901,0.123193996,232.703089
2465750,6.533999939,0.123240496,232.7280164
2466000,5.73199995,0.123189996,232.6850659
2466250,6.18399992,0.123808996,232.7104028
2466500,6.424999962,0.123070999,232.6838019
2466750,5.609999962,0.123149996,232.7117926
2467000,6.311000004,0.123469998,232.6966333
2467250,6.296999989,0.123489496,232.6896271
2467500,5.622999992,0.123558497,232.7099103
2467750,6.429000034,0.123029996,232.7090186
2468000,6.15199995,0.123335498,232.7065454
2468250,5.67699995,0.123310997,232.7042572
2468500,6.536999989,0.123247996,232.7144568
2468750,6.025999928,0.123604997,232.7146667
2469000,5.777999954,0.123263499,232.6918848
2469250,6.596000061,0.123190497,232.7033215
2469500,5.260999908,0.123332994,232.6913708
2469750,6.343999977,0.123042997,232.715401
2470000,5.645999947,0.123414997,232.7081879
2470250,5.645999947,0.123414997,232.7081879
2470500,6.462999992,0.123557498,232.71245
2470750,6.120999966,0.123227997,232.7040265
2471000,5.735999966,0.123012497,232.7007629
2471250,6.543000011,0.123074498,232.703512
2471500,6.05699995,0.123408497,232.6992426
2471750,5.785999966,0.122926995,232.7062012
2472000,6.601000023,0.123184996,232.7066742
2472250,5.927999916,0.123500997,232.7094116
2472500,5.923999958,0.122973498,232.7189233
2472750,6.532999973,0.123402496,232.7054919
2473000,5.288999901,0.123226996,232.7127051
2473250,6.162999935,0.123244999,232.7008258
2473500,5.725999889,0.123361498,232.7204181
2473750,6.57399992,0.122938499,232.7224902
2474000,6.032999878,0.123320498,232.7027753
2474250,5.75899992,0.123072997,232.7037067
2474500,6.650999947,0.123479998,232.7170837
2474750,5.92099987,0.123114498,232.703877
2475000,5.961999893,0.123617997,232.6855707
2475250,6.627999935,0.123465496,232.7033948
2475500,5.778999844,0.123593998,232.7086658
2475750,6.027999916,0.123559998,232.6999731
2476000,6.489999962,0.123132998,232.6969635
2476250,5.685999928,0.123250498,232.6946332
2476500,6.23599987,0.123608497,232.7012103
2476750,6.23599987,0.123608497,232.7012103
2477000,6.31,0.123697498,232.7136414
2477250,5.622999878,0.123112999,232.7174884
2477500,6.361999893,0.123315997,232.6934259
2477750,6.308999939,0.123356998,232.7011328
2478000,5.513999939,0.123476497,232.6788434
2478250,5.746999989,0.123211496,232.6925366
2478500,6.042999916,0.123362497,232.7210101
2478750,6.537999973,0.123612496,232.7374915
2479000,5.676999931,0.123789498,232.7206262
2479250,6.184999943,0.123418497,232.6971149
2479500,6.432999954,0.123339997,232.6740747
2479750,5.588999958,0.123276496,232.7039777
2480000,6.305999947,0.123499996,232.7002277
2480250,6.294999962,0.123481997,232.6955621
2480500,5.623999939,0.123342996,232.6836902
2480750,6.438999977,0.123303996,232.6818433
2481000,6.158999939,0.123223496,232.6973529
2481250,5.709999943,0.123337997,232.7205768
2481500,6.536999989,0.123087496,232.7187787
2481750,6.02399992,0.123464996,232.6838818
2482000,5.777999935,0.123478497,232.7135449
2482250,6.560000019,0.122725497,232.6971686
2482500,5.260999908,0.123135498,232.6821942
2482750,6.345999947,0.123333498,232.6905054
2483000,6.800999966,0.123535997,232.6823303
2483250,6.800999966,0.123535997,232.6823303
2483500,5.782999935,0.123314498,232.7076086
2483750,6.015999947,0.123753997,232.7122644
2484000,6.511000004,0.123650497,232.7101331
2484250,5.310999947,0.123176997,232.6895386
2484500,6.034000015,0.123516998,232.7036584
2484750,5.79,0.123397996,232.7150665
2485000,6.618999996,0.122780997,232.6967383
2485250,5.945999889,0.123499997,232.7179706
2485500,5.919999924,0.123148997,232.7186267
2485750,6.637999973,0.123096997,232.6861053
2486000,5.821999893,0.123617496,232.7060565
2486250,6.055999908,0.123415495,232.6969952
2486500,6.568999977,0.123361496,232.6845544
2486750,5.299999924,0.123405997,232.7320917
2487000,6.028999996,0.123237497,232.7128735
2487250,5.740999966,0.123293497,232.7200189
2487500,6.570000038,0.123401996,232.7165198
2487750,5.901999912,0.123225997,232.719444
2488000,5.878999958,0.123758997,232.690545
2488250,6.545000019,0.123409996,232.7375397
2488500,5.782999935,0.123088497,232.7075775
2488750,6.029999924,0.123073997,232.7036902
2489000,6.524999981,0.122894497,232.700033
2489250,5.697999897,0.123131496,232.7302899
2489500,6.147999916,0.123027498,232.6945453
2489750,6.147999916,0.123027498,232.6945453
2490000,6.439999962,0.123191997,232.6815137
2490250,5.61899992,0.123458498,232.7107788
2490500,6.275999928,0.123501496,232.6755292
2490750,6.322999954,0.123555997,232.7109296
2491000,5.599999924,0.122726496,232.7172327
2491250,6.541999989,0.123123997,232.7168005
2491500,6.172999935,0.123438496,232.6973688
2491750,5.598999939,0.123286498,232.6888641
2492000,5.662999973,0.123247995,232.7239148
2492250,6.186999931,0.123182496,232.7412091
2492500,6.487999935,0.123216996,232.7225134
2492750,5.636999912,0.123104496,232.6893878
2493000,6.304999905,0.123257997,232.7293793
2493250,6.349999943,0.123014994,232.6948322
2493500,5.661999912,0.123227496,232.7163763
2493750,6.428999939,0.123164997,232.7206805
2494000,6.212999935,0.123416497,232.7275952
2494250,5.625999966,0.123262495,232.7127985
2494500,6.52699995,0.123841997,232.7264813
2494750,6.077999916,0.123518496,232.7163849
2495000,5.76399992,0.123644497,232.706698
2495250,6.605999985,0.123091997,232.7409937
2495500,5.967999916,0.122903497,232.7406885
2495750,5.897999935,0.123075497,232.7200269
2496000,5.388999977,0.123159497,232.7095685
2496250,5.388999977,0.123159497,232.7095685
2496500,6.402999973,0.123405496,232.7284259
2496750,6.190999928,0.123399498,232.7114972
2497000,5.742999992,0.123518497,232.6943628
2497250,6.495999966,0.123264998,232.6950665
2497500,6.054999905,0.123371997,232.7473785
2497750,6.974999905,0.122882497,232.7105127
2498000,5.345999908,0.123593998,232.702666
2498250,5.949999981,0.123172497,232.694939
2498500,5.846999931,0.123358996,232.6954431
2498750,6.586999989,0.123200497,232.7049695
2499000,5.834999905,0.123345496,232.7288843
2499250,5.98399992,0.123832496,232.7097321
2499500,6.550999966,0.123232497,232.6892023
2499750,5.69899992,0.123549496,232.7038812
2500000,6.108999939,0.123333499,232.7099548
2500250,6.468999958,0.123301497,232.7419373
2500500,5.431000004,0.123229497,232.7250989
2500750,5.964999962,0.123478996,232.7061719
2501000,5.85899992,0.123602998,232.7310193
2501250,6.618999977,0.123404998,232.727113
2501500,5.845999851,0.123100998,232.7228271
2501750,5.995999908,0.122942496,232.724657
2502000,6.548999977,0.123390499,232.7295636
2502250,5.73599987,0.123417497,232.7051617
2502500,6.132999897,0.123689496,232.7324023
2502750,6.132999897,0.123689496,232.7324023
2503000,6.552999935,0.123326496,232.7108508
2503250,5.681999912,0.123068497,232.7242505
2503500,6.257999916,0.123224997,232.7288892
2503750,6.424999962,0.122959496,232.7488263
2504000,5.662999916,0.123119997,232.7456818
2504250,6.348999958,0.123507997,232.74617
2504500,6.27699995,0.123022996,232.7181042
2504750,5.574999943,0.122942994,232.7622278
2505000,5.688999996,0.123016996,232.7312573
2505250,6.082999954,0.123587495,232.7345898
2505500,6.476999989,0.123444496,232.7376013
2505750,5.63699995,0.123106996,232.7268341
2506000,6.214999962,0.122975496,232.7033783
2506250,6.373999977,0.123025498,232.6891412
2506500,5.569999981,0.123325997,232.7215521
2506750,6.325,0.123026498,232.705498
2507000,6.236999969,0.123440496,232.6978101
2507250,5.673999977,0.123238496,232.7419781
2507500,6.462000027,0.123205994,232.7052094
2507750,6.100999947,0.123324497,232.7064508
2508000,5.671999969,0.123690495,232.7107452
2508250,6.54300005,0.123086997,232.7170343
2508500,5.966999931,0.123268999,232.6903784
2508750,5.809999962,0.123185498,232.7119537
2509000,6.562000027,0.123196496,232.7076843
2509250,6.562000027,0.123196496,232.7076843
2509500,5.841999931,0.122830496,232.706283
2509750,5.947999954,0.123262498,232.70737
2510000,6.528000011,0.123567495,232.7203851
2510250,5.293999939,0.123421997,232.7098492
2510500,6.138999958,0.123271995,232.6956415
2510750,5.747999935,0.123243998,232.6940894
2511000,6.574999962,0.123077497,232.7202411
2511250,6.012999897,0.123103496,232.733891
2511500,5.832999916,0.122961496,232.7370148
2511750,6.632999973,0.122950498,232.7245953
2512000,5.884999866,0.123356497,232.710824
2512250,5.969999905,0.123502995,232.7017456
2512500,6.607999954,0.123121998,232.721889
2512750,5.78399992,0.123286498,232.7270258
2513000,6.105999889,0.123479997,232.7088495
2513250,6.410999985,0.123147999,232.7071301
2513500,5.667999897,0.122810495,232.7283551
2513750,6.239999905,0.123056497,232.711004
2514000,5.25,0.123368998,232.7457684
2514250,6.58,0.123411996,232.6951367
2514500,5.85599987,0.123413497,232.7272186
2514750,5.942999916,0.123109497,232.6928485
2515000,6.466000023,0.123306497,232.71664
2515250,5.750999889,0.123273495,232.7363214
2515500,6.097999916,0.122625498,232.7305389
2515750,6.097999916,0.122625498,232.7305389
2516000,6.490999966,0.122778997,232.7316412
2516250,5.652999897,0.123043997,232.7171063
2516500,6.193999901,0.123168,232.7257874
2516750,6.395999947,0.123102997,232.7450598
2517000,5.57399992,0.122701998,232.7325775
2517250,6.321999931,0.123081997,232.7010498
2517500,6.258999939,0.123404496,232.7094757
2517750,5.59899992,0.123466996,232.7364093
2518000,6.437999973,0.123171498,232.741554
2518250,5.252999954,0.123421498,232.7423071
2518500,6.574999905,0.123485497,232.7297626
2518750,5.744999981,0.123633997,232.7620667
2519000,6.236999855,0.122996498,232.7060358
2519250,6.436999912,0.123273995,232.741449
2519500,5.542999992,0.123074497,232.7217859
2519750,6.314999943,0.123642995,232.7169385
2520000,6.308999939,0.123594996,232.7367621
2520250,5.654999905,0.123454496,232.7345776
2520500,6.448999939,0.123100494,232.743371
2520750,6.172999916,0.123327998,232.7163055
2521000,5.65399992,0.123031996,232.7228253
2521250,5.614999981,0.123251497,232.7484033
2521500,6.185999928,0.123076496,232.7383551
2521750,6.467999954,0.123290996,232.7347516
2522000,5.598999939,0.123653999,232.7048639
2522250,5.598999939,0.123653999,232.7048639
2522500,6.314999943,0.123370997,232.7068976
2522750,6.304999981,0.123091497,232.7284814
2523000,5.588999958,0.122604498,232.7452325
2523250,6.403000011,0.123387997,232.7455481
2523500,6.160999966,0.123367997,232.7229779
2523750,5.637999973,0.122811996,232.7026672
2524000,6.512000027,0.123266998,232.7184259
2524250,6.033999939,0.123090998,232.7176501
2524500,5.740999966,0.123324496,232.7380243
2524750,5.536999969,0.123098996,232.7371405
2525000,6.322999916,0.123094997,232.7091852
2525250,6.345999947,0.123738997,232.7469635
2525500,5.679999924,0.123394998,232.7277612
2525750,6.44199995,0.123346997,232.756449
2526000,6.208999939,0.123269497,232.7396655
2526250,5.713999939,0.122953997,232.7441705
2526500,6.539999962,0.122979998,232.7038318
2526750,6.074999924,0.123249496,232.7274982
2527000,5.781999931,0.123361998,232.7894238
2527250,6.628000011,0.123372497,232.7792047
2527500,5.945999889,0.122840497,232.718642
2527750,5.919999924,0.123081998,232.7142267
2528000,6.724999943,0.122915494,232.7393225
2528250,5.841999874,0.123561996,232.7500854
2528500,6.057999916,0.122810995,232.7360083
2528750,6.057999916,0.122810995,232.7360083
2529000,5.285,0.123478495,232.706355
2529250,6.512000027,0.123212497,232.721377
2529500,6.037999954,0.122922496,232.7306677
2529750,5.740999966,0.123295996,232.7018427
2530000,6.446000023,0.122962499,232.7157086
2530250,5.901999912,0.123161499,232.729425
2530500,5.878999958,0.123125996,232.7308441
2530750,6.536000023,0.123180496,232.7278894
2531000,5.799999905,0.123184497,232.7190784
2531250,6.011999912,0.123227498,232.7232495
2531500,6.511999989,0.123238496,232.7677631
2531750,5.306999912,0.123119997,232.7215851
2532000,6.071999969,0.123354498,232.7348425
2532250,5.781999931,0.123251496,232.7188733
2532500,6.583999996,0.123403997,232.7535144
2532750,5.962999916,0.123368499,232.7369537
2533000,5.897999935,0.123294997,232.7485535
2533250,6.479000015,0.123453498,232.7190576
2533500,5.838999939,0.123683997,232.7520166
2533750,6.037999897,0.123667497,232.7313135
2534000,6.539000015,0.123439998,232.7608759
2534250,5.577999916,0.123210497,232.7417615
2534500,6.096999969,0.123082497,232.7249371
2534750,6.487999935,0.123154997,232.7249213
2535000,5.654999943,0.122809495,232.7307385
2535250,5.654999943,0.122809495,232.7307385
2535500,6.234999943,0.122908998,232.7174591
2535750,6.349999943,0.123017996,232.7206488
2536000,5.483999901,0.123083996,232.7227802
2536250,5.776999989,0.123100494,232.7366229
2536500,5.993999901,0.123208996,232.713938
2536750,6.417000008,0.123084997,232.7240192
2537000,5.700999889,0.123570498,232.735965
2537250,6.128999901,0.123135498,232.7154102
2537500,6.464999943,0.123541997,232.7167841
2537750,5.674999905,0.123441996,232.7003699
2538000,6.261999931,0.123307498,232.7225592
2538250,6.32699995,0.123186997,232.7306097
2538500,5.581999912,0.123294497,232.7478973
2538750,6.385999947,0.123004499,232.7236121
2539000,6.22699995,0.123246498,232.7332489
2539250,5.571999931,0.123078497,232.6989966
2539500,5.683999958,0.123241997,232.6913135
2539750,6.16599987,0.123322997,232.7157684
2540000,6.505999908,0.123074497,232.7228735
2540250,5.649999866,0.123092997,232.749491
2540500,6.303999863,0.123489497,232.7353931
2540750,6.377999935,0.123147496,232.7428198
2541000,5.646999912,0.123424496,232.7443628
2541250,6.354999943,0.123580498,232.7339539
2541500,6.240999928,0.123736497,232.7233618
2541750,6.240999928,0.123736497,232.7233618
2542000,5.671999912,0.123565997,232.7077795
2542250,6.498000011,0.123480496,232.7509845
2542500,6.141999931,0.123293496,232.7108893
2542750,5.747999935,0.123317498,232.7128827
2543000,6.587999973,0.123352497,232.6970441
2543250,6.009999905,0.123278497,232.7411847
2543500,5.850999928,0.123095998,232.7269397
2543750,5.432999992,0.123145996,232.7424493
2544000,6.342999992,0.123534997,232.7159607
2544250,6.236999969,0.123730998,232.7395612
2544500,5.602999992,0.123525498,232.6983441
2544750,6.453000031,0.123285497,232.7288654
2545000,6.100999947,0.123504497,232.7076831
2545250,5.671999969,0.123514998,232.7113617
2545500,6.54300005,0.123338997,232.715506
2545750,5.966999931,0.123282996,232.7190186
2546000,5.809999962,0.123156495,232.7186743
2546250,6.562000027,0.122980997,232.7259955
2546500,5.841999931,0.123523997,232.6949518
2546750,5.946999969,0.123713997,232.7261804
2547000,5.371999989,0.123344996,232.6987079
2547250,6.609000015,0.123134498,232.7347797
2547500,6.155999908,0.122975996,232.7473047
2547750,5.747999935,0.123076997,232.7260901
2548000,6.587999973,0.123368997,232.7165289
2548250,6.587999973,0.123368997,232.7165289
2548500,6.009999905,0.123315498,232.7202875
2548750,5.850999928,0.123486498,232.7273615
2549000,6.511999989,0.123345498,232.7262665
2549250,5.881999874,0.123154499,232.726051
2549500,5.987999916,0.123260998,232.7317633
2549750,6.620999966,0.123315998,232.7172717
2550000,5.762999897,0.123153998,232.7086584
2550250,6.123999901,0.123362997,232.7094684
2550500,6.552999935,0.123332497,232.7048114
2550750,5.681999912,0.123045996,232.7156836
2551000,6.257999916,0.123315496,232.6878015
2551250,5.25,0.123322498,232.730451
2551500,6.791999969,0.123328997,232.742113
2551750,6.33199995,0.123333999,232.7310181
2552000,5.25,0.123805996,232.7282269
2552250,6.528000011,0.123643496,232.7059595
2552500,5.725999985,0.123069498,232.7305463
2552750,6.082999954,0.123087497,232.7118671
2553000,6.476999989,0.123345997,232.7183069
2553250,5.649999905,0.123367997,232.7413959
2553500,6.21199995,0.122645497,232.6878802
2553750,6.39199995,0.123142497,232.7284497
2554000,5.373999958,0.123354997,232.742019
2554250,5.868999977,0.123235496,232.7235071
2554500,5.899999943,0.123091495,232.7062421
2554750,5.899999943,0.123091495,232.7062421
2555000,6.556000023,0.123261498,232.7262415
2555250,5.626999912,0.123412995,232.7309937
2555500,6.101999931,0.123063496,232.7065778
2555750,6.486999969,0.123217494,232.7192908
2556000,5.66399992,0.123069497,232.7242261
2556250,6.239999905,0.123298496,232.7049536
2556500,6.436999969,0.123339498,232.71565
2556750,5.644999905,0.123269997,232.7408728
2557000,6.370999928,0.123179498,232.7213293
2557250,6.300999985,0.123049996,232.7239142
2557500,5.517999992,0.123319499,232.7075085
2557750,6.449999905,0.123377495,232.7406897
2558000,6.053999958,0.123289497,232.7277063
2558250,5.65399992,0.122915497,232.7334222
2558500,5.614999981,0.122966996,232.7202991
2558750,6.184999981,0.123066496,232.698363
2559000,6.442999973,0.123136498,232.7356738
2559250,5.605999966,0.123156497,232.7368494
2559500,6.311000004,0.123191497,232.7250208
2559750,6.295999966,0.123066497,232.7340656
2560000,5.586999969,0.122867998,232.7000659
2560250,6.403000011,0.123330497,232.7091302
2560500,6.168999958,0.123518496,232.7023389
2560750,5.637999973,0.123447997,232.7167377
2561000,6.504000034,0.123425999,232.691626
2561250,6.504000034,0.123425999,232.691626
2561500,6.033999939,0.123293997,232.7339545
2561750,5.740999966,0.123508996,232.7051154
2562000,6.570000038,0.123886496,232.6912256
2562250,5.901999912,0.123267497,232.7097772
2562500,5.878999958,0.123115497,232.7276263
2562750,5.423999977,0.123111998,232.7164819
2563000,6.44199995,0.122984497,232.7015613
2563250,6.208999939,0.123047496,232.7207129
2563500,6.904999943,0.123445496,232.6875433
2563750,5.310999947,0.122977497,232.7115143
2564000,6.069999962,0.123053496,232.730625
2564250,5.781999931,0.123418997,232.7114899
2564500,6.723999958,0.123160996,232.7130176
2564750,5.969999924,0.123074498,232.7213544
2565000,5.919999924,0.123494494,232.7194116
2565250,6.646999989,0.123711996,232.7315918
2565500,5.804999905,0.123299495,232.7101294
2565750,6.055999908,0.123797495,232.71513
2566000,6.621999931,0.123296996,232.6839783
2566250,5.76699995,0.123015994,232.7206342
2566500,6.190999908,0.123156498,232.7444818
2566750,6.331999969,0.122986495,232.7456805
2567000,5.367999954,0.123274497,232.7037122
2567250,5.891999989,0.123573996,232.7085461
2567500,5.874999924,0.123170497,232.7146185
2567750,5.874999924,0.123170497,232.7146185
2568000,6.458000011,0.122927496,232.7273785
2568250,5.795999889,0.123409997,232.7119714
2568500,6.011999912,0.123366498,232.7230273
2568750,6.528999977,0.123034496,232.7427881
2569000,5.767999897,0.122967497,232.7256604
2569250,6.144999943,0.123203496,232.7315155
2569500,6.534999962,0.122736996,232.7412982
2569750,5.61899992,0.123040496,232.7300964
2570000,6.275999928,0.123018498,232.7454999
2570250,6.322999954,0.123439997,232.7166516
2570500,5.460999947,0.123283496,232.7129388
2570750,5.815000019,0.123159997,232.7370587
2571000,5.987999954,0.122979997,232.6976825
2571250,6.58699995,0.122944995,232.6966052
2571500,5.730999928,0.123141497,232.7513397
2571750,6.120999947,0.123130498,232.7034332
2572000,6.503999977,0.123450496,232.7310107
2572250,5.672999954,0.123639496,232.7188336
2572500,6.302999935,0.123247496,232.716709
2572750,6.35199995,0.123057496,232.705011
2573000,5.59199995,0.123472996,232.7161139
2573250,6.424999905,0.123597997,232.6931842
2573500,5.250999985,0.123543997,232.7083887
2573750,6.571999969,0.123346998,232.7099896
2574000,5.760999966,0.123494497,232.716955
2574250,5.760999966,0.123494497,232.716955
2574500,6.108999939,0.123587496,232.7154504
2574750,6.464999943,0.123508495,232.7413306
2575000,5.586999912,0.123295998,232.7366083
2575250,6.261999931,0.122838497,232.7090198
2575500,6.32699995,0.123033495,232.7147705
2575750,5.581999912,0.123071996,232.7188354
2576000,6.389999962,0.123282996,232.7422015
2576250,6.190999928,0.123093498,232.7233624
2576500,5.615999928,0.123472497,232.7402045
2576750,6.499999981,0.123471996,232.7333832
2577000,6.056999912,0.123199495,232.7398633
2577250,5.708999939,0.123053496,232.7187128
2577500,5.562999973,0.123296498,232.7029303
2577750,6.264999905,0.123746498,232.727923
2578000,6.377999935,0.123168496,232.7280579
2578250,6.852999954,0.122858997,232.7210681
2578500,5.293999939,0.123583496,232.7290417
2578750,6.230999928,0.123620996,232.7060425
2579000,5.704999905,0.123117996,232.7202032
2579250,6.539999943,0.123016996,232.7311792
2579500,6.095999889,0.123202496,232.7045044
2579750,5.687999935,0.123275995,232.7250348
2580000,6.595999966,0.123479997,232.7134827
2580250,5.974999886,0.123311497,232.7405695
2580500,5.85899992,0.123418498,232.7075128
2580750,5.85899992,0.123418498,232.7075128
2581000,6.617999973,0.123243496,232.729234
2581250,5.843999863,0.123187998,232.7285522
2581500,5.997999897,0.123265997,232.7159845
2581750,6.584999962,0.123109999,232.7027533
2582000,5.733999882,0.123222498,232.7184076
2582250,6.134999886,0.123559997,232.7105072
2582500,6.515999928,0.123174497,232.722569
2582750,5.34399992,0.123163496,232.6799951
2583000,5.951999989,0.123381497,232.7089069
2583250,5.809999962,0.123085997,232.722843
2583500,6.562000027,0.123519497,232.7433533
2583750,5.840999947,0.123223996,232.6994031
2584000,5.938999958,0.123328497,232.7311383
2584250,6.563000011,0.123203996,232.687074
2584500,5.757999954,0.123032994,232.7149072
2584750,6.082999954,0.122948498,232.7056989
2585000,6.478999996,0.123195499,232.7710663
2585250,5.662999954,0.123280996,232.7255719
2585500,6.213999977,0.122975496,232.6890997
2585750,6.375999985,0.123184496,232.7212653
2586000,5.395999985,0.123247498,232.6699072
2586250,5.864999981,0.123074996,232.7314825
2586500,5.917999954,0.123214996,232.7101587
2586750,6.620999966,0.123280999,232.7159851
2587000,5.762999897,0.123282496,232.7152081
2587250,5.762999897,0.123282496,232.7152081
2587500,6.051999969,0.123176996,232.7236969
2587750,6.554999943,0.123200995,232.7087506
2588000,5.695999966,0.123351495,232.7400409
2588250,6.374999886,0.123039496,232.7419135
2588500,6.414999943,0.123096496,232.7088855
2588750,5.662999916,0.123259996,232.7105859
2589000,6.380999966,0.122987995,232.7374811
2589250,6.27699995,0.123297498,232.7213867
2589500,5.626999969,0.12302,232.7089301
2589750,6.600999947,0.123103498,232.7041937
2590000,6.150999889,0.123319495,232.6901044
2590250,5.694999924,0.123072498,232.7072742
2590500,5.645999985,0.123234998,232.6909857
2590750,6.21199995,0.123000495,232.7022028
2591000,6.395999966,0.123330496,232.7115887
2591250,5.703999939,0.123757498,232.6742102
2591500,6.339999943,0.124071996,232.7054816
2591750,6.328999958,0.123422496,232.7210187
2592000,5.648999958,0.123326498,232.7088348
2592250,6.445999966,0.122864497,232.7149286
2592500,5.252999954,0.123049996,232.7193781
2592750,6.504999943,0.123092998,232.7213934
2593000,5.676999874,0.122824498,232.7212903
2593250,6.236999855,0.123145999,232.7365808
2593500,6.345999947,0.123001998,232.7070154
2593750,6.345999947,0.123001998,232.7070154
2594000,5.756999969,0.122958994,232.745545
2594250,6.36599987,0.123343495,232.7027771
2594500,6.31699995,0.123149497,232.7056354
2594750,5.478999958,0.122653997,232.6923407
2595000,5.783999996,0.122919496,232.7180438
2595250,6.061999893,0.123015498,232.732796
2595500,6.407999992,0.122899498,232.7300043
2595750,5.566999912,0.123187997,232.740556
2596000,6.184999924,0.123237498,232.7362653
2596250,6.395999947,0.123194996,232.7358759
2596500,5.698999977,0.123066998,232.7432422
2596750,6.31699995,0.123315997,232.7318158
2597000,6.294999962,0.123471997,232.7256647
2597250,5.623999939,0.123108996,232.7062994
2597500,6.429999981,0.123167498,232.7193774
2597750,6.158999939,0.123151997,232.7352515
2598000,5.639999943,0.123226996,232.708493
2598250,5.627999973,0.122926998,232.7206097
2598500,6.200999889,0.123115997,232.7160675
2598750,6.448999939,0.122881996,232.7082721
2599000,5.652999935,0.123348997,232.7072345
2599250,6.96399992,0.123382495,232.7161957
2599500,5.869999962,0.122889496,232.7250104
2599750,5.423999977,0.123450998,232.7196405
2600000,6.442999954,0.123360497,232.7060175
2600250,6.442999954,0.123360497,232.7060175
2600500,6.209999943,0.123337496,232.7355078
2600750,5.713999939,0.122848998,232.7138116
2601000,6.505999985,0.122954497,232.7335461
2601250,6.084999943,0.123192497,232.7048816
2601500,5.744999962,0.123077496,232.6943872
2601750,6.603000031,0.123209996,232.7216028
2602000,5.943999901,0.123349995,232.6966675
2602250,5.882999954,0.122916496,232.7082172
2602500,5.406999989,0.122883995,232.6976514
2602750,6.396000023,0.122948997,232.7211224
2603000,6.204999981,0.123162995,232.7266174
2603250,5.662999992,0.123556997,232.7098413
2603500,6.505000038,0.123404996,232.7144958
2603750,6.069999962,0.123663499,232.7001715
2604000,5.730999985,0.123044496,232.6906787
2604250,6.56300005,0.122891497,232.7116443
2604500,5.937999935,0.123056497,232.7104675
2604750,5.862999897,0.123064995,232.7256335
2605000,6.582000027,0.123394997,232.7106915
2605250,5.276999931,0.123023498,232.7136743
2605500,6.227999992,0.123094497,232.7115082
2605750,5.829999886,0.123102496,232.7257385
2606000,6.48800005,0.123418497,232.7262433
2606250,6.094999962,0.123269499,232.7291931
2606500,5.707999992,0.123109497,232.701015
2606750,5.707999992,0.123109497,232.701015
2607000,6.569000072,0.123029498,232.7495288
2607250,5.960999947,0.122843997,232.731051
2607500,6.03599987,0.123180997,232.730921
2607750,6.658000011,0.123198497,232.7187323
2608000,5.835999947,0.123129497,232.6948523
2608250,5.983999977,0.123358997,232.6828583
2608500,6.537000027,0.123220497,232.6918195
2608750,5.72699995,0.123451497,232.7072992
2609000,6.118999977,0.123134996,232.7118756
2609250,6.503999977,0.123500996,232.6874103
2609500,5.345999966,0.123558996,232.7202832
2609750,5.978999977,0.123405496,232.7002191
2610000,6.974999905,0.123185998,232.7210736
2610250,5.574999943,0.122791497,232.7295288
2610500,5.781000004,0.123303496,232.7198572
2610750,5.993999901,0.123016496,232.7193719
2611000,6.515999966,0.122866496,232.7431927
2611250,5.69899992,0.122603496,232.7415466
2611500,6.128999901,0.122977497,232.717312
2611750,6.464999943,0.123585996,232.7439545
2612000,5.586999912,0.123366498,232.7434344
2612250,6.387000008,0.123177499,232.7443958
2612500,6.397999935,0.122846497,232.7269879
2612750,5.581999912,0.123215497,232.7159607
2613000,6.385999947,0.122944497,232.6959454
2613250,6.385999947,0.122944497,232.6959454
2613500,6.194999943,0.122991499,232.7242163
2613750,5.578999958,0.123485997,232.7204663
2614000,5.683999958,0.123016995,232.7432996
2614250,6.133999882,0.123081997,232.7132751
2614500,6.515999928,0.123118497,232.721106
2614750,5.656999893,0.123469498,232.7157623
2615000,6.265999889,0.123167998,232.7138257
2615250,6.377999935,0.123251495,232.7402484
2615500,5.769999943,0.123308497,232.7111871
2615750,6.389999924,0.123292998,232.7165527
2616000,6.250999947,0.123188998,232.7506561
2616250,5.584999924,0.123337498,232.7154834
2616500,5.679999981,0.123267996,232.7059283
2616750,6.109999924,0.123179997,232.7190332
2617000,6.50199995,0.123331997,232.7316486
2617250,5.637999954,0.123162998,232.6898016
2617500,6.214999962,0.122987496,232.7093207
2617750,6.373999977,0.123411496,232.7111456
2618000,5.579999981,0.123096496,232.6911377
2618250,6.379999962,0.123266997,232.6916968
2618500,6.228999958,0.123410997,232.7328491
2618750,5.639999962,0.123433997,232.7074347
2619000,6.490999985,0.123045997,232.7282489
2619250,6.100999947,0.123077997,232.724873
2619500,5.823999939,0.123130997,232.7083679
2619750,5.823999939,0.123130997,232.7083679
2620000,5.597999973,0.123048998,232.7278186
2620250,6.257999916,0.123061498,232.7316101
2620500,6.423999958,0.123086499,232.7189624
2620750,5.660999928,0.123236495,232.7041956
2621000,6.38199995,0.123157995,232.7140607
2621250,6.275999966,0.123413997,232.7248602
2621500,5.700999966,0.122959996,232.7227441
2621750,6.618000011,0.123421496,232.7455548
2622000,6.129999905,0.123473997,232.7245392
2622250,5.716999969,0.122876497,232.7214008
2622500,6.508000031,0.123058999,232.7030908
2622750,6.009999905,0.123065499,232.6965057
2623000,5.850999928,0.123143496,232.6936206
2623250,6.74199995,0.123329997,232.6994904
2623500,5.286999931,0.123212496,232.6969208
2623750,6.232999973,0.123148497,232.7195453
2624000,5.633999939,0.122970998,232.7550763
2624250,6.471999989,0.123198497,232.7227789
2624500,6.114999924,0.123347995,232.7332019
2624750,5.685999947,0.123107998,232.7091693
2625000,6.569000015,0.123028498,232.7327051
2625250,5.881999931,0.122944496,232.7452209
2625500,5.821999931,0.122936498,232.7313391
2625750,5.475999966,0.123157997,232.7207886
2626000,6.371999969,0.123160496,232.7022015
2626250,6.371999969,0.123160496,232.7022015
2626500,6.262999973,0.122968998,232.700675
2626750,5.665999966,0.123158495,232.7133704
2627000,6.481999989,0.122982497,232.7439447
2627250,6.12699995,0.122648997,232.7127386
2627500,5.698999958,0.123052995,232.7225629
2627750,5.571999989,0.123178497,232.7285858
2628000,6.229999924,0.123191497,232.7115784
2628250,6.387999954,0.122970996,232.7184436
2628500,5.609999943,0.123004998,232.7164911
2628750,6.353999958,0.123232498,232.7214996
2629000,6.250999947,0.123218996,232.6884601
2629250,5.634999943,0.122834495,232.7019934
2629500,6.498999939,0.122855998,232.7144501
2629750,6.105999908,0.123347996,232.7225525
2630000,5.854999962,0.123500997,232.7497144
2630250,6.603999977,0.123034994,232.7076257
2630500,5.974999886,0.122981496,232.7143127
2630750,5.860999908,0.123375497,232.6918005
2631000,6.582999992,0.123137996,232.7247394
2631250,5.843999863,0.123304497,232.7013135
2631500,6.125999908,0.123085996,232.7145551
2631750,5.32,0.123025998,232.7177783
2632000,6.598000011,0.123064998,232.7377325
2632250,6.105999928,0.123223999,232.7079932
2632500,5.672999973,0.123282497,232.7058832
2632750,5.672999973,0.123282497,232.7058832
2633000,6.539000053,0.123105496,232.7454346
2633250,5.962999935,0.122846998,232.7313788
2633500,5.826999969,0.122798499,232.7203131
2633750,6.579000034,0.122676495,232.7153772
2634000,5.842999935,0.122857499,232.7714026
2634250,5.948999958,0.122717497,232.7126978
2634500,6.520000019,0.122999496,232.7343286
2634750,5.72699995,0.122958497,232.7190094
2635000,6.116999969,0.123339996,232.7497278
2635250,6.511999969,0.123067995,232.7097601
2635500,5.446999931,0.123024496,232.732619
2635750,5.982999992,0.123091996,232.7100281
2636000,5.854999962,0.122919499,232.7350262
2636250,6.628000011,0.123053496,232.7194983
2636500,5.867999935,0.123073497,232.7121454
2636750,5.99199995,0.123112499,232.7081299
2637000,6.602999992,0.122765996,232.7185089
2637250,5.679999943,0.122818997,232.7174426
2637500,6.12699995,0.123159496,232.7075385
2637750,5.25,0.122973996,232.7033612
2638000,6.637999954,0.123097996,232.7207288
2638250,5.985999889,0.123010995,232.7334259
2638500,5.823999939,0.123072495,232.7318195
2638750,6.642999935,0.123562496,232.7246106
2639000,5.856999855,0.123008497,232.7297455
2639250,5.856999855,0.123008497,232.7297455
2639500,6.033999863,0.123037497,232.7015552
2639750,6.609999943,0.122640496,232.7322577
2640000,5.742999897,0.123199497,232.7301294
2640250,6.169999847,0.122962997,232.7160016
2640500,6.470999928,0.123521496,232.7563696
2640750,5.649999866,0.123015496,232.7191223
2641000,6.301999855,0.122938498,232.7294348
2641250,5.25,0.122752498,232.7305615
2641500,6.549999981,0.122448997,232.7072095
2641750,5.798999882,0.123208996,232.7122339
2642000,5.993999901,0.123684996,232.7026178
2642250,6.515999966,0.123108995,232.719035
2642500,5.700999889,0.122932499,232.7218262
2642750,6.128999901,0.123030996,232.7054724
2643000,6.464999943,0.123152499,232.7195142
2643250,5.604999905,0.123415996,232.6804999
2643500,6.291999931,0.122862995,232.708114
2643750,6.32699995,0.122667995,232.7170642
2644000,5.573999977,0.122932497,232.7122345
2644250,5.818999958,0.123218499,232.7364673
2644500,6.041999931,0.123462997,232.7179694
2644750,6.574999943,0.122892995,232.727713
2645000,5.55599987,0.122595496,232.7188177
2645250,6.132999973,0.123126497,232.7153296
2645500,6.513999958,0.123023998,232.7219385
2645750,6.513999958,0.123023998,232.7219385
2646000,5.739999943,0.122974997,232.7320721
2646250,6.271999989,0.123170998,232.7015454
2646500,6.341999989,0.123247997,232.7208038
2646750,5.634999943,0.122949498,232.7281702
2647000,6.504999981,0.123004997,232.7397467
2647250,6.171999931,0.123023995,232.7129968
2647500,5.601999989,0.122963498,232.7224884
2647750,5.662999973,0.122483997,232.6875702
2648000,6.18899992,0.122865499,232.7128418
2648250,6.483999939,0.1229205,232.6794678
2648500,5.654999924,0.123091497,232.6959009
2648750,6.324999924,0.123800997,232.7115948
2649000,6.345999947,0.123343497,232.7155536
2649250,5.79599987,0.122749996,232.711817
2649500,6.44199995,0.122647997,232.7138031
2649750,6.209999943,0.123333497,232.7293866
2650000,5.713999939,0.123228498,232.7245465
2650250,6.539999962,0.123075996,232.7140747
2650500,6.074999924,0.123090997,232.7423279
2650750,5.781999931,0.123041497,232.7233459
2651000,6.618999996,0.122828498,232.73422
2651250,5.945999889,0.122923997,232.7479547
2651500,5.919999924,0.123070495,232.7273145
2651750,5.371999989,0.122823997,232.7214752
2652000,6.403000011,0.123421497,232.7040112
2652250,6.403000011,0.123421497,232.7040112
2652500,6.168999958,0.123333497,232.7070905
2652750,5.637999973,0.123209998,232.704234
2653000,6.512000027,0.122763999,232.7161481
2653250,6.033999939,0.123087498,232.7122015
2653500,5.740999966,0.123681997,232.7181134
2653750,6.58300005,0.123231998,232.7159064
2654000,5.915999889,0.122856996,232.7321552
2654250,5.892999935,0.122871495,232.719444
2654500,6.58,0.122928495,232.7197394
2654750,5.796999893,0.122954498,232.7244897
2655000,6.012999916,0.123525997,232.696275
2655250,5.32,0.123426997,232.7007861
2655500,6.53,0.123098997,232.7252893
2655750,6.076999931,0.123197997,232.7237787
2656000,5.767999954,0.123400996,232.704848
2656250,6.588000011,0.122912496,232.7413788
2656500,5.930999908,0.123007998,232.727818
2656750,5.905999947,0.123081496,232.7465808
2657000,6.606999989,0.123193497,232.7294012
2657250,5.811999931,0.123110997,232.7099774
2657500,6.041999931,0.123109497,232.7438092
2657750,6.572999973,0.123003998,232.7267548
2658000,5.302999954,0.123411497,232.7411444
2658250,6.042999973,0.122875496,232.7410437
2658500,5.919999924,0.122716497,232.7347449
2658750,5.919999924,0.122716497,232.7347449
2659000,6.601000023,0.123084997,232.7224908
2659250,5.916999893,0.123217997,232.7494336
2659500,5.966999874,0.122897499,232.7179681
2659750,6.645999966,0.123293998,232.7129364
2660000,5.778999844,0.123190997,232.7097473
2660250,6.064999905,0.123127997,232.7537115
2660500,6.549999943,0.122704997,232.7144592
2660750,5.307999916,0.122852498,232.7305981
2661000,6.020999985,0.122831996,232.7246027
2661250,5.777999935,0.122798998,232.7205872
2661500,6.595,0.123011997,232.7222015
2661750,5.894999886,0.123186496,232.7032489
2662000,5.914999943,0.123155996,232.6946271
2662250,6.569999981,0.123191997,232.684361
2662500,5.775999908,0.123528495,232.6975891
2662750,6.051999912,0.123314996,232.718811
2663000,6.535999966,0.122930997,232.6994757
2663250,5.684999943,0.122655996,232.6914575
2663500,6.149999962,0.123354996,232.6838409
2663750,5.25,0.123167997,232.7108734
2664000,6.618999996,0.123328996,232.7241406
2664250,5.726999912,0.123000997,232.7272485
2664500,5.925999985,0.123215996,232.7148102
2664750,6.602000027,0.122901998,232.6987384
2665000,5.812999973,0.122948496,232.7282941
2665250,5.812999973,0.122948496,232.7282941
2665500,6.059999943,0.123022497,232.7467944
2665750,6.568999977,0.123455499,232.71078
2666000,5.699999943,0.123161995,232.6908905
2666250,6.193999958,0.123106998,232.7039789
2666500,6.465999966,0.123109497,232.7369696
2666750,5.371999989,0.123148997,232.7335614
2667000,5.887000008,0.122971997,232.7355292
2667250,5.896999969,0.122838497,232.6967322
2667500,6.556000023,0.122706997,232.7250116
2667750,5.779999943,0.122957996,232.7145123
2668000,6.101999912,0.122784995,232.7155695
2668250,6.505,0.123274995,232.6921143
2668500,5.698999939,0.122860996,232.7088904
2668750,6.162999916,0.122957996,232.716756
2669000,6.436999912,0.123037997,232.7042743
2669250,5.629999905,0.123257497,232.6804102
2669500,6.329999905,0.122612496,232.7014258
2669750,6.308999939,0.123236496,232.7216998
2670000,5.515999928,0.123155496,232.6980414
2670250,5.746999989,0.122749996,232.7129614
2670500,6.972999897,0.122935498,232.7004163
2670750,5.65399992,0.122942497,232.7025775
2671000,5.493999996,0.123240496,232.7192584
2671250,6.178999939,0.122879496,232.7275146
2671500,6.397999954,0.122911496,232.7153217
2671750,6.397999954,0.122911496,232.7153217
2672000,5.632999954,0.123005498,232.7074268
2672250,6.346999969,0.123022498,232.6965869
2672500,6.294999962,0.123385997,232.6991223
2672750,5.816999912,0.122790498,232.7087628
2673000,6.472999992,0.123042497,232.7099377
2673250,6.159999943,0.122878496,232.7012744
2673500,5.675999966,0.123111497,232.7239386
2673750,5.627999973,0.122905497,232.7374268
2674000,6.19899992,0.123029496,232.738418
2674250,6.412999954,0.122666998,232.7237842
2674500,5.629000015,0.123070496,232.7196973
2674750,6.329000015,0.122924997,232.6994977
2675000,6.236999969,0.123213496,232.7103882
2675250,5.614999962,0.122710498,232.7263947
2675500,6.458999977,0.123337997,232.7066809
2675750,6.190999966,0.123141996,232.736889
2676000,5.737999935,0.123047997,232.7305939
2676250,6.661000004,0.123180994,232.7525708
2676500,5.99099987,0.123457996,232.7076349
2676750,5.805999928,0.123256498,232.723244
2677000,6.619000015,0.123089497,232.7280267
2677250,5.264999886,0.122891496,232.7344006
2677500,6.280999947,0.123028496,232.7188654
2677750,5.67899992,0.123036496,232.7408575
2678000,6.478999939,0.122935996,232.7099146
2678250,6.478999939,0.122935996,232.7099146
2678500,6.144999924,0.122912495,232.7137793
2678750,5.729999924,0.123321995,232.7433704
2679000,6.574999962,0.122979999,232.7125531
2679250,6.012999897,0.122830497,232.7101642
2679500,5.832999916,0.123043998,232.7235364
2679750,6.632999973,0.123266997,232.7183533
2680000,5.90099987,0.122875997,232.7211926
2680250,5.973999939,0.122980495,232.7164105
2680500,6.589999981,0.122895996,232.7288763
2680750,5.277999878,0.122963998,232.7281354
2681000,6.111999969,0.123222997,232.7333875
2681250,5.683999939,0.122951998,232.7113599
2681500,6.57,0.123148496,232.7340558
2681750,5.981999912,0.123284999,232.715675
2682000,5.823999939,0.123287499,232.7031451
2682250,6.627999992,0.122987497,232.71138
2682500,5.845999851,0.122630497,232.7141138
2682750,5.960999928,0.122947997,232.7347302
2683000,6.583999958,0.123181497,232.7466718
2683250,5.73599987,0.122907495,232.7124683
2683500,6.097999916,0.123196496,232.741059
2683750,6.48199995,0.122978497,232.744082
2684000,5.341999931,0.123310497,232.7379767
2684250,5.950999985,0.123078998,232.7344513
2684500,5.809999962,0.122766997,232.7146588
2684750,5.809999962,0.122766997,232.7146588
2685000,6.553000031,0.122675497,232.7200104
2685250,5.841999931,0.123246998,232.7329535
2685500,5.947999954,0.122912997,232.7074475
2685750,6.528000011,0.122881997,232.7064917
2686000,5.729999943,0.123295497,232.7285229
2686250,6.100999966,0.123232498,232.7065295
2686500,6.472999992,0.122842997,232.7342267
2686750,5.632999954,0.123088996,232.7207452
2687000,6.401999931,0.123244495,232.7156042
2687250,5.250999985,0.123383994,232.7353772
2687500,6.628000011,0.123273997,232.7472754
2687750,5.881999874,0.123259998,232.7312976
2688000,5.99199995,0.122682996,232.7047882
2688250,6.602999992,0.123112998,232.7382977
2688500,5.749999943,0.122952496,232.7275958
2688750,6.12699995,0.123019998,232.7142273
2689000,6.534999962,0.122853998,232.7135303
2689250,5.598999958,0.122843995,232.7333441
2689500,6.278999958,0.122875496,232.706579
2689750,6.392999954,0.123167997,232.7332257
2690000,5.581999931,0.123151496,232.7223633
2690250,6.399999962,0.123290497,232.7247644
2690500,5.251999969,0.123303495,232.7147955
2690750,6.610999985,0.123394496,232.7264661
2691000,5.698999901,0.123109996,232.7209375
2691250,5.698999901,0.123109996,232.7209375
2691500,6.177999916,0.122954499,232.7480969
2691750,6.503999939,0.122873998,232.7347046
2692000,5.623999958,0.122875496,232.716618
2692250,6.299999886,0.123102496,232.7405536
2692500,6.367999916,0.123156994,232.7481781
2692750,5.491999969,0.123333497,232.7255231
2693000,5.776999989,0.122940497,232.7370807
2693250,5.993999901,0.123050996,232.7269794
2693500,6.524999981,0.122944997,232.6959955
2693750,5.727999916,0.123123997,232.7217773
2694000,6.154999943,0.123189998,232.6959546
2694250,6.493999958,0.123289497,232.7236664
2694500,5.66199995,0.122792496,232.7288574
2694750,6.28699995,0.122963997,232.7395001
2695000,5.25,0.123290997,232.7272241
2695250,6.582000027,0.123117996,232.7369537
2695500,5.782999935,0.123133495,232.7376099
2695750,6.973999901,0.123332996,232.7467871
2696000,5.64199995,0.122925996,232.7140027
2696250,5.623999996,0.122952498,232.7231769
2696500,6.148999977,0.123276496,232.7286591
2696750,6.442999973,0.123128996,232.7282184
2697000,5.640999966,0.123189996,232.7334509
2697250,6.280999985,0.122676497,232.7321057
2697500,6.304999981,0.123355498,232.722627
2697750,6.304999981,0.123355498,232.722627
2698000,5.621999969,0.123004496,232.7288013
2698250,6.405000019,0.123183496,232.7170679
2698500,5.251999969,0.122763496,232.71401
2698750,6.621999931,0.123281997,232.6879871
2699000,5.76699995,0.123210497,232.7107037
2699250,6.190999908,0.123262996,232.7235797
2699500,6.465999966,0.123015998,232.7187677
2699750,5.654999924,0.123147499,232.7379535
2700000,6.322999916,0.123360497,232.6980908
2700250,6.327999973,0.123181996,232.711568
2700500,5.666999969,0.123275996,232.7156403
2700750,6.44199995,0.123413996,232.7038495
2701000,6.190999966,0.123033496,232.7099854
2701250,5.777999935,0.122975496,232.7241852
2701500,5.62,0.122631496,232.7096246
2701750,6.167999973,0.123377499,232.7240106
2702000,6.438999977,0.123397497,232.6945386
2702250,5.623999958,0.122749998,232.7063953
2702500,6.293999939,0.122793995,232.7070905
2702750,6.31699995,0.122821496,232.7000256
2703000,5.654999905,0.122624498,232.7124652
2703250,6.413999958,0.122908997,232.720387
2703500,6.172999916,0.122812496,232.7004639
2703750,5.68899992,0.122758496,232.7103613
2704000,6.54699995,0.123143496,232.7044745
2704250,6.54699995,0.123143496,232.7044745
2704500,6.038999901,0.123299497,232.7211212
2704750,5.791999912,0.122922498,232.7220996
2705000,5.484999981,0.122985997,232.7138495
2705250,6.314999943,0.122653997,232.6719714
2705500,6.294999962,0.122977495,232.7269452
2705750,5.623999939,0.123190997,232.7132001
2706000,6.438999977,0.122846998,232.7336017
2706250,6.007999935,0.122983496,232.737666
2706500,5.710999966,0.123072995,232.7261646
2706750,6.714999981,0.122873498,232.7316486
2707000,6.026999874,0.123056495,232.7417798
2707250,5.779999943,0.123108997,232.7498676
2707500,6.587000008,0.122713997,232.7418097
2707750,5.895999928,0.123122497,232.6965369
2708000,5.914999981,0.123282496,232.7129938
2708250,6.571000042,0.122851998,232.7294885
2708500,5.77699995,0.123692996,232.7540564
2708750,6.051999969,0.123284497,232.7206079
2709000,5.32,0.123059496,232.7332587
2709250,6.529000072,0.123007996,232.7479791
2709500,5.964999962,0.122819998,232.7168127
2709750,5.79,0.123230497,232.718269
2710000,6.54800005,0.122751495,232.706593
2710250,5.843999977,0.122717497,232.6929675
2710500,5.947999954,0.122890996,232.706203
2710750,5.947999954,0.122890996,232.706203
2711000,6.602000027,0.122685995,232.7505945
2711250,5.723999939,0.123128999,232.729306
2711500,6.189999905,0.122855996,232.7607147
2711750,6.494999962,0.123191497,232.7072498
2712000,5.647999935,0.122937498,232.7085394
2712250,6.209999943,0.122626995,232.7087476
2712500,5.25,0.122839995,232.7449213
2712750,6.521000004,0.122703496,232.7175867
2713000,5.899999905,0.122688496,232.7141559
2713250,5.987999916,0.122614996,232.6917688
2713500,6.470999966,0.122995998,232.7145709
2713750,5.762999897,0.123133497,232.7127448
2714000,6.048999958,0.122946996,232.7246582
2714250,6.556999931,0.123005498,232.7260193
2714500,5.737999973,0.123341497,232.7318512
2714750,6.239999905,0.123046497,232.742699
2715000,6.418999939,0.123047997,232.719068
2715250,5.422999973,0.123004498,232.7344812
2715500,5.836999989,0.123211998,232.732522
2715750,5.927999916,0.123289996,232.7297845
2716000,6.524999981,0.122890497,232.7378339
2716250,5.742999897,0.123005997,232.7239319
2716500,6.095999908,0.122859995,232.7259467
2716750,6.490999966,0.123139994,232.6979474
2717000,5.661999912,0.122888497,232.722569
2717250,5.661999912,0.122888497,232.722569
2717500,6.227999916,0.122941495,232.7318677
2717750,5.25,0.122932996,232.7044666
2718000,6.648999977,0.122846498,232.726394
2718250,5.872999897,0.122984498,232.7060266
2718500,6.973999901,0.123109495,232.731059
2718750,5.547999954,0.122820496,232.7074579
2719000,5.726000004,0.122980999,232.6990094
2719250,6.072999973,0.123167496,232.7039935
2719500,6.548999977,0.122956498,232.6902338
2719750,5.661999969,0.122764996,232.7115143
2720000,6.206999989,0.123160497,232.7306738
2720250,6.375999985,0.123134998,232.7204114
2720500,5.568999996,0.123128497,232.7319537
2720750,6.333999996,0.122973998,232.7248987
2721000,6.236999969,0.122732997,232.7007715
2721250,5.602999992,0.122920997,232.6944037
2721500,6.462000027,0.122956999,232.6895221
2721750,6.099999962,0.122955498,232.6916913
2722000,5.670999985,0.122882496,232.7101428
2722250,5.606999989,0.122682996,232.7275562
2722500,6.257999916,0.122625496,232.7179437
2722750,6.415999947,0.122790498,232.7055615
2723000,5.662999916,0.122679497,232.7084991
2723250,6.382999935,0.122898497,232.734068
2723500,6.277999954,0.122655496,232.6993292
2723750,6.277999954,0.122655496,232.6993292
2724000,5.696999931,0.122936496,232.7037219
2724250,6.477999992,0.122550498,232.697923
2724500,6.12699995,0.122735496,232.734187
2724750,5.733999958,0.123162997,232.7144965
2725000,6.561000023,0.122998997,232.7000513
2725250,5.994999924,0.122922496,232.731416
2725500,5.837999935,0.122391995,232.7067773
2725750,6.562000027,0.122868997,232.7413312
2726000,5.26899992,0.123106497,232.7398096
2726250,6.27699995,0.122951996,232.732514
2726500,5.700999966,0.122872498,232.7715692
2726750,6.49199995,0.122447496,232.7401843
2727000,6.124999943,0.122763996,232.7440894
2727250,5.747999935,0.122813496,232.7335858
2727500,6.586999989,0.123174498,232.7502905
2727750,6.009999905,0.123069997,232.7515778
2728000,5.854999962,0.122882997,232.7275775
2728250,5.432999992,0.122956997,232.7375409
2728500,6.352999954,0.123067497,232.735813
2728750,6.250999947,0.123287998,232.7555389
2729000,5.634999943,0.122890996,232.7358588
2729250,6.471999969,0.122877499,232.7488019
2729500,6.097999897,0.123174497,232.7313226
2729750,5.755999908,0.123376998,232.7306085
2730000,6.560999985,0.123442998,232.7486737
2730250,6.560999985,0.123442998,232.7486737
2730500,5.973999882,0.123241497,232.7430328
2730750,5.974999943,0.123446497,232.7433533
2731000,6.74199995,0.123133995,232.7304846
2731250,5.899999943,0.122933998,232.7443628
2731500,5.993999901,0.122982996,232.7415228
2731750,6.589999981,0.123340497,232.7473621
2732000,5.682999897,0.123079996,232.7285608
2732250,6.109999924,0.123516995,232.7333881
2732500,6.50199995,0.122939497,232.7176831
2732750,5.620999928,0.123007998,232.7047064
2733000,6.249999943,0.123076497,232.7240411
2733250,6.363999958,0.123015496,232.7208337
2733500,5.431999969,0.122781995,232.7208997
2733750,5.827999973,0.122804995,232.7282513
2734000,5.96399992,0.122810498,232.7451703
2734250,6.584999962,0.123321997,232.7401294
2734500,5.617999897,0.122815494,232.7225537
2734750,6.259999962,0.122655496,232.7311066
2735000,6.552999935,0.122869497,232.7114093
2735250,5.681999912,0.122855497,232.7350171
2735500,6.266999912,0.123336496,232.7250677
2735750,5.25,0.123047996,232.7296478
2736000,6.553000011,0.123117997,232.7234033
2736250,5.832999916,0.122899998,232.7348907
2736500,5.981999969,0.122845996,232.7336108
2736750,5.981999969,0.122845996,232.7336108
2737000,6.520000019,0.122826996,232.728728
2737250,5.724999943,0.122850498,232.7288715
2737500,6.116999969,0.122884496,232.7267719
2737750,6.468999996,0.122961496,232.7081995
2738000,5.361999969,0.122512996,232.7199054
2738250,5.998999996,0.122920496,232.7436011
2738500,5.992999935,0.123127495,232.7410022
2738750,6.739999981,0.122847997,232.7129932
2739000,5.91899992,0.122735497,232.7296332
2739250,5.99199995,0.123106998,232.7225146
2739500,6.619999981,0.122876496,232.7355206
2739750,5.762999897,0.123063498,232.746264
2740000,6.12699995,0.122666995,232.7280341
2740250,6.534999962,0.122892497,232.710025
2740500,5.668999958,0.123020998,232.7138422
2740750,6.260999966,0.122784497,232.6934589
2741000,5.25,0.123058996,232.7121289
2741250,6.575000038,0.123012495,232.722641
2741500,5.838999939,0.123146497,232.7211774
2741750,5.965999966,0.123019999,232.7108417
2742000,6.410999985,0.123356497,232.7188611
2742250,5.728999901,0.123049496,232.7166577
2742500,6.167999878,0.123558497,232.7301385
2742750,6.525999947,0.122950996,232.7090118
2743000,5.649999924,0.122757997,232.7128979
2743250,5.649999924,0.122757997,232.7128979
2743500,6.299999886,0.122533998,232.7019501
2743750,5.25,0.122839498,232.7110333
2744000,6.611000004,0.122457996,232.6903546
2744250,5.796999912,0.122521998,232.7016888
2744500,5.973999939,0.122863498,232.7064899
2744750,6.536999989,0.122918996,232.7098346
2745000,5.679999943,0.122788495,232.7023639
2745250,6.12699995,0.122553996,232.711778
2745500,6.464999962,0.122880997,232.7021698
2745750,5.668999958,0.123007497,232.7203967
2746000,6.260999966,0.123299497,232.7192828
2746250,6.326999969,0.123148997,232.720802
2746500,5.579999943,0.123143997,232.7221948
2746750,6.385999947,0.122334996,232.7005054
2747000,6.264999943,0.123094498,232.7195471
2747250,5.685999928,0.122932998,232.7161847
2747500,6.499999981,0.122830997,232.7384595
2747750,6.12899992,0.122993497,232.742099
2748000,5.71899992,0.122961994,232.6975714
2748250,6.575,0.122828995,232.7080695
2748500,5.926999893,0.122630498,232.7198181
2748750,5.856999912,0.122803498,232.7204736
2749000,5.449999981,0.123011497,232.7221307
2749250,6.425999889,0.123063496,232.7009979
2749500,6.230999908,0.122897995,232.6874689
2749750,6.230999908,0.122897995,232.6874689
2750000,5.708999882,0.122898997,232.7012177
2750250,6.541999931,0.123358497,232.7087762
2750500,6.105999908,0.123123997,232.6971704
2750750,5.722999916,0.123462498,232.6890009
2751000,6.594999962,0.122989497,232.7200275
2751250,5.939999905,0.122915497,232.6940424
2751500,5.860999908,0.122918495,232.6953046
2751750,6.617999973,0.123232998,232.7157697
2752000,5.267999878,0.123425496,232.7215381
2752250,6.225999966,0.123357499,232.7026892
2752500,5.640999947,0.122935996,232.7080176
2752750,6.480999985,0.122984997,232.7214099
2753000,6.082999935,0.122388498,232.71914
2753250,5.710999947,0.123139497,232.7172247
2753500,6.568000011,0.122633495,232.7343201
2753750,5.960999908,0.122838997,232.7167047
2754000,5.965999966,0.123179996,232.7199963
2754250,5.406999989,0.123149498,232.7182355
2754500,6.385,0.122943496,232.7065076
2754750,6.190999947,0.123122995,232.7296588
2755000,5.615999947,0.122959495,232.7194958
2755250,6.512999992,0.123382996,232.7021625
2755500,6.051999912,0.123193996,232.6957678
2755750,5.771999931,0.123305497,232.7193085
2756000,6.574000034,0.123008997,232.699826
2756250,6.574000034,0.123008997,232.699826
2756500,5.993999901,0.123203996,232.7136182
2756750,5.856999931,0.122644496,232.708905
2757000,6.553999996,0.122854998,232.7271893
2757250,5.795999889,0.122920498,232.7124652
2757500,6.12399992,0.123120498,232.734411
2757750,5.25,0.123077998,232.7216583
2758000,6.497999935,0.123273997,232.7128741
2758250,5.982999935,0.123306997,232.720506
2758500,5.756000004,0.122544999,232.704588
2758750,6.556000061,0.122673996,232.707514
2759000,5.973999958,0.122629999,232.7236035
2759250,5.858999996,0.122866497,232.7253784
2759500,6.610000038,0.122806496,232.7227899
2759750,5.274999962,0.122932495,232.7126343
2760000,6.227999992,0.123137497,232.699176
2760250,5.64,0.122900997,232.7131061
2760500,6.468000011,0.123080497,232.7092731
2760750,6.074999924,0.123182496,232.715249
2761000,5.781999931,0.123282495,232.6912268
2761250,6.549000034,0.123251998,232.7054175
2761500,5.941999912,0.122981997,232.7063043
2761750,5.915999947,0.122957497,232.7213
2762000,6.568000011,0.122796496,232.7103217
2762250,5.838999882,0.123189495,232.7032904
2762500,5.996999893,0.122817497,232.7229846
2762750,5.996999893,0.122817497,232.7229846
2763000,6.617999973,0.122998994,232.7120728
2763250,5.339999924,0.123078496,232.706922
2763500,5.954999943,0.122955998,232.7247607
2763750,5.707999992,0.123080499,232.7056964
2764000,6.549000034,0.123272496,232.7160022
2764250,5.945999908,0.122721998,232.7088885
2764500,5.897999878,0.122821997,232.7021924
2764750,6.642999935,0.123073496,232.7131372
2765000,5.838999825,0.123204998,232.7094751
2765250,6.033999863,0.122712495,232.7087146
2765500,5.285,0.122907497,232.7115045
2765750,6.512999973,0.123551495,232.7235638
2766000,6.054999905,0.123131498,232.7133002
2766250,5.71899992,0.122878999,232.7116345
2766500,6.567000008,0.123074999,232.7207965
2766750,5.916999893,0.123113998,232.7027716
2767000,5.85899992,0.123261498,232.7338269
2767250,6.432999992,0.123085498,232.7136914
2767500,5.790999889,0.123072498,232.7058862
2767750,5.995999908,0.123424998,232.7266974
2768000,6.507999973,0.122892496,232.6929517
2768250,5.307999916,0.123340496,232.7197302
2768500,6.089999962,0.123160996,232.7397137
2768750,6.974999905,0.122933498,232.7183936
2769000,5.373999939,0.123011998,232.7172266
2769250,5.373999939,0.123011998,232.7172266
2769500,5.952999973,0.122819998,232.7269519
2769750,5.905999947,0.123011497,232.7217474
2770000,6.512000008,0.123342497,232.7180499
2770250,5.845999908,0.122767497,232.7041858
2770500,6.150999966,0.123378496,232.7071368
2770750,6.641999931,0.123093496,232.7116418
2771000,5.759999981,0.122954497,232.727514
2771250,6.175999947,0.123119996,232.722489
2771500,6.469999962,0.123096997,232.7479443
2771750,5.657999935,0.123085996,232.7324042
2772000,6.270999985,0.123482499,232.7038831
2772250,6.304999981,0.123207497,232.7306415
2772500,5.455,0.123351998,232.7153064
2772750,5.806000004,0.123206997,232.71789
2773000,6.056999912,0.123351997,232.7068207
2773250,6.552999973,0.123203999,232.7076324
2773500,5.712999897,0.123220498,232.7181238
2773750,6.156999931,0.122913999,232.704314
2774000,6.492999954,0.122978497,232.7097321
2774250,5.654999924,0.122900495,232.7224963
2774500,6.324999924,0.122988995,232.7035217
2774750,6.345999947,0.123028995,232.7098029
2775000,5.609999962,0.123306998,232.732088
2775250,6.370000019,0.122785496,232.7126324
2775500,6.210999947,0.123116496,232.7353058
2775750,6.210999947,0.123116496,232.7353058
2776000,5.64,0.123257495,232.7405518
2776250,6.504999981,0.123173997,232.7316974
2776500,5.254999962,0.123128996,232.7266718
2776750,6.479999981,0.123067497,232.7237384
2777000,5.640999966,0.123039497,232.7030737
2777250,6.280999985,0.123145498,232.7080194
2777500,6.339999981,0.122722497,232.7235626
2777750,5.586999969,0.123184497,232.7061224
2778000,6.394000015,0.123111497,232.7376282
2778250,6.044999943,0.122879995,232.7165149
2778500,5.619999981,0.122767496,232.7334839
2778750,6.512000027,0.123313497,232.7372595
2779000,6.033999939,0.123182496,232.7146893
2779250,5.740999966,0.123355998,232.7217932
2779500,6.601000023,0.122774998,232.7164551
2779750,5.915999889,0.123041496,232.7184918
2780000,5.891999931,0.122808497,232.6824884
2780250,5.406999989,0.123193498,232.6948267
2780500,6.432999973,0.123107997,232.7082428
2780750,6.194999962,0.123022996,232.7164178
2781000,5.699999962,0.122606997,232.7265314
2781250,6.52699995,0.122650496,232.7127142
2781500,5.253999958,0.122803496,232.6887274
2781750,6.439999962,0.123307497,232.6900348
2782000,5.635999928,0.123404498,232.7099786
2782250,5.635999928,0.123404498,232.7099786
2782500,6.292999935,0.122963496,232.7331384
2782750,6.318999958,0.122875497,232.7278265
2783000,5.616999931,0.122722497,232.7199695
2783250,6.412999973,0.123106497,232.721098
2783500,6.182999935,0.122670498,232.7008887
2783750,5.615999947,0.123171497,232.7213153
2784000,5.649999981,0.123178497,232.7167877
2784250,6.184999943,0.123244995,232.7307465
2784500,6.469999962,0.123152499,232.7255249
2784750,5.633999939,0.123578998,232.7374341
2785000,6.31699995,0.123080997,232.7115619
2785250,6.331999969,0.122836997,232.7062909
2785500,5.658999939,0.123175998,232.6933295
2785750,6.440999985,0.123336997,232.6926422
2786000,6.030999966,0.123538498,232.6980206
2786250,5.637999973,0.123058497,232.7034436
2786500,6.512000027,0.123007997,232.7113641
2786750,5.254999943,0.123065495,232.6974347
2787000,6.483999939,0.122563998,232.7135504
2787250,6.687999992,0.122860999,232.7131885
2787500,5.260999908,0.122951496,232.705387
2787750,6.34699995,0.122864496,232.735683
2788000,5.679999924,0.122947497,232.7023859
2788250,6.442999954,0.122795498,232.7118567
2788500,6.208999939,0.123437499,232.7264832
2788750,6.208999939,0.123437499,232.7264832
2789000,5.643999939,0.123241496,232.7120514
2789250,6.479000015,0.123082497,232.7193781
2789500,6.05699995,0.123157497,232.7320477
2789750,5.781999931,0.123184498,232.7187549
2790000,6.601000023,0.122886997,232.7420502
2790250,5.262999916,0.123400495,232.7216083
2790500,6.300999985,0.122794997,232.7115527
2790750,5.587999973,0.123127497,232.6951617
2791000,6.416000023,0.122959997,232.7181201
2791250,6.182999935,0.123121496,232.6934973
2791500,5.65199995,0.123039998,232.7278992
2791750,6.521000004,0.123411995,232.7183154
2792000,6.030999947,0.122669497,232.7349762
2792250,5.758999977,0.122551497,232.6975616
2792500,6.570000038,0.123261997,232.7464551
2792750,5.89899992,0.123236997,232.7181049
2793000,5.895999966,0.123225498,232.7229413
2793250,6.541000023,0.123063495,232.7180597
2793500,5.277999935,0.123223495,232.696778
2793750,6.206999969,0.123165996,232.7196576
2794000,5.810999966,0.122745997,232.7289612
2794250,6.525999966,0.123288496,232.7295862
2794500,5.894999962,0.123457497,232.7393774
2794750,5.767999954,0.123303497,232.7071399
2795000,6.588000011,0.122890997,232.7168518
2795250,6.588000011,0.122890997,232.7168518
2795500,5.760999908,0.122986498,232.7237097
2795750,6.01699995,0.122941996,232.7034503
2796000,5.388999977,0.122958999,232.7253217
2796250,6.946999931,0.122915997,232.7231769
2796500,6.052999935,0.122909998,232.7155206
2796750,5.285,0.123310999,232.7226813
2797000,6.521999989,0.123008497,232.7278607
2797250,6.04899992,0.123261995,232.6857538
2797500,5.754999943,0.123043997,232.7317285
2797750,6.601000023,0.122886495,232.7109467
2798000,5.916999893,0.123278497,232.7488605
2798250,6.057999916,0.123085996,232.7108405
2798500,6.576000004,0.123190995,232.7088995
2798750,5.792999897,0.123285499,232.7165161
2799000,6.029999924,0.123146999,232.6905371
2799250,6.550999947,0.123388497,232.7126752
2799500,5.696999893,0.123571997,232.7214819
2799750,6.329999905,0.123363996,232.7032501
2800000,5.25,0.123248497,232.702417
2800250,6.588000011,0.123056998,232.7161359
2800500,5.895999908,0.122744997,232.7015308
2800750,6.017999954,0.122965498,232.7312091
2801000,6.606999989,0.122819996,232.7454517
2801250,5.775999908,0.123226495,232.7303125
2801500,6.050999928,0.123280497,232.7245691
2801750,6.050999928,0.123280497,232.7245691
2802000,6.535999966,0.123126996,232.7040668
2802250,5.303999939,0.122589996,232.6863861
2802500,6.042999973,0.123147998,232.6992181
2802750,6.974999905,0.123014997,232.7134338
2803000,5.353999977,0.122842996,232.7293365
2803250,5.906999989,0.122566497,232.7166345
2803500,5.919999924,0.123104997,232.7096515
2803750,6.646999989,0.123508495,232.7088983
2804000,5.804999905,0.122828497,232.6726831
2804250,6.037999897,0.122863496,232.7257477
2804500,6.589999962,0.123052496,232.7298999
2804750,5.698999901,0.122453998,232.7108838
2805000,6.176999931,0.122730497,232.7041382
2805250,6.503999939,0.123432996,232.729458
2805500,5.623999958,0.122811498,232.731604
2805750,6.307999954,0.123237496,232.7269141
2806000,6.331999969,0.123087997,232.7153448
2806250,5.483999901,0.122822496,232.7077704
2806500,5.806000004,0.122833496,232.692049
2806750,6.051999931,0.122855497,232.6858594
2807000,6.588999958,0.123097496,232.7022345
2807250,5.712999897,0.122979495,232.6904974
2807500,6.120999947,0.123153493,232.7174414
2807750,6.483999939,0.123050995,232.7115857
2808000,5.654999924,0.123236496,232.6991479
2808250,5.654999924,0.123236496,232.6991479
2808500,6.288999939,0.123082997,232.7386407
2808750,5.25,0.123209997,232.7101624
2809000,6.545000019,0.123098498,232.7208905
2809250,5.869999924,0.123444998,232.6780273
2809500,6.010999908,0.123103996,232.7434595
2809750,6.524999981,0.123321495,232.7063379
2810000,5.592999878,0.123095496,232.7327045
2810250,6.125999928,0.122992497,232.6997058
2810500,6.493999958,0.122964495,232.7399237
2810750,5.66199995,0.123203997,232.7047858
2811000,6.28699995,0.123201996,232.7139771
2811250,6.355999966,0.123303498,232.7253369
2811500,5.608999939,0.123015497,232.7086511
2811750,6.403999996,0.122876996,232.676225
2812000,5.250999985,0.123063499,232.7207043
2812250,6.515000019,0.123070499,232.7167767
2812500,5.666999989,0.123274995,232.7122821
2812750,6.13,0.123219497,232.7191699
2813000,6.516999989,0.123072498,232.7228247
2813250,5.656000004,0.123280996,232.7167694
2813500,6.264000015,0.122793998,232.7259064
2813750,6.375999966,0.123088495,232.6896722
2814000,5.458999977,0.122998496,232.7115295
2814250,5.819000015,0.123118997,232.7171631
2814500,5.969999943,0.123399496,232.7364905
2814750,5.969999943,0.123399496,232.7364905
2815000,6.643999958,0.123002496,232.7352649
2815250,5.768999958,0.123285497,232.7422015
2815500,6.170999928,0.123298495,232.7332031
2815750,6.485999947,0.123194996,232.7279553
2816000,5.672999954,0.123108497,232.7133539
2816250,6.25199995,0.122609996,232.720011
2816500,6.367999973,0.122913498,232.729577
2816750,5.600999966,0.122755499,232.7316187
2817000,6.428999939,0.123169498,232.7212585
2817250,6.212999935,0.123182498,232.7225128
2817500,5.69199995,0.123248496,232.6997552
2817750,6.52699995,0.123182496,232.712099
2818000,5.253999958,0.123262998,232.7239948
2818250,6.530999947,0.122974995,232.7043555
2818500,5.608999939,0.122875997,232.7121472
2818750,6.25199995,0.122986496,232.7538367
2819000,6.225999966,0.122877996,232.7180103
2819250,5.579999962,0.122953497,232.7437292
2819500,6.399999962,0.123094496,232.7303735
2819750,6.186999931,0.123098499,232.7160162
2820000,5.615999947,0.122984496,232.7193134
2820250,6.508999977,0.123238497,232.7186646
2820500,6.049999943,0.122857996,232.7257935
2820750,5.718999939,0.123363997,232.7244421
2821000,6.592000027,0.122879998,232.7427454
2821250,6.592000027,0.122879998,232.7427454
2821500,5.260999908,0.123088496,232.7030823
2821750,6.349999943,0.122921999,232.7182892
2822000,5.59199995,0.123271497,232.721441
2822250,6.430999947,0.123092496,232.6843848
2822500,6.230999908,0.123348998,232.7077234
2822750,5.63899992,0.123210996,232.7037787
2823000,6.609999962,0.122915998,232.69836
2823250,6.102999878,0.122641997,232.7183051
2823500,5.759999886,0.123003997,232.7013135
2823750,6.621999931,0.123135996,232.7027289
2824000,5.261999912,0.123269497,232.7228259
2824250,6.32699995,0.122925996,232.7472253
2824500,5.581999912,0.123178498,232.7274182
2824750,6.385999947,0.123231498,232.739201
2825000,6.190999928,0.123385997,232.7426166
2825250,5.615999928,0.123021496,232.7592175
2825500,6.495999966,0.123109996,232.7258313
2825750,6.052999935,0.123148998,232.7301056
2826000,5.71899992,0.123072997,232.7159076
2826250,6.566000004,0.122937498,232.7382251
2826500,5.958999901,0.122626996,232.7107617
2826750,5.846999931,0.122951496,232.7180823
2827000,5.440999966,0.123048997,232.7069531
2827250,6.389999924,0.123265496,232.6961615
2827500,6.240999928,0.123185498,232.708952
2827750,6.240999928,0.123185498,232.708952
2828000,5.671999912,0.123308998,232.7156494
2828250,6.498999939,0.122762996,232.7228809
2828500,6.114999924,0.122941997,232.734433
2828750,5.685999947,0.123136998,232.7271387
2829000,6.594999962,0.123535497,232.7036017
2829250,5.259999924,0.123055995,232.7123694
2829500,6.365999985,0.123245498,232.7119061
2829750,5.612999992,0.123274998,232.7559094
2830000,6.378000011,0.123116497,232.7179993
2830250,6.228999977,0.123489997,232.7144983
2830500,5.637999992,0.123314997,232.7073279
2830750,6.496000042,0.122895997,232.7261072
2831000,6.102999954,0.122907999,232.7041235
2831250,5.707999992,0.123361994,232.7076965
2831500,6.569000072,0.123127997,232.7138812
2831750,5.958999939,0.123055498,232.7333063
2832000,5.811999969,0.123232497,232.7084338
2832250,6.419999981,0.122986497,232.7237701
2832500,5.270999928,0.123088997,232.7303937
2832750,6.27699995,0.123279497,232.7457574
2833000,5.618000011,0.123077496,232.7345618
2833250,6.439999943,0.123000498,232.7299402
2833500,6.141999931,0.122893497,232.7323462
2833750,5.747999935,0.123168995,232.72229
2834000,6.556000061,0.122625495,232.7314014
2834250,6.556000061,0.122625495,232.7314014
2834500,6.007999935,0.123158997,232.7168909
2834750,5.858999996,0.122923495,232.7151715
2835000,6.612000008,0.123256497,232.7130762
2835250,5.884999924,0.123140497,232.7169952
2835500,6.112999916,0.123266998,232.7333453
2835750,6.602999992,0.123264498,232.7242902
2836000,5.282999916,0.123130996,232.7155853
2836250,6.093999996,0.123239,232.74453
2836500,5.689999981,0.122815497,232.6901477
2836750,6.573000069,0.122835498,232.7107776
2837000,5.257999935,0.123315495,232.7457544
2837250,6.397999954,0.123256499,232.7279926
2837500,5.63199995,0.123130996,232.6936108
2837750,6.371999969,0.122790497,232.7116437
2838000,6.262999973,0.122787498,232.697478
2838250,5.667999935,0.123007497,232.7041687
2838500,6.499999981,0.123250496,232.6938098
2838750,6.12699995,0.122971997,232.7190247
2839000,5.707999954,0.123052497,232.6919141
2839250,6.484000034,0.123216498,232.7072351
2839500,5.920999908,0.123183996,232.6970264
2839750,5.83699995,0.123024497,232.7110162
2840000,6.549999981,0.122971996,232.6957483
2840250,5.271999893,0.123231499,232.7235596
2840500,6.229999924,0.123421498,232.7229535
2840750,6.229999924,0.123421498,232.7229535
2841000,5.799999924,0.123226998,232.7318085
2841250,6.543999939,0.122966997,232.7144983
2841500,6.114999924,0.123070498,232.7237079
2841750,5.722999916,0.122856998,232.7208813
2842000,6.594999962,0.122827496,232.6986237
2842250,5.982999897,0.123099997,232.7097638
2842500,5.85899992,0.122870497,232.7201611
2842750,5.423999977,0.122946496,232.751886
2843000,6.369999962,0.123006496,232.7409082
2843250,6.22699995,0.122935998,232.7364429
2843500,5.639999962,0.122712997,232.7251135
2843750,6.490999985,0.123298496,232.7427887
2844000,6.089999943,0.123228499,232.7257074
2844250,5.707999954,0.122971497,232.7435303
2844500,6.568000011,0.122752495,232.7248499
2844750,5.958999901,0.123175998,232.7169391
2845000,5.960999928,0.123429996,232.7387854
2845250,6.562000027,0.123038997,232.7059961
2845500,5.842999954,0.123301998,232.7353998
2845750,5.947999954,0.123134997,232.7280084
2846000,5.371999989,0.123238497,232.7252991
2846250,6.492999954,0.122858495,232.7096979
2846500,6.106999931,0.123060498,232.7315546
2846750,5.675999966,0.123326996,232.7299048
2847000,6.587999973,0.123445495,232.7421796
2847250,6.587999973,0.123445495,232.7421796
2847500,6.009999905,0.123083496,232.7352411
2847750,5.850999928,0.122695997,232.7770465
2848000,6.511000004,0.123218997,232.7762659
2848250,5.890999889,0.123419496,232.7864008
2848500,5.950999947,0.122820495,232.7480829
2848750,6.620999966,0.123459495,232.7341614
2849000,5.282999916,0.123072998,232.7221539
2849250,6.135,0.123411497,232.728634
2849500,5.671999969,0.123261997,232.7294653
2849750,6.54300005,0.122988497,232.7222668
2850000,5.967999916,0.122991998,232.7161694
2850250,5.822999935,0.122878497,232.69401
2850500,6.593000011,0.123193998,232.7331464
2850750,5.851999874,0.123038996,232.7333081
2851000,6.126999912,0.123237996,232.7343628
2851250,6.562999992,0.123221996,232.730722
2851500,5.288999901,0.123278498,232.7090411
2851750,6.12699995,0.123042997,232.7061371
2852000,5.733999958,0.123157997,232.6910352
2852250,6.552999954,0.123330497,232.7289752
2852500,5.994999924,0.123538997,232.7299146
2852750,5.929999962,0.123352495,232.7309198
2853000,6.616999969,0.123362996,232.7262738
2853250,5.269999924,0.122475497,232.7395551
2853500,6.257999954,0.122909997,232.7467834
2853750,6.257999954,0.122909997,232.7467834
2854000,5.634999943,0.123275997,232.7224091
2854250,6.479999981,0.123168497,232.7181787
2854500,6.114999924,0.123104996,232.7060101
2854750,5.685999947,0.122977498,232.7155688
2855000,6.729999981,0.123196996,232.7317529
2855250,5.986999893,0.123171997,232.7213232
2855500,5.821999931,0.123122498,232.7244977
2855750,6.593000011,0.123394495,232.7307635
2856000,5.265999889,0.122969996,232.7294214
2856250,6.29699995,0.123246498,232.7185815
2856500,5.657999897,0.122931497,232.7442426
2856750,6.483999958,0.123203495,232.7211768
2857000,6.160999928,0.123230996,232.7443134
2857250,5.733999958,0.123121995,232.7269592
2857500,6.562999992,0.122826496,232.7016998
2857750,5.996999893,0.123033499,232.7070319
2858000,5.83699995,0.122920498,232.6984821
2858250,6.615,0.123131498,232.7125372
2858500,5.875999908,0.122981997,232.7433301
2858750,5.937999973,0.123258498,232.7257214
2859000,5.371999989,0.123436497,232.7233856
2859250,6.465,0.123518498,232.7002423
2859500,6.15199995,0.123492996,232.7247455
2859750,5.710999966,0.123557498,232.7261298
2860000,6.563000011,0.122944996,232.7059473
2860250,6.563000011,0.122944996,232.7059473
2860500,6.017999935,0.123351497,232.7222906
2860750,5.813999958,0.123067998,232.723562
2861000,6.621000023,0.122787496,232.6984906
2861250,5.879999886,0.123021998,232.7454706
2861500,5.984999943,0.123151497,232.6956244
2861750,6.641000004,0.122846497,232.7248499
2862000,5.77699995,0.123239497,232.7053925
2862250,6.121999931,0.123300998,232.7096503
2862500,6.503000011,0.123362496,232.7166431
2862750,5.695999966,0.123110996,232.7153009
2863000,6.186999969,0.123186496,232.6994916
2863250,5.25,0.122985497,232.6942163
2863500,6.601000042,0.123226995,232.7238098
2863750,5.728999901,0.122811998,232.6984332
2864000,5.943999977,0.123139997,232.705509
2864250,6.602000027,0.122724499,232.7347546
2864500,5.730999966,0.122837497,232.7155536
2864750,6.062999992,0.123331496,232.7096252
2865000,6.551000004,0.122978998,232.7114044
2865250,5.307999992,0.122701496,232.7145752
2865500,6.004999962,0.123200997,232.7382568
2865750,5.832999916,0.123567997,232.7288116
2866000,6.632999973,0.123464497,232.720083
2866250,5.90299984,0.123204498,232.6954565
2866500,5.973999939,0.122811497,232.7270105
2866750,5.973999939,0.122811497,232.7270105
2867000,6.566999989,0.122965499,232.6900684
2867250,5.78599987,0.123376999,232.7553912
2867500,6.064999905,0.122991495,232.7358008
2867750,6.551000004,0.123344997,232.7326904
2868000,5.686999989,0.122878495,232.7137854
2868250,6.33199995,0.123169499,232.734386
2868500,6.447999992,0.123294997,232.7243243
2868750,5.367999954,0.122827997,232.7511938
2869000,5.868999977,0.123234996,232.7107623
2869250,5.970999908,0.123137497,232.6983209
2869500,6.625999985,0.123350998,232.6934912
2869750,5.765999889,0.123169996,232.7278247
2870000,6.107999897,0.123134496,232.7182288
2870250,5.25,0.122782997,232.7206268
2870500,6.912999916,0.123028496,232.6835059
2870750,6.242999859,0.123233497,232.7306726
2871000,5.25,0.123196998,232.7398022
2871250,6.566999989,0.123527998,232.71185
2871500,5.761999893,0.123376497,232.695354
2871750,5.924999905,0.123224997,232.7403705
2872000,6.561000004,0.122924997,232.7200757
2872250,5.777999916,0.123261997,232.7454095
2872500,6.051999912,0.122957998,232.6971704
2872750,6.570999947,0.122805498,232.7200592
2873000,5.379999981,0.122935997,232.7107709
2873250,5.379999981,0.122935997,232.7107709
2873500,6.035999985,0.123184496,232.7386188
2873750,5.781999931,0.123370496,232.7389362
2874000,6.826999969,0.122902997,232.7219214
2874250,6.313999939,0.123299997,232.7368335
2874500,5.25,0.123435997,232.7442236
2874750,6.602999973,0.123237996,232.7344897
2875000,5.746999912,0.122942998,232.7078674
2875250,6.051999912,0.122693496,232.7293866
2875500,6.535999966,0.122895999,232.7535706
2875750,5.712999916,0.122796998,232.7417523
2876000,6.184999943,0.122795995,232.7287775
2876250,6.432999954,0.122982495,232.7276031
2876500,5.363999958,0.123331996,232.7362592
2876750,5.895999966,0.122859998,232.7283942
2877000,5.929999905,0.122972498,232.7230927
2877250,6.599999962,0.123151498,232.7226654
2877500,5.792999897,0.123595496,232.7321283
2877750,6.066999893,0.123163496,232.7221869
2878000,6.514999962,0.123173997,232.7355786
2878250,5.687999878,0.122916497,232.6973633
2878500,6.198999901,0.122916995,232.7228815
2878750,5.25,0.122976497,232.7270667
2879000,6.595,0.122726498,232.7300104
2879250,5.894999886,0.122817495,232.7196106
2879500,5.914999943,0.123190499,232.7244635
2879750,5.914999943,0.123190499,232.7244635
2880000,6.569999981,0.123201998,232.6992883
2880250,5.774999924,0.123150498,232.7208893
2880500,6.169999943,0.123109498,232.7376587
2880750,6.403999996,0.123492997,232.7521326
2881000,5.684999943,0.123271997,232.734657
2881250,6.149999962,0.123034498,232.7166406
2881500,6.442999973,0.122824497,232.7524976
2881750,5.500999947,0.123009496,232.7425299
2882000,6.263999977,0.122824996,232.7164673
2882250,5.25,0.123152498,232.7012427
2882500,6.637999973,0.123293498,232.7045386
2882750,5.821999893,0.122672497,232.6893701
2883000,6.055999908,0.122967997,232.7053302
2883250,6.58699995,0.122884496,232.7294824
2883500,5.712999897,0.122870997,232.7125684
2883750,6.190999908,0.122918995,232.7015778
2884000,6.492999954,0.123143996,232.7070099
2884250,5.654999924,0.123486997,232.7146991
2884500,6.287999935,0.123233496,232.7417682
2884750,6.345999947,0.122769495,232.701394
2885000,5.505999947,0.123307498,232.7204633
2885250,5.756000004,0.123100497,232.6912952
2885500,6.015999947,0.123017497,232.7206982
2885750,6.515000019,0.123041497,232.6925287
2886000,5.752999973,0.122646998,232.702066
2886250,5.752999973,0.122646998,232.702066
2886500,6.147999992,0.123100998,232.7029205
2886750,6.442999973,0.123124496,232.7444171
2887000,5.605999966,0.123442997,232.7259375
2887250,6.278999977,0.123144998,232.7386115
2887500,6.304999981,0.123251997,232.7277155
2887750,5.586999969,0.123189996,232.7241614
2888000,6.403000011,0.123225496,232.7112811
2888250,6.168999958,0.123426996,232.6895233
2888500,5.602999973,0.122767997,232.7025787
2888750,5.662999973,0.122644998,232.7042737
2889000,6.190999908,0.123079998,232.7170923
2889250,6.483999939,0.122766496,232.6909058
2889500,5.55899992,0.123025497,232.7317938
2889750,6.292999935,0.122858997,232.70297
2890000,6.349999943,0.123421998,232.707049
2890250,5.644999924,0.123412998,232.6871936
2890500,6.427999954,0.123021495,232.7088739
2890750,5.250999985,0.123320499,232.713291
2891000,6.528999977,0.123143996,232.747157
2891250,5.697999897,0.122849998,232.7242737
2891500,6.146999912,0.123400996,232.7234247
2891750,6.460999947,0.122921996,232.7056665
2892000,5.61899992,0.122783496,232.719212
2892250,6.275999928,0.123016496,232.7152985
2892500,6.322999954,0.123185996,232.7017078
2892750,6.322999954,0.123185996,232.7017078
2893000,5.459999943,0.123032497,232.7318591
2893250,5.783999996,0.123049497,232.7339856
2893500,6.041999931,0.122899997,232.7071222
2893750,6.643999901,0.123580998,232.720481
2894000,6.540999947,0.123248497,232.7187476
2894250,5.255999947,0.123155496,232.7167645
2894500,6.505999908,0.123276997,232.6983228
2894750,5.657999935,0.123219497,232.7152271
2895000,6.310999928,0.123366497,232.6978845
2895250,6.166999989,0.123239997,232.7365356
2895500,5.640999889,0.123212496,232.7404114
2895750,6.431999989,0.123177997,232.7532745
2896000,6.230999908,0.123315999,232.7405481
2896250,5.699999962,0.123469497,232.7381854
2896500,6.521999931,0.123479998,232.7282251
2896750,6.103999939,0.123096496,232.7140271
2897000,5.722999916,0.123274997,232.7257959
2897250,5.432999992,0.122965997,232.7457214
2897500,6.273999958,0.123455498,232.7340509
2897750,6.355999966,0.123319497,232.7136102
2898000,5.606999931,0.123343498,232.71797
2898250,6.371999969,0.123481496,232.7280988
2898500,6.218999958,0.123423998,232.73565
2898750,5.674999962,0.123202497,232.7597467
2899000,6.480999985,0.122777497,232.7405139
2899250,6.480999985,0.122777497,232.7405139
2899500,6.092999935,0.123119995,232.7115961
2899750,5.708999939,0.123061498,232.7151447
2900000,6.568000011,0.123028496,232.7354669
2900250,5.25899992,0.123093997,232.7413629
2900500,6.377999935,0.123088497,232.6973798
2900750,5.637999897,0.122988995,232.6885925
2901000,6.382999935,0.123309998,232.7489185
2901250,5.25,0.123185998,232.7353558
2901500,6.555,0.122837497,232.7401202
2901750,5.72699995,0.123239497,232.701026
2902000,6.120999966,0.122347996,232.7214435
2902250,6.494999962,0.123153995,232.7292426
2902500,5.657999954,0.122920497,232.7367157
2902750,6.252999935,0.122933996,232.7281531
2903000,5.25,0.123066996,232.701665
2903250,6.583999996,0.123028497,232.7162415
2903500,5.846999912,0.123169496,232.7172705
2903750,5.995999985,0.123072998,232.7011078
2904000,6.620999966,0.123343497,232.7286908
2904250,5.770999966,0.123206495,232.7331122
2904500,6.13,0.122802496,232.7446271
2904750,6.518999958,0.122869998,232.7015625
2905000,5.656000004,0.123146996,232.7374268
2905250,6.260999966,0.122948496,232.7328253
2905500,5.25,0.123101998,232.7478265
2905750,5.25,0.123101998,232.7478265
2906000,6.575000038,0.122893996,232.7225385
2906250,5.838999939,0.123115496,232.7400439
2906500,5.965999966,0.123014496,232.723233
2906750,6.410999985,0.123919999,232.7108105
2907000,5.729999943,0.122746997,232.7402484
2907250,6.100999966,0.123099996,232.7284247
2907500,6.472999992,0.123365497,232.7224274
2907750,5.667999954,0.123318996,232.7252966
2908000,6.229999924,0.122826997,232.7238904
2908250,6.387999954,0.123288997,232.7075861
2908500,5.409999962,0.123082997,232.7138818
2908750,5.851000004,0.123195995,232.7233154
2909000,6.084999943,0.123114998,232.7140729
2909250,6.641999969,0.122949997,232.7340979
2909500,5.794999943,0.123322996,232.7068829
2909750,6.108999939,0.122498997,232.7263135
2910000,6.464999943,0.123201998,232.7068689
2910250,5.674999905,0.123237496,232.7254816
2910500,6.242999954,0.123089997,232.7067377
2910750,6.330999966,0.123233996,232.6875555
2911000,5.63199995,0.122916495,232.6869055
2911250,6.371999969,0.123316498,232.7311475
2911500,5.25,0.123197996,232.7135223
2911750,6.593999977,0.122928496,232.7263684
2912000,5.73599987,0.122966498,232.7356653
2912250,5.73599987,0.122966498,232.7356653
2912500,6.133999882,0.123168997,232.7017151
2912750,6.524999943,0.123079997,232.7010254
2913000,5.654999905,0.123108495,232.7290521
2913250,6.266999893,0.123248,232.7189227
2913500,6.377999935,0.122640498,232.7191852
2913750,5.611999931,0.122927496,232.7171881
2914000,6.390999928,0.123421996,232.7230011
2914250,6.28699995,0.122940497,232.7140247
2914500,5.696999931,0.122968496,232.6977783
2914750,6.492999954,0.123181497,232.7307617
2915000,5.252999973,0.123594997,232.7082263
2915250,6.478999996,0.123563496,232.6992651
2915500,5.67199995,0.122729996,232.7189795
2915750,6.214999962,0.1229545,232.7018817
2916000,6.373999977,0.123008997,232.7104327
2916250,5.748999939,0.123375998,232.7036761
2916500,6.342999992,0.123015998,232.7240277
2916750,6.235999985,0.123265998,232.7192047
2917000,5.533999977,0.122888998,232.712666
2917250,5.729999981,0.122692497,232.7180725
2917500,6.123999901,0.123288495,232.7187775
2917750,6.552999935,0.123333497,232.7150854
2918000,5.681999912,0.122620996,232.7257477
2918250,6.257999916,0.123013496,232.7043323
2918500,6.423999958,0.122975498,232.7220184
2918750,6.423999958,0.122975498,232.7220184
2919000,5.671999931,0.123018998,232.7291229
2919250,6.382999935,0.123463994,232.7368652
2919500,5.25,0.123213499,232.728468
2919750,6.528000011,0.123262497,232.7174188
2920000,5.732999935,0.123309496,232.7238184
2920250,6.082999954,0.123008498,232.7073938
2920500,6.476999989,0.123089997,232.7231146
2920750,5.634999981,0.122619996,232.6802899
2921000,6.196999969,0.122888997,232.7318665
2921250,6.377999992,0.123077497,232.7266718
2921500,5.394000015,0.123254999,232.7273041
2921750,5.864999981,0.123415996,232.7408679
2922000,5.987999916,0.122917497,232.7189563
2922250,6.620999966,0.122954995,232.6937512
2922500,5.762999897,0.123031495,232.7319379
2922750,6.123999901,0.123133496,232.74177
2923000,6.554999943,0.123279497,232.6928882
2923250,5.699999943,0.123041996,232.7398914
2923500,6.239999905,0.123383498,232.7127539
2923750,6.418999939,0.122938496,232.7217078
2924000,5.644999905,0.122696496,232.7346399
2924250,6.372999954,0.123292997,232.6921136
2924500,6.280999947,0.122965499,232.7200507
2924750,5.556999931,0.122999995,232.6992798
2925000,5.705999985,0.122854996,232.7359552
2925250,5.705999985,0.122854996,232.7359552
2925500,6.079999905,0.122961996,232.704552
2925750,6.494999962,0.123187997,232.6944983
2926000,5.649999905,0.122841495,232.7182507
2926250,6.211999912,0.123222497,232.7269153
2926500,5.25,0.123302996,232.7030902
2926750,6.632999973,0.123137496,232.7395856
2927000,5.884999866,0.122681997,232.7187469
2927250,5.969999905,0.123073498,232.7208569
2927500,6.627999992,0.123149496,232.7116589
2927750,5.765999889,0.123570998,232.7134326
2928000,6.105999889,0.123051995,232.7144482
2928250,6.557999916,0.122966997,232.740791
2928500,5.317999973,0.122585496,232.7111694
2928750,6.010999985,0.123150996,232.7490259
2929000,6.974999905,0.122909496,232.7375299
2929250,5.51199995,0.123271497,232.7350977
2929500,5.883000011,0.123142498,232.7280682
2929750,5.914999981,0.123621997,232.715354
2930000,6.434999981,0.123596997,232.7247131
2930250,5.784999943,0.123775498,232.6953766
2930500,6.241999855,0.122869496,232.7060168
2930750,6.503000011,0.123216496,232.7227155
2931000,5.695999966,0.123018498,232.7348212
2931250,6.185999985,0.123223998,232.7384662
2931500,6.434999981,0.123534497,232.7374341
2931750,6.434999981,0.123534497,232.7374341
2932000,5.605999966,0.123201498,232.7409302
2932250,6.296999989,0.122898498,232.6932996
2932500,6.300999985,0.123060497,232.7133374
2932750,5.482999992,0.122931496,232.7120599
2933000,5.779999981,0.123168498,232.7317627
2933250,6.059999924,0.123302498,232.7074023
2933500,6.502999973,0.123286496,232.7192743
2933750,5.632999935,0.123127996,232.7226727
2934000,6.18399992,0.123121496,232.7408087
2934250,6.432999954,0.123353997,232.6917322
2934500,5.598999939,0.122887497,232.7215765
2934750,6.314999943,0.123320496,232.7579767
2935000,5.25,0.123281496,232.7403638
2935250,6.609999981,0.123328996,232.7464172
2935500,5.78599987,0.123183997,232.7420258
2935750,6.066999893,0.123135997,232.7412439
2936000,6.549999943,0.123149496,232.7523785
2936250,5.696999893,0.122876996,232.7306183
2936500,6.190999908,0.122914998,232.750177
2936750,6.483999939,0.123198496,232.7308197
2937000,5.637999935,0.123026498,232.7208972
2937250,6.452999973,0.122849997,232.7176819
2937500,6.329999943,0.123075997,232.7278979
2937750,5.804999924,0.123320998,232.714212
2938000,6.445999985,0.122883994,232.7466278
2938250,6.445999985,0.122883994,232.7466278
2938500,5.250999985,0.123104497,232.7345227
2938750,6.524999981,0.122959497,232.7419525
2939000,5.694999905,0.123009999,232.7362897
2939250,6.146999912,0.123152497,232.7391077
2939500,6.460999947,0.122605997,232.7545789
2939750,5.61899992,0.123224998,232.7509698
2940000,6.293999939,0.123035496,232.7264203
2940250,6.207999954,0.122683497,232.7590356
2940500,5.460999947,0.123020498,232.7261127
2940750,5.783999996,0.123242998,232.7387946
2941000,6.037999897,0.122930997,232.725498
2941250,6.572999973,0.123226497,232.7041772
2941500,5.719999924,0.122965498,232.7477545
2941750,6.176999931,0.122797998,232.7202332
2942000,6.503999939,0.123168996,232.7146326
2942250,5.345999908,0.122933996,232.7315869
2942500,5.933999977,0.123053496,232.6979297
2942750,5.901999912,0.123797998,232.7045966
2943000,6.624999962,0.123233497,232.7047552
2943250,5.824999886,0.122881498,232.7365607
2943500,6.037999897,0.123159497,232.7281226
2943750,6.445,0.123141497,232.7346832
2944000,5.715999889,0.122733998,232.7106177
2944250,6.170999908,0.123370495,232.740459
2944500,6.469999962,0.122920496,232.6998895
2944750,6.469999962,0.122920496,232.6998895
2945000,5.345999908,0.122763497,232.7286487
2945250,5.941999989,0.123133996,232.7250214
2945500,5.880999947,0.123040496,232.7423291
2945750,6.613000011,0.122812497,232.7402496
2946000,5.836999912,0.123509498,232.7487537
 , , , 
