Name,Out_Active_Power_Station_6,Out_Current_Station_6,Out_Voltage_Station_6
0,6.96599987,0.127806498,232.718656
250,6.949999809,0.128035497,232.7034271
500,6.961999855,0.127982497,232.6833997
750,6.974999905,0.127818494,232.7160162
1000,6.974999905,0.128049497,232.7022479
1250,6.974999905,0.128339997,232.7055377
1500,6.974999905,0.128483997,232.6900354
1750,6.974999905,0.128357996,232.7027765
2000,6.974999905,0.128769497,232.7210107
2250,6.974999905,0.128636498,232.6804358
2500,6.974999905,0.128441999,232.6946515
2750,6.974999905,0.128441999,232.6946515
3000,6.974999905,0.128551499,232.6887061
3250,6.067999897,0.128379493,232.7048578
3500,7.866000023,0.128444998,232.7509698
3750,5.758999977,0.128498496,232.7230585
4000,6.969999905,0.128141996,232.7145154
4250,6.974999905,0.127960498,232.7191077
4500,6.974999905,0.128150995,232.720379
4750,6.974999905,0.127860497,232.7179669
5000,6.974999905,0.127637999,232.7418567
5250,6.974999905,0.128335999,232.7155151
5500,6.974999905,0.128938,232.7291132
5750,6.974999905,0.128910498,232.6882422
6000,6.974999905,0.128659996,232.6880341
6250,6.974999905,0.128427497,232.6900586
6500,6.974999905,0.128517998,232.6857709
6750,6.974999905,0.128383498,232.7296289
7000,6.974999905,0.127891496,232.7095294
7250,6.974999905,0.128520497,232.6427155
7500,6.974999905,0.128364996,232.718418
7750,6.974999905,0.128441997,232.7289459
8000,6.974999905,0.128279998,232.7276654
8250,6.974999905,0.127904499,232.7114893
8500,6.974999905,0.128614995,232.6922845
8750,6.974999905,0.128097997,232.6997839
9000,6.974999905,0.128369996,232.7181873
9250,6.974999905,0.128369996,232.7181873
9500,6.974999905,0.128479496,232.6976251
9750,6.974999905,0.128455498,232.7159283
10000,6.974999905,0.128389996,232.7280688
10250,6.974999905,0.129111494,232.6989386
10500,6.974999905,0.128680495,232.7006531
10750,6.974999905,0.127893497,232.6977954
11000,6.974999905,0.128229497,232.681402
11250,6.974999905,0.127786496,232.7074084
11500,6.974999905,0.128604999,232.7113367
11750,6.974999905,0.128588496,232.7070966
12000,6.974999905,0.128135495,232.6746594
12250,6.974999905,0.128037495,232.7004822
12500,6.333999901,0.128486498,232.7330896
12750,6.327999973,0.127775496,232.7104266
13000,6.974999905,0.128512499,232.7247217
13250,6.974999905,0.128525495,232.7255865
13500,6.974999905,0.128543497,232.6874988
13750,6.974999905,0.128914996,232.7024872
14000,6.974999905,0.128712001,232.7028406
14250,6.974999905,0.128000999,232.7229773
14500,6.974999905,0.128179997,232.7157281
14750,6.974999905,0.128087996,232.7097534
15000,6.974999905,0.128435499,232.681413
15250,6.974999905,0.128344,232.7173541
15500,6.974999905,0.128319996,232.708266
15750,6.974999905,0.128319996,232.708266
16000,6.974999905,0.128311497,232.706803
16250,6.974999905,0.128659996,232.7032257
16500,6.974999905,0.128441994,232.6983881
16750,6.974999905,0.128503998,232.7204089
17000,6.974999905,0.128872498,232.7139722
17250,6.974999905,0.128791996,232.689881
17500,6.974999905,0.128452997,232.7028583
17750,6.974999905,0.128342496,232.6873859
18000,6.974999905,0.128308496,232.6972412
18250,6.974999905,0.128334,232.6991553
18500,6.974999905,0.128174499,232.699801
18750,6.974999905,0.128296496,232.6995282
19000,6.974999905,0.128292995,232.6904028
19250,6.974999905,0.128649497,232.7012024
19500,6.974999905,0.128430498,232.7228015
19750,6.974999905,0.128197495,232.7370361
20000,6.974999905,0.128428496,232.6992889
20250,6.974999905,0.128336997,232.7139374
20500,6.974999905,0.128314494,232.740907
20750,6.974999905,0.128004494,232.7169147
21000,6.974999905,0.128151496,232.7265143
21250,6.974999905,0.128408994,232.7289221
21500,6.904999943,0.128513998,232.702995
21750,5.714999943,0.128208497,232.697475
22000,6.964999924,0.128486998,232.7012323
22250,6.964999924,0.128486998,232.7012323
22500,6.974999905,0.128229998,232.7432867
22750,6.974999905,0.128188497,232.7015527
23000,6.974999905,0.128383996,232.6886646
23250,6.974999905,0.128580497,232.7197351
23500,6.974999905,0.128545998,232.7109418
23750,6.974999905,0.128139496,232.7045947
24000,6.974999905,0.127979496,232.7384192
24250,6.974999905,0.128387997,232.7114594
24500,6.974999905,0.128515996,232.7176672
24750,6.974999905,0.128381997,232.7288135
25000,6.974999905,0.128144498,232.7434656
25250,6.974999905,0.128568997,232.7028986
25500,6.974999905,0.128472998,232.7050262
25750,6.974999905,0.128238496,232.7262012
26000,6.974999905,0.128608494,232.7737927
26250,6.974999905,0.128376495,232.7592572
26500,6.974999905,0.128125497,232.7357721
26750,6.974999905,0.128411496,232.7113879
27000,6.974999905,0.128806996,232.7213629
27250,6.974999905,0.129053499,232.7116486
27500,6.974999905,0.128728499,232.7064819
27750,6.974999905,0.128295997,232.7149719
28000,6.974999905,0.128080498,232.7333197
28250,6.012999954,0.128506998,232.7319122
28500,6.745999947,0.128246996,232.7126654
28750,6.745999947,0.128246996,232.7126654
29000,6.974999905,0.128087499,232.7161145
29250,6.974999905,0.128179495,232.7048505
29500,6.974999905,0.128649997,232.7119128
29750,6.974999905,0.128805496,232.69505
30000,6.974999905,0.128490493,232.6974487
30250,6.974999905,0.127767498,232.6813855
30500,6.974999905,0.127816498,232.6914172
30750,6.974999905,0.128345494,232.6922015
31000,6.974999905,0.128675995,232.7092957
31250,6.974999905,0.128634498,232.6978418
31500,6.974999905,0.128660997,232.7036407
31750,6.974999905,0.129151497,232.7206494
32000,6.974999905,0.128826998,232.7210022
32250,6.974999905,0.128627496,232.7194092
32500,6.974999905,0.128428999,232.7017303
32750,6.974999905,0.128234997,232.7061713
33000,6.974999905,0.128448997,232.7262836
33250,6.974999905,0.127739995,232.7028955
33500,6.974999905,0.127924499,232.7037469
33750,6.974999905,0.127903497,232.7270026
34000,6.974999905,0.128265998,232.7045209
34250,6.974999905,0.128495495,232.6956354
34500,6.974999905,0.128188494,232.7145691
34750,6.974999905,0.128316998,232.6855688
35000,6.974999905,0.128796495,232.7169922
35250,6.974999905,0.128796495,232.7169922
35500,6.974999905,0.128664998,232.7014178
35750,6.974999905,0.128891497,232.7006958
36000,6.29199995,0.128282499,232.6939783
36250,6.306999989,0.128427001,232.7037701
36500,6.974999905,0.128389996,232.7036743
36750,6.974999905,0.127784997,232.7115326
37000,6.974999905,0.128019497,232.715686
37250,6.974999905,0.128165001,232.7505249
37500,6.974999905,0.1282205,232.7175824
37750,6.974999905,0.127933997,232.7129956
38000,6.974999905,0.128658999,232.7249762
38250,6.974999905,0.128714496,232.7196393
38500,6.974999905,0.128961502,232.7205701
38750,6.974999905,0.128402494,232.7249792
39000,6.974999905,0.128020496,232.6983228
39250,6.974999905,0.128300995,232.7151532
39500,6.974999905,0.128161496,232.7124609
39750,6.974999905,0.127957997,232.7031158
40000,6.974999905,0.128497496,232.7300507
40250,6.974999905,0.128803496,232.7103772
40500,6.974999905,0.129061496,232.730777
40750,6.974999905,0.128060498,232.713114
41000,6.974999905,0.128791494,232.6940405
41250,6.974999905,0.127831497,232.7197333
41500,6.974999905,0.127301995,232.7172522
41750,6.974999905,0.127301995,232.7172522
42000,6.974999905,0.127751499,232.695285
42250,6.974999905,0.127804998,232.7014185
42500,6.974999905,0.128041998,232.6910736
42750,6.974999905,0.128194997,232.6950574
43000,6.974999905,0.128256497,232.7002509
43250,6.974999905,0.127912995,232.6604688
43500,6.974999905,0.128102998,232.5776221
43750,6.974999905,0.128384498,232.6214587
44000,6.974999905,0.127920998,232.6082355
44250,6.974999905,0.128059494,232.5994031
44500,6.974999905,0.128645498,232.6497797
44750,6.974999905,0.128808494,232.6026965
45000,6.974999905,0.128068,232.6081305
45250,6.974999905,0.128023497,232.6352502
45500,6.974999905,0.128021997,232.6090253
45750,6.974999905,0.128006997,232.6043054
46000,5.605999985,0.128126495,232.5853052
46250,6.959999943,0.128205999,232.5898413
46500,6.974999905,0.128076996,232.6140271
46750,6.974999905,0.128532498,232.5873248
47000,6.974999905,0.127458496,232.5922571
47250,6.974999905,0.127730498,232.5988947
47500,6.974999905,0.128214996,232.5935718
47750,6.974999905,0.128514996,232.6114337
48000,6.974999905,0.128036495,232.6162976
48250,6.974999905,0.128036495,232.6162976
48500,6.974999905,0.128276995,232.6162964
48750,6.974999905,0.128570497,232.602475
49000,6.974999905,0.128726999,232.62341
49250,6.974999905,0.128181496,232.5816125
49500,6.974999905,0.127813995,232.5616516
49750,6.974999905,0.128693998,232.5946082
50000,6.974999905,0.128223494,232.6354016
50250,6.974999905,0.128086497,232.6462189
50500,6.974999905,0.128376498,232.6345044
50750,6.974999905,0.1287915,232.6085876
51000,6.974999905,0.127814994,232.6210046
51250,6.974999905,0.127750496,232.602049
51500,6.974999905,0.128094496,232.6040753
51750,6.974999905,0.128380497,232.6376245
52000,6.974999905,0.128683497,232.6135126
52250,6.974999905,0.128359493,232.6055194
52500,6.974999905,0.127883998,232.5891791
52750,5.756000004,0.127722499,232.6112823
53000,6.860999966,0.128935494,232.6176172
53250,6.974999905,0.128379493,232.6187286
53500,6.974999905,0.126841998,232.6165826
53750,6.967999878,0.127610498,232.6720691
54000,6.940000076,0.126987998,232.6530865
54250,6.977999916,0.127416998,232.6522461
54500,6.93,0.128399997,232.6731262
54750,6.93,0.128399997,232.6731262
55000,5.697999897,0.127289497,232.6999213
55250,6.970999908,0.126042501,232.6738818
55500,6.974999905,0.127272497,232.6833942
55750,6.974999905,0.127917497,232.7037079
56000,6.287999916,0.128013998,232.7229291
56250,6.322999954,0.126391998,232.6775775
56500,6.974999905,0.127922498,232.7041718
56750,6.423999939,0.126831998,232.6629797
57000,6.186999931,0.127402997,232.6919141
57250,6.974999905,0.127039496,232.6738416
57500,6.974999905,0.125920498,232.6959943
57750,6.173999863,0.125891499,232.6881543
58000,6.505999908,0.125875995,232.6861945
58250,6.974999905,0.125685498,232.6920801
58500,6.311999855,0.125635496,232.6764587
58750,6.367999916,0.125530999,232.6774426
59000,6.783999958,0.125795997,232.6602588
59250,5.702999897,0.125708995,232.6862732
59500,6.971999912,0.125839497,232.7044263
59750,6.974999905,0.125800996,232.6903314
60000,6.579999905,0.125808496,232.6889893
60250,6.095999889,0.126105496,232.7056653
60500,6.974999905,0.1258045,232.6907605
60750,6.639999981,0.126293498,232.6998334
61000,5.973999882,0.126105,232.7042084
61250,5.973999882,0.126105,232.7042084
61500,6.974999905,0.1257745,232.6809796
61750,6.887999935,0.125628995,232.6839679
62000,5.883999958,0.125907997,232.6902112
62250,6.973999901,0.125867996,232.6616675
62500,5.535999985,0.126275497,232.7105463
62750,6.894999905,0.126077001,232.7006152
63000,6.974999905,0.125703994,232.7201349
63250,5.860999908,0.125508496,232.6874805
63500,6.757999973,0.1258345,232.6769238
63750,6.974999905,0.125804999,232.6892999
64000,5.860999908,0.125513997,232.6959766
64250,6.791999912,0.125868996,232.7001544
64500,6.397999935,0.125365996,232.6785535
64750,6.236999969,0.125972496,232.7083588
65000,6.974999905,0.126159996,232.7025714
65250,6.974999905,0.125736498,232.6755292
65500,6.130999947,0.126331996,232.6975623
65750,6.538999958,0.125831996,232.6827856
66000,6.974999905,0.125989996,232.7021277
66250,6.237999916,0.126320497,232.7276752
66500,6.377999935,0.126013497,232.6964026
66750,6.748999977,0.125815997,232.6758905
67000,5.843999939,0.126026997,232.7093628
67250,6.974999905,0.125922997,232.7272687
67500,6.974999905,0.126203496,232.6994189
67750,6.974999905,0.126203496,232.6994189
68000,6.522999954,0.126121496,232.70586
68250,6.092999954,0.125981498,232.6822345
68500,6.974999905,0.126231496,232.7217419
68750,5.633999901,0.126572996,232.7320837
69000,6.964999924,0.126120496,232.7327844
69250,6.974999905,0.125733501,232.7061298
69500,5.578999977,0.126016495,232.7077704
69750,6.953999939,0.125956497,232.7129462
70000,6.974999905,0.125911995,232.7245581
70250,5.620999985,0.125829496,232.6952014
70500,6.937999954,0.126273499,232.6960986
70750,6.974999905,0.125840994,232.7204907
71000,5.685999947,0.126099997,232.7123218
71250,6.904999924,0.125729999,232.7140485
71500,6.974999905,0.125554995,232.6919794
71750,5.823999939,0.125587499,232.700611
72000,6.800999928,0.126313498,232.7125629
72250,6.974999905,0.127202494,232.7142798
72500,6.974999905,0.126596994,232.6810413
72750,5.620999985,0.126168498,232.6886652
73000,6.94199995,0.127123998,232.7171643
73250,6.974999905,0.127647999,232.6913531
73500,6.974999905,0.128043997,232.7106177
73750,6.974999905,0.127603496,232.718067
74000,6.974999905,0.127495996,232.718418
74250,6.974999905,0.127495996,232.718418
74500,6.974999905,0.127714995,232.7008588
74750,5.627999916,0.127636498,232.6798724
75000,6.958999939,0.126525499,232.6790118
75250,6.974999905,0.127132996,232.6855444
75500,6.974999905,0.127236998,232.6964325
75750,6.974999905,0.127349996,232.7231995
76000,6.082999916,0.126465498,232.7124713
76250,6.529999943,0.127530999,232.7207629
76500,6.974999905,0.128406499,232.6861377
76750,6.974999905,0.127860996,232.7239862
77000,6.974999905,0.127249499,232.6973138
77250,5.609999943,0.125588496,232.6955487
77500,6.954999924,0.127477494,232.7032825
77750,6.974999905,0.127965994,232.7156598
78000,6.974999905,0.126269997,232.6957367
78250,6.974999905,0.126321997,232.6899487
78500,6.075999966,0.127356499,232.6938031
78750,6.504999962,0.127089493,232.6759943
79000,6.974999905,0.127064497,232.6972272
79250,6.974999905,0.127108997,232.7014661
79500,6.974999905,0.126872998,232.709754
79750,5.577999992,0.127589996,232.6977399
80000,6.957999935,0.126765997,232.708299
80250,34.8259992,0.660893983,232.6087305
80500,216.3859956,1.161641955,232.4927301
80750,216.3859956,1.161641955,232.4927301
81000,258.7169824,1.188764987,232.4934668
81250,259.226991,1.188460994,232.5008264
81500,257.6979956,1.187038465,232.5068335
81750,257.9229907,1.185416474,232.4762744
82000,258.2739941,1.184340982,232.4751306
82250,257.4789917,1.183432975,232.4782758
82500,255.9549969,1.182753959,232.4920996
82750,257.4369873,1.181304474,232.5052032
83000,257.25,1.180678964,232.477572
83250,256.098996,1.180126467,232.4892993
83500,255.938999,1.179862442,232.4805786
83750,256.3789966,1.17883297,232.4996887
84000,255.535,1.178542962,232.4958484
84250,256.842995,1.177532978,232.4967316
84500,255.6319971,1.177058458,232.4844769
84750,255.7210028,1.176453977,232.4806879
85000,255.6909991,1.176269464,232.4982288
85250,255.5129999,1.176362972,232.4978412
85500,255.5579956,1.176750464,232.4902899
85750,255.4309998,1.176651959,232.474162
86000,254.2589941,1.175692472,232.4826367
86250,255.4719916,1.175288968,232.4901746
86500,255.4749908,1.174701476,232.4832416
86750,255.1229907,1.174385972,232.5018042
87000,254.4669958,1.173461456,232.4857147
87250,254.4669958,1.173461456,232.4857147
87500,254.3099927,1.173676963,232.484458
87750,255.2659937,1.172919478,232.507323
88000,254.343996,1.172292995,232.4799713
88250,254.7899957,1.171941986,232.4858185
88500,253.7639972,1.17155148,232.5085388
88750,254.262998,1.171351986,232.49354
89000,254.5799927,1.170345464,232.4905408
89250,253.8139996,1.170383434,232.4957703
89500,253.75,1.170165467,232.491571
89750,253.9409967,1.169309974,232.5112579
90000,253.76,1.169271464,232.5085004
90250,253.9209967,1.168578477,232.4864734
90500,253.3469971,1.168352966,232.5036078
90750,253.093996,1.168154984,232.4864655
91000,254.0599921,1.167656965,232.5086743
91250,253.7799976,1.16741848,232.5077637
91500,253.1389917,1.167280002,232.4725519
91750,253.3069928,1.166443462,232.4680334
92000,252.6439917,1.166098495,232.5054993
92250,252.9949927,1.166039462,232.4875696
92500,253.4129938,1.165378962,232.5060248
92750,252.1879901,1.164944472,232.4915326
93000,252.7859943,1.164766979,232.5075793
93250,252.6849963,1.164760461,232.4729425
93500,252.343988,1.164558969,232.4775781
93750,252.343988,1.164558969,232.4775781
94000,253.3339935,1.163942981,232.4779535
94250,252.2739935,1.163783484,232.521698
94500,252.0029858,1.163079972,232.5068988
94750,252.3929919,1.162475486,232.5238019
95000,252.0199884,1.162148447,232.4987524
95250,252.2049902,1.161762943,232.5256671
95500,252.0349866,1.161628976,232.5100848
95750,252.170993,1.161231956,232.4951227
96000,252.1289868,1.160954452,232.5123877
96250,250.7089948,1.160685492,232.5386646
96500,252.3199915,1.160505977,232.5356665
96750,252.0359894,1.160178967,232.5032501
97000,250.7299945,1.159700465,232.4921368
97250,251.5719983,1.15958497,232.4946509
97500,251.1519958,1.159301977,232.4984821
97750,252.0159869,1.158702459,232.4969885
98000,250.6709979,1.157974482,232.5304913
98250,250.9469965,1.158042979,232.4926813
98500,251.1310022,1.15802496,232.4982562
98750,251.7289948,1.157578468,232.5106952
99000,250.4189978,1.157491965,232.4937616
99250,251.2439954,1.15666646,232.4929156
99500,250.6619977,1.156739993,232.4815448
99750,250.25,1.156368456,232.4922174
100000,250.3899994,1.155728455,232.49617
100250,250.3899994,1.155728455,232.49617
100500,250.3249982,1.155583482,232.4890265
100750,250.425,1.154848981,232.5356824
101000,250.2929987,1.154902964,232.504444
101250,250.3899994,1.155121469,232.504259
101500,250.3249982,1.15472548,232.4876563
101750,250.275,1.154009452,232.5305304
102000,250.2559985,1.153835454,232.5189069
102250,250.3089984,1.153449984,232.515769
102500,249.8309985,1.153036966,232.5148273
102750,249.4859973,1.152685461,232.5075488
103000,250.2929987,1.152490458,232.5023401
103250,248.9999969,1.152357979,232.5005542
103500,250.2449915,1.152057476,232.5058667
103750,249.4449939,1.151891966,232.4981213
104000,249.840993,1.151276956,232.5035614
104250,249.0199951,1.151077948,232.5096759
104500,249.3379907,1.151076965,232.5319293
104750,249.6009937,1.150266972,232.5077002
105000,248.6879932,1.150094953,232.513595
105250,249.2839978,1.14999599,232.525033
105500,249.0599951,1.149844971,232.5264093
105750,248.5,1.149564466,232.5109412
106000,249.2309961,1.149017477,232.5077283
106250,249.2499902,1.148593993,232.5070441
106500,248.5009998,1.148329964,232.492608
106750,248.5009998,1.148329964,232.492608
107000,248.5399988,1.147911983,232.4969391
107250,248.6339954,1.147652469,232.5156659
107500,248.6069977,1.147335958,232.5138348
107750,248.5589966,1.147361474,232.5029071
108000,248.52,1.147085485,232.4916174
108250,248.5059985,1.146895971,232.4972821
108500,248.3359985,1.146014457,232.4968591
108750,247.4039941,1.14639946,232.5041449
109000,248.5209985,1.146049461,232.4827954
109250,248.5,1.14568449,232.5106104
109500,248.1159973,1.145350466,232.5125861
109750,247.6249976,1.145143991,232.5064178
110000,248.5209985,1.144780955,232.4983655
110250,247.1679962,1.144268479,232.4999701
110500,247.7949957,1.144144955,232.5222174
110750,247.938999,1.14368649,232.4944019
111000,247.1589972,1.143895483,232.4813391
111250,248.053996,1.143788986,232.4864569
111500,247.8159979,1.143091965,232.4475793
111750,247.1049982,1.142957444,232.4867761
112000,247.9159998,1.142780461,232.5059705
112250,246.7519995,1.141842952,232.5092822
112500,246.75,1.142430477,232.523819
112750,248.2239929,1.142089443,232.5262408
113000,246.8009979,1.141615458,232.5122418
113250,246.8009979,1.141615458,232.5122418
113500,246.8919995,1.141412463,232.491723
113750,246.9849988,1.140811005,232.5049695
114000,247.9389984,1.14079699,232.4980359
114250,246.8219989,1.140673976,232.5024738
114500,246.8929999,1.140051475,232.4968433
114750,246.8619971,1.139911995,232.512749
115000,246.856001,1.139522471,232.5025635
115250,246.902998,1.139369478,232.5062408
115500,245.4709955,1.139461484,232.5323877
115750,246.8009912,1.138686447,232.5039642
116000,246.75,1.138594465,232.512475
116250,246.6099969,1.138540998,232.513996
116500,245.6449969,1.138092465,232.4722742
116750,246.7249908,1.138023973,232.4778436
117000,246.5849908,1.138044486,232.5251215
117250,245.7439917,1.137243972,232.5015863
117500,245.8059937,1.137008972,232.5009454
117750,246.2529938,1.136303992,232.4913538
118000,245.4459943,1.136583977,232.4954834
118250,245.9929944,1.136109476,232.5264996
118500,246.3029974,1.136273479,232.4874402
118750,245.528996,1.135987449,232.5094324
119000,246.2369934,1.135396476,232.5144495
119250,246.1149933,1.135431461,232.4865881
119500,245.4039929,1.134989462,232.5215851
119750,245.4039929,1.134989462,232.5215851
120000,245.0059985,1.134853969,232.4747296
120250,246.207998,1.135046978,232.5176025
120500,245.4419983,1.13429997,232.5085229
120750,245.0619989,1.134004979,232.5071173
121000,245.0179993,1.133689475,232.5223468
121250,246.578996,1.133799977,232.4898096
121500,245.1239966,1.133352461,232.4694495
121750,245.2619971,1.133237987,232.5207111
122000,245.0179993,1.133058982,232.5100494
122250,245.2279968,1.132549472,232.5064038
122500,245.2119977,1.132236485,232.5094666
122750,244.3259937,1.132124949,232.5108575
123000,244.6149921,1.131743984,232.48974
123250,245.2309961,1.131840477,232.5175317
123500,245.1599969,1.131435475,232.4975061
123750,245.0119983,1.130825472,232.4987476
124000,243.9099939,1.13087348,232.5080646
124250,244.9629913,1.130618463,232.4936951
124500,244.0899951,1.130463486,232.4757935
124750,244.8589954,1.130031443,232.4825214
125000,244.8449945,1.129540472,232.5102875
125250,244.1859924,1.12989996,232.4929376
125500,243.906994,1.129398499,232.5177631
125750,244.6339911,1.128955975,232.4988098
126000,244.336991,1.129321475,232.5099481
126250,244.336991,1.129321475,232.5099481
126500,243.9349933,1.128765483,232.5080261
126750,244.7859985,1.128806973,232.4947064
127000,243.3659924,1.128277493,232.5062671
127250,244.614989,1.128187962,232.5164966
127500,243.8329956,1.127996459,232.5089862
127750,244.6509961,1.12757947,232.5202734
128000,243.499989,1.127134995,232.5085065
128250,243.3749884,1.126623969,232.5155396
128500,243.5709882,1.126774473,232.5178339
128750,244.224989,1.12641048,232.5337622
129000,244.0189874,1.126174989,232.5156201
129250,243.348988,1.126236467,232.4872095
129500,243.4179883,1.126159482,232.5283838
129750,243.418988,1.125430479,232.5403485
130000,243.6339868,1.125317988,232.5103137
130250,243.3749884,1.12495697,232.5262579
130500,243.3829895,1.125054479,232.5124988
130750,243.4469879,1.12486598,232.5263477
131000,243.0529889,1.124195471,232.5005945
131250,242.4309961,1.124183469,232.5044812
131500,243.5569934,1.124058461,232.5072925
131750,242.9939911,1.123958464,232.4845087
132000,242.5669946,1.12361598,232.529931
132250,243.3789886,1.12247149,232.5030652
132500,241.8889941,1.118434458,232.5199719
132750,241.8889941,1.118434458,232.5199719
133000,241.6589972,1.113942957,232.5094592
133250,239.807998,1.112547975,232.4973688
133500,240.7299915,1.109561987,232.5049127
133750,238.5630023,1.105248985,232.508833
134000,237.1969965,1.103748975,232.5259863
134250,236.4199963,1.098628473,232.5078113
134500,236.2409955,1.096425982,232.5216418
134750,235.2819971,1.092792459,232.5222424
135000,234.2219946,1.091179471,232.5195941
135250,234.0129895,1.086442475,232.5350897
135500,232.4999957,1.081577458,232.5399957
135750,230.6749969,1.078055968,232.5341785
136000,232.7909949,1.071608958,232.5241455
136250,226.2549963,1.064712996,232.533819
136500,228.0489923,1.06227797,232.534444
136750,229.1219965,1.060064464,232.5507068
137000,225.0769965,1.056374993,232.5449432
137250,225.8549921,1.053875461,232.5462006
137500,223.71099,1.049193997,232.5299127
137750,225.135,1.049890995,232.522674
138000,224.3369958,1.048447981,232.5212256
138250,222.5589984,1.04622798,232.5394489
138500,225.6069928,1.04237298,232.5591461
138750,220.7429962,1.042226481,232.5444165
139000,221.7039984,1.038447995,232.5631708
139250,221.7039984,1.038447995,232.5631708
139500,223.2239905,1.035371962,232.5472833
139750,217.7129968,1.029722462,232.5536182
140000,221.9429944,1.031443462,232.5409607
140250,218.9319965,1.019029484,232.5430017
140500,215.9989899,1.013091488,232.5613293
140750,215.3299963,1.010777471,232.5267303
141000,215.5449957,1.013535974,232.5584662
141250,216.6339935,1.007623448,232.5051868
141500,213.5619934,1.005754459,232.5464734
141750,213.6289966,1.004274983,232.5445844
142000,214.2359943,1.003115458,232.5537506
142250,211.282995,0.998015478,232.5389069
142500,212.0319934,0.995655477,232.5430835
142750,212.0509967,0.997269464,232.5151221
143000,211.1059955,0.995076466,232.5459314
143250,211.9909924,0.991161978,232.5516174
143500,210.2719934,0.984396455,232.5541852
143750,197.6549957,0.888774972,232.5781433
144000,188.2379944,0.959347475,232.5428027
144250,198.7819928,0.911176462,232.5842981
144500,193.2269989,0.942771468,232.5729974
144750,185.4530005,0.839398482,232.6082007
145000,174.6119958,0.937844982,232.5701538
145250,153.8599945,0.671821492,232.6638837
145500,124.8829959,0.858003476,232.6162494
145750,124.8829959,0.858003476,232.6162494
146000,168.3079965,0.744979985,232.6311218
146250,121.7249976,0.703268487,232.6165729
146500,126.5449948,0.725217981,232.6268335
146750,138.7279956,0.76082299,232.6026904
147000,141.7469965,0.732914481,232.6254584
147250,140.332995,0.802952476,232.58828
147500,160.9409918,0.77598099,232.5942596
147750,145.3049994,0.773035979,232.5986981
148000,149.0509973,0.765810976,232.5994257
148250,153.7180005,0.831729977,232.5665796
148500,165.9610004,0.792220981,232.595658
148750,151.2989954,0.811969461,232.5874097
149000,162.6879919,0.79629746,232.6163556
149250,157.3329968,0.810112481,232.5954169
149500,168.2679944,0.853140967,232.5723395
149750,176.2769946,0.888638482,232.584563
150000,184.6259961,0.848117476,232.5726965
150250,176.4429944,0.939694471,232.5440973
150500,188.9169934,0.866167481,232.5956195
150750,165.5769934,0.886677485,232.5926721
151000,188.3619983,0.875898483,232.6071698
151250,181.3179974,0.922517481,232.5576166
151500,199.7109961,0.895272479,232.5803711
151750,173.2129962,0.932222476,232.5583594
152000,201.2909955,0.932854488,232.5676569
152250,201.2909955,0.932854488,232.5676569
152500,183.8249982,0.882940485,232.5717303
152750,176.7719965,0.830804482,232.6291913
153000,156.4869983,0.809014463,232.6313293
153250,159.5109943,0.791115453,232.6057538
153500,148.7199988,0.811106493,232.5930505
153750,160.8969952,0.804910996,232.6018842
154000,156.5809979,0.853740993,232.5719794
154250,184.1939948,0.857584486,232.6001202
154500,154.1549976,0.793180993,232.5980988
154750,153.2509967,0.805279479,232.5887317
155000,163.9020013,0.839921472,232.5879938
155250,170.9089935,0.850437479,232.5741376
155500,170.0799915,0.843124473,232.5870648
155750,171.1169904,0.825695469,232.6395154
156000,150.3869989,0.794651999,232.6148914
156250,162.1319958,0.846228969,232.5873889
156500,173.3739996,0.839196475,232.5812085
156750,152.2179962,0.771681979,232.5860193
157000,143.1599963,0.777101476,232.60745
157250,150.6239972,0.782824981,232.6157605
157500,145.6619995,0.779438975,232.5896185
157750,151.2930005,0.780061474,232.6074854
158000,144.246994,0.764670489,232.6095361
158250,156.4559961,0.747831497,232.5960431
158500,108.4009985,0.692420483,232.6206659
158750,108.4009985,0.692420483,232.6206659
159000,135.2859967,0.74487448,232.5986908
159250,133.4179987,0.742429979,232.6232397
159500,138.6379974,0.740048983,232.5910907
159750,126.8129974,0.665383973,232.6370013
160000,99.21899811,0.576427984,232.6510211
160250,100.9399991,0.611529994,232.640274
160500,100.4979977,0.595829489,232.6463147
160750,96.42799774,0.542967489,232.6453394
161000,71.56699905,0.505598987,232.6669702
161250,94.31199738,0.590611985,232.6499493
161500,92.1919986,0.560637984,232.6493213
161750,81.94699707,0.477527484,232.6754999
162000,46.90799927,0.404853492,232.6701532
162250,70.39399811,0.473411993,232.6717859
162500,46.39000015,0.382893988,232.7043213
162750,72.11199883,0.526668484,232.6666742
163000,70.47199921,0.464102489,232.6856671
163250,72.19099854,0.486391989,232.6658026
163500,68.54599854,0.430682486,232.6476263
163750,54.12899841,0.364987489,232.6908411
164000,47.39600021,0.371739492,232.7186511
164250,60.48699783,0.428160481,232.6823376
164500,47.2479985,0.377347493,232.6882196
164750,59.76999847,0.425521981,232.6722577
165000,42.8529982,0.296294987,232.7235059
165250,42.8529982,0.296294987,232.7235059
165500,38.13699944,0.315328485,232.7006995
165750,26.96599884,0.289511993,232.710473
166000,56.94399841,0.460704488,232.6545361
166250,39.73599815,0.290705998,232.6983368
166500,33.4769989,0.302120494,232.6809637
166750,26.08699902,0.222787492,232.6870264
167000,32.76399933,0.321644493,232.7040253
167250,24.67099976,0.238959995,232.6924164
167500,31.18099953,0.316100991,232.7069849
167750,23.35699844,0.200545494,232.705592
168000,10.11100014,0.164952996,232.7023456
168250,12.53899975,0.185634496,232.7000812
168500,19.58099976,0.23475799,232.7122156
168750,16.67099957,0.204588996,232.6843469
169000,27.15499908,0.291425493,232.693092
169250,23.88199963,0.217110995,232.6936987
169500,22.48299957,0.25033649,232.7077051
169750,21.15299957,0.220129994,232.7103717
170000,32.83099945,0.342972988,232.6795544
170250,29.66499962,0.222283996,232.7239801
170500,18.94199913,0.222481496,232.7275299
170750,17.85799927,0.231938994,232.7072333
171000,40.03499916,0.405826492,232.6800977
171250,38.83499863,0.257101492,232.6930432
171500,28.34399895,0.293270991,232.7055084
171750,28.34399895,0.293270991,232.7055084
172000,27.8369997,0.241655494,232.7002814
172250,30.61699947,0.332029494,232.6782104
172500,34.38499954,0.272783494,232.7032678
172750,47.77899918,0.469216988,232.6671216
173000,48.42699806,0.301242492,232.6993445
173250,38.09899956,0.365559492,232.6813538
173500,40.91599884,0.296728995,232.6919635
173750,48.17299797,0.461155986,232.6886975
174000,51.98499802,0.328579996,232.6979401
174250,34.91799911,0.373214496,232.7004022
174500,42.77599892,0.306560994,232.7132159
174750,35.72299988,0.379108995,232.7101154
175000,41.08299927,0.335810497,232.684137
175250,58.23499832,0.579623482,232.6337592
175500,78.05999802,0.438524988,232.6684247
175750,65.40999832,0.631111488,232.6456488
176000,87.71699783,0.443175496,232.678985
176250,69.00799774,0.62865799,232.6184637
176500,77.2089978,0.424242487,232.7128107
176750,60.71499802,0.628901978,232.6527234
177000,95.35299866,0.474598491,232.7080426
177250,68.30799835,0.560319982,232.6574908
177500,79.48399857,0.464685987,232.6863702
177750,73.94999954,0.580442483,232.6280902
178000,78.82099792,0.422881991,232.7213281
178250,78.82099792,0.422881991,232.7213281
178500,61.11299835,0.60188797,232.6444104
178750,100.1369958,0.464448988,232.6639117
179000,66.21799911,0.592493488,232.629856
179250,92.46399719,0.489540483,232.6735852
179500,71.70999908,0.611884495,232.644715
179750,92.23699768,0.478190992,232.679881
180000,68.82499786,0.536007997,232.6355872
180250,83.7380011,0.436224991,232.7050836
180500,65.67499756,0.629052978,232.6468896
180750,102.6939969,0.52242699,232.6811218
181000,71.17699905,0.585381485,232.6406354
181250,98.65699829,0.514233984,232.6719556
181500,79.95699738,0.599287992,232.6630914
181750,99.69900085,0.561417477,232.668324
182000,88.44599823,0.672219982,232.6253857
182250,119.0499985,0.557431493,232.6564557
182500,83.27599884,0.625169976,232.6340961
182750,119.2059961,0.605404482,232.6471381
183000,88.75699707,0.611796496,232.6546307
183250,105.6619971,0.595003493,232.6764178
183500,90.02199799,0.642185993,232.6517627
183750,117.4129971,0.559239998,232.6514655
184000,86.36599854,0.614460485,232.6650989
184250,110.4539981,0.563649495,232.6663544
184500,68.63899796,0.56713948,232.6528986
184750,68.63899796,0.56713948,232.6528986
185000,94.18499817,0.530717485,232.669082
185250,66.93799774,0.546452984,232.6461853
185500,105.5869958,0.563660984,232.6436346
185750,85.13199768,0.57990099,232.6723547
186000,105.1289981,0.657106485,232.653996
186250,109.0789978,0.571420485,232.6728198
186500,74.20599762,0.560132987,232.6500189
186750,101.408999,0.603700979,232.6729224
187000,83.61299866,0.555765989,232.6639471
187250,95.60799988,0.553324981,232.6581628
187500,77.44799744,0.520314476,232.6652399
187750,94.2430011,0.568636986,232.6566907
188000,70.00799942,0.510364993,232.6581207
188250,86.17599731,0.552075491,232.657074
188500,77.80499847,0.549425986,232.6776038
188750,101.3439966,0.549751987,232.6617389
189000,66.04499771,0.476752994,232.683172
189250,85.34799652,0.563939991,232.6694879
189500,76.72999725,0.451741487,232.6988104
189750,51.99499878,0.412483491,232.7048328
190000,65.94199661,0.467145488,232.7039856
190250,60.95699768,0.447830983,232.6864569
190500,68.69899918,0.45073,232.7093384
190750,42.70899918,0.309476488,232.7274084
191000,52.05499931,0.471953993,232.681076
191250,52.05499931,0.471953993,232.681076
191500,83.2689978,0.545097492,232.6454974
191750,84.61299774,0.517324977,232.6888385
192000,61.77999802,0.379149493,232.7067786
192250,50.03099945,0.397521491,232.6766241
192500,60.24199783,0.450658489,232.7044897
192750,75.97799927,0.485028497,232.6649731
193000,58.89099869,0.407345989,232.6868719
193250,65.63799835,0.452662494,232.6617609
193500,45.56299942,0.313764993,232.6794202
193750,43.95999908,0.363756489,232.6823694
194000,35.42399948,0.299577992,232.7141785
194250,42.33599976,0.354273487,232.7171307
194500,46.5290004,0.380074493,232.6848358
194750,62.32799774,0.433816992,232.6714178
195000,44.79399872,0.324611995,232.7050336
195250,57.61599808,0.49176999,232.7178906
195500,59.25799988,0.408849995,232.6803119
195750,71.90699829,0.491918494,232.6888116
196000,49.42199837,0.322581995,232.7009772
196250,45.65799911,0.410400993,232.7206604
196500,39.03599899,0.277513493,232.7378168
196750,42.3639978,0.388340988,232.7098895
197000,37.58899986,0.276188494,232.7161218
197250,38.11799911,0.344309988,232.7152173
197500,34.79999947,0.246903992,232.7194177
197750,34.79999947,0.246903992,232.7194177
198000,30.87399986,0.295781488,232.7002808
198250,26.16799927,0.264654494,232.6858734
198500,48.9779985,0.400852488,232.6971851
198750,41.09899849,0.259044992,232.6984033
199000,22.11399918,0.257941001,232.7130646
199250,25.01899948,0.227438492,232.7015857
199500,29.20399979,0.310419489,232.7030573
199750,33.12799904,0.259783495,232.7126178
200000,42.68499893,0.405438492,232.7098114
200250,49.01499924,0.312542994,232.699425
200500,37.3609996,0.333380988,232.6875055
200750,39.56599808,0.28043849,232.7029059
201000,24.59999962,0.222562995,232.7157867
201250,23.25499947,0.245646988,232.6878015
201500,31.9559993,0.322530997,232.6940509
201750,42.25499947,0.275584493,232.7019543
202000,30.90299911,0.343084486,232.6858112
202250,41.43099899,0.285901991,232.717691
202500,26.00699936,0.220720996,232.7349951
202750,19.38199982,0.225685998,232.7158752
203000,27.78499947,0.296091,232.7151843
203250,42.79999931,0.34680599,232.6814612
203500,41.32599808,0.282019494,232.7054871
203750,28.46899933,0.28975499,232.6917706
204000,42.68799919,0.360938983,232.683139
204250,42.68799919,0.360938983,232.683139
204500,49.26399902,0.30655349,232.7407703
204750,35.50999886,0.377540492,232.6847693
205000,55.05499969,0.370453992,232.6983716
205250,45.41099884,0.406060994,232.7030353
205500,64.6579982,0.458571489,232.6837384
205750,68.47599762,0.44574599,232.6777954
206000,59.88299896,0.382737496,232.6903546
206250,51.3469989,0.533299984,232.691557
206500,101.2599991,0.59899848,232.6658344
206750,123.1129974,0.891436489,232.5707391
207000,165.2159988,0.639308982,232.6454095
207250,73.87,0.554939981,232.6506122
207500,101.1229977,0.643492479,232.647561
207750,103.2889975,0.568508475,232.6856427
208000,79.04299698,0.461774489,232.7014337
208250,79.49599838,0.580715973,232.6693597
208500,85.89099518,0.448333985,232.6892902
208750,53.82799896,0.54674549,232.6511377
209000,98.47899841,0.600473981,232.6425171
209250,96.54299622,0.58324048,232.6337885
209500,98.30699677,0.537092986,232.6685675
209750,81.47200012,0.524065478,232.6592755
210000,82.15799744,0.523855481,232.6769293
210250,81.84499878,0.509883983,232.6769128
210500,65.5589975,0.411944494,232.6723053
210750,65.5589975,0.411944494,232.6723053
211000,52.91399918,0.525804989,232.6539221
211250,101.5149982,0.633053491,232.6416553
211500,119.5619955,0.764424481,232.5705951
211750,185.3989948,0.968872478,232.5348175
212000,210.9679962,0.987907481,232.5634332
212250,209.1569958,0.984815986,232.5391254
212500,208.4399933,0.97544497,232.5464612
212750,209.298996,0.980994966,232.5402338
213000,207.9259943,0.977219467,232.5412817
213250,190.906994,0.817243471,232.58513
213500,112.5719962,0.491250989,232.6565784
213750,74.68299866,0.535165479,232.6698834
214000,90.58299744,0.527635489,232.6503625
214250,83.8339975,0.573481977,232.635033
214500,137.0189963,0.972678485,232.525874
214750,215.1889966,0.993741484,232.5440894
215000,209.468996,0.982679474,232.5492603
215250,208.1749963,0.97694948,232.5271637
215500,209.7519965,0.988253474,232.5493793
215750,216.6979962,1.033536968,232.5329315
216000,162.8969958,0.564060975,232.6818585
216250,59.09399857,0.471112479,232.6482025
216500,83.46999786,0.52842198,232.6400739
216750,51.52999863,0.312864492,232.7044196
217000,43.20499947,0.330618985,232.7078186
217250,43.20499947,0.330618985,232.7078186
217500,46.68399841,0.696012993,232.5982178
217750,199.3459967,0.980936468,232.553465
218000,210.3139941,0.985346982,232.5516748
218250,209.4829962,0.980907476,232.5522504
218500,207.6999933,0.976410482,232.5626404
218750,183.6419977,0.752263489,232.6329364
219000,75.69699966,0.406662486,232.680163
219250,46.56599884,0.333726498,232.704632
219500,39.14199905,0.300884495,232.7090497
219750,30.99899948,0.241525493,232.7244904
220000,24.64299973,0.288989491,232.6930359
220250,104.7700002,0.905090477,232.5786438
220500,206.7329944,0.967982976,232.5818713
220750,205.7169977,0.970196459,232.5876593
221000,205.6699945,0.963256996,232.5428656
221250,205.2319934,0.89019599,232.5828259
221500,92.9709967,0.369873992,232.6919781
221750,17.4779995,0.202284994,232.7268335
222000,16.53599968,0.194364995,232.703905
222250,17.5,0.200498497,232.7045721
222500,17.24800007,0.195453997,232.6911151
222750,15.14399963,0.188779999,232.744339
223000,17.22499985,0.195052493,232.7150159
223250,16.64699974,0.194904997,232.6955798
223500,18.1889999,0.185914494,232.7396899
223750,18.1889999,0.185914494,232.7396899
224000,21.56699963,0.265310987,232.722514
224250,32.29699829,0.233247493,232.7051764
224500,19.12599968,0.200327495,232.7113623
224750,18.23299973,0.210178997,232.6898669
225000,18.59999954,0.20694349,232.7036505
225250,20.92899956,0.216900995,232.6923602
225500,19.47899925,0.184800999,232.7197852
225750,15.06199951,0.198700996,232.7209711
226000,20.08499958,0.208499996,232.7204523
226250,19.16600014,0.215602993,232.7192188
226500,19.9709993,0.211219996,232.7299219
226750,17.5,0.180905493,232.688139
227000,18.69099998,0.219535995,232.6871301
227250,21.95099907,0.225367494,232.7147284
227500,23.505,0.225926493,232.7107196
227750,22.35199936,0.237712991,232.7113556
228000,23.44599968,0.200302995,232.6993634
228250,19.09099934,0.222643492,232.6996912
228500,25.13300011,0.230731493,232.7064355
228750,23.33899986,0.235361497,232.6992413
229000,25.48699997,0.239139493,232.7153223
229250,26.27500153,0.208345997,232.7501617
229500,17.45499992,0.236431491,232.7329785
229750,28.1279995,0.250337495,232.7115631
230000,28.22699944,0.250206997,232.6870032
230250,28.22699944,0.250206997,232.6870032
230500,25.8539991,0.256301494,232.69909
230750,29.36899994,0.238973993,232.7118896
231000,22.01599922,0.223136494,232.7097064
231250,22.91799957,0.251809491,232.6862103
231500,28.59599976,0.249111991,232.687323
231750,26.49299957,0.24486699,232.7035553
232000,24.20199913,0.23348899,232.7209692
232250,21.53199936,0.209601996,232.7032971
232500,25.88199905,0.251770497,232.7134985
232750,26.01499916,0.250854993,232.6825073
233000,28.74999901,0.258486996,232.6720422
233250,28.40799927,0.255465997,232.716579
233500,21.0599995,0.203093999,232.6894897
233750,23.1059996,0.238790992,232.6914197
234000,26.73899963,0.244691992,232.6761871
234250,25.09399971,0.242302994,232.7084021
234500,28.14299942,0.246536493,232.6810516
234750,18.98599983,0.189531991,232.7258337
235000,17.27100014,0.215320494,232.7098749
235250,22.7240004,0.225578493,232.6826019
235500,22.48199905,0.222970991,232.7230719
235750,21.01499992,0.226794992,232.7009131
236000,24.46999947,0.229414997,232.6991718
236250,20.4629995,0.226913493,232.7131537
236500,22.75899948,0.218867497,232.7058514
236750,22.75899948,0.218867497,232.7058514
237000,21.14199997,0.210310497,232.7085852
237250,18.63899979,0.212068995,232.6966968
237500,21.31199974,0.209371994,232.6877856
237750,19.94599998,0.243605497,232.723736
238000,34.16799919,0.253885496,232.7130347
238250,20.38199966,0.205892491,232.7414178
238500,21.25099991,0.226624495,232.6957861
238750,23.50499992,0.222632492,232.7146252
239000,21.53199951,0.219176493,232.7056903
239250,21.65599983,0.216525492,232.7132562
239500,21.23199997,0.210651992,232.6813202
239750,20.10499985,0.21204949,232.7272034
240000,20.92899872,0.220934997,232.6908173
240250,21.84399895,0.221458495,232.722099
240500,19.05999916,0.212885997,232.7206195
240750,23.31399933,0.218921996,232.7179895
241000,21.42099983,0.219992998,232.7179047
241250,21.22500015,0.216308495,232.7046661
241500,20.6569989,0.216879496,232.7225867
241750,22.72699936,0.241844496,232.7274426
242000,29.72199875,0.257296994,232.7470764
242250,25.42599884,0.228346495,232.7209308
242500,23.24099907,0.23189149,232.7479144
242750,24.48100006,0.253731492,232.7356421
243000,33.44399933,0.286872492,232.7313312
243250,33.44399933,0.286872492,232.7313312
243500,32.50999863,0.26295349,232.7372095
243750,28.72999939,0.260957494,232.7095386
244000,34.30399902,0.289169991,232.7200305
244250,29.61299965,0.270672491,232.7307849
244500,36.60899933,0.308734993,232.7074512
244750,34.10099976,0.268778994,232.7089996
245000,31.88599922,0.270561994,232.7229718
245250,31.78599915,0.300840991,232.690683
245500,48.60599854,0.393526993,232.7016345
245750,47.12699936,0.311213992,232.689859
246000,41.99199829,0.355847496,232.731554
246250,39.56099937,0.309845492,232.6942883
246500,56.64599915,0.425511492,232.6685474
246750,55.65899857,0.363511992,232.6875732
247000,40.92999947,0.295666991,232.7163782
247250,44.78799904,0.363920984,232.6829626
247500,43.3889978,0.315717988,232.6987085
247750,45.44799835,0.350021988,232.7007056
248000,40.61799973,0.295929492,232.7253528
248250,46.85599861,0.362469488,232.6919684
248500,42.21499908,0.303322495,232.7259393
248750,50.27599854,0.406069999,232.6773297
249000,48.29999939,0.306093491,232.6929401
249250,41.62799957,0.350016993,232.7010748
249500,45.44699966,0.320808994,232.6824634
249750,45.44699966,0.320808994,232.6824634
250000,50.58299835,0.384696486,232.684873
250250,46.21599838,0.322859991,232.7117487
250500,52.35999847,0.433566984,232.6903784
250750,53.76599915,0.321762987,232.6953229
251000,39.05799881,0.314370493,232.7207605
251250,40.58099899,0.296102495,232.6921875
251500,38.85699936,0.327219995,232.6679407
251750,39.19499924,0.299347992,232.7103143
252000,43.19099915,0.368077495,232.6897003
252250,57.07799881,0.408690997,232.7238898
252500,67.02799927,0.472295991,232.7068823
252750,54.15499878,0.322100493,232.711626
253000,35.58499878,0.315990995,232.7060822
253250,36.80999939,0.278580492,232.717251
253500,42.38400024,0.396222996,232.6919287
253750,70.55499939,0.525642982,232.6626642
254000,84.99399933,0.52566498,232.6773877
254250,77.04799927,0.477292982,232.6783307
254500,71.76299744,0.457103477,232.693833
254750,79.80799988,0.562056992,232.6656659
255000,91.43899811,0.532898986,232.6595135
255250,83.65299713,0.556274991,232.6469318
255500,98.70799896,0.645762978,232.6424438
255750,102.2809982,0.560636985,232.652041
256000,82.88899902,0.523802493,232.6736908
256250,82.88899902,0.523802493,232.6736908
256500,86.21599701,0.51757549,232.6525323
256750,89.5239978,0.622535505,232.6603467
257000,102.7059985,0.594784486,232.6687402
257250,90.16899933,0.563568976,232.6735156
257500,97.21399902,0.636489487,232.639306
257750,112.4759982,0.61295249,232.6638043
258000,95.37499847,0.543563988,232.673418
258250,90.81100098,0.591141996,232.6825128
258500,97.90799927,0.592452483,232.6392676
258750,96.41199768,0.605027485,232.6529303
259000,99.36899719,0.576318491,232.6484662
259250,91.08699463,0.548061986,232.6672961
259500,93.28499664,0.600668986,232.6601227
259750,106.707998,0.627100985,232.6300995
260000,104.0239969,0.625124481,232.6294983
260250,100.021998,0.598177993,232.662113
260500,99.86299805,0.568159986,232.6424768
260750,82.66899689,0.512485981,232.7099695
261000,86.53099579,0.572125975,232.6677533
261250,94.93099548,0.50932299,232.661377
261500,62.50799973,0.509114988,232.6583051
261750,86.66399994,0.519038495,232.6690167
262000,79.96399902,0.611760983,232.6479279
262250,113.0119974,0.604037974,232.6634839
262500,84.48299927,0.507398994,232.6781287
262750,84.48299927,0.507398994,232.6781287
263000,78.42599884,0.450192988,232.6721948
263250,53.30599899,0.392989491,232.6897284
263500,55.96699905,0.362977991,232.6826874
263750,30.46299965,0.226044997,232.7068597
264000,23.03099998,0.359777491,232.6644092
264250,77.55899841,0.497560494,232.6883319
264500,82.27099915,0.538938992,232.6592023
264750,96.31899933,0.520434488,232.6786493
265000,51.26699966,0.470563999,232.6673944
265250,85.10099731,0.542365983,232.6628827
265500,48.96899887,0.438795993,232.6906732
265750,83.54599899,0.518286486,232.7059698
266000,57.40799973,0.46384449,232.6999072
266250,87.28999878,0.57300599,232.6848193
266500,69.59499771,0.463788987,232.6769934
266750,81.03499908,0.477320489,232.7094342
267000,55.09599854,0.434146985,232.6937787
267250,89.30899933,0.559978482,232.6488196
267500,60.74699829,0.500332981,232.6597681
267750,95.68999451,0.59124198,232.6795776
268000,66.84899628,0.480039989,232.6944263
268250,101.7949988,0.615533975,232.6548041
268500,79.59999847,0.481395987,232.6711206
268750,89.18099731,0.558248484,232.6424725
269000,49.88299812,0.413980988,232.6644073
269250,49.88299812,0.413980988,232.6644073
269500,91.40099854,0.626584477,232.650744
269750,109.1149976,0.587775493,232.6472675
270000,49.79499924,0.452972989,232.6954492
270250,94.60199738,0.601057476,232.6582257
270500,61.53899811,0.400436993,232.6978674
270750,69.3429982,0.522878996,232.6890564
271000,57.53899902,0.418078992,232.6954565
271250,80.46999756,0.585292482,232.6455151
271500,69.73599884,0.448670492,232.6845801
271750,84.13099838,0.557703986,232.6585791
272000,61.64999969,0.403376991,232.6960364
272250,63.06899826,0.479005492,232.6893768
272500,46.8949984,0.347505497,232.701795
272750,64.42099869,0.516138482,232.685484
273000,63.02099808,0.382975987,232.68841
273250,64.82699905,0.484383478,232.6491693
273500,74.21399963,0.457559489,232.6960449
273750,61.44899948,0.384434485,232.6702496
274000,56.16599854,0.412159989,232.7051373
274250,62.57499863,0.428184986,232.7057391
274500,66.935,0.456501485,232.6689789
274750,69.95499847,0.455942985,232.671618
275000,66.95799927,0.439883994,232.6788361
275250,69.46799744,0.477801492,232.6679449
275500,61.9169986,0.382044984,232.6798517
275750,61.9169986,0.382044984,232.6798517
276000,61.19999893,0.467829487,232.6903278
276250,68.54499939,0.443624992,232.6918591
276500,63.3309993,0.444618984,232.664162
276750,53.67099777,0.347947996,232.6894904
277000,52.97299896,0.426257985,232.6647791
277250,56.86199799,0.359591491,232.684425
277500,51.29499756,0.401871481,232.6926495
277750,77.69499847,0.551590474,232.6638501
278000,90.34499878,0.549917979,232.6505609
278250,79.59599762,0.445870484,232.6474591
278500,59.54499954,0.403035489,232.6787482
278750,53.09499954,0.3529155,232.6659625
279000,55.99900024,0.442033484,232.6440179
279250,67.42599854,0.403687494,232.6925244
279500,60.01199951,0.418191485,232.6973145
279750,60.51799835,0.404863487,232.6794836
280000,65.16299866,0.486106496,232.6708026
280250,70.70399902,0.43879499,232.6910632
280500,67.06700043,0.478138983,232.696123
280750,74.16199951,0.435123985,232.70164
281000,61.50599854,0.401107991,232.7253302
281250,57.72499893,0.408950489,232.7151776
281500,68.72799805,0.452485493,232.7135071
281750,81.07099884,0.518229477,232.6965228
282000,77.48099945,0.425463494,232.7074493
282250,77.48099945,0.425463494,232.7074493
282500,59.21999817,0.375344496,232.6908972
282750,56.1119989,0.375173491,232.6818732
283000,56.86099777,0.35875699,232.6993317
283250,52.15699951,0.338015488,232.6965686
283500,49.66599976,0.344186494,232.7135303
283750,55.16599884,0.372356987,232.6893463
284000,60.00099838,0.363168985,232.6725476
284250,51.4619989,0.349919492,232.6861389
284500,53.32099899,0.349608994,232.7031555
284750,52.96099991,0.348848487,232.7055542
285000,52.5,0.350545988,232.7258337
285250,53.20000015,0.351967496,232.7228259
285500,56.43799911,0.377900994,232.7042725
285750,61.21199875,0.365518489,232.7199963
286000,55.45499878,0.377137988,232.7070361
286250,60.25899872,0.38495349,232.6823132
286500,61.92799896,0.370293486,232.6969855
286750,56.20299896,0.36947049,232.711756
287000,59.21399872,0.370020984,232.7017212
287250,59.75699844,0.375498986,232.6770837
287500,59.9309996,0.436118493,232.6752972
287750,74.77699799,0.458969995,232.680108
288000,67.32099976,0.421384989,232.6743945
288250,66.79499969,0.461909988,232.680827
288500,82.33999878,0.481803492,232.6693781
288750,82.33999878,0.481803492,232.6693781
289000,74.69999878,0.492502979,232.6831213
289250,88.51099762,0.535188489,232.6709601
289500,87.78799835,0.587728972,232.6835297
289750,107.4649973,0.634540479,232.6789716
290000,109.7039978,0.601768999,232.6802747
290250,93.82399963,0.575237486,232.6719531
290500,103.4729968,0.626936495,232.673363
290750,112.1489978,0.655326977,232.6329388
291000,108.3829965,0.611637986,232.6328766
291250,96.43899902,0.555593989,232.6780292
291500,95.30099854,0.577254484,232.6550995
291750,100.0709979,0.599638484,232.6522583
292000,106.0879996,0.637865975,232.6556976
292250,113.0849982,0.641750479,232.6705853
292500,101.5139981,0.640955484,232.6338654
292750,125.832999,0.710347483,232.6054504
293000,121.7439978,0.667419488,232.6336426
293250,120.7439984,0.710703979,232.6080914
293500,133.0949963,0.732389467,232.6221606
293750,121.6659982,0.694090981,232.599314
294000,134.525,0.770627472,232.6103943
294250,141.4069983,0.747966971,232.6303723
294500,137.0070001,0.747751489,232.6243701
294750,142.1199927,0.777806976,232.6179144
295000,148.1889948,0.784501982,232.6112897
295250,148.1889948,0.784501982,232.6112897
295500,151.922995,0.812832482,232.6203613
295750,165.9529926,0.841730485,232.5799786
296000,162.9989935,0.827337472,232.5668256
296250,173.2389996,0.894231985,232.5824921
296500,194.8359943,0.952417974,232.5535046
296750,205.4569965,0.986924982,232.5541138
297000,210.6029968,1.003940475,232.5487714
297250,213.5289984,0.992322984,232.565874
297500,208.2769885,0.971750994,232.5819611
297750,203.4279944,0.97013598,232.5608844
298000,214.4279944,1.023774967,232.5312097
298250,212.8239966,0.98433598,232.5295453
298500,205.4409955,0.967222481,232.5408356
298750,205.2399988,0.983314474,232.5384491
299000,209.9979938,0.987963977,232.5348181
299250,205.5819952,0.955284984,232.5545697
299500,184.581994,0.890658472,232.5771075
299750,198.7499951,0.995175982,232.5698895
300000,215.4229938,1.011388485,232.5663361
300250,208.7329968,0.97111748,232.5750751
300500,202.2969971,0.942897472,232.6032104
300750,192.7839972,0.927054474,232.5567938
301000,184.0199988,0.90630147,232.5939539
301250,183.1929956,0.882493975,232.5607721
301500,179.732998,0.907994468,232.5747632
301750,179.732998,0.907994468,232.5747632
302000,181.3909955,0.856120477,232.5936896
302250,171.0329956,0.855133474,232.5785706
302500,169.4149945,0.842671978,232.6334766
302750,162.7979993,0.809196472,232.5876733
303000,156.9569958,0.817848487,232.6164899
303250,157.8279962,0.792855468,232.618985
303500,145.4699982,0.745580986,232.6180023
303750,137.5699976,0.76728297,232.6143146
304000,143.2899963,0.759275985,232.6279004
304250,136.4319971,0.749553485,232.6491144
304500,127.9529944,0.66332948,232.6373474
304750,114.6709985,0.669396493,232.645899
305000,111.4359979,0.572588484,232.6726752
305250,90.0139975,0.525512488,232.6856006
305500,90.61599762,0.563175988,232.6918964
305750,84.68099945,0.447845992,232.6892804
306000,65.82799942,0.45081899,232.7036615
306250,62.59099808,0.364784483,232.6994153
306500,45.85999985,0.323703489,232.7239166
306750,45.93199966,0.333634496,232.7028906
307000,54.58699829,0.400496987,232.7028827
307250,59.62799881,0.362271993,232.6937054
307500,48.1209993,0.33207199,232.6990186
307750,50.48599884,0.368113985,232.6797205
308000,55.88499863,0.366148486,232.6707758
308250,55.88499863,0.366148486,232.6707758
308500,51.16799881,0.339764489,232.7095477
308750,46.51599869,0.324440989,232.7106085
309000,47.06799927,0.326738992,232.7037604
309250,43.7809993,0.32685499,232.697948
309500,47.37399979,0.326022993,232.6877539
309750,45.50099854,0.322667985,232.707027
310000,43.27399933,0.318111991,232.6875854
310250,44.63100006,0.31585999,232.7314178
310500,42.74299896,0.315363494,232.715946
310750,44.89200012,0.318441992,232.7162799
311000,42.49399918,0.320841494,232.7164264
311250,44.22499985,0.318893987,232.7149457
311500,45.06299896,0.31527349,232.7174579
311750,41.94399933,0.314960494,232.6880676
312000,44.77899887,0.313111989,232.6904108
312250,42.045,0.313029989,232.6850897
312500,40.77699966,0.309091494,232.6862103
312750,43.34199997,0.307306494,232.715874
313000,41.39099976,0.314680493,232.6902759
313250,45.47300217,0.320434992,232.7007458
313500,40.58899887,0.303640493,232.6971552
313750,39.09099991,0.299472998,232.6938495
314000,39.19799911,0.295332489,232.7100195
314250,37.44699997,0.29915749,232.7040204
314500,40.06899887,0.300531491,232.7031952
314750,40.06899887,0.300531491,232.7031952
315000,39.49899887,0.300630493,232.6893549
315250,37.74599915,0.31896399,232.6941559
315500,51.13599945,0.334205998,232.6902551
315750,42.82699875,0.30576849,232.7067603
316000,38.05899902,0.300233494,232.7148029
316250,44.01399963,0.318218993,232.7105554
316500,40.90399872,0.304618495,232.6973541
316750,45.93699936,0.405302486,232.691673
317000,72.5389975,0.519085979,232.6766339
317250,86.01399872,0.482140486,232.7126276
317500,70.1319986,0.492866991,232.6975647
317750,97.63199829,0.606874478,232.6687201
318000,98.88499847,0.573238499,232.6388513
318250,95.62999817,0.587753975,232.6621863
318500,96.24999847,0.606183491,232.6396277
318750,107.9059985,0.647247977,232.6480084
319000,119.924996,0.671737983,232.652049
319250,108.147998,0.598704472,232.6824768
319500,110.0399982,0.654353487,232.6596686
319750,113.1059998,0.672405488,232.6716345
320000,114.7869962,0.661827972,232.6678094
320250,121.2879953,0.693342485,232.6731793
320500,125.9749985,0.697131965,232.6513208
320750,126.7219977,0.70123899,232.6587604
321000,122.6399976,0.70085798,232.6620404
321250,122.6399976,0.70085798,232.6620404
321500,127.2509961,0.71470649,232.6404797
321750,118.015997,0.666472487,232.6418353
322000,114.9989978,0.676907485,232.6494342
322250,116.0079965,0.659538481,232.6743787
322500,125.434996,0.745692995,232.6434491
322750,146.8389972,0.797308965,232.6241217
323000,152.8899976,0.791646483,232.6142572
323250,149.8099988,0.803398476,232.6133069
323500,157.8629962,0.823862474,232.6245221
323750,169.6159967,0.85410249,232.5717523
324000,159.4049976,0.808753984,232.6417456
324250,152.9419989,0.810392973,232.6249408
324500,162.3189984,0.851827984,232.6282343
324750,170.2819958,0.865477471,232.6174109
325000,173.0289935,0.861045468,232.5902264
325250,180.5619971,0.925459986,232.5932751
325500,187.8379962,0.903993969,232.6052826
325750,187.702998,0.936861482,232.5830823
326000,194.8249957,0.932692983,232.5796686
326250,194.1639996,0.938627491,232.5460675
326500,191.5469952,0.920507472,232.5745392
326750,191.3199951,0.930372496,232.5793561
327000,192.9959961,0.923665466,232.6193457
327250,182.2509985,0.895031476,232.5984009
327500,180.9829944,0.884440489,232.5842822
327750,180.9829944,0.884440489,232.5842822
328000,176.7170001,0.876438468,232.5884399
328250,175.1739954,0.880681977,232.586449
328500,183.6719946,0.910751975,232.59052
328750,185.867998,0.898082972,232.6002252
329000,183.7510004,0.908425469,232.5842114
329250,183.75,0.901407981,232.580116
329500,177.7299982,0.869027479,232.6208508
329750,174.0409979,0.886622977,232.6014105
330000,168.3499994,0.812869463,232.5851385
330250,159.2799976,0.850711474,232.6143213
330500,179.8709937,0.906824985,232.611145
330750,179.7219995,0.870357978,232.6096735
331000,169.883996,0.842418976,232.6140405
331250,161.4219965,0.832386496,232.642561
331500,161.2339996,0.838513992,232.6230255
331750,167.3029999,0.823456967,232.6238818
332000,156.5199994,0.802245984,232.6128583
332250,154.6509937,0.804001992,232.6108984
332500,154.5999976,0.770598974,232.6032666
332750,134.9739954,0.730727978,232.6360681
333000,127.3709985,0.680389473,232.6620276
333250,120.7519995,0.718317473,232.6376978
333500,135.2160004,0.732823467,232.6432037
333750,132.7749969,0.697444983,232.6435638
334000,121.748999,0.670924983,232.6452917
334250,121.748999,0.670924983,232.6452917
334500,122.7019983,0.720549984,232.6208618
334750,133.2689966,0.723375988,232.6165033
335000,121.7819989,0.643409984,232.6556586
335250,104.8419989,0.639082465,232.6456586
335500,104.6089993,0.561559494,232.6632733
335750,89.93799774,0.578251474,232.664856
336000,98.9669989,0.588133981,232.6383063
336250,93.83799744,0.559911475,232.6399835
336500,86.89999969,0.524354985,232.6798486
336750,84.63799988,0.512204481,232.6648248
337000,79.54,0.493145988,232.6754193
337250,79.24899963,0.496190996,232.6885095
337500,77.52699982,0.490537491,232.6877051
337750,75.91799805,0.451156493,232.7175696
338000,61.80499908,0.402658497,232.7124731
338250,59.64599808,0.416953,232.6699292
338500,72.36099792,0.426711489,232.6876587
338750,53.87399811,0.404761493,232.6957605
339000,63.29999924,0.403467987,232.6868427
339250,61.35599823,0.426863489,232.6557776
339500,66.20499939,0.427794487,232.6671722
339750,72.9919989,0.518124489,232.6526666
340000,91.0439975,0.57097199,232.6302686
340250,97.71999725,0.559070482,232.6395306
340500,84.75999786,0.536605985,232.6627216
340750,84.75999786,0.536605985,232.6627216
341000,93.31499878,0.592257483,232.6582562
341250,106.9839957,0.606345494,232.630993
341500,97.38399933,0.624737973,232.6367474
341750,110.1469995,0.629757986,232.6521228
342000,90.62799835,0.583652982,232.6504742
342250,108.5299979,0.679134481,232.6527771
342500,127.3509961,0.72572098,232.6174725
342750,137.5349945,0.742156978,232.6218268
343000,127.9849994,0.695977969,232.5903094
343250,122.5389972,0.670391979,232.6355066
343500,108.7329965,0.634363468,232.6186243
343750,123.5209985,0.754441977,232.6240363
344000,145.0039948,0.751774476,232.6149615
344250,134.2859955,0.732344482,232.6162982
344500,142.3639972,0.783713975,232.6179614
344750,149.3379913,0.79870749,232.6263159
345000,157.2639935,0.814880486,232.6068188
345250,161.0849933,0.818883989,232.6140961
345500,160.9929987,0.844350986,232.5766339
345750,174.6579968,0.861941476,232.5865631
346000,162.0749951,0.817948494,232.5823291
346250,157.5219983,0.831717982,232.6069934
346500,170.1569952,0.842533484,232.6049951
346750,161.1139984,0.809570489,232.5952728
347000,155.7609979,0.794201481,232.5946259
347250,155.7609979,0.794201481,232.5946259
347500,153.687002,0.797819963,232.5878503
347750,153.4990015,0.800830965,232.6035229
348000,146.8119965,0.759814479,232.5992523
348250,136.3939978,0.728973472,232.6026501
348500,129.3679977,0.720621965,232.6025952
348750,131.5899963,0.733705981,232.6026239
349000,135.4719995,0.729692979,232.6060034
349250,122.5929977,0.627540479,232.6378564
349500,101.8879971,0.599865978,232.6631927
349750,93.04299774,0.584506998,232.6305853
350000,111.1649979,0.649446483,232.6208331
350250,104.3219989,0.58570998,232.6489789
350500,88.67699951,0.536354983,232.6405212
350750,97.60199677,0.606107988,232.6381311
351000,102.3830002,0.618086977,232.6245209
351250,103.2899979,0.60010299,232.6187781
351500,106.5689975,0.649160485,232.6132574
351750,97.73099792,0.527557985,232.6443878
352000,85.95899811,0.538957988,232.6537878
352250,79.18699829,0.472574488,232.675451
352500,78.55799988,0.513135486,232.6525616
352750,81.39699707,0.50847949,232.6663208
353000,76.90899902,0.472436488,232.658786
353250,68.45899963,0.402818987,232.6753247
353500,59.14099915,0.433406992,232.6677124
353750,59.14099915,0.433406992,232.6677124
354000,63.94299881,0.406383487,232.6820813
354250,58.29399796,0.390505995,232.6773621
354500,59.09999847,0.428543987,232.6589465
354750,61.44999908,0.37651749,232.685426
355000,60.0069989,0.43356949,232.6643945
355250,63.40999817,0.392554492,232.6579224
355500,49.28999893,0.331791488,232.6964032
355750,50.72599823,0.402667489,232.6890576
356000,60.00599884,0.391449492,232.665423
356250,59.1729982,0.42549499,232.6531775
356500,66.42999847,0.449257495,232.6809796
356750,69.85699921,0.428729987,232.6705127
357000,64.30899857,0.460261986,232.6767712
357250,82.9819986,0.545735996,232.6491071
357500,94.1489978,0.559138992,232.6473871
357750,91.45099976,0.577658985,232.6597638
358000,100.723999,0.581603489,232.639021
358250,95.3689975,0.561522992,232.6582257
358500,98.71399658,0.637364476,232.6101929
358750,120.8189954,0.71456898,232.6039471
359000,132.2169946,0.736675978,232.6222363
359250,135.3799969,0.723839486,232.6632104
359500,132.7759967,0.746959493,232.6154578
359750,138.2569965,0.727917969,232.6074432
360000,140.2739975,0.786269984,232.5700745
360250,140.2739975,0.786269984,232.5700745
360500,159.5530017,0.851430974,232.5896741
360750,177.1029944,0.879380484,232.5599615
361000,178.2969977,0.872032979,232.5674811
361250,174.7099957,0.887253466,232.5775732
361500,184.6619971,0.897020478,232.5828821
361750,185.7119977,0.933484981,232.5509448
362000,190.0909979,0.884015491,232.5738495
362250,173.6249969,0.889014986,232.5722174
362500,189.0799957,0.929207985,232.5690009
362750,189.4559943,0.905658488,232.5784448
363000,180.6229956,0.903206494,232.5847455
363250,185.4380023,0.879204471,232.5680756
363500,168.0949945,0.842971971,232.5808179
363750,164.393996,0.848058989,232.5832526
364000,175.5429944,0.87845149,232.5854114
364250,172.3279974,0.840790486,232.5825635
364500,158.2899945,0.824053981,232.5984479
364750,164.3359955,0.848521476,232.5912897
365000,169.4549927,0.865976963,232.5826031
365250,168.2639954,0.827832985,232.5880811
365500,154.5139984,0.837063982,232.5797241
365750,169.8319965,0.842182481,232.5738104
366000,159.0819989,0.775833983,232.5882422
366250,133.1319974,0.733343983,232.6075781
366500,144.7019946,0.773361971,232.6021667
366750,144.7019946,0.773361971,232.6021667
367000,136.6549988,0.711128492,232.6391382
367250,116.1549991,0.63978898,232.6382349
367500,111.8319962,0.663902993,232.5990826
367750,118.1719974,0.669122984,232.6327612
368000,117.9799951,0.68637799,232.5963776
368250,131.8939999,0.687690983,232.6094672
368500,110.421998,0.636265984,232.6385956
368750,108.8589972,0.639847491,232.6427313
369000,117.7699976,0.674327981,232.643197
369250,104.2079971,0.595449982,232.6530261
369500,94.81799805,0.562663484,232.6727338
369750,96.4739975,0.57332799,232.6758997
370000,83.94099579,0.510663482,232.6731677
370250,84.41799774,0.522705479,232.685636
370500,85.72400574,0.503997992,232.6827863
370750,72.32400116,0.423530495,232.6964746
371000,58.65899872,0.416928995,232.6876746
371250,66.42399811,0.446418985,232.6854724
371500,66.42599884,0.405458988,232.6987286
371750,54.94699982,0.376323484,232.6825842
372000,56.44799911,0.381459992,232.6760791
372250,52.82199966,0.363776487,232.6803052
372500,54.67799911,0.398052492,232.68995
372750,59.26799805,0.387858989,232.6929694
373000,55.10399857,0.395447482,232.7088062
373250,55.10399857,0.395447482,232.7088062
373500,64.8319986,0.434192492,232.6968164
373750,64.98699799,0.409340994,232.6796735
374000,53.25299866,0.362448983,232.703642
374250,61.79699844,0.43308499,232.705752
374500,51.35799835,0.339400988,232.6885156
374750,50.67399841,0.376208996,232.7084076
375000,51.69899826,0.359852991,232.6855554
375250,54.24899963,0.395131493,232.6807513
375500,60.68099808,0.39946249,232.6802191
375750,65.3119989,0.454110994,232.6706567
376000,68.38499878,0.437816979,232.6797699
376250,64.28299957,0.385441989,232.6946826
376500,51.46999878,0.356860485,232.7220471
376750,48.96999924,0.365229987,232.7295868
377000,59.97399765,0.416718992,232.6855841
377250,58.93799988,0.369708487,232.6898285
377500,46.03399963,0.318257997,232.6665137
377750,46.3079985,0.355933496,232.6661493
378000,53.11799911,0.371107999,232.6931708
378250,53.10299973,0.393562982,232.6806012
378500,76.88400024,0.547155488,232.6812494
378750,88.76299896,0.511508994,232.6668042
379000,90.01999908,0.590538998,232.6551367
379250,98.58299835,0.565671997,232.6318347
379500,91.71799835,0.533183987,232.6617908
379750,91.71799835,0.533183987,232.6617908
380000,84.46899658,0.526398988,232.6568823
380250,85.57099884,0.520998986,232.6486768
380500,84.92599976,0.528632486,232.6739557
380750,86.80599609,0.546178982,232.6671814
381000,90.16399841,0.544323981,232.6484485
381250,96.47599701,0.612498484,232.6547919
381500,114.5819971,0.695062981,232.6484326
381750,125.1269965,0.688948481,232.6579816
382000,119.1299991,0.677964487,232.6520087
382250,122.6879974,0.681808479,232.6197662
382500,130.808999,0.786419487,232.6105176
382750,154.6359961,0.810169971,232.6158789
383000,157.8559943,0.799845982,232.5965247
383250,158.1779974,0.840959475,232.5837897
383500,168.532995,0.844571981,232.6186456
383750,173.3909991,0.88777148,232.5901025
384000,180.6549933,0.898233488,232.5810852
384250,184.2269958,0.90360698,232.6020746
384500,180.6909937,0.891314969,232.5853992
384750,185.2439941,0.926772459,232.5863617
385000,195.2079938,0.948001466,232.5962225
385250,198.5089972,0.953975492,232.5600629
385500,197.4869971,0.952505455,232.5501276
385750,196.8989954,0.956445482,232.5548724
386000,200.183996,0.96870847,232.5396283
386250,200.183996,0.96870847,232.5396283
386500,201.7749951,0.955011966,232.5600824
386750,197.7739978,0.963854971,232.5674023
387000,203.9029974,0.970171473,232.5574274
387250,200.3399957,0.941231477,232.5787097
387500,188.6699939,0.920583968,232.606554
387750,190.9079999,0.936385465,232.5671277
388000,195.0629956,0.94454196,232.5751947
388250,187.433999,0.868646979,232.5835107
388500,176.65,0.946373482,232.558833
388750,208.9599951,0.990606458,232.5518597
389000,197.8749969,0.888910475,232.5824622
389250,166.6849933,0.900673978,232.5909271
389500,194.1619946,0.931407964,232.5970984
389750,191.8169946,0.916728985,232.585141
390000,184.2569922,0.894046478,232.5928192
390250,184.0829926,0.912640979,232.5915619
390500,191.8459937,0.941897964,232.593421
390750,194.5759955,0.920040472,232.6091791
391000,179.637998,0.853273487,232.5969989
391250,167.7529938,0.859361973,232.590849
391500,176.9849939,0.882816479,232.5801697
391750,179.9599945,0.881863976,232.5883649
392000,175.6289984,0.851457984,232.611286
392250,164.3499988,0.811930492,232.6076123
392500,156.0199976,0.826482482,232.5902728
392750,156.0199976,0.826482482,232.5902728
393000,167.3169977,0.82246346,232.6090997
393250,160.5089941,0.825106497,232.5957043
393500,162.5359937,0.793638487,232.6076556
393750,140.0799951,0.764971979,232.6177588
394000,146.3229962,0.782528479,232.6167377
394250,145.2359973,0.756851485,232.6382098
394500,138.0609961,0.738228483,232.616593
394750,134.7789978,0.739087975,232.6263611
395000,132.9389972,0.706567492,232.6403491
395250,117.6249988,0.657990477,232.6302576
395500,110.8289981,0.635047984,232.6182648
395750,105.9819986,0.589306977,232.6398254
396000,91.6169986,0.551871488,232.6465942
396250,94.66199646,0.565271983,232.6253625
396500,95.41999634,0.581453497,232.6579541
396750,98.04299866,0.573251488,232.6626495
397000,89.73999847,0.491021984,232.6566455
397250,66.45799759,0.448750987,232.6812097
397500,75.14199707,0.458235497,232.6929327
397750,49.5209993,0.363602991,232.6966168
398000,59.88799805,0.427573991,232.6564319
398250,64.94099884,0.429119985,232.6785065
398500,64.07799744,0.424949991,232.6985211
398750,60.2159993,0.383682988,232.6937402
399000,51.41499893,0.360796491,232.7049707
399250,51.41499893,0.360796491,232.7049707
399500,53.51899948,0.379925485,232.6942334
399750,46.92199829,0.32882449,232.6907751
400000,47.91600006,0.381177994,232.7022614
400250,52.3169989,0.350200495,232.6880151
400500,47.97599884,0.33419449,232.705791
400750,50.53999924,0.386219493,232.7304626
401000,63.03699875,0.429981993,232.6823346
401250,65.82199768,0.421646492,232.6709467
401500,59.06799866,0.415797997,232.6757397
401750,64.01399918,0.444352484,232.6688617
402000,70.43999908,0.457084488,232.6747736
402250,63.0369986,0.421464492,232.6837122
402500,71.05599731,0.463115488,232.6731451
402750,65.8489975,0.395839486,232.6622321
403000,50.74699921,0.343889987,232.7063721
403250,50.3119986,0.377874986,232.6815143
403500,54.70899902,0.373401988,232.6792029
403750,58.56199966,0.401081488,232.6877991
404000,57.73899841,0.40288949,232.6469885
404250,59.77799866,0.353437495,232.68591
404500,50.2029982,0.338809487,232.6858942
404750,41.65499908,0.308714991,232.7088794
405000,42.27799896,0.304010491,232.6368542
405250,40.87499863,0.311726998,232.6769098
405500,48.60199844,0.37183549,232.6612488
405750,48.60199844,0.37183549,232.6612488
406000,56.94799866,0.380258484,232.6681091
406250,60.03799866,0.422201991,232.6627478
406500,69.68499725,0.454645991,232.661709
406750,60.3479985,0.361093491,232.6788507
407000,55.73199936,0.418923486,232.6289771
407250,65.46099854,0.411411498,232.6792273
407500,57.9419989,0.372944487,232.6919025
407750,64.52499817,0.432921482,232.6431958
408000,59.32699875,0.34649999,232.6895831
408250,44.63299881,0.328977989,232.6717511
408500,55.47399887,0.389172993,232.681886
408750,62.56799881,0.409708486,232.6476733
409000,68.18199829,0.449273485,232.6768158
409250,68.80699921,0.417590989,232.6476935
409500,67.11699799,0.47233449,232.6788574
409750,74.21799866,0.459706991,232.6448792
410000,66.37299744,0.416495491,232.686734
410250,67.27999695,0.434978987,232.6884119
410500,67.09699707,0.432923487,232.6744891
410750,62.77599808,0.422418483,232.6846497
411000,70.63399841,0.466403995,232.7051788
411250,75.71399902,0.486122487,232.6603479
411500,74.04799683,0.46729349,232.6896191
411750,77.13999817,0.501433483,232.6966815
412000,84.87999695,0.551675487,232.6590179
412250,84.87999695,0.551675487,232.6590179
412500,90.77799805,0.526510487,232.6422095
412750,92.97799896,0.591504989,232.6715582
413000,98.86199738,0.575213997,232.6951941
413250,92.02699707,0.575393984,232.6527551
413500,93.86499817,0.568201995,232.6522504
413750,90.87699982,0.558569479,232.6525702
414000,93.61899811,0.576309488,232.6558069
414250,99.15999908,0.594167488,232.6527545
414500,103.1809973,0.637684495,232.6720886
414750,109.6129968,0.656570492,232.6348193
415000,108.0029959,0.613920984,232.6570392
415250,111.1989972,0.691560977,232.6714526
415500,126.4129974,0.669622986,232.6352069
415750,116.5049973,0.670450985,232.6354681
416000,114.1309985,0.603713484,232.6416168
416250,96.81499695,0.664680986,232.6440344
416500,120.5079962,0.688832996,232.6298297
416750,113.6139975,0.606856489,232.6466449
417000,104.4069989,0.648116481,232.6314563
417250,127.975997,0.787170486,232.6061981
417500,164.0919958,0.837956986,232.6293964
417750,169.7069995,0.83741899,232.6128888
418000,159.5379956,0.823529477,232.6105109
418250,170.0929919,0.881098983,232.6149103
418500,185.8989978,0.896809475,232.584306
418750,185.8989978,0.896809475,232.584306
419000,179.0519971,0.915089474,232.5696161
419250,189.530993,0.876903472,232.613924
419500,168.713996,0.889816964,232.6055884
419750,190.828999,0.896683984,232.6165027
420000,177.1829993,0.948908987,232.5726379
420250,211.1659943,0.995070972,232.5720569
420500,208.2149945,0.975797977,232.5675751
420750,206.3019952,0.996248982,232.5686871
421000,211.6909973,0.974150472,232.5761499
421250,203.9629938,0.998557968,232.5549603
421500,216.3589941,0.995403969,232.5613098
421750,206.1009924,1.009649954,232.5589355
422000,216.5959949,1.005744472,232.5442303
422250,205.6409937,1.011845458,232.5521423
422500,225.1039966,1.004164989,232.5759991
422750,203.4489948,0.974677994,232.5771606
423000,210.6199969,0.989653971,232.5625928
423250,202.6959912,0.97120796,232.5781104
423500,208.3029974,0.988721972,232.571759
423750,209.6369995,1.002632463,232.545047
424000,217.9959955,1.015929971,232.5522467
424250,214.4429938,1.022445991,232.5547107
424500,220.78599,1.025709972,232.5252551
424750,207.0749945,0.994960968,232.5993707
425000,218.3529956,1.0176825,232.5137018
425250,218.3529956,1.0176825,232.5137018
425500,212.147998,0.997779984,232.4996033
425750,213.0249939,1.00099148,232.545686
426000,202.8149908,0.967263484,232.5320074
426250,213.9799969,1.03856298,232.528103
426500,218.658999,1.004190466,232.5678516
426750,212.6639941,1.007693477,232.5613501
427000,213.5389948,1.009739482,232.5281714
427250,213.1809955,1.006024947,232.5135437
427500,206.3789899,1.004558463,232.5204065
427750,224.7889966,1.07401897,232.4952686
428000,230.4619995,1.063137488,232.4969348
428250,219.2839966,1.005767958,232.5418561
428500,208.1789954,0.968969963,232.5327686
428750,206.1739984,1.002416468,232.5247894
429000,216.5239935,1.0445855,232.5176447
429250,230.5679938,1.059312477,232.5192859
429500,220.453996,1.040441961,232.5223083
429750,229.8739935,1.092069983,232.5296863
430000,226.0929974,1.035113983,232.5463196
430250,222.0939929,1.053033471,232.5271307
430500,220.3899951,1.01898396,232.5266382
430750,213.8699933,0.994671478,232.543526
431000,203.9609937,0.965205479,232.5537592
431250,199.528996,0.958250465,232.5426123
431500,186.3250012,0.878415465,232.5812598
431750,186.3250012,0.878415465,232.5812598
432000,174.3819958,0.869248981,232.5479559
432250,157.1899969,0.761170971,232.5752863
432500,140.8159967,0.750614979,232.6065881
432750,139.7059967,0.722964478,232.5961078
433000,123.2099963,0.686934991,232.6576141
433250,126.2479959,0.690290978,232.6263867
433500,109.5289987,0.590095978,232.6476465
433750,92.11899841,0.557595485,232.6402704
434000,80.97799927,0.465651979,232.7034491
434250,69.76099945,0.475076991,232.6557782
434500,71.28099884,0.404422491,232.6692932
434750,47.37299881,0.311091497,232.6890863
435000,38.23499878,0.296622992,232.7076044
435250,39.41499908,0.293175491,232.6717242
435500,34.91499908,0.289403991,232.7137433
435750,37.25799927,0.292345997,232.6852374
436000,38.0619989,0.293432989,232.6858929
436250,35.31999893,0.287903497,232.6818713
436500,37.42699936,0.291185489,232.7118781
436750,39.15799957,0.311101989,232.7030469
437000,42.52799957,0.300349494,232.6647339
437250,36.82099869,0.285696495,232.6700287
437500,34.9369989,0.285196993,232.6868317
437750,36.81599854,0.284211491,232.7146301
438000,32.71099968,0.283698502,232.7082239
438250,32.71099968,0.283698502,232.7082239
438500,37.30999886,0.287841989,232.7058698
438750,35.13699944,0.27944599,232.6740936
439000,30.65199921,0.278263494,232.7059723
439250,37.8259993,0.282309997,232.6698865
439500,34.45599953,0.280249491,232.685885
439750,33.62299965,0.282391992,232.6686554
440000,37.28599945,0.289915994,232.6844617
440250,35.59299911,0.286787992,232.6977069
440500,35.61299957,0.282007998,232.7347424
440750,34.92499924,0.281865996,232.7026404
441000,34.47999908,0.278206992,232.6825116
441250,34.98299927,0.278261993,232.6990216
441500,32.97700005,0.280608994,232.6803271
441750,37.12699936,0.285938991,232.6861493
442000,35.45899948,0.286498492,232.6946564
442250,35.01099976,0.285742495,232.6809106
442500,37.18899948,0.282032491,232.6833752
442750,34.5269989,0.28462849,232.6967426
443000,36.1969989,0.290175995,232.720451
443250,38.68199951,0.294685994,232.7022614
443500,36.04399872,0.29077199,232.7328357
443750,36.72099915,0.289958988,232.6555426
444000,37.48799927,0.288756989,232.7281415
444250,35.48999893,0.29042749,232.6795972
444500,38.31799942,0.295789999,232.6951019
444750,38.31799942,0.295789999,232.6951019
445000,37.42399918,0.29777499,232.706167
445250,39.38499939,0.298093997,232.6904651
445500,37.7909993,0.297755493,232.6530127
445750,37.30099899,0.298287989,232.6923035
446000,41.60499954,0.298122994,232.6709534
446250,37.03999924,0.300882487,232.7043018
446500,39.61299896,0.303539491,232.6938452
446750,43.26699875,0.322597986,232.6730957
447000,46.89,0.323546993,232.6636273
447250,44.08899963,0.321640995,232.6874994
447500,46.11599991,0.338036991,232.6993988
447750,50.17399872,0.329633988,232.6754236
448000,41.76099945,0.304711497,232.695152
448250,41.98299835,0.317627499,232.6793872
448500,46.41299988,0.342472987,232.7321002
448750,51.48399811,0.365389493,232.6873175
449000,55.3869986,0.365143993,232.7128467
449250,50.62800018,0.334270493,232.7390771
449500,45.46399872,0.33915,232.707854
449750,57.57799881,0.394417492,232.6600146
450000,65.06599854,0.41959999,232.6469482
450250,61.24499863,0.417066498,232.678512
450500,66.20499954,0.412223992,232.7121332
450750,55.10499893,0.344029493,232.6759192
451000,47.18899918,0.459090488,232.6678796
451250,47.18899918,0.459090488,232.6678796
451500,95.87399963,0.528320994,232.6570197
451750,75.77099792,0.442279489,232.6895795
452000,66.36499878,0.463807489,232.6876227
452250,82.47599701,0.537951975,232.6547919
452500,93.54199829,0.579851496,232.6601093
452750,100.0779993,0.590119994,232.6865662
453000,94.4719986,0.569250979,232.6654126
453250,100.0989957,0.58284349,232.631142
453500,100.201998,0.584563978,232.6519434
453750,96.46299896,0.594537981,232.6210126
454000,105.642999,0.630890982,232.6410339
454250,111.1559991,0.653097968,232.6095715
454500,115.4499954,0.669099967,232.6139001
454750,120.778996,0.676454983,232.6117401
455000,120.5239981,0.677931001,232.6267151
455250,125.2419971,0.708779988,232.6118848
455500,120.8199988,0.722851965,232.5990375
455750,150.6079974,0.809221992,232.5702228
456000,148.8979968,0.744647977,232.5752106
456250,128.0629977,0.731296477,232.6057971
456500,152.0319977,0.806994498,232.586369
456750,154.5069965,0.805539978,232.6199506
457000,161.0229968,0.825362995,232.5903021
457250,156.4419958,0.796785464,232.6035016
457500,155.6999927,0.810305979,232.5927161
457750,155.6999927,0.810305979,232.5927161
458000,157.1999951,0.808235974,232.6165588
458250,161.5979944,0.828831973,232.5857336
458500,164.5759973,0.833895481,232.5912219
458750,175.9039978,0.903312473,232.6005359
459000,185.7009961,0.914661987,232.5473138
459250,194.6169977,0.930211475,232.5748206
459500,188.7089935,0.906111982,232.5727087
459750,188.5999908,0.92308598,232.5570789
460000,194.2199902,0.93004097,232.5624915
460250,199.1289966,0.983000972,232.5494958
460500,208.6110016,0.977468967,232.555365
460750,201.2800012,0.952706473,232.5256085
461000,205.3379993,0.98450948,232.5374371
461250,211.9069952,0.996795475,232.5062531
461500,207.5759955,0.986429987,232.5403723
461750,216.280993,1.035540972,232.5026642
462000,216.7119928,1.005142963,232.5362476
462250,216.9759943,1.04093246,232.5547815
462500,226.283996,1.050528479,232.5231421
462750,219.4239996,1.022923975,232.529967
463000,217.6809949,1.020368977,232.5546613
463250,215.4939954,0.992906992,232.5391168
463500,202.3049976,0.954074986,232.534007
463750,204.8849982,0.984683444,232.5185736
464000,212.4599945,1.009211972,232.521463
464250,212.4599945,1.009211972,232.521463
464500,212.0779913,0.991285973,232.5463824
464750,210.578999,1.002935479,232.5346948
465000,211.2949951,0.989680977,232.5474542
465250,208.1669977,0.978051965,232.5453516
465500,205.2299933,0.975215483,232.5358521
465750,210.1419971,1.011618483,232.5092944
466000,208.2719952,0.958192971,232.565813
466250,190.5379999,0.90439497,232.5689978
466500,186.9459967,0.946888964,232.5681665
466750,197.2839905,0.920525475,232.5561981
467000,176.6929968,0.856651475,232.5774158
467250,178.4999976,0.923865964,232.5565338
467500,192.0759949,0.922189977,232.5574713
467750,174.748996,0.846814482,232.596142
468000,166.4639978,0.866347995,232.5697046
468250,175.5399976,0.866373475,232.5562622
468500,179.2099969,0.916599977,232.5530048
468750,185.2079962,0.869701488,232.57479
469000,157.6639972,0.778214498,232.6159338
469250,154.0799945,0.851549482,232.5719348
469500,164.3859979,0.785015483,232.622655
469750,131.4329971,0.679701989,232.6281702
470000,118.612998,0.678306966,232.6200964
470250,117.1279968,0.637999477,232.6062915
470500,107.2739969,0.588766487,232.6517413
470750,107.2739969,0.588766487,232.6517413
471000,87.45599945,0.503269484,232.698042
471250,74.47099884,0.493970485,232.6609894
471500,77.00099731,0.429649984,232.6491339
471750,56.76599854,0.397367992,232.6518616
472000,56.39899918,0.357263995,232.6647247
472250,52.58399628,0.377669994,232.682384
472500,58.44499802,0.353506497,232.690918
472750,44.51499863,0.321322993,232.6629114
473000,44.15499863,0.312531992,232.6662476
473250,41.20300049,0.30121249,232.6817249
473500,39.4619989,0.305622495,232.7108307
473750,38.33199844,0.302027991,232.6905725
474000,40.75399979,0.299143487,232.6995197
474250,36.37399887,0.299890492,232.7054163
474500,38.23899857,0.30013849,232.6604144
474750,42.7419986,0.320775994,232.7154553
475000,42.67199875,0.304872499,232.677182
475250,37.65599854,0.294694492,232.6813971
475500,36.67499924,0.28937899,232.6655975
475750,37.70099915,0.286571498,232.6419177
476000,35.69899994,0.289701493,232.6672241
476250,36.16099945,0.288445994,232.6882367
476500,38.61799957,0.286771495,232.6937335
476750,33.54999939,0.287011992,232.7189868
477000,35.82699966,0.285271493,232.656662
477250,35.82699966,0.285271493,232.656662
477500,37.08799927,0.285464993,232.6871729
477750,34.775,0.28970149,232.6647528
478000,37.97199905,0.292408987,232.6769983
478250,36.07299973,0.290294991,232.6746375
478500,36.65000153,0.295484493,232.6805811
478750,36.65000153,0.284820491,232.6990778
479000,34.77000015,0.282013994,232.7048224
479250,35.87700012,0.284996988,232.7070306
479500,34.10899902,0.281738991,232.7037585
479750,35.14099945,0.288693497,232.7339197
480000,37.56199905,0.28705249,232.7207019
480250,32.41499962,0.287362994,232.7042053
480500,35.60199905,0.282512493,232.7303192
480750,36.86999908,0.285355495,232.6724237
481000,34.63599915,0.287736988,232.6725256
481250,37.26399918,0.288397989,232.6855048
481500,35.79999924,0.288605493,232.671424
481750,36.65000153,0.291596992,232.7186615
482000,37.02800049,0.291541994,232.6856952
482250,36.8359993,0.285876994,232.7158691
482500,36.12199997,0.292647997,232.707381
482750,38.90399933,0.309321996,232.6729523
483000,41.66899872,0.310664985,232.7047504
483250,46.63299957,0.336052996,232.68495
483500,44.11299973,0.335573499,232.699455
483750,44.11299973,0.335573499,232.699455
484000,50.43099823,0.373387979,232.7172766
484250,62.55099854,0.456279988,232.6569489
484500,75.04499603,0.492326491,232.6670856
484750,78.02700073,0.493760481,232.6704376
485000,83.2589975,0.525897988,232.6645953
485250,73.73799774,0.448837987,232.6837976
485500,65.4629982,0.405738487,232.7101343
485750,66.91399811,0.49001999,232.6546545
486000,97.84799835,0.625940492,232.6326343
486250,99.29299774,0.561660988,232.6303247
486500,101.1569974,0.618196981,232.6483893
486750,104.7199976,0.590805988,232.6505737
487000,87.81899658,0.548720484,232.6705579
487250,102.8199973,0.615527987,232.6591803
487500,107.9769965,0.646299493,232.6364532
487750,109.7029962,0.63897347,232.6522858
488000,115.8579968,0.649440489,232.6403436
488250,111.5589975,0.658265481,232.65427
488500,123.4669958,0.702400486,232.6167725
488750,112.592998,0.617224991,232.6614697
489000,124.7579965,0.760895476,232.5988873
489250,146.1449951,0.748553474,232.6182373
489500,128.0839981,0.69643997,232.6316791
489750,132.0479968,0.76295898,232.6447656
490000,151.7789954,0.818409491,232.6153284
490250,151.7789954,0.818409491,232.6153284
490500,156.8919977,0.807955472,232.6134149
490750,154.0069977,0.787907977,232.6373975
491000,144.7209967,0.777151461,232.6395099
491250,157.2419965,0.824988987,232.6189197
491500,154.1339978,0.761915975,232.622312
491750,139.4869971,0.769303977,232.6309021
492000,152.8539954,0.820096984,232.5942645
492250,157.713999,0.799533479,232.6050134
492500,150.0799963,0.770663483,232.6221423
492750,154.1539948,0.838916481,232.5995404
493000,167.6519952,0.84428349,232.5843494
493250,175.358996,0.883470979,232.572821
493500,182.2379956,0.93630398,232.5616278
493750,205.0929974,0.997501464,232.5464783
494000,216.1899945,1.014530473,232.559422
494250,218.1679919,1.052937975,232.5371832
494500,228.7799951,1.065135493,232.5388776
494750,223.5279938,1.018466494,232.5528717
495000,215.8209943,1.047157464,232.5717194
495250,228.6679938,1.061547976,232.5504456
495500,220.3459955,1.012455983,232.5532343
495750,214.0379938,1.011897962,232.5214429
496000,220.4279938,1.050288463,232.5138855
496250,226.2859955,1.061136489,232.5486688
496500,222.308996,1.01147347,232.5686847
496750,222.308996,1.01147347,232.5686847
497000,213.6269995,1.038559995,232.5612769
497250,222.0439966,1.011624479,232.5259595
497500,217.5039954,1.038128953,232.5609583
497750,222.7379932,1.052633467,232.5460284
498000,222.4469946,0.999797966,232.5649658
498250,204.4209949,0.96020947,232.5731897
498500,199.1939941,0.961356974,232.5613977
498750,203.6919965,0.95049298,232.5644373
499000,199.6149939,0.963384452,232.5836627
499250,203.7419958,0.948651474,232.5710864
499500,192.1449969,0.921738975,232.5809229
499750,188.8100012,0.904986484,232.5875244
500000,184.3919965,0.893045986,232.5925586
500250,179.5739984,0.878200972,232.5735864
500500,180.8429932,0.89996197,232.6158154
500750,185.1259985,0.87420047,232.6096948
501000,166.6779956,0.826377974,232.6392212
501250,167.2149908,0.845028481,232.6013104
501500,170.5839911,0.849181476,232.6126135
501750,165.5849939,0.808864975,232.5866559
502000,153.3720001,0.801311479,232.6098535
502250,153.3409967,0.765755475,232.6228076
502500,141.9339972,0.767949975,232.6042932
502750,148.813996,0.815182998,232.5991254
503000,167.0589984,0.835757473,232.5883087
503250,167.0589984,0.835757473,232.5883087
503500,165.7449951,0.844429986,232.583775
503750,167.3639935,0.810820479,232.6009052
504000,144.4849963,0.759940989,232.6187903
504250,140.353996,0.76140748,232.6031989
504500,143.3339984,0.774656475,232.6083417
504750,145.7809961,0.754023991,232.5997601
505000,132.992002,0.720389488,232.621239
505250,131.91,0.711085479,232.6213971
505500,121.9139993,0.686564991,232.665675
505750,123.972998,0.678533487,232.661662
506000,116.4019977,0.649134479,232.6752612
506250,111.120997,0.632561979,232.6557806
506500,108.1559985,0.587468989,232.6446356
506750,84.34899689,0.478552985,232.6688928
507000,75.4789975,0.503927488,232.645531
507250,88.37499664,0.549470983,232.6335431
507500,85.70899719,0.511972994,232.6516858
507750,74.76299683,0.458104495,232.6697107
508000,76.20499817,0.495078491,232.6801563
508250,83.2519989,0.520788474,232.6704541
508500,85.86499939,0.513224992,232.612854
508750,79.74499878,0.453512987,232.6836249
509000,60.32399902,0.406260484,232.6645209
509250,67.51799835,0.455673988,232.6769904
509500,73.31599762,0.451023495,232.6586621
509750,73.31599762,0.451023495,232.6586621
510000,63.74699814,0.409416484,232.6586627
510250,60.27699951,0.406172488,232.6879431
510500,56.05999756,0.385798987,232.6996375
510750,68.3339978,0.442247498,232.6874445
511000,57.18699799,0.363031995,232.6921008
511250,50.76499939,0.357151488,232.700097
511500,61.53999863,0.407103491,232.6486713
511750,56.91999817,0.417789986,232.6804474
512000,76.88699921,0.489249984,232.7016199
512250,66.98500015,0.404843987,232.6791895
512500,57.34599991,0.38250749,232.7024799
512750,49.42300003,0.312377486,232.6920868
513000,38.57099838,0.298113493,232.6901227
513250,39.00899902,0.29956399,232.6769501
513500,37.70599915,0.296333991,232.6587152
513750,39.22299911,0.295058489,232.6884454
514000,39.0569986,0.296115994,232.7230548
514250,36.56499893,0.300734491,232.7004767
514500,41.1909993,0.30052549,232.6719897
514750,38.51499847,0.299660989,232.7194165
515000,36.91199875,0.296683493,232.723078
515250,39.2659996,0.294136994,232.7154663
515500,38.87899857,0.304306493,232.7089471
515750,39.60499954,0.29681599,232.7105457
516000,38.52000046,0.299987992,232.6959875
516250,38.52000046,0.299987992,232.6959875
516500,38.90699951,0.300249491,232.7139825
516750,45.55499893,0.343157994,232.6806787
517000,42.89599838,0.303861485,232.6546619
517250,40.23499924,0.302251494,232.6913794
517500,38.30599838,0.301900489,232.7036957
517750,44.26499939,0.36044449,232.7139429
518000,53.44899933,0.353765988,232.6679437
518250,44.08599884,0.312419991,232.6720782
518500,43.95999908,0.356769992,232.645611
518750,47.70099915,0.316341995,232.6714783
519000,43.34199875,0.343106492,232.6845654
519250,47.71599915,0.325154494,232.7079578
519500,41.28999939,0.296711988,232.7044714
519750,39.1959993,0.306649494,232.7043713
520000,46.59599899,0.34909649,232.6707959
520250,46.34699844,0.332011989,232.6616461
520500,49.85199875,0.364906985,232.6791339
520750,47.67999832,0.323234991,232.6922314
521000,48.5119989,0.405525494,232.6743982
521250,66.21499786,0.406949497,232.6399811
521500,55.98999847,0.398657491,232.6526074
521750,55.53599915,0.340909493,232.654455
522000,49.71499878,0.374190992,232.655849
522250,52.70099808,0.356191988,232.7056519
522500,57.51799789,0.439620491,232.6795264
522750,57.51799789,0.439620491,232.6795264
523000,65.91899887,0.40355999,232.657157
523250,61.28899704,0.415737487,232.6594873
523500,60.59399719,0.395129994,232.6559338
523750,60.31299942,0.443022994,232.6497998
524000,78.26199799,0.498213984,232.6343384
524250,75.94199799,0.495540491,232.6645972
524500,82.21299805,0.504611981,232.6578119
524750,90.19299835,0.56942348,232.6561176
525000,95.68899872,0.600780971,232.6539569
525250,107.2999985,0.623889477,232.65888
525500,107.2989957,0.631283987,232.6178607
525750,104.3299997,0.573453493,232.6313263
526000,87.73499878,0.51731799,232.6709576
526250,91.24899811,0.601999991,232.6379913
526500,110.9849979,0.651185987,232.6326306
526750,110.9849991,0.646379993,232.6349976
527000,115.1169983,0.690647478,232.612077
527250,124.1369934,0.70707947,232.6444989
527500,124.2749982,0.640409498,232.6512073
527750,104.3909976,0.627372496,232.664502
528000,114.6009964,0.670971973,232.648158
528250,119.5309979,0.681085966,232.6558148
528500,120.8719971,0.698729985,232.6429169
528750,127.4919974,0.719059992,232.601463
529000,133.7569965,0.718763483,232.6212781
529250,133.7569965,0.718763483,232.6212781
529500,130.9419931,0.765937982,232.6012531
529750,151.9819946,0.788052983,232.6069891
530000,142.273999,0.746345489,232.6456842
530250,135.5349963,0.738207974,232.619126
530500,138.9459943,0.767747979,232.6241901
530750,153.152002,0.81723897,232.5854248
531000,162.1339996,0.821990974,232.5786401
531250,163.8159991,0.863115966,232.5833026
531500,184.3029987,0.918228467,232.5783649
531750,184.3779956,0.880133479,232.5355176
532000,172.7959955,0.850354486,232.5696948
532250,171.9149963,0.868514977,232.5629248
532500,182.728999,0.924559984,232.5412732
532750,197.9869958,0.939607494,232.5822205
533000,189.3969971,0.906107976,232.5651776
533250,186.9939996,0.904498971,232.5279266
533500,180.7669977,0.916685469,232.5429553
533750,199.0989954,0.943114474,232.5652545
534000,190.3229926,0.896338987,232.5693988
534250,179.3469971,0.904045472,232.551394
534500,195.7590002,0.932790496,232.5679547
534750,194.7349939,0.94276298,232.5305426
535000,192.4800006,0.913586969,232.5656464
535250,183.8279968,0.893985968,232.5465356
535500,184.9659949,0.899790981,232.5835809
535750,184.9659949,0.899790981,232.5835809
536000,178.6339954,0.856232991,232.5583844
536250,168.5749969,0.834834981,232.6040308
536500,161.956994,0.819636979,232.5871124
536750,164.1299969,0.847278976,232.5708496
537000,170.5449969,0.851056986,232.5938409
537250,167.0869934,0.82474647,232.6042401
537500,164.9899963,0.851034493,232.5946423
537750,174.5789941,0.868739991,232.5913812
538000,168.715993,0.813893983,232.6047028
538250,153.9609967,0.801467485,232.597879
538500,158.0699969,0.817724493,232.601095
538750,165.5359985,0.843462992,232.5730737
539000,170.1579901,0.865658462,232.5583087
539250,182.5769989,0.920604987,232.5792395
539500,184.2139966,0.88975647,232.5730627
539750,185.5249939,0.918119476,232.5691364
540000,189.5329956,0.91324398,232.5931989
540250,172.5950037,0.826506984,232.6108313
540500,163.0909973,0.821835968,232.5893738
540750,163.0790009,0.857149479,232.598573
541000,173.5339966,0.861412477,232.5803564
541250,167.652995,0.845410984,232.584422
541500,173.7979993,0.892195475,232.5721765
541750,181.4229932,0.87873697,232.6010968
542000,171.5759985,0.838259482,232.610661
542250,171.5759985,0.838259482,232.610661
542500,165.2169977,0.841346488,232.6095233
542750,166.4069977,0.845936475,232.5661737
543000,157.2619989,0.787334983,232.604093
543250,149.5359967,0.796023972,232.6062207
543500,145.4649957,0.752999475,232.6046533
543750,138.6599963,0.748872476,232.6248602
544000,136.4239978,0.699333487,232.6071356
544250,119.1949976,0.65389899,232.657572
544500,115.9079962,0.661069484,232.6389252
544750,119.1959964,0.67444248,232.6783966
545000,118.6879977,0.681850994,232.6122931
545250,118.2419977,0.63341347,232.6278131
545500,110.7959976,0.672981985,232.6383801
545750,111.0279984,0.596880987,232.6351019
546000,92.69299774,0.511563489,232.6546075
546250,75.07099884,0.476950986,232.6632031
546500,79.06299774,0.494783982,232.6402704
546750,78.33199951,0.495280987,232.6784772
547000,77.61699799,0.468097488,232.6970306
547250,67.23699799,0.430193489,232.6879602
547500,66.76999756,0.480740982,232.6862952
547750,81.12699768,0.478436494,232.6522797
548000,63.90399887,0.385693988,232.6934052
548250,55.26999939,0.405643493,232.7085834
548500,61.40299881,0.373071494,232.6702533
548750,61.40299881,0.373071494,232.6702533
549000,54.40999771,0.41921249,232.6307983
549250,66.0119986,0.428426489,232.6515546
549500,62.99199905,0.390268993,232.6731964
549750,58.29099823,0.435017496,232.6943188
550000,71.40199921,0.450445487,232.6735352
550250,69.52799805,0.450644988,232.6699207
550500,74.02399841,0.479736488,232.6443024
550750,74.39699829,0.467777996,232.664118
551000,68.19499985,0.419107983,232.6953174
551250,61.98499832,0.406706492,232.6526025
551500,55.97999878,0.371659992,232.646087
551750,45.91499771,0.323493495,232.6673425
552000,45.54499969,0.314863998,232.6927795
552250,40.87299896,0.316380491,232.6506799
552500,44.33499863,0.331587002,232.6982141
552750,44.14099854,0.314921987,232.6946545
553000,41.42799881,0.329687995,232.7179681
553250,46.43400009,0.3315615,232.7086377
553500,37.92200043,0.296327497,232.6905756
553750,39.96099854,0.294033993,232.719574
554000,36.52299911,0.291431996,232.7020972
554250,36.58000046,0.295587494,232.6968616
554500,40.92299973,0.29906649,232.6979419
554750,38.93900024,0.338205996,232.6907843
555000,49.6259993,0.338826494,232.6822626
555250,49.6259993,0.338826494,232.6822626
555500,40.16099899,0.292942493,232.7054706
555750,37.12499924,0.299190999,232.6922943
556000,41.23499924,0.314107989,232.6883984
556250,42.63699875,0.312328497,232.694834
556500,38.8979985,0.293758992,232.6909698
556750,36.6059993,0.297988993,232.6805127
557000,38.52799866,0.298943992,232.7154535
557250,41.02599884,0.321767994,232.6812164
557500,48.61899872,0.37856249,232.689975
557750,61.72699738,0.384823496,232.6868127
558000,57.65599762,0.382459486,232.6482306
558250,50.70499741,0.354482992,232.6700342
558500,54.57299927,0.378590491,232.6740399
558750,59.54099838,0.430573995,232.6580133
559000,69.95100037,0.488156493,232.6890771
559250,89.02499664,0.588561981,232.6568036
559500,105.8549982,0.598231983,232.6358875
559750,93.96799896,0.582781992,232.6460571
560000,108.4799973,0.672036974,232.6403741
560250,121.7779965,0.699650483,232.6380981
560500,131.7189978,0.722376482,232.6225641
560750,123.1749963,0.697846963,232.6082288
561000,130.6959982,0.707036483,232.6158313
561250,128.2029965,0.71756398,232.6116626
561500,130.5009955,0.733274488,232.630332
561750,130.5009955,0.733274488,232.630332
562000,135.3579993,0.735373993,232.5960059
562250,135.8679987,0.743320498,232.6073724
562500,136.8469952,0.753037972,232.6161432
562750,145.3149988,0.778248491,232.5889032
563000,146.5719946,0.788222969,232.6289954
563250,157.8109949,0.828966482,232.574472
563500,159.1830011,0.803584976,232.6027338
563750,154.078996,0.787403972,232.5792944
564000,151.597998,0.799087992,232.5817566
564250,152.0329962,0.802426472,232.5773944
564500,154.8819977,0.801963975,232.608559
564750,169.6689972,0.898059974,232.5650659
565000,183.4279962,0.889491975,232.589447
565250,192.7659943,0.94534647,232.5256775
565500,193.2679926,0.919690475,232.5635938
565750,194.735,0.956384959,232.5717413
566000,198.2529968,0.95188447,232.5597406
566250,203.6949969,0.968146479,232.5557196
566500,191.7009991,0.895037479,232.5688989
566750,187.7689917,0.948911483,232.556333
567000,198.4919946,0.93121547,232.5395721
567250,194.9719971,0.950783479,232.6028943
567500,198.6550006,0.955179973,232.5444348
567750,210.2689966,1.007454462,232.5650897
568000,198.0099982,0.876385968,232.6060706
568250,198.0099982,0.876385968,232.6060706
568500,171.2749933,0.867741976,232.5871808
568750,183.7429999,0.918117983,232.5566089
569000,187.5879956,0.901834466,232.5844946
569250,182.4779968,0.879982986,232.5636267
569500,167.3639966,0.819986489,232.5819989
569750,171.4419965,0.887812467,232.5690088
570000,171.6959955,0.811357963,232.5931158
570250,158.3799957,0.848928473,232.5919208
570500,168.0039954,0.807553985,232.6083453
570750,154.1809973,0.827690978,232.5900458
571000,161.5699957,0.800912971,232.5886108
571250,153.0499994,0.793637993,232.6248914
571500,148.6269965,0.780088491,232.5773181
571750,140.5949957,0.731025491,232.6246289
572000,120.1109976,0.660923474,232.6456238
572250,112.5079968,0.657485485,232.6194214
572500,117.5059976,0.664849474,232.6171234
572750,117.6859973,0.658139982,232.6254999
573000,121.6319989,0.677174981,232.6164893
573250,114.415997,0.639554482,232.6201978
573500,112.8489978,0.686481979,232.6324133
573750,120.9179962,0.65035949,232.6396362
574000,104.7649982,0.629544981,232.6376013
574250,108.9989984,0.60823648,232.6127802
574500,100.822998,0.578785982,232.6273724
574750,100.822998,0.578785982,232.6273724
575000,93.8189978,0.534080484,232.6501172
575250,82.31100128,0.500818986,232.6528076
575500,79.50700073,0.497407992,232.6631354
575750,80.58099823,0.51598348,232.6531989
576000,85.41899719,0.487895985,232.668653
576250,72.81099792,0.467258987,232.680166
576500,70.41699768,0.416316495,232.6783832
576750,58.83999893,0.414252487,232.6944153
577000,62.95999786,0.38799999,232.7209113
577250,55.31699829,0.367389486,232.7051678
577500,57.03699875,0.438107489,232.6795636
577750,74.59399872,0.481180987,232.6630511
578000,77.53899872,0.485123494,232.6736761
578250,79.66099609,0.468890991,232.6684937
578500,72.66099854,0.489466988,232.6450983
578750,81.70599762,0.500289001,232.6588953
579000,75.35299927,0.443269988,232.6596301
579250,65.78499832,0.484583489,232.6427063
579500,88.67899811,0.518484477,232.6643317
579750,82.83499725,0.507266495,232.6441986
580000,79.83999878,0.511141982,232.6406696
580250,87.85799774,0.519126482,232.6217761
580500,73.26899872,0.434166983,232.656756
580750,55.40199936,0.407301992,232.6774866
581000,71.16499802,0.47472749,232.6713263
581250,71.16499802,0.47472749,232.6713263
581500,77.34199921,0.472794989,232.6728076
581750,72.91999817,0.506469485,232.6593237
582000,90.77399841,0.539548488,232.6586963
582250,85.74599792,0.531001487,232.6484747
582500,85.51199677,0.510334487,232.6529102
582750,82.96199829,0.536026978,232.6543463
583000,93.25599976,0.525689982,232.6613538
583250,79.53799866,0.495593492,232.6616693
583500,83.74499817,0.54348048,232.6599658
583750,94.22299713,0.545150483,232.6530707
584000,83.75899841,0.520365489,232.6669928
584250,84.54999786,0.545855479,232.6494751
584500,97.92899841,0.56835299,232.6334094
584750,95.90399902,0.586797988,232.6183026
585000,104.2310001,0.584233475,232.6563263
585250,92.88499695,0.552367494,232.6742841
585500,91.12199982,0.544732983,232.6230878
585750,88.09199829,0.553195486,232.6448285
586000,92.51599396,0.548953472,232.6355475
586250,83.61799988,0.560538986,232.6466394
586500,102.0649966,0.610359988,232.6107123
586750,92.81599823,0.507448492,232.6753131
587000,79.72599915,0.519484478,232.6673828
587250,91.49199738,0.566338983,232.6639984
587500,88.55800049,0.516357996,232.6595758
587750,88.55800049,0.516357996,232.6595758
588000,82.98499878,0.533192986,232.6362817
588250,94.57699615,0.552234981,232.62185
588500,90.25499786,0.534438477,232.653949
588750,92.43299835,0.580712974,232.6449921
589000,96.33699829,0.579868486,232.642691
589250,95.50499725,0.56933249,232.635343
589500,84.66999756,0.493711494,232.6558063
589750,79.44899841,0.518672482,232.6622351
590000,93.03499725,0.604307983,232.6789349
590250,107.5779984,0.62425,232.6396014
590500,105.6799969,0.607272992,232.6294519
590750,100.3339978,0.598496993,232.6083813
591000,93.2339978,0.530887485,232.6667548
591250,87.17199829,0.553142986,232.6466095
591500,97.59999695,0.584889476,232.6491827
591750,101.7389975,0.601292484,232.6321545
592000,108.2949988,0.640089481,232.6034802
592250,108.771998,0.624479492,232.6387177
592500,104.8729984,0.611752989,232.6634241
592750,99.4730011,0.55690248,232.6602014
593000,92.46199677,0.579092987,232.6054437
593250,104.6019998,0.636765478,232.6434198
593500,115.2599976,0.665643477,232.6380798
593750,116.7199994,0.661839497,232.6189709
594000,105.5289969,0.611569474,232.6512067
594250,105.5289969,0.611569474,232.6512067
594500,107.7839969,0.635122983,232.608457
594750,116.2199969,0.66938097,232.6221033
595000,118.0819983,0.677367978,232.6079138
595250,131.8719949,0.740386984,232.5710541
595500,134.4799976,0.73118448,232.6077527
595750,133.7019965,0.741047983,232.6004486
596000,135.6899957,0.748255985,232.6096832
596250,143.2959998,0.766765978,232.5737683
596500,152.1420001,0.812939982,232.5796057
596750,159.2099982,0.815044458,232.5585632
597000,159.3889966,0.798775482,232.5697461
597250,153.3489954,0.803987484,232.589671
597500,155.8009955,0.800706,232.6019611
597750,152.4830054,0.762027972,232.5928387
598000,133.6709973,0.710458503,232.6170862
598250,135.9289978,0.770970485,232.5745129
598500,146.6119916,0.790702474,232.5718652
598750,156.7089941,0.816886466,232.5827368
599000,157.2959955,0.796691983,232.5881586
599250,155.2309943,0.828282971,232.5671173
599500,164.7879968,0.81617749,232.6102496
599750,159.3909967,0.82202497,232.5851038
600000,159.5849957,0.801356959,232.601225
600250,163.1529956,0.837203488,232.5444336
600500,165.9199982,0.842697988,232.5872095
600750,165.9199982,0.842697988,232.5872095
601000,167.4799951,0.838102973,232.5858105
601250,163.3039948,0.826680984,232.5879456
601500,163.6990002,0.84828799,232.5763202
601750,169.9499988,0.839018469,232.5889697
602000,156.0909961,0.767384477,232.5873846
602250,144.9899957,0.795448978,232.5673206
602500,156.020993,0.797878466,232.5786542
602750,151.601994,0.790274484,232.5738269
603000,157.0019946,0.825633473,232.5281079
603250,159.1689905,0.80258199,232.5764258
603500,147.6409973,0.758598487,232.5802539
603750,151.4449994,0.839650991,232.5292987
604000,166.7299933,0.80208349,232.5583606
604250,142.6449969,0.752222493,232.5870001
604500,145.8779962,0.810065482,232.5732196
604750,159.5699969,0.801812994,232.5453882
605000,146.5609979,0.74938648,232.6112787
605250,136.0169989,0.739007986,232.5817267
605500,139.1989978,0.762873967,232.56565
605750,139.6189972,0.742215474,232.5769714
606000,129.2519977,0.665365975,232.6170929
606250,116.7019968,0.674854474,232.6083667
606500,122.3959967,0.667462473,232.6027374
606750,120.9089951,0.706782992,232.6164954
607000,126.4169968,0.679511988,232.5793329
607250,126.4169968,0.679511988,232.5793329
607500,114.0399963,0.672490482,232.6389984
607750,119.9689948,0.676740966,232.5980402
608000,119.3919968,0.676290982,232.6111285
608250,119.5949985,0.62281847,232.5957635
608500,103.8539954,0.669138482,232.6174292
608750,123.2539981,0.657735488,232.623194
609000,108.0879977,0.597536483,232.6314465
609250,98.14899933,0.602673991,232.6338092
609500,104.3149985,0.61097398,232.64263
609750,103.7649988,0.604333975,232.5875281
610000,101.9509979,0.61477298,232.6508875
610250,106.6759985,0.570753481,232.6550336
610500,93.25599792,0.580878489,232.6368829
610750,97.30699615,0.526654487,232.6569891
611000,70.63999908,0.483224994,232.6570087
611250,83.55099609,0.491068987,232.6570233
611500,72.70200012,0.464765491,232.6443494
611750,73.98499847,0.48117748,232.6500769
612000,72.39499954,0.432266986,232.6608832
612250,65.86199844,0.45797699,232.637561
612500,80.62099884,0.511789984,232.6321704
612750,82.23799805,0.50133049,232.6454651
613000,79.4919986,0.512758996,232.6205829
613250,83.95399841,0.533876491,232.637547
613500,92.97499817,0.508193485,232.6648132
613750,92.97499817,0.508193485,232.6648132
614000,70.59199921,0.462924486,232.6751813
614250,71.24799866,0.435338482,232.6776385
614500,58.68499878,0.377894995,232.6765851
614750,54.3409996,0.359704492,232.6511719
615000,47.21199936,0.340243495,232.6572418
615250,50.01899811,0.372663988,232.6370251
615500,55.10199814,0.360094986,232.6197278
615750,46.08699844,0.329375992,232.6714581
616000,44.42499893,0.31501749,232.6594171
616250,42.4059993,0.301931491,232.6977673
616500,38.8469989,0.32596499,232.6708258
616750,50.44399734,0.347468985,232.666994
617000,44.22199799,0.307215995,232.6906732
617250,41.32499756,0.320247991,232.6413397
617500,44.35399902,0.30973349,232.6842114
617750,41.16299835,0.311582491,232.6875305
618000,41.95699921,0.312094491,232.6460107
618250,42.48399887,0.309510491,232.6852832
618500,38.18599869,0.29821949,232.6895691
618750,41.80499908,0.30432749,232.6643463
619000,41.01499863,0.345469986,232.6446875
619250,57.98599854,0.409550989,232.63578
619500,53.76199875,0.335233991,232.6758258
619750,43.47399872,0.341400492,232.665509
620000,57.95599823,0.409589987,232.6811041
620250,57.95599823,0.409589987,232.6811041
620500,66.42499878,0.446333487,232.6608002
620750,56.79799896,0.365773994,232.6722266
621000,51.5559993,0.373077981,232.6779681
621250,53.14399963,0.363167485,232.6646661
621500,48.33799942,0.341127491,232.6931604
621750,54.62599899,0.413579495,232.6554034
622000,66.82599854,0.449557992,232.6276819
622250,70.245,0.453612994,232.6538751
622500,66.51699829,0.468456483,232.6253241
622750,77.71699768,0.491535993,232.6406897
623000,84.5219989,0.553848486,232.6244104
623250,93.11599823,0.594732482,232.5995209
623500,114.6329962,0.684672475,232.6150281
623750,114.9919952,0.635899987,232.6539764
624000,112.0359958,0.652895977,232.6461444
624250,112.7789966,0.638882973,232.6411072
624500,105.4479977,0.6011975,232.6105847
624750,110.5229977,0.648759475,232.5894098
625000,112.6509967,0.641046486,232.556601
625250,113.5019965,0.657583961,232.5881866
625500,118.9079959,0.693535976,232.6051855
625750,120.9709976,0.680269463,232.6133972
626000,123.4929974,0.67731698,232.5969934
626250,128.1849963,0.74370199,232.5612646
626500,136.0109961,0.731250477,232.5845465
626750,136.0109961,0.731250477,232.5845465
627000,139.5459967,0.76415849,232.5763702
627250,151.0879962,0.806648469,232.5721558
627500,153.0019971,0.777229476,232.5885974
627750,153.7119971,0.819852979,232.5446198
628000,161.6599969,0.806195974,232.5647461
628250,155.8639966,0.807789977,232.6000134
628500,157.2039972,0.808341477,232.5628009
628750,162.1039954,0.818523979,232.5515143
629000,162.283996,0.832445483,232.5759943
629250,167.9119971,0.855491483,232.5898352
629500,172.692998,0.830376475,232.6086511
629750,166.6689941,0.918342974,232.5716815
630000,188.8909973,0.878124979,232.5756036
630250,174.1579962,0.872099481,232.5998041
630500,176.7809955,0.866224484,232.5910193
630750,175.5479926,0.875400493,232.5590155
631000,176.5449982,0.875273457,232.5878741
631250,178.038996,0.865064473,232.5872906
631500,176.7689978,0.891835492,232.5830597
631750,181.3149908,0.879386477,232.5463867
632000,176.998996,0.854358482,232.5971039
632250,176.020993,0.922987494,232.5372351
632500,194.4089966,0.92468647,232.5459387
632750,188.2260052,0.925643482,232.5496326
633000,189.0579944,0.881439962,232.5680579
633250,189.0579944,0.881439962,232.5680579
633500,169.7959991,0.848828995,232.6028107
633750,170.4869922,0.855795481,232.5833484
634000,171.3779993,0.867300971,232.5589453
634250,174.2689966,0.855860474,232.586153
634500,165.1820001,0.815860465,232.5792413
634750,160.3949976,0.829924989,232.5621686
635000,164.457998,0.836575475,232.5609705
635250,161.8169983,0.830606985,232.601864
635500,163.1669952,0.810845978,232.5898566
635750,149.3379968,0.770433986,232.5872107
636000,145.2049963,0.776821477,232.5810565
636250,140.163996,0.709708974,232.6178967
636500,119.6629965,0.736411474,232.6124493
636750,139.0359946,0.71253948,232.629939
637000,121.2069977,0.693929975,232.6102826
637250,129.4849945,0.699456472,232.6194745
637500,114.3949957,0.611726995,232.6221375
637750,99.44399689,0.602171993,232.5983368
638000,104.2579984,0.614524984,232.6367523
638250,104.5639969,0.626556494,232.6196747
638500,108.191998,0.599219985,232.6511975
638750,99.13199707,0.645721471,232.6248761
639000,122.9879968,0.692482486,232.6322583
639250,119.0819968,0.655311975,232.5982446
639500,114.6319983,0.658684986,232.6404755
639750,114.6319983,0.658684986,232.6404755
640000,119.1379974,0.664290502,232.6254071
640250,114.9619977,0.662557995,232.6251392
640500,118.5619977,0.655952473,232.6224524
640750,104.9669983,0.582865484,232.6567523
641000,93.04499786,0.58501749,232.647865
641250,101.646998,0.597335474,232.6536011
641500,102.8509967,0.593592484,232.6278845
641750,96.18999695,0.569328499,232.6463318
642000,98.06399719,0.553787987,232.6544666
642250,86.51299805,0.506213499,232.6347601
642500,80.84999817,0.546271985,232.6319855
642750,100.9249973,0.607279484,232.6290582
643000,98.82699615,0.572871485,232.6407452
643250,93.75900085,0.545133491,232.6564984
643500,86.56299957,0.525931995,232.6572986
643750,89.5969989,0.560220983,232.6455859
644000,97.01799774,0.562496482,232.6625568
644250,73.01499832,0.461905988,232.6671069
644500,70.97300049,0.474633987,232.6526251
644750,78.88099731,0.507084984,232.6600812
645000,77.12699768,0.468723989,232.6458813
645250,72.17299774,0.450429982,232.6533209
645500,69.98199768,0.466382984,232.6737408
645750,70.54499908,0.460728484,232.6611456
646000,76.3139975,0.486848989,232.6398334
646250,76.3139975,0.486848989,232.6398334
646500,68.70699905,0.431127994,232.678089
646750,64.21299835,0.435425487,232.6781866
647000,68.55099701,0.446320992,232.6562103
647250,66.19299927,0.427223994,232.6488654
647500,63.91099899,0.430041999,232.6619623
647750,64.30899796,0.43864749,232.646745
648000,69.42199875,0.43794649,232.6689075
648250,57.06199844,0.37905799,232.6752081
648500,55.21099899,0.39986499,232.6713074
648750,64.2279982,0.417519994,232.693468
649000,50.86699905,0.338166984,232.6840759
649250,42.69799881,0.316433994,232.6903699
649500,49.19899872,0.418251489,232.6891718
649750,76.52599884,0.514807496,232.6462665
650000,79.77499817,0.468858492,232.6621558
650250,62.17899841,0.393984994,232.6839874
650500,58.49299866,0.40813199,232.6714984
650750,60.76699768,0.419648993,232.6534808
651000,60.06199814,0.395738982,232.6517542
651250,61.3519986,0.427262999,232.6639734
651500,67.66399689,0.473228484,232.6676154
651750,79.36199768,0.486199983,232.6570172
652000,66.53199692,0.383530988,232.6620264
652250,46.43199951,0.333219993,232.6726984
652500,57.18699905,0.443416488,232.6774945
652750,57.18699905,0.443416488,232.6774945
653000,79.84299866,0.543962984,232.6480182
653250,90.0839975,0.519134481,232.660163
653500,74.98399841,0.450875492,232.6779059
653750,73.96999939,0.508831482,232.6635474
654000,71.545,0.417951493,232.6717303
654250,65.56299835,0.494873978,232.6373309
654500,92.27399811,0.577604487,232.6424792
654750,90.37399841,0.515257486,232.6402338
655000,75.43699768,0.48359449,232.6394659
655250,87.41099731,0.585319989,232.6476984
655500,103.5239984,0.623343987,232.6256647
655750,102.071998,0.571490984,232.64422
656000,98.06700439,0.584915986,232.6605841
656250,105.8979971,0.654546471,232.6424084
656500,114.9839984,0.639720976,232.6267041
656750,104.9729977,0.618609982,232.621535
657000,105.2139963,0.627421474,232.6162421
657250,114.1929968,0.671473479,232.6128589
657500,116.6699979,0.647850995,232.6297784
657750,114.3929977,0.628889494,232.6420746
658000,108.6359979,0.639857993,232.6297375
658250,120.5249969,0.73334898,232.6237878
658500,135.1689966,0.732478967,232.5961707
658750,130.9479956,0.704325972,232.6039777
659000,127.2299979,0.706385987,232.6266199
659250,127.2299979,0.706385987,232.6266199
659500,142.5199982,0.815397975,232.5835852
659750,162.3589978,0.798320982,232.6204431
660000,156.6909961,0.828478985,232.5830981
660250,155.1549976,0.781989481,232.6061938
660500,160.3049963,0.869894483,232.5478595
660750,177.5339954,0.865425975,232.5559131
661000,168.490993,0.832280979,232.585611
661250,157.4059967,0.799864488,232.5916681
661500,157.3749994,0.850527472,232.5760016
661750,174.196994,0.853940482,232.5532428
662000,165.1139954,0.801255488,232.5922095
662250,151.1319971,0.806919982,232.611145
662500,161.6779913,0.824190979,232.5951703
662750,164.9289917,0.84861448,232.59258
663000,171.9039935,0.817445483,232.611955
663250,152.4599963,0.797322996,232.5837128
663500,159.5969977,0.851265473,232.5721063
663750,174.0599976,0.83567899,232.5548517
664000,163.0609973,0.860348468,232.5600824
664250,173.3609943,0.834776974,232.61617
664500,163.8309967,0.834214475,232.6029071
664750,165.8059949,0.841715477,232.5890265
665000,165.4169971,0.815946972,232.6100269
665250,159.0219977,0.837192466,232.6089087
665500,169.9119983,0.835269492,232.5885712
665750,169.9119983,0.835269492,232.5885712
666000,157.0409967,0.787519989,232.6059302
666250,149.3779987,0.789643474,232.594057
666500,154.1719946,0.804600995,232.5840509
666750,157.3429938,0.819934988,232.5727698
667000,157.3959985,0.781636488,232.5964679
667250,140.1349982,0.727245493,232.6099072
667500,134.313996,0.77182698,232.6025928
667750,148.8709979,0.769457483,232.5902173
668000,139.2019946,0.743391478,232.5963062
668250,139.6339954,0.77594548,232.5721045
668500,152.2739954,0.781448483,232.6075635
668750,141.4709967,0.732066994,232.6046796
669000,129.9299985,0.730682473,232.6057941
669250,138.8969977,0.768471472,232.5693524
669500,143.4629974,0.73261749,232.5892499
669750,128.6089969,0.731311977,232.6027216
670000,140.917999,0.762264988,232.6176422
670250,145.3769958,0.775685475,232.6259088
670500,144.7029938,0.75396297,232.6296021
670750,134.052998,0.754344971,232.6359314
671000,155.5209955,0.809566977,232.6264191
671250,160.7679962,0.821377468,232.6123633
671500,159.306994,0.795222981,232.5949774
671750,145.5899969,0.777408483,232.6007153
672000,147.4929962,0.771373477,232.587666
672250,147.4929962,0.771373477,232.587666
672500,142.9089935,0.756743505,232.6086353
672750,147.2119958,0.834597974,232.5725842
673000,178.9369971,0.863067985,232.5449225
673250,164.8409967,0.808175485,232.6008173
673500,155.1289978,0.820824959,232.593288
673750,171.4819958,0.850944984,232.580882
674000,170.5509937,0.853535476,232.5764282
674250,154.3239978,0.791995482,232.6193945
674500,162.7729968,0.82512248,232.5975232
674750,161.167002,0.810234485,232.5819366
675000,160.9149951,0.840839982,232.5765216
675250,177.1359955,0.887359972,232.5433472
675500,178.540993,0.857305975,232.5824658
675750,168.8149957,0.811963973,232.6081708
676000,139.3469946,0.749769981,232.6261139
676250,154.4040009,0.821005487,232.5840906
676500,160.4319971,0.825256972,232.5856921
676750,164.3289978,0.825761986,232.5969861
677000,160.1999957,0.797664478,232.594259
677250,148.5139984,0.766414473,232.5944507
677500,138.9449969,0.726707978,232.5998413
677750,137.3589978,0.75103698,232.5896899
678000,135.5139996,0.725833478,232.6047595
678250,129.3619974,0.705851483,232.6459961
678500,129.3309973,0.705723491,232.6332184
678750,129.3309973,0.705723491,232.6332184
679000,116.5979993,0.638010466,232.6468689
679250,108.0709982,0.635971489,232.630036
679500,111.3319965,0.634338474,232.6179059
679750,105.1729987,0.566301489,232.6393781
680000,91.76999756,0.576505992,232.6574249
680250,97.95799774,0.56584748,232.6419141
680500,79.47699738,0.468708985,232.6875928
680750,71.26499695,0.469169495,232.7000977
681000,64.3269986,0.378096991,232.6973718
681250,47.27199799,0.317975992,232.6954425
681500,41.89299713,0.317653488,232.7143207
681750,45.05999969,0.336214997,232.692417
682000,47.17199875,0.330207992,232.7054669
682250,44.76199905,0.305259491,232.7114911
682500,38.55099899,0.303262495,232.7310266
682750,41.3909993,0.301685988,232.7365918
683000,39.65599838,0.300745496,232.7419128
683250,38.09799911,0.300272492,232.7032666
683500,40.23599945,0.298616997,232.6919843
683750,38.44199905,0.296625488,232.7083057
684000,38.73700073,0.299483995,232.6986115
684250,39.75300079,0.310014993,232.7035388
684500,43.82299911,0.312259488,232.7130249
684750,40.64299744,0.293653991,232.6953796
685000,36.76899872,0.305707992,232.7078656
685250,36.76899872,0.305707992,232.7078656
685500,42.86799866,0.306505995,232.686076
685750,42.9669986,0.315145992,232.6796356
686000,39.60699936,0.309496493,232.7037201
686250,43.27199951,0.306904496,232.6874927
686500,40.73599915,0.303849493,232.7074481
686750,37.39999969,0.289891491,232.6778955
687000,38.09499908,0.293581492,232.7133087
687250,40.27499878,0.312720989,232.6864996
687500,41.50999893,0.293102492,232.7059351
687750,33.78699944,0.289663999,232.6981781
688000,39.78999939,0.292148497,232.7000726
688250,34.40899963,0.282364495,232.6866278
688500,33.21299911,0.280113493,232.6956824
688750,37.41399918,0.284835494,232.7033295
689000,35.40999908,0.286493495,232.6992438
689250,34.92299927,0.282843493,232.6745618
689500,36.27299973,0.286406991,232.6791309
689750,37.74,0.302569988,232.6825385
690000,41.03799973,0.295094992,232.7033557
690250,33.53099953,0.276220998,232.6970569
690500,35.25499947,0.27861299,232.7002509
690750,34.66299942,0.28169099,232.7141052
691000,32.3189991,0.279257491,232.6963129
691250,36.50499947,0.278895992,232.6851166
691500,32.37999916,0.275158991,232.6915302
691750,32.37999916,0.275158991,232.6915302
692000,32.2859993,0.274996994,232.6752911
692250,36.69499886,0.281663996,232.6719928
692500,36.88799896,0.310462493,232.6692053
692750,43.33599854,0.305446492,232.6821069
693000,42.98699936,0.377507991,232.6510986
693250,55.87899826,0.344605991,232.6937292
693500,40.67699844,0.308711485,232.6937213
693750,51.73599991,0.434583489,232.6516901
694000,72.42299973,0.406907493,232.6820673
694250,49.77799881,0.398409485,232.693476
694500,59.27799805,0.412005991,232.6903296
694750,59.67599899,0.402878989,232.6499854
695000,60.14699799,0.451430997,232.6531146
695250,80.76799866,0.540781987,232.6285046
695500,89.87299896,0.506880991,232.6517462
695750,73.04099884,0.48305149,232.674292
696000,80.04800049,0.487670494,232.6509155
696250,83.44499908,0.572414982,232.6504004
696500,104.4129965,0.624088976,232.6446167
696750,103.6359988,0.604522996,232.645437
697000,94.95399811,0.574024978,232.6476202
697250,103.535997,0.615085981,232.6465851
697500,106.3619977,0.631076496,232.634115
697750,116.122998,0.696052489,232.5897296
698000,138.744996,0.764094985,232.6052594
698250,138.744996,0.764094985,232.6052594
698500,144.6819934,0.789148483,232.613833
698750,154.3679962,0.78397897,232.5977234
699000,146.4109961,0.780587988,232.6199152
699250,153.3509973,0.797221477,232.614577
699500,146.3149957,0.753772976,232.6000684
699750,136.255,0.737033484,232.6170825
700000,141.0369983,0.761178482,232.6261304
700250,147.123996,0.79288249,232.6229645
700500,161.6339954,0.85373548,232.5944397
700750,179.2279974,0.876527975,232.5934247
701000,170.2429968,0.906675482,232.5643225
701250,205.9389954,0.991867476,232.5238416
701500,202.9399933,0.957237453,232.5158997
701750,204.6129932,0.994039977,232.5531787
702000,216.2869952,1.035149982,232.5387128
702250,227.7619946,1.072919474,232.5204559
702500,228.377995,1.06806848,232.5350562
702750,229.8749963,1.073715491,232.5118195
703000,231.1569952,1.075034957,232.5171204
703250,227.0889923,1.049170985,232.53698
703500,223.9399902,1.068188987,232.5368884
703750,232.1949951,1.065035963,232.5705933
704000,227.2519916,1.054636464,232.542674
704250,224.4669965,1.056558461,232.5001953
704500,228.4159943,1.054885468,232.5349573
704750,228.4159943,1.054885468,232.5349573
705000,225.1399939,1.055326476,232.5346332
705250,225.120993,1.052372484,232.5215613
705500,226.0569934,1.062041473,232.513689
705750,229.6219922,1.07861196,232.5343646
706000,231.1419952,1.060179973,232.5419476
706250,225.7649969,1.053186951,232.5182263
706500,225.7339954,1.053719978,232.5133215
706750,225.2259906,1.05058147,232.5029224
707000,223.5959955,1.052203474,232.5162433
707250,226.5179932,1.034435463,232.5370807
707500,207.6619958,0.971613989,232.5250409
707750,213.8659973,1.032320967,232.5462823
708000,218.4209991,1.018177481,232.5420178
708250,218.3019916,1.031458988,232.5312183
708500,211.9349951,0.967275476,232.5643939
708750,199.9259955,0.951534984,232.5478339
709000,192.537998,0.889180484,232.5520477
709250,178.8089941,0.886151969,232.5832898
709500,180.7919934,0.884170473,232.5998682
709750,174.2389935,0.830747483,232.5910583
710000,161.8959967,0.828269475,232.5729462
710250,162.0119983,0.817133975,232.5878015
710500,162.3119977,0.812740469,232.5944904
710750,152.4680005,0.777005987,232.5934558
711000,144.207998,0.768633995,232.6123804
711250,144.207998,0.768633995,232.6123804
711500,138.8349969,0.72988199,232.6107941
711750,129.6749976,0.717693467,232.6238025
712000,120.7509976,0.657956963,232.6582025
712250,98.91699677,0.563685989,232.6465875
712500,90.94899963,0.553399477,232.6610345
712750,89.395,0.522138481,232.6436041
713000,85.41100067,0.545603991,232.6254437
713250,89.09499695,0.516312984,232.6503131
713500,65.46199875,0.353776493,232.6734827
713750,40.33099762,0.312727489,232.6957727
714000,43.2429982,0.315799489,232.6884845
714250,39.28000031,0.296384493,232.692608
714500,37.79899948,0.290402492,232.702851
714750,36.6019986,0.287178496,232.6845471
715000,35.2969989,0.283488992,232.6827094
715250,35.49899857,0.285295991,232.6937476
715500,36.81199936,0.294977494,232.689986
715750,39.43499847,0.293298489,232.713219
716000,33.34599968,0.284579493,232.6935785
716250,37.52600006,0.290547997,232.7058276
716500,40.01299927,0.311550994,232.7085315
716750,38.29899872,0.290435493,232.6964502
717000,36.59999847,0.29024799,232.7001392
717250,40.86999893,0.314356995,232.7131689
717500,40.78499939,0.297097493,232.7159222
717750,40.78499939,0.297097493,232.7159222
718000,37.73100052,0.284314498,232.7248572
718250,34.87299881,0.28351449,232.7028027
718500,35.95299942,0.28762749,232.6916809
718750,37.27100082,0.300882492,232.7006897
719000,40.42099915,0.295141493,232.6633942
719250,40.81799866,0.307809993,232.6972015
719500,35.40499947,0.285008491,232.7060193
719750,38.1690004,0.287858493,232.7111804
720000,36.25899933,0.286593487,232.706106
720250,34.19300064,0.283868498,232.7072101
720500,38.20299995,0.286443489,232.6969128
720750,34.32899948,0.285721499,232.7189386
721000,39.63199936,0.312639488,232.6934497
721250,41.59199905,0.298126993,232.6894348
721500,36.73599899,0.289290997,232.7103137
721750,37.41599869,0.290944494,232.7269373
722000,34.60499939,0.284813992,232.7233862
722250,38.23,0.286215991,232.6962823
722500,34.2269989,0.28434849,232.7006427
722750,35.12699936,0.286605487,232.7114014
723000,37.39499908,0.286464992,232.6832178
723250,39.29499832,0.323539994,232.6732166
723500,50.58799896,0.347458487,232.6914099
723750,42.6179985,0.294424489,232.6790656
724000,36.70599915,0.314283496,232.6845276
724250,36.70599915,0.314283496,232.6845276
724500,53.37399948,0.409708986,232.6812738
724750,70.79499817,0.428770481,232.6651044
725000,44.30699875,0.32272849,232.6889709
725250,46.29699814,0.373517485,232.701731
725500,59.47499802,0.394207489,232.7018323
725750,46.60399811,0.350930996,232.6807202
726000,56.38699829,0.403726995,232.6728815
726250,62.73699783,0.439209483,232.6454602
726500,81.76599823,0.503664997,232.6429706
726750,70.4469989,0.490393486,232.6766187
727000,88.5819986,0.579735987,232.624411
727250,98.89899933,0.569619482,232.6270288
727500,85.03499908,0.568168969,232.5920898
727750,106.6409982,0.645184996,232.6131152
728000,113.0149976,0.636582983,232.6029871
728250,113.6679965,0.649386978,232.5753778
728500,113.9749976,0.686093991,232.6084015
728750,128.1099985,0.7106865,232.6001862
729000,116.5059982,0.639994478,232.6301544
729250,111.4499969,0.656493483,232.6341754
729500,121.263996,0.692182469,232.6157721
729750,135.5209979,0.75767447,232.6027002
730000,138.2349982,0.751194482,232.5983868
730250,145.7419983,0.782814457,232.5815942
730500,149.8389917,0.766597979,232.5807703
730750,149.8389917,0.766597979,232.5807703
731000,141.1839978,0.73809598,232.6094916
731250,136.9929993,0.754037478,232.6058014
731500,141.4359973,0.753761983,232.6257861
731750,137.2919995,0.7471225,232.5877307
732000,148.4349969,0.804416475,232.5765936
732250,146.4809967,0.736614978,232.6046912
732500,138.2669962,0.773099983,232.5853143
732750,152.3639978,0.813774977,232.5964496
733000,160.4469977,0.813375974,232.5997327
733250,152.8469946,0.781714473,232.5807538
733500,148.7159973,0.784373488,232.5987634
733750,150.9100006,0.777960477,232.6151886
734000,148.1599988,0.773733983,232.6073798
734250,146.1169983,0.756680989,232.599856
734500,138.5049963,0.764978471,232.6263733
734750,157.743996,0.830650973,232.5775836
735000,156.0839935,0.777865982,232.6107788
735250,155.2109961,0.836621983,232.6042419
735500,167.8489954,0.824728975,232.5477875
735750,160.7169946,0.82929548,232.5633478
736000,174.9109949,0.891406476,232.5474493
736250,176.1799976,0.833233962,232.5707129
736500,154.6719977,0.78873347,232.5818097
736750,153.7879962,0.807641475,232.5854425
737000,154.9019952,0.782711976,232.5993701
737250,154.9019952,0.782711976,232.5993701
737500,150.2699976,0.769522979,232.5888483
737750,142.4679962,0.743677971,232.6250427
738000,135.8919965,0.747651491,232.6124731
738250,144.0239978,0.758474975,232.5996161
738500,138.342998,0.744513977,232.6380585
738750,141.4379962,0.777659979,232.5892206
739000,145.7869946,0.731790466,232.5907867
739250,125.1839972,0.684480987,232.6236023
739500,131.257998,0.753545487,232.5998163
739750,138.6639984,0.728421988,232.6241376
740000,135.2429956,0.747850478,232.5812921
740250,135.1939978,0.714753497,232.6151697
740500,127.8669974,0.719796479,232.6144482
740750,123.9759979,0.647769492,232.6041541
741000,105.3209979,0.617937484,232.6269696
741250,105.8669986,0.610007479,232.6346442
741500,107.1579984,0.600415986,232.6400262
741750,96.84499939,0.560912986,232.6413525
742000,85.90299805,0.483612993,232.6529608
742250,77.20199768,0.516145484,232.6374182
742500,78.69799835,0.472886986,232.6649377
742750,67.48799835,0.43822649,232.6764331
743000,73.12499878,0.517943989,232.6599323
743250,88.08999695,0.523878498,232.6698193
743500,81.17799713,0.480645486,232.6488416
743750,81.17799713,0.480645486,232.6488416
744000,75.11199738,0.488073984,232.641524
744250,82.39499817,0.539304986,232.6464343
744500,79.61599884,0.467504482,232.6744922
744750,66.02599823,0.465307493,232.6511029
745000,76.52799774,0.483905991,232.6547852
745250,75.73299805,0.473320985,232.671698
745500,73.75099823,0.479331492,232.6642737
745750,75.83299744,0.498463495,232.6447797
746000,77.91199799,0.491057991,232.651778
746250,75.77499847,0.487643492,232.6714166
746500,73.13899872,0.446789491,232.6481207
746750,68.5689975,0.438863988,232.6540912
747000,72.66699738,0.53777598,232.6241705
747250,90.28200043,0.474143983,232.6546338
747500,68.31399841,0.462699484,232.6496173
747750,72.50799835,0.49303899,232.6522559
748000,82.39499756,0.490069487,232.6484814
748250,73.23099823,0.442748489,232.6419202
748500,63.73999771,0.404979498,232.6552356
748750,63.92599823,0.468930992,232.6406
749000,74.98499878,0.455498998,232.6675781
749250,68.60699799,0.453081988,232.6575452
749500,67.71799896,0.477367994,232.655451
749750,77.83699768,0.484295487,232.6387122
750000,74.94899872,0.46081349,232.6628912
750250,74.94899872,0.46081349,232.6628912
750500,69.89499817,0.436026993,232.6799561
750750,63.46499817,0.415685489,232.6935364
751000,62.35399811,0.419738989,232.697265
751250,60.36299835,0.44488049,232.6525409
751500,77.91599731,0.551531987,232.6295447
751750,97.45100006,0.536563998,232.6419635
752000,73.11499878,0.408589991,232.6383948
752250,57.98099915,0.426576993,232.6623297
752500,70.54999924,0.419002995,232.6789856
752750,68.6279982,0.512790978,232.6488641
753000,99.45399872,0.609359479,232.6150958
753250,92.78999695,0.524985484,232.6389691
753500,77.83299835,0.46415849,232.6846918
753750,66.11200027,0.514422481,232.6368591
754000,105.0769972,0.621552479,232.622724
754250,100.3229977,0.556888981,232.6402814
754500,85.70899658,0.510585476,232.6435071
754750,81.65199707,0.575978987,232.6599548
755000,105.2059985,0.60036998,232.6255865
755250,90.82799683,0.494821992,232.6467236
755500,77.85199921,0.50497649,232.6487396
755750,85.10799713,0.514417495,232.6307861
756000,83.14799683,0.551595489,232.6325543
756250,100.6489978,0.652981484,232.6034027
756500,118.4159976,0.631121993,232.6134674
756750,118.4159976,0.631121993,232.6134674
757000,97.08599792,0.567903998,232.6591937
757250,97.57199707,0.576067982,232.6343152
757500,92.54399902,0.572197492,232.6360907
757750,104.6879959,0.635299981,232.6360913
758000,105.8889987,0.608030481,232.6336969
758250,102.647998,0.644065986,232.6234192
758500,124.7059961,0.698849494,232.6269611
758750,121.7819962,0.659931474,232.6191949
759000,113.9809955,0.66455898,232.6041779
759250,132.5749976,0.737783484,232.5785535
759500,133.5199963,0.741816466,232.5956335
759750,139.6299969,0.759720979,232.5979462
760000,143.5539996,0.772017987,232.6078497
760250,150.4069958,0.79751298,232.5948254
760500,153.808996,0.794263477,232.6001703
760750,157.6099976,0.81542897,232.5832269
761000,151.6049976,0.770655465,232.5968091
761250,151.5539948,0.799814479,232.5809729
761500,155.1929938,0.815666485,232.5920667
761750,175.4339966,0.885001471,232.55461
762000,178.7279944,0.87846848,232.5715234
762250,179.8829938,0.891273477,232.540882
762500,186.9679974,0.91471097,232.5693469
762750,184.0999982,0.906737978,232.5617865
763000,186.2019965,0.88821048,232.5430035
763250,186.2019965,0.88821048,232.5430035
763500,166.8359979,0.814702477,232.589386
763750,165.0349994,0.866667974,232.5819073
764000,183.027998,0.895669975,232.548443
764250,183.8049908,0.920911982,232.5364496
764500,185.9419958,0.888068471,232.569801
764750,180.3909937,0.892240973,232.573161
765000,182.7759961,0.886697474,232.5493866
765250,182.5049921,0.878852966,232.5809399
765500,168.6069958,0.835799489,232.585224
765750,167.8139966,0.831645494,232.5944824
766000,167.9829968,0.851511991,232.5461334
766250,155.2409985,0.744722996,232.5889697
766500,143.5889954,0.805909498,232.583114
766750,163.2699969,0.824079466,232.5832007
767000,167.6859961,0.857222483,232.5941608
767250,172.9839972,0.842776983,232.5786157
767500,168.9079944,0.863503966,232.5669458
767750,173.3009949,0.84380748,232.586073
768000,166.6270007,0.829275477,232.5980414
768250,162.8269995,0.798022978,232.5756647
768500,155.043999,0.819752498,232.5885309
768750,163.7659985,0.830472472,232.564986
769000,162.8079999,0.790540981,232.6085223
769250,144.3629962,0.770033467,232.5874469
769500,147.8649969,0.782050478,232.5969629
769750,147.8649969,0.782050478,232.5969629
770000,147.4579944,0.765256484,232.6326172
770250,138.2399936,0.706060479,232.6171783
770500,126.3909952,0.711405492,232.6070184
770750,126.4189993,0.678226981,232.6034015
771000,118.836998,0.647676988,232.6497137
771250,104.6019968,0.569271979,232.6570819
771500,96.94399841,0.640665991,232.66065
771750,111.9899976,0.591169486,232.6218109
772000,89.92499603,0.570461478,232.6536652
772250,94.85499908,0.548356476,232.654386
772500,88.35800079,0.517898985,232.6579388
772750,83.5159967,0.523337991,232.6610742
773000,81.90499512,0.513660985,232.6660419
773250,81.8999939,0.498803988,232.6601715
773500,70.7839978,0.439009979,232.6711786
773750,58.80199829,0.382894487,232.6605701
774000,52.59499863,0.350503986,232.6762823
774250,53.57899979,0.413043493,232.6650507
774500,67.47900024,0.430025986,232.6735168
774750,58.67500076,0.382601495,232.6668982
775000,47.55499924,0.34721898,232.6753949
775250,46.10699677,0.348483486,232.6984259
775500,50.41399933,0.348387991,232.6702106
775750,52.72099747,0.389958489,232.657467
776000,59.2679985,0.435419989,232.6798242
776250,59.2679985,0.435419989,232.6798242
776500,70.04499786,0.438732991,232.6624652
776750,64.48999878,0.453691485,232.649848
777000,73.38799835,0.455898982,232.6445306
777250,60.29299881,0.392364497,232.6739038
777500,55.47699799,0.402641995,232.6886407
777750,66.86799835,0.407120485,232.6422363
778000,52.43999878,0.349233493,232.6645215
778250,52.82299866,0.40355548,232.6495538
778500,68.82599777,0.422916988,232.6690576
778750,44.12299896,0.328663992,232.6697681
779000,51.73699905,0.343288497,232.6605371
779250,42.70399887,0.298041489,232.6825214
779500,39.56300064,0.335833493,232.6878735
779750,57.64299835,0.398886985,232.6596741
780000,57.11599777,0.339047989,232.6842261
780250,42.54499817,0.30249249,232.6982501
780500,39.51099976,0.317099994,232.6860181
780750,46.13099884,0.314757991,232.693139
781000,43.93399948,0.314727486,232.6793707
781250,36.9269986,0.292044988,232.6899542
781500,39.71899826,0.288179998,232.69586
781750,40.77399918,0.357419491,232.6765082
782000,59.83599808,0.429522488,232.6556091
782250,62.43799698,0.380374489,232.6757135
782500,43.65999863,0.309797992,232.6943756
782750,43.65999863,0.309797992,232.6943756
783000,47.00899841,0.366879499,232.6539545
783250,58.30999863,0.390964983,232.6826428
783500,57.34999817,0.380090487,232.6929059
783750,55.6659996,0.370199496,232.6686646
784000,42.68199997,0.337837991,232.6895911
784250,56.91999908,0.40158198,232.6479004
784500,60.96399734,0.433355482,232.6592822
784750,73.56199829,0.502879981,232.6338599
785000,87.92699615,0.520088985,232.6572015
785250,84.50299713,0.527258484,232.6405463
785500,87.08799866,0.523273981,232.6538031
785750,75.69299774,0.479975483,232.6617535
786000,85.0889978,0.563753979,232.6469971
786250,90.15099792,0.538257973,232.6287793
786500,88.81899689,0.553654482,232.6425122
786750,93.01899963,0.541171477,232.6310883
787000,90.81999786,0.573208985,232.6168597
787250,100.2469983,0.649952972,232.6264099
787500,123.5479971,0.702954974,232.6123071
787750,125.7579971,0.691202993,232.6184277
788000,111.8159998,0.590391493,232.6499927
788250,102.6049969,0.625207987,232.6468097
788500,112.981998,0.677655973,232.6153851
788750,113.3459973,0.638065977,232.6382239
789000,114.521998,0.684616983,232.6101068
789250,114.521998,0.684616983,232.6101068
789500,124.1609958,0.700800498,232.5944104
789750,136.6559985,0.764764977,232.5847473
790000,144.9509985,0.768387487,232.5956964
790250,149.9329987,0.790835989,232.5842279
790500,152.5949969,0.807249982,232.583114
790750,160.4119983,0.821950469,232.5810016
791000,165.6479962,0.823732975,232.612243
791250,153.6149976,0.791277478,232.6028094
791500,159.8499951,0.851890466,232.5847522
791750,167.176994,0.821019483,232.59505
792000,171.5309967,0.896916482,232.5750635
792250,187.3509955,0.901843488,232.558457
792500,180.5759967,0.871979969,232.5510535
792750,183.2199969,0.906019468,232.5711035
793000,189.9879932,0.929948471,232.5406409
793250,194.3729962,0.931375978,232.5747308
793500,189.3359979,0.895648484,232.5856348
793750,186.3139978,0.960580986,232.5586029
794000,205.4099976,0.959604974,232.5465619
794250,201.6639954,0.955476491,232.5521808
794500,187.9679956,0.891497459,232.5559723
794750,177.9349945,0.862433491,232.5715216
795000,178.7709973,0.905751479,232.5588983
795250,191.3469971,0.92155899,232.5555548
795500,182.9539972,0.878601468,232.5555768
795750,182.9539972,0.878601468,232.5555768
796000,179.0659967,0.887859983,232.5874005
796250,182.2419916,0.890273986,232.5795135
796500,188.5329956,0.957074473,232.5364032
796750,191.9769934,0.852400978,232.5742023
797000,159.5379944,0.850558491,232.5786743
797250,167.7539978,0.855880473,232.6000555
797500,175.193996,0.851956978,232.565498
797750,167.3559882,0.827255468,232.5988086
798000,164.0319971,0.830939465,232.5849994
798250,167.6099957,0.819244988,232.57521
798500,159.843996,0.811399491,232.5849066
798750,160.460993,0.819483991,232.5892194
799000,156.0059967,0.775066473,232.6195972
799250,141.5219958,0.762928488,232.5947601
799500,145.2689978,0.768364985,232.6051202
799750,140.258996,0.730529478,232.6116351
800000,137.0529974,0.744138994,232.5998096
800250,134.2289954,0.718165483,232.6026654
800500,120.4619965,0.658120987,232.6148914
800750,111.0350006,0.640322983,232.6406256
801000,105.1749973,0.623985488,232.6199304
801250,103.5909955,0.585302489,232.6257697
801500,93.55699799,0.569193492,232.63245
801750,97.03899811,0.541504982,232.6347278
802000,82.76399719,0.503786979,232.6572363
802250,82.76399719,0.503786979,232.6572363
802500,81.33799805,0.490159996,232.6600311
802750,78.23499786,0.490061984,232.6801617
803000,77.23199677,0.497156984,232.6524426
803250,75.90899689,0.468356489,232.6633301
803500,68.39199768,0.441172998,232.6522571
803750,64.98399811,0.438217989,232.6785211
804000,62.86699951,0.37923249,232.6763794
804250,45.26899796,0.324897493,232.678186
804500,47.2409993,0.349849994,232.6959442
804750,54.55999847,0.405620986,232.6906738
805000,62.07399918,0.407828984,232.6550677
805250,55.70099869,0.358962487,232.64961
805500,46.28399887,0.353434983,232.6884174
805750,54.12599808,0.39439399,232.6654132
806000,62.41499847,0.401782993,232.6771606
806250,52.19599899,0.368494494,232.6707758
806500,51.32499893,0.353069991,232.6875238
806750,46.49199799,0.309579496,232.7004602
807000,38.13999901,0.38526649,232.6993939
807250,68.05500046,0.44632499,232.6535693
807500,58.59499863,0.363517996,232.6995105
807750,37.4709996,0.296108491,232.676142
808000,36.51100006,0.286953988,232.6894098
808250,35.15700027,0.280949489,232.6713995
808500,35.66599915,0.282391994,232.7127484
808750,35.66599915,0.282391994,232.7127484
809000,34.40699936,0.288556995,232.6893939
809250,37.92400009,0.297805994,232.7035138
809500,42.54399933,0.312280492,232.6714905
809750,37.12499893,0.301333491,232.6548297
810000,44.60799881,0.347626486,232.672746
810250,59.29399872,0.397078497,232.6901453
810500,52.37799927,0.341405994,232.6743884
810750,40.37799942,0.286949991,232.683028
811000,35.65399902,0.295131493,232.6612354
811250,42.77899902,0.32442849,232.6855762
811500,44.5919986,0.351237991,232.6772919
811750,59.07199875,0.404699485,232.6714838
812000,50.33799911,0.346302494,232.6610968
812250,52.60799942,0.382860492,232.6175073
812500,64.03199753,0.438413496,232.6603943
812750,77.31700012,0.482988472,232.6315442
813000,58.34499863,0.393009496,232.6738837
813250,69.59399902,0.463712482,232.6637219
813500,67.2619986,0.413218979,232.6641046
813750,58.16600006,0.396472487,232.6414258
814000,61.9509993,0.421310987,232.6438708
814250,68.95599762,0.476681485,232.6809869
814500,84.33999725,0.543377984,232.6059772
814750,88.15900024,0.546041472,232.6239117
815000,85.03499878,0.51156499,232.6597284
815250,85.03499878,0.51156499,232.6597284
815500,79.28099731,0.493090986,232.6202386
815750,82.66899902,0.529257979,232.6433051
816000,90.45999908,0.534945991,232.6310016
816250,83.73099518,0.517504983,232.5930988
816500,81.54699799,0.536922488,232.6305304
816750,93.71099884,0.563167984,232.6369922
817000,98.80999634,0.602811983,232.6555206
817250,110.6419977,0.642089989,232.6202661
817500,115.5749973,0.651887481,232.6463843
817750,103.5939996,0.567702973,232.6340015
818000,94.4409964,0.592888982,232.652572
818250,98.80399841,0.602881494,232.6282318
818500,105.410997,0.608047984,232.6260669
818750,108.887999,0.640590982,232.6185382
819000,114.1539969,0.659183993,232.6185461
819250,122.413996,0.689778478,232.5817157
819500,109.540997,0.621496487,232.6060419
819750,114.7659964,0.710944495,232.5846112
820000,132.3839972,0.712353988,232.5709619
820250,134.7109967,0.757770965,232.5746649
820500,144.8759961,0.772754993,232.5923474
820750,145.0589941,0.76566998,232.582738
821000,145.2769965,0.779732969,232.5750671
821250,154.582995,0.815306475,232.5931549
821500,156.2349945,0.78731847,232.608161
821750,156.2349945,0.78731847,232.608161
822000,160.4299976,0.829591477,232.569397
822250,161.7249951,0.810810986,232.60133
822500,161.1079968,0.836946471,232.5920892
822750,179.3519946,0.901468973,232.5789545
823000,176.4579944,0.839756479,232.5990906
823250,168.2669983,0.868227475,232.5888104
823500,193.5419989,0.970127475,232.560658
823750,198.6059955,0.903762476,232.6179565
824000,179.2849945,0.901647475,232.5700818
824250,192.7099969,0.944661977,232.5725946
824500,190.7259967,0.880203969,232.5650677
824750,181.0019922,0.94931447,232.5653955
825000,203.5129919,0.958209991,232.5349316
825250,198.0559949,0.931588466,232.5506097
825500,187.4339941,0.898653481,232.5863318
825750,182.4719983,0.899683485,232.5312329
826000,185.0189954,0.900850472,232.5481873
826250,184.2979968,0.918813493,232.5518744
826500,193.4439948,0.912124979,232.5610834
826750,190.2389966,0.936990967,232.5327612
827000,193.1929956,0.898992975,232.5355225
827250,173.9439978,0.846143482,232.5868506
827500,169.6539978,0.880593481,232.5728912
827750,187.0209937,0.920579472,232.5527777
828000,188.0039978,0.882984982,232.5735712
828250,188.0039978,0.882984982,232.5735712
828500,173.8239972,0.868541472,232.561441
828750,180.3219995,0.877894971,232.5482343
829000,176.7469958,0.874146972,232.5802014
829250,177.6869922,0.85082649,232.5696411
829500,174.4189972,0.892284987,232.5603998
829750,182.9349969,0.876837988,232.5928345
830000,175.7729974,0.859546468,232.5460999
830250,170.8560028,0.850124476,232.5989056
830500,163.8639966,0.789589477,232.6051788
830750,147.9609985,0.791711969,232.5965143
831000,160.2499963,0.809267986,232.5983917
831250,165.0989972,0.859796977,232.5987305
831500,177.8489978,0.848948498,232.579458
831750,157.8879974,0.802246969,232.5838763
832000,152.7129968,0.776258488,232.5708423
832250,141.0649982,0.746887479,232.5731378
832500,141.0499988,0.753658476,232.5844427
832750,134.2359961,0.739601483,232.5902039
833000,133.9819965,0.707188978,232.5915131
833250,117.8689978,0.662443473,232.6279773
833500,117.3989987,0.630709972,232.6109222
833750,103.3339981,0.573161485,232.628905
834000,94.7239975,0.597044482,232.6354663
834250,112.8589963,0.628929975,232.6334125
834500,95.29599823,0.514217978,232.6650623
834750,95.29599823,0.514217978,232.6650623
835000,68.73599747,0.464951487,232.636098
835250,82.34799835,0.503376998,232.6612506
835500,68.85499878,0.428311495,232.6770416
835750,55.05599869,0.36232149,232.6968011
836000,56.67899826,0.374493488,232.6890887
836250,47.29399933,0.34377349,232.6615625
836500,51.93099915,0.38035949,232.6977368
836750,58.48999878,0.389713994,232.6748938
837000,47.57199982,0.345748485,232.7278015
837250,50.92799789,0.360263996,232.6681207
837500,49.37299927,0.339120989,232.6828259
837750,43.66199875,0.349466488,232.676557
838000,55.86699921,0.371490496,232.7121722
838250,43.21599976,0.302060992,232.6945148
838500,42.67799957,0.30182649,232.6900671
838750,34.84399925,0.308118994,232.6623285
839000,46.85399979,0.330273994,232.6830902
839250,43.56699936,0.310577486,232.6994165
839500,37.19399918,0.292225991,232.6685938
839750,37.30899933,0.290527492,232.6979053
840000,35.56699921,0.289099498,232.7134412
840250,37.85499954,0.300449998,232.682309
840500,40.52500015,0.312686986,232.6692773
840750,40.57300003,0.295389994,232.6977606
841000,37.71299911,0.290830492,232.6654437
841250,37.71299911,0.290830492,232.6654437
841500,38.48499863,0.322225482,232.7053546
841750,46.37499847,0.305286992,232.6566736
842000,38.8469989,0.296523995,232.6931866
842250,35.2879985,0.294728492,232.6882111
842500,41.13199814,0.307860993,232.6912891
842750,41.70399811,0.320890994,232.6733618
843000,49.7709993,0.368612494,232.6643317
843250,57.97799881,0.384063503,232.6306671
843500,50.8369986,0.340151488,232.6459387
843750,57.07499725,0.401443986,232.6786182
844000,53.76399872,0.343592498,232.6727216
844250,44.61799866,0.3202855,232.6661505
844500,53.16699936,0.395089487,232.6767859
844750,55.58399918,0.393660994,232.6665179
845000,71.5419986,0.482493488,232.6667462
845250,81.62099823,0.506426491,232.6490826
845500,65.43200027,0.415134486,232.6732355
845750,75.46099884,0.479291991,232.6345691
846000,78.45499695,0.492142994,232.667619
846250,76.81599762,0.47697299,232.630354
846500,78.95999817,0.508592489,232.6701685
846750,91.11299866,0.591470993,232.6133984
847000,103.6369974,0.616926987,232.64724
847250,99.18799744,0.57000499,232.6691913
847500,96.16399872,0.58127598,232.6502435
847750,96.16399872,0.58127598,232.6502435
848000,107.9929962,0.695007474,232.599834
848250,128.6039954,0.729836967,232.6259631
848500,133.1989981,0.695415492,232.5960242
848750,119.4659973,0.691163976,232.6097205
849000,124.1939963,0.679460473,232.6113489
849250,122.8719968,0.662353995,232.6074561
849500,117.7619962,0.676124978,232.5832178
849750,120.212999,0.683868475,232.5912256
850000,128.6449957,0.72993747,232.6037207
850250,134.7579956,0.727433994,232.6015558
850500,132.3329944,0.738649981,232.6268091
850750,143.5879944,0.789645491,232.6226251
851000,165.6349945,0.852961483,232.599873
851250,169.5189941,0.838708973,232.6003656
851500,164.0689984,0.825324991,232.589978
851750,163.3409949,0.813298466,232.5771326
852000,159.5439966,0.820969963,232.6046887
852250,165.1009955,0.824090478,232.5947137
852500,171.1559979,0.871957972,232.5696368
852750,175.755,0.858905969,232.5720605
853000,178.0969952,0.901485491,232.569884
853250,172.2049951,0.81750047,232.6105188
853500,165.7090002,0.89964649,232.5737036
853750,192.5389984,0.93188096,232.5974567
854000,199.4309955,0.96420449,232.5465295
854250,199.4309955,0.96420449,232.5465295
854500,196.6809998,0.888534486,232.6018823
854750,174.1249933,0.912211485,232.5502454
855000,185.5279944,0.858750453,232.5919885
855250,173.0239978,0.881919467,232.5711285
855500,181.8319897,0.900057483,232.5633563
855750,185.1819952,0.874592962,232.6181836
856000,176.1079974,0.873702977,232.5900116
856250,180.3889954,0.897023482,232.5953723
856500,183.8269922,0.899867978,232.5784033
856750,185.1189984,0.898196981,232.57086
857000,185.8719946,0.901967471,232.6114313
857250,178.7019922,0.872006993,232.5822333
857500,175.9039923,0.853002484,232.5668506
857750,165.5729993,0.792043476,232.5962885
858000,144.72,0.825857971,232.5898669
858250,177.7469916,0.862389975,232.5997211
858500,169.0139941,0.846410975,232.5882837
858750,170.7749939,0.857580485,232.5565802
859000,171.7559991,0.830009968,232.5695264
859250,158.7319934,0.810353465,232.5837134
859500,160.730993,0.801097476,232.5787225
859750,146.167998,0.71881449,232.6077551
860000,122.9059979,0.687373478,232.6366345
860250,122.2369955,0.679407961,232.6344189
860500,123.2089975,0.72442549,232.627915
860750,123.2089975,0.72442549,232.627915
861000,137.727999,0.693734477,232.6404028
861250,114.2349973,0.644333982,232.6489417
861500,115,0.657352996,232.6512823
861750,115.9459979,0.623442986,232.6297693
862000,104.3889981,0.639669487,232.6505151
862250,112.2399969,0.629539993,232.6561292
862500,102.8669977,0.594683492,232.6488916
862750,102.0099969,0.64169548,232.6447156
863000,121.0549973,0.644666479,232.6400983
863250,93.49099762,0.56615798,232.6363623
863500,102.0429977,0.57775048,232.6493225
863750,90.91599854,0.561239502,232.6538812
864000,98.56699646,0.558128495,232.6710999
864250,77.25599792,0.437412993,232.6851459
864500,59.00899826,0.384627991,232.7022809
864750,49.93699921,0.359890494,232.6684094
865000,58.08499863,0.402243488,232.682522
865250,61.22499756,0.434212991,232.6846991
865500,67.89200226,0.434289985,232.6876654
865750,57.28899994,0.407475487,232.6881622
866000,71.22599762,0.44103698,232.7027148
866250,59.24499847,0.368279988,232.6939551
866500,48.12599899,0.359312987,232.6720117
866750,57.30699844,0.383391982,232.6915222
867000,49.6859996,0.353806988,232.6755157
867250,49.6859996,0.353806988,232.6755157
867500,51.32099823,0.377038993,232.68453
867750,57.30099823,0.361595989,232.7001801
868000,40.19899826,0.304367994,232.7121271
868250,40.30399963,0.302229489,232.6959277
868500,38.32500076,0.289676992,232.6847369
868750,35.34099915,0.285992491,232.6813232
869000,35.28099884,0.285054494,232.6727692
869250,36.57200058,0.290427996,232.6603156
869500,36.54000076,0.28475049,232.687171
869750,35.66299866,0.287478994,232.6872955
870000,35.1639991,0.286248993,232.6879071
870250,36.42099998,0.284319491,232.6930426
870500,33.11699936,0.28416149,232.6943787
870750,36.35399963,0.287183495,232.6866711
871000,36.28499893,0.284677995,232.7126794
871250,34.31599899,0.290414988,232.6750079
871500,41.14299759,0.310769992,232.6901672
871750,40.92599808,0.302418494,232.7073553
872000,41.79999924,0.316091496,232.6784894
872250,43.44100021,0.319874992,232.675672
872500,40.7040004,0.300600494,232.7084021
872750,43.47799927,0.315396496,232.6623718
873000,36.7779985,0.29154349,232.7005615
873250,38.33300064,0.310119493,232.6925134
873500,50.81599869,0.379658993,232.6837
873750,50.81599869,0.379658993,232.6837
874000,46.66599854,0.328701491,232.6856909
874250,52.41899841,0.388487494,232.6719153
874500,54.1169989,0.364988981,232.7009564
874750,53.49500046,0.375784497,232.7040106
875000,55.87599792,0.391610487,232.6898572
875250,55.52099838,0.374175491,232.6653693
875500,56.47299957,0.383703489,232.6870819
875750,53.81699951,0.380879989,232.6952911
876000,56.41599823,0.38869949,232.6722052
876250,51.32199799,0.352337985,232.7060181
876500,50.32099884,0.395544488,232.6637946
876750,63.17699799,0.427298496,232.6655139
877000,70.79699875,0.480394983,232.6791937
877250,69.06399963,0.406750987,232.6781293
877500,63.53599792,0.404896492,232.7074268
877750,69.13899734,0.515310994,232.6821442
878000,75.30799866,0.43949399,232.6600171
878250,67.30299927,0.476383479,232.6636493
878500,79.51499695,0.517765987,232.6630566
878750,88.65299835,0.548128982,232.6497949
879000,91.13599854,0.568140979,232.6446094
879250,92.61299866,0.516421483,232.674585
879500,82.84499908,0.551810973,232.6667529
879750,89.10700012,0.568433495,232.6679218
880000,109.1459961,0.670587971,232.6095221
880250,109.1459961,0.670587971,232.6095221
880500,122.7769977,0.691044979,232.6134589
880750,124.5049979,0.687210979,232.6337842
881000,120.9599951,0.673140984,232.6253058
881250,119.2919971,0.702300482,232.5950653
881500,125.1669965,0.690204482,232.6334821
881750,128.1879962,0.744749985,232.5764807
882000,142.818999,0.761743984,232.6217151
882250,139.4679956,0.731510489,232.6105627
882500,130.7789975,0.714722481,232.6313226
882750,134.1999979,0.73987349,232.6114807
883000,138.7979956,0.765412982,232.5967535
883250,144.932995,0.770583987,232.5913708
883500,147.3559967,0.762923467,232.5884827
883750,139.1039966,0.748522487,232.6059302
884000,143.0429956,0.777587483,232.6094434
884250,154.0849963,0.806388972,232.5974109
884500,157.7899963,0.783756483,232.6089362
884750,147.1109985,0.792111993,232.5881934
885000,158.5319977,0.823927994,232.5940045
885250,168.2089929,0.834294484,232.5751782
885500,159.7369958,0.777421474,232.6050275
885750,140.5529944,0.761973491,232.5987518
886000,152.1559985,0.808193984,232.5847394
886250,157.7379968,0.788911479,232.611554
886500,152.383996,0.816198976,232.5964673
886750,152.383996,0.816198976,232.5964673
887000,169.4359973,0.866103988,232.5555945
887250,181.4219934,0.946557477,232.514425
887500,203.3389978,0.926588979,232.5473389
887750,182.2399982,0.910223472,232.5436273
888000,199.7549933,0.965550969,232.5290509
888250,195.5999933,0.946200986,232.5528168
888500,197.8919983,0.932615476,232.5691779
888750,195.9399963,0.965554969,232.5312732
889000,203.8849939,0.949156466,232.5690552
889250,190.4739948,0.910541983,232.5846967
889500,190.4269971,0.935920482,232.5678009
889750,194.7309973,0.923557472,232.5428931
890000,193.3719946,0.961994488,232.5201471
890250,208.028996,0.975172472,232.5435217
890500,197.6289966,0.916880479,232.5630908
890750,188.8659967,0.933087487,232.5700165
891000,196.7019958,0.937195458,232.5465228
891250,193.4539972,0.944495466,232.5527612
891500,205.3039972,0.96095747,232.5493774
891750,190.0739941,0.909557459,232.5590991
892000,191.2149988,0.927490478,232.5613715
892250,185.1329956,0.890560985,232.5825714
892500,182.3499933,0.873472497,232.5724487
892750,174.5209998,0.864357979,232.5529523
893000,173.4529968,0.852815983,232.5727081
893250,173.4529968,0.852815983,232.5727081
893500,173.6649951,0.887146978,232.5653705
893750,185.6869965,0.890442491,232.5741699
894000,152.0319952,0.76458797,232.6107709
894250,153.0029956,0.801221995,232.59133
894500,152.593996,0.779289486,232.6131866
894750,151.0139978,0.789168963,232.5876501
895000,153.9069989,0.785103486,232.5921918
895250,146.8899976,0.753622966,232.6177289
895500,137.7989966,0.747271986,232.6099463
895750,142.5859985,0.73908349,232.6179785
896000,119.3699979,0.624450994,232.6337775
896250,104.031998,0.603773489,232.6579395
896500,105.3969965,0.616301489,232.6456024
896750,93.17899872,0.530810497,232.669068
897000,78.21799835,0.483876988,232.6969287
897250,69.27899796,0.428945988,232.6850104
897500,59.46399826,0.406703991,232.6426337
897750,62.48199829,0.395913,232.6832263
898000,49.65399918,0.327942997,232.6778326
898250,39.7159993,0.29914449,232.6662262
898500,42.45499863,0.304920495,232.6736169
898750,38.86799942,0.306185997,232.6602576
899000,39.90799896,0.291114998,232.6496277
899250,36.21399872,0.287515985,232.671452
899500,34.14899918,0.285316488,232.6850018
899750,34.14899918,0.285316488,232.6850018
900000,37.31799911,0.289866991,232.6733679
900250,37.81799957,0.298860493,232.6880963
900500,37.14099915,0.288371994,232.6726691
900750,35.34599899,0.283512496,232.726106
901000,34.02799957,0.283092992,232.7157965
901250,37.80900024,0.288275992,232.6748907
901500,32.8729998,0.282179493,232.7153796
901750,35.41099899,0.279493991,232.7034192
902000,34.68999954,0.278248491,232.714809
902250,32.83199951,0.283694996,232.7020276
902500,36.66699936,0.284833993,232.6950256
902750,34.04499893,0.279885999,232.6624432
903000,33.51599899,0.279775497,232.7063385
903250,35.14899887,0.285391985,232.6792511
903500,35.02299973,0.281383491,232.6417456
903750,36.58699875,0.285038489,232.6867059
904000,36.62499893,0.308178492,232.7073315
904250,40.24399841,0.289793994,232.6667694
904500,35.62099876,0.286922988,232.6970264
904750,35.22399887,0.306565491,232.6702582
905000,44.10399841,0.300605491,232.7156989
905250,35.66899902,0.28189149,232.6811554
905500,34.43899933,0.294423493,232.678194
905750,41.64299942,0.304305488,232.7097711
906000,37.33099899,0.295836992,232.693996
906250,37.33099899,0.295836992,232.693996
906500,39.46300034,0.297793994,232.6779358
906750,37.22999893,0.294555987,232.6739087
907000,37.73499893,0.294564995,232.6807068
907250,37.52199905,0.290825993,232.6838965
907500,34.42299927,0.301241486,232.7061938
907750,39.97799919,0.28229949,232.6910358
908000,34.44299896,0.281140989,232.7019354
908250,32.69999947,0.292502995,232.6825702
908500,49.49499863,0.38238849,232.6582349
908750,50.02699982,0.329884989,232.6845068
909000,40.51299942,0.323313488,232.7039417
909250,56.95999939,0.451935501,232.6753448
909500,82.99099823,0.552574492,232.6609546
909750,92.3239975,0.533249977,232.6574512
910000,84.97999695,0.507764983,232.659668
910250,87.10799744,0.57072897,232.6103693
910500,88.97399841,0.49296298,232.6411328
910750,82.41599792,0.589526989,232.651499
911000,101.4329971,0.566989493,232.6314514
911250,93.22899628,0.612147481,232.6504645
911500,104.5659976,0.599935992,232.6169537
911750,113.3719974,0.69325798,232.6166351
912000,129.0229968,0.72736448,232.617489
912250,127.3619995,0.699837985,232.6013702
912500,128.5889966,0.758879502,232.6016119
912750,128.5889966,0.758879502,232.6016119
913000,143.1279956,0.721154981,232.6047302
913250,127.2889972,0.711665485,232.6215125
913500,132.4209888,0.727270973,232.6157141
913750,133.2399945,0.696367974,232.6372662
914000,130.0599973,0.790853994,232.5651068
914250,149.1409955,0.735065975,232.5682562
914500,126.2649969,0.71733196,232.594563
914750,130.8019952,0.725764492,232.6311102
915000,134.1059964,0.709591479,232.6076581
915250,133.0689972,0.747704496,232.607746
915500,141.2039954,0.781118495,232.5779938
915750,153.163996,0.790227485,232.590907
916000,153.9919977,0.808428977,232.5505884
916250,164.2829956,0.846686976,232.570788
916500,171.8819946,0.843612974,232.5716815
916750,170.8030029,0.867848475,232.5610413
917000,180.8449945,0.89592097,232.5725775
917250,184.6349976,0.907914972,232.5620435
917500,187.7609967,0.903658476,232.5350763
917750,186.7509973,0.90892647,232.5842816
918000,187.6199945,0.915469983,232.5467072
918250,187.2659955,0.877921488,232.5450275
918500,175.5039966,0.886328478,232.5722101
918750,187.0719958,0.903432968,232.5340985
919000,180.8879956,0.880076993,232.5406189
919250,180.8879956,0.880076993,232.5406189
919500,176.1589972,0.861595981,232.5529889
919750,176.6459973,0.904712477,232.5399713
920000,195.0759973,0.946327479,232.5268634
920250,189.9279926,0.889224982,232.5686267
920500,180.2649957,0.900659492,232.5671222
920750,190.1519965,0.968507984,232.5390192
921000,207.928996,0.950762472,232.5163678
921250,199.3459973,0.983397973,232.5323779
921500,213.7369965,0.970323973,232.5193378
921750,189.1079974,0.920412478,232.5529193
922000,192.7969934,0.927196474,232.5391217
922250,188.3629932,0.946006987,232.5349762
922500,210.8559961,1.004339471,232.511275
922750,207.7449866,0.953621974,232.5341052
923000,192.6489978,0.926093476,232.5387793
923250,198.6369952,0.957535965,232.5170032
923500,200.9009973,0.941727476,232.5376263
923750,195.068996,0.92025398,232.5596753
924000,181.021994,0.901892483,232.5463861
924250,195.0259961,0.94867898,232.5416919
924500,203.7639978,0.979564469,232.5154974
924750,200.4269952,0.976017482,232.546004
925000,218.8839948,1.012253482,232.549682
925250,207.9909973,0.970540965,232.5531067
925500,196.0799963,0.916333477,232.5631299
925750,196.0799963,0.916333477,232.5631299
926000,189.5999945,0.921358478,232.5487054
926250,193.1779877,0.935469995,232.5491107
926500,199.696991,0.938719988,232.5580078
926750,188.343996,0.890952947,232.5688745
927000,176.8839948,0.855773478,232.5936658
927250,166.2649957,0.828044987,232.5583478
927500,160.6109979,0.819932473,232.5775671
927750,172.4819983,0.85807147,232.5644043
928000,166.0419977,0.826080964,232.5578101
928250,160.5499994,0.81048799,232.5609521
928500,161.2709955,0.822594991,232.5690051
928750,163.3109894,0.820569978,232.59638
929000,152.1219958,0.756904976,232.6147058
929250,140.4819989,0.762862484,232.5822821
929500,145.5019971,0.754782472,232.609483
929750,133.0309985,0.688921986,232.6309174
930000,110.8289978,0.608801479,232.6415369
930250,100.8609982,0.588625989,232.6462708
930500,87.84599915,0.526028993,232.6319958
930750,84.11999939,0.528810487,232.6731775
931000,95.08099701,0.570890985,232.6441858
931250,85.27999603,0.488982989,232.6593854
931500,63.56199921,0.396123989,232.6834589
931750,61.87199951,0.450102479,232.6379077
932000,55.14200027,0.34784449,232.6787354
932250,55.14200027,0.34784449,232.6787354
932500,46.04499893,0.394600983,232.7018732
932750,55.68899872,0.355577991,232.6937122
933000,47.05299927,0.309172994,232.6973297
933250,34.91299957,0.288321494,232.7048749
933500,35.91699951,0.28374099,232.6971936
933750,36.51299919,0.281417493,232.6634406
934000,33.1729995,0.281443994,232.728761
934250,36.17699921,0.281414988,232.7178253
934500,35.13199913,0.286113491,232.6787146
934750,37.03399948,0.29803899,232.7047009
935000,37.41199921,0.285122492,232.6596503
935250,34.86099884,0.286479491,232.6673383
935500,38.4569989,0.309778491,232.7070227
935750,41.26299973,0.297617991,232.7084497
936000,36.48899979,0.287506996,232.6733148
936250,39.48199875,0.311202488,232.6913538
936500,41.84700012,0.300023996,232.6993353
936750,36.47599922,0.283074996,232.6876721
937000,35.65599953,0.291292999,232.6935803
937250,37.44999954,0.306029494,232.7297375
937500,40.17399872,0.294924997,232.7232123
937750,36.31299942,0.292593497,232.6956622
938000,39.51699921,0.304814999,232.6948596
938250,36.92499863,0.28049099,232.7005444
938500,34.91999863,0.282726492,232.6915295
938750,34.91999863,0.282726492,232.6915295
939000,35.78899918,0.287694995,232.6636389
939250,35.18099899,0.281231999,232.7067145
939500,35.22099945,0.281387997,232.6878076
939750,35.41199936,0.282971491,232.7051953
940000,35.14700012,0.302903993,232.7077301
940250,43.50899979,0.295165986,232.7223206
940500,33.04399902,0.277053988,232.702243
940750,34.00899956,0.28073999,232.7108142
941000,35.60299957,0.283829994,232.7095172
941250,34.22099945,0.280234495,232.6935614
941500,34.76499954,0.276756495,232.7087683
941750,33.18099899,0.277684498,232.716015
942000,34.39499893,0.279362993,232.6873456
942250,33.73499939,0.281288992,232.6833673
942500,37.1329985,0.307274491,232.6804761
942750,43.26999756,0.294007488,232.6944128
943000,33.98899925,0.28384649,232.6800024
943250,35.36099945,0.298155494,232.7182056
943500,43.30199921,0.352891484,232.7020105
943750,49.22599991,0.355023986,232.6529089
944000,48.87999863,0.364010986,232.6827716
944250,59.99399979,0.414882491,232.6642108
944500,62.92499802,0.430180995,232.6887512
944750,68.27799744,0.43473549,232.6799615
945000,65.24699982,0.447531489,232.6445972
945250,65.24699982,0.447531489,232.6445972
945500,73.38899933,0.478037491,232.6539575
945750,74.35899811,0.479131489,232.6743671
946000,79.5659967,0.567163972,232.6560388
946250,108.7769968,0.614710484,232.6650409
946500,99.5339975,0.585540981,232.6621698
946750,102.9519989,0.62699249,232.653158
947000,122.0069974,0.66508899,232.6118604
947250,105.948999,0.654898987,232.6216803
947500,120.0849966,0.664465983,232.6402625
947750,117.8009976,0.707083983,232.6055994
948000,145.7209958,0.778329475,232.6189819
948250,153.2399945,0.810026467,232.592774
948500,170.3319946,0.854049492,232.5953064
948750,155.283996,0.804174476,232.6066656
949000,165.7399982,0.848357475,232.5861847
949250,176.3149976,0.859199982,232.5690167
949500,163.3089966,0.801914968,232.6048944
949750,158.4560022,0.820223498,232.6001563
950000,166.3639941,0.830588965,232.5722345
950250,161.4419971,0.823753986,232.5953473
950500,168.0119989,0.86619348,232.5421045
950750,176.7939948,0.869786479,232.6079614
951000,184.4819897,0.911850479,232.5616925
951250,180.7359985,0.90385247,232.5870721
951500,196.7600006,0.940567486,232.5660437
951750,196.7600006,0.940567486,232.5660437
952000,193.6759967,0.94266747,232.5334747
952250,207.5699951,1.006101477,232.5242767
952500,209.3800012,0.947880971,232.5487341
952750,181.081994,0.863586979,232.5724396
953000,182.3419922,0.929205472,232.5532336
953250,200.7349945,0.963051481,232.5424103
953500,196.9699976,0.919903984,232.5559021
953750,182.6609955,0.880339463,232.5740051
954000,176.8779968,0.86399296,232.5922858
954250,174.0129993,0.840037975,232.6054224
954500,167.8449963,0.842166481,232.5976782
954750,173.187998,0.857339487,232.6042401
955000,166.6389966,0.813528476,232.5971027
955250,154.8229944,0.790288482,232.5895251
955500,145.4769965,0.745233965,232.5820856
955750,134.8899982,0.740751479,232.5784186
956000,148.3469958,0.768519988,232.6130365
956250,138.9629956,0.715149467,232.6141699
956500,130.9790051,0.733396981,232.6364606
956750,128.9550043,0.691384003,232.6314996
957000,114.9019974,0.661300485,232.6378058
957250,104.7519986,0.593983486,232.6529425
957500,105.8919992,0.634101491,232.6429828
957750,107.209996,0.599251485,232.6531781
958000,106.8699985,0.622824471,232.645166
958250,106.8699985,0.622824471,232.645166
958500,97.63799896,0.544524491,232.6498669
958750,88.95999878,0.547096,232.6254224
959000,87.63899841,0.538699491,232.6654541
959250,83.24899689,0.519918482,232.6446393
959500,88.6359967,0.551302991,232.6534631
959750,94.01799408,0.56909647,232.6460699
960000,97.36899872,0.582642977,232.6462561
960250,95.28299896,0.53164198,232.6636072
960500,82.04299988,0.527326484,232.6466211
960750,90.64699982,0.591925983,232.6171936
961000,101.7969995,0.601194992,232.6552386
961250,92.5139975,0.49597399,232.6609515
961500,70.03899933,0.447490497,232.654079
961750,74.62199921,0.504981487,232.6523083
962000,81.13099762,0.486813986,232.6276587
962250,78.26299866,0.524960992,232.6596869
962500,64.76299911,0.38089149,232.6818549
962750,55.36999863,0.432745491,232.6393878
963000,66.53699707,0.431611992,232.6522876
963250,63.79499893,0.408943993,232.6591779
963500,58.5479982,0.40028998,232.6529791
963750,53.55999832,0.373688493,232.6737256
964000,53.41799759,0.38099699,232.6451514
964250,57.70999908,0.390688987,232.6392596
964500,53.86699829,0.331620491,232.6713098
964750,53.86699829,0.331620491,232.6713098
965000,40.5329982,0.333614498,232.7003888
965250,44.05199936,0.302477497,232.6891412
965500,38.39999771,0.290373991,232.7050946
965750,35.26899948,0.292766993,232.6851416
966000,41.17299896,0.317756989,232.6992224
966250,49.82399872,0.364637486,232.6406183
966500,47.31999969,0.339418986,232.6535272
966750,46.37799988,0.320921493,232.6829407
967000,41.03499878,0.298962994,232.6911273
967250,36.55399902,0.288607496,232.6888721
967500,38.94699951,0.309315995,232.6798785
967750,45.52899826,0.336675994,232.6934052
968000,47.0329985,0.318879988,232.6920001
968250,39.91699951,0.309163489,232.6823248
968500,49.44199905,0.389145989,232.6474396
968750,60.64899857,0.405092494,232.6884314
969000,54.28999786,0.333220997,232.6847095
969250,41.68199799,0.328825489,232.6974854
969500,54.3389975,0.416980984,232.6872626
969750,67.25699829,0.474412985,232.6417426
970000,75.87899887,0.446174984,232.6644238
970250,63.35199875,0.444724499,232.6741278
970500,70.46499695,0.439455982,232.6454218
970750,67.38699814,0.413355991,232.6571552
971000,59.49999954,0.396742989,232.6686316
971250,59.49999954,0.396742989,232.6686316
971500,62.21199905,0.437685988,232.6531012
971750,71.16799744,0.432055987,232.6579352
972000,53.92999802,0.356389493,232.6871899
972250,52.48900024,0.395904493,232.6741583
972500,67.31799896,0.436864486,232.6928314
972750,62.94899811,0.394021988,232.720116
973000,59.55499908,0.428935995,232.6718457
973250,71.55799744,0.472235488,232.6763904
973500,75.03999817,0.490620977,232.6623761
973750,84.78499725,0.536724477,232.6180859
974000,88.20899811,0.497802987,232.6552979
974250,74.48899658,0.505744989,232.6239441
974500,91.44599609,0.565450492,232.6243347
974750,90.66999542,0.530735488,232.6644391
975000,87.2539975,0.573194978,232.6482281
975250,103.8999979,0.586018498,232.6412683
975500,94.51899719,0.584908979,232.6320935
975750,107.1879974,0.629244494,232.6378937
976000,108.4389957,0.578269987,232.6773132
976250,94.77299896,0.615770977,232.6267426
976500,116.0189975,0.681287982,232.6375232
976750,118.2499954,0.660289993,232.6500531
977000,111.0439993,0.656872988,232.610415
977250,124.0879968,0.708265989,232.6231744
977500,137.2099957,0.70857548,232.606991
977750,137.2099957,0.70857548,232.606991
978000,109.5469965,0.656268983,232.6209851
978250,127.3679968,0.719147983,232.5941162
978500,122.6279977,0.684310973,232.6001288
978750,124.8799985,0.691866474,232.5942444
979000,125.1209979,0.690237494,232.5979419
979250,123.4969986,0.680783474,232.5949463
979500,125.3629971,0.704109473,232.6217944
979750,128.8309979,0.730349975,232.5789398
980000,136.3539972,0.740996983,232.6136548
980250,134.8179968,0.744059482,232.5992267
980500,143.6729987,0.763887477,232.5959918
980750,141.7529944,0.740062475,232.6029944
981000,142.7689972,0.781099477,232.6034509
981250,148.3269971,0.797797003,232.5648438
981500,164.4229944,0.845312974,232.5548645
981750,165.2949976,0.823672991,232.6055396
982000,168.7749969,0.867130992,232.5586926
982250,172.6789948,0.841160474,232.5700134
982500,164.5659973,0.818388984,232.5744977
982750,166.9839935,0.852647495,232.5639001
983000,169.2159961,0.848629484,232.5570007
983250,161.7659937,0.798410475,232.5881854
983500,158.1159985,0.83183497,232.5714404
983750,166.0819952,0.824162495,232.5606036
984000,160.8019934,0.815925472,232.5622247
984250,160.8019934,0.815925472,232.5622247
984500,159.2989984,0.807695475,232.568562
984750,164.7529938,0.838056479,232.5610803
985000,157.8999963,0.772289491,232.5871295
985250,148.2609991,0.796318955,232.5878351
985500,158.8250012,0.815422471,232.553573
985750,157.2499945,0.800439987,232.5559711
986000,170.1939929,0.898895476,232.5469958
986250,195.2299957,0.960759976,232.5245551
986500,201.3799957,0.958535972,232.5320422
986750,192.8250049,0.879702981,232.5723578
987000,178.3290002,0.902827463,232.5699042
987250,173.4269946,0.814831483,232.5811084
987500,165.0749976,0.856309488,232.5506512
987750,179.3529956,0.897338977,232.5364917
988000,184.0099969,0.886504974,232.5369196
988250,180.0699915,0.88480546,232.5371417
988500,189.082995,0.939947975,232.5299451
988750,194.0379932,0.906733959,232.550105
989000,177.7589941,0.861209483,232.5784894
989250,174.2959967,0.848541491,232.570451
989500,164.1899988,0.811860974,232.5883246
989750,161.4190033,0.833810494,232.5716394
990000,164.3419971,0.794192986,232.5495258
990250,145.4959961,0.764371963,232.5985199
990500,140.8959955,0.739901981,232.5719019
990750,140.8959955,0.739901981,232.5719019
991000,137.2159949,0.746418991,232.5889233
991250,146.1449951,0.795614982,232.5880548
991500,154.2019958,0.779529476,232.5964984
991750,147.958996,0.779269488,232.6324689
992000,152.1820001,0.788799481,232.6002191
992250,150.2110028,0.77586946,232.6076038
992500,145.6279962,0.768285494,232.5689215
992750,146.5710004,0.74008249,232.6071613
993000,134.6249957,0.756838486,232.5671918
993250,139.1979956,0.729882977,232.6014343
993500,130.1249994,0.702784986,232.5652893
993750,120.9129987,0.667205985,232.5929865
994000,119.1889978,0.680202982,232.6140131
994250,122.8909982,0.668883977,232.6109204
994500,122.3029987,0.705282481,232.6197626
994750,127.2309958,0.673969979,232.6250873
995000,116.917995,0.678779485,232.6186493
995250,120.5109943,0.646346974,232.6293402
995500,99.46899841,0.613556986,232.615769
995750,108.7679987,0.646676977,232.6322174
996000,118.6309976,0.661722987,232.6136261
996250,112.6129977,0.607004983,232.6239569
996500,106.2409976,0.636282997,232.6245453
996750,108.8579971,0.608111479,232.6278119
997000,96.19999786,0.538645489,232.6643658
997250,96.19999786,0.538645489,232.6643658
997500,84.28499603,0.566854494,232.6478668
997750,101.7389987,0.595368981,232.6412122
998000,98.27799591,0.518195492,232.6651025
998250,73.64099915,0.521082484,232.6620642
998500,87.74199677,0.508415993,232.6538745
998750,71.52199829,0.416865492,232.6799231
999000,55.3069989,0.368909485,232.679787
999250,54.43100052,0.403765991,232.6799634
999500,66.24399994,0.41614099,232.6569763
999750,61.30499954,0.384834989,232.6784576
1000000,52.69099792,0.349602984,232.6764447
1000250,45.35499664,0.321571991,232.6769373
1000500,38.54699799,0.29582499,232.6844031
1000750,41.22799927,0.324032986,232.7108582
1001000,49.46599869,0.392741489,232.6796173
1001250,66.81399872,0.461634488,232.6404797
1001500,77.00799683,0.445102987,232.6707111
1001750,62.05699814,0.401491492,232.6654425
1002000,62.8279982,0.435269989,232.673407
1002250,63.00399826,0.407751493,232.6545294
1002500,54.5829985,0.408192992,232.7024988
1002750,67.05699905,0.451074491,232.7016406
1003000,69.67799774,0.459406987,232.6845538
1003250,75.19999725,0.43625499,232.6742096
1003500,60.1819986,0.410119494,232.6602173
1003750,60.1819986,0.410119494,232.6602173
1004000,65.32799866,0.436647482,232.626377
1004250,63.22099976,0.420510485,232.6839789
1004500,64.60799774,0.440055987,232.6264435
1004750,68.34699768,0.440780985,232.6498822
1005000,63.56799973,0.395666984,232.6561383
1005250,54.00999985,0.397419487,232.6713385
1005500,66.04299835,0.442914985,232.6306964
1005750,59.37799805,0.383696492,232.6230017
1006000,57.34399933,0.385877985,232.6685468
1006250,51.14499817,0.350686488,232.635658
1006500,46.40899918,0.372283491,232.6586719
1006750,66.17399796,0.433458986,232.6777209
1007000,45.87799896,0.313533486,232.6800488
1007250,43.17099899,0.329413983,232.685849
1007500,40.98499939,0.315942496,232.7130664
1007750,45.48399979,0.34428699,232.6701563
1008000,48.4759996,0.356308993,232.659978
1008250,51.37,0.370775989,232.6749182
1008500,50.28699814,0.329052992,232.7013934
1008750,40.49799911,0.321629994,232.6861395
1009000,42.56599884,0.312518482,232.6621118
1009250,38.92199905,0.284209988,232.6859375
1009500,33.0089991,0.283007493,232.70758
1009750,38.22999924,0.298980994,232.6743787
1010000,38.29999924,0.298898996,232.6959125
1010250,38.29999924,0.298898996,232.6959125
1010500,38.53599976,0.32057349,232.693125
1010750,51.17399902,0.407423486,232.647439
1011000,67.14699921,0.454587994,232.6659253
1011250,61.7569989,0.362683492,232.6626685
1011500,45.80999954,0.360189995,232.6523712
1011750,65.00999863,0.486715485,232.632243
1012000,77.15999786,0.479111992,232.6366644
1012250,73.38299866,0.484683484,232.640033
1012500,82.7639975,0.533198476,232.6504327
1012750,89.09199707,0.541951995,232.6464691
1013000,96.52099854,0.570992494,232.6456824
1013250,98.01499725,0.597003489,232.6519769
1013500,106.3099963,0.657093484,232.6300708
1013750,107.8469965,0.597104981,232.6340527
1014000,99.63599854,0.621626985,232.6323297
1014250,111.9969968,0.648957491,232.6337939
1014500,115.277999,0.66276998,232.6006976
1014750,126.9359976,0.749057488,232.5982843
1015000,146.3909973,0.787368965,232.595058
1015250,151.0109967,0.784432468,232.6155286
1015500,154.7939966,0.823217983,232.585058
1015750,165.8689948,0.804294982,232.5716254
1016000,150.838996,0.794267478,232.6019983
1016250,156.5929962,0.808933005,232.5830957
1016500,167.3719971,0.868547986,232.5629938
1016750,167.3719971,0.868547986,232.5629938
1017000,182.2419983,0.907142971,232.5653937
1017250,197.8669965,0.976429472,232.513031
1017500,205.6869965,0.965456474,232.555871
1017750,203.243996,0.964401975,232.5321393
1018000,209.0560034,1.006188967,232.542821
1018250,208.1819977,0.95496347,232.5363037
1018500,200.2019977,0.976248474,232.5185577
1018750,209.0819958,0.984045987,232.5613824
1019000,209.1949957,1.004767978,232.5326111
1019250,218.9759961,1.012006979,232.5220111
1019500,211.2699969,0.994026461,232.4989398
1019750,203.6909961,0.945730994,232.564339
1020000,198.5329932,0.982123473,232.5148212
1020250,211.7229956,0.982652471,232.5147192
1020500,209.2959973,1.012873485,232.5264288
1020750,216.2279913,1.005790987,232.5071222
1021000,207.6160016,0.912780969,232.5769794
1021250,182.2479926,0.957627461,232.53255
1021500,204.2259955,0.964881959,232.5047144
1021750,201.8359943,0.929254987,232.5366986
1022000,184.1389978,0.897464983,232.5443079
1022250,184.0589948,0.899329476,232.561026
1022500,188.3449927,0.907320466,232.5315137
1022750,180.9279962,0.867192485,232.5547375
1023000,164.3099963,0.811373987,232.5737793
1023250,164.3099963,0.811373987,232.5737793
1023500,157.4949957,0.798428476,232.5802014
1023750,157.7899933,0.826428988,232.5550183
1024000,169.2189978,0.853988478,232.5376959
1024250,171.4049963,0.846808984,232.5511713
1024500,167.6819916,0.831683979,232.5446576
1024750,164.5130011,0.819169984,232.5747638
1025000,156.5719952,0.814047463,232.6007379
1025250,168.477998,0.878074977,232.5510657
1025500,180.6659949,0.869316466,232.540788
1025750,169.191994,0.848593495,232.5597723
1026000,178.5979932,0.878824966,232.5479541
1026250,177.2069952,0.848646469,232.5610187
1026500,159.9229956,0.819231486,232.587594
1026750,168.8649951,0.878681982,232.5490436
1027000,186.4769995,0.919343979,232.5356073
1027250,194.3789929,0.949356472,232.5462012
1027500,204.1279956,0.969039962,232.5528827
1027750,196.3869934,0.901127982,232.578819
1028000,173.8910028,0.857541976,232.5806097
1028250,173.0659961,0.867627473,232.5668848
1028500,175.5119971,0.848735478,232.5756909
1028750,153.3529962,0.787349973,232.586264
1029000,151.8629987,0.771816485,232.5524408
1029250,142.312995,0.744153988,232.6113623
1029500,132.567998,0.74303448,232.585921
1029750,132.567998,0.74303448,232.585921
1030000,151.7929962,0.779580979,232.5918445
1030250,137.5939981,0.718277984,232.6016736
1030500,128.655997,0.718865995,232.6233801
1030750,125.6509979,0.683174486,232.6158105
1031000,112.9839954,0.615793471,232.6099945
1031250,103.9339969,0.594107974,232.6015961
1031500,93.2889978,0.544906993,232.6173712
1031750,89.28799622,0.531230495,232.6350037
1032000,87.46299927,0.535505987,232.6416101
1032250,68.60499802,0.431003985,232.667995
1032500,66.81599747,0.429670489,232.6904895
1032750,53.64099915,0.363222486,232.6678979
1033000,58.20299957,0.388454993,232.697807
1033250,42.30199921,0.297627493,232.6594189
1033500,35.80099869,0.285788493,232.7222498
1033750,35.70699921,0.282884493,232.7073779
1034000,34.97699951,0.285518992,232.7199829
1034250,36.67699905,0.281740495,232.6743274
1034500,33.82199867,0.280126495,232.7011804
1034750,33.62400032,0.291139487,232.672962
1035000,47.46399834,0.337249986,232.6553705
1035250,43.99299805,0.305530994,232.6805621
1035500,36.92399872,0.286493485,232.6901147
1035750,35.63999908,0.280027992,232.7006116
1036000,33.58699921,0.283113494,232.6628265
1036250,33.58699921,0.283113494,232.6628265
1036500,35.61399902,0.284063002,232.6804822
1036750,35.38999954,0.287066989,232.6622516
1037000,35.65899948,0.280609989,232.6925409
1037250,33.72899933,0.277843494,232.7199786
1037500,34.09999924,0.289843493,232.683891
1037750,38.39000053,0.287665991,232.704115
1038000,34.37299973,0.281794993,232.6966901
1038250,34.81699966,0.285029495,232.6963043
1038500,36.79899902,0.286432997,232.6800488
1038750,33.7069989,0.279781495,232.7053314
1039000,34.17799927,0.280244492,232.7013263
1039250,34.21799866,0.277539999,232.7015472
1039500,34.63399765,0.28236249,232.672193
1039750,34.16499939,0.280813494,232.6997565
1040000,34.68599945,0.286917495,232.6692261
1040250,39.67699875,0.306133491,232.6786481
1040500,37.15199936,0.287093996,232.6920728
1040750,34.38299919,0.279106494,232.694455
1041000,35.81599922,0.277239,232.6937292
1041250,31.24899895,0.277397493,232.6977783
1041500,34.60999939,0.28085749,232.6825061
1041750,39.90199951,0.312580988,232.6561072
1042000,39.34399963,0.295378489,232.7038977
1042250,35.68200012,0.290915987,232.6796204
1042500,45.02699814,0.376550992,232.6431781
1042750,45.02699814,0.376550992,232.6431781
1043000,52.23499863,0.343445996,232.6713293
1043250,56.89799805,0.470527486,232.6507928
1043500,76.22599701,0.462415489,232.6411768
1043750,68.53199768,0.43322849,232.6549792
1044000,63.51499878,0.446428491,232.6194586
1044250,86.22799927,0.588044479,232.6330322
1044500,93.41399689,0.499756492,232.6546973
1044750,72.14299835,0.491442986,232.6479401
1045000,94.37499756,0.627482989,232.6254327
1045250,109.6969998,0.615452983,232.637644
1045500,111.0579984,0.670555487,232.6306445
1045750,127.2849982,0.694770472,232.6183057
1046000,130.0419968,0.742628486,232.5997784
1046250,131.238996,0.693219497,232.6381567
1046500,115.4329974,0.664762485,232.6151935
1046750,121.8009973,0.721571479,232.6307452
1047000,131.4290002,0.6915675,232.6108966
1047250,124.1979968,0.709172482,232.6501129
1047500,137.9069971,0.748487482,232.6246985
1047750,142.8869983,0.771818974,232.5865881
1048000,140.3049976,0.729873989,232.6388745
1048250,128.9849997,0.704055984,232.6490082
1048500,124.8869992,0.678862982,232.6273712
1048750,124.7119958,0.709204991,232.6337775
1049000,136.0459973,0.763635485,232.5922449
1049250,136.0459973,0.763635485,232.5922449
1049500,145.3229993,0.732937994,232.5961407
1049750,131.5559961,0.727896481,232.5987311
1050000,135.5549957,0.747191482,232.5907947
1050250,139.628999,0.720741994,232.6065063
1050500,124.5679959,0.673580453,232.6073712
1050750,120.0809979,0.68199147,232.6008911
1051000,130.179996,0.683352473,232.6508997
1051250,112.4979965,0.641567979,232.6350909
1051500,113.2479993,0.687942982,232.625907
1051750,129.2779965,0.689050999,232.6227704
1052000,119.0509952,0.692119482,232.6301666
1052250,128.0669965,0.690621994,232.6535309
1052500,121.4439993,0.655734477,232.624801
1052750,115.0669968,0.667056482,232.6597882
1053000,127.8609961,0.736442995,232.632876
1053250,134.8719965,0.730975502,232.6328271
1053500,133.8319971,0.717251978,232.5985944
1053750,130.5159979,0.709503963,232.5714032
1054000,135.0619958,0.76001298,232.5776099
1054250,156.6059924,0.765716972,232.5805786
1054500,127.6709973,0.751093991,232.6000745
1054750,148.2239966,0.775416474,232.5874268
1055000,145.2609955,0.766380472,232.5976099
1055250,145.6429962,0.755735469,232.5993237
1055500,139.4859949,0.735603478,232.5868805
1055750,139.4859949,0.735603478,232.5868805
1056000,135.087998,0.728157465,232.6180414
1056250,131.2249969,0.715677485,232.6619556
1056500,125.8539957,0.712837472,232.6057678
1056750,129.1049966,0.704633484,232.6134009
1057000,125.4759985,0.685450976,232.6205939
1057250,125.3029962,0.705758977,232.5990906
1057500,131.5879932,0.703263481,232.61797
1057750,122.3189987,0.671120989,232.636344
1058000,119.071998,0.691665487,232.6301508
1058250,120.3929971,0.676015975,232.6520984
1058500,115.8649985,0.656441483,232.6125409
1058750,112.8509967,0.673807476,232.5910645
1059000,131.8109979,0.721337984,232.6145386
1059250,131.2369946,0.728378468,232.6109106
1059500,135.2549966,0.769051974,232.5915918
1059750,151.7339984,0.799847991,232.6186304
1060000,160.1599963,0.805826981,232.5769263
1060250,151.5079962,0.755191982,232.6031622
1060500,135.8039984,0.730173969,232.6247693
1060750,138.3019958,0.745784979,232.6151447
1061000,133.5619965,0.740216966,232.6212555
1061250,142.5149951,0.773230486,232.5923059
1061500,139.3829962,0.722537475,232.6349469
1061750,129.0379974,0.710527496,232.6064337
1062000,132.2599963,0.707603486,232.6331219
1062250,132.2599963,0.707603486,232.6331219
1062500,121.9699954,0.682437477,232.6326666
1062750,130.9759991,0.733629982,232.5990338
1063000,130.5329956,0.710658982,232.6397217
1063250,129.0349969,0.716985977,232.6380701
1063500,127.905997,0.691645484,232.6223608
1063750,128.3789969,0.71372998,232.6027557
1064000,123.874996,0.714021485,232.6223138
1064250,149.211994,0.78024148,232.6052112
1064500,149.4169965,0.767299969,232.6148682
1064750,136.4010001,0.704180977,232.6355768
1065000,115.3049982,0.645051484,232.6297131
1065250,110.3749966,0.635931971,232.6441321
1065500,103.9219986,0.602066972,232.6612903
1065750,112.2749988,0.660977986,232.6284149
1066000,116.0359976,0.629132485,232.6418091
1066250,109.3049973,0.649257977,232.6364746
1066500,110.1479987,0.639131989,232.6019287
1066750,109.260997,0.609509482,232.6268451
1067000,92.64699768,0.551016996,232.6406036
1067250,86.8369989,0.529220986,232.6260718
1067500,78.78499817,0.460908989,232.6632574
1067750,70.37699799,0.465079496,232.637298
1068000,80.54399933,0.516211479,232.6238885
1068250,80.49799652,0.486210486,232.6599182
1068500,74.45399933,0.463951488,232.6397455
1068750,74.45399933,0.463951488,232.6397455
1069000,70.47199829,0.455151987,232.659411
1069250,71.44999695,0.471041982,232.662829
1069500,75.31099823,0.453091987,232.6552765
1069750,61.5769986,0.38257399,232.6377545
1070000,51.0969989,0.36586699,232.6594409
1070250,66.27799835,0.478668486,232.6236652
1070500,73.50599579,0.468148986,232.6341064
1070750,59.9239975,0.345427493,232.6955701
1071000,52.25799881,0.407160983,232.6671533
1071250,66.24999756,0.443676487,232.655498
1071500,68.74899857,0.4171065,232.7044293
1071750,54.19299835,0.355267495,232.6585626
1072000,44.86699875,0.305249991,232.6715704
1072250,41.96699966,0.34670949,232.6974677
1072500,57.78499817,0.416224991,232.6593695
1072750,63.19199875,0.391350489,232.6694153
1073000,46.4039978,0.329808493,232.6404663
1073250,42.01099686,0.314731989,232.6769696
1073500,43.69799927,0.32366349,232.6382751
1073750,41.23599899,0.302252493,232.6729224
1074000,36.84199966,0.286964988,232.6971155
1074250,35.72299881,0.294258486,232.6874579
1074500,44.99099884,0.364297491,232.6518451
1074750,50.27499954,0.317883993,232.6586658
1075000,36.68999908,0.298646483,232.670777
1075250,36.68999908,0.298646483,232.670777
1075500,48.2329985,0.380337483,232.6758325
1075750,59.57399857,0.460640996,232.6657068
1076000,74.31200012,0.449505997,232.6612726
1076250,66.45999908,0.411167495,232.6558661
1076500,56.77199829,0.400909487,232.6906989
1076750,60.8019986,0.387281486,232.6320355
1077000,60.76299973,0.438399487,232.654707
1077250,67.24599823,0.453041486,232.6876007
1077500,71.35600067,0.468084992,232.6674237
1077750,75.24099823,0.490356979,232.6705377
1078000,78.39899414,0.484099481,232.6427222
1078250,78.83799896,0.545062488,232.654834
1078500,100.0659991,0.595762994,232.625993
1078750,108.6659973,0.676325979,232.6481622
1079000,121.7119958,0.670810478,232.6718256
1079250,115.9459973,0.695286493,232.6440967
1079500,141.3119968,0.809021466,232.6053479
1079750,166.6059973,0.870453992,232.5885559
1080000,181.6559991,0.887193482,232.539082
1080250,184.9749933,0.916735973,232.5667719
1080500,191.5869946,0.89677897,232.5615454
1080750,174.9859967,0.885941482,232.5574664
1081000,192.4249915,0.920403984,232.5460419
1081250,195.1259943,0.945793467,232.5458569
1081500,201.1689966,0.972473471,232.5309283
1081750,201.1689966,0.972473471,232.5309283
1082000,208.4019989,0.980943975,232.5274109
1082250,209.2659912,0.990134468,232.5200433
1082500,205.4539935,0.969778979,232.5133057
1082750,209.1639948,0.986797459,232.5457007
1083000,209.7569971,0.994416468,232.517002
1083250,205.6619946,0.958779974,232.541969
1083500,200.983996,0.946656473,232.5376666
1083750,194.8739954,0.937379479,232.5368823
1084000,195.4139966,0.930436468,232.5511432
1084250,195.2839966,0.945930476,232.5614246
1084500,201.725,0.958592961,232.5688812
1084750,202.125,0.956637971,232.5955884
1085000,199.0269977,0.942723968,232.5410504
1085250,193.3199976,0.917935479,232.5393445
1085500,187.6809967,0.91964397,232.5503619
1085750,194.2769983,0.940954466,232.5581696
1086000,197.7129987,0.918027472,232.5767719
1086250,182.3269946,0.907961988,232.539433
1086500,198.2789966,0.956351457,232.5154181
1086750,187.8329956,0.901359482,232.5556976
1087000,188.1839954,0.908369975,232.5887439
1087250,184.2299976,0.90046097,232.540755
1087500,194.4809973,0.97446846,232.5184021
1087750,213.6759955,0.997402494,232.5500787
1088000,203.258996,0.932820489,232.5387524
1088250,203.258996,0.932820489,232.5387524
1088500,179.5619971,0.843534493,232.5645862
1088750,166.3169952,0.824393473,232.5616901
1089000,162.6609943,0.846803977,232.5616962
1089250,178.6479956,0.873493967,232.5495288
1089500,163.6519977,0.840609977,232.5734998
1089750,183.3629962,0.922115474,232.5599402
1090000,186.6349969,0.881142986,232.5847485
1090250,182.6269977,0.898720496,232.5932733
1090500,177.2059973,0.846036983,232.6195856
1090750,163.1339948,0.815438995,232.5990326
1091000,159.3169983,0.815233486,232.5968085
1091250,161.4809949,0.817933986,232.5691138
1091500,156.0229974,0.795701983,232.5558978
1091750,155.0509937,0.80106298,232.5637775
1092000,159.7199951,0.810106988,232.5414404
1092250,148.6669952,0.76248096,232.610343
1092500,136.8449954,0.701704996,232.6205048
1092750,123.3939954,0.687458978,232.6014429
1093000,112.5319983,0.61524899,232.6188812
1093250,103.3059982,0.584193482,232.6492188
1093500,97.87899933,0.570078485,232.6456921
1093750,91.2719989,0.516307483,232.6220728
1094000,75.56999817,0.436953491,232.6442419
1094250,59.32499939,0.374202487,232.6536688
1094500,51.45399811,0.355923995,232.6589142
1094750,51.45399811,0.355923995,232.6589142
1095000,41.71899994,0.305850991,232.6619214
1095250,48.7329985,0.360488987,232.6838257
1095500,59.77599838,0.420401995,232.6517151
1095750,55.08299927,0.344398484,232.6822314
1096000,49.48899826,0.347943496,232.6452563
1096250,42.38999878,0.298628993,232.67401
1096500,36.10799911,0.284736991,232.6898053
1096750,35.92899948,0.284416994,232.7082593
1097000,34.57899902,0.280529485,232.7072583
1097250,34.80399918,0.281762995,232.6812433
1097500,32.69299965,0.278817989,232.6960352
1097750,35.45599945,0.279112494,232.6897156
1098000,35.51999916,0.297095993,232.6881946
1098250,38.57199936,0.291235988,232.6843292
1098500,36.03999863,0.275149491,232.682002
1098750,31.96199905,0.275535493,232.6660907
1099000,32.82899933,0.27308799,232.6788983
1099250,33.67299873,0.277112992,232.6759479
1099500,33.17299927,0.273255489,232.6481213
1099750,32.31499908,0.275759488,232.6982898
1100000,33.65699913,0.278867493,232.7116211
1100250,33.42399948,0.282875985,232.6905536
1100500,35.46099884,0.278658494,232.687146
1100750,33.44599968,0.27870199,232.6919598
1101000,35.20499962,0.278067999,232.6979071
1101250,35.20499962,0.278067999,232.6979071
1101500,31.09899864,0.275499494,232.701922
1101750,32.96599907,0.274222493,232.6633081
1102000,34.55299919,0.279368494,232.705426
1102250,31.49299889,0.279179989,232.6797839
1102500,35.37699898,0.28289399,232.6936737
1102750,34.74699974,0.278838499,232.6975311
1103000,32.46199936,0.278426992,232.6993298
1103250,35.46199997,0.276433493,232.6789081
1103500,33.10399857,0.276041996,232.6886896
1103750,34.36099823,0.275585989,232.6904358
1104000,32.22699951,0.276640993,232.6700519
1104250,33.20099869,0.281928494,232.6814337
1104500,36.14199936,0.279660494,232.7148181
1104750,31.44299881,0.279099492,232.698501
1105000,34.12399956,0.277823495,232.6835364
1105250,34.24799896,0.279779497,232.6914838
1105500,34.75599884,0.302469496,232.6966425
1105750,43.15899918,0.311339495,232.6766895
1106000,40.96599869,0.312622497,232.6943768
1106250,43.52500153,0.312335486,232.6866333
1106500,44.10299835,0.373138995,232.684903
1106750,55.48599915,0.372328488,232.6795544
1107000,51.65599854,0.369617485,232.6688184
1107250,57.41799805,0.405197992,232.6554504
1107500,62.07099869,0.421785995,232.6693372
1107750,62.07099869,0.421785995,232.6693372
1108000,70.57199921,0.463716983,232.6263312
1108250,74.66599884,0.513969477,232.6344897
1108500,89.22299835,0.517137985,232.6507385
1108750,85.34299896,0.551329987,232.6303137
1109000,89.61499725,0.484177979,232.6240662
1109250,60.19499954,0.480487987,232.624538
1109500,87.20999847,0.515344487,232.6397845
1109750,86.83700043,0.543632987,232.6298907
1110000,96.66399872,0.62429348,232.6177441
1110250,114.8809955,0.658139501,232.6342401
1110500,112.3059979,0.629908996,232.6371063
1110750,100.2939999,0.573246493,232.6374243
1111000,95.82899841,0.559774475,232.6231482
1111250,96.1769986,0.594476478,232.611803
1111500,106.2649939,0.636460989,232.6187384
1111750,112.8459979,0.644807994,232.6349548
1112000,111.0579987,0.67388998,232.5881946
1112250,127.6079962,0.725632,232.5889874
1112500,137.8889978,0.751057985,232.6088672
1112750,141.9559973,0.756247997,232.620025
1113000,140.2169983,0.749237478,232.6131207
1113250,139.9249976,0.760681982,232.589635
1113500,144.5429987,0.769560478,232.5946832
1113750,154.8019965,0.826405482,232.5695209
1114000,166.9009979,0.836407981,232.5580829
1114250,166.9009979,0.836407981,232.5580829
1114500,167.2919958,0.812683978,232.5689398
1114750,154.3839966,0.796792474,232.5596265
1115000,157.5879968,0.820331476,232.5592664
1115250,167.8339948,0.831062493,232.5620569
1115500,160.838996,0.830858474,232.5794751
1115750,175.4969946,0.882632484,232.5466833
1116000,187.387995,0.908185461,232.5555377
1116250,185.5779968,0.927736483,232.5468103
1116500,205.4519971,1.002816472,232.5359479
1116750,207.9419965,0.987788467,232.5463043
1117000,219.0509949,1.034303498,232.5121375
1117250,218.6289935,1.033314476,232.5404004
1117500,220.5409937,1.033238487,232.5232489
1117750,222.1659924,1.027840981,232.5574823
1118000,214.1629944,1.019783967,232.5365271
1118250,220.4959949,1.035833983,232.5248254
1118500,220.651991,1.033778954,232.5184656
1118750,221.1639886,1.03257998,232.5305634
1119000,220.150993,1.032499466,232.5237311
1119250,219.460993,1.018183951,232.5121075
1119500,209.8719965,0.959926975,232.5666113
1119750,200.6149963,0.95834048,232.5590021
1120000,199.9519958,0.954259987,232.5281299
1120250,204.3540002,0.982297978,232.5185785
1120500,208.9079993,0.999846485,232.5555383
1120750,208.9079993,0.999846485,232.5555383
1121000,206.7759961,0.935941465,232.5511768
1121250,191.3499939,0.926936476,232.5451453
1121500,199.8549939,0.973456485,232.5326904
1121750,196.0659955,0.889412966,232.5777075
1122000,182.8929968,0.920922966,232.552818
1122250,189.6569952,0.909805,232.5883301
1122500,184.1059991,0.883851473,232.5795532
1122750,169.0059955,0.817379961,232.5921393
1123000,172.3079968,0.892928486,232.5568274
1123250,176.7169958,0.83023447,232.5605792
1123500,164.0019995,0.830734966,232.6000012
1123750,159.4159985,0.791621997,232.5892102
1124000,153.7529987,0.820586481,232.6136584
1124250,157.282998,0.776957979,232.5897449
1124500,144.1799982,0.763311965,232.6002264
1124750,141.097998,0.736197472,232.6067303
1125000,130.6109967,0.686430986,232.6300732
1125250,126.7929984,0.708093972,232.6001837
1125500,110.7839996,0.578070486,232.6586652
1125750,90.92499695,0.57644299,232.6495782
1126000,90.93699921,0.495507487,232.650011
1126250,72.34899811,0.490845984,232.6757312
1126500,76.46899841,0.48603598,232.6726349
1126750,77.46099762,0.470372492,232.6526422
1127000,68.25799789,0.389871994,232.6889233
1127250,68.25799789,0.389871994,232.6889233
1127500,52.39699982,0.372167982,232.656803
1127750,53.72299866,0.361378496,232.6336005
1128000,47.3089975,0.36189449,232.6595367
1128250,47.42699997,0.324234489,232.6829382
1128500,50.06299866,0.41623449,232.6661115
1128750,62.85699844,0.3830785,232.6810516
1129000,47.76399826,0.310149494,232.6931805
1129250,35.30899933,0.285695492,232.7155597
1129500,37.71499863,0.29878899,232.6619385
1129750,39.85199921,0.301523993,232.6834827
1130000,35.9089991,0.285649494,232.6850262
1130250,36.51899887,0.281368492,232.7135529
1130500,33.39699928,0.281329993,232.6958032
1130750,34.67799904,0.280926998,232.7069867
1131000,36.29499916,0.284660488,232.6959863
1131250,34.01899933,0.284645492,232.6598181
1131500,35.82199982,0.28449299,232.6978418
1131750,35.96999939,0.287284993,232.6804749
1132000,36.40100052,0.287486495,232.6608337
1132250,35.39999908,0.286126491,232.6789795
1132500,33.66399971,0.282220495,232.6877484
1132750,38.13400024,0.288313493,232.6979205
1133000,33.19799957,0.281698488,232.6937225
1133250,34.96699905,0.281579496,232.6820422
1133500,36.19599937,0.282281996,232.700379
1133750,36.19599937,0.282281996,232.700379
1134000,33.0879995,0.289324995,232.7097461
1134250,37.98600067,0.284095989,232.7165381
1134500,35.22499893,0.285990993,232.6839465
1134750,33.99199921,0.284339496,232.6946185
1135000,36.04299927,0.281349493,232.6801624
1135250,33.96499908,0.279833992,232.692782
1135500,34.34899826,0.277794993,232.66633
1135750,34.15399918,0.283127991,232.658681
1136000,34.75099907,0.279637489,232.6608521
1136250,37.62399864,0.319507983,232.6941388
1136500,46.03499939,0.330523994,232.6964453
1136750,44.15099991,0.35092499,232.6750995
1137000,53.91099823,0.399063494,232.6870117
1137250,56.08299789,0.425476996,232.6735956
1137500,69.63999847,0.444351994,232.6506653
1137750,70.15199799,0.46439548,232.6617291
1138000,77.39599792,0.453675491,232.6447949
1138250,61.4469989,0.426630988,232.663819
1138500,63.13599777,0.434896992,232.6463684
1138750,63.18499847,0.439427992,232.6757135
1139000,70.6159967,0.497595997,232.6424426
1139250,87.50799744,0.534035475,232.6228748
1139500,92.3869986,0.545265977,232.6133765
1139750,85.79599792,0.608888981,232.6314099
1140000,117.8419946,0.662267985,232.5922736
1140250,117.8419946,0.662267985,232.5922736
1140500,108.3999979,0.606191974,232.6097296
1140750,100.5130005,0.584208493,232.668288
1141000,98.64400391,0.592539995,232.6381622
1141250,112.6809976,0.683081486,232.6229303
1141500,131.3249997,0.731624472,232.6099957
1141750,130.5709979,0.733852971,232.6070038
1142000,136.0959961,0.732344975,232.5731299
1142250,134.9509967,0.726816475,232.5812067
1142500,132.703996,0.722520494,232.5982275
1142750,134.4919965,0.722839973,232.6021692
1143000,132.4749976,0.741135986,232.5673926
1143250,139.8359961,0.760738485,232.5893048
1143500,143.9369995,0.760060971,232.590072
1143750,144.4969958,0.777237487,232.5938812
1144000,156.1859973,0.80620548,232.5731372
1144250,159.366994,0.835391982,232.5800409
1144500,177.0259979,0.879938974,232.5691864
1144750,173.8679932,0.867341979,232.5752899
1145000,184.9279944,0.915387483,232.5366022
1145250,180.6689978,0.854149976,232.5569403
1145500,171.6809979,0.868938475,232.5720923
1145750,181.4849963,0.920269477,232.5589929
1146000,203.546994,0.960862501,232.5500903
1146250,190.9949951,0.917188969,232.5842175
1146500,197.7339923,0.952328978,232.5714417
1146750,197.7339923,0.952328978,232.5714417
1147000,176.9779901,0.847460978,232.5645551
1147250,179.1679944,0.914895482,232.5464105
1147500,188.7319995,0.91644798,232.5298895
1147750,199.7599988,0.972014978,232.5244348
1148000,195.5489978,0.919673471,232.5453558
1148250,199.4289966,0.983196969,232.5506989
1148500,195.7269971,0.89960746,232.5850336
1148750,177.6309979,0.85016196,232.5455035
1149000,169.2989978,0.859780474,232.554928
1149250,185.2669934,0.914791498,232.5550171
1149500,181.5359985,0.858394978,232.5775641
1149750,170.8049963,0.861776462,232.5741797
1150000,172.9699982,0.842701981,232.553418
1150250,167.3049884,0.83523797,232.5540503
1150500,168.9589941,0.842855973,232.5424677
1150750,175.1449945,0.878891966,232.5666815
1151000,183.8459943,0.904376459,232.6031689
1151250,181.9109979,0.861028996,232.5812592
1151500,171.5789917,0.866338472,232.5630194
1151750,180.1499969,0.890655978,232.5590356
1152000,185.8099927,0.894076974,232.5710559
1152250,174.6220007,0.836653988,232.5673761
1152500,165.3699921,0.825011461,232.5611786
1152750,166.9739996,0.845043986,232.5748993
1153000,171.1410004,0.861106973,232.5816089
1153250,171.1410004,0.861106973,232.5816089
1153500,163.2879956,0.794061961,232.5934113
1153750,149.9669971,0.80319397,232.5666901
1154000,151.3429956,0.742810969,232.5970984
1154250,129.265997,0.704564984,232.6084338
1154500,132.5539996,0.744978471,232.6299542
1154750,151.3209967,0.825643985,232.5816345
1155000,157.6789954,0.763372476,232.5904565
1155250,130.1389969,0.712496977,232.6172754
1155500,131.79,0.73673949,232.5989136
1155750,127.162998,0.669941499,232.6249359
1156000,120.3349994,0.676054974,232.6118933
1156250,120.9599991,0.661442475,232.6039557
1156500,123.1379944,0.722731974,232.5903723
1156750,133.8189966,0.736061473,232.5876581
1157000,136.238996,0.714107494,232.5895947
1157250,131.0219968,0.736509488,232.6084259
1157500,142.4109961,0.75860148,232.6063446
1157750,136.6619952,0.710962484,232.5966638
1158000,124.4579987,0.695347984,232.5991614
1158250,122.3009973,0.689284492,232.6330017
1158500,120.8009976,0.640956473,232.6536676
1158750,106.3339969,0.653219984,232.6140997
1159000,102.502998,0.535101986,232.655202
1159250,86.28299805,0.576919491,232.6634186
1159500,106.738996,0.618889987,232.6572198
1159750,106.738996,0.618889987,232.6572198
1160000,104.3539996,0.579421985,232.6379999
1160250,94.13199829,0.55486799,232.6459369
1160500,94.75499817,0.612034976,232.6613226
1160750,108.3349969,0.62111398,232.6446014
1161000,104.7919968,0.593031991,232.6212744
1161250,99.42699768,0.556645982,232.6479388
1161500,90.88399963,0.567882481,232.6446259
1161750,94.16999664,0.539650998,232.6490509
1162000,88.875,0.552621987,232.648252
1162250,88.875,0.547315981,232.6591071
1162500,83.93699921,0.51439399,232.6665692
1162750,82.05099823,0.480629979,232.6433051
1163000,69.96399872,0.438889484,232.6408661
1163250,66.30099945,0.439452993,232.6662659
1163500,70.73899872,0.459080982,232.6729773
1163750,67.44599792,0.430200484,232.68237
1164000,61.02499878,0.453577986,232.6677051
1164250,72.23099976,0.444881494,232.702265
1164500,58.04799835,0.378203491,232.6838354
1164750,58.99499832,0.429089495,232.6676166
1165000,69.85099854,0.422097486,232.6856091
1165250,52.58399918,0.388622986,232.6926898
1165500,68.89,0.461963487,232.6835718
1165750,69.76000153,0.447076985,232.6837531
1166000,68.20199768,0.44415398,232.682019
1166250,68.20199768,0.44415398,232.682019
1166500,70.45699982,0.428875493,232.6904425
1166750,58.28899918,0.406878985,232.6644104
1167000,63.5769989,0.411877489,232.6659058
1167250,50.30599854,0.352395499,232.6817694
1167500,56.35099823,0.454193491,232.6497534
1167750,81.64299927,0.538585985,232.6733392
1168000,85.12999847,0.530378487,232.6478351
1168250,90.96799835,0.544059489,232.6548517
1168500,79.27699738,0.446082491,232.662713
1168750,65.68699799,0.435900992,232.6662592
1169000,67.06399841,0.416108986,232.6571613
1169250,53.84399887,0.367933491,232.6745154
1169500,61.09999771,0.416387992,232.6793524
1169750,49.95299881,0.323039999,232.6797473
1170000,43.34899994,0.325870486,232.6701874
1170250,43.52599884,0.315189489,232.6870667
1170500,41.04799805,0.300460494,232.7172675
1170750,41.86999924,0.32031999,232.7046252
1171000,41.02199997,0.292527487,232.709444
1171250,36.4669989,0.28844999,232.7299854
1171500,35.25100037,0.288678492,232.7130573
1171750,39.62100052,0.300684489,232.6732196
1172000,46.54700089,0.356129487,232.6698407
1172250,48.01799957,0.313766984,232.6554675
1172500,40.81799774,0.317489992,232.6708258
1172750,40.81799774,0.317489992,232.6708258
1173000,48.9409993,0.382017479,232.6777136
1173250,63.0929982,0.435490481,232.6706903
1173500,50.94399994,0.313086995,232.6825555
1173750,38.36899933,0.302685499,232.6800342
1174000,48.67099838,0.396447492,232.6618414
1174250,62.18699936,0.425518498,232.6455389
1174500,62.8689978,0.388902998,232.6638025
1174750,59.62899902,0.441250997,232.6781702
1175000,69.27299866,0.458235484,232.678172
1175250,77.50999664,0.521800987,232.672948
1175500,74.32199738,0.428910989,232.6610431
1175750,70.31399826,0.52800499,232.6464819
1176000,85.20599518,0.538992481,232.625224
1176250,95.43599731,0.595185983,232.641626
1176500,102.4689978,0.603009479,232.6451404
1176750,99.50199677,0.573450484,232.6544666
1177000,101.3019998,0.600634992,232.6150494
1177250,100.1039966,0.566827979,232.6225635
1177500,99.36999939,0.62323648,232.6228015
1177750,111.624996,0.656397493,232.6296838
1178000,111.6979993,0.636687486,232.6395319
1178250,107.9599991,0.609099479,232.6251556
1178500,113.3549982,0.686197474,232.621355
1178750,132.5119968,0.757417984,232.5948596
1179000,131.3619937,0.640006979,232.6234796
1179250,131.3619937,0.640006979,232.6234796
1179500,101.1379977,0.629678485,232.642019
1179750,110.8589981,0.649293482,232.6110504
1180000,110.6969989,0.623371489,232.6416504
1180250,114.4969958,0.698740487,232.6362329
1180500,130.6989972,0.700255969,232.6040424
1180750,122.1729959,0.694992986,232.6169635
1181000,134.3949979,0.778866484,232.6146655
1181250,155.8399945,0.808495986,232.6127197
1181500,157.4789972,0.780437486,232.6173462
1181750,150.5029956,0.776790476,232.5961627
1182000,155.2479993,0.813004479,232.5810114
1182250,162.0499939,0.787119479,232.6064178
1182500,148.437998,0.82233597,232.6214276
1182750,167.5489954,0.835610983,232.5870026
1183000,164.9689941,0.806733487,232.5800104
1183250,153.9359955,0.794928482,232.6115637
1183500,160.0999982,0.816932485,232.5933948
1183750,161.1709943,0.822376986,232.6071277
1184000,159.4119977,0.795002983,232.6050891
1184250,148.6369971,0.796144974,232.6214496
1184500,155.842995,0.799150991,232.604978
1184750,154.7479999,0.797127993,232.6110901
1185000,155.9669958,0.787709973,232.6026825
1185250,154.0609979,0.797251971,232.5880267
1185500,163.5319952,0.852255483,232.5757935
1185750,163.5319952,0.852255483,232.5757935
1186000,175.9679974,0.886344984,232.5628082
1186250,186.3829956,0.899599967,232.5766327
1186500,187.577995,0.90750298,232.5946967
1186750,187.7099945,0.907460985,232.5879333
1187000,191.0489972,0.92013598,232.5388098
1187250,197.5539917,0.97191299,232.5359393
1187500,211.9529962,0.988542476,232.526145
1187750,197.5599951,0.925738473,232.5630902
1188000,190.748996,0.927704973,232.5631378
1188250,195.166001,0.91369499,232.5861218
1188500,181.6979974,0.888391478,232.5909796
1188750,185.3129968,0.885347984,232.5911713
1189000,178.6329956,0.874343486,232.564754
1189250,178.2309979,0.874684467,232.5869635
1189500,176.428996,0.875901968,232.5690106
1189750,181.8109961,0.887886477,232.5424573
1190000,178.1919971,0.865552993,232.5803949
1190250,175.727998,0.854029481,232.6133069
1190500,164.7369965,0.816025493,232.573241
1190750,157.2480005,0.784922976,232.5964166
1191000,150.6829993,0.766189985,232.5926172
1191250,146.0309967,0.78841449,232.6090973
1191500,158.9859973,0.805328975,232.5660406
1191750,150.0699933,0.763323984,232.5883356
1192000,142.8899982,0.74750349,232.6144824
1192250,142.8899982,0.74750349,232.6144824
1192500,134.9539978,0.720613987,232.6016687
1192750,127.6619958,0.688802967,232.6248187
1193000,116.5969983,0.659495988,232.6434595
1193250,117.9289966,0.657696989,232.6427454
1193500,98.8139978,0.55655098,232.6487952
1193750,96.95399811,0.569910979,232.615578
1194000,86.10099823,0.4989535,232.6213385
1194250,80.98399567,0.488812482,232.6365936
1194500,77.79699829,0.486991986,232.6630652
1194750,80.3039978,0.486388992,232.6549548
1195000,66.59999832,0.40479799,232.6509229
1195250,52.80899811,0.345991486,232.6909375
1195500,44.34199936,0.331550995,232.7068683
1195750,51.8109993,0.393423494,232.6413696
1196000,59.49399902,0.389103982,232.6483228
1196250,58.20299896,0.375013493,232.6764026
1196500,45.36999893,0.365386484,232.6617548
1196750,57.76799881,0.407462488,232.6290753
1197000,58.90899857,0.408757488,232.6673285
1197250,63.69699768,0.416535997,232.6679132
1197500,59.5409993,0.380488993,232.680531
1197750,62.90499847,0.422258489,232.6623712
1198000,49.3879985,0.320364985,232.6621771
1198250,42.4389978,0.322678493,232.6770563
1198500,43.05099884,0.349388493,232.6752405
1198750,43.05099884,0.349388493,232.6752405
1199000,62.56299744,0.450983487,232.6470026
1199250,62.35899963,0.402665489,232.6431396
1199500,56.75799973,0.36162699,232.655993
1199750,42.21999878,0.324157984,232.6691785
1200000,50.66199966,0.404889486,232.6360974
1200250,53.99399826,0.337165489,232.6556555
1200500,45.94799881,0.340286494,232.6768176
1200750,46.29299835,0.326172491,232.6578241
1201000,42.06699829,0.310360489,232.6958099
1201250,43.08499847,0.334336987,232.6793073
1201500,45.27199799,0.323721999,232.6929205
1201750,45.74699829,0.348817993,232.6619556
1202000,44.36399803,0.3026825,232.6917139
1202250,41.78999855,0.340596992,232.6981244
1202500,39.325,0.295649995,232.7257428
1202750,43.52899933,0.352414992,232.6681927
1203000,50.35999863,0.371409491,232.6438586
1203250,48.21499893,0.333215487,232.6743237
1203500,55.04299881,0.404013002,232.6858093
1203750,55.10799957,0.35134549,232.6668433
1204000,48.47999954,0.356775991,232.6828894
1204250,54.30100006,0.417003489,232.6636017
1204500,71.40299744,0.500217483,232.6923395
1204750,72.47499817,0.433846979,232.693941
1205000,69.81000031,0.487163993,232.6388824
1205250,69.81000031,0.487163993,232.6388824
1205500,80.60799896,0.469825991,232.6564246
1205750,67.40899933,0.425688492,232.6700909
1206000,63.04099915,0.441054491,232.6617542
1206250,71.01399811,0.454940492,232.6462701
1206500,69.02899902,0.473365488,232.6541278
1206750,82.23699707,0.549199483,232.648786
1207000,99.34100006,0.60465899,232.637323
1207250,106.7889975,0.577588475,232.6210504
1207500,87.12499756,0.503324989,232.6268738
1207750,81.90199463,0.528132484,232.6389465
1208000,82.73399902,0.49769099,232.6610309
1208250,75.28699982,0.48554849,232.6840277
1208500,85.30299744,0.578461993,232.633891
1208750,99.06499725,0.514647987,232.6701215
1209000,77.76299652,0.552477489,232.6323462
1209250,100.6729974,0.636275475,232.6529846
1209500,106.2739941,0.581581979,232.6468896
1209750,89.05699799,0.550658989,232.594425
1210000,102.1149966,0.656295481,232.6269849
1210250,119.1049979,0.648051472,232.6327722
1210500,107.8859955,0.575655482,232.6662335
1210750,95.99799774,0.612482984,232.6534113
1211000,106.1409976,0.641952002,232.6145313
1211250,109.1809982,0.614422991,232.6332849
1211500,96.91999817,0.584935491,232.6387463
1211750,96.91999817,0.584935491,232.6387463
1212000,103.6919968,0.626523983,232.6283136
1212250,111.0259985,0.630822489,232.6289703
1212500,106.4279977,0.620358489,232.6378986
1212750,108.2779993,0.62281049,232.6422089
1213000,107.6729987,0.650181487,232.6286981
1213250,112.4439972,0.627898993,232.6339209
1213500,107.3809973,0.638241491,232.6447876
1213750,116.5829971,0.681874492,232.627644
1214000,126.0639969,0.716553476,232.6322357
1214250,130.5779999,0.720169981,232.588819
1214500,131.3480011,0.73997648,232.5979462
1214750,138.9539972,0.698767989,232.6318604
1215000,115.982999,0.71505547,232.6112329
1215250,142.0199957,0.712811491,232.6007452
1215500,131.1909988,0.765135982,232.5973792
1215750,154.5029932,0.799565494,232.5776337
1216000,150.308996,0.780513992,232.585874
1216250,154.4489972,0.810254974,232.575307
1216500,163.8019952,0.81657248,232.5660486
1216750,157.0509949,0.789849472,232.5878345
1217000,151.0479968,0.789459472,232.6045197
1217250,158.0739966,0.79938549,232.5721942
1217500,149.4969965,0.770335982,232.5806421
1217750,147.3209961,0.796044483,232.5766974
1218000,161.6999933,0.841545966,232.5951782
1218250,161.6999933,0.841545966,232.5951782
1218500,166.9519965,0.82361398,232.5926178
1218750,163.0269965,0.81224998,232.5712091
1219000,161.5189935,0.824941471,232.5707593
1219250,165.1139972,0.817012,232.5578833
1219500,153.8649982,0.805071485,232.6038574
1219750,162.9839966,0.831689985,232.579043
1220000,166.4559955,0.825951986,232.5521503
1220250,166.162998,0.844088986,232.5426556
1220500,173.7679974,0.850414476,232.5629242
1220750,167.3349902,0.832918475,232.5876416
1221000,166.107995,0.848907473,232.5870441
1221250,174.2159943,0.84809598,232.5821796
1221500,162.8289972,0.821693976,232.5673224
1221750,163.1449969,0.821580477,232.563385
1222000,168.5309949,0.840130475,232.5861792
1222250,166.0729926,0.82488898,232.6007697
1222500,152.2590009,0.773098977,232.5901379
1222750,145.4309943,0.762982481,232.6074255
1223000,138.2959973,0.725915961,232.5938745
1223250,133.4119983,0.730780468,232.6356732
1223500,137.6449945,0.743548479,232.6121539
1223750,138.4589954,0.738267984,232.6191125
1224000,134.1209973,0.728840971,232.6132166
1224250,129.1179971,0.727223978,232.6021075
1224500,142.2619958,0.747246468,232.6106427
1224750,142.2619958,0.747246468,232.6106427
1225000,130.3189972,0.693740492,232.6251929
1225250,126.7339975,0.685186489,232.6228558
1225500,119.0459949,0.650275984,232.6079944
1225750,117.2569995,0.667924476,232.6313861
1226000,117.6899979,0.646693001,232.6546362
1226250,112.2449969,0.678936994,232.6285602
1226500,128.783996,0.715742481,232.6197461
1226750,120.0549966,0.637135983,232.6009619
1227000,106.4219971,0.619714489,232.6245282
1227250,110.6669965,0.614349504,232.6180774
1227500,94.13599823,0.541521993,232.6306366
1227750,92.35299988,0.586257987,232.6492596
1228000,99.86699768,0.592244482,232.6574103
1228250,94.89299683,0.581741996,232.6369299
1228500,88.56299835,0.507477489,232.6515857
1228750,81.3819986,0.50809149,232.6554767
1229000,75.6059967,0.443390487,232.653656
1229250,64.04799759,0.437349491,232.6954486
1229500,75.05299744,0.504532481,232.6469629
1229750,80.8259967,0.482939988,232.6723383
1230000,69.65199799,0.46973549,232.6312762
1230250,70.58799835,0.443725985,232.6534119
1230500,68.81599884,0.447233989,232.6593872
1230750,72.09399841,0.491141493,232.630929
1231000,69.34199829,0.388877997,232.6785785
1231250,69.34199829,0.388877997,232.6785785
1231500,55.32399902,0.425600984,232.6723517
1231750,69.50599915,0.448255996,232.6522906
1232000,64.80999786,0.436074989,232.6442188
1232250,67.88899841,0.464476486,232.6245618
1232500,66.50299744,0.40536599,232.6663947
1232750,62.92499878,0.46934599,232.664624
1233000,69.44399902,0.40693499,232.6605756
1233250,56.54099823,0.412578487,232.6592676
1233500,53.3369989,0.361445487,232.6755609
1233750,53.52299805,0.414176987,232.6724878
1234000,63.75999832,0.404997985,232.6986829
1234250,49.56599899,0.321843491,232.6960742
1234500,44.88399902,0.388502492,232.6804822
1234750,61.90999863,0.413000497,232.6545392
1235000,61,0.410868486,232.6688892
1235250,61,0.418910487,232.6855542
1235500,58.27299957,0.383887997,232.6884485
1235750,51.44099854,0.347459484,232.6895239
1236000,43.27499863,0.312781492,232.683938
1236250,48.35499893,0.382338496,232.6808893
1236500,59.81999832,0.384440489,232.6801617
1236750,56.48199844,0.424628491,232.6484589
1237000,69.95399841,0.467694988,232.6673798
1237250,70.11699738,0.46433149,232.6366034
1237500,67.24299789,0.412957993,232.6384344
1237750,67.24299789,0.412957993,232.6384344
1238000,55.42999832,0.359991996,232.6403467
1238250,56.15599915,0.446454979,232.6524799
1238500,73.3769986,0.44138499,232.6549396
1238750,66.71799927,0.497988491,232.6546771
1239000,89.74099976,0.559662492,232.6273212
1239250,90.16699799,0.539957986,232.6603693
1239500,84.88899719,0.510956488,232.6613293
1239750,80.0099939,0.491774487,232.650033
1240000,81.41299835,0.533871498,232.6361377
1240250,88.87599823,0.53762599,232.6498425
1240500,88.00100098,0.516008489,232.6637244
1240750,79.22799988,0.56241148,232.6703387
1241000,92.77499603,0.523407482,232.6610748
1241250,74.4269989,0.498962994,232.6585223
1241500,88.9589978,0.533337989,232.6326178
1241750,88.8019989,0.562148995,232.6379694
1242000,95.80799805,0.588224978,232.6346271
1242250,101.1729977,0.600789986,232.6410522
1242500,98.12199799,0.596085982,232.6214343
1242750,102.8579984,0.617293985,232.6270099
1243000,115.4589981,0.638729982,232.6455371
1243250,106.2619983,0.634195991,232.6346643
1243500,113.2659982,0.649779491,232.6462109
1243750,106.9909979,0.628174984,232.6559381
1244000,108.7639966,0.665035982,232.6284418
1244250,108.7639966,0.665035982,232.6284418
1244500,118.1229974,0.646619487,232.620755
1244750,109.7619989,0.641418991,232.6209473
1245000,127.6040005,0.691657491,232.6163702
1245250,116.7379977,0.685103974,232.6161859
1245500,135.5759961,0.76902148,232.5944995
1245750,159.278999,0.801870484,232.5961389
1246000,147.9209973,0.788908479,232.6070654
1246250,162.3999976,0.820289989,232.5983612
1246500,164.3019995,0.840807977,232.579809
1246750,175.7759967,0.878854976,232.5522656
1247000,180.2729944,0.879376483,232.5548108
1247250,178.4169958,0.866889482,232.5583374
1247500,174.5219995,0.869425988,232.5942651
1247750,183.523996,0.890569983,232.5685327
1248000,181.0829962,0.881959968,232.5630005
1248250,184.8409979,0.902500982,232.5799231
1248500,186.1019977,0.915903475,232.5536249
1248750,193.4999957,0.927289484,232.5593433
1249000,195.1789929,0.931516466,232.5737927
1249250,191.3269977,0.901837981,232.5455298
1249500,174.2029968,0.849801981,232.588009
1249750,178.0799982,0.892044487,232.5630579
1250000,180.1239911,0.881548958,232.5627771
1250250,183.3079938,0.891376975,232.5929474
1250500,178.996001,0.866727479,232.5394415
1250750,178.996001,0.866727479,232.5394415
1251000,179.0049945,0.858135989,232.5597852
1251250,163.846994,0.825510485,232.5542023
1251500,172.1179938,0.865738993,232.5656763
1251750,178.4219995,0.875523982,232.5724426
1252000,171.8649927,0.851816478,232.5480353
1252250,174.6899982,0.859047465,232.5769958
1252500,176.3199982,0.878702967,232.5423047
1252750,174.183996,0.842194488,232.5603601
1253000,164.8979974,0.809852965,232.5671936
1253250,145.0699951,0.732714489,232.6161633
1253500,149.5629956,0.818816986,232.5732263
1253750,161.522998,0.803582971,232.6029614
1254000,152.0279974,0.773119502,232.592691
1254250,146.2039972,0.776461978,232.6001965
1254500,161.8889929,0.841242962,232.5766589
1254750,167.297995,0.808367991,232.5923212
1255000,156.3969989,0.79539947,232.5819452
1255250,148.1129962,0.77024399,232.5841296
1255500,153.2419977,0.829763472,232.6003864
1255750,161.4909943,0.796301479,232.5761316
1256000,151.8409979,0.780384982,232.5929083
1256250,141.8779999,0.729574971,232.6059222
1256500,139.2309985,0.757392483,232.5791937
1256750,138.173999,0.703496976,232.6016431
1257000,119.9659988,0.663746982,232.6197388
1257250,119.9659988,0.663746982,232.6197388
1257500,118.0709964,0.681713481,232.6073401
1257750,118.770997,0.674526489,232.6292273
1258000,114.1309961,0.6142295,232.6263605
1258250,105.0249969,0.606125979,232.6263379
1258500,100.9269962,0.57222548,232.6536438
1258750,95.67499634,0.552349985,232.6182983
1259000,83.65499725,0.456162987,232.6495123
1259250,67.01199783,0.461853485,232.6617285
1259500,76.54499878,0.50491749,232.6342749
1259750,82.16399963,0.513909996,232.6484259
1260000,75.26799774,0.427454993,232.6716241
1260250,57.32899796,0.413982985,232.6745941
1260500,57.98199799,0.365272988,232.6890271
1260750,45.60899887,0.305852993,232.6739618
1261000,38.04999939,0.328388493,232.6626093
1261250,46.91899948,0.316497991,232.659826
1261500,48.11599945,0.365612482,232.6476428
1261750,47.6509993,0.330840495,232.6651147
1262000,41.4109993,0.30412899,232.6809125
1262250,39.36699875,0.300990988,232.6470819
1262500,37.81399887,0.291125996,232.675553
1262750,38.86399933,0.309002995,232.6624487
1263000,40.26899963,0.29500199,232.673385
1263250,37.1669989,0.289787992,232.6742902
1263500,35.17099884,0.287187991,232.6605609
1263750,35.17099884,0.287187991,232.6605609
1264000,37.01599899,0.287401992,232.6791638
1264250,37.8009996,0.289241991,232.6939709
1264500,34.68099945,0.290033993,232.6852533
1264750,40.7159993,0.308431993,232.6600195
1265000,40.86099899,0.294399494,232.6767853
1265250,36.23399994,0.291282495,232.6658417
1265500,39.795,0.309304492,232.6691937
1265750,41.11899841,0.300272493,232.648266
1266000,35.76899872,0.283800495,232.653996
1266250,36.10699966,0.285954496,232.6650427
1266500,35.55800034,0.285504994,232.6527954
1266750,35.87799896,0.279485997,232.68073
1267000,33.23499893,0.281048987,232.6911212
1267250,36.22499901,0.276593997,232.6709808
1267500,33.21499893,0.277373995,232.7003625
1267750,34.22999886,0.28151549,232.6732593
1268000,36.12399879,0.28238399,232.6966388
1268250,33.7359993,0.282522489,232.6784576
1268500,38.29199921,0.318083997,232.6781219
1268750,48.63999878,0.324256986,232.6674518
1269000,38.34099869,0.308838499,232.6715875
1269250,41.09599854,0.301492993,232.7033698
1269500,36.33299881,0.288851492,232.6727484
1269750,38.3740004,0.28480599,232.6739691
1270000,39.96899925,0.352941493,232.6727063
1270250,39.96899925,0.352941493,232.6727063
1270500,52.8959996,0.391895987,232.6800092
1270750,62.15999893,0.473383484,232.6532098
1271000,75.37299881,0.438472495,232.6786774
1271250,35.7759985,0.219778995,232.6849622
1271500,17.01099968,0.1930305,232.7096674
1271750,16.08099976,0.191748498,232.7228748
1272000,16.63199986,0.191588992,232.729361
1272250,16.83399971,0.191263496,232.703988
1272500,16.00399986,0.191165995,232.7011206
1272750,16.7679998,0.191334998,232.6775775
1273000,16.66199974,0.191656495,232.7127783
1273250,17.39999962,0.198644496,232.6792023
1273500,17.8459996,0.206546993,232.6974548
1273750,18.29599983,0.204745997,232.7202356
1274000,17.42499924,0.199430498,232.6802997
1274250,17.42499924,0.19531849,232.7005884
1274500,17.42499924,0.194207498,232.6975531
1274750,16.35899971,0.190592995,232.6933319
1275000,15.79700012,0.189889994,232.7050812
1275250,17.3709996,0.195950999,232.7035779
1275500,17.39999962,0.196353996,232.6978558
1275750,16.15499985,0.194369496,232.6935388
1276000,17.00199982,0.192657496,232.7102753
1276250,13.40599979,0.151515997,232.7086102
1276500,8.14799984,0.124683999,232.6887628
1276750,8.14799984,0.124683999,232.6887628
1277000,5.580999889,0.122994998,232.7107294
1277250,6.383000011,0.123050996,232.7156433
1277500,6.19,0.123299997,232.6867377
1277750,5.607999897,0.123457996,232.7131067
1278000,6.465000038,0.122635996,232.7304016
1278250,6.064999981,0.123201994,232.7179309
1278500,5.692999935,0.122888998,232.7281531
1278750,6.510000019,0.123062997,232.7146594
1279000,5.860999928,0.123235497,232.6931134
1279250,5.882999992,0.123154496,232.7153137
1279500,6.593000031,0.123203998,232.7170178
1279750,5.775999966,0.123233997,232.7106567
1280000,6.924000187,0.122596497,232.6893311
1280250,5.642999935,0.122916998,232.7189209
1280500,6.504000053,0.123262497,232.7268164
1280750,5.929999943,0.123122997,232.7103705
1281000,5.779999943,0.122800999,232.6819147
1281250,6.514000072,0.123232996,232.7151855
1281500,5.821999931,0.122969497,232.7348657
1281750,5.932999973,0.122936996,232.7008899
1282000,6.58100008,0.122966998,232.7284351
1282250,5.695999908,0.122988997,232.7136023
1282500,6.133000011,0.122988998,232.7089447
1282750,6.425000019,0.122780997,232.7211133
1283000,5.592999897,0.122745999,232.7226416
1283250,5.592999897,0.122745999,232.7226416
1283500,6.268999996,0.122835997,232.7244336
1283750,6.252999992,0.122925996,232.6967371
1284000,6.806000156,0.122812996,232.6927399
1284250,5.751999912,0.122869499,232.7202814
1284500,6.038999977,0.122845497,232.6944434
1284750,6.471000042,0.122873498,232.715675
1285000,5.618999939,0.122943997,232.6891187
1285250,6.175999985,0.122808498,232.721463
1285500,6.245000038,0.123199998,232.7258276
1285750,5.580999889,0.122865998,232.7034821
1286000,6.318999996,0.122969496,232.725379
1286250,6.208000031,0.123323496,232.7381384
1286500,6.840000172,0.122784996,232.702868
1286750,5.66899992,0.122602995,232.7351282
1287000,6.291000004,0.123204998,232.7302191
1287250,6.413000069,0.123270996,232.7048248
1287500,5.570999966,0.123274997,232.7354248
1287750,6.290999985,0.122523497,232.6889551
1288000,6.269000034,0.122538496,232.7042645
1288250,5.614999866,0.123021497,232.7163702
1288500,6.407000008,0.122904497,232.7096906
1288750,6.133999996,0.123288994,232.7090369
1289000,5.622999897,0.122796499,232.7212671
1289250,6.504000053,0.123091496,232.7005994
1289500,5.997999935,0.122530496,232.7140344
1289750,5.997999935,0.122530496,232.7140344
1290000,5.778999958,0.123093498,232.7317059
1290250,6.739000092,0.123204997,232.7464453
1290500,6.48100008,0.122821497,232.7247192
1290750,6.050999966,0.122919999,232.7354901
1291000,5.678999958,0.122722496,232.7308887
1291250,6.414000053,0.123300499,232.7030176
1291500,5.907999973,0.123013999,232.7148102
1291750,5.70699995,0.123146998,232.7147626
1292000,6.557000065,0.123189999,232.7269379
1292250,5.77399992,0.122745495,232.7117371
1292500,5.860999947,0.122998497,232.7171143
1292750,6.56600008,0.122227996,232.7219458
1293000,5.751999912,0.122843999,232.7036957
1293250,6.030999985,0.123047495,232.7160809
1293500,6.469000034,0.123210998,232.7352753
1293750,5.629999905,0.123137499,232.7426184
1294000,6.169999981,0.123188498,232.7208813
1294250,6.367000027,0.122817997,232.7098419
1294500,5.575999889,0.122973996,232.701355
1294750,6.330999985,0.122871997,232.6993616
1295000,6.184999981,0.122497497,232.7161798
1295250,5.732999916,0.123099498,232.6873688
1295500,6.481000004,0.122748497,232.7085065
1295750,6.053999939,0.123095995,232.7020422
1296000,5.714999905,0.123083997,232.7005383
1296250,5.714999905,0.123083997,232.7005383
1296500,6.574000053,0.123149495,232.6830255
1296750,5.886999912,0.122813995,232.7131628
1297000,6.925000191,0.122844998,232.6994238
1297250,5.74399992,0.122133497,232.706394
1297500,6.376000004,0.122969997,232.7292712
1297750,6.125000019,0.122594997,232.740993
1298000,5.698999939,0.122788497,232.7023438
1298250,6.531000042,0.122357496,232.7066113
1298500,5.974999943,0.122621998,232.7013855
1298750,5.804999962,0.122908997,232.6756885
1299000,6.587000046,0.122947998,232.7167853
1299250,5.834999905,0.123170496,232.7160278
1299500,5.941999989,0.122902496,232.7054901
1299750,6.476000042,0.122851499,232.7047693
1300000,5.692999897,0.123138494,232.7019446
1300250,6.921000175,0.123047997,232.6965466
1300500,5.692999935,0.123036999,232.7125775
1300750,6.519000034,0.123262996,232.6683691
1301000,5.900999928,0.122961498,232.7068756
1301250,5.996999969,0.122743498,232.694234
1301500,6.501000042,0.123047497,232.6982629
1301750,5.748999901,0.123040496,232.6837311
1302000,6.204000034,0.123228496,232.70229
1302250,6.459000072,0.123023497,232.7086505
1302500,5.66199995,0.122925498,232.6801361
1302750,5.66199995,0.122925498,232.6801361
1303000,6.343000031,0.122846996,232.7068073
1303250,6.220999985,0.123072497,232.6688593
1303500,5.627999859,0.123194998,232.703233
1303750,6.342999992,0.123162997,232.7050891
1304000,6.217000008,0.123021998,232.7070172
1304250,5.532999916,0.123263498,232.7333789
1304500,6.389000053,0.123241996,232.672179
1304750,5.917000008,0.122723996,232.7147797
1305000,5.84899992,0.122709997,232.6963031
1305250,6.565000019,0.122842997,232.7066669
1305500,5.888999901,0.123336498,232.6919543
1305750,5.860999947,0.123502497,232.7051379
1306000,6.532000065,0.123219496,232.6965076
1306250,5.749999905,0.122964495,232.7011578
1306500,6.028999977,0.122937997,232.708291
1306750,6.505000057,0.122854997,232.6813043
1307000,5.621999912,0.122687496,232.6816644
1307250,6.161999989,0.122784995,232.7105219
1307500,6.369000034,0.122631997,232.6897699
1307750,5.597999859,0.122278495,232.7166028
1308000,6.300999985,0.122746498,232.6926196
1308250,6.210000038,0.123078997,232.7047137
1308500,5.605999889,0.122380496,232.6841534
1308750,6.471000042,0.122641495,232.6952411
1309000,6.077000008,0.123115498,232.6963477
1309250,6.077000008,0.123115498,232.6963477
1309500,5.692999935,0.122520497,232.687226
1309750,6.542000046,0.122806497,232.6981055
1310000,5.935999928,0.122983495,232.7035577
1310250,5.846999969,0.122980997,232.7033447
1310500,6.496000042,0.122863995,232.7117053
1310750,5.748999901,0.122932996,232.6910345
1311000,5.982999973,0.122820997,232.7087555
1311250,6.481000061,0.123306996,232.6975702
1311500,5.64899992,0.123384995,232.7119788
1311750,6.199000015,0.122993998,232.7084753
1312000,6.393000031,0.122983996,232.6838806
1312250,5.592999897,0.123319498,232.6922174
1312500,6.90900013,0.123218996,232.7064252
1312750,5.918999939,0.122832497,232.6966425
1313000,6.551000061,0.123228499,232.7338116
1313250,5.728999901,0.122881997,232.7025452
1313500,6.087999973,0.122663497,232.7001355
1313750,6.489000053,0.122839997,232.689281
1314000,5.636999893,0.122637498,232.7058099
1314250,6.222999973,0.122759497,232.7000012
1314500,6.349000015,0.122533997,232.7000671
1314750,5.482999859,0.122552498,232.7260919
1315000,6.339000015,0.123334498,232.7144983
1315250,6.143000031,0.123015497,232.7074579
1315500,5.622999897,0.122752996,232.7196814
1315750,5.622999897,0.122752996,232.7196814
1316000,6.495000038,0.122952497,232.6897717
1316250,6.034999962,0.123220496,232.715545
1316500,5.754999924,0.122788496,232.677699
1316750,6.574000053,0.122613498,232.7354407
1317000,5.890999928,0.123077496,232.7489539
1317250,5.908999977,0.123159998,232.7159302
1317500,6.502000046,0.122719497,232.7415613
1317750,5.712999916,0.123111497,232.6946979
1318000,6.062999973,0.123036997,232.7338715
1318250,6.434000034,0.123010997,232.6979059
1318500,5.636999931,0.122809497,232.7048724
1318750,6.228999996,0.122855497,232.6956262
1319000,6.333000031,0.123289997,232.6714111
1319250,5.615999889,0.123223999,232.6808899
1319500,6.348999977,0.122811496,232.7032336
1319750,6.128999996,0.122592997,232.7069702
1320000,5.588999882,0.123047997,232.7207922
1320250,6.467000046,0.122752498,232.7073218
1320500,5.998999996,0.123098997,232.7202332
1320750,5.758999939,0.123135997,232.711825
1321000,6.572000046,0.122988996,232.7080151
1321250,5.890999928,0.122858995,232.7054413
1321500,5.908999977,0.123172998,232.720224
1321750,6.689000072,0.123176497,232.7263
1322000,6.473000088,0.122883997,232.6992578
1322250,6.473000088,0.122883997,232.6992578
1322500,6.086999969,0.123299997,232.7354907
1322750,5.812999954,0.123255496,232.7131952
1323000,6.515000019,0.122597996,232.7343298
1323250,5.920999928,0.122678998,232.7234747
1323500,5.805999966,0.122537997,232.7395624
1323750,6.542000046,0.123047497,232.7154504
1324000,5.79399992,0.123379997,232.712428
1324250,5.950999928,0.122895997,232.7199554
1324500,6.491000061,0.122973997,232.6848883
1324750,5.675999889,0.123018496,232.7190601
1325000,6.149999962,0.123215498,232.7135547
1325250,6.439000053,0.123051497,232.7206506
1325500,5.592999897,0.122598997,232.7209058
1325750,6.287000027,0.123157496,232.7555945
1326000,6.222000008,0.123166497,232.7238971
1326250,5.569999943,0.123266995,232.711546
1326500,6.405000019,0.123340998,232.722785
1326750,6.077000008,0.122980497,232.6946332
1327000,6.925000191,0.123020499,232.7172095
1327250,5.286999893,0.122863498,232.7338513
1327500,5.926999969,0.122705498,232.7121295
1327750,5.82699995,0.122373496,232.7240417
1328000,6.573000069,0.122571497,232.7033539
1328250,5.775999908,0.123013495,232.7145343
1328500,6.924000187,0.122765997,232.707995
1328750,6.924000187,0.122765997,232.707995
1329000,5.646999874,0.122858496,232.7015607
1329250,6.47300005,0.122800996,232.7160333
1329500,6.045999985,0.123164496,232.7027863
1329750,5.750999928,0.122968999,232.7253284
1330000,6.574000053,0.122816996,232.754707
1330250,5.908999939,0.123034496,232.7202167
1330500,5.890999947,0.122979496,232.7077429
1330750,6.574000053,0.123029996,232.7304346
1331000,5.715999908,0.122980998,232.7109387
1331250,6.027000027,0.122500996,232.6991473
1331500,6.455000019,0.123108994,232.7104657
1331750,5.537999878,0.123256996,232.7033002
1332000,6.181999969,0.122588996,232.7083221
1332250,5.224999905,0.122649497,232.6993146
1332500,6.763000069,0.122848995,232.7121289
1332750,6.337000027,0.122440498,232.736228
1333000,5.225999908,0.122854997,232.7192505
1333250,6.517000065,0.122705499,232.6957294
1333500,5.684999943,0.122709998,232.7194952
1333750,6.921000175,0.122656496,232.7111115
1334000,5.710999947,0.122933997,232.6990649
1334250,5.505999928,0.123026994,232.712179
1334500,6.914000149,0.122814496,232.701073
1334750,5.847999954,0.123268996,232.7033063
1335000,5.394999905,0.122958498,232.7016827
1335250,5.394999905,0.122958498,232.7016827
1335500,6.89700016,0.1231415,232.7064093
1335750,6.004999981,0.123491497,232.7127057
1336000,6.445000019,0.123072998,232.6893134
1336250,5.635999908,0.122650497,232.6950275
1336500,6.201000004,0.122951999,232.6917859
1336750,6.357000008,0.123196497,232.7204504
1337000,5.600999889,0.123267997,232.7079224
1337250,6.350000019,0.123026999,232.6873468
1337500,6.155,0.122835497,232.7151068
1337750,5.58699995,0.122772998,232.7164172
1338000,6.45800005,0.122500496,232.7069373
1338250,6.052999973,0.122184996,232.7452521
1338500,5.714999905,0.122564497,232.7134094
1338750,6.550000057,0.121939496,232.6795691
1339000,5.23599987,0.122388998,232.7202899
1339250,6.263000011,0.122671997,232.6894031
1339500,5.557999897,0.122803996,232.6943445
1339750,6.396999969,0.122887999,232.7306799
1340000,6.129999981,0.122889497,232.7246686
1340250,5.644999866,0.123193494,232.6803467
1340500,6.547000103,0.122351495,232.7031854
1340750,5.972999935,0.122424997,232.712608
1341000,5.800999966,0.122177498,232.7270892
1341250,5.420999928,0.122380995,232.7114502
1341500,6.908000126,0.122035998,232.7344916
1341750,6.908000126,0.122035998,232.7344916
1342000,5.937999973,0.122640497,232.7325781
1342250,5.292999897,0.122500999,232.6927759
1342500,6.504000072,0.122202497,232.7312177
1342750,6.038999958,0.122560997,232.7171582
1343000,5.732999954,0.122471997,232.7011786
1343250,5.480999947,0.122161996,232.7294659
1343500,6.255999966,0.123038998,232.6974347
1343750,6.277000046,0.122312496,232.7437604
1344000,5.590999889,0.122787497,232.7087463
1344250,6.408000031,0.122511496,232.7338123
1344500,6.133000011,0.122273495,232.7351221
1344750,5.65899992,0.122886999,232.7022205
1345000,6.512000046,0.122725498,232.7369788
1345250,5.964999943,0.122357498,232.7349481
1345500,5.769999943,0.122189996,232.7029706
1345750,5.445999908,0.122520498,232.7327209
1346000,6.340999985,0.122654497,232.7215955
1346250,6.084999962,0.122308497,232.7095221
1346500,5.648999882,0.122680497,232.742627
1346750,6.448000031,0.122598497,232.7157947
1347000,6.065999966,0.122830998,232.7167303
1347250,5.690999908,0.122068997,232.6985522
1347500,5.523999958,0.121925997,232.7141376
1347750,6.283999977,0.122759497,232.7183374
1348000,6.306000004,0.122490498,232.7128906
1348250,6.306000004,0.122490498,232.7128906
1348500,5.617999897,0.122533497,232.7225226
1348750,6.391000004,0.122562996,232.721524
1349000,6.153999977,0.122461996,232.7403595
1349250,5.744999924,0.122821498,232.7279199
1349500,6.437000084,0.122724996,232.7021204
1349750,5.950999947,0.122641499,232.708562
1350000,5.756999989,0.122824498,232.7051068
1350250,5.428999901,0.123237498,232.6984668
1350500,6.341000004,0.123472997,232.7151361
1350750,6.187999992,0.122554996,232.7124414
1351000,6.85700016,0.122931495,232.731795
1351250,5.704999905,0.123377497,232.7249713
1351500,6.089999962,0.123015496,232.7047217
1351750,6.485000038,0.123136495,232.7369067
1352000,5.654999924,0.123175496,232.7258521
1352250,6.237999992,0.122615997,232.7192987
1352500,6.276000042,0.122753497,232.71724
1352750,5.646999874,0.123102997,232.7237921
1353000,6.405000019,0.123185496,232.6859766
1353250,6.168000011,0.122891497,232.7135406
1353500,5.682999897,0.122884996,232.7291077
1353750,6.616000099,0.122828998,232.7321228
1354000,5.959999943,0.122989997,232.6976984
1354250,5.774999962,0.122324998,232.7160583
1354500,6.55300005,0.122506497,232.727641
1354750,6.55300005,0.122506497,232.727641
1355000,5.817999935,0.122832499,232.7135779
1355250,5.928999958,0.122326998,232.7011115
1355500,6.548000069,0.122269998,232.6830505
1355750,5.26599987,0.122456995,232.7200897
1356000,6.048999958,0.122687496,232.6965149
1356250,5.678999958,0.122053995,232.7031293
1356500,6.695000076,0.122675498,232.7346429
1356750,5.928999958,0.122650996,232.6946655
1357000,5.851999931,0.122493998,232.6866107
1357250,6.602000084,0.122609998,232.6868591
1357500,5.796999931,0.122368999,232.6975842
1357750,6.020999966,0.122612998,232.7162854
1358000,5.258999901,0.122360995,232.6838171
1358250,6.504000015,0.122518995,232.6954413
1358500,5.988000011,0.122524999,232.7009161
1358750,5.746999893,0.122041999,232.7060498
1359000,6.552000065,0.122409997,232.7340173
1359250,5.845999928,0.122625996,232.7177618
1359500,5.954999962,0.122586997,232.7104419
1359750,5.224999905,0.122550496,232.72034
1360000,6.400000019,0.122409495,232.6937457
1360250,6.058999996,0.122143497,232.7355304
1360500,5.664999924,0.122544999,232.6941125
1360750,6.561000042,0.122647496,232.7133868
1361000,5.232999878,0.123136497,232.7026593
1361250,5.232999878,0.123136497,232.7026593
1361500,6.281000023,0.122417496,232.7080835
1361750,5.570999908,0.122177996,232.6989465
1362000,6.373000011,0.122584997,232.7137689
1362250,6.143000031,0.122131496,232.7011792
1362500,5.754999924,0.122482497,232.7074408
1362750,5.582999916,0.122657498,232.6938733
1363000,6.184999962,0.122743496,232.6797559
1363250,6.381000061,0.122533997,232.6928729
1363500,5.568999901,0.122130496,232.7224335
1363750,6.274999962,0.122274497,232.7043207
1364000,5.224999905,0.122425995,232.6941925
1364250,6.497000046,0.122664996,232.7160748
1364500,5.700999889,0.122330496,232.7044891
1364750,6.048999977,0.122244998,232.7049774
1365000,6.429000053,0.122574995,232.6819885
1365250,5.623999939,0.122643996,232.7090436
1365500,6.268000011,0.122803996,232.7100653
1365750,6.288999996,0.122593997,232.7244031
1366000,5.613999901,0.122769496,232.7089893
1366250,6.391000004,0.122133497,232.6940833
1366500,6.085999985,0.122927997,232.7019214
1366750,5.600999928,0.123053497,232.7352838
1367000,5.604999962,0.122456998,232.7057874
1367250,6.199000015,0.122303497,232.7266022
1367500,6.357000008,0.122481998,232.7204083
1367750,6.357000008,0.122481998,232.7204083
1368000,5.600999889,0.122231496,232.7163489
1368250,6.331999989,0.122617998,232.7310828
1368500,6.187999992,0.122288997,232.6994489
1368750,5.610999928,0.122552997,232.7044733
1369000,6.447000027,0.122234998,232.7334186
1369250,5.227999916,0.122369496,232.7338324
1369500,6.471000061,0.122338497,232.7317194
1369750,5.599999905,0.122674499,232.6946643
1370000,6.242999992,0.122348495,232.7176019
1370250,6.297000008,0.122646996,232.7385382
1370500,5.548999882,0.122330995,232.7243927
1370750,6.359000015,0.122099498,232.6978522
1371000,6.125000019,0.122506495,232.7141077
1371250,5.596999912,0.122245497,232.7009711
1371500,5.54899992,0.122204997,232.7314032
1371750,6.157000027,0.122675997,232.7398883
1372000,6.353000011,0.122426497,232.7353998
1372250,5.580999889,0.122542996,232.6965723
1372500,6.314999981,0.122449498,232.7226324
1372750,6.209000034,0.122454498,232.7298169
1373000,5.641999912,0.122254497,232.7107263
1373250,6.424000034,0.122262997,232.7429053
1373500,5.228999901,0.122268495,232.7315289
1373750,6.421000023,0.122850494,232.7161682
1374000,5.606999912,0.122687496,232.7222101
1374250,5.606999912,0.122687496,232.7222101
1374500,6.405000019,0.122350496,232.711825
1374750,6.304000034,0.122281497,232.7076263
1375000,5.646999874,0.122199997,232.6895624
1375250,6.409000015,0.122615497,232.7231696
1375500,6.168000011,0.122583998,232.6986902
1375750,5.622999897,0.122186496,232.7176422
1376000,5.583999977,0.122586497,232.7150098
1376250,6.221000004,0.122266498,232.7268976
1376500,6.375000019,0.122520996,232.7246576
1376750,5.600999889,0.122567497,232.7385284
1377000,6.331999989,0.122519997,232.7276917
1377250,5.224999905,0.122797997,232.7170404
1377500,6.58100008,0.122528995,232.7157379
1377750,5.691999893,0.122377495,232.7359473
1378000,6.135000019,0.122833997,232.6923352
1378250,6.461000042,0.122852497,232.7083856
1378500,5.328999882,0.122425499,232.701178
1378750,5.868999977,0.122393496,232.7407477
1379000,6.026999969,0.122505496,232.6951868
1379250,6.565000076,0.122902997,232.7103619
1379500,5.749999905,0.122664497,232.7122028
1379750,6.030999985,0.122694497,232.7013538
1380000,6.50300005,0.122376997,232.7369934
1380250,5.629999905,0.122629497,232.7098492
1380500,6.159999962,0.122733997,232.738609
1380750,6.159999962,0.122733997,232.738609
1381000,6.209000034,0.122397996,232.7291467
1381250,5.370999889,0.122419496,232.6918109
1381500,5.827999954,0.122508498,232.7072009
1381750,5.96199995,0.122387499,232.7376727
1382000,6.541000042,0.1222845,232.7551385
1382250,5.702999878,0.122362498,232.7301538
1382500,6.093999958,0.122252496,232.7211163
1382750,6.417000046,0.122989497,232.7056818
1383000,5.35099987,0.122281997,232.7083777
1383250,5.881999931,0.122450997,232.7197375
1383500,5.882999992,0.122290997,232.7001044
1383750,6.595000038,0.122217998,232.7088739
1384000,5.774999886,0.122448497,232.7162408
1384250,6.017000008,0.122580495,232.7344012
1384500,6.483000069,0.122545495,232.7298828
1384750,5.306999855,0.122034498,232.7107465
1385000,5.924999962,0.122447497,232.6888177
1385250,5.778999958,0.122687497,232.7047797
1385500,6.51800005,0.122606497,232.7042902
1385750,5.798999958,0.122503497,232.723291
1386000,5.914999981,0.122524998,232.6984094
1386250,6.595000114,0.122663996,232.6938495
1386500,5.320999889,0.122789996,232.7090186
1386750,5.990999966,0.122696997,232.7281775
1387000,5.710999947,0.122374998,232.724364
1387250,5.710999947,0.122374998,232.724364
1387500,6.526000042,0.122165496,232.7083704
1387750,5.86199995,0.122160498,232.7260498
1388000,5.864999943,0.122360996,232.7371051
1388250,6.518000031,0.122634498,232.7298737
1388500,5.745999908,0.122235497,232.7018573
1388750,6.065999985,0.122552997,232.6968427
1389000,5.224999905,0.122479496,232.7155328
1389250,6.501000042,0.122301498,232.7196649
1389500,5.952999916,0.122272495,232.7206012
1389750,5.954999962,0.122494997,232.6990759
1390000,6.582000084,0.122659996,232.7046741
1390250,5.80899992,0.122514995,232.7457471
1390500,6.094999981,0.122229997,232.7158093
1390750,5.292999897,0.122085996,232.7351471
1391000,6.47300005,0.122413498,232.7318817
1391250,6.045999985,0.122433996,232.7247296
1391500,5.868999977,0.122406995,232.7326324
1391750,6.541000042,0.121828496,232.7486731
1392000,5.917999954,0.122258998,232.73117
1392250,6.008999996,0.122107998,232.7176233
1392500,5.343999901,0.122569997,232.7244092
1392750,6.396999969,0.122778998,232.7064819
1393000,6.101999989,0.122409497,232.7061261
1393250,5.712999897,0.122823496,232.7098474
1393500,6.476000023,0.122298497,232.7090503
1393750,6.476000023,0.122298497,232.7090503
1394000,5.233999882,0.122483495,232.7199786
1394250,6.327000046,0.122500996,232.7022406
1394500,5.566999912,0.122479497,232.7390668
1394750,6.478000031,0.122662496,232.7036652
1395000,6.202000008,0.122240497,232.7089752
1395250,5.754999905,0.122901998,232.7210657
1395500,6.455000038,0.122734998,232.6983313
1395750,5.995999966,0.122505495,232.681059
1396000,5.710999947,0.122660997,232.7126001
1396250,5.505999928,0.122931497,232.6998645
1396500,6.283999977,0.122685997,232.6972095
1396750,6.288999996,0.122548996,232.7151373
1397000,5.551999912,0.122535497,232.7304083
1397250,6.405000019,0.122188498,232.7050269
1397500,5.227999916,0.122384997,232.6900092
1397750,6.331000023,0.122266496,232.6934924
1398000,5.622999897,0.122445996,232.7022656
1398250,6.316000004,0.122658999,232.7111365
1398500,6.325000019,0.122502998,232.7241071
1398750,5.699999905,0.122528999,232.7221948
1399000,6.316999989,0.122551998,232.7006683
1399250,5.225999908,0.122733497,232.7294586
1399500,6.489000053,0.122764497,232.7291541
1399750,5.665999928,0.122825497,232.7102002
1400000,6.111999989,0.122662996,232.6927228
1400250,6.111999989,0.122662996,232.6927228
1400500,6.31300005,0.122465997,232.7075067
1400750,5.52099987,0.122410995,232.7200348
1401000,6.277000008,0.122220497,232.7409308
1401250,6.277000046,0.122120495,232.7195612
1401500,5.488999901,0.121940495,232.7016272
1401750,5.713999977,0.122651996,232.7106323
1402000,5.983999958,0.122544996,232.7189227
1402250,6.511000042,0.122543997,232.7112726
1402500,5.635999908,0.122689995,232.7149384
1402750,6.201000004,0.122589996,232.7337933
1403000,6.357000008,0.122394997,232.7128345
1403250,5.392999897,0.122646997,232.726178
1403500,5.801999969,0.122718996,232.6929132
1403750,5.996999989,0.122460997,232.7025513
1404000,6.56300005,0.122546495,232.6665216
1404250,5.695999908,0.122270496,232.720329
1404500,6.104999981,0.122185496,232.7047711
1404750,6.434000034,0.122335998,232.712298
1405000,5.590999889,0.122384997,232.7331458
1405250,6.267999992,0.122219999,232.7206647
1405500,5.224999905,0.122001998,232.716792
1405750,6.565000076,0.122698496,232.7258832
1406000,5.751999912,0.122590497,232.7017291
1406250,6.037999973,0.122208498,232.7046094
1406500,6.506000042,0.123031997,232.7177637
1406750,6.506000042,0.123031997,232.7177637
1407000,5.298999901,0.122613497,232.7177228
1407250,5.96699995,0.122477997,232.7766278
1407500,5.804999962,0.122634494,232.7418549
1407750,6.569000034,0.122054997,232.7295392
1408000,5.801999912,0.122550496,232.7165308
1408250,5.95,0.122383996,232.7341534
1408500,6.510000038,0.122639497,232.7452826
1408750,5.684999943,0.122312495,232.7459113
1409000,6.083999939,0.122283997,232.7434033
1409250,5.224999905,0.122457495,232.7674243
1409500,6.526000042,0.122654496,232.7075049
1409750,5.865999928,0.122966496,232.7349042
1410000,5.843999958,0.122619997,232.7205121
1410250,5.377999897,0.122276996,232.7044995
1410500,6.391000004,0.122598496,232.7199402
1410750,6.149999962,0.122543995,232.7352979
1411000,5.620999966,0.122544496,232.6990649
1411250,6.505000057,0.122271997,232.722843
1411500,5.950999947,0.122290995,232.7544354
1411750,5.78399992,0.122294998,232.705578
1412000,5.437999916,0.122604996,232.6973767
1412250,6.910000134,0.122764498,232.7328607
1412500,5.952999954,0.122571496,232.7246173
1412750,5.224999905,0.122808997,232.7290002
1413000,6.399999981,0.122684999,232.7257227
1413250,6.399999981,0.122684999,232.7257227
1413500,6.053000011,0.122636497,232.7204498
1413750,5.728999939,0.122781997,232.7224359
1414000,6.561000042,0.122732497,232.6935791
1414250,5.927999935,0.122739497,232.6962817
1414500,5.872999973,0.122888497,232.6962012
1414750,6.561000042,0.122642999,232.7004999
1415000,5.749999905,0.122469996,232.7210181
1415250,5.981999989,0.122278997,232.6997467
1415500,6.459000072,0.122614997,232.734649
1415750,5.304999847,0.122763497,232.7113226
1416000,5.994999962,0.122966995,232.7062909
1416250,5.760999928,0.122666997,232.6997137
1416500,6.51800005,0.122837997,232.7103711
1416750,5.806999912,0.122452497,232.7234509
1417000,5.910999985,0.122735997,232.6874268
1417250,5.326999893,0.122942996,232.7194342
1417500,6.440000019,0.123053998,232.6952985
1417750,6.086999969,0.122590998,232.7237061
1418000,5.688999977,0.122584495,232.6857544
1418250,6.535000057,0.122770497,232.7044995
1418500,5.234999905,0.122546996,232.6887476
1418750,6.306000004,0.122440997,232.7218829
1419000,5.761999931,0.122842997,232.6852594
1419250,6.391000004,0.122574995,232.7053314
1419500,6.153999977,0.122479497,232.6806177
1419750,6.153999977,0.122479497,232.6806177
1420000,5.66899992,0.122202497,232.7135205
1420250,6.485000019,0.122330996,232.7024249
1420500,5.228999901,0.122564497,232.7031519
1420750,6.40300005,0.123111497,232.6946332
1421000,5.565999889,0.122581498,232.7138336
1421250,6.300999985,0.122829998,232.6872974
1421500,6.214000015,0.122839499,232.6897626
1421750,5.503999901,0.122403996,232.692738
1422000,5.699999924,0.122726496,232.6971063
1422250,6.072999992,0.122438498,232.7022491
1422500,6.493000031,0.122411499,232.7077222
1422750,5.59899992,0.122185495,232.7142584
1423000,6.213000011,0.122236496,232.7243616
1423250,6.321000004,0.122693496,232.7167303
1423500,5.406999912,0.122579997,232.717312
1423750,5.721999931,0.122672498,232.6811536
1424000,5.963999958,0.122866497,232.7013458
1424250,6.481000061,0.122700498,232.6800262
1424500,5.662999935,0.122561498,232.6895605
1424750,6.128999977,0.122432496,232.7281458
1425000,5.224999905,0.122947996,232.6982581
1425250,6.659000015,0.122831996,232.7052557
1425500,5.906999855,0.123013497,232.711095
1425750,6.018999939,0.122043496,232.6669702
1426000,6.489000034,0.122738995,232.7314752
1426250,6.489000034,0.122738995,232.7314752
1426500,5.707999954,0.122729498,232.7195215
1426750,6.027000027,0.122651995,232.6928088
1427000,5.224999905,0.123011997,232.7134515
1427250,6.524000034,0.122628996,232.6759125
1427500,5.921999931,0.122776996,232.6923883
1427750,5.814999981,0.122817495,232.6884674
1428000,6.542000046,0.122691997,232.7208661
1428250,5.79399992,0.122364497,232.7267853
1428500,5.985999947,0.122682998,232.6786566
1428750,6.525000019,0.122462994,232.6958179
1429000,5.274999866,0.122389496,232.7251221
1429250,5.992999973,0.122191495,232.6907623
1429500,5.710999947,0.122728499,232.7033704
1429750,6.526000042,0.122423496,232.7040533
1430000,5.865999928,0.122527499,232.7497302
1430250,5.882999916,0.122486998,232.6997943
1430500,6.510000076,0.122727998,232.716073
1430750,5.755999908,0.122584496,232.6964557
1431000,6.027999954,0.122182498,232.7605627
1431250,6.311000042,0.122332495,232.7213379
1431500,5.298999901,0.122747997,232.7036182
1431750,5.96699995,0.122543497,232.7153046
1432000,5.804999962,0.122741498,232.7227069
1432250,6.407000027,0.122864496,232.7091699
1432500,5.762999897,0.122501998,232.7106738
1432750,5.762999897,0.122501998,232.7106738
1433000,5.960000019,0.122042497,232.7093225
1433250,5.309999905,0.122362497,232.6857275
1433500,6.481000042,0.122618997,232.7303522
1433750,6.020999947,0.122508496,232.6792468
1434000,5.73699995,0.122527996,232.6635785
1434250,6.545000038,0.122888496,232.7123297
1434500,5.89399992,0.122707997,232.7115552
1434750,5.880999985,0.122824996,232.6852014
1435000,5.394999905,0.122301496,232.681521
1435250,6.409000015,0.122556998,232.7012122
1435500,6.168000011,0.122781998,232.7079474
1435750,5.682999897,0.122618998,232.71104
1436000,6.505000038,0.122738498,232.7075854
1436250,5.995999928,0.122762996,232.7029004
1436500,5.778999958,0.122669496,232.7108984
1436750,6.500000019,0.122745997,232.7063715
1437000,5.243999882,0.122768496,232.7084656
1437250,6.235000019,0.122690995,232.6989532
1437500,5.665999889,0.122462997,232.709986
1437750,6.454000034,0.122371499,232.7130157
1438000,6.083999977,0.122554997,232.6979883
1438250,5.720999908,0.122044496,232.723913
1438500,6.530000038,0.122506997,232.7482513
1438750,5.886999931,0.122583498,232.7576263
1439000,5.860999947,0.122644497,232.7489862
1439250,5.860999947,0.122644497,232.7489862
1439500,5.377999897,0.122344498,232.682641
1439750,6.398000031,0.122686996,232.7008167
1440000,6.153999977,0.122736496,232.7431702
1440250,5.635999928,0.122506996,232.7660242
1440500,6.601000042,0.122651497,232.7236731
1440750,5.994999924,0.122495498,232.7271509
1441000,5.746999969,0.122182996,232.7315442
1441250,6.542000084,0.122568495,232.7019305
1441500,5.239999866,0.122106497,232.7137231
1441750,6.265000019,0.122488496,232.750235
1442000,5.565999889,0.122935499,232.7235388
1442250,6.564000053,0.122799498,232.6958191
1442500,6.06699995,0.122454498,232.7137463
1442750,5.63399992,0.122512496,232.7324182
1443000,5.548999939,0.122494996,232.724505
1443250,6.222999973,0.122474996,232.6938739
1443500,6.371000042,0.122356996,232.7360492
1443750,5.482999859,0.122331496,232.7118335
1444000,6.333000031,0.122458996,232.721192
1444250,6.134000015,0.122709998,232.6969366
1444500,5.656999874,0.122500496,232.7174109
1444750,6.466000042,0.122600997,232.7194171
1445000,5.230999889,0.122634496,232.6711945
1445250,6.425000019,0.122498498,232.6677454
1445500,5.592999897,0.122513496,232.7353772
1445750,5.592999897,0.122513496,232.7353772
1446000,6.287000027,0.122161497,232.745481
1446250,6.131000023,0.122608995,232.7310193
1446500,5.569999943,0.122705997,232.6909064
1446750,6.438999996,0.122711497,232.7319556
1447000,5.228999901,0.122793498,232.7399127
1447250,6.493000031,0.122745496,232.7359692
1447500,5.698999901,0.122365996,232.709826
1447750,6.205,0.122668496,232.7515314
1448000,6.325000019,0.122689999,232.7072424
1448250,5.567999897,0.122490994,232.7070575
1448500,6.341000004,0.122785497,232.7214923
1448750,5.225999908,0.122314495,232.7227533
1449000,6.352999992,0.122285498,232.6950677
1449250,5.702999878,0.122403998,232.6906824
1449500,6.093999958,0.122680998,232.7532666
1449750,6.485999889,0.122592499,232.7502899
1450000,5.623999882,0.122336997,232.7120642
1450250,6.242999992,0.122341497,232.7127197
1450500,6.263000011,0.122415496,232.7005457
1450750,5.438999901,0.122466997,232.6955615
1451000,5.744999943,0.122655997,232.6828583
1451250,6.024999962,0.122503497,232.7216193
1451500,6.53699995,0.122692996,232.7214734
1451750,5.684999924,0.122478496,232.7247284
1452000,6.175,0.122898997,232.7266656
1452250,6.175,0.122898997,232.7266656
1452500,5.224999905,0.122741495,232.7098181
1452750,6.598000011,0.122528995,232.7168896
1453000,5.830999908,0.122612997,232.702771
1453250,5.944999905,0.122605497,232.7038171
1453500,6.544000034,0.122846997,232.6958655
1453750,5.694999905,0.122478997,232.7039948
1454000,6.072999992,0.122567498,232.7410358
1454250,6.504000072,0.122677997,232.7310767
1454500,5.304999905,0.122777997,232.7393445
1454750,5.926999969,0.122808494,232.7238007
1455000,5.83699995,0.122512497,232.7101154
1455250,6.550999947,0.123070498,232.7306256
1455500,5.818999901,0.122550495,232.7398517
1455750,5.982999973,0.122399497,232.7145209
1456000,5.224999905,0.122712499,232.7452667
1456250,6.427000008,0.122635998,232.6840094
1456500,6.033999996,0.122605998,232.7076923
1456750,5.756999989,0.123048996,232.6966675
1457000,6.534000053,0.122609998,232.7270593
1457250,5.238999901,0.122824997,232.6891876
1457500,6.257000008,0.122639495,232.6928784
1457750,5.66399992,0.122843998,232.7327649
1458000,6.443000011,0.122660497,232.7293665
1458250,5.924999962,0.122722498,232.7018182
1458500,5.812999954,0.122822496,232.6895245
1458750,5.812999954,0.122822496,232.6895245
1459000,6.630000057,0.122364998,232.6903925
1459250,5.24099987,0.122771496,232.6990411
1459500,6.371000042,0.122676998,232.7081628
1459750,5.631999874,0.122584996,232.7200024
1460000,6.340999985,0.122847498,232.6896973
1460250,6.243999977,0.122461998,232.7432416
1460500,5.619999886,0.122331496,232.7407068
1460750,6.481999893,0.122273496,232.7449255
1461000,5.228999901,0.122887497,232.7416113
1461250,6.444000053,0.122478497,232.7487939
1461500,5.623999882,0.122541996,232.7094586
1461750,6.286999969,0.122544499,232.7255707
1462000,6.285000019,0.122537996,232.7238263
1462250,5.63599987,0.122565497,232.6971594
1462500,6.417999916,0.122670496,232.7091937
1462750,5.227999916,0.122628997,232.674613
1463000,6.53100008,0.122542996,232.6977875
1463250,5.64899992,0.122781497,232.73461
1463500,6.199000015,0.122925997,232.72586
1463750,5.224999905,0.122600496,232.7393829
1464000,6.553999996,0.122781498,232.7229871
1464250,5.817999935,0.122656497,232.7544043
1464500,5.928999958,0.122404997,232.7554834
1464750,6.539000053,0.122654997,232.7090271
1465000,5.702999916,0.122516496,232.7032275
1465250,5.702999916,0.122516496,232.7032275
1465500,6.097999992,0.122873497,232.6794019
1465750,5.224999905,0.122580497,232.7314178
1466000,6.524000034,0.122561496,232.7328436
1466250,5.913999977,0.122829998,232.7308954
1466500,5.850999928,0.122708497,232.7292749
1466750,6.534000072,0.122663996,232.692561
1467000,5.789999905,0.122616498,232.7116895
1467250,6.020999966,0.122268998,232.6956653
1467500,5.258999901,0.122623997,232.7112769
1467750,6.475999947,0.122978998,232.7231616
1468000,5.989999981,0.122620498,232.703739
1468250,5.746999893,0.122826997,232.6879956
1468500,6.526000042,0.123152497,232.7364581
1468750,5.859999943,0.122939497,232.7279089
1469000,5.882999916,0.122851496,232.7200653
1469250,5.309999905,0.122727997,232.7376184
1469500,6.418000031,0.123084498,232.7290192
1469750,6.08,0.122844496,232.7507355
1470000,5.638999939,0.122905996,232.7531433
1470250,6.527000065,0.122666997,232.7532898
1470500,5.944999962,0.122706998,232.6848248
1470750,5.864999981,0.122638998,232.7022339
1471000,6.597000065,0.122629997,232.7229694
1471250,5.242999878,0.122936996,232.6988831
1471500,6.184999981,0.122648496,232.7354669
1471750,6.184999981,0.122648496,232.7354669
1472000,5.610999928,0.122811998,232.7331934
1472250,6.47300005,0.122481497,232.7378992
1472500,6.044999981,0.122500998,232.7246899
1472750,5.716999912,0.122675998,232.7354187
1473000,6.574000053,0.122670498,232.7039966
1473250,5.237999878,0.122689496,232.6811548
1473500,6.263000011,0.122168498,232.7087225
1473750,5.559999866,0.122160498,232.7083063
1474000,6.362999992,0.122810496,232.7182593
1474250,6.121000042,0.122627998,232.7374579
1474500,5.644999866,0.122929997,232.6915234
1474750,6.564000092,0.122768996,232.6875
1475000,5.233999882,0.122658997,232.6941541
1475250,6.332000027,0.122774498,232.6815289
1475500,5.580999889,0.122727498,232.6976117
1475750,6.318999977,0.122843996,232.6980103
1476000,6.210000038,0.122512496,232.7363611
1476250,5.592999878,0.122752997,232.7227179
1476500,6.502000065,0.122674998,232.6746399
1476750,6.043999958,0.122798497,232.6989612
1477000,5.732999954,0.122646498,232.6911523
1477250,5.480999947,0.122976496,232.7044183
1477500,6.221999989,0.122853996,232.7238116
1477750,6.277000046,0.122746997,232.7237787
1478000,5.586999912,0.122626498,232.72289
1478250,5.586999912,0.122626498,232.72289
1478500,6.534000053,0.122624998,232.6998547
1478750,5.229999886,0.122993499,232.7292932
1479000,6.491000023,0.122740496,232.7135675
1479250,5.645999908,0.122467996,232.6991699
1479500,6.149000015,0.122362497,232.7265582
1479750,6.381000061,0.122407497,232.7443787
1480000,5.372999878,0.122543996,232.7466345
1480250,5.672999935,0.122394998,232.7120349
1480500,5.907999897,0.122629997,232.7056323
1480750,6.569000053,0.122769496,232.7079871
1481000,5.747999897,0.122865998,232.6971161
1481250,6.197999992,0.122527996,232.6922162
1481500,6.433000031,0.122989999,232.7133423
1481750,5.302999897,0.122899499,232.7461633
1482000,5.944999962,0.122579497,232.7100494
1482250,5.842999973,0.122454498,232.6810437
1482500,6.510000038,0.122693996,232.6970251
1482750,5.761999912,0.122544497,232.7151074
1483000,5.977999992,0.122838996,232.7089429
1483250,6.485000038,0.122564496,232.7448486
1483500,5.66199995,0.123058996,232.7328894
1483750,6.291000004,0.122226497,232.7068481
1484000,5.224999905,0.122471997,232.7024146
1484250,6.561000061,0.122823495,232.6841772
1484500,5.82399992,0.122777998,232.6839398
1484750,5.82399992,0.122777998,232.6839398
1485000,6.019999924,0.122279497,232.6902484
1485250,6.489000034,0.122652495,232.7002185
1485500,5.604999943,0.122592995,232.6916498
1485750,6.023999977,0.122569496,232.6767731
1486000,5.258999901,0.122405997,232.6861835
1486250,6.517000027,0.122606498,232.7238348
1486500,5.954999924,0.122704997,232.7166992
1486750,5.813999977,0.122483495,232.7280988
1487000,6.576000042,0.122969,232.70513
1487250,5.245999889,0.122297997,232.6912103
1487500,6.199000015,0.122538996,232.6790826
1487750,5.651999836,0.122565996,232.7469214
1488000,6.456000023,0.122627997,232.7149524
1488250,5.907999973,0.123185497,232.7507025
1488500,5.70699995,0.122168998,232.7112305
1488750,6.555000038,0.122171497,232.6901477
1489000,5.235999889,0.122891496,232.6807544
1489250,6.302000046,0.122456497,232.7217603
1489500,5.617999897,0.122539499,232.7033386
1489750,6.405999908,0.122727497,232.7203687
1490000,6.155999947,0.122783996,232.6917932
1490250,5.624999905,0.122388999,232.6967822
1490500,5.586999931,0.122481997,232.6942615
1490750,6.162999992,0.122387498,232.6970996
1491000,6.421999912,0.122364997,232.7011609
1491250,6.421999912,0.122364997,232.7011609
1491500,5.597999859,0.122687996,232.7038501
1491750,6.305999985,0.122857498,232.7326105
1492000,6.196000004,0.122587497,232.7142114
1492250,5.574999905,0.122696995,232.7078717
1492500,6.564000053,0.122482497,232.6955548
1492750,5.236999893,0.122239996,232.6959253
1493000,6.471000042,0.122565497,232.6869196
1493250,5.615999889,0.122427497,232.698175
1493500,6.247999916,0.122494496,232.6981543
1493750,6.281000023,0.122573997,232.676322
1494000,5.434999905,0.122939498,232.6946741
1494250,5.765999928,0.122805499,232.729809
1494500,6.007999916,0.122702497,232.7235547
1494750,6.549999962,0.122193997,232.7186719
1495000,5.682999897,0.122713498,232.7315576
1495250,6.138999996,0.122668997,232.6744995
1495500,5.224999905,0.122636997,232.7072119
1495750,6.625000095,0.122731997,232.6983374
1496000,5.873999882,0.122301497,232.7053137
1496250,5.928999977,0.122606497,232.6853687
1496500,6.594999962,0.122780497,232.7386749
1496750,5.252999878,0.122561996,232.7094141
1497000,6.073000011,0.122612997,232.7318042
1497250,5.654999943,0.122586997,232.7129877
1497500,6.527000065,0.122506497,232.6846667
1497750,6.527000065,0.122506497,232.6846667
1498000,5.934999943,0.122703496,232.7149463
1498250,5.794999943,0.122937996,232.7311633
1498500,6.455000038,0.122926998,232.6950092
1498750,5.820999889,0.122505998,232.6874512
1499000,5.972999859,0.122760499,232.6979974
1499250,5.292999897,0.122521996,232.738089
1499500,6.438000031,0.122633997,232.7063782
1499750,6.056000004,0.122911997,232.724306
1500000,5.678999882,0.122938998,232.7027734
1500250,6.536000023,0.122724995,232.7235712
1500500,5.916999912,0.122646497,232.7199719
1500750,5.88699995,0.123019496,232.6794373
1501000,6.594999962,0.123113498,232.6939703
1501250,5.253999863,0.122659495,232.6948297
1501500,6.126000042,0.122689998,232.7177136
1501750,5.592999897,0.122588497,232.6948175
 , , , 
