Name,Out_Active_Power_Station_6,Out_Current_Station_6,Out_Voltage_Station_6
0,4.391999912,0.120659997,232.7190955
250,5.224999905,0.120752497,232.7483124
500,4.915999908,0.120521498,232.7164185
750,4.259999914,0.120765996,232.7070105
1000,5.224999905,0.120448499,232.7281903
1250,4.022999935,0.120879497,232.720249
1500,5.204999905,0.121138996,232.7373688
1750,5.224999905,0.120596498,232.6916425
2000,3.867999916,0.120477499,232.7188574
2250,5.18899992,0.120591497,232.6962524
2500,4.326999912,0.120793497,232.7267236
2750,4.761999931,0.120476497,232.7096539
3000,4.915999908,0.120174997,232.7442151
3250,4.246999922,0.120326496,232.6976129
3500,5.224999905,0.120861495,232.705553
3750,5.024999895,0.120585499,232.734801
4000,4.120999928,0.120708998,232.7249921
4250,5.223999901,0.120434496,232.7342908
4500,5.137999897,0.120400499,232.7113617
4750,3.968999929,0.120216996,232.6814435
5000,5.209999847,0.120671996,232.6805811
5250,5.209999847,0.120671996,232.6805811
5500,5.189999905,0.120790497,232.7191791
5750,3.87699996,0.120455497,232.7330896
6000,5.215999889,0.120231996,232.7255438
6250,5.224999905,0.120460497,232.7062903
6500,3.828999929,0.120471496,232.7028815
6750,5.207999897,0.120531996,232.7268024
7000,4.216999912,0.120491996,232.6998328
7250,4.91099987,0.120329497,232.6811615
7500,4.911999884,0.120424997,232.7057471
7750,4.366999931,0.120376996,232.6841125
8000,5.224999905,0.120460496,232.7224017
8250,4.888999891,0.120662496,232.7237836
8500,4.212999926,0.120276997,232.7158917
8750,5.224999905,0.120580998,232.7254755
9000,5.015999889,0.120682997,232.7188
9250,4.095999928,0.120480995,232.7044574
9500,5.223999901,0.120887997,232.7090021
9750,5.154999905,0.120735997,232.7329718
10000,3.867999964,0.120354997,232.7260248
10250,5.216999874,0.120640996,232.7304883
10500,3.910999908,0.120137497,232.7328406
10750,5.10799984,0.119962997,232.7025085
11000,5.199999809,0.120135499,232.6648181
11250,4.076999865,0.120034997,232.7102264
11500,5.017999878,0.120487998,232.7136658
11750,5.017999878,0.120487998,232.7136658
12000,4.651999912,0.120797996,232.7258411
12250,4.490999928,0.120519999,232.7231549
12500,5.224999905,0.120790497,232.7390271
12750,4.772999907,0.120254496,232.7093402
13000,4.205999947,0.120810997,232.7228735
13250,5.224999905,0.120426996,232.7246179
13500,3.904999924,0.120474497,232.7124811
13750,5.215999889,0.120770998,232.7267603
14000,4.096999912,0.120806998,232.7084528
14250,5.027999897,0.120256995,232.7130994
14500,5.224999905,0.120608997,232.6976501
14750,4.231999922,0.120480496,232.7114587
15000,4.891999931,0.120558496,232.7486884
15250,4.789999914,0.120381496,232.7044568
15500,4.202999935,0.120653999,232.7228339
15750,5.224999905,0.120377997,232.7264026
16000,4.91599988,0.120046997,232.6760535
16250,4.229999886,0.120199995,232.7074609
16500,5.223999901,0.120523998,232.7215088
16750,3.916999941,0.120614996,232.730412
17000,5.203999901,0.120886997,232.7102026
17250,5.224999905,0.120759497,232.7303149
17500,3.871999941,0.120558996,232.7396906
17750,5.187999916,0.120229497,232.7194586
18000,4.380999928,0.120453997,232.7157886
18250,4.380999928,0.120453997,232.7157886
18500,4.784999905,0.120301998,232.737746
18750,5.224999905,0.120660998,232.7510315
19000,4.51899992,0.120433497,232.7213141
19250,4.576999912,0.120454998,232.7252045
19500,5.015999889,0.120637997,232.705777
19750,4.088999958,0.121202498,232.7257391
20000,5.224999905,0.120755998,232.7061243
20250,5.189999905,0.120358997,232.7192798
20500,3.966999969,0.120446999,232.7243634
20750,5.222999897,0.120430999,232.7419684
21000,5.224999905,0.120033498,232.7326166
21250,3.917999935,0.120316497,232.739552
21500,5.214999886,0.120629496,232.7522205
21750,4.104999905,0.120372496,232.7193805
22000,5.060999908,0.120164497,232.7407245
22250,5.224999905,0.120706496,232.7166095
22500,4.227999907,0.120737997,232.7169012
22750,4.884999886,0.120837997,232.7192548
23000,5.224999905,0.120755998,232.7349463
23250,4.473999891,0.120720496,232.759939
23500,4.753999901,0.120452495,232.7120416
23750,4.959999895,0.120236995,232.7139545
24000,4.212999887,0.120623996,232.7007159
24250,5.224999905,0.120409999,232.720387
24500,5.085999889,0.120577498,232.6952032
24750,5.085999889,0.120577498,232.6952032
25000,4.078999949,0.120369997,232.7210504
25250,5.197999802,0.120092996,232.7042542
25500,5.181999874,0.120493996,232.6835413
25750,3.98399992,0.121247498,232.7079028
26000,5.261999817,0.121302996,232.7159064
26250,3.959999886,0.121002997,232.7137915
26500,5.133999882,0.120889496,232.71245
26750,5.224999905,0.120901497,232.7169604
27000,4.049999933,0.120793497,232.7331134
27250,5.072999916,0.120773498,232.7349097
27500,5.224999905,0.120991497,232.727594
27750,4.197999907,0.120786498,232.7219128
28000,4.903999901,0.120564497,232.7348016
28250,4.785999908,0.120404997,232.7243542
28500,4.391999912,0.120582997,232.7353296
28750,5.224999905,0.121715498,232.7100012
29000,5.224999905,0.120922996,232.7211615
29250,4.469999886,0.121253496,232.6953613
29500,4.637999935,0.121940498,232.705274
29750,5.224999905,0.121754497,232.7013953
30000,5.224999905,0.121343998,232.7147101
30250,4.224999924,0.121254998,232.7225012
30500,4.910999832,0.121150998,232.7319934
30750,5.219999886,0.121259997,232.7538965
31000,4.349999876,0.120854999,232.7173907
31250,4.349999876,0.120854999,232.7173907
31500,4.611999912,0.121090499,232.7163739
31750,5.224999905,0.121053996,232.7235944
32000,4.623999901,0.121197998,232.7330743
32250,4.495999918,0.121163497,232.7287457
32500,5.224999905,0.121125498,232.7237958
32750,5.224999905,0.121016997,232.7055524
33000,4.20599988,0.121160997,232.7242554
33250,16.0019993,0.669397494,232.6076422
33500,232.3519965,1.186503954,232.4944421
33750,265.0169946,1.215351958,232.4963312
34000,264.3499988,1.215141969,232.4882025
34250,264.7230005,1.213583961,232.4900909
34500,263.6649963,1.212485971,232.4922815
34750,263.7799927,1.211374483,232.4765717
35000,262.8819934,1.210139976,232.5083685
35250,263.4339905,1.208743453,232.470528
35500,263.3309998,1.208118982,232.4726416
35750,262.4609961,1.207162447,232.4785693
36000,262.552002,1.206379972,232.484787
36250,262.1169995,1.205577989,232.4969531
36500,261.3579993,1.204793963,232.4687457
36750,262.1589954,1.204522967,232.4890656
37000,261.4619946,1.203332481,232.4729224
37250,261.3790002,1.202566466,232.4729779
37500,261.2009998,1.202417979,232.5114832
37750,261.2009998,1.202417979,232.5114832
38000,262.3009973,1.20163147,232.4981696
38250,260.8949976,1.201199465,232.4936243
38500,260.9069983,1.20040647,232.5181464
38750,260.297998,1.199592943,232.5028015
39000,259.5110022,1.198800445,232.4886395
39250,260.7799976,1.198246465,232.5121436
39500,260.5379968,1.197410989,232.4988
39750,260.0369958,1.196639986,232.5222577
40000,260.1939929,1.195985994,232.5044037
40250,259.2009985,1.195438476,232.5166669
40500,259.1569995,1.195344982,232.5291681
40750,259.2540015,1.194530458,232.5170685
41000,260.2099951,1.193746996,232.544411
41250,258.9760034,1.193141956,232.540683
41500,259.079989,1.193035479,232.513476
41750,258.5339917,1.192875476,232.5451953
42000,259.7549915,1.19205348,232.5116473
42250,258.27099,1.19146246,232.5120551
42500,258.5719812,1.19124548,232.5044275
42750,259.0359937,1.191173964,232.5058905
43000,257.6349976,1.190399961,232.5065533
43250,258.1449805,1.190150962,232.5017535
43500,258.406991,1.189538984,232.5196167
43750,258.5099878,1.189319487,232.5305414
44000,257.4719971,1.18847146,232.4961786
44250,257.4719971,1.18847146,232.4961786
44500,258.7119873,1.188036971,232.5013019
44750,257.3279944,1.18726397,232.498252
45000,257.5779858,1.187142467,232.5347937
45250,257.2729993,1.186719475,232.5104755
45500,257.4929993,1.186564474,232.5034418
45750,257.7629901,1.186051965,232.5020258
46000,256.6449988,1.185607972,232.5082416
46250,257.2250061,1.18513896,232.5134009
46500,257.2250061,1.184663968,232.5010022
46750,257.2250061,1.185136962,232.4929694
47000,257.2250061,1.185339479,232.5016431
47250,257.2739966,1.185155964,232.5370337
47500,256.7249988,1.184388471,232.5331317
47750,256.688996,1.183852463,232.5094586
48000,257.0389929,1.183839984,232.511582
48250,256.5219916,1.183599467,232.4928448
48500,256.1709937,1.182829971,232.5042358
48750,257.3309998,1.182412472,232.552085
49000,256.2809888,1.181992474,232.5191144
49250,256.3479993,1.181882463,232.5202563
49500,255.773999,1.181411481,232.5246423
49750,256.813996,1.180649981,232.5070276
50000,255.5079993,1.180587959,232.5018079
50250,256.637998,1.180518966,232.5113239
50500,255.6599988,1.179856467,232.5067224
50750,255.6599988,1.179856467,232.5067224
51000,255.7699988,1.179550481,232.5122479
51250,256.4999976,1.17902946,232.5287689
51500,254.7659955,1.178326983,232.5142181
51750,255.5029993,1.17837297,232.4932904
52000,255.5839966,1.177913465,232.5366022
52250,255.3299939,1.177304974,232.5070966
52500,255.1119934,1.177017469,232.528241
52750,255.4719916,1.176875968,232.5349426
53000,255.4749908,1.176236973,232.509256
53250,254.2549963,1.175675449,232.527674
53500,255.2039941,1.175655484,232.5283063
53750,255.2629974,1.175801449,232.5241156
54000,254.5609985,1.17485045,232.5232593
54250,254.4659961,1.174644451,232.5438031
54500,254.433996,1.174233975,232.5216534
54750,255.0159943,1.174053473,232.5246747
55000,253.9899969,1.173942456,232.5049799
55250,254.7409918,1.173460979,232.5218109
55500,254.768996,1.172657967,232.5210339
55750,254.1629938,1.172259459,232.5418353
56000,253.75,1.172064486,232.513114
56250,253.75,1.172161474,232.5249683
56500,255.0529938,1.171681476,232.5133844
56750,253.7959973,1.170861492,232.5177448
57000,253.0699994,1.170807481,232.5264343
57250,253.0699994,1.170807481,232.5264343
57500,253.3119965,1.170588479,232.5127954
57750,254.2229913,1.170160975,232.5701678
58000,253.5099915,1.169586473,232.5508972
58250,253.1689948,1.169631977,232.5127875
58500,253.5199939,1.169205489,232.5076733
58750,253.4320007,1.16833148,232.4880713
59000,253.7249908,1.168544965,232.5245764
59250,252.3539941,1.168430443,232.5222028
59500,253.2119965,1.168021474,232.5197595
59750,253.0569946,1.167299981,232.5251776
60000,252.4929974,1.167192464,232.4858008
60250,252.471991,1.167121983,232.5156952
60500,253.1419934,1.16650445,232.5281683
60750,252.5679956,1.166217976,232.5247382
61000,252.0899872,1.165816464,232.5233679
61250,253.0839941,1.165544963,232.5348138
61500,252.861991,1.164859486,232.5427222
61750,252.5259955,1.16479548,232.5190088
62000,252.0839893,1.164718971,232.5225684
62250,252.2789905,1.164431973,232.5146796
62500,252.0899915,1.164005466,232.4937689
62750,250.9580005,1.163774948,232.512243
63000,251.9700049,1.163497467,232.5152979
63250,251.8489972,1.162989454,232.5145135
63500,251.8039972,1.162734981,232.5221008
63750,251.8039972,1.162734981,232.5221008
64000,251.9750061,1.162483969,232.5193219
64250,251.9750061,1.162232475,232.5301166
64500,251.9050049,1.162001462,232.5126904
64750,250.7459973,1.161576958,232.5300085
65000,252.2199982,1.161170974,232.510177
65250,250.757995,1.161025982,232.4953607
65500,251.5879974,1.160617485,232.5197052
65750,250.3059912,1.160040474,232.5066931
66000,251.3549982,1.160039458,232.5375061
66250,251.717998,1.159955482,232.5243964
66500,250.4319946,1.159340963,232.527561
66750,251.227998,1.159230475,232.5376984
67000,250.4299951,1.158655968,232.5163971
67250,251.4909979,1.158196969,232.5280963
67500,250.2529993,1.157841477,232.5239929
67750,250.25,1.157802467,232.5319122
68000,251.6639966,1.157503986,232.5211316
68250,250.0399908,1.157700963,232.5513232
68500,250.1629974,1.15677547,232.5416345
68750,250.7250061,1.156973481,232.5303619
69000,250.4750012,1.156490993,232.5288013
69250,251.1209985,1.156012974,232.531026
69500,250.5749988,1.155545478,232.5144421
69750,249.8129968,1.155670485,232.5339929
70000,249.357995,1.15532496,232.5019464
70250,249.357995,1.15532496,232.5019464
70500,250.5919983,1.154864964,232.5143713
70750,250.0459979,1.154890971,232.535769
71000,249.7519965,1.15415947,232.5248334
71250,250.7250061,1.153890977,232.5338885
71500,248.8709949,1.153522463,232.5416809
71750,250.1999915,1.153258486,232.5416431
72000,249.2469916,1.153067465,232.531759
72250,249.6109949,1.152950468,232.5092981
72500,249.1519891,1.152671986,232.4985852
72750,249.5469891,1.152475009,232.5179468
73000,250.1179938,1.152352967,232.5204248
73250,248.8539893,1.151790943,232.4795129
73500,248.7059955,1.151294446,232.5141632
73750,249.8599896,1.151235485,232.4982123
74000,248.6819946,1.151182971,232.5299768
74250,248.8609973,1.151088457,232.4804578
74500,249.2459912,1.1507265,232.499436
74750,248.5399988,1.149924965,232.488714
75000,248.6299939,1.149809952,232.5221643
75250,248.7519928,1.149287968,232.5402661
75500,248.5,1.149393959,232.492226
75750,248.2889978,1.149423952,232.5074408
76000,248.4200043,1.148877492,232.5008905
76250,249.5149963,1.148391471,232.5277789
76500,247.2599927,1.14794497,232.5414569
76750,247.2599927,1.14794497,232.5414569
77000,248.5379968,1.147950482,232.5286371
77250,247.8209955,1.147652459,232.5144336
77500,248.2579999,1.147485976,232.5025079
77750,248.4319946,1.147084956,232.5262982
78000,248.2109961,1.146651459,232.504259
78250,247.4079926,1.14656198,232.517608
78500,247.937998,1.146821966,232.5101373
78750,247.8499976,1.146345463,232.5074493
79000,247.6749969,1.145584483,232.4916101
79250,247.6349969,1.145484462,232.4951825
79500,248.0300031,1.145046463,232.483028
79750,247.0980035,1.144947972,232.502569
80000,247.6569977,1.144856486,232.5155792
80250,247.2049915,1.14421948,232.5100024
80500,247.1509943,1.144194989,232.5082056
80750,246.7579956,1.144224458,232.5146991
81000,247.7379944,1.143574481,232.5310309
81250,247.1079999,1.143277974,232.5016101
81500,247.9149982,1.143124976,232.5299945
81750,246.9929968,1.142528958,232.5425153
82000,246.9749994,1.142550445,232.5334821
82250,246.5579968,1.14201046,232.5142444
82500,246.922995,1.141787481,232.5207538
82750,246.7509998,1.141605482,232.5067383
83000,246.9369965,1.141085482,232.5336444
83250,246.9369965,1.141085482,232.5336444
83500,246.75,1.141187992,232.5155945
83750,246.9369965,1.141173978,232.5139215
84000,246.75,1.140903487,232.5272186
84250,245.6049963,1.139902983,232.5402094
84500,246.1919916,1.140247483,232.5192139
84750,246.6999927,1.139842968,232.5309784
85000,247.09,1.14000246,232.5265698
85250,245.9179956,1.139281459,232.5369128
85500,247.0309979,1.13916997,232.5201862
85750,246.0009973,1.13884347,232.5318195
86000,246.2889935,1.13887598,232.5272272
86250,246.4199896,1.138385015,232.533913
86500,245.5179974,1.138132977,232.5134155
86750,246.7239911,1.13815846,232.5358984
87000,245.1459949,1.137614985,232.5320428
87250,245.6149969,1.137229452,232.5294672
87500,245.8659912,1.13707449,232.5202203
87750,246.8270007,1.137518969,232.5485645
88000,245.5079901,1.137229452,232.5412415
88250,245.4749908,1.136426482,232.5570264
88500,246.1039935,1.136410956,232.5445374
88750,245.4399933,1.13557498,232.5392328
89000,246.0079926,1.135306463,232.5410846
89250,245,1.135442967,232.5446088
89500,245.1139978,1.134997954,232.5267853
89750,245.1139978,1.134997954,232.5267853
90000,245.0759979,1.135214462,232.4918335
90250,245.2969977,1.13521996,232.5347614
90500,245.1479974,1.134565959,232.5184662
90750,245.3139972,1.134049459,232.5444836
91000,245.0209985,1.134395471,232.5287115
91250,244.8339941,1.13401897,232.5324139
91500,244.9719897,1.133324962,232.5427295
91750,244.9749908,1.133075957,232.5198254
92000,245.1349921,1.133133483,232.5259332
92250,245.2669958,1.13314796,232.5464734
92500,243.9129999,1.132460985,232.5304932
92750,245.0179938,1.132767467,232.5213708
93000,244.9309998,1.13215498,232.5319604
93250,243.7799982,1.129635472,232.5316187
93500,243.2769934,1.12367547,232.5180353
93750,241.5,1.120720477,232.5384363
94000,241.1919977,1.114582982,232.5442664
94250,239.2239978,1.111049457,232.5127863
94500,239.1689972,1.107882986,232.5435608
94750,236.7759949,1.10455297,232.5473785
95000,236.7739954,1.103517466,232.5347076
95250,237.3899939,1.098234468,232.5273395
95500,234.3049957,1.09410799,232.5483533
95750,234.8899908,1.091275983,232.5513147
96000,233.9029944,1.086513982,232.5697687
96250,233.9029944,1.086513982,232.5697687
96500,231.620993,1.081881475,232.5775781
96750,231.7879938,1.075155478,232.5869775
97000,228.4189929,1.07177897,232.5505627
97250,229.6289893,1.067879949,232.5576898
97500,227.8979968,1.064517479,232.5496014
97750,227.5029926,1.061461992,232.5654724
98000,227.8199951,1.057750468,232.5808051
98250,223.0819983,1.054409461,232.5758252
98500,227.7969928,1.050740461,232.5271698
98750,224.3719946,1.047884502,232.5755054
99000,220.7929938,1.045461469,232.5772339
99250,225.8279938,1.042656956,232.5746838
99500,220.9919928,1.03846149,232.5725879
99750,221.5539923,1.038566961,232.5703705
100000,221.8660004,1.032585969,232.5551868
100250,220.0489984,1.030356455,232.5623065
100500,219.7299951,1.024840965,232.54789
100750,217.7899951,1.02346849,232.5611224
101000,218.4339948,1.016603475,232.5856909
101250,216.4309949,1.012693462,232.5924811
101500,213.1619922,1.00881248,232.5904901
101750,216.7439966,1.007525463,232.5804004
102000,212.9899945,1.005815997,232.5613232
102250,212.4929968,0.998080492,232.5703082
102500,213.8399969,0.999766467,232.5559064
102750,213.8399969,0.999766467,232.5559064
103000,211.8069946,0.998749986,232.5738324
103250,213.4879962,0.997154484,232.5787616
103500,211.667998,0.998406477,232.5687439
103750,212.5649969,0.996503468,232.5627301
104000,212.6849994,0.998142481,232.5683783
104250,211.5759955,0.996121471,232.5706848
104500,212.1559937,0.991946487,232.5586584
104750,210.4329974,0.994167485,232.5609393
105000,210.1239978,0.996187482,232.5780164
105250,214.2479938,0.999176469,232.595282
105500,210.7079956,0.996732984,232.5665137
105750,212.2969946,1.000429492,232.5703845
106000,213.9649957,0.996205478,232.5839105
106250,210.2249982,0.998347983,232.5531793
106500,213.3079956,1.00133297,232.5733826
106750,212.9099915,1.001550994,232.5321967
107000,213.4650006,1.002017462,232.559494
107250,213.21599,1.003573976,232.5623718
107500,212.2879999,1.001608498,232.5066205
107750,213.9279974,1.003508484,232.5198846
108000,213.0489954,1.005626473,232.5194733
108250,214.0719995,1.009877975,232.5439642
108500,217.6849933,1.014676976,232.529563
108750,213.2099945,1.014292479,232.5389478
109000,215.2149939,1.007702973,232.5327576
109250,215.2149939,1.007702973,232.5327576
109500,216.2139948,1.011111972,232.5228949
109750,212.8929968,1.01530498,232.5626471
110000,217.3669916,1.022294979,232.5714124
110250,218.6819983,1.022885976,232.5494647
110500,215.320993,1.022175975,232.53479
110750,219.9349976,1.024394989,232.5376599
111000,217.3169989,1.023358493,232.5344312
111250,218.7099957,1.025842481,232.5514056
111500,219.028996,1.028190479,232.52737
111750,218.855,1.027822971,232.5283618
112000,218.881001,1.024132986,232.5564264
112250,217.6429926,1.021898971,232.5634283
112500,218.2699915,1.022476459,232.5652966
112750,218.1989966,1.022008991,232.5580261
113000,216.407995,1.027315464,232.5506818
113250,220.6289978,1.02913599,232.5652179
113500,220.9389948,1.03054698,232.5438586
113750,216.2899951,1.024539471,232.5745935
114000,219.5829944,1.021703968,232.5489825
114250,217.6929956,1.022257967,232.5409076
114500,215.8939978,1.020347481,232.5429773
114750,218.1279938,1.016852489,232.5447461
115000,217.0119879,1.015851991,232.555058
115250,216.0019934,1.01653748,232.57245
115500,216.7330005,1.016066475,232.5458813
115750,216.7330005,1.016066475,232.5458813
116000,216.1359943,1.011049972,232.5549445
116250,216.5009973,1.013660486,232.5614911
116500,215.0519971,1.015009966,232.5693048
116750,216.4479938,1.007359483,232.5652277
117000,213.2439929,1.001747475,232.5536835
117250,211.8689978,1.005133979,232.5645764
117500,215.0399957,0.998154976,232.5713055
117750,211.8319965,1.002933977,232.5720313
118000,211.4019977,0.993654468,232.572912
118250,211.9329932,0.991896462,232.5752802
118500,209.702998,0.991002967,232.5838898
118750,211.7239911,0.990391467,232.5792999
119000,210.4639978,0.991161966,232.5798901
119250,210.9129938,0.990902467,232.5719482
119500,209.6079926,0.984505467,232.5858606
119750,208.1209943,0.985208485,232.5769788
120000,210.5669952,0.983889971,232.5774646
120250,206.6999963,0.973662987,232.5754346
120500,205.4489948,0.978237972,232.5902875
120750,209.0509943,0.97344547,232.5682898
121000,206.0189978,0.974160976,232.5728418
121250,206.3759955,0.975075486,232.5993927
121500,206.932995,0.972785981,232.6043805
121750,205.2399957,0.964994988,232.608692
122000,205.6909943,0.970373476,232.585722
122250,205.6909943,0.970373476,232.585722
122500,206.1489941,0.968343484,232.5787463
122750,203.4489978,0.947555475,232.5773865
123000,189.7419965,0.887882979,232.5853455
123250,192.9519965,0.949601471,232.5769464
123500,203.8419977,0.961080461,232.5625861
123750,200.7689978,0.931408477,232.599549
124000,172.8219934,0.814566967,232.6096741
124250,174.0749976,0.886259475,232.5814752
124500,194.6209967,0.948582976,232.5886255
124750,199.0889996,0.913022003,232.6038501
125000,155.5689966,0.737463481,232.6587622
125250,136.7399982,0.747950482,232.6303149
125500,134.3149976,0.751036475,232.6418976
125750,170.0009933,0.910636992,232.574682
126000,156.7529974,0.775039485,232.6380255
126250,149.2939954,0.824322991,232.6487134
126500,163.4019977,0.789209988,232.6353064
126750,152.1589978,0.761179497,232.6435358
127000,142.5329956,0.74326097,232.606098
127250,141.5989978,0.74142647,232.6560913
127500,113.1949982,0.557381475,232.695993
127750,90.64099823,0.637224977,232.6546075
128000,111.0839993,0.665341976,232.6537598
128250,105.8009979,0.622209494,232.6375409
128500,81.29699738,0.493743488,232.6981177
128750,81.29699738,0.493743488,232.6981177
129000,80.91399902,0.622144485,232.6945819
129250,102.8509988,0.592908986,232.6914832
129500,111.3029971,0.711705475,232.6535242
129750,126.4509976,0.683982482,232.6688013
130000,113.4269971,0.708504486,232.674234
130250,127.7189981,0.736050487,232.6706659
130500,135.3890009,0.748322983,232.6390161
130750,132.004996,0.680085473,232.6376025
131000,117.7619968,0.688949482,232.6355615
131250,124.9099966,0.734375989,232.6406354
131500,128.1409961,0.688511977,232.6483716
131750,119.832998,0.71484997,232.6285187
132000,122.4439969,0.688467495,232.6476593
132250,127.2169946,0.75232698,232.6605511
132500,147.6019971,0.77150748,232.6126208
132750,135.8529993,0.704290984,232.6718744
133000,128.181998,0.747826977,232.6601392
133250,145.696994,0.785278997,232.6362573
133500,149.1239954,0.758091989,232.6411926
133750,133.6329999,0.717862473,232.6374658
134000,127.1720001,0.729922488,232.6236658
134250,136.5559949,0.757800474,232.6024554
134500,141.2889978,0.759692974,232.6483551
134750,135.9809998,0.740135975,232.6489777
135000,137.8849948,0.792271492,232.6442413
135250,137.8849948,0.792271492,232.6442413
135500,154.075,0.792500987,232.6114117
135750,153.4829993,0.773557496,232.6141479
136000,139.9179968,0.731346481,232.6346344
136250,135.262998,0.764565473,232.6180414
136500,161.3059949,0.861042478,232.6117053
136750,173.3789923,0.832512472,232.6189294
137000,154.1679974,0.790197978,232.6260748
137250,151.871994,0.775842485,232.6220508
137500,147.2319971,0.802419472,232.6340668
137750,149.8210022,0.726925488,232.6512744
138000,125.5659961,0.744112492,232.6354504
138250,150.9519971,0.766953986,232.6368176
138500,137.7319995,0.760517974,232.6314172
138750,135.4299976,0.743940971,232.6501569
139000,143.9539966,0.85684247,232.5971783
139250,176.9749982,0.833140972,232.6170892
139500,150.0929987,0.798762977,232.591778
139750,159.4489978,0.772135487,232.6361237
140000,131.270997,0.759924481,232.6174084
140250,139.7899945,0.724345989,232.6259393
140500,122.0139975,0.636920474,232.6718359
140750,97.8569986,0.691602478,232.6123077
141000,146.6749982,0.754136982,232.6342462
141250,130.8289978,0.722671492,232.6289355
141500,142.3889978,0.716692491,232.6519324
141750,142.3889978,0.716692491,232.6519324
142000,119.6989975,0.692956975,232.622688
142250,125.9309952,0.674819982,232.6211591
142500,100.9739987,0.694373982,232.6530029
142750,155.163999,0.797552476,232.6361749
143000,149.3719971,0.706465991,232.6061127
143250,114.2179953,0.657921989,232.6283154
143500,122.5329968,0.682557993,232.6121802
143750,116.370997,0.675358984,232.6403259
144000,125.7139975,0.65065249,232.6467712
144250,80.75999664,0.609726484,232.64724
144500,123.6989972,0.652644978,232.6609698
144750,79.04399841,0.512662494,232.674494
145000,101.3879985,0.596785476,232.6628558
145250,85.50299957,0.579222989,232.655896
145500,118.2409985,0.672126987,232.6351086
145750,92.22699646,0.602819991,232.6321558
146000,125.5449963,0.667563481,232.6182654
146250,96.48699768,0.602909992,232.6592664
146500,134.5099982,0.712369492,232.6602655
146750,91.14899689,0.603125987,232.6547546
147000,123.9619971,0.676918995,232.6418481
147250,90.29199951,0.528307992,232.6814178
147500,99.15499817,0.643713479,232.6412292
147750,88.78799713,0.538655981,232.675672
148000,98.85099884,0.643076487,232.647049
148250,98.85099884,0.643076487,232.647049
148500,85.43799866,0.547864488,232.6820813
148750,105.1309976,0.644790995,232.6606018
149000,87.8839978,0.480239493,232.673042
149250,84.40999878,0.563692989,232.681333
149500,72.09499817,0.463774995,232.6837708
149750,83.45699768,0.608016473,232.6685413
150000,68.79099884,0.463031993,232.6927405
150250,96.05499725,0.661374984,232.6593658
150500,90.635,0.471742989,232.6990649
150750,74.6689978,0.572222483,232.6709045
151000,100.7289975,0.611196482,232.6714026
151250,71.33699768,0.399551996,232.7108356
151500,64.88999878,0.522600489,232.6754022
151750,47.09999969,0.33399999,232.6840057
152000,55.14399826,0.500636479,232.6673401
152250,56.0859993,0.382618992,232.696424
152500,70.1209996,0.599634979,232.6634094
152750,61.91099869,0.364329482,232.7230096
153000,59.48399872,0.547963984,232.6945856
153250,56.97099838,0.335366991,232.7072681
153500,45.06199917,0.434350989,232.664173
153750,41.03199928,0.257805495,232.7090161
154000,26.21999928,0.371031991,232.6861145
154250,68.91499802,0.540462997,232.6805524
154500,62.30199768,0.338625488,232.712345
154750,62.30199768,0.338625488,232.712345
155000,36.24199951,0.419814482,232.6898004
155250,49.39299881,0.306669993,232.6942725
155500,28.1129998,0.304593991,232.7075208
155750,34.94999886,0.338654492,232.6897687
156000,45.06799957,0.371007484,232.7030194
156250,40.46099899,0.26850149,232.728811
156500,24.63299973,0.311609994,232.6650256
156750,40.65399879,0.291283989,232.6640259
157000,27.62599998,0.270052494,232.6956097
157250,25.56300079,0.234473994,232.7300903
157500,24.77999985,0.30024049,232.7102814
157750,37.24499939,0.279892498,232.7098602
158000,30.14799934,0.338619491,232.6888049
158250,45.32099907,0.301041992,232.7221838
158500,27.00799973,0.296625488,232.6983148
158750,36.80499893,0.281711992,232.7234802
159000,19.9759996,0.322434989,232.7197144
159250,38.14299789,0.273998492,232.7394507
159500,28.75399925,0.32937249,232.6939636
159750,45.01099861,0.295237993,232.7083154
160000,20.28399986,0.244594994,232.6905542
160250,26.29899994,0.255030993,232.7207892
160500,28.29899887,0.319477999,232.6739612
160750,40.58099892,0.28069799,232.6983038
161000,25.14999931,0.267233994,232.6964099
161250,25.14999931,0.267233994,232.6964099
161500,35.32899979,0.292032996,232.7196338
161750,29.11699928,0.305858493,232.6727075
162000,42.43399918,0.373822993,232.6688342
162250,51.76399826,0.40503149,232.6547217
162500,54.68499832,0.343102994,232.6593658
162750,31.0789991,0.31395699,232.7058862
163000,40.51099884,0.30806749,232.6875061
163250,25.25299965,0.397860997,232.6386896
163500,74.88799698,0.431647981,232.6790918
163750,47.87399887,0.408054491,232.6809076
164000,63.84099762,0.423519496,232.6738574
164250,47.79999847,0.404956995,232.6676294
164500,62.42699875,0.423599484,232.6509399
164750,47.13999939,0.360105988,232.6798596
165000,54.77999924,0.374582493,232.6696552
165250,48.97399765,0.405421495,232.6798651
165500,60.45799805,0.398788999,232.6789392
165750,32.62899933,0.310911999,232.726554
166000,59.2489978,0.48130548,232.6555542
166250,84.00399963,0.561808481,232.6761505
166500,66.29499832,0.404634988,232.6972437
166750,64.43199875,0.47033649,232.6825037
167000,50.02899887,0.353493493,232.6949121
167250,70.95199783,0.572851485,232.6448029
167500,61.58699844,0.388144979,232.7039777
167750,61.58699844,0.388144979,232.7039777
168000,71.21999878,0.610559981,232.6435535
168250,75.92699799,0.416326489,232.6759448
168500,67.3779985,0.533366989,232.659566
168750,70.40499817,0.426138989,232.6546698
169000,67.33299759,0.491581485,232.6680133
169250,62.83299911,0.426672988,232.666026
169500,83.60899841,0.633223982,232.6484113
169750,87.79799835,0.473930491,232.6817053
170000,72.10599854,0.557339988,232.6624255
170250,80.53899841,0.495499494,232.6818164
170500,89.11799957,0.64798948,232.6700812
170750,91.84399826,0.486326984,232.6716589
171000,99.43699738,0.706819968,232.6008893
171250,101.8680005,0.492676488,232.6642584
171500,94.83699677,0.742947981,232.6245563
171750,117.1119977,0.566610484,232.6793616
172000,99.97199646,0.682304988,232.6323615
172250,114.6409995,0.574943488,232.637395
172500,70.63499817,0.516146481,232.6594745
172750,102.7459975,0.642779479,232.6410614
173000,93.30999847,0.590295992,232.651969
173250,111.5439984,0.678209994,232.6438446
173500,91.42699768,0.567678981,232.6529053
173750,107.8499988,0.644654982,232.6326965
174000,94.59199951,0.551368494,232.6574994
174250,94.59199951,0.551368494,232.6574994
174500,99.62199951,0.617617972,232.6141071
174750,80.65699707,0.553601482,232.6524487
175000,114.7099963,0.721764476,232.6333142
175250,117.5509964,0.648427477,232.6510107
175500,121.2109991,0.692821469,232.6129877
175750,96.71899841,0.535675973,232.6568909
176000,91.50799713,0.651713982,232.6386334
176250,104.1159967,0.627854486,232.6187708
176500,110.1249988,0.661819997,232.6201874
176750,112.7159976,0.66731199,232.6177521
177000,163.4289941,0.964857478,232.5628412
177250,147.7349976,0.696039979,232.6158337
177500,99.6539975,0.551380988,232.6495709
177750,117.5429977,0.911227965,232.5627142
178000,207.0099927,1.003009961,232.5323047
178250,212.027998,0.993452475,232.545979
178500,210.8559973,0.986425979,232.5364734
178750,209.8999939,0.983948977,232.5394482
179000,208.656994,0.984214482,232.5473132
179250,209.2659943,0.978608477,232.5516669
179500,187.7399933,0.797282495,232.632323
179750,95.7789978,0.487252483,232.6539954
180000,82.9339978,0.599968498,232.6538416
180250,88.35499786,0.550641985,232.6537457
180500,101.2170004,0.668594971,232.6302271
180750,101.2170004,0.668594971,232.6302271
181000,146.4189975,0.907887967,232.5498578
181250,206.5809937,0.982889466,232.5383942
181500,211.1799963,0.987234972,232.5432996
181750,207.5389966,0.982008982,232.5082172
182000,209.2219965,0.982266977,232.5507379
182250,205.9849927,0.90454747,232.5982251
182500,137.2680005,0.618089981,232.6638287
182750,87.91499725,0.538579986,232.6617938
183000,105.9559982,0.72092598,232.5793298
183250,125.4609982,0.586573987,232.6356812
183500,60.73699844,0.339532989,232.6848108
183750,63.80599922,0.731037972,232.5667542
184000,183.8089954,0.978700976,232.555835
184250,212.237998,0.988931475,232.5414667
184500,209.4409973,0.985084479,232.5472791
184750,208.4689941,1.019650998,232.5284027
185000,222.8509949,0.83135648,232.6035559
185250,88.85099762,0.527808486,232.6601453
185500,74.0039978,0.476535984,232.6704974
185750,66.42699829,0.546042488,232.6435114
186000,104.3709988,0.591296985,232.6643683
186250,63.77300026,0.426941986,232.660954
186500,126.6399966,0.929879973,232.5588116
186750,207.2099921,0.983832979,232.5077863
187000,209.3439935,0.983055475,232.5382764
187250,209.3439935,0.983055475,232.5382764
187500,208.625,0.979229479,232.5258185
187750,200.611994,0.906395993,232.578714
188000,105.8889965,0.382315985,232.7113147
188250,19.46799988,0.221387991,232.7191144
188500,20.77999924,0.218247497,232.7298096
188750,27.40799973,0.279401493,232.7318494
189000,30.6779995,0.278819997,232.7043384
189250,39.18099945,0.264960497,232.7202472
189500,18.38699928,0.200683994,232.7105701
189750,17.78999989,0.201526492,232.7107141
190000,17.99599968,0.200941995,232.7161938
190250,17.54299973,0.194917493,232.7152887
190500,16.3239994,0.188454494,232.6921039
190750,19.39699944,0.213476996,232.7073853
191000,21.51899963,0.259038496,232.7129047
191250,31.2039991,0.24671899,232.7147803
191500,23.5959993,0.239378496,232.6862006
191750,18.50699966,0.471574481,232.6372736
192000,165.8719968,0.965635478,232.5401111
192250,209.7319983,0.985918972,232.5400903
192500,209.4129926,0.988606477,232.5254022
192750,212.1509943,0.988567967,232.549361
193000,181.3039966,0.777287982,232.6403833
193250,69.44699684,0.332726489,232.7074939
193500,22.71099915,0.242067991,232.7347479
193750,22.71099915,0.242067991,232.7347479
194000,21.94899948,0.224622995,232.7153394
194250,22.80799973,0.231432996,232.6764246
194500,23.44699982,0.208824492,232.7097931
194750,17.0939996,0.213736997,232.7323541
195000,21.6459996,0.223672994,232.7223132
195250,21.57799957,0.235115492,232.7081793
195500,26.53799919,0.232501992,232.7288733
195750,20.59999962,0.191223992,232.7059229
196000,18.59399921,0.22654849,232.6896973
196250,26.46599937,0.238044493,232.7141217
196500,24.20099907,0.237801992,232.7046918
196750,26.36099907,0.253249494,232.7091864
197000,28.24199928,0.264160492,232.7278021
197250,25.29999992,0.202559994,232.6983789
197500,20.62499969,0.242644494,232.7000964
197750,27.17699921,0.247958992,232.6844263
198000,24.35299957,0.245000988,232.73729
198250,28.70099976,0.254674997,232.7275061
198500,38.26399933,0.308556986,232.7127551
198750,33.13099915,0.258385993,232.7183856
199000,28.50299881,0.25022049,232.6973486
199250,27.73999954,0.253031496,232.6957623
199500,26.61299919,0.262229494,232.6907068
199750,38.65699921,0.317972988,232.7062323
200000,37.98299927,0.259710995,232.7055865
200250,37.98299927,0.259710995,232.7055865
200500,26.29399971,0.244211995,232.7139392
200750,26.07399994,0.239562989,232.7070972
201000,25.06899971,0.232851494,232.707345
201250,31.12299873,0.296524495,232.685564
201500,34.64299835,0.256133493,232.7063293
201750,26.51300003,0.242436489,232.6889709
202000,24.55399963,0.233572993,232.7056824
202250,24.01699959,0.235850492,232.7253125
202500,23.79099884,0.238045495,232.7069299
202750,25.11999924,0.231490991,232.6870996
203000,24.18699951,0.228053493,232.6907507
203250,21.68699921,0.227133995,232.6977942
203500,23.25199928,0.227359493,232.6953705
203750,21.92300003,0.217221497,232.7013525
204000,18.7029998,0.211916993,232.6927869
204250,27.76200012,0.286413496,232.7407037
204500,27.73799904,0.215419994,232.7212152
204750,21,0.219946994,232.7319623
205000,21,0.213775496,232.7372906
205250,20.24399971,0.208364499,232.6881171
205500,19.20299904,0.209387492,232.6963074
205750,19.57500008,0.213670492,232.7209949
206000,21.14299988,0.215082495,232.698056
206250,19.44099968,0.211269495,232.6841614
206500,18.29799973,0.203304493,232.701059
206750,18.29799973,0.203304493,232.701059
207000,17.5,0.203030996,232.693515
207250,18.31999969,0.206062495,232.7055402
207500,19.22500038,0.210841494,232.7225549
207750,18.96400024,0.206569495,232.7065778
208000,18.18199974,0.206764494,232.7260187
208250,19.23600021,0.208592994,232.7112317
208500,19.38900009,0.209404494,232.7081311
208750,19.87699936,0.202443995,232.7008246
209000,17.48099884,0.195947495,232.6884302
209250,17.5,0.202477498,232.7331934
209500,17.89999992,0.205310492,232.6892676
209750,19.21900017,0.213321492,232.7122113
210000,20.46199951,0.212975493,232.7073541
210250,19.35399963,0.209110494,232.7113293
210500,19.90499969,0.210017496,232.7041711
210750,19.89299927,0.215570492,232.7152484
211000,22.70499992,0.244061496,232.713996
211250,27.90199898,0.249497994,232.7046851
211500,24.20999939,0.235523493,232.6936261
211750,28.8789994,0.31490099,232.6902661
212000,50.76899841,0.339775996,232.6882678
212250,32.72899895,0.270335995,232.7060303
212500,32.82899925,0.317271994,232.6739301
212750,45.83299927,0.330129992,232.7031189
213000,39.63899872,0.3477355,232.6813959
213250,39.63899872,0.3477355,232.6813959
213500,57.27299896,0.415264484,232.6988196
213750,56.88199875,0.422024487,232.6964191
214000,65.31299805,0.436240492,232.6721307
214250,63.00399643,0.429716485,232.6926599
214500,66.9429982,0.463476995,232.7035687
214750,74.54199768,0.483808492,232.7093488
215000,75.12299713,0.507081485,232.6681989
215250,87.29899933,0.530141985,232.6715155
215500,70.22099884,0.509195994,232.6483722
215750,84.63599731,0.541283484,232.6708185
216000,88.11499725,0.51636398,232.6716016
216250,77.00599884,0.531911002,232.681145
216500,97.04899872,0.581790488,232.6480341
216750,95.44100006,0.600762978,232.6526855
217000,105.9899969,0.625577986,232.6462421
217250,91.95899841,0.567359974,232.6384851
217500,95.52299927,0.56753499,232.6707703
217750,79.93799927,0.523684493,232.6734973
218000,92.23599915,0.547948983,232.6623712
218250,85.25799866,0.555586997,232.6352594
218500,103.5439972,0.610543993,232.6707361
218750,75.77799927,0.492409476,232.6566071
219000,79.16899872,0.515024478,232.6514587
219250,84.52899933,0.535617483,232.6577301
219500,85.65399719,0.514048501,232.6791455
219750,85.65399719,0.514048501,232.6791455
220000,85.76100037,0.567649479,232.6489069
220250,104.7399966,0.628111987,232.6498743
220500,68.95999756,0.469475492,232.6816492
220750,77.93399902,0.51466699,232.6788995
221000,72.55299866,0.470943996,232.6833386
221250,87.40900055,0.565025475,232.6515131
221500,79.84899872,0.471646491,232.6608264
221750,79.27899872,0.514359987,232.6627563
222000,61.45299866,0.400106989,232.6795453
222250,68.30999893,0.498558494,232.6985846
222500,63.81999847,0.410677991,232.6919788
222750,67.27899887,0.492688485,232.6541064
223000,55.31299927,0.379066489,232.6953632
223250,68.69399933,0.486365992,232.6932343
223500,51.05899948,0.335114492,232.7107532
223750,47.94499825,0.410018486,232.6677875
224000,47.62399872,0.333830992,232.6836908
224250,50.42599854,0.416247492,232.6884344
224500,70.31499878,0.475386488,232.678667
224750,66.91799866,0.421801995,232.6637042
225000,49.14499832,0.353448997,232.6614496
225250,60.70499893,0.512459995,232.6418091
225500,54.58299942,0.347468492,232.6770685
225750,65.63699768,0.600739489,232.6381677
226000,82.64499756,0.454832993,232.7182263
226250,82.64499756,0.454832993,232.7182263
226500,79.85199783,0.611904995,232.666377
226750,74.81599884,0.382292991,232.6999701
227000,42.6869986,0.409589983,232.6876495
227250,44.57299904,0.290971496,232.70591
227500,46.40599838,0.454242994,232.657453
227750,59.63299713,0.349924986,232.6951013
228000,48.85299904,0.47564549,232.6661902
228250,57.13499878,0.307526995,232.6965717
228500,35.33899902,0.377191491,232.6986658
228750,47.88599846,0.320055985,232.7020734
229000,60.57699837,0.55288348,232.6670099
229250,71.15899963,0.358933995,232.67513
229500,48.11999954,0.511295485,232.6806659
229750,64.04899933,0.340405492,232.6862909
230000,47.26799896,0.480207493,232.6734161
230250,62.87499786,0.329710492,232.7047687
230500,19.52699944,0.228598996,232.7049432
230750,31.90499985,0.373075986,232.7056335
231000,54.24599854,0.320866991,232.6901941
231250,23.96299904,0.230784994,232.7239948
231500,42.18999878,0.44278349,232.6734229
231750,71.47099792,0.363509991,232.7167236
232000,40.5669986,0.4765895,232.6871515
232250,69.14599747,0.389345989,232.7088513
232500,47.69599884,0.497612482,232.6835388
232750,47.69599884,0.497612482,232.6835388
233000,82.31199799,0.465616492,232.6920422
233250,60.69299759,0.507564483,232.6844324
233500,83.01599854,0.468549981,232.6976331
233750,57.61699982,0.447587991,232.667995
234000,67.27499786,0.435092998,232.6734747
234250,65.15299927,0.447048994,232.669613
234500,66.8119986,0.449388989,232.6542981
234750,70.99599792,0.458351998,232.6425818
235000,67.20599976,0.436870492,232.6600415
235250,63.2609996,0.404920497,232.6594348
235500,59.37899872,0.488461998,232.6650995
235750,85.67599915,0.528336987,232.6631268
236000,82.50799744,0.549846487,232.6565796
236250,95.15099792,0.564356477,232.63789
236500,86.40299744,0.544540488,232.6392273
236750,92.59899658,0.552527976,232.6243457
237000,81.0669989,0.558156483,232.6489923
237250,95.81499756,0.574781501,232.6404553
237500,87.70400208,0.547505,232.6754431
237750,87.7119989,0.5647175,232.6584558
238000,92.61499878,0.541440485,232.6614972
238250,80.55699829,0.509671984,232.6669318
238500,82.82599915,0.578284984,232.6593976
238750,102.8369992,0.587283485,232.6716858
239000,89.35099854,0.577186491,232.6541193
239250,89.35099854,0.577186491,232.6541193
239500,103.433996,0.620342977,232.6472107
239750,103.7079971,0.607852981,232.6561792
240000,102.7359961,0.599353483,232.6719043
240250,92.68299866,0.534896486,232.6649066
240500,86.32799591,0.534048479,232.6862897
240750,88.6769986,0.538245993,232.6953339
241000,85.87899719,0.539908984,232.6472272
241250,96.2509964,0.585468976,232.6217377
241500,94.2019986,0.559329989,232.643468
241750,92.23099792,0.53750349,232.644314
242000,90.85099823,0.556934986,232.6619458
242250,94.58399994,0.572949991,232.664491
242500,97.58299774,0.567089484,232.6280499
242750,91.66099945,0.508691484,232.6603998
243000,78.1539978,0.48807799,232.6636902
243250,90.72099823,0.560449989,232.6400421
243500,102.1629984,0.58127048,232.6545654
243750,88.87399963,0.533791986,232.6530255
244000,106.6019977,0.661453991,232.6151398
244250,111.8979987,0.609887984,232.6248309
244500,106.2619974,0.59120599,232.6545618
244750,90.04699738,0.541752971,232.6592023
245000,107.7229959,0.653239489,232.6534607
245250,117.8809964,0.668561478,232.6405994
245500,117.8659964,0.691932979,232.6069128
245750,117.8659964,0.691932979,232.6069128
246000,131.4929956,0.732027957,232.6089282
246250,121.2109964,0.659635999,232.61948
246500,128.4539987,0.742668967,232.5862036
246750,142.9139984,0.763234477,232.6339868
247000,141.1599951,0.751439981,232.6304907
247250,135.963999,0.742267475,232.6324188
247500,131.6019977,0.72584147,232.6040356
247750,131.8760028,0.728182991,232.623465
248000,122.0379935,0.670044487,232.648371
248250,127.4079987,0.740516989,232.6104602
248500,130.2850006,0.678029983,232.6649298
248750,121.1669968,0.711851966,232.6442346
249000,117.6379947,0.636054988,232.6341864
249250,102.3569989,0.574087474,232.6569141
249500,96.51600067,0.612451987,232.643858
249750,111.4569989,0.661105468,232.6310095
250000,102.1559976,0.549416993,232.6570728
250250,96.16099792,0.610884979,232.6446442
250500,101.6219965,0.59424649,232.6378156
250750,101.3309979,0.66068646,232.6213861
251000,110.7739957,0.613168483,232.6406653
251250,107.2199957,0.656985977,232.6154797
251500,107.5389978,0.60414099,232.6183636
251750,100.9979968,0.556849492,232.6602631
252000,91.70299744,0.565891485,232.6757965
252250,91.70299744,0.565891485,232.6757965
252500,95.33799927,0.559451995,232.6378888
252750,88.15599854,0.523184979,232.6755707
253000,86.55999817,0.558622983,232.6707245
253250,94.58599823,0.586874492,232.6604382
253500,98.28399902,0.571133487,232.6265778
253750,93.62099731,0.565141981,232.6492889
254000,95.73299774,0.600591986,232.6382172
254250,88.67199829,0.499922485,232.6657776
254500,78.89199615,0.544675989,232.6749927
254750,100.7179977,0.670195997,232.6481531
255000,118.6579974,0.648977976,232.650473
255250,116.2709982,0.721575983,232.6278979
255500,128.0839966,0.695883501,232.6191241
255750,127.0809973,0.754051983,232.5886841
256000,136.795,0.731974995,232.6015955
256250,126.5429962,0.718437483,232.6156659
256500,130.5839938,0.732557468,232.6124841
256750,122.4859943,0.676874979,232.6331635
257000,117.0719965,0.657826979,232.6537347
257250,103.8359982,0.592554979,232.634433
257500,94.01399811,0.605962985,232.6505627
257750,107.5429987,0.657251489,232.6495703
258000,114.1949973,0.666110001,232.6386194
258250,118.1249988,0.694382989,232.6011554
258500,126.7209967,0.693346982,232.619408
258750,126.7209967,0.693346982,232.619408
259000,116.5819971,0.693881981,232.6086359
259250,120.5359985,0.686643479,232.5988348
259500,115.5039993,0.660750988,232.6212659
259750,110.2459988,0.688348987,232.6254083
260000,122.8389984,0.659807985,232.6239722
260250,112.7429999,0.659487467,232.6173016
260500,121.4449966,0.69536797,232.6469678
260750,124.0109988,0.732042472,232.6363062
261000,130.4129968,0.720996475,232.6398163
261250,126.5309964,0.74353399,232.5976111
261500,140.4769965,0.75784797,232.6108429
261750,134.7769968,0.743814979,232.6073224
262000,143.2139963,0.80076998,232.5980023
262250,156.0059937,0.820387471,232.5992908
262500,159.6649957,0.831546469,232.5681451
262750,168.748996,0.857502489,232.5994659
263000,169.5219958,0.85064548,232.5876843
263250,171.4689984,0.883449967,232.5535925
263500,177.9029974,0.871489482,232.5847137
263750,163.6839996,0.878675981,232.5953845
264000,184.776994,0.905826991,232.5940186
264250,181.6209949,0.907723987,232.5821307
264500,186.6139978,0.892704985,232.609256
264750,169.2879938,0.879637978,232.5658875
265000,178.8139984,0.887032976,232.5959857
265250,178.8139984,0.887032976,232.5959857
265500,170.4279956,0.854386475,232.6066669
265750,167.6219928,0.854689975,232.5685297
266000,166.2830011,0.856311483,232.5756665
266250,168.8079993,0.83517298,232.5904584
266500,141.2159967,0.767958999,232.606507
266750,152.2659961,0.799086976,232.5942493
267000,152.2429987,0.787938969,232.5973145
267250,142.316994,0.763337476,232.6212653
267500,149.7209973,0.80248898,232.6029376
267750,155.7819983,0.829202476,232.5696497
268000,162.6819922,0.832708473,232.5823993
268250,155.052995,0.796595004,232.5927808
268500,150.9049957,0.800018966,232.561026
268750,149.5970013,0.779734979,232.5794952
269000,146.6529968,0.796777999,232.6020392
269250,152.2259985,0.802836971,232.5604419
269500,148.8669977,0.793871479,232.5802026
269750,153.6769971,0.827643974,232.5673267
270000,161.0789984,0.816311476,232.5831934
270250,150.3459979,0.771104994,232.5910968
270500,143.0119989,0.755678978,232.6010608
270750,136.4239941,0.739745991,232.6032483
271000,130.6029959,0.736827476,232.5980322
271250,129.8729977,0.724077971,232.6457312
271500,130.6329956,0.723279483,232.652522
271750,130.6329956,0.723279483,232.652522
272000,128.1039966,0.687548482,232.6378503
272250,106.8859979,0.576334507,232.6288031
272500,99.26999664,0.616282487,232.6327704
272750,98.40399628,0.585587983,232.6323022
273000,102.5599976,0.63607548,232.6505389
273250,100.525997,0.58035749,232.6294263
273500,97.90599792,0.592561476,232.6296985
273750,97.85099854,0.611744974,232.6489789
274000,105.0159976,0.631128478,232.6565619
274250,107.2849985,0.628102982,232.6297961
274500,118.0339966,0.729725986,232.5967847
274750,121.7389978,0.651959984,232.6274768
275000,114.5459973,0.672366478,232.6222083
275250,105.102998,0.573634977,232.6612244
275500,83.92299805,0.488247994,232.6451086
275750,77.21599915,0.494333485,232.6566022
276000,72.09399933,0.44363048,232.6526019
276250,68.58299988,0.460103989,232.6644727
276500,73.56699921,0.48300299,232.6699774
276750,71.15099976,0.44528749,232.6796417
277000,64.20099792,0.431626495,232.6469275
277250,61.61899811,0.391886989,232.7012311
277500,61.47299911,0.416800492,232.6549872
277750,59.89299881,0.404713491,232.6607867
278000,56.82699875,0.377270999,232.6625067
278250,56.82699875,0.377270999,232.6625067
278500,55.4819986,0.409692488,232.6536011
278750,52.61899857,0.342419492,232.6888239
279000,43.18899902,0.325750993,232.6681128
279250,43.81199905,0.310836996,232.6924622
279500,43.36400116,0.328983994,232.6756165
279750,45.14499832,0.317095993,232.6949463
280000,43.04999863,0.323478991,232.6981396
280250,46.83699936,0.357022492,232.6991626
280500,47.2059993,0.337520494,232.7098029
280750,43.64399902,0.327019488,232.6960596
281000,45.2419989,0.320001489,232.6918457
281250,37.57099915,0.303277992,232.7224017
281500,40.97299881,0.312032993,232.7013043
281750,44.94799896,0.371567994,232.6501642
282000,53.28299911,0.379727991,232.7017999
282250,56.7879985,0.401129489,232.6963959
282500,64.95499802,0.478521981,232.6623694
282750,75.95899658,0.460234488,232.6694727
283000,66.80599854,0.434562993,232.6703943
283250,61.83999832,0.402940995,232.6827454
283500,60.44599823,0.418005487,232.6688623
283750,68.86299805,0.502516487,232.65953
284000,74.9879982,0.428287988,232.6192053
284250,59.85799911,0.452872486,232.6605145
284500,79.54999878,0.555342486,232.6231189
284750,79.54999878,0.555342486,232.6231189
285000,97.27599762,0.561730473,232.6260187
285250,92.93199738,0.554815471,232.642746
285500,87.55499847,0.52386948,232.6475714
285750,86.19899811,0.560260975,232.6513074
286000,100.4159967,0.640997992,232.6110669
286250,102.8039975,0.562769477,232.6376672
286500,93.22699738,0.589697487,232.6441223
286750,104.373999,0.645473969,232.6407135
287000,104.4029962,0.574705484,232.6293286
287250,93.75999878,0.616490488,232.6492505
287500,112.5659946,0.648074975,232.6265149
287750,114.4899945,0.662845986,232.614563
288000,114.4399969,0.669596,232.6268219
288250,116.6649982,0.668330469,232.6277002
288500,120.2109982,0.727612975,232.6026636
288750,142.7269965,0.789664478,232.5926166
289000,152.6469977,0.801756983,232.61901
289250,153.4370007,0.786335988,232.5912671
289500,153.3709985,0.833314483,232.5943958
289750,170.3759943,0.858024466,232.5926141
290000,163.052998,0.834608991,232.5999854
290250,157.2909998,0.821939991,232.6058514
290500,159.0219989,0.809990475,232.5996179
290750,151.048996,0.850989993,232.5788031
291000,181.8859991,0.90485146,232.5389063
291250,181.8859991,0.90485146,232.5389063
291500,186.3229968,0.920949986,232.569361
291750,187.1509961,0.945558472,232.5401935
292000,202.0389935,0.973821988,232.534837
292250,199.5829889,0.960454473,232.5119464
292500,202.0489941,0.96027446,232.5537744
292750,197.3640002,0.95488848,232.5514063
293000,198.9699945,0.949785976,232.5510425
293250,193.8540039,0.947687972,232.5589972
293500,194.5579932,0.948662481,232.5624207
293750,194.64,0.927557471,232.5742999
294000,182.456994,0.882105484,232.5740802
294250,175.1319946,0.907782481,232.5588489
294500,196.2159967,0.938730469,232.5526245
294750,189.7019995,0.924886978,232.5519916
295000,188.1959955,0.912178972,232.56125
295250,179.6670026,0.882065461,232.5573688
295500,179.587002,0.883673484,232.5764166
295750,164.7349921,0.875416987,232.5569952
296000,202.0659955,0.99602699,232.5527631
296250,212.1619952,1.000951996,232.5371136
296500,214.4359991,1.03137248,232.5360162
296750,228.1379962,1.067417965,232.512226
297000,221.8019958,1.023741958,232.4956256
297250,223.0809979,1.049093981,232.5191919
297500,218.1049963,1.023358984,232.5242834
297750,218.1049963,1.023358984,232.5242834
298000,223.2240009,1.020985472,232.5428973
298250,205.2719971,0.94421448,232.5607538
298500,187.9579974,0.918549972,232.5509412
298750,197.8419946,0.956965966,232.5237292
299000,204.373996,0.98792799,232.5355786
299250,211.3789966,0.981649485,232.5860565
299500,194.9559967,0.919154475,232.5737781
299750,186.3349939,0.899699979,232.5765228
300000,183.2339954,0.887722461,232.5843622
300250,172.4569934,0.879234993,232.5846082
300500,189.1289948,0.940007467,232.5512347
300750,178.4779956,0.839132981,232.5686499
301000,158.6789948,0.815195484,232.5961627
301250,152.5759985,0.771622975,232.6064819
301500,146.4399976,0.795348985,232.5949292
301750,144.6909973,0.758156962,232.602442
302000,129.1339951,0.704076474,232.6017926
302250,125.0739966,0.743688977,232.6090002
302500,144.0540002,0.790212476,232.5739471
302750,141.7019971,0.728065982,232.5989294
303000,133.5479956,0.746131983,232.6103174
303250,135.7269989,0.720220973,232.6067548
303500,126.2090005,0.706744468,232.5877936
303750,128.6789993,0.730402479,232.591394
304000,124.547998,0.695255466,232.6080646
304250,124.547998,0.695255466,232.6080646
304500,122.7599979,0.707403471,232.6211542
304750,108.3079999,0.551555483,232.6506073
305000,89.5619986,0.606114986,232.6064325
305250,102.0049982,0.588698483,232.6427698
305500,103.2059976,0.602471478,232.6352063
305750,89.98499695,0.523378986,232.6600067
306000,79.74499756,0.497066487,232.6574994
306250,73.08200043,0.44866798,232.6538416
306500,71.29599945,0.489576482,232.6674335
306750,66.62099838,0.38305699,232.6745807
307000,57.0069989,0.423958488,232.6698669
307250,62.15999939,0.395083995,232.6840826
307500,61.58799835,0.466612998,232.6868005
307750,64.82899734,0.373161986,232.6709875
308000,45.72699951,0.320898991,232.6862268
308250,52.03099823,0.441601492,232.6785602
308500,60.99199905,0.380243988,232.6858008
308750,46.4519986,0.333555988,232.6909338
309000,44.70699921,0.322792487,232.6998218
309250,46.72899918,0.330539488,232.7106854
309500,44.96999878,0.317020494,232.6992914
309750,42.29099945,0.329989997,232.6742334
310000,47.44799866,0.316240491,232.6968988
310250,47.48399796,0.374384993,232.7070984
310500,65.67999741,0.460375483,232.6514636
310750,65.67999741,0.460375483,232.6514636
311000,70.29799957,0.397855992,232.6741388
311250,55.33199905,0.392801983,232.6764813
311500,56.21499847,0.350506483,232.6887292
311750,51.69099915,0.41014748,232.6712085
312000,68.36399933,0.420375491,232.6786249
312250,63.99599823,0.409877992,232.6767383
312500,63.63399734,0.437503493,232.6576099
312750,66.11999969,0.396917492,232.6435516
313000,56.02599854,0.390864984,232.6634198
313250,57.38699783,0.380905986,232.6523956
313500,58.97399902,0.4119475,232.6483459
313750,75.43099792,0.526862487,232.6671747
314000,86.41499817,0.517005985,232.6327612
314250,76.84199951,0.438323994,232.6563031
314500,63.21599854,0.439590986,232.6599298
314750,70.50499847,0.464191489,232.6628583
315000,74.70899933,0.446249496,232.6644092
315250,64.34199921,0.447930491,232.6626898
315500,70.8719986,0.439427993,232.6746564
315750,62.28899933,0.375859493,232.6676337
316000,46.20999939,0.350356498,232.6756732
316250,55.98399857,0.382475995,232.6908588
316500,54.82399902,0.355862985,232.7085052
316750,46.07599945,0.313644497,232.6953058
317000,40.86899902,0.317737991,232.6963635
317250,40.86899902,0.317737991,232.6963635
317500,44.9659993,0.329313496,232.7148987
317750,50.36599838,0.356752484,232.699649
318000,54.57499939,0.422822486,232.6740668
318250,66.32599854,0.406948487,232.6648242
318500,56.32399826,0.393183987,232.6787219
318750,62.5669989,0.414552494,232.6825287
319000,66.67899902,0.459186985,232.6509375
319250,74.12099823,0.479999489,232.6437775
319500,73.7919986,0.472878487,232.6711938
319750,77.52699921,0.511744483,232.6631787
320000,82.70799744,0.487137499,232.6740338
320250,70.5969986,0.509498485,232.653598
320500,99.25999603,0.61617898,232.626922
320750,106.8199973,0.621480975,232.6355219
321000,108.0289975,0.611075983,232.6478564
321250,100.032998,0.610324986,232.6473041
321500,103.5739969,0.63003298,232.6552411
321750,113.095997,0.646139977,232.626731
322000,102.3909982,0.616345482,232.6394678
322250,108.8709979,0.650851979,232.6614581
322500,118.1899973,0.668270471,232.6299011
322750,110.6309961,0.639182467,232.611358
323000,106.8589932,0.641732993,232.5969391
323250,116.3819968,0.698568497,232.6352795
323500,123.2549979,0.67161447,232.6273907
323750,123.2549979,0.67161447,232.6273907
324000,110.2319974,0.648984487,232.6248572
324250,120.5439972,0.696040485,232.6127307
324500,131.73,0.753677971,232.606875
324750,147.7459943,0.789367492,232.5936102
325000,148.2039984,0.780299487,232.5838708
325250,149.0689984,0.798684947,232.5794904
325500,154.9049951,0.817494984,232.6028973
325750,164.0629956,0.850171969,232.5590405
326000,178.9799957,0.914910483,232.5622321
326250,194.2719952,0.936993973,232.5677826
326500,192.6279968,0.922854984,232.5793964
326750,192.8879907,0.956003973,232.5538403
327000,207.5019971,0.992298977,232.5288257
327250,205.830993,0.973856983,232.536546
327500,205.6289948,0.976146481,232.5340247
327750,208.2859943,0.978590465,232.5728027
328000,200.8469958,0.961295462,232.5577771
328250,206.165,0.97879848,232.5265637
328500,208.0709955,1.009725461,232.536723
328750,224.0759967,1.050879977,232.5186163
329000,208.0599963,0.942776966,232.5532208
329250,196.3949951,0.966821473,232.51685
329500,197.4139929,0.950471973,232.5443054
329750,204.8199963,0.978959489,232.5555383
330000,204.0119958,0.96717948,232.5672278
330250,204.0119958,0.96717948,232.5672278
330500,193.9139929,0.936000969,232.5976996
330750,200.9909961,0.97570498,232.5704736
331000,197.1959961,0.927274985,232.5945447
331250,192.1569989,0.948231981,232.5938849
331500,197.8669971,0.946136968,232.5857483
331750,185.408996,0.871221976,232.5781403
332000,167.7429993,0.847700994,232.6002985
332250,179.2979956,0.92236598,232.5608337
332500,185.6450061,0.885149975,232.5793243
332750,177.5919952,0.902736986,232.5937433
333000,191.6899945,0.951987481,232.5923688
333250,196.6889966,0.914143472,232.5582617
333500,187.7129974,0.952914984,232.5768256
333750,202.2889941,0.966513472,232.5646735
334000,198.1429926,0.932357972,232.5760004
334250,182.0419922,0.887470477,232.6121643
334500,182.2419952,0.921376481,232.5624579
334750,194.4909961,0.959140477,232.5555444
335000,194.7439935,0.897180481,232.579234
335250,177.6630005,0.904497466,232.5901874
335500,189.2949945,0.929265456,232.5734833
335750,184.842998,0.873909481,232.5853833
336000,177.6439954,0.918643975,232.6027783
336250,187.8619965,0.899142475,232.5766382
336500,186.8129938,0.912610481,232.6061932
336750,186.8129938,0.912610481,232.6061932
337000,182.2469983,0.886947973,232.5993964
337250,172.5249976,0.847120473,232.5864337
337500,159.535993,0.794455967,232.6258105
337750,147.0279993,0.810574477,232.5840424
338000,158.1389966,0.820895972,232.570481
338250,149.1109973,0.75926048,232.6258936
338500,141.7779962,0.785875475,232.5815863
338750,151.1219971,0.764682481,232.6092535
339000,142.6579974,0.784455488,232.6212421
339250,149.0729987,0.774869978,232.6015167
339500,145.683996,0.803238461,232.6093213
339750,148.6309973,0.765562978,232.6271222
340000,137.7089929,0.738594494,232.6195038
340250,124.8819958,0.686411483,232.6045892
340500,116.7419971,0.676090977,232.6461957
340750,113.5159979,0.60336499,232.6560364
341000,93.68499969,0.584758475,232.6599042
341250,96.0819986,0.526546478,232.6722827
341500,80.49099854,0.515544492,232.6635931
341750,78.7669986,0.476249495,232.6918127
342000,71.73199982,0.487254992,232.6656085
342250,72.56399719,0.444889504,232.6931934
342500,60.70699814,0.357693987,232.7016754
342750,42.38299805,0.311462488,232.694682
343000,40.1859993,0.301817989,232.7271777
343250,40.1859993,0.301817989,232.7271777
343500,40.57399933,0.311438491,232.7048914
343750,40.92499908,0.307319489,232.6840088
344000,41.57099884,0.312712483,232.6839386
344250,42.97099884,0.313858498,232.6841791
344500,37.98899948,0.303007493,232.6788837
344750,42.02699997,0.303070995,232.7190503
345000,39.09999832,0.306051991,232.6759387
345250,39.74099854,0.302536494,232.683233
345500,40.28999863,0.30961349,232.709986
345750,42.60099869,0.310041492,232.6961902
346000,39.63199768,0.297782494,232.6753259
346250,39.45999954,0.299145992,232.7273315
346500,38.43699829,0.299957994,232.6970135
346750,40.14999939,0.306140493,232.669967
347000,40.72299942,0.306257495,232.6964105
347250,41.00999832,0.307248992,232.6967218
347500,41.82199905,0.315928,232.7024744
347750,39.9769989,0.303024989,232.7021863
348000,42.3019989,0.308689995,232.712691
348250,41.47000015,0.311770489,232.6968555
348500,40.29899872,0.301739489,232.7199615
348750,40.59399918,0.307378491,232.678714
349000,42.52199921,0.322788491,232.6705212
349250,43.09699814,0.30527649,232.6910724
349500,42.59999847,0.355242987,232.6807385
349750,42.59999847,0.355242987,232.6807385
350000,58.75999786,0.397697488,232.6782965
350250,59.46399841,0.397164494,232.7007947
350500,58.19499939,0.414389992,232.675733
350750,67.13899811,0.421341989,232.6591412
351000,58.35499832,0.410783987,232.648454
351250,66.18899948,0.442846988,232.6644977
351500,57.91399796,0.354116491,232.672641
351750,47.2069986,0.344907485,232.7077856
352000,50.02099915,0.340332985,232.6764886
352250,49.89099899,0.325865486,232.7090869
352500,39.08899887,0.308556989,232.7030591
352750,46.18299881,0.35454299,232.7060162
353000,57.19599792,0.41106999,232.6991833
353250,63.59699875,0.435354493,232.6886633
353500,68.53099915,0.429597999,232.6836499
353750,62.73999847,0.397723998,232.6490643
354000,50.99799881,0.325513995,232.6647534
354250,47.15599899,0.385193491,232.6741522
354500,72.65999847,0.501204488,232.7050598
354750,73.49199799,0.451671485,232.6445117
355000,66.72299866,0.43563049,232.680481
355250,54.75399963,0.336681495,232.6763953
355500,50.92799805,0.36535549,232.7045496
355750,50.78699951,0.386780981,232.730636
356000,68.63399841,0.460923487,232.6975
356250,68.63399841,0.460923487,232.6975
356500,74.22399872,0.498094478,232.6612512
356750,84.36300018,0.53423748,232.6500439
357000,83.17499847,0.489630985,232.6620032
357250,79.56899933,0.529140997,232.671532
357500,89.53899933,0.564451978,232.6357703
357750,99.21699738,0.600068996,232.6346686
358000,96.38899872,0.578159981,232.6596753
358250,109.5189969,0.672856972,232.651615
358500,122.7769965,0.705992973,232.6257355
358750,128.3419958,0.713450482,232.611391
359000,128.7979971,0.723663502,232.5966589
359250,134.8260034,0.754997473,232.5883545
359500,133.1799994,0.699097967,232.6231458
359750,127.5409973,0.747271485,232.6579535
360000,137.4349969,0.759498975,232.6161786
360250,147.7409961,0.786561987,232.5966888
360500,149.3119965,0.786442478,232.5934973
360750,143.3059998,0.770868466,232.5990179
361000,153.6329968,0.812386494,232.6080597
361250,151.9819934,0.767619979,232.6207306
361500,148.8059979,0.801001463,232.6113629
361750,157.1219995,0.81387548,232.6077765
362000,160.4430005,0.82749748,232.5934442
362250,173.7309985,0.90180248,232.5936987
362500,184.8649945,0.903144968,232.5737854
362750,184.8649945,0.903144968,232.5737854
363000,186.4369934,0.893838468,232.5675592
363250,180.8829962,0.897606475,232.5720227
363500,178.5009924,0.881821971,232.5726086
363750,189.7619946,0.933755481,232.5620636
364000,188.6409912,0.898030469,232.5551776
364250,178.2949988,0.88271996,232.5793646
364500,184.4649957,0.921734982,232.5730054
364750,193.6799921,0.959887481,232.564173
365000,199.7209979,0.942313967,232.5763135
365250,199.6689941,0.976781466,232.5113428
365500,210.8009961,0.996097977,232.5519299
365750,205.1229901,0.95825696,232.5603857
366000,206.5449969,1.023228986,232.5626483
366250,218.192995,0.987612975,232.568714
366500,201.5899994,0.983938479,232.5487695
366750,209.0729956,0.996615982,232.5545715
367000,218.237998,1.031559486,232.5180585
367250,215.7449963,1.022817969,232.55854
367500,217.2489978,1.009865997,232.5371918
367750,212.062995,0.985687962,232.5467413
368000,203.5489935,0.96386698,232.5457141
368250,203.6679944,0.980030463,232.5368353
368500,211.3199982,1.01867898,232.5156525
368750,216.7199939,0.98604147,232.5615869
369000,204.7099969,1.025737951,232.5475385
369250,204.7099969,1.025737951,232.5475385
369500,221.661994,1.041625485,232.5265314
369750,226.2839941,1.051062469,232.5244336
370000,219.5709912,1.038955488,232.5362018
370250,220.3099927,1.022749486,232.5597144
370500,221.0089911,1.053227983,232.5447455
370750,223.1669946,1.015944459,232.5119415
371000,206.8739966,0.973886478,232.5577338
371250,203.8319971,0.956864974,232.5563568
371500,194.5129968,0.951230977,232.5526093
371750,200.9109967,0.949487987,232.524314
372000,191.9349951,0.90518398,232.5920984
372250,175.1999976,0.875304465,232.5930969
372500,177.0549945,0.85413698,232.5933624
372750,168.2459961,0.854732969,232.5848035
373000,173.7449945,0.855161474,232.6045074
373250,165.8979968,0.87224247,232.5991785
373500,170.5969965,0.813317974,232.6086353
373750,147.0819958,0.776758986,232.6045227
374000,149.5809979,0.787318976,232.6180347
374250,155.5449988,0.825003967,232.6072986
374500,162.3709979,0.818528974,232.6355206
374750,149.431994,0.792579992,232.6559869
375000,150.735,0.79730598,232.6145947
375250,151.0069965,0.779919472,232.623562
375500,134.3219952,0.719702976,232.6682831
375750,134.3219952,0.719702976,232.6682831
376000,124.9199982,0.664692478,232.6446832
376250,110.3879987,0.627924986,232.6643115
376500,101.5069986,0.585737994,232.6749365
376750,93.42199677,0.536830492,232.6750348
377000,78.54999756,0.473673483,232.6761707
377250,67.9979985,0.389936488,232.6923254
377500,46.32999939,0.318407494,232.7158032
377750,42.07500076,0.311037483,232.7510114
378000,43.6959993,0.315135998,232.6972168
378250,40.65499954,0.307385992,232.693595
378500,42.95900024,0.312424996,232.7270905
378750,42.98099854,0.315458486,232.715899
379000,40.75499908,0.306359493,232.7207233
379250,42.36799896,0.30262449,232.6848126
379500,37.25099838,0.299257494,232.6792303
379750,38.93299866,0.299940491,232.6804565
380000,40.5619986,0.304055994,232.6934277
380250,37.48299957,0.302185489,232.7022516
380500,39.48499817,0.301294489,232.6934912
380750,39.94899963,0.305035497,232.7138745
381000,38.82699905,0.303424497,232.7247797
381250,40.06899887,0.307290491,232.7208331
381500,39.86799927,0.303617992,232.7165405
381750,39.94299744,0.302531987,232.6853625
382000,39.46899796,0.303283497,232.6715857
382250,39.46899796,0.303283497,232.6715857
382500,38.01199844,0.301921483,232.67521
382750,40.95299957,0.307584994,232.6896069
383000,40.29099823,0.311128994,232.68086
383250,40.21999878,0.301286495,232.7133099
383500,41.10499924,0.299536494,232.6908826
383750,36.54499863,0.297493997,232.6968079
384000,39.55099808,0.30889949,232.7008984
384250,43.05099884,0.308575007,232.6882886
384500,38.05600021,0.30772949,232.6995465
384750,42.54099884,0.317023493,232.6896497
385000,41.76199921,0.305274986,232.6993243
385250,40.31999969,0.311636487,232.6960266
385500,41.47499969,0.308910493,232.691153
385750,39.42299911,0.299029989,232.7036743
386000,39.65099838,0.306697499,232.6930176
386250,42.4119986,0.324062986,232.6856805
386500,42.19199951,0.302934991,232.7028589
386750,39.34899902,0.292847989,232.6891693
387000,35.74999939,0.297971489,232.6877063
387250,44.71699997,0.334312494,232.6863611
387500,44.68700058,0.315457486,232.667793
387750,49.0469989,0.391817483,232.6703717
388000,57.01399796,0.355009989,232.6790741
388250,50.47399933,0.372385991,232.672569
388500,57.43899811,0.403014486,232.6832739
388750,57.43899811,0.403014486,232.6832739
389000,63.31799835,0.438442996,232.6503687
389250,70.45599854,0.483369485,232.6428101
389500,72.59499908,0.452175001,232.6660663
389750,66.1589978,0.443937986,232.6887128
390000,59.78899887,0.364272983,232.6525391
390250,60.20899902,0.469330485,232.6631616
390500,83.92100006,0.539457984,232.6695062
390750,85.33299805,0.496673487,232.6686993
391000,76.78699738,0.524925498,232.6655847
391250,84.87999908,0.53572448,232.6538318
391500,89.25099884,0.548196986,232.6701764
391750,97.89299866,0.633790972,232.6425
392000,106.8279956,0.602384481,232.6458746
392250,104.9379968,0.634186983,232.6353625
392500,115.7139993,0.704145505,232.6378094
392750,128.8429956,0.724274969,232.6128656
393000,140.1769958,0.814393988,232.5800024
393250,166.6129968,0.828054466,232.6009625
393500,165.0830011,0.871910968,232.5905786
393750,174.9699902,0.85692898,232.5942969
394000,167.7599976,0.843070488,232.5769165
394250,167.975993,0.845572984,232.5900769
394500,164.0739996,0.818440986,232.6014758
394750,156.0200006,0.815180471,232.6014899
395000,158.9029907,0.830367482,232.5780493
395250,158.9029907,0.830367482,232.5780493
395500,165.2549945,0.855972486,232.5765771
395750,176.6309937,0.909390478,232.5736169
396000,191.5969952,0.921221478,232.5470587
396250,190.203996,0.934946976,232.5611963
396500,202.5129932,1.007960982,232.5492175
396750,221.7339948,1.058791971,232.5383124
397000,231.0649933,1.083341465,232.5554736
397250,229.6189941,1.057303476,232.5249628
397500,224.5509955,1.05448648,232.5238831
397750,227.4659967,1.062803974,232.5144342
398000,223.0229987,1.013302,232.5290588
398250,204.4319952,0.976133478,232.5443054
398500,212.1720013,1.034355459,232.5396716
398750,224.8649939,1.046362967,232.5405481
399000,221.6959961,1.003462977,232.546076
399250,204.6889948,1.024581957,232.5314569
399500,220.576994,1.008934488,232.5434265
399750,207.0869952,0.98881598,232.5301068
400000,210.453996,0.975153968,232.5478259
400250,191.6569958,0.91774298,232.5602814
400500,189.5609973,0.930142472,232.5573279
400750,193.9099939,0.928099477,232.5944458
401000,187.4849982,0.925001464,232.541748
401250,190.8309937,0.920184464,232.562489
401500,184.1869934,0.888530977,232.5871692
401750,184.1869934,0.888530977,232.5871692
402000,177.4419934,0.913233476,232.5574341
402250,190.4079968,0.918007488,232.6191968
402500,183.1079944,0.871582475,232.5905762
402750,167.8719952,0.855375497,232.5560565
403000,174.8149988,0.860707979,232.5907733
403250,165.8999957,0.816162972,232.6041705
403500,150.6259955,0.805658472,232.5844373
403750,153.8739966,0.796728981,232.6026166
404000,145.293999,0.778815494,232.5902985
404250,151.6389984,0.781994472,232.5877704
404500,140.0119995,0.730141497,232.6294897
404750,126.3579987,0.678486483,232.6168408
405000,118.0829965,0.658697975,232.6196503
405250,114.4889975,0.669757481,232.6395795
405500,124.8529974,0.714855478,232.6227411
405750,128.2319958,0.704718964,232.6375281
406000,122.8309988,0.693487971,232.6181781
406250,122.6799982,0.676226485,232.6114697
406500,109.6599985,0.594133489,232.6552386
406750,93.92299683,0.576448491,232.6309747
407000,99.58199768,0.588967488,232.6616101
407250,98.22099762,0.582794499,232.6322003
407500,98.78299988,0.585277984,232.6410095
407750,89.66399628,0.529508491,232.6688428
408000,85.64999908,0.535712979,232.6607617
408250,85.64999908,0.535712979,232.6607617
408500,90.91199615,0.559391494,232.6477393
408750,89.4219989,0.528668988,232.6334198
409000,80.31999634,0.468454994,232.6525287
409250,73.82499878,0.484885485,232.6521344
409500,79.09199768,0.512749484,232.6401013
409750,81.69899841,0.498009485,232.6210297
410000,76.03499939,0.479556488,232.6568005
410250,64.00899872,0.397515997,232.6892035
410500,56.39399796,0.361030989,232.6952173
410750,50.74699829,0.372289997,232.7042432
411000,63.48599823,0.450691484,232.6888898
411250,54.26899918,0.336359496,232.7020251
411500,41.36399979,0.331181995,232.6810913
411750,44.18099838,0.318810997,232.6887085
412000,49.92899887,0.371339996,232.6761713
412250,46.82499893,0.312554493,232.701615
412500,40.72399887,0.316116495,232.6995227
412750,39.24599976,0.304044985,232.717066
413000,43.65099823,0.323760988,232.6741852
413250,43.22299973,0.304346997,232.6876678
413500,38.0259996,0.301448995,232.6876172
413750,40.30099915,0.300921491,232.6990649
414000,37.38999878,0.306773992,232.6878644
414250,43.73499985,0.32720199,232.7022412
414500,47.42999924,0.3299505,232.6858942
414750,47.42999924,0.3299505,232.6858942
415000,42.11299973,0.306189985,232.6970325
415250,38.81499924,0.300031999,232.711507
415500,41.18199921,0.317360488,232.7204437
415750,40.61799927,0.30374999,232.7159546
416000,39.10799881,0.30152599,232.6978027
416250,42.6409993,0.358046496,232.7096741
416500,64.97899765,0.468797481,232.6830579
416750,70.14800003,0.404781488,232.6657788
417000,60.30599838,0.433043993,232.6483063
417250,71.12999756,0.46399349,232.6531866
417500,63.47799835,0.363306489,232.696908
417750,48.79499832,0.382811998,232.6686346
418000,61.85899796,0.39769299,232.6963159
418250,56.49299911,0.405261489,232.6954901
418500,64.55299789,0.421134993,232.6527777
418750,56.27899887,0.348040496,232.663634
419000,48.69299896,0.405633494,232.636875
419250,72.29399689,0.480876487,232.6117065
419500,67.68799835,0.415558991,232.6544177
419750,64.71499847,0.461094992,232.641369
420000,74.18599854,0.432293489,232.6916113
420250,66.05999725,0.462488482,232.6691608
420500,76.89399902,0.479801993,232.6411475
420750,73.45699921,0.478052485,232.6601318
421000,74.00199829,0.461282488,232.6892755
421250,74.00199829,0.461282488,232.6892755
421500,85.62599762,0.581461992,232.6459943
421750,95.25799683,0.547661479,232.6478333
422000,82.75300018,0.493877482,232.6451691
422250,74.50399872,0.456101499,232.6699054
422500,73.32299927,0.55396699,232.6274658
422750,105.2269998,0.606440973,232.6590985
423000,98.3389975,0.571451488,232.6636493
423250,93.79799866,0.605392976,232.6095752
423500,107.8599985,0.634478962,232.6464264
423750,104.8329984,0.60061049,232.6327844
424000,97.50599731,0.573154993,232.6785779
424250,94.11799866,0.550037994,232.6495056
424500,88.32599823,0.56556849,232.6400116
424750,100.4179953,0.590534496,232.6583057
425000,99.91599609,0.608973978,232.6519843
425250,107.8479974,0.58824749,232.6532098
425500,95.71599823,0.604206979,232.6693567
425750,107.7049976,0.650683486,232.6312189
426000,113.7809979,0.642710986,232.6655194
426250,108.1119971,0.64490448,232.6442841
426500,111.4259985,0.617385488,232.6527234
426750,103.870997,0.67292948,232.6435608
427000,136.2839987,0.743204491,232.6345642
427250,131.3709943,0.696944978,232.6365613
427500,122.332995,0.682935972,232.6133698
427750,122.332995,0.682935972,232.6133698
428000,122.305997,0.700395486,232.6203082
428250,133.8019989,0.745495496,232.6206903
428500,140.1149963,0.753433979,232.6181085
428750,136.3769965,0.754243987,232.6062811
429000,144.8489966,0.78907099,232.5804761
429250,155.2449963,0.823998961,232.5643536
429500,165.4459955,0.825575979,232.599267
429750,160.0679962,0.849717476,232.5845868
430000,172.697998,0.862159486,232.5938495
430250,167.308999,0.877422473,232.5827771
430500,192.6039935,0.930698483,232.5497687
430750,193.5839935,0.947553473,232.5920721
431000,209.4919965,0.992615485,232.5522394
431250,201.0749951,0.999246469,232.5636493
431500,220.8079944,1.029840994,232.5423376
431750,205.8319965,0.977283983,232.5436908
432000,216.0989923,1.032960467,232.5537695
432250,222.8869971,1.049305987,232.5451141
432500,219.1819995,1.007843964,232.5457263
432750,211.6189923,1.001206465,232.5454144
433000,215.6399969,1.019186983,232.5339691
433250,215.9149963,1.020769475,232.5604749
433500,226.0699963,1.06145597,232.547146
433750,224.6169958,1.062580466,232.5379071
434000,229.8569922,1.066478472,232.529884
434250,229.8569922,1.066478472,232.529884
434500,228.017995,1.059420476,232.5417865
434750,224.0939978,1.050987482,232.5352576
435000,221.9379926,1.02747396,232.5264954
435250,211.5669958,0.977246499,232.5511292
435500,204.3669934,0.989733481,232.569696
435750,218.0479962,1.030440965,232.5506097
436000,218.1049988,1.016067979,232.5623389
436250,214.6539923,1.006168976,232.5676971
436500,213.9389972,1.010973973,232.5364282
436750,206.2389917,0.954386976,232.5769452
437000,199.9439984,0.953656986,232.5553552
437250,196.863999,0.942334964,232.5691241
437500,184.5149976,0.857276475,232.591355
437750,169.6369934,0.855213976,232.5832538
438000,162.8119995,0.820337489,232.5963959
438250,162.7559998,0.838688495,232.614657
438500,170.306994,0.86312747,232.6057782
438750,174.3649945,0.878972981,232.5965961
439000,178.2899957,0.876501482,232.5695551
439250,169.3439948,0.830646973,232.6142163
439500,159.1579968,0.812026479,232.6175214
439750,155.9649969,0.815225477,232.6022748
440000,152.2609949,0.783344972,232.6105945
440250,145.737998,0.77882498,232.582691
440500,149.2389966,0.788837478,232.5839868
440750,149.2389966,0.788837478,232.5839868
441000,146.7929999,0.751140988,232.6087872
441250,134.2469971,0.71215199,232.6565448
441500,128.6249948,0.731717975,232.6246448
441750,133.7449957,0.717336993,232.6578241
442000,132.8509967,0.749545488,232.6267456
442250,131.6529962,0.703669479,232.6374091
442500,128.916998,0.716619971,232.6260504
442750,123.4499973,0.676605484,232.6417413
443000,113.0229965,0.625646482,232.6747522
443250,109.0459979,0.64631448,232.7048914
443500,113.3609952,0.65227746,232.6449945
443750,115.8089935,0.665618975,232.6136194
444000,101.8459967,0.543958988,232.6864978
444250,87.02999939,0.551077483,232.6633228
444500,92.18399628,0.548210478,232.6580792
444750,83.45199738,0.496706487,232.6552985
445000,75.38899872,0.438299488,232.6644739
445250,61.68299911,0.400513989,232.6811377
445500,50.79299942,0.326395493,232.6666174
445750,46.01599854,0.337387491,232.6783777
446000,46.35699844,0.330961493,232.6925696
446250,44.36699829,0.309402995,232.7327625
446500,40.10399857,0.302242991,232.6978101
446750,37.83099976,0.300003496,232.6894897
447000,39.65399902,0.298676491,232.6866412
447250,39.65399902,0.298676491,232.6866412
447500,38.50100006,0.298172492,232.6882654
447750,39.77899948,0.304027995,232.6934424
448000,39.34399887,0.30428899,232.7082745
448250,39.4940004,0.300955993,232.6845422
448500,40.30699875,0.298782486,232.7054651
448750,36.69199966,0.301208994,232.7155219
449000,40.21300003,0.30381799,232.7162085
449250,40.45399994,0.300460992,232.691322
449500,36.78299896,0.300414494,232.7291632
449750,39.22599915,0.296140989,232.7305554
450000,38.06099945,0.295567995,232.7279846
450250,36.62299927,0.300206991,232.7132678
450500,38.91999802,0.294460989,232.6980096
450750,37.51599976,0.293183494,232.7217627
451000,37.75199936,0.294325998,232.7353546
451250,38.09399902,0.295179992,232.72005
451500,36.76099991,0.296423497,232.6686615
451750,38.94499985,0.295360992,232.698952
452000,35.8009993,0.295921998,232.703075
452250,40.64899841,0.307138991,232.6831561
452500,41.38499847,0.307877997,232.6678821
452750,38.67799927,0.314934487,232.7252509
453000,45.21499863,0.305023988,232.70896
453250,37.39799957,0.292182494,232.691283
453500,38.0619989,0.306532991,232.7083112
453750,38.0619989,0.306532991,232.7083112
454000,45.06599899,0.317040998,232.7026715
454250,40.45999969,0.308691498,232.7005566
454500,42.56099915,0.313299493,232.7000079
454750,43.29499878,0.313503987,232.7048584
455000,39.99099899,0.292529992,232.694986
455250,37.97099869,0.305295994,232.7026343
455500,42.925,0.313969491,232.6961755
455750,41.22299973,0.301524493,232.7228027
456000,38.49899948,0.299945499,232.7090594
456250,37.84599823,0.299650995,232.7257446
456500,40.38399902,0.295309492,232.7064758
456750,38.86999939,0.315563492,232.7096423
457000,45.0659996,0.32450549,232.6681232
457250,41.79999893,0.30012899,232.7162836
457500,45.4329985,0.377776982,232.6977612
457750,64.97799957,0.451171489,232.7028113
458000,74.54799835,0.466784499,232.6753485
458250,70.17999786,0.489909488,232.67573
458500,82.83999817,0.527739494,232.660257
458750,83.23299744,0.536915492,232.639082
459000,96.63399719,0.600064492,232.6727374
459250,105.0589981,0.624854481,232.6796436
459500,106.4189978,0.647669966,232.643905
459750,114.1429944,0.684377978,232.6192426
460000,130.1909961,0.724204991,232.6009894
460250,130.1909961,0.724204991,232.6009894
460500,123.4489963,0.726982496,232.6299658
460750,151.6029993,0.812585475,232.6026678
461000,159.0189996,0.828271985,232.6138745
461250,166.3209967,0.842019982,232.6056372
461500,167.4859979,0.830010984,232.6109821
461750,157.3489954,0.824917488,232.5941223
462000,169.5109937,0.869320478,232.5970642
462250,182.7179974,0.913256979,232.6185461
462500,189.8959912,0.935610478,232.6101935
462750,194.7209991,0.933232977,232.5713043
463000,191.4029938,0.924538474,232.5863666
463250,191.9549945,0.930211489,232.5760748
463500,195.325993,0.950944493,232.5798462
463750,200.2669983,0.971430981,232.5748163
464000,213.5569928,1.013965979,232.5466418
464250,213.8669971,1.017619977,232.5404504
464500,222.1430011,1.055628972,232.532226
464750,228.5859998,1.063081956,232.5375165
465000,224.6899963,1.060593948,232.5114496
465250,228.1669971,1.052855005,232.5444885
465500,219.945993,1.021329479,232.5615564
465750,218.1189935,1.039214454,232.5727124
466000,226.9339911,1.059540973,232.5501862
466250,226.6169977,1.060561962,232.5362579
466500,227.4379919,1.062021971,232.5480762
466750,227.4379919,1.062021971,232.5480762
467000,227.4289941,1.063239961,232.5386383
467250,229.1189929,1.070860453,232.5374219
467500,219.2739948,0.998418968,232.5638513
467750,213.6729974,1.032517476,232.5590668
468000,226.1609937,1.060180974,232.5418896
468250,227.8469958,1.053786478,232.5614514
468500,212.9799969,0.993242974,232.5546216
468750,210.3929956,0.988772967,232.5467999
469000,204.1819952,0.965570481,232.5958856
469250,207.3639954,1.006344981,232.5488654
469500,214.1039984,0.993853483,232.5603918
469750,211.2709955,1.025639453,232.5514325
470000,216.6499921,1.00399348,232.552948
470250,211.2949878,0.985319974,232.5531049
470500,205.0709967,0.985717473,232.5925867
470750,210.2899939,0.996968458,232.5812891
471000,208.7639929,0.972370486,232.5768024
471250,200.7329956,0.948556998,232.5696112
471500,201.8759985,0.987702992,232.5737604
471750,206.772995,0.969433985,232.5930072
472000,200.4169958,0.926086466,232.5998511
472250,185.2549951,0.902608483,232.602746
472500,173.5549982,0.840579491,232.6226483
472750,160.4779974,0.785564494,232.6417859
473000,152.8639954,0.855465977,232.6117535
473250,152.8639954,0.855465977,232.6117535
473500,172.5979968,0.83751199,232.6162842
473750,157.5189935,0.826833975,232.5875873
474000,159.7799933,0.79097048,232.6387524
474250,136.9489951,0.720096979,232.6203003
474500,118.750997,0.66969197,232.6458276
474750,112.285997,0.633738976,232.6662659
475000,101.9599988,0.591645987,232.6590179
475250,92.99499603,0.536305978,232.6707294
475500,84.32299866,0.487115993,232.6890106
475750,67.19499908,0.441777493,232.6954102
476000,59.90499878,0.380249988,232.7110315
476250,46.41599823,0.321835988,232.726405
476500,41.23599884,0.306788993,232.6990839
476750,39.55999893,0.299330491,232.6965302
477000,38.65899948,0.29721449,232.7302069
477250,35.86099945,0.296010491,232.7646674
477500,38.83799896,0.296571491,232.7441534
477750,38.9159996,0.299335994,232.7179144
478000,37.3209996,0.299211986,232.7377856
478250,38.44699875,0.296989989,232.7219391
478500,37.52399887,0.293070495,232.7287732
478750,38.04599884,0.291848993,232.7309277
479000,36.3159996,0.294677497,232.7041864
479250,37.81499863,0.294786491,232.7262921
479500,38.68999924,0.295634495,232.7307068
479750,38.68999924,0.295634495,232.7307068
480000,35.04799927,0.296241992,232.725733
480250,39.24599884,0.294367995,232.7399078
480500,38.32399902,0.292106495,232.7304492
480750,35.03199905,0.297970989,232.7039709
481000,39.74399948,0.298406987,232.7187177
481250,38.87499878,0.29337549,232.7310992
481500,36.8709993,0.298775991,232.7348029
481750,40.57599899,0.300011488,232.7029211
482000,39.19799973,0.308808987,232.7088324
482250,41.97499847,0.314590987,232.7160913
482500,42.26099976,0.314276994,232.7049463
482750,42.41899948,0.304437495,232.7185602
483000,39.23299805,0.294549987,232.744201
483250,38.01499878,0.314261997,232.7210754
483500,46.5619986,0.317070503,232.7350415
483750,43.22999924,0.314583998,232.7350092
484000,39.14599899,0.313204491,232.7464941
484250,44.89299896,0.313859491,232.7132684
484500,39.85899872,0.297943002,232.7050494
484750,38.3509996,0.309193492,232.7023022
485000,45.77599854,0.317059489,232.6995776
485250,46.52399902,0.375281991,232.7016168
485500,62.45499802,0.439448491,232.6922321
485750,64.29699905,0.442777991,232.6989764
486000,75.68099884,0.493889991,232.6622424
486250,75.68099884,0.493889991,232.6622424
486500,66.16199768,0.437336495,232.7035461
486750,75.59499695,0.521667988,232.6745685
487000,88.29299927,0.54211149,232.6753619
487250,95.20999756,0.566490986,232.6739294
487500,90.98899994,0.560093987,232.6722992
487750,98.10199921,0.597757988,232.6581372
488000,90.42999817,0.53081248,232.6832031
488250,94.04000031,0.584040484,232.677345
488500,91.83399689,0.563976493,232.6717383
488750,111.7979993,0.709386477,232.654361
489000,119.3779968,0.656560996,232.6420245
489250,113.9929965,0.661086972,232.6373639
489500,111.8909976,0.627706974,232.6327936
489750,109.8039975,0.658159475,232.6506421
490000,128.231998,0.736441979,232.631579
490250,135.3789978,0.742266982,232.6462183
490500,139.8540002,0.76644649,232.6275397
490750,140.9050006,0.745990996,232.6756195
491000,136.1970007,0.731332481,232.6570648
491250,134.1919971,0.744146984,232.6587128
491500,142.1769977,0.784594975,232.6272614
491750,152.9829962,0.784606483,232.6222101
492000,137.2739954,0.724257994,232.6575055
492250,136.2829968,0.775231981,232.6664905
492500,148.7359961,0.780619493,232.6526721
492750,148.7359961,0.780619493,232.6526721
493000,132.6859982,0.692246978,232.6715784
493250,131.1709967,0.765830483,232.5940576
493500,144.293999,0.765819988,232.5994257
493750,135.5719958,0.716272984,232.6620496
494000,128.8279974,0.730810478,232.6421783
494250,132.8859985,0.729394977,232.6715149
494500,145.1069989,0.796756983,232.6722479
494750,152.9699951,0.796541975,232.6644623
495000,145.7489984,0.771361983,232.6294574
495250,147.6599963,0.783995471,232.6050409
495500,153.0909943,0.816178474,232.5834558
495750,160.7739935,0.808798976,232.6072882
496000,163.637995,0.849934971,232.6076337
496250,167.3549994,0.847106485,232.6245667
496500,176.0149957,0.903512475,232.5929639
496750,182.248999,0.876174471,232.6096436
497000,176.2799963,0.895128481,232.5826349
497250,183.5379938,0.889179487,232.6135144
497500,176.0799957,0.865071478,232.595929
497750,173.5749969,0.872249484,232.6192328
498000,175.461994,0.870692976,232.6495953
498250,176.3940009,0.879744468,232.6135297
498500,171.7969977,0.839721491,232.6108667
498750,160.8589984,0.819443977,232.6070221
499000,160.1589948,0.810634451,232.6203198
499250,160.1589948,0.810634451,232.6203198
499500,156.9559967,0.822157989,232.6612421
499750,155.4729987,0.768186996,232.646803
500000,137.4019971,0.793946481,232.6541858
500250,160.7659985,0.816615481,232.6071863
500500,154.9359955,0.784586985,232.637851
500750,143.007995,0.729229481,232.6103162
501000,127.066998,0.704098485,232.6532239
501250,125.7989978,0.694481475,232.6551044
501500,123.0329984,0.664586971,232.6605389
501750,109.7809961,0.608462493,232.685011
502000,107.4079971,0.660654476,232.6637933
502250,114.0139981,0.649152975,232.6720178
502500,107.8299985,0.641304991,232.6625214
502750,107.7529984,0.600128484,232.7093274
503000,95.19699799,0.602857974,232.6623505
503250,110.9189972,0.612052979,232.642149
503500,105.5139987,0.649201477,232.6409424
503750,116.1219971,0.680862985,232.6328723
504000,123.4349979,0.717608986,232.649906
504250,131.692998,0.711025479,232.6579059
504500,118.3339957,0.63324697,232.6419214
504750,107.8689969,0.595361493,232.6701215
505000,98.88599609,0.624023485,232.6894611
505250,112.2039993,0.641421485,232.6957465
505500,103.2169965,0.585394988,232.6913696
505750,103.2169965,0.585394988,232.6913696
506000,93.93199799,0.582687485,232.681568
506250,98.64799744,0.580049994,232.6668011
506500,93.34699707,0.574328485,232.6850183
506750,101.0639978,0.601536489,232.6841772
507000,98.64299774,0.60459497,232.6887225
507250,100.9169977,0.584376483,232.640022
507500,92.18199585,0.559359474,232.6702594
507750,94.57599792,0.578781993,232.6838354
508000,97.44499725,0.58634599,232.6686084
508250,102.3769983,0.577315478,232.6598187
508500,80.08699951,0.505507481,232.6636401
508750,83.63600006,0.510953482,232.6948572
509000,82.63299652,0.503517491,232.6827069
509250,76.47699829,0.493572993,232.6851703
509500,75.89099731,0.476500485,232.713255
509750,68.00999863,0.440650994,232.7169641
510000,74.21499771,0.477304987,232.7176917
510250,74.46799896,0.473879485,232.6997217
510500,73.80799774,0.467661489,232.7122504
510750,72.45099884,0.443965981,232.7280371
511000,63.53799881,0.437061981,232.7021783
511250,66.68399826,0.441937485,232.7251135
511500,72.3369986,0.507757993,232.6889124
511750,93.1439978,0.586989486,232.6915143
512000,102.2249954,0.591604984,232.6887219
512250,102.2249954,0.591604984,232.6887219
512500,89.48599945,0.547707989,232.6701001
512750,100.9609982,0.619734495,232.6770331
513000,101.5049979,0.584345489,232.6814374
513250,92.85499939,0.533378496,232.6932465
513500,84.19099823,0.523367484,232.6932526
513750,94.62199829,0.592951994,232.7019983
514000,101.2749951,0.588728986,232.6508777
514250,87.59999817,0.524401472,232.6987891
514500,98.00499756,0.655308993,232.6721094
514750,111.6949979,0.601319988,232.6649792
515000,92.96399658,0.560862989,232.6716431
515250,100.9659982,0.628701477,232.6558582
515500,114.4009973,0.654439988,232.6699744
515750,108.1839972,0.601145484,232.6772443
516000,97.77199677,0.593497984,232.6623053
516250,102.818996,0.599939988,232.6519757
516500,99.63299835,0.599329486,232.6314667
516750,104.9699918,0.633813975,232.6533081
517000,119.0029984,0.692798479,232.6256702
517250,119.4099982,0.648299985,232.6688214
517500,109.4859973,0.638805985,232.6292731
517750,110.2839996,0.64449497,232.6745538
518000,109.8529999,0.641209989,232.6548199
518250,116.6339944,0.67620198,232.6382587
518500,106.3809973,0.579543986,232.6732672
518750,106.3809973,0.579543986,232.6732672
519000,106.3599991,0.673740485,232.6470886
519250,117.9569983,0.664268479,232.6667548
519500,114.8539981,0.668574474,232.6498419
519750,118.7949973,0.660116475,232.6510577
520000,111.5069968,0.663660481,232.6638983
520250,116.0539969,0.651572971,232.6513348
520500,111.3629996,0.622455988,232.6557935
520750,100.8469974,0.600643473,232.6686469
521000,103.1420026,0.628881481,232.6905969
521250,105.7139993,0.635340507,232.6895764
521500,115.218996,0.707595973,232.6612915
521750,128.9989987,0.675392478,232.6511554
522000,120.5879971,0.691399488,232.6233765
522250,119.4179977,0.631056976,232.6645709
522500,109.1109973,0.666449482,232.628761
522750,116.8539963,0.680313993,232.6403308
523000,123.4739981,0.707446489,232.6311877
523250,119.2049976,0.624701979,232.6831866
523500,108.0699969,0.660380986,232.6759125
523750,121.3269989,0.669693975,232.6713232
524000,116.3829965,0.662633982,232.6629523
524250,117.8629984,0.69194098,232.6624005
524500,129.9229984,0.740842977,232.6200842
524750,133.7129962,0.704108474,232.64349
525000,126.247998,0.720056484,232.658504
525250,126.247998,0.720056484,232.658504
525500,129.6069983,0.68738698,232.6503656
525750,120.4819971,0.678060489,232.6390515
526000,116.1809967,0.653418474,232.6597229
526250,115.535997,0.699383478,232.6395367
526500,127.6579971,0.696016471,232.6547974
526750,116.4659979,0.650249987,232.6492108
527000,116.7419974,0.697276471,232.6584906
527250,127.3429971,0.689318993,232.6216937
527500,122.518996,0.733377483,232.6209442
527750,141.5409943,0.763421993,232.629256
528000,144.9319934,0.787574465,232.6423486
528250,148.1249921,0.764106488,232.6636188
528500,139.8069958,0.764661982,232.6423151
528750,145.6789972,0.780170996,232.6358502
529000,139.9569958,0.724410982,232.6404205
529250,127.8789972,0.732564478,232.6536176
529500,145.0959937,0.783118985,232.5999139
529750,149.8159949,0.784224992,232.6010175
530000,145.8489972,0.76385299,232.6522894
530250,136.7689984,0.716428983,232.616795
530500,124.5239996,0.677522979,232.6641779
530750,118.8689972,0.711597977,232.6448413
531000,138.477998,0.711319973,232.6723999
531250,127.3989975,0.739678476,232.6282355
531500,142.6259985,0.782470484,232.6353607
531750,142.6259985,0.782470484,232.6353607
532000,146.5119989,0.754113498,232.6291071
532250,137.5669971,0.753174989,232.6026599
532500,138.5169965,0.758667977,232.6465454
532750,143.0549951,0.744433472,232.6235443
533000,136.7899976,0.780703485,232.6047266
533250,156.6859937,0.808812475,232.6052863
533500,147.7229968,0.78648597,232.5936273
533750,150.0169977,0.77002249,232.571427
534000,138.4939966,0.758199985,232.5963788
534250,146.9999969,0.783519475,232.6079633
534500,146.7779993,0.775978482,232.5989935
534750,147.7589954,0.784141979,232.6348157
535000,148.7949945,0.76422699,232.6393225
535250,131.3839969,0.708356991,232.6467535
535500,126.8929987,0.708308487,232.6537793
535750,123.7289975,0.688023987,232.650058
536000,127.4669958,0.705094976,232.6208258
536250,118.7669968,0.669875493,232.6586914
536500,111.557995,0.63934397,232.6510724
536750,112.8689984,0.635143485,232.6269464
537000,101.1699979,0.607720981,232.675332
537250,113.9369983,0.668598967,232.6657861
537500,118.0909964,0.661564481,232.6554297
537750,113.6879984,0.655105493,232.6476483
538000,113.0409985,0.668301494,232.6492566
538250,113.0409985,0.668301494,232.6492566
538500,111.0119952,0.656094487,232.6163409
538750,121.6099979,0.679966986,232.6039807
539000,114.0439981,0.645731502,232.6315936
539250,111.6339984,0.640156481,232.6430829
539500,111.9089975,0.640372994,232.6443524
539750,101.2369968,0.598271978,232.6703003
540000,97.47699738,0.603818986,232.6380353
540250,110.3569968,0.673335485,232.623764
540500,112.5369983,0.620904479,232.6429602
540750,93.21299835,0.505458982,232.6630469
541000,73.9669989,0.497636987,232.6721606
541250,94.99399933,0.596751497,232.6722028
541500,92.11699707,0.507852986,232.7068872
541750,80.4369986,0.519318496,232.6833289
542000,85.99899597,0.532732494,232.6774109
542250,85.97400024,0.542718997,232.6453052
542500,84.8319989,0.498324986,232.7096893
542750,87.85499908,0.532011976,232.6712653
543000,75.25899902,0.451817495,232.697796
543250,68.20899872,0.43993199,232.717041
543500,77.30099823,0.516678997,232.6621344
543750,74.95699829,0.437690481,232.686344
544000,65.77099762,0.424500484,232.7009149
544250,68.66199738,0.451246487,232.7074835
544500,70.84699829,0.460992486,232.6813556
544750,70.84699829,0.460992486,232.6813556
545000,75.55699951,0.498222485,232.6668982
545250,78.57199799,0.495630985,232.7144257
545500,84.98999969,0.545112004,232.6640259
545750,89.51699982,0.539323995,232.7004877
546000,82.72100006,0.488841497,232.6701147
546250,85.83799896,0.559666991,232.6571448
546500,88.32999695,0.540024495,232.6842017
546750,95.39199982,0.612279985,232.6609906
547000,97.31799805,0.551478486,232.6738593
547250,87.1169989,0.541785984,232.6868402
547500,94.98899689,0.573725486,232.6661963
547750,98.14599884,0.605260482,232.6313086
548000,97.84799774,0.551625481,232.6764606
548250,96.52999573,0.608539982,232.6255792
548500,101.7179965,0.582498987,232.6650183
548750,104.2619986,0.64209199,232.6403436
549000,112.1949991,0.649795477,232.625033
549250,112.6799973,0.636692989,232.6370923
549500,106.4319968,0.629455492,232.6312012
549750,107.7979977,0.660428467,232.6719794
550000,116.3789957,0.660038483,232.6350348
550250,110.5709988,0.62239898,232.6593457
550500,111.425997,0.680720978,232.6355713
550750,127.871994,0.694176984,232.6261871
551000,122.1349973,0.692642982,232.6645709
551250,122.1349973,0.692642982,232.6645709
551500,133.6990009,0.775330486,232.6364166
551750,153.0259967,0.784642982,232.634538
552000,142.8319958,0.733361468,232.6295923
552250,140.6069995,0.798339975,232.6210028
552500,156.1949957,0.783583472,232.6205615
552750,139.0899976,0.778442473,232.612251
553000,149.5339984,0.769926982,232.6030835
553250,139.9179962,0.757709489,232.6060236
553500,149.1459973,0.807995484,232.6217542
553750,162.7319946,0.848872478,232.5813452
554000,175.0369958,0.880882981,232.5965393
554250,181.4399951,0.868442984,232.5546661
554500,165.6179956,0.844229972,232.6046899
554750,166.483996,0.831787484,232.5923303
555000,162.0699976,0.818309994,232.5724097
555250,157.7590021,0.806783986,232.5898987
555500,148.3729919,0.754843991,232.6106439
555750,141.0439948,0.776039479,232.622041
556000,155.3039954,0.824886482,232.6440735
556250,160.0759973,0.804384,232.6357672
556500,143.8479974,0.743505473,232.6338708
556750,132.5369977,0.741468968,232.6423926
557000,140.2459973,0.774026971,232.6362506
557250,147.8809961,0.779878983,232.6210016
557500,142.0649976,0.764809971,232.6469952
557750,142.0649976,0.764809971,232.6469952
558000,146.2969989,0.778830972,232.6169391
558250,137.5899957,0.717714484,232.6579614
558500,126.582998,0.742665982,232.6393365
558750,144.7779944,0.743856473,232.6397131
559000,124.365997,0.689634485,232.6134155
559250,126.9899979,0.691762483,232.6201099
559500,116.090997,0.681816478,232.6452338
559750,126.842995,0.694526486,232.6430438
560000,117.6939966,0.662939475,232.6766748
560250,113.9759985,0.662672479,232.6581775
560500,112.6179968,0.65144099,232.6610193
560750,109.777998,0.611126485,232.6740436
561000,103.3249979,0.606912987,232.6878412
561250,105.5699979,0.604357483,232.6862598
561500,92.86299957,0.521319487,232.6914764
561750,85.24099792,0.48660899,232.7085376
562000,51.49399887,0.39375999,232.6951874
562250,71.99299774,0.480736485,232.6868237
562500,78.16299713,0.509898486,232.6505725
562750,83.26499725,0.532740488,232.6777161
563000,88.61799744,0.524734478,232.6658405
563250,81.87499817,0.508493493,232.6766144
563500,83.91499786,0.518283986,232.6573004
563750,82.62399689,0.524121485,232.6590027
564000,85.53499847,0.548293984,232.666347
564250,85.53499847,0.548293984,232.666347
564500,94.77499634,0.568551996,232.6265149
564750,84.98699646,0.496066982,232.678905
565000,79.11999542,0.480378988,232.6830896
565250,76.90599731,0.500705978,232.6773291
565500,83.06599823,0.53524349,232.6836816
565750,85.62099731,0.513514491,232.6941223
566000,74.02999817,0.46386449,232.6652332
566250,78.32299774,0.529209983,232.665578
566500,87.53799866,0.522970488,232.6625208
566750,74.42199799,0.464070982,232.6987042
567000,69.78099823,0.469488999,232.6726093
567250,68.98799835,0.431192992,232.685979
567500,56.13699875,0.375446481,232.7005853
567750,58.38799789,0.409561491,232.6706903
568000,50.93799881,0.327004986,232.6914813
568250,43.55799927,0.324031489,232.7177765
568500,41.84199738,0.317039495,232.6871216
568750,50.35999847,0.397124486,232.6996082
569000,61.69799911,0.407396989,232.7033014
569250,54.87399902,0.378813987,232.6854797
569500,63.31599884,0.460284994,232.6946338
569750,73.69399902,0.44800449,232.7051624
570000,56.09999939,0.373262994,232.7089697
570250,59.74299744,0.442926975,232.694082
570500,66.47299835,0.41405549,232.6869061
570750,66.47299835,0.41405549,232.6869061
571000,73.5189978,0.541495993,232.6791693
571250,86.42799683,0.495246489,232.6884332
571500,78.77099731,0.502583981,232.6680743
571750,71.27399872,0.422636991,232.6676031
572000,67.05599823,0.48604349,232.6487946
572250,82.5269989,0.521655977,232.6529401
572500,87.96299622,0.533930488,232.6774646
572750,83.22499939,0.505852478,232.7044965
573000,78.81099976,0.515693483,232.6849451
573250,94.69899841,0.588112485,232.6787756
573500,98.09999664,0.587544484,232.6676874
573750,93.44699707,0.506920491,232.6609509
574000,68.14299805,0.393721981,232.6852496
574250,68.05999786,0.553972982,232.6449298
574500,96.05799774,0.538284495,232.6607245
574750,87.24699738,0.570527475,232.6409216
575000,100.8289981,0.626616483,232.6350745
575250,108.5359988,0.579087994,232.6835724
575500,92.51299774,0.586905491,232.622002
575750,108.6469958,0.665118482,232.640484
576000,125.3329956,0.730483482,232.6414825
576250,130.9339966,0.709194481,232.617323
576500,126.6849979,0.687975502,232.6413525
576750,119.055997,0.662696972,232.6184723
577000,118.1339929,0.6858705,232.6365552
577250,118.1339929,0.6858705,232.6365552
577500,123.1929999,0.695953493,232.6294281
577750,125.4799969,0.72009398,232.6541217
578000,136.1310028,0.74862798,232.6345721
578250,135.668999,0.709958496,232.6232446
578500,124.9639984,0.708437476,232.6190625
578750,128.7249991,0.698334484,232.6167371
579000,122.7189972,0.688488495,232.6119238
579250,121.666998,0.697089484,232.6243365
579500,127.2519965,0.731779485,232.6240338
579750,135.8159973,0.73787148,232.6345453
580000,134.7519995,0.730575972,232.641947
580250,138.4349969,0.777755492,232.6389685
580500,154.5509955,0.794711978,232.634762
580750,158.1329993,0.823970473,232.593692
581000,163.5249927,0.853070974,232.6082404
581250,175.5539935,0.855429974,232.6115485
581500,172.6109979,0.874755971,232.5919128
581750,180.5419977,0.902972479,232.5638013
582000,190.2859973,0.878528488,232.6021692
582250,168.8829968,0.866997974,232.5948511
582500,177.5629944,0.878463476,232.5789221
582750,177.8129987,0.878873973,232.5787158
583000,177.8779993,0.859141974,232.6223438
583250,168.622998,0.842270467,232.5974982
583500,169.6499945,0.829519997,232.5885083
583750,169.6499945,0.829519997,232.5885083
584000,154.6089948,0.805861485,232.6072443
584250,161.6319922,0.835321462,232.6034174
584500,165.8379974,0.824867978,232.5829535
584750,156.5729968,0.777023983,232.6183221
585000,138.5239941,0.747269971,232.6256195
585250,137.8639935,0.741478479,232.5918115
585500,134.3849982,0.714923487,232.6456421
585750,127.3939972,0.720194976,232.6305151
586000,132.4089954,0.731450481,232.6454901
586250,130.0239993,0.695735974,232.6454016
586500,111.6709988,0.637177494,232.6419293
586750,110.25,0.660881982,232.6583954
587000,127.2759998,0.721637475,232.617868
587250,126.6369965,0.712326972,232.6310193
587500,132.2899963,0.732659993,232.6219208
587750,133.1939972,0.742242482,232.6202972
588000,139.4089984,0.768305974,232.6513055
588250,154.2109961,0.818495982,232.6171545
588500,163.1919946,0.844548471,232.6001819
588750,162.4009924,0.811978478,232.6209875
589000,153.048996,0.791107483,232.5887579
589250,147.9970007,0.767215478,232.5975092
589500,145.9589948,0.763671482,232.6127032
589750,134.5369965,0.722585473,232.6319702
590000,133.9149976,0.724037986,232.5976746
590250,133.9149976,0.724037986,232.5976746
590500,135.6469949,0.74112849,232.619635
590750,133.4489984,0.717670479,232.6210089
591000,123.0079971,0.680847979,232.6505878
591250,117.2999945,0.655216489,232.6514087
591500,100.1859976,0.576984475,232.6689716
591750,100.2229993,0.590968988,232.6822168
592000,93.58799683,0.542543998,232.6810321
592250,84.96099762,0.494277492,232.698299
592500,71.9469989,0.46131999,232.6842664
592750,70.23199768,0.438808988,232.6953381
593000,62.08699921,0.393297987,232.6968805
593250,56.10499802,0.406597993,232.6830103
593500,69.30700012,0.443917496,232.6951764
593750,67.02799927,0.440208489,232.6860266
594000,72.78899841,0.475874493,232.6772479
594250,73.02099792,0.447301491,232.6441956
594500,78.645,0.530729988,232.6669305
594750,77.21599899,0.44035749,232.6940344
595000,67.52999786,0.442325987,232.6863165
595250,67.42999878,0.425749482,232.6885962
595500,63.8309993,0.429681488,232.7016626
595750,73.94999725,0.495203493,232.6776544
596000,77.38299866,0.465479497,232.6546149
596250,73.00999786,0.48154749,232.6801129
596500,70.0219989,0.454968982,232.6872253
596750,70.0219989,0.454968982,232.6872253
597000,69.73099686,0.442321991,232.680603
597250,60.06899902,0.380486997,232.6828754
597500,57.85099854,0.420752488,232.704104
597750,74.95599823,0.497486993,232.6655804
598000,80.41999756,0.498747485,232.6975293
598250,83.28799713,0.536403992,232.6537701
598500,91.0909967,0.555664988,232.650293
598750,91.25599762,0.574910996,232.6825934
599000,103.3439966,0.635499978,232.6616748
599250,114.3839978,0.660840993,232.6405536
599500,112.1539981,0.617012491,232.6257373
599750,104.3899982,0.636857989,232.6273224
600000,118.2649966,0.707380478,232.638924
600250,127.9129987,0.680111477,232.6295941
600500,121.8849954,0.716508484,232.6359222
600750,142.0849988,0.794825482,232.60505
601000,151.2359973,0.759672487,232.6457465
601250,140.0949951,0.769264972,232.6331946
601500,145.0419952,0.770597477,232.6478473
601750,144.9999969,0.76006798,232.6277362
602000,135.247998,0.724562984,232.6265851
602250,127.7549966,0.693639488,232.6452924
602500,125.5599973,0.705452979,232.6435883
602750,126.6499966,0.713348475,232.6182184
603000,129.2719977,0.728689981,232.6340198
603250,129.2719977,0.728689981,232.6340198
603500,135.7489941,0.739285483,232.6340198
603750,123.6199951,0.609765484,232.6522528
604000,97.22799835,0.628900983,232.6490894
604250,108.110997,0.601229985,232.6692059
604500,102.5210007,0.606743491,232.6317902
604750,105.2480032,0.648020988,232.6364258
605000,106.3669992,0.597004974,232.666969
605250,97.8689978,0.586167483,232.6464594
605500,101.6959967,0.622314992,232.6305621
605750,109.4249973,0.621015487,232.636059
606000,106.3549969,0.618946979,232.6532977
606250,103.5029987,0.621760476,232.6355255
606500,110.0959973,0.64821099,232.6539288
606750,111.097998,0.641719987,232.6459875
607000,111.9749908,0.611925495,232.6620996
607250,98.70599915,0.60480449,232.6678668
607500,100.8629999,0.571587989,232.6707697
607750,96.50399933,0.596931484,232.6689978
608000,104.5939987,0.627886481,232.6297699
608250,103.7759991,0.585354488,232.6630865
608500,98.03599792,0.59192698,232.6565173
608750,98.49699799,0.555605989,232.6722711
609000,83.84899872,0.496584488,232.6706024
609250,82.37199982,0.542256485,232.6765454
609500,89.93300079,0.556394475,232.6720343
609750,89.93300079,0.556394475,232.6720343
610000,94.77300018,0.594316988,232.6556433
610250,104.8029965,0.626413989,232.6693683
610500,110.389996,0.648113003,232.634234
610750,116.0209979,0.658360481,232.6200433
611000,115.2359955,0.658932474,232.6726105
611250,113.9759985,0.66222199,232.6457471
611500,113.4829984,0.641166985,232.6336023
611750,101.0299976,0.593952484,232.6595233
612000,101.9469971,0.612001991,232.6578113
612250,108.4739984,0.629299986,232.6756488
612500,105.617998,0.581920984,232.6891394
612750,95.31099792,0.579679482,232.6534583
613000,98.63199799,0.623183484,232.6404065
613250,112.7229968,0.615063491,232.6608563
613500,95.94499817,0.576645987,232.6509229
613750,96.1359967,0.602281992,232.6313867
614000,112.1429987,0.643463993,232.6402911
614250,109.4549973,0.625093997,232.6521539
614500,100.3759982,0.575059481,232.6474658
614750,98.28799835,0.56664999,232.6787616
615000,88.80199829,0.543719985,232.6673199
615250,94.92699982,0.596082001,232.6426495
615500,108.2199985,0.633476493,232.655274
615750,106.8949973,0.611916988,232.6502502
616000,99.86900055,0.600726988,232.6736475
616250,99.86900055,0.600726988,232.6736475
616500,103.4909988,0.586003978,232.668772
616750,93.08799744,0.557305989,232.6814661
617000,97.93399628,0.605194499,232.6414423
617250,94.3809967,0.539599979,232.6369843
617500,94.57499786,0.568689485,232.661012
617750,94.76499725,0.580461476,232.6402026
618000,100.9359973,0.611972487,232.6348102
618250,104.2519974,0.630073981,232.6205621
618500,112.5079971,0.650742974,232.6121466
618750,109.7699994,0.631559992,232.6312421
619000,114.1099973,0.674639995,232.627453
619250,108.4209982,0.601309981,232.6478699
619500,98.78599762,0.608953981,232.6675134
619750,109.8799979,0.660239987,232.6443622
620000,113.5799957,0.635962989,232.6232965
620250,108.2829984,0.660848479,232.6383215
620500,122.9909958,0.70176548,232.6415607
620750,131.905997,0.724975991,232.6286737
621000,127.6869977,0.720360985,232.6474164
621250,144.128996,0.803658988,232.5955591
621500,146.6299994,0.741200464,232.6276636
621750,141.9229968,0.811657495,232.6114557
622000,164.0849963,0.844970481,232.5909875
622250,168.5239923,0.842500978,232.6331024
622500,167.1069977,0.83841949,232.5802362
622750,167.1069977,0.83841949,232.5802362
623000,162.1269958,0.80830749,232.5754321
623250,160.1259967,0.830866973,232.5687769
623500,161.1919983,0.815212476,232.6003632
623750,161.173999,0.856413479,232.5579706
624000,171.0519977,0.826947467,232.5837201
624250,165.8429938,0.854703476,232.5934222
624500,166.1549951,0.823894475,232.5761157
624750,167.0419946,0.84384449,232.5914984
625000,159.0899969,0.789391975,232.6173163
625250,145.0779956,0.782291477,232.59448
625500,145.272998,0.717050469,232.5963129
625750,128.6409964,0.75880548,232.5914099
626000,140.9499976,0.746509984,232.6046014
626250,138.6170001,0.762045977,232.5962006
626500,137.5939996,0.709749496,232.6119147
626750,130.9869983,0.742547984,232.6001599
627000,145.3480011,0.803802977,232.6075775
627250,155.5039948,0.773024478,232.604696
627500,138.3539984,0.740477986,232.6002832
627750,129.5529944,0.698929977,232.6189398
628000,125.4659946,0.714205983,232.6083685
628250,127.7979944,0.713484981,232.6157159
628500,124.4929999,0.671063983,232.6112213
628750,125.3169983,0.719555495,232.5920435
629000,129.9559967,0.680795455,232.6292578
629250,129.9559967,0.680795455,232.6292578
629500,113.0229984,0.637793987,232.6146252
629750,112.1289954,0.659376471,232.6184192
630000,111.3789972,0.666727481,232.6272986
630250,113.8889975,0.653933477,232.6318518
630500,112.0999985,0.640564983,232.6401874
630750,110.6849994,0.623930476,232.6295135
631000,101.9749985,0.580329485,232.6503705
631250,92.19299683,0.535957484,232.6650671
631500,89.5519986,0.587406492,232.6353461
631750,95.09699799,0.561049993,232.6439465
632000,91.81699951,0.581187479,232.645036
632250,99.61699707,0.569420471,232.6241357
632500,96.17299805,0.638023989,232.6361432
632750,119.9419968,0.678531992,232.6382245
633000,116.0869952,0.630065989,232.6517554
633250,106.3449966,0.733052971,232.6303485
633500,146.4569928,0.776246471,232.5794897
633750,139.7119971,0.731350992,232.6162842
634000,132.9199969,0.715705483,232.6340845
634250,126.7439975,0.704748986,232.6077374
634500,126.907998,0.710087988,232.617962
634750,127.3749988,0.699157486,232.6179077
635000,118.6179953,0.680138974,232.6400018
635250,120.9379974,0.697644975,232.6522797
635500,131.9519958,0.698420472,232.6752429
635750,131.9519958,0.698420472,232.6752429
636000,115.0919952,0.65002249,232.6497369
636250,115.2409961,0.65308399,232.6707092
636500,115.896998,0.667272489,232.6692438
636750,119.0469958,0.71776099,232.6549323
637000,127.1769958,0.67947799,232.6485388
637250,117.5029977,0.686206489,232.6402814
637500,131.547995,0.750078974,232.6185449
637750,143.5609967,0.787165978,232.6147772
638000,150.7399945,0.784819973,232.6302826
638250,147.1549951,0.774504974,232.623067
638500,145.9140002,0.756575961,232.6201862
638750,135.8279974,0.726740966,232.6482904
639000,135.6779987,0.754036977,232.6249054
639250,144.0899994,0.766820474,232.5750415
639500,140.6979974,0.75988549,232.6034137
639750,149.3989966,0.785407968,232.6076123
640000,143.2269965,0.77094049,232.6182178
640250,148.1009979,0.744911468,232.6183923
640500,129.7639999,0.709324479,232.6309155
640750,137.7409985,0.793286493,232.5918176
641000,162.5679987,0.824650972,232.5991962
641250,153.6969934,0.784555964,232.6061957
641500,147.9119958,0.776649001,232.5917847
641750,149.6209961,0.781288984,232.5953467
642000,146.8219952,0.771745472,232.6122412
642250,146.8219952,0.771745472,232.6122412
642500,143.4849939,0.76498148,232.6266321
642750,145.6559991,0.780502963,232.6092358
643000,140.9029968,0.736279476,232.64409
643250,131.9479962,0.721463995,232.6222681
643500,131.5069989,0.726675479,232.6233191
643750,134.0769998,0.70523248,232.6402368
644000,122.6319977,0.682146993,232.6568567
644250,121.4389987,0.710429487,232.6389008
644500,137.2629974,0.74468297,232.6419769
644750,139.7619995,0.767735975,232.6142346
645000,136.8459958,0.718387978,232.6038031
645250,120.832998,0.662592988,232.6049609
645500,118.4299954,0.703254473,232.6083215
645750,132.4769974,0.736843486,232.6065051
646000,130.9379944,0.709923484,232.6186993
646250,125.607998,0.664313986,232.5833374
646500,110.7199982,0.63041548,232.6358185
646750,109.3709964,0.663856483,232.6511945
647000,113.1019965,0.624891491,232.6394897
647250,90.69599701,0.522390987,232.6641766
647500,90.00499725,0.585088482,232.6704834
647750,95.87599884,0.529435495,232.67672
648000,77.68999908,0.484105492,232.7142816
648250,61.51299866,0.377742485,232.7101459
648500,66.45799835,0.469620984,232.6987585
648750,66.45799835,0.469620984,232.6987585
649000,69.04999969,0.432255991,232.6924091
649250,66.4459996,0.430157486,232.6707764
649500,58.7579985,0.388070989,232.6922516
649750,63.1379985,0.452671484,232.6966187
650000,69.47799591,0.446766489,232.6566162
650250,70.14299866,0.474581484,232.6989227
650500,72.97199738,0.474480995,232.6937866
650750,66.14299805,0.400813985,232.6841296
651000,57.8069989,0.403095996,232.6875934
651250,58.9919989,0.369471992,232.7074255
651500,45.72399948,0.318481498,232.6891101
651750,42.39699921,0.324237498,232.6838696
652000,54.36499847,0.406733488,232.6916473
652250,57.20499786,0.391278487,232.683797
652500,58.13699814,0.417922988,232.6810211
652750,67.34799957,0.457726989,232.6476367
653000,65.77599792,0.391327993,232.6938025
653250,53.57399857,0.354373993,232.7153949
653500,51.25599945,0.372023487,232.6864966
653750,49.88199829,0.324123503,232.7069055
654000,39.62899979,0.327398994,232.7118726
654250,50.93899857,0.399865985,232.6675452
654500,53.3719986,0.334897496,232.6882965
654750,40.64199982,0.342900001,232.6750354
655000,50.61899948,0.340933994,232.6888397
655250,50.61899948,0.340933994,232.6888397
655500,48.9559993,0.370223483,232.6783246
655750,56.96099915,0.418820984,232.6751385
656000,67.58699951,0.431030993,232.6887421
656250,64.17899902,0.425505984,232.7036139
656500,60.76299881,0.380927492,232.6896082
656750,53.13499908,0.349806484,232.6883356
657000,53.41599945,0.418569993,232.6937708
657250,66.20699707,0.443079487,232.6782965
657500,71.35199951,0.487176992,232.6766101
657750,83.46499756,0.522596993,232.6716986
658000,85.66199768,0.511561481,232.6903461
658250,84.31700012,0.561367989,232.6736975
658500,92.62899902,0.508212491,232.6836523
658750,69.48599915,0.472885478,232.6578046
659000,74.09399963,0.493844986,232.6751489
659250,85.00899841,0.557724493,232.6394824
659500,99.61199768,0.591314986,232.6529529
659750,105.1690021,0.658409998,232.6539392
660000,120.9599985,0.641638982,232.6362506
660250,101.085997,0.613168986,232.6519617
660500,106.711998,0.644378479,232.6476105
660750,113.2349979,0.630310974,232.6550977
661000,106.4599991,0.65414047,232.6691522
661250,117.9329971,0.671600993,232.6372272
661500,123.6749963,0.731737473,232.6305212
661750,123.6749963,0.731737473,232.6305212
662000,143.9169965,0.737893977,232.590257
662250,122.8209982,0.67781899,232.6708832
662500,121.1819968,0.723090475,232.6007471
662750,141.0099945,0.756664484,232.6126581
663000,139.2059961,0.771515982,232.5957611
663250,148.5969952,0.796141982,232.6040283
663500,155.7159973,0.745937486,232.602442
663750,124.6719977,0.760441976,232.6105371
664000,154.7449976,0.814608476,232.5973376
664250,159.8309973,0.811942973,232.6090485
664500,144.3589972,0.761209478,232.6142273
664750,137.9999957,0.741824479,232.6187
665000,137.8789966,0.741616981,232.6126263
665250,134.9519977,0.749560468,232.6340515
665500,146.1359955,0.804441974,232.6292865
665750,163.2519977,0.837707481,232.6130011
666000,158.7869958,0.824427984,232.635116
666250,160.7079968,0.824646478,232.6237476
666500,162.3009937,0.823195996,232.6325549
666750,162.1069977,0.826633489,232.5896429
667000,164.1189911,0.841553969,232.5916962
667250,165.4419989,0.825801976,232.6040558
667500,160.8339978,0.838691983,232.6064508
667750,171.8769952,0.862996492,232.5586981
668000,170.7889886,0.849355979,232.5726416
668250,170.7889886,0.849355979,232.5726416
668500,172.1899969,0.864356985,232.5770197
668750,171.823999,0.851568472,232.5851929
669000,167.8890002,0.829016979,232.5898669
669250,158.7629962,0.805059984,232.5956812
669500,149.8959961,0.793875973,232.5824658
669750,156.7479944,0.810043457,232.5832574
670000,154.2059961,0.80360599,232.6159943
670250,159.3469965,0.820152981,232.60013
670500,157.7239972,0.812645972,232.585863
670750,162.3590002,0.814522469,232.6158783
671000,159.5309985,0.818253975,232.6046411
671250,165.582995,0.840635495,232.6245154
671500,164.5529889,0.839934976,232.5836847
671750,176.4859888,0.882900965,232.5657385
672000,164.392998,0.828388488,232.6081134
672250,175.1390009,0.876806476,232.5685382
672500,179.433999,0.884927983,232.5862836
672750,178.2839941,0.870818465,232.5817444
673000,177.8589966,0.877566488,232.5478467
673250,177.2789972,0.881340966,232.5709546
673500,187.0679993,0.924674988,232.5450293
673750,183.7649939,0.887576995,232.5713013
674000,184.3899988,0.891063974,232.5853546
674250,178.8979944,0.865475974,232.6377771
674500,174.3459967,0.879451964,232.5650201
674750,174.3459967,0.879451964,232.5650201
675000,182.7909998,0.886599972,232.5815265
675250,175.148999,0.850089495,232.6012274
675500,162.167998,0.824971983,232.6106177
675750,172.3229944,0.857257473,232.5727484
676000,165.3719983,0.81514149,232.5867914
676250,163.4379956,0.851907494,232.5796106
676500,173.736994,0.858519473,232.56203
676750,156.9609955,0.768930473,232.610105
677000,147.1259985,0.800371468,232.5779553
677250,155.2239972,0.790875976,232.5889301
677500,137.3160001,0.706897488,232.5944995
677750,115.6939975,0.617133987,232.6339246
678000,99.51999817,0.583302996,232.6764355
678250,109.2569977,0.641483483,232.629801
678500,113.0449982,0.65889998,232.6522198
678750,96.97299835,0.524360492,232.648042
679000,87.26599854,0.543941991,232.6344727
679250,84.84899841,0.52726099,232.6740472
679500,85.00199738,0.502591481,232.6630573
679750,71.57399872,0.413822485,232.6768109
680000,59.69999893,0.408752983,232.6690674
680250,65.30699921,0.438826482,232.6689856
680500,58.9969986,0.363889989,232.6780011
680750,43.9159996,0.314438992,232.6982159
681000,44.00299973,0.335011488,232.6650806
681250,44.00299973,0.335011488,232.6650806
681500,44.30599823,0.31395249,232.688313
681750,45.62899811,0.33831549,232.6782788
682000,48.52799881,0.330533991,232.6860742
682250,41.48999985,0.299384991,232.6814996
682500,39.13699966,0.295626489,232.6759363
682750,36.29799896,0.290477496,232.7070569
683000,37.20399948,0.294523997,232.7094489
683250,39.2019986,0.295606493,232.6870752
683500,35.42699936,0.291414489,232.6760101
683750,38.74199921,0.294224494,232.6749213
684000,39.49099899,0.310168498,232.6866187
684250,42.42899887,0.310885494,232.6888757
684500,39.66999878,0.293695992,232.6804492
684750,37.39399994,0.293003492,232.6885077
685000,38.47399857,0.295753993,232.6821283
685250,37.25700012,0.295832993,232.6975854
685500,39.00499817,0.297304493,232.6852448
685750,38.77199997,0.293118992,232.6839862
686000,34.76999863,0.290428494,232.6844897
686250,39.32399887,0.293876991,232.685907
686500,39.38299896,0.31100449,232.6768652
686750,41.54099915,0.309874997,232.68539
687000,40.49599884,0.297406996,232.6912817
687250,36.99399902,0.292001489,232.701059
687500,35.55899826,0.290973492,232.6843536
687750,35.55899826,0.290973492,232.6843536
688000,39.08199936,0.294926494,232.7010022
688250,40.35499908,0.320155996,232.6657458
688500,45.13199921,0.319022483,232.6891998
688750,39.6459996,0.304921988,232.6843713
689000,41.86899979,0.311637497,232.6800671
689250,49.21399872,0.384050488,232.6683521
689500,60.93899841,0.395542991,232.6668427
689750,54.60399887,0.402222499,232.6820282
690000,61.94299835,0.391674488,232.680827
690250,52.51699905,0.392846491,232.6645789
690500,69.47899841,0.440064489,232.6295654
690750,68.50499985,0.481207994,232.6499658
691000,78.13599792,0.487155493,232.6786597
691250,72.73299957,0.487368985,232.6795569
691500,81.6069986,0.515065482,232.6630652
691750,87.08199738,0.503600479,232.6737848
692000,75.03999939,0.480710485,232.6703137
692250,80.95599884,0.552057998,232.6447235
692500,101.5269971,0.61820199,232.6528918
692750,109.6389978,0.56588499,232.6835687
693000,81.08099823,0.542785496,232.6330505
693250,104.3489993,0.635936487,232.6273822
693500,104.6329974,0.593437989,232.6432233
693750,92.18599915,0.571004488,232.6592877
694000,97.7919989,0.591299474,232.6435394
694250,97.7919989,0.591299474,232.6435394
694500,104.0499982,0.640720477,232.6143463
694750,124.8569962,0.673853476,232.658689
695000,105.4109982,0.625008981,232.6160132
695250,116.672999,0.694898973,232.6426251
695500,123.908996,0.699399977,232.6258752
695750,127.4289969,0.703062487,232.6225146
696000,125.3379977,0.692930977,232.6377545
696250,135.223999,0.766580477,232.6187469
696500,141.9749963,0.757190969,232.6013147
696750,140.5099982,0.748099976,232.6112109
697000,129.9489948,0.703656487,232.6159479
697250,132.1449969,0.746265967,232.6047546
697500,135.7979962,0.709439487,232.6245349
697750,118.5959967,0.64839648,232.624071
698000,120.3639972,0.683232477,232.6464252
698250,118.9189966,0.68312098,232.6267883
698500,119.1869974,0.672417994,232.6021698
698750,122.1969965,0.703094478,232.6179053
699000,123.092999,0.703978477,232.591308
699250,133.2329956,0.738163986,232.6219293
699500,139.941994,0.762920485,232.6012732
699750,134.8329987,0.713148479,232.6169379
700000,121.0879993,0.668596485,232.641499
700250,115.3589993,0.677208979,232.6662079
700500,117.2249985,0.681334486,232.62737
700750,117.2249985,0.681334486,232.62737
701000,130.8769974,0.755242469,232.6202472
701250,152.6639966,0.803149979,232.5939313
701500,146.0329932,0.746946483,232.6225214
701750,136.1589972,0.757767992,232.6047321
702000,142.2959955,0.742159488,232.6008942
702250,138.552998,0.752842476,232.6098657
702500,139.1779993,0.764721489,232.6244128
702750,151.2949982,0.802192986,232.6080243
703000,159.7969965,0.842291455,232.5912347
703250,175.0549976,0.887704477,232.6068408
703500,179.9519965,0.857756481,232.5725372
703750,168.1499994,0.844915993,232.6121863
704000,169.0039996,0.849757977,232.5651379
704250,173.3300018,0.877174489,232.5971777
704500,188.8179987,0.935292964,232.5648248
704750,185.4739941,0.86314147,232.5725769
705000,174.8539948,0.89013948,232.5787848
705250,190.4609918,0.929845974,232.5965521
705500,190.8859906,0.906438975,232.5534265
705750,168.6419946,0.809458992,232.6165515
706000,160.2109943,0.822914979,232.5742865
706250,164.0059967,0.84674047,232.5943481
706500,167.4149982,0.838150485,232.5816113
706750,164.956994,0.811312497,232.6282727
707000,160.6329932,0.854447975,232.6078827
707250,160.6329932,0.854447975,232.6078827
707500,174.1919952,0.86072798,232.5937787
707750,172.8190002,0.861083975,232.6058636
708000,174.3169971,0.864010489,232.5984875
708250,171.4099963,0.851435463,232.5819403
708500,167.1009985,0.842800486,232.5817377
708750,163.2109924,0.796954472,232.6074524
709000,147.537995,0.785902481,232.6256744
709250,154.2669946,0.813946486,232.6191705
709500,172.6449939,0.889386976,232.630282
709750,173.0259979,0.842806463,232.5958606
710000,157.027998,0.78695997,232.621377
710250,150.6879999,0.768867974,232.6507764
710500,135.4169971,0.726540482,232.6352893
710750,124.5589957,0.658707964,232.6483148
711000,110.3409976,0.592110469,232.6573755
711250,95.07399506,0.584076486,232.6715936
711500,97.78499725,0.572102983,232.6575702
711750,99.82299896,0.607102487,232.6617133
712000,105.8899985,0.623318479,232.6606915
712250,96.30199677,0.535081995,232.6789764
712500,81.53599915,0.491905992,232.6543848
712750,74.60499878,0.422783483,232.6839282
713000,58.48599838,0.381158484,232.6660889
713250,51.80599838,0.348883989,232.6968829
713500,56.12399796,0.411877489,232.6786285
713750,56.12399796,0.411877489,232.6786285
714000,59.83299881,0.378069484,232.6780139
714250,53.70499863,0.421475489,232.676181
714500,64.65099731,0.391757998,232.6771857
714750,49.1169986,0.341627985,232.6923584
715000,46.88699921,0.317507498,232.6786993
715250,44.83399979,0.363238487,232.6918176
715500,52.95799866,0.339693493,232.6935382
715750,37.94099884,0.299843991,232.7094647
716000,39.30499924,0.304583493,232.7197998
716250,41.50999817,0.303461993,232.7274677
716500,37.68799942,0.299801995,232.7114166
716750,38.99699921,0.298510994,232.7072729
717000,39.73499939,0.295874993,232.6968646
717250,35.16499908,0.298997995,232.7186096
717500,41.04400024,0.302168986,232.715376
717750,39.34599976,0.297710997,232.6702576
718000,37.06299866,0.297626493,232.7100061
718250,39.89899902,0.29649399,232.7062946
718500,37.42899887,0.299876992,232.7010217
718750,38.3519989,0.297995496,232.7035907
719000,39.57499939,0.300370491,232.6867383
719250,38.54699966,0.299328489,232.7180988
719500,38.54999924,0.295140991,232.6547693
719750,37.32499893,0.298899993,232.70797
720000,39.26199997,0.297686492,232.6804742
720250,39.26199997,0.297686492,232.6804742
720500,37.70599976,0.29546349,232.7085687
720750,37.30699951,0.292259489,232.713233
721000,38.7259993,0.291772491,232.7231714
721250,36.93799911,0.294566492,232.7094928
721500,37.38799866,0.296787989,232.7191144
721750,39.20199875,0.297010992,232.7088586
722000,41.28699905,0.341994487,232.6925861
722250,55.56299866,0.372626489,232.6993542
722500,46.20700012,0.324812998,232.7299701
722750,44.18999893,0.324382995,232.7151849
723000,46.30499878,0.394504992,232.7009918
723250,76.12899658,0.487887993,232.6703394
723500,70.33799805,0.43280899,232.7047314
723750,62.10099808,0.423393493,232.6757373
724000,68.92199799,0.447362989,232.6655048
724250,71.22099884,0.450817983,232.6872327
724500,68.4389975,0.459916986,232.6958105
724750,78.19499908,0.518235981,232.6816968
725000,85.43999756,0.533700981,232.6709772
725250,90.61799774,0.543332968,232.6784814
725500,85.70399902,0.52794099,232.6615216
725750,93.6369989,0.580542989,232.6350507
726000,98.00599823,0.618163476,232.6512756
726250,109.4059976,0.642290485,232.6333698
726500,107.2629956,0.605442982,232.6660095
726750,107.2629956,0.605442982,232.6660095
727000,102.5599988,0.609510987,232.6342657
727250,109.1419971,0.655141985,232.6351965
727500,128.1009964,0.746929984,232.6333936
727750,134.4099963,0.730167971,232.6256262
728000,133.9659973,0.75597949,232.5969293
728250,154.1639972,0.818056495,232.6071307
728500,144.048996,0.720716479,232.6376025
728750,128.1799966,0.72201997,232.6345551
729000,133.1719983,0.750657983,232.6349078
729250,146.0169977,0.802878468,232.6000897
729500,165.2139948,0.860548985,232.5865857
729750,177.5659979,0.873166976,232.5854657
730000,174.0979932,0.859181979,232.5850818
730250,179.7709979,0.909634473,232.5602173
730500,189.0939966,0.911616957,232.5584497
730750,190.7839972,0.934628479,232.5811066
731000,197.2959961,0.946351485,232.5655225
731250,191.8889972,0.909551461,232.5621289
731500,195.1709943,0.973021469,232.580022
731750,204.7099963,0.970138474,232.5370618
732000,212.7919971,1.027013988,232.5214203
732250,210.3589948,0.96282248,232.5747693
732500,208.6259943,1.001099458,232.5332416
732750,204.6299945,0.960169959,232.5816895
733000,202.8419946,0.963524973,232.5618585
733250,202.8419946,0.963524973,232.5618585
733500,204.8339954,0.97996196,232.5868182
733750,211.0449902,1.01586247,232.5515283
734000,215.7349927,0.976353481,232.572002
734250,197.1429938,0.933415477,232.5739063
734500,191.4209961,0.923770995,232.583219
734750,195.051994,0.938905981,232.5632904
735000,191.1510004,0.901519983,232.5835925
735250,177.9819971,0.862461469,232.5883289
735500,177.0399939,0.896563985,232.5876965
735750,189.1649933,0.924006479,232.5952576
736000,195.9389984,0.948512969,232.5869055
736250,190.815993,0.892156477,232.5974738
736500,183.3389948,0.914452453,232.5649371
736750,179.5300006,0.847148468,232.5854962
737000,171.937995,0.89794647,232.5955396
737250,189.172998,0.907169974,232.5721783
737500,173.403996,0.833503995,232.62646
737750,160.5619989,0.83996948,232.6185297
738000,166.8240002,0.813954482,232.6007813
738250,157.857995,0.823793988,232.5795435
738500,166.1819952,0.838892469,232.6287378
738750,164.6049854,0.845461962,232.6023163
739000,166.85,0.825896478,232.6255231
739250,156.6889996,0.818342972,232.5922437
739500,152.0389966,0.761457989,232.626546
739750,152.0389966,0.761457989,232.626546
740000,142.1489972,0.776959479,232.6540515
740250,148.6229926,0.771652005,232.6096741
740500,136.2939951,0.718965979,232.6349622
740750,127.4380005,0.658598485,232.6482092
741000,107.6069977,0.657440987,232.6876508
741250,104.7029965,0.56438398,232.6812976
741500,91.51499695,0.54634048,232.6521527
741750,87.02099945,0.513736989,232.6456995
742000,74.87099884,0.44041849,232.6750824
742250,67.47399841,0.460964483,232.6740704
742500,70.84199799,0.433213991,232.6809955
742750,61.04199905,0.392199494,232.6829083
743000,52.2679982,0.350492994,232.6669476
743250,47.97299973,0.355781988,232.7040961
743500,48.7219989,0.330342994,232.7153467
743750,41.20699966,0.303037491,232.6967297
744000,41.12099884,0.296586494,232.701153
744250,37.1019986,0.302171488,232.7036023
744500,40.16599976,0.299135494,232.7050336
744750,39.70799896,0.29444149,232.6683795
745000,34.04799904,0.291700988,232.7059698
745250,39.02699982,0.28985949,232.6883685
745500,36.42299957,0.290033493,232.7018658
745750,34.65999969,0.285775996,232.6991779
746000,37.04299896,0.287535493,232.707948
746250,37.04299896,0.287535493,232.707948
746500,35.95199936,0.28817299,232.6820734
746750,37.1819989,0.29097749,232.6803217
747000,36.72499847,0.288312495,232.670249
747250,35.94899933,0.290049988,232.6944287
747500,38.39399963,0.288409995,232.6866589
747750,34.84399902,0.281708994,232.7050977
748000,34.94799866,0.278794994,232.7019769
748250,35.6689991,0.287720991,232.6992212
748500,33.37199913,0.281062988,232.7094196
748750,36.43699921,0.281917995,232.7101056
749000,34.99499931,0.283102994,232.7311945
749250,33.2699987,0.283802991,232.7119727
749500,37.14499954,0.283262995,232.7254822
749750,34.04899918,0.280576493,232.7135156
750000,35.01899826,0.292349494,232.7528424
750250,39.4809993,0.299623493,232.7293622
750500,39.70799835,0.304754992,232.7249792
750750,38.91199875,0.289783992,232.714624
751000,35.38099915,0.28304249,232.7355841
751250,36.19299927,0.289422996,232.6853192
751500,38.52899902,0.298007489,232.7032501
751750,35.74799911,0.292879494,232.7166675
752000,40.575,0.308207489,232.6813165
752250,39.78799957,0.30214049,232.6884729
752500,38.58200027,0.292331492,232.7013782
752750,38.58200027,0.292331492,232.7013782
753000,37.14499924,0.280584991,232.7101788
753250,33.01299942,0.286007998,232.6971869
753500,36.14899902,0.288261993,232.6867084
753750,37.96999954,0.289905493,232.7342242
754000,35.36199936,0.295828494,232.7181281
754250,41.94699905,0.313049995,232.7116278
754500,39.94300003,0.339051994,232.6859937
754750,60.44699829,0.426322993,232.6339868
755000,55.11599838,0.352719493,232.7088666
755250,56.0989978,0.427725493,232.6646338
755500,66.70299866,0.463628982,232.6745081
755750,78.08899872,0.536532983,232.655929
756000,81.16299866,0.526013985,232.6270581
756250,99.88499634,0.615796986,232.6339142
756500,109.2709985,0.634409974,232.6413135
756750,103.5869968,0.608291488,232.6384503
757000,109.5419971,0.676126986,232.6209058
757250,128.6829977,0.760868485,232.6195941
757500,151.3119946,0.805388989,232.5963196
757750,159.2340002,0.809980996,232.5845197
758000,152.6369965,0.785862477,232.6061365
758250,148.2229987,0.777631986,232.6124969
758500,147.1189996,0.778310981,232.5802277
758750,154.9199957,0.819832492,232.5896344
759000,170.9239954,0.884774978,232.5810431
759250,170.9239954,0.884774978,232.5810431
759500,172.8199957,0.836384983,232.5739526
759750,161.0019995,0.813865485,232.5917871
760000,157.7759961,0.813166974,232.6018182
760250,162.9849945,0.831658957,232.583515
760500,164.3829932,0.816797497,232.5946155
760750,156.6909949,0.819953477,232.6030011
761000,166.2609961,0.846051962,232.6068903
761250,177.8789917,0.906782482,232.5743695
761500,192.5729962,0.956023469,232.5663147
761750,200.8639978,0.934984481,232.5881781
762000,192.4369977,0.934740474,232.5529059
762250,184.5799957,0.866118977,232.6007306
762500,171.2819977,0.862212973,232.5946729
762750,177.8569965,0.90170748,232.5714349
763000,187.6269922,0.915154984,232.5924738
763250,183.8059991,0.886392467,232.5837305
763500,172.748996,0.840268986,232.6082709
763750,171.8239966,0.877542491,232.6001117
764000,179.7190051,0.908633986,232.5573138
764250,185.6769946,0.877485962,232.594024
764500,175.5639984,0.888522978,232.5425195
764750,185.1279956,0.947322485,232.5539972
765000,202.8520001,0.945912962,232.5959167
765250,195.3059991,0.943101988,232.5646655
765500,196.0959991,0.939443474,232.5920648
765750,196.0959991,0.939443474,232.5920648
766000,199.6449963,0.964693975,232.5757831
766250,201.6439954,0.945159476,232.5799457
766500,195.4080011,0.943492465,232.5999701
766750,198.3489966,0.936602986,232.5706268
767000,185.9139941,0.894564469,232.5681464
767250,185.1049945,0.91515398,232.6114856
767500,184.9289954,0.877487481,232.6029395
767750,175.1149951,0.868522973,232.5935699
768000,178.3959985,0.881849477,232.610144
768250,179.8509949,0.889460995,232.5943378
768500,181.3969983,0.835186462,232.5976117
768750,157.0579944,0.847387981,232.6083484
769000,170.3419928,0.844704986,232.5762585
769250,167.7709955,0.836973484,232.6110974
769500,163.1309955,0.820958476,232.574754
769750,157.5419983,0.807079477,232.6254987
770000,154.4279999,0.778092973,232.6058649
770250,139.4449988,0.757706492,232.6189136
770500,137.8449927,0.728547993,232.6227722
770750,129.7539957,0.727030973,232.6056262
771000,135.5149985,0.702379475,232.6256104
771250,124.4369977,0.719393468,232.6099225
771500,131.0799982,0.702724483,232.6294019
771750,118.6599973,0.627278974,232.627417
772000,96.35099854,0.61081197,232.6364038
772250,96.35099854,0.61081197,232.6364038
772500,101.2229968,0.613917487,232.5848297
772750,105.5609985,0.620927982,232.6299872
773000,106.0659979,0.607913978,232.619989
773250,100.9999982,0.588893483,232.6298035
773500,102.265997,0.589327471,232.6555475
773750,95.31199829,0.576539984,232.641532
774000,87.38299957,0.518398492,232.6663312
774250,67.14699997,0.41541949,232.6811713
774500,60.23099991,0.45366649,232.6614337
774750,76.76799866,0.476926489,232.6609705
775000,75.3239975,0.463455484,232.6744354
775250,72.96799896,0.474609993,232.6617627
775500,78.0119986,0.488063488,232.6567865
775750,64.0159996,0.394484484,232.6941937
776000,44.02799988,0.314921987,232.692049
776250,43.53899994,0.365354489,232.6939465
776500,60.41099869,0.416870995,232.6800104
776750,63.41399841,0.420121486,232.7017712
777000,58.38099838,0.403979986,232.7178174
777250,66.26199799,0.426219988,232.6814008
777500,54.98699951,0.328495489,232.6888123
777750,39.09399963,0.293730996,232.7108313
778000,37.05399979,0.291896995,232.7098834
778250,39.71799957,0.326733497,232.6637952
778500,55.50699905,0.40178799,232.6601788
778750,55.50699905,0.40178799,232.6601788
779000,62.60999969,0.457975481,232.6855072
779250,82.02399933,0.514302492,232.6811078
779500,73.79599854,0.449940985,232.6524896
779750,73.37299957,0.494249486,232.6536884
780000,84.97299561,0.510044986,232.6653607
780250,80.48799896,0.511843487,232.6409003
780500,88.55999969,0.555474994,232.6411615
780750,88.55999847,0.501941494,232.643465
781000,78.53299927,0.492812479,232.6277313
781250,76.03099823,0.473180983,232.6586426
781500,69.51099915,0.414086992,232.683186
781750,63.70999802,0.434087493,232.6888171
782000,62.61199844,0.398434491,232.6619049
782250,59.32399994,0.409312997,232.6825848
782500,59.05299835,0.381311488,232.7120184
782750,53.45899841,0.362403992,232.6859375
783000,45.3619989,0.330687983,232.6836584
783250,50.33499893,0.356317494,232.7030243
783500,59.34399887,0.428984987,232.6591858
783750,66.02899963,0.427621486,232.6849634
784000,67.70799896,0.433630986,232.687868
784250,53.23299927,0.330802994,232.6856812
784500,40.65399963,0.312137491,232.7049445
784750,45.31899872,0.328787491,232.6894342
785000,43.48399857,0.318602495,232.686925
785250,43.48399857,0.318602495,232.686925
785500,50.63199921,0.395956987,232.6850885
785750,51.7789978,0.327344502,232.6823047
786000,43.75499939,0.342144487,232.7123395
786250,52.05399826,0.371437486,232.7039203
786500,48.12199936,0.323275992,232.7012476
786750,52.48099808,0.418834484,232.6795056
787000,56.44899902,0.357741483,232.6963336
787250,58.0719989,0.4505885,232.6726123
787500,65.35799744,0.364875989,232.6670331
787750,50.53199951,0.433226987,232.6921423
788000,66.43899963,0.426471487,232.6884283
788250,62.12499893,0.413268992,232.6893396
788500,59.61599884,0.418426496,232.6810828
788750,75.67999878,0.532018981,232.6430353
789000,89.20999847,0.516136489,232.6950757
789250,84.9289975,0.570421977,232.6468829
789500,94.33499908,0.550320494,232.6508563
789750,87.4589978,0.54045249,232.6332782
790000,91.70399841,0.559415479,232.6698938
790250,105.0289993,0.667890995,232.6090326
790500,118.1749979,0.651102483,232.656463
790750,108.4269965,0.607231491,232.6630042
791000,104.0339963,0.676727972,232.6435535
791250,125.9549979,0.68452949,232.6181055
791500,125.0799985,0.698526495,232.6405701
791750,125.0799985,0.698526495,232.6405701
792000,123.070997,0.686692994,232.6425439
792250,121.7019958,0.67792047,232.6478357
792500,123.7439969,0.712597976,232.6370227
792750,128.2579968,0.723862481,232.6404187
793000,133.923996,0.724001484,232.6363806
793250,133.8459967,0.732778995,232.6341852
793500,134.7250061,0.716203496,232.6525677
793750,127.2519977,0.70743948,232.6279639
794000,131.4140033,0.743993495,232.6049396
794250,139.1159998,0.754962981,232.6162244
794500,139.0859937,0.740719981,232.6148267
794750,132.4709946,0.706658988,232.6293115
795000,123.7029971,0.665658984,232.6434491
795250,114.7519974,0.69532548,232.6090112
795500,135.2499969,0.725834985,232.6094604
795750,133.0569971,0.739752979,232.6384998
796000,134.3120001,0.742446983,232.6048193
796250,141.0849963,0.761230478,232.5900946
796500,137.1499945,0.712951493,232.5716095
796750,126.8429977,0.72498497,232.6071936
797000,143.0069989,0.777552462,232.5680115
797250,145.6099963,0.753560994,232.6153693
797500,136.4889948,0.727339475,232.6235889
797750,128.9529993,0.69848248,232.6564587
798000,116.3069977,0.661971993,232.6432513
798250,116.3069977,0.661971993,232.6432513
798500,118.8189981,0.685669475,232.6607623
798750,127.481998,0.696325481,232.6578888
799000,122.2119974,0.668861997,232.6498004
799250,117.5149979,0.665002491,232.6559857
799500,115.8009985,0.680553989,232.6502271
799750,121.615997,0.67971899,232.6066882
800000,119.791998,0.707824984,232.608681
800250,136.6269989,0.747098489,232.6168243
800500,136.1949957,0.706120985,232.6447388
800750,124.2819971,0.707597966,232.6074457
801000,132.7559961,0.741130481,232.6094556
801250,136.4800055,0.731879985,232.6011285
801500,129.6359949,0.70945848,232.6151154
801750,130.2029965,0.726398468,232.6280426
802000,132.2159991,0.717588491,232.6466498
802250,133.6579999,0.717536983,232.6186414
802500,129.5809958,0.731642475,232.6129956
802750,139.07,0.764142487,232.6415399
803000,146.4099957,0.76824048,232.590578
803250,138.6029987,0.733832481,232.5795917
803500,124.505997,0.69570349,232.632298
803750,132.9909979,0.725650973,232.6257385
804000,128.941998,0.724722483,232.6323535
804250,137.343999,0.751350496,232.6297644
804500,133.8119977,0.727942486,232.6331696
804750,133.8119977,0.727942486,232.6331696
805000,132.7369946,0.727745972,232.6388495
805250,131.4279922,0.707289505,232.6230115
805500,123.7559982,0.678628478,232.6176294
805750,121.9809991,0.680586486,232.5961639
806000,119.6639987,0.673277988,232.6398975
806250,113.4519968,0.63676348,232.6316882
806500,106.4889996,0.616619983,232.6334082
806750,99.20299866,0.612227979,232.6622729
807000,110.3069965,0.649670472,232.6339136
807250,112.7339972,0.630741472,232.6557715
807500,109.568996,0.63675499,232.6259778
807750,107.9189944,0.606371481,232.6408649
808000,102.9109988,0.609111989,232.6638104
808250,95.78999878,0.585878985,232.6901312
808500,106.4029984,0.639279981,232.6485089
808750,103.3109967,0.551024001,232.6138898
809000,85.67499847,0.499148988,232.616709
809250,81.1659967,0.500622491,232.6658777
809500,77.75299805,0.474610991,232.6772186
809750,80.04600067,0.511800985,232.6366797
810000,76.89499908,0.48297599,232.687713
810250,73.14800049,0.467966489,232.6827795
810500,74.05899872,0.479387988,232.6789563
810750,77.32399994,0.497086984,232.6897906
811000,77.61099503,0.444119492,232.6662616
811250,77.61099503,0.444119492,232.6662616
811500,66.33699768,0.452280484,232.6405347
811750,72.1789978,0.475819991,232.657804
812000,65.0179985,0.392713987,232.6759833
812250,63.43799927,0.470249988,232.6627881
812500,75.91499817,0.46454899,232.6356494
812750,69.97599915,0.41667299,232.6394244
813000,63.39399841,0.452434986,232.6532172
813250,84.74799927,0.554669976,232.6644482
813500,81.55899872,0.463735485,232.6902374
813750,71.23999847,0.471218493,232.7009863
814000,79.72900055,0.531222489,232.6549609
814250,89.22900116,0.52101649,232.6704889
814500,85.575,0.500522494,232.6787396
814750,71.56599976,0.436280487,232.658811
815000,64.00499939,0.442530494,232.6422339
815250,72.16799927,0.482285494,232.6610596
815500,83.29099731,0.557174988,232.6493494
815750,92.21999786,0.529956989,232.6368848
816000,87.36999542,0.536368489,232.6535187
816250,90.26499847,0.542622488,232.6272314
816500,90.61199768,0.560764987,232.6390369
816750,86.71199493,0.518729492,232.6741962
817000,86.80799713,0.538241992,232.6395508
817250,85.11999878,0.504224985,232.639057
817500,79.0369989,0.504852486,232.6515387
817750,79.0369989,0.504852486,232.6515387
818000,91.35099731,0.561696482,232.6634259
818250,87.8079953,0.50952049,232.6431696
818500,80.0219986,0.528448977,232.6765186
818750,88.7489978,0.504658992,232.6510516
819000,79.84499847,0.535922983,232.6477539
819250,92.26399628,0.548591478,232.6391223
819500,92.46600006,0.546237993,232.6351843
819750,89.59799774,0.577229972,232.6623474
820000,97.1289978,0.586629496,232.6221747
820250,100.4859961,0.621872482,232.6385687
820500,103.0129956,0.555911489,232.6471332
820750,96.12199768,0.633896472,232.6264459
821000,110.3199979,0.599436989,232.6330139
821250,93.64199738,0.544834981,232.6474445
821500,92.665,0.592216485,232.6624261
821750,101.0019989,0.617903974,232.6566754
822000,108.845,0.66247299,232.6236108
822250,114.788996,0.61248698,232.6367609
822500,101.1599973,0.61277647,232.6453479
822750,107.5819977,0.636647491,232.6553143
823000,111.9349994,0.683978488,232.6201947
823250,125.3129953,0.707269976,232.6045935
823500,125.1949982,0.686851993,232.6047852
823750,122.9149966,0.739202991,232.5832135
824000,147.0739978,0.760109971,232.5926007
824250,147.0739978,0.760109971,232.5926007
824500,140.0359985,0.76751647,232.5829059
824750,149.9139948,0.812599475,232.6069684
825000,161.2359943,0.842679965,232.5947839
825250,163.9919983,0.796468978,232.5748395
825500,143.8919989,0.739601476,232.6232709
825750,131.0929965,0.741285002,232.6028979
826000,142.4849976,0.757596967,232.5872656
826250,140.5379938,0.759878483,232.621651
826500,140.808999,0.748117476,232.590451
826750,136.0899969,0.727974486,232.625072
827000,134.1949951,0.745849988,232.6049017
827250,139.8199963,0.745310464,232.6062384
827500,133.4979971,0.687828484,232.5847339
827750,119.7049973,0.705329492,232.5830847
828000,134.5039975,0.756254487,232.5761462
828250,145.1279962,0.779158969,232.5716571
828500,147.8869958,0.762358985,232.6109064
828750,138.9749969,0.750943475,232.5949457
829000,148.7169965,0.779370987,232.5884662
829250,146.3119977,0.794942975,232.6091071
829500,160.2249976,0.808663485,232.5737158
829750,145.5169965,0.795454488,232.6099078
830000,161.5749963,0.796367984,232.6172327
830250,143.5789978,0.762749481,232.6176825
830500,147.4959979,0.788619988,232.6312909
830750,147.4959979,0.788619988,232.6312909
831000,152.6339966,0.79135396,232.6299371
831250,148.6489996,0.779000478,232.6232416
831500,145.4599982,0.753834982,232.6132568
831750,135.0839996,0.758082488,232.5840436
832000,145.6949957,0.765905492,232.5875116
832250,136.6819958,0.69888849,232.6090656
832500,117.4479984,0.653201983,232.6284021
832750,116.3519974,0.653575475,232.6309625
833000,116.0059979,0.65051446,232.6310974
833250,112.271998,0.663006985,232.6204352
833500,122.7029977,0.694289982,232.5987848
833750,119.8069971,0.66679049,232.6425757
834000,110.349996,0.580888975,232.6657007
834250,81.84899811,0.510695484,232.6910266
834500,88.91599762,0.561889985,232.6571246
834750,93.27899689,0.540618489,232.6335614
835000,83.28499756,0.48357499,232.6657239
835250,74.31799957,0.484669482,232.6718524
835500,75.21299896,0.469237489,232.6792493
835750,64.34599899,0.421509981,232.6803845
836000,66.57999878,0.460333484,232.6862817
836250,73.37999847,0.474899985,232.6839447
836500,73.29599945,0.452885489,232.6502423
836750,68.31999832,0.435691489,232.6581219
837000,61.02699829,0.417725992,232.672561
837250,61.02699829,0.417725992,232.672561
837500,66.34199707,0.456269486,232.6599854
837750,73.12099945,0.473383483,232.6950415
838000,77.88899811,0.512540989,232.6721179
838250,81.49099854,0.486912991,232.6835144
838500,65.53599854,0.394541987,232.7050677
838750,53.41099915,0.407066987,232.6767957
839000,66.33399811,0.450655991,232.6905884
839250,60.84599869,0.376905488,232.7250104
839500,57.07999817,0.408363495,232.6910272
839750,60.84699814,0.402200987,232.7078265
840000,65.08499786,0.469296492,232.6664087
840250,76.00799866,0.494729987,232.6479865
840500,74.7639975,0.488460482,232.6808405
840750,78.81099884,0.507436993,232.6811609
841000,78.75,0.460606495,232.6854669
841250,60.72499908,0.395630988,232.6863129
841500,70.18899841,0.554107987,232.6765167
841750,94.59199768,0.569499984,232.658443
842000,85.91199768,0.520611987,232.659812
842250,78.87299866,0.468828492,232.6638031
842500,77.21399734,0.530252984,232.6625525
842750,93.22799988,0.576479979,232.6504736
843000,100.942998,0.592123489,232.628595
843250,98.78099792,0.576726491,232.6527551
843500,93.28099823,0.557351987,232.6521783
843750,93.28099823,0.557351987,232.6521783
844000,92.95000031,0.590018482,232.6681299
844250,97.05799896,0.571386981,232.6208087
844500,103.5699973,0.63246448,232.6128979
844750,102.5399988,0.542430997,232.6610529
845000,90.4359964,0.570348477,232.6218665
845250,104.4339993,0.653969986,232.645899
845500,114.8209976,0.684814491,232.6396277
845750,121.5629962,0.662043982,232.616723
846000,125.4629984,0.756126487,232.6067029
846250,138.9549945,0.715912998,232.6090552
846500,123.3459982,0.664829984,232.6074725
846750,121.6709958,0.718457484,232.6207727
847000,133.5539972,0.731030469,232.6289099
847250,134.0959973,0.702115493,232.5961749
847500,126.2059967,0.749156969,232.6103754
847750,140.8209937,0.727628484,232.6169409
848000,130.1029938,0.724327486,232.6111896
848250,134.9319977,0.722996995,232.6038788
848500,131.2679962,0.723850965,232.5980469
848750,129.4609976,0.698659987,232.6314868
849000,131.447995,0.779390492,232.6188123
849250,151.087998,0.758149974,232.624942
849500,142.4679968,0.784908473,232.5739252
849750,155.6289948,0.807674985,232.5598169
850000,152.1799982,0.801392493,232.589425
850250,152.1799982,0.801392493,232.589425
850500,146.962998,0.753740497,232.6099493
850750,141.608999,0.77731348,232.6253485
851000,149.5140002,0.760707991,232.6186182
851250,136.3329956,0.732804472,232.6325037
851500,136.0289978,0.756674995,232.5961066
851750,141.2389978,0.76421097,232.6294995
852000,145.6739996,0.788982973,232.6366864
852250,158.7929987,0.830766976,232.6345795
852500,168.1019934,0.844426482,232.5955762
852750,167.3849982,0.842019985,232.5778644
853000,169.0309937,0.861892991,232.5620258
853250,180.7189972,0.855868981,232.6059302
853500,149.1669958,0.807192986,232.5990729
853750,166.8229974,0.864314485,232.5802826
854000,182.2009985,0.90404449,232.5705566
854250,184.482998,0.905135472,232.5602576
854500,186.1169934,0.889366972,232.568479
854750,179.2269971,0.862760994,232.595014
855000,166.4299951,0.827346978,232.6078015
855250,165.5919989,0.876904979,232.5764288
855500,185.7659991,0.892781985,232.5742822
855750,170.8049969,0.845527475,232.6002576
856000,177.8269971,0.909520473,232.573385
856250,196.0299963,0.936980481,232.564657
856500,189.7759961,0.895566478,232.5673444
856750,189.7759961,0.895566478,232.5673444
857000,177.6129956,0.872389474,232.5903705
857250,176.1399957,0.866495488,232.5863623
857500,179.9769965,0.862641475,232.6001843
857750,155.007995,0.800477979,232.566778
858000,165.7299963,0.835723982,232.5847614
858250,160.4059973,0.801399481,232.5929871
858500,156.5849951,0.805456476,232.5963318
858750,159.787995,0.814762981,232.5866895
859000,164.9719977,0.834908974,232.586557
859250,161.9580005,0.808703489,232.5744312
859500,157.6770032,0.801279979,232.5799066
859750,153.3909937,0.781911991,232.611499
860000,151.9159967,0.787043471,232.5918317
860250,150.2149982,0.780065477,232.6010516
860500,146.3679987,0.75907948,232.6202185
860750,140.6369971,0.756627972,232.6122345
861000,139.6149969,0.770265973,232.6084973
861250,157.4139978,0.801737964,232.6050494
861500,139.2079993,0.687466958,232.6498938
861750,115.0409982,0.654863491,232.6547449
862000,108.6739996,0.592606988,232.6598651
862250,95.36999725,0.570938988,232.6373767
862500,80.53999664,0.482813483,232.6497687
862750,82.09999878,0.528602985,232.6466473
863000,69.82999908,0.393334985,232.6726581
863250,69.82999908,0.393334985,232.6726581
863500,58.64999847,0.408293993,232.6588263
863750,55.8669989,0.365886487,232.6795209
864000,59.43199905,0.415063496,232.6797705
864250,53.72999832,0.338193989,232.6965308
864500,52.78899826,0.412856992,232.6883704
864750,54.9689978,0.334961492,232.7052759
865000,38.1419989,0.292087493,232.6961224
865250,36.42499908,0.300548494,232.724043
865500,44.33799942,0.32979,232.6866644
865750,52.14599915,0.385094494,232.6902271
866000,49.32399918,0.312012486,232.7068896
866250,36.94499893,0.29265399,232.6692426
866500,39.28999893,0.312140993,232.6941541
866750,41.70199921,0.312849486,232.7051709
867000,41.29199951,0.310569994,232.7034668
867250,39.19700012,0.293999989,232.6996259
867500,37.88100006,0.297876995,232.7090851
867750,40.25,0.314124492,232.671676
868000,42.65100082,0.302662994,232.701427
868250,36.53599899,0.292001994,232.7151276
868500,36.97299881,0.295467494,232.7132031
868750,40.55099854,0.300505491,232.7059778
869000,35.34999878,0.296015989,232.7183466
869250,38.52799942,0.295229989,232.7127948
869500,38.60599884,0.291765993,232.6747925
869750,38.60599884,0.291765993,232.6747925
870000,34.70299911,0.290833991,232.6883624
870250,38.35899948,0.297568992,232.7013531
870500,42.43899963,0.329215494,232.6715619
870750,44.72699951,0.308510991,232.6878845
871000,41.12899918,0.31553749,232.6798981
871250,42.11899918,0.305316492,232.6752356
871500,39.0509996,0.294000994,232.697746
871750,40.35999969,0.331543993,232.7000433
872000,49.32599823,0.352067988,232.6837842
872250,56.89899933,0.410653989,232.690459
872500,65.01699799,0.465194495,232.6675812
872750,75.18999969,0.472873982,232.661731
873000,73.85599854,0.474429984,232.661123
873250,69.31899902,0.451514987,232.6558362
873500,81.33499939,0.585816975,232.6575616
873750,103.2249982,0.590286999,232.6622125
874000,94.33299744,0.575399494,232.6385712
874250,95.85599792,0.596141474,232.6789722
874500,99.3289978,0.549694979,232.6718256
874750,86.74899872,0.555674486,232.6510486
875000,99.42399841,0.548003991,232.6364264
875250,91.59999817,0.604677997,232.6266547
875500,109.4719968,0.641662486,232.628689
875750,105.3189969,0.625094976,232.6247296
876000,109.7799976,0.637790487,232.6407208
876250,109.7799976,0.637790487,232.6407208
876500,105.5039966,0.565186994,232.6992426
876750,90.39999908,0.614991491,232.6552582
877000,122.6769943,0.673925974,232.6570184
877250,116.4239963,0.67980947,232.6186511
877500,114.7249991,0.632587986,232.6289209
877750,99.81999878,0.590648987,232.656405
878000,102.682998,0.621189983,232.6093604
878250,110.8069958,0.635696981,232.6234253
878500,111.7739954,0.666251984,232.6239313
878750,125.8789951,0.713554995,232.6362018
879000,125.1839978,0.683149486,232.6292804
879250,111.4919983,0.632184982,232.6161658
879500,111.607998,0.668421488,232.6168732
879750,126.4909988,0.714865484,232.6179553
880000,131.3439954,0.720179982,232.6237469
880250,130.2789923,0.743621473,232.623642
880500,141.5469952,0.754606979,232.6337213
880750,138.2769983,0.765891473,232.6355878
881000,156.751994,0.803444965,232.5923535
881250,151.6049976,0.78486248,232.6035382
881500,146.7649963,0.773967967,232.585354
881750,149.8519977,0.795593479,232.5847791
882000,153.9999957,0.781286974,232.6000189
882250,139.1109967,0.739750485,232.6203229
882500,142.2189978,0.767531466,232.6266589
882750,142.2189978,0.767531466,232.6266589
883000,140.2599994,0.769930491,232.608219
883250,147.7069946,0.77542747,232.6273383
883500,141.5529974,0.734964981,232.6255292
883750,124.7749979,0.705334978,232.6101526
884000,135.5069977,0.756774464,232.5978503
884250,145.9619995,0.762657485,232.6061066
884500,134.5439984,0.722154992,232.626709
884750,132.3999963,0.733767982,232.6267322
885000,134.5689972,0.725473988,232.6299799
885250,139.060997,0.720152481,232.631651
885500,111.5369977,0.643927987,232.6503687
885750,118.5729984,0.702908487,232.6286896
886000,130.3559943,0.724903486,232.6221387
886250,130.0409988,0.714982488,232.5942023
886500,132.8449994,0.706479995,232.6380713
886750,122.7579974,0.683392482,232.6309064
887000,129.4629984,0.721619976,232.6429309
887250,129.9119968,0.72544898,232.6314008
887500,136.431001,0.737474492,232.6317847
887750,126.0779956,0.699329984,232.6558118
888000,132.9669949,0.740704479,232.6558105
888250,128.5679971,0.688045475,232.6350818
888500,134.988996,0.762040482,232.6152673
888750,142.3119952,0.752030478,232.6329327
889000,135.2679962,0.722072997,232.6317316
889250,135.2679962,0.722072997,232.6317316
889500,137.2239984,0.768158474,232.5985907
889750,142.2099957,0.75490598,232.585213
890000,146.6589966,0.786562486,232.6184253
890250,155.3649994,0.805209477,232.5953064
890500,151.4569952,0.758906999,232.6257465
890750,128.3259967,0.704579494,232.6370996
891000,135.2719977,0.763756971,232.6161298
891250,145.2080035,0.758101981,232.6108112
891500,138.5299994,0.749201982,232.6168658
891750,137.5629956,0.734501481,232.6214508
892000,144.7179993,0.797364488,232.5860638
892250,157.6669958,0.826788993,232.5786035
892500,165.3989972,0.815113478,232.5868988
892750,165.2000006,0.861846981,232.5862109
893000,161.7619965,0.781684978,232.6234253
893250,146.9329968,0.768731482,232.6225629
893500,140.1749976,0.74569849,232.6360321
893750,137.4389972,0.753443477,232.6486194
894000,128.4139981,0.69601299,232.6293121
894250,122.7959976,0.704173992,232.6338965
894500,128.6409964,0.704039996,232.6157123
894750,128.7439978,0.713654971,232.624823
895000,135.9199976,0.746117477,232.6082153
895250,135.5239923,0.715962002,232.6424066
895500,131.2199915,0.734335482,232.6230005
895750,131.2199915,0.734335482,232.6230005
896000,134.5899988,0.723270977,232.5874658
896250,129.0189981,0.724391489,232.638714
896500,131.893999,0.710614977,232.6285852
896750,128.6679996,0.677385991,232.6287622
897000,114.4549985,0.639473991,232.6769617
897250,112.3549982,0.658414485,232.6616925
897500,113.8639972,0.658171473,232.6116669
897750,108.9269946,0.63732949,232.6277209
898000,99.42299561,0.554243486,232.6553766
898250,85.69100098,0.533192482,232.6459198
898500,87.92499725,0.503528994,232.658634
898750,83.91499847,0.565238981,232.6616589
899000,92.99499847,0.52438048,232.6839246
899250,86.22699829,0.514425483,232.6808301
899500,76.58899872,0.47282148,232.6728601
899750,71.19699921,0.458100991,232.6822089
900000,74.61099915,0.476839492,232.6542438
900250,72.5269989,0.451817988,232.6806616
900500,63.44799942,0.379469004,232.6917212
900750,62.25199875,0.464345485,232.6723712
901000,75.86999908,0.45573549,232.6941058
901250,57.02699829,0.339031494,232.6983063
901500,52.53999893,0.452848486,232.6986823
901750,71.64199738,0.451365489,232.6970764
902000,65.37899841,0.397710485,232.6810504
902250,65.37899841,0.397710485,232.6810504
902500,62.77899796,0.452137989,232.6815295
902750,73.04599945,0.450601487,232.6755157
903000,68.02699921,0.451955484,232.6787701
903250,67.87299805,0.435454988,232.6567957
903500,61.52399963,0.370711989,232.7139917
903750,47.12699905,0.382987493,232.6417603
904000,63.1669989,0.418454496,232.6653235
904250,64.93099823,0.411032993,232.6532648
904500,56.11999908,0.410355493,232.6781915
904750,63.68399902,0.405704982,232.6656976
905000,62.54199814,0.437778988,232.673819
905250,67.5719986,0.456294487,232.6940912
905500,68.35799896,0.41337049,232.7200446
905750,57.93399902,0.407097485,232.6645801
906000,64.41399811,0.423934002,232.6423346
906250,61.49299896,0.405124987,232.6703241
906500,55.04999893,0.354356487,232.6743695
906750,48.95899841,0.381984488,232.6506433
907000,64.29200027,0.423326988,232.6875952
907250,65.21599854,0.464066497,232.6600568
907500,76.96799774,0.496392993,232.6512109
907750,74.98199799,0.484420981,232.6813489
908000,75.45499817,0.447095991,232.6745538
908250,64.94599854,0.440203494,232.6981299
908500,71.46399902,0.479426984,232.6850989
908750,71.46399902,0.479426984,232.6850989
909000,84.78799896,0.520553985,232.6676416
909250,88.4489978,0.55177599,232.6852332
909500,91.69299652,0.520434988,232.6738531
909750,76.36099915,0.519871994,232.6647565
910000,95.17199585,0.57315098,232.6489386
910250,93.68099731,0.557350495,232.6225159
910500,93.36900055,0.564962492,232.6602118
910750,98.31199615,0.56894598,232.6830341
911000,97.10800018,0.600482981,232.6605353
911250,108.1389966,0.660564482,232.6242908
911500,111.7869962,0.61671999,232.6158344
911750,93.93599915,0.552827983,232.6766254
912000,83.03499603,0.512518989,232.6827216
912250,97.41499939,0.550013986,232.6247968
912500,83.02799988,0.526522491,232.689635
912750,91.69599792,0.583861003,232.6573853
913000,99.92199921,0.612537985,232.6636108
913250,102.9959991,0.587232499,232.6445813
913500,90.30099884,0.534819477,232.6502271
913750,92.30299835,0.581940489,232.6414758
914000,102.1589972,0.634190989,232.630202
914250,119.6029962,0.711879468,232.6175745
914500,124.8589984,0.693607481,232.6335016
914750,119.0629977,0.653695979,232.6582593
915000,105.7049991,0.604501977,232.6512604
915250,105.7049991,0.604501977,232.6512604
915500,105.0019995,0.656918478,232.6204028
915750,130.2109979,0.723805985,232.648316
916000,117.9129974,0.640696483,232.6332855
916250,106.0619974,0.621270471,232.6417773
916500,112.0799985,0.666885486,232.6407544
916750,109.5519977,0.631982989,232.6396417
917000,116.5479974,0.671523976,232.6345947
917250,121.8839981,0.685847986,232.6297711
917500,120.2039966,0.670777478,232.6222247
917750,114.547998,0.658285489,232.6296484
918000,125.1459979,0.730294988,232.6182416
918250,134.2189966,0.717330475,232.6387231
918500,133.8139996,0.739934986,232.6372491
918750,134.921994,0.729846494,232.6194336
919000,141.3579968,0.775493464,232.6230438
919250,148.8729938,0.785729492,232.5943414
919500,147.1359979,0.742842493,232.614184
919750,132.0059967,0.713898978,232.6173706
920000,131.3399963,0.736548989,232.5885925
920250,141.3239978,0.748093493,232.6205994
920500,125.6469965,0.684279974,232.6284863
920750,136.3189972,0.77268647,232.6364996
921000,139.582998,0.71485198,232.6455609
921250,145.5959961,0.821876483,232.5771844
921500,157.8299976,0.777045977,232.6183069
921750,157.8299976,0.777045977,232.6183069
922000,149.3349957,0.794981482,232.6023724
922250,151.6009998,0.785662978,232.6141846
922500,157.0719934,0.828499467,232.5926428
922750,160.3659985,0.803732476,232.6457935
923000,156.1870001,0.801697986,232.6200574
923250,166.7859937,0.873368485,232.6094415
923500,162.9019971,0.778172476,232.6295538
923750,148.5719983,0.801293974,232.5883813
924000,155.7709991,0.818785477,232.5874469
924250,154.3079974,0.777831471,232.5812659
924500,153.7949945,0.801230502,232.6260223
924750,150.7189917,0.750755997,232.6190973
925000,144.1019958,0.796806481,232.6201233
925250,146.3719958,0.745548499,232.632912
925500,148.517995,0.829399483,232.5943005
925750,164.5229968,0.816921465,232.5734015
926000,163.0400018,0.844438479,232.5958569
926250,168.8449976,0.820110483,232.5965436
926500,165.3419971,0.876181476,232.5788898
926750,165.2299976,0.785981984,232.6515619
927000,150.7709949,0.795664971,232.6262787
927250,150.3109998,0.780858984,232.5907941
927500,156.1719946,0.846273475,232.5894171
927750,170.4099988,0.82096499,232.5885925
928000,153.5259943,0.791197984,232.6380865
928250,153.5259943,0.791197984,232.6380865
928500,146.7459961,0.75353199,232.6309888
928750,141.4779944,0.770600979,232.6128369
929000,141.4339966,0.707224984,232.6140063
929250,123.784996,0.706397474,232.6190668
929500,124.807998,0.68014297,232.6036127
929750,122.7009988,0.721004486,232.6351276
930000,130.8199951,0.712286475,232.6101007
930250,119.670997,0.634875991,232.6417944
930500,108.5169937,0.626393988,232.6399957
930750,109.9619958,0.639307482,232.6556732
931000,108.0709982,0.606145484,232.644563
931250,101.5899985,0.577725992,232.6364294
931500,95.82599731,0.612611482,232.6794818
931750,112.6319955,0.680870476,232.6309564
932000,121.0129941,0.66766398,232.6385345
932250,113.6909988,0.623683987,232.6694916
932500,104.2009991,0.601042492,232.6430524
932750,104.1469971,0.616053493,232.6509772
933000,102.8639978,0.547459481,232.647193
933250,79.41899719,0.50784299,232.6554718
933500,84.73899872,0.546138484,232.6815051
933750,91.48000214,0.549617989,232.6691211
934000,85.06199768,0.542709496,232.6577222
934250,86.5489978,0.482372983,232.6704926
934500,68.69499908,0.409619489,232.6824475
934750,68.69499908,0.409619489,232.6824475
935000,57.49599884,0.420728993,232.6818872
935250,65.44199799,0.415100486,232.6790472
935500,63.19099884,0.44429399,232.6434656
935750,68.01199982,0.466983991,232.6669336
936000,74.41199875,0.432100501,232.6793945
936250,61.79699844,0.421852983,232.678222
936500,68.13799866,0.435843493,232.6540344
936750,59.35799835,0.405464489,232.6800098
937000,61.19099869,0.41981999,232.6684668
937250,62.33999817,0.390420995,232.6814661
937500,49.00099869,0.344588996,232.7204279
937750,52.32799896,0.380336494,232.6689783
938000,58.0169989,0.410053993,232.6628748
938250,63.27499847,0.434800982,232.6809711
938500,71.7519986,0.484277983,232.6687769
938750,78.94399811,0.497706484,232.6682349
939000,72.06200043,0.436785493,232.6861523
939250,60.37999863,0.449611487,232.6887482
939500,80.47099915,0.50200549,232.6346826
939750,72.44699707,0.472639987,232.6888977
940000,81.71499756,0.484396485,232.7009015
940250,58.70499817,0.399876987,232.697959
940500,69.51199799,0.489553986,232.6843237
940750,79.02299835,0.486610487,232.6757013
941000,76.39999847,0.464996488,232.6775183
941250,76.39999847,0.464996488,232.6775183
941500,63.71699905,0.400373991,232.6743933
941750,62.45199844,0.436782986,232.6766504
942000,65.03299866,0.438515979,232.6900659
942250,71.75299713,0.492327486,232.6759229
942500,73.18899872,0.461740984,232.6885217
942750,69.13699768,0.415002992,232.6960114
943000,52.02699921,0.398073483,232.7036816
943250,71.9569989,0.513787478,232.6611212
943500,84.1039978,0.498855987,232.6831305
943750,72.46999939,0.494633499,232.6734338
944000,85.74399994,0.551834972,232.6402362
944250,89.76599792,0.536543987,232.663313
944500,88.27199829,0.55281899,232.6520648
944750,96.09499969,0.572161977,232.6579962
945000,87.57500031,0.521456997,232.6469879
945250,84.47299927,0.521610986,232.6781781
945500,81.18499664,0.518693994,232.6681604
945750,89.17600037,0.566861987,232.6408167
946000,88.41799744,0.51722348,232.6628656
946250,86.19499969,0.544911482,232.6645612
946500,90.84600037,0.55931699,232.6802026
946750,99.69799805,0.602501984,232.6578632
947000,93.7589978,0.576638491,232.6418231
947250,101.4169986,0.614914474,232.6336029
947500,105.9989963,0.595970991,232.6375769
947750,105.9989963,0.595970991,232.6375769
948000,96.77299835,0.56604198,232.642088
948250,96.59199646,0.575091481,232.6509406
948500,96.53199646,0.578558488,232.6834814
948750,100.6939978,0.594901996,232.6468781
949000,102.1879984,0.609513497,232.6616479
949250,106.304996,0.628633986,232.6692755
949500,101.5999963,0.565872979,232.6658496
949750,99.74999573,0.631032481,232.6632977
950000,100.4769974,0.555480986,232.6991461
950250,100.9659973,0.652259479,232.6241541
950500,109.3569998,0.630229495,232.6485168
950750,111.1739969,0.632868493,232.6526563
951000,115.6649957,0.672995474,232.6481873
951250,107.1129971,0.579567983,232.6626971
951500,105.3079987,0.660697496,232.6392334
951750,122.6009998,0.727853479,232.6338251
952000,130.2399969,0.69997098,232.623858
952250,117.7959982,0.620462987,232.6580426
952500,103.4279974,0.617885482,232.6632098
952750,117.9739972,0.702247987,232.6385126
953000,128.9289969,0.716949496,232.6558514
953250,134.008996,0.760182488,232.6005219
953500,140.5079987,0.745272486,232.589729
953750,133.4279944,0.721409483,232.6035382
954000,137.9629944,0.75960597,232.59565
954250,137.9629944,0.75960597,232.59565
954500,140.228996,0.72648999,232.6063855
954750,129.0649963,0.715200977,232.6168872
955000,134.729996,0.749455488,232.5889972
955250,139.7229962,0.758770976,232.596698
955500,139.7949982,0.73952848,232.6211078
955750,135.4139984,0.73162998,232.6462305
956000,136.372995,0.748317482,232.6198145
956250,127.2709961,0.659281995,232.6660779
956500,109.7449979,0.649934974,232.6803345
956750,114.8469983,0.683458486,232.6418793
957000,126.1219989,0.742452483,232.634223
957250,131.8449988,0.68007349,232.668739
957500,116.5139972,0.694793482,232.6203864
957750,126.720997,0.68825999,232.6311224
958000,122.5819986,0.698287487,232.6085876
958250,128.5289978,0.698680973,232.6495392
958500,118.2509964,0.665389485,232.6394244
958750,115.5359982,0.692280993,232.6162018
959000,126.0039981,0.673475986,232.6195801
959250,115.8829962,0.662303982,232.631145
959500,123.5629962,0.699785988,232.6254993
959750,126.5569968,0.685481982,232.6132422
960000,114.9659946,0.667718983,232.6675427
960250,113.6959921,0.661303976,232.6534222
960500,117.9099976,0.689287481,232.6153546
960750,117.9099976,0.689287481,232.6153546
961000,127.3139954,0.695899482,232.6356598
961250,123.5139993,0.696105473,232.6143372
961500,128.4459958,0.703790503,232.6171869
961750,125.6729929,0.712120488,232.6016632
962000,124.1829974,0.706699986,232.6311865
962250,125.2769958,0.689129488,232.634939
962500,125.561998,0.697508996,232.6134326
962750,127.1429993,0.736981475,232.612124
963000,141.5209973,0.750750468,232.6122583
963250,142.478999,0.78638098,232.6110315
963500,154.2389972,0.795640471,232.6156201
963750,151.9149963,0.811238477,232.6233362
964000,162.5629944,0.823083971,232.5996869
964250,162.0980005,0.805782466,232.5922424
964500,150.4619983,0.780766482,232.6194159
964750,146.402995,0.769018478,232.5963043
965000,140.2699945,0.767654974,232.6286298
965250,151.1969971,0.79489898,232.6173303
965500,152.3259967,0.776816974,232.6134906
965750,145.7649969,0.771520491,232.6316766
966000,149.1769965,0.79502048,232.5818823
966250,154.252998,0.775150976,232.6069843
966500,138.5479968,0.725097983,232.6249213
966750,126.4889948,0.707342472,232.6260834
967000,126.5499979,0.704749467,232.5966272
967250,126.5499979,0.704749467,232.5966272
967500,124.2389984,0.679030499,232.6193939
967750,114.714996,0.631070995,232.652674
968000,111.8819968,0.667404497,232.6314355
968250,126.8519974,0.717818491,232.6061157
968500,128.4499988,0.693049972,232.6014093
968750,122.2659995,0.706059489,232.6117218
969000,129.4369965,0.710180495,232.6296112
969250,126.5999951,0.699379992,232.5992133
969500,130.1619952,0.719750483,232.6197021
969750,130.5720053,0.705542982,232.6291107
970000,135.2509964,0.724284985,232.6312933
970250,107.6179977,0.608576987,232.6469403
970500,109.1029971,0.632340481,232.6588342
970750,108.9409964,0.664999986,232.6557941
971000,117.7379984,0.669173989,232.6807574
971250,109.7259973,0.596258988,232.6583618
971500,97.35000031,0.580125988,232.6693622
971750,98.34699921,0.569131494,232.6630103
972000,96.16499939,0.579678984,232.6722748
972250,95.47399841,0.588237982,232.6350977
972500,106.0489969,0.637873495,232.6417267
972750,100.9459988,0.561861475,232.6602197
973000,87.66199768,0.505644486,232.6661102
973250,77.50299927,0.478227981,232.6604803
973500,78.55000305,0.506524481,232.6718536
973750,78.55000305,0.506524481,232.6718536
974000,81.71999786,0.484111487,232.7095911
974250,69.18099915,0.454378487,232.686889
974500,65.53599823,0.447609491,232.666889
974750,74.0339975,0.486160982,232.6618744
975000,79.14399658,0.499325484,232.6591064
975250,85.75600098,0.521099486,232.677204
975500,79.83499756,0.472379494,232.680874
975750,65.81099945,0.431398993,232.6770026
976000,63.48699997,0.423027489,232.6687494
976250,64.5639978,0.434100988,232.6901526
976500,66.59999847,0.438481981,232.698009
976750,68.73199921,0.463006984,232.6611963
977000,68.84999893,0.433766997,232.6855035
977250,74.90199814,0.502542001,232.6458813
977500,73.54899872,0.463062991,232.6811914
977750,66.14299805,0.439526491,232.68901
978000,71.62499908,0.469463488,232.684707
978250,71.50899963,0.473122487,232.6743134
978500,77.06799713,0.481948988,232.6778735
978750,70.69099884,0.436404494,232.676889
979000,61.40799942,0.428283501,232.6689453
979250,64.71699829,0.43350399,232.6575238
979500,73.24799835,0.51869998,232.6379694
979750,81.1889978,0.47235749,232.6798822
980000,74.10399933,0.505859979,232.6583557
980250,74.10399933,0.505859979,232.6583557
980500,71.30799866,0.386260992,232.6859778
980750,51.55899887,0.373457984,232.6985449
981000,60.16299789,0.464183987,232.6909631
981250,70.70399872,0.447615486,232.6965692
981500,60.8269986,0.372215488,232.6907153
981750,49.70199951,0.385671996,232.7058026
982000,56.82799881,0.366504989,232.6936743
982250,53.94599899,0.385262492,232.6788733
982500,63.57699951,0.491329486,232.678064
982750,81.33199829,0.472678487,232.6798578
983000,71.34299835,0.481874485,232.6741644
983250,79.27499969,0.521416481,232.6629944
983500,95.20999847,0.595130482,232.6412354
983750,100.9160001,0.567487979,232.665282
984000,96.45399719,0.603411484,232.6658423
984250,103.8929959,0.615797484,232.6466125
984500,102.5769989,0.62605248,232.6484265
984750,115.5039948,0.702193489,232.6437769
985000,134.7099982,0.752359977,232.6465442
985250,142.8399969,0.76806649,232.6117944
985500,150.4449963,0.805362978,232.5964514
985750,157.7969989,0.813792481,232.5940912
986000,160.8109949,0.786596985,232.6003705
986250,146.6109991,0.783908484,232.6140417
986500,157.4409949,0.846758473,232.598562
986750,157.4409949,0.846758473,232.598562
987000,174.0429974,0.860780466,232.6162238
987250,168.8299988,0.834143486,232.5886517
987500,156.183996,0.766417992,232.6111322
987750,135.1679968,0.744717476,232.6079376
988000,148.5909955,0.833706484,232.5588293
988250,173.2919971,0.849725492,232.5945056
988500,160.6090002,0.810634477,232.5817865
988750,156.2449945,0.789687972,232.5898242
989000,156.2299976,0.851285486,232.5816431
989250,170.0009967,0.829573483,232.5979297
989500,150.6289966,0.763323982,232.6165674
989750,138.5169971,0.759283972,232.5878735
990000,143.1089941,0.761309466,232.5792224
990250,141.0209991,0.742607977,232.6681976
990500,135.0619995,0.742632475,232.6067151
990750,136.8159979,0.739295988,232.6106177
991000,136.5749963,0.725997486,232.6427783
991250,129.0309976,0.73556998,232.6130017
991500,139.0049976,0.733031969,232.6051532
991750,129.5159976,0.71185246,232.613092
992000,135.3229974,0.727303982,232.6288019
992250,127.0309976,0.68919349,232.610011
992500,122.6579965,0.705429993,232.6263934
992750,128.8439978,0.700752485,232.5963538
993000,118.9039966,0.65495049,232.6534192
993250,118.9039966,0.65495049,232.6534192
993500,111.6309979,0.643438487,232.6308752
993750,121.7349973,0.674029498,232.6285535
994000,113.1839972,0.661349976,232.6209381
994250,114.8069958,0.638949986,232.6580481
994500,101.6769962,0.594572487,232.6532507
994750,101.6879977,0.621586969,232.6714893
995000,104.6689975,0.591579983,232.6749689
995250,97.92599884,0.567250984,232.6592999
995500,97.06899841,0.609388485,232.6515454
995750,116.1029987,0.681455479,232.6206665
996000,116.9819971,0.660935977,232.6051379
996250,108.5869992,0.675786493,232.6294354
996500,130.6459952,0.718487489,232.6107489
996750,122.5339978,0.652410469,232.6045697
997000,122.5829962,0.683453977,232.6148352
997250,105.7169992,0.602004988,232.6547931
997500,104.6179968,0.630869489,232.6337958
997750,107.0059976,0.653803985,232.6263965
998000,112.5039975,0.663727481,232.6190717
998250,118.7219974,0.643399477,232.6723346
998500,106.0159985,0.592799492,232.6505817
998750,105.6169974,0.605560477,232.6252374
999000,101.8269995,0.609628987,232.6248981
999250,100.1749982,0.592792976,232.61685
999500,92.44899841,0.551822486,232.6612823
999750,92.44899841,0.551822486,232.6612823
1000000,90.74099915,0.564644995,232.6516736
1000250,92.43699921,0.533657987,232.6465082
1000500,85.60399963,0.506308497,232.656955
1000750,81.28699951,0.540295482,232.6566443
1001000,101.936998,0.618567491,232.6214984
1001250,99.94399719,0.573436983,232.6544574
1001500,80.59299957,0.496223981,232.664812
1001750,85.27099701,0.503789486,232.669176
1002000,72.44399811,0.44414699,232.7043207
1002250,73.4319989,0.496293989,232.6556262
1002500,82.49099731,0.501297996,232.6336505
1002750,77.47400085,0.499102986,232.6739258
1003000,81.96299805,0.531635985,232.6631415
1003250,80.39500031,0.495101982,232.6638818
1003500,78.76999969,0.498256985,232.6729706
1003750,70.11999939,0.439543484,232.7163873
1004000,81.17999985,0.54758049,232.6331964
1004250,87.1619989,0.495366994,232.6734094
1004500,80.53099823,0.536990483,232.6756592
1004750,89.84899933,0.570268486,232.626037
1005000,92.72999939,0.540761478,232.6711859
1005250,82.86699707,0.51239849,232.6646521
1005500,79.13999634,0.492972996,232.6789288
1005750,83.67299744,0.50767598,232.6524756
1006000,80.05799896,0.516640481,232.6233417
1006250,80.05799896,0.516640481,232.6233417
1006500,89.96299774,0.55481149,232.6436621
1006750,89.60099854,0.527696481,232.6439545
1007000,84.35199982,0.516400495,232.6606665
1007250,81.45699768,0.498694487,232.6462012
1007500,82.51099518,0.531376481,232.6517072
1007750,87.63899445,0.530745993,232.6209155
1008000,89.8489975,0.545956984,232.6253278
1008250,102.7679968,0.658269989,232.620578
1008500,118.2969974,0.646218483,232.6360272
1008750,115.821998,0.702872484,232.6222144
1009000,135.2549982,0.744026477,232.6000183
1009250,142.3189984,0.768137991,232.6146588
1009500,136.9569952,0.733516483,232.6461847
1009750,136.9599988,0.758204484,232.6266943
1010000,147.7819958,0.780149982,232.6127771
1010250,143.9999988,0.764903989,232.6196161
1010500,147.5329999,0.794358473,232.5992657
1010750,156.2499957,0.819994988,232.6119861
1011000,160.0099963,0.800406492,232.6165778
1011250,151.7719983,0.774088976,232.6235242
1011500,150.1629968,0.789926975,232.6167798
1011750,151.6830017,0.77424598,232.5490186
1012000,142.4579956,0.749662473,232.6117383
1012250,142.2619958,0.778991473,232.6191449
1012500,143.3209985,0.724928994,232.6619702
1012750,143.3209985,0.724928994,232.6619702
1013000,125.221998,0.709340968,232.6424835
1013250,134.6199976,0.750751977,232.6241278
1013500,143.9749969,0.773587978,232.5880573
1013750,143.6519958,0.773734491,232.5947223
1014000,147.1059979,0.76102247,232.6201782
1014250,138.1169958,0.73816448,232.6403473
1014500,130.302998,0.692489979,232.6251373
1014750,117.7429987,0.668194978,232.6072522
1015000,112.2859985,0.631930983,232.6217004
1015250,105.0009998,0.632127974,232.612547
1015500,114.1909979,0.609607978,232.6328186
1015750,97.56299774,0.569150984,232.6645404
1016000,93.14199738,0.55865849,232.6674146
1016250,90.73399872,0.541086483,232.6744452
1016500,84.89999878,0.513582486,232.6971368
1016750,77.83999817,0.493949987,232.6701929
1017000,73.20799896,0.469376494,232.7215912
1017250,73.3789978,0.460952482,232.6970099
1017500,75.55599823,0.513584487,232.6859692
1017750,87.0039975,0.531065493,232.6699799
1018000,88.49099762,0.532369976,232.6804688
1018250,88.58599915,0.561630971,232.6596362
1018500,94.46200439,0.554153998,232.6724957
1018750,85.08199829,0.516848481,232.6557904
1019000,86.35300171,0.538152502,232.6593304
1019250,86.35300171,0.538152502,232.6593304
1019500,90.76899689,0.551803486,232.6372015
1019750,92.85300018,0.564657991,232.6550024
1020000,92.37600098,0.563918495,232.6908405
1020250,93.50299896,0.580929487,232.6572668
1020500,97.75799652,0.609819987,232.6346503
1020750,117.2919971,0.641898997,232.6492755
1021000,108.3699973,0.633370979,232.6340668
1021250,114.2569974,0.678620489,232.6424677
1021500,125.1489944,0.704277983,232.6510718
1021750,119.332998,0.66888798,232.6396106
1022000,117.3419974,0.6941435,232.5924658
1022250,139.717998,0.786751969,232.5831451
1022500,150.2049957,0.758081477,232.6373224
1022750,130.4919965,0.689921496,232.6355377
1023000,115.3219974,0.676234493,232.604967
1023250,119.3719949,0.681976993,232.6372101
1023500,115.6459976,0.640567484,232.6625165
1023750,103.9069971,0.581855485,232.6488843
1024000,98.76399658,0.601375477,232.6322241
1024250,109.8949979,0.630338497,232.6443848
1024500,104.880997,0.609368978,232.6427545
1024750,108.0229977,0.630083973,232.6695227
1025000,103.7409967,0.638906987,232.6342407
1025250,114.081998,0.644566979,232.6469061
1025500,99.8319989,0.546192479,232.680484
1025750,99.8319989,0.546192479,232.680484
1026000,82.85999817,0.533106489,232.673587
1026250,95.94099518,0.582819479,232.6711145
1026500,96.22099121,0.558295479,232.6429285
1026750,84.43099854,0.528331492,232.6510706
1027000,91.97399902,0.58645648,232.6518457
1027250,95.49699829,0.574831996,232.6659149
1027500,98.75599884,0.569403479,232.6711072
1027750,88.26699707,0.516320488,232.6780725
1028000,80.14099823,0.476790982,232.6735132
1028250,75.72599884,0.479287492,232.6856671
1028500,75.13399872,0.498341484,232.6775372
1028750,86.14699829,0.535116491,232.6690649
1029000,89.62999878,0.566124494,232.663634
1029250,100.1799985,0.629023471,232.654649
1029500,107.5859982,0.585483985,232.6564294
1029750,103.9429977,0.625855992,232.6545197
1030000,101.5889987,0.556966491,232.6643353
1030250,90.56199707,0.537516489,232.6527545
1030500,88.18,0.543953981,232.655354
1030750,85.95599945,0.514324479,232.6778894
1031000,78.01999847,0.491103483,232.6771985
1031250,83.89099854,0.547584996,232.6716565
1031500,87.4909967,0.502927989,232.7095038
1031750,85.10199768,0.557180481,232.675329
1032000,93.43599884,0.533638983,232.6844891
1032250,93.43599884,0.533638983,232.6844891
1032500,86.74599731,0.565672982,232.7006244
1032750,93.91199799,0.591022489,232.6725208
1033000,102.0269983,0.575412977,232.6677905
1033250,99.29599915,0.610324986,232.6528461
1033500,106.945,0.645265486,232.6568988
1033750,113.596998,0.662339983,232.6309381
1034000,116.775997,0.689348493,232.6636646
1034250,126.0169992,0.698268979,232.6414435
1034500,132.6599988,0.738646483,232.6257886
1034750,134.8529999,0.711920974,232.6268176
1035000,130.5409973,0.743880978,232.626142
1035250,132.6169977,0.715569479,232.6584058
1035500,133.3899976,0.745408971,232.6275439
1035750,137.9749927,0.730715976,232.6273004
1036000,127.6799942,0.679414473,232.6386572
1036250,126.3839981,0.694158983,232.6092419
1036500,121.9959985,0.682855492,232.6490979
1036750,120.7309967,0.695852973,232.6497406
1037000,132.3049957,0.741918492,232.636546
1037250,132.967998,0.702804484,232.6452814
1037500,123.1219989,0.684485977,232.6287775
1037750,125.4689984,0.690445971,232.645993
1038000,133.3670001,0.772712471,232.6245691
1038250,156.2429962,0.822039981,232.613515
1038500,160.4329974,0.797714989,232.5769849
1038750,160.4329974,0.797714989,232.5769849
1039000,154.1029974,0.813343997,232.6150348
1039250,165.4319989,0.851158996,232.5684949
1039500,163.9489984,0.795866971,232.6582422
1039750,154.7540002,0.817929478,232.6011273
1040000,160.2069983,0.786681995,232.6104657
1040250,147.6929987,0.777998972,232.6409467
1040500,146.8769971,0.735934987,232.6767474
1040750,136.9529977,0.824426498,232.6032886
1041000,178.6079938,0.865395491,232.6159082
1041250,172.5599945,0.832103994,232.6323755
1041500,159.1669952,0.820866482,232.6266229
1041750,167.905993,0.84844399,232.5914362
1042000,164.7389978,0.80360697,232.6126257
1042250,145.9119971,0.745559976,232.6320728
1042500,136.6709973,0.764004974,232.6198975
1042750,147.857998,0.76662899,232.6019379
1043000,140.9909985,0.755483983,232.6242517
1043250,139.9899969,0.737679989,232.6211774
1043500,123.5339972,0.655275986,232.6368335
1043750,104.2809988,0.584670479,232.6489392
1044000,98.93099762,0.674330981,232.6427069
1044250,132.4909952,0.683186481,232.6372516
1044500,120.2719974,0.702786996,232.6567145
1044750,133.8769968,0.721212482,232.6421527
1045000,121.4769986,0.671535485,232.6229364
1045250,121.4769986,0.671535485,232.6229364
1045500,117.771998,0.68166348,232.6398969
1045750,119.0099948,0.651997483,232.6382513
1046000,113.1889987,0.659466975,232.633111
1046250,116.3789975,0.630353973,232.6496667
1046500,104.3529962,0.618112993,232.669892
1046750,111.9669974,0.66019697,232.6421063
1047000,116.7369955,0.673014987,232.6468433
1047250,119.4629974,0.693917978,232.6462262
1047500,125.2039972,0.669275491,232.6162183
1047750,111.2829974,0.643473988,232.6430792
1048000,116.9989981,0.662232487,232.6481775
1048250,111.8119989,0.63397099,232.6765717
1048500,113.0539969,0.644689987,232.6703857
1048750,104.8629977,0.622724481,232.6461316
1049000,100.9269983,0.577345493,232.6590973
1049250,87.25299805,0.524698491,232.6533478
1049500,85.52699799,0.512879479,232.6616351
1049750,75.29299927,0.416185495,232.6634662
1050000,50.01799789,0.366427993,232.6635291
1050250,64.50199844,0.459499493,232.6703278
1050500,75.8059967,0.475930499,232.6703131
1050750,64.39499786,0.403997486,232.6788898
1051000,53.98199829,0.356755495,232.6666101
1051250,53.33299927,0.37574349,232.6736859
1051500,53.50799881,0.375858489,232.6909308
1051750,53.50799881,0.375858489,232.6909308
1052000,56.8269989,0.397831995,232.6823132
1052250,65.9139975,0.465677491,232.6710925
1052500,66.08999893,0.425845484,232.6706415
1052750,65.23999756,0.420583478,232.6700751
1053000,53.095,0.353134992,232.6770721
1053250,50.98999893,0.368724488,232.7041278
1053500,56.24599869,0.374315989,232.6695135
1053750,45.11899811,0.305454489,232.7057697
1054000,38.0559996,0.303935993,232.7113452
1054250,39.04499939,0.293819996,232.6903064
1054500,37.14499985,0.293550496,232.7274005
1054750,38.9509993,0.301199492,232.6791766
1055000,38.37199905,0.300774992,232.6957983
1055250,40.47200027,0.295905496,232.6959564
1055500,38.73999939,0.313521988,232.7035925
1055750,39.90399994,0.298012996,232.7138672
1056000,41.62400024,0.304348991,232.7003125
1056250,38.60600006,0.32324399,232.7010895
1056500,41.87699844,0.297791995,232.7044971
1056750,38.14299957,0.294589995,232.7245319
1057000,36.18399887,0.292644497,232.6760419
1057250,37.97799942,0.293498994,232.6636505
1057500,40.46100006,0.311628991,232.7076886
1057750,39.67,0.293642489,232.674137
1058000,36.85799911,0.288523492,232.681723
1058250,36.85799911,0.288523492,232.681723
1058500,39.14699936,0.317051992,232.6710114
1058750,39.71199951,0.309461495,232.6797552
1059000,49.05999878,0.401521498,232.6792664
1059250,57.77399826,0.397536985,232.6545868
1059500,54.59499939,0.367764995,232.6743127
1059750,52.27199951,0.37724999,232.687655
1060000,55.85199799,0.361574993,232.6701312
1060250,57.68799866,0.414679991,232.6763959
1060500,71.83399841,0.5266635,232.6333459
1060750,79.70199799,0.431801002,232.6756989
1061000,57.77599915,0.446497489,232.6675616
1061250,75.36499878,0.510207487,232.6664984
1061500,81.72299805,0.487428991,232.6860181
1061750,85.30999969,0.616186001,232.6467615
1062000,104.0259991,0.571751482,232.6431531
1062250,95.84599731,0.640107491,232.6163464
1062500,114.2709967,0.655916972,232.6469153
1062750,114.9929977,0.649417989,232.6312195
1063000,110.4589978,0.608903484,232.6389008
1063250,104.2989966,0.590161474,232.6732397
1063500,110.4799988,0.696491983,232.6135663
1063750,123.8889957,0.71048399,232.6029346
1064000,123.0189975,0.646111479,232.6530243
1064250,103.2529971,0.618694992,232.6419373
1064500,109.5599973,0.664953985,232.6217859
1064750,109.5599973,0.664953985,232.6217859
1065000,126.1209982,0.727110493,232.60638
1065250,139.5019977,0.762442486,232.6053101
1065500,143.1669958,0.747559462,232.5966046
1065750,135.9819977,0.755329974,232.5899225
1066000,141.9759967,0.750580983,232.6093414
1066250,135.1069977,0.704705484,232.6472748
1066500,128.7919992,0.738234975,232.5963947
1066750,149.2899945,0.798044982,232.5973041
1067000,156.343996,0.79752497,232.5956665
1067250,153.6509967,0.801053472,232.5840979
1067500,157.7429956,0.808771975,232.5916602
1067750,156.4009961,0.807307479,232.5859058
1068000,157.7059967,0.813374479,232.5899231
1068250,162.4179938,0.819232483,232.5901465
1068500,155.8199976,0.798913481,232.5919067
1068750,150.0359991,0.796375971,232.5875848
1069000,158.3869995,0.802817464,232.6066333
1069250,154.6699939,0.866276474,232.5948352
1069500,183.6809979,0.867427998,232.5817999
1069750,166.9299939,0.84746099,232.6128815
1070000,177.1390002,0.876775985,232.567962
1070250,180.0729974,0.922572458,232.5782599
1070500,192.2549951,0.918802462,232.5324347
1070750,188.8949994,0.905778978,232.5571527
1071000,188.4389978,0.937197478,232.5768237
1071250,188.4389978,0.937197478,232.5768237
1071500,197.3089978,0.924232481,232.5641541
1071750,183.3619995,0.915571477,232.5757269
1072000,197.1599945,0.944985971,232.5736206
1072250,192.7389954,0.913307467,232.5726166
1072500,191.2099988,0.934343979,232.5777289
1072750,199.3899963,0.958677473,232.5436279
1073000,200.0749988,0.945426974,232.5600659
1073250,195.5059955,0.934796982,232.548761
1073500,194.695,0.935962489,232.55341
1073750,195.0979987,0.926471477,232.5772668
1074000,185.971991,0.885562983,232.5618817
1074250,178.1139948,0.839832468,232.5878973
1074500,157.8679944,0.809874985,232.5721558
1074750,164.9119922,0.82581099,232.5885229
1075000,166.9099982,0.835031974,232.6016992
1075250,165.8409991,0.840500965,232.5582019
1075500,165.5019989,0.814100997,232.6097296
1075750,158.5360004,0.812103996,232.5982172
1076000,157.528996,0.81254698,232.6082025
1076250,165.0269971,0.816797974,232.5931305
1076500,159.9789972,0.80802197,232.5835938
1076750,158.4129993,0.800692978,232.5981628
1077000,155.7769916,0.793702993,232.637027
1077250,155.6089929,0.80698997,232.6400726
1077500,159.5289978,0.814714975,232.5894098
1077750,159.5289978,0.814714975,232.5894098
1078000,159.5159979,0.79517447,232.6203796
1078250,147.4499969,0.747357981,232.6185449
1078500,137.7359967,0.753880463,232.6068402
1078750,145.7999939,0.776896479,232.6029523
1079000,142.973999,0.752527986,232.6247723
1079250,144.5389978,0.765355489,232.619306
1079500,129.4449954,0.704569483,232.6277557
1079750,132.0859967,0.718364477,232.6505243
1080000,123.1009973,0.646573975,232.6272485
1080250,104.4239978,0.623600986,232.6282898
1080500,120.8479965,0.700209472,232.6453204
1080750,119.1949997,0.665425494,232.655387
1081000,108.7229999,0.60147599,232.6511816
1081250,99.622995,0.602072978,232.6406964
1081500,104.2049982,0.631984992,232.6562177
1081750,105.8989984,0.597935996,232.6871295
1082000,101.7049973,0.598332975,232.6604834
1082250,104.3259982,0.63135448,232.6674286
1082500,117.1559964,0.678228986,232.6611053
1082750,103.9349982,0.571405978,232.6552264
1083000,96.2189978,0.59166949,232.6417462
1083250,106.0079968,0.65356849,232.6512659
1083500,106.9549973,0.579736989,232.6587653
1083750,91.36899994,0.519397486,232.6344055
1084000,79.25199921,0.499761992,232.6860815
1084250,79.25199921,0.499761992,232.6860815
1084500,74.05799866,0.43993899,232.6996899
1084750,65.56299835,0.444342996,232.7046112
1085000,68.22799866,0.448045989,232.6513782
1085250,67.04099976,0.426733984,232.6724097
1085500,52.56299896,0.342111487,232.6773395
1085750,44.08699722,0.350132992,232.7062805
1086000,47.91599792,0.347991495,232.7228021
1086250,57.3119986,0.436967001,232.6792676
1086500,62.41799881,0.356557496,232.6935394
1086750,42.1719989,0.314063488,232.6974042
1087000,40.02500015,0.29729849,232.6885217
1087250,38.28299957,0.293484493,232.6929865
1087500,34.97499893,0.292878988,232.6949023
1087750,38.24899887,0.291982496,232.7102399
1088000,38.10299896,0.293677994,232.7291864
1088250,34.33999924,0.291419992,232.7068018
1088500,37.94199951,0.285597992,232.6800262
1088750,35.11499924,0.284190995,232.7189941
1089000,35.40199951,0.284491997,232.6954382
1089250,35.3659996,0.284326987,232.689201
1089500,35.17199921,0.282383988,232.6998907
1089750,35.62899902,0.27874799,232.7111151
1090000,31.08599922,0.280288997,232.7077533
1090250,35.68399956,0.282635998,232.6984039
1090500,34.71199966,0.278827991,232.6952264
1090750,34.71199966,0.278827991,232.6952264
1091000,32.60099991,0.29544299,232.7335394
1091250,40.46499878,0.293067992,232.7201367
1091500,34.31799957,0.281435984,232.725578
1091750,37.05600159,0.321542497,232.7179364
1092000,51.54999893,0.379153484,232.7151392
1092250,63.7239978,0.449645489,232.662395
1092500,73.46599823,0.494942994,232.6859705
1092750,79.33999878,0.488327994,232.6733154
1093000,80.66699768,0.529101479,232.6877856
1093250,90.67299835,0.546960988,232.6746436
1093500,92.89999878,0.56919749,232.6515216
1093750,100.8089975,0.636306984,232.6584113
1094000,111.007999,0.626728475,232.6522968
1094250,95.08799805,0.594705992,232.6579553
1094500,107.0859979,0.614046986,232.6552332
1094750,111.4959982,0.646371477,232.6469299
1095000,111.6479971,0.642421987,232.6501172
1095250,111.8269952,0.631436477,232.6361884
1095500,110.346998,0.671985984,232.6300549
1095750,118.609996,0.675083978,232.6239337
1096000,119.3239951,0.704047477,232.5968878
1096250,133.7399982,0.707836473,232.6136493
1096500,124.0379974,0.654576981,232.6405017
1096750,118.7089954,0.736668994,232.624928
1097000,153.9409973,0.781502473,232.6050354
1097250,153.9409973,0.781502473,232.6050354
1097500,140.4299957,0.759675977,232.6049127
1097750,144.9569965,0.766918459,232.621355
1098000,142.7699951,0.766683981,232.5972015
1098250,149.1859967,0.793317974,232.6175623
1098500,152.5329974,0.778558478,232.5866821
1098750,144.813996,0.79345948,232.6196094
1099000,162.9469983,0.829322982,232.6069403
1099250,163.2939935,0.834728482,232.6268262
1099500,173.5340002,0.853402488,232.5733325
1099750,166.9079974,0.828218477,232.5884747
1100000,160.2849939,0.826030471,232.5924023
1100250,172.4059955,0.865937488,232.575166
1100500,173.6949976,0.864374478,232.5826318
1100750,174.9609906,0.86411098,232.5981903
1101000,173.083996,0.875756483,232.5893848
1101250,182.3109961,0.887099969,232.5977875
1101500,175.9219971,0.865354474,232.5808087
1101750,175.9769989,0.866094477,232.5957458
1102000,172.3139972,0.846682968,232.6058093
1102250,169.452998,0.865443988,232.5957349
1102500,181.3079974,0.899822979,232.5814343
1102750,183.5249945,0.874203475,232.6170343
1103000,170.0999915,0.847185986,232.6304895
1103250,162.843996,0.806840496,232.6052203
1103500,153.1609985,0.789943485,232.5949548
1103750,153.1609985,0.789943485,232.5949548
1104000,141.6759985,0.765112479,232.595163
1104250,146.1139948,0.777723501,232.5911133
1104500,147.0589978,0.772047989,232.6240747
1104750,149.7619946,0.774407966,232.6306024
1105000,132.3969968,0.674762976,232.6489618
1105250,124.3389984,0.720343473,232.6133685
1105500,139.3959955,0.72557548,232.6369934
1105750,116.6429956,0.644965484,232.6433643
1106000,118.4869977,0.692770004,232.6423444
1106250,120.7219916,0.667878489,232.6400909
1106500,111.8849966,0.667903469,232.6435223
1106750,133.2199969,0.744783478,232.6329761
1107000,122.4609943,0.621885488,232.6346576
1107250,101.4279987,0.605075481,232.6731067
1107500,105.2859976,0.617534986,232.6742889
1107750,104.4049982,0.619877479,232.6548376
1108000,93.87399902,0.5414745,232.6377277
1108250,85.51199982,0.524938493,232.6527435
1108500,84.34499603,0.505733489,232.6644574
1108750,70.93300156,0.427986487,232.6734167
1109000,69.74999878,0.479878981,232.6720496
1109250,65.2969986,0.390750992,232.6791296
1109500,57.29999878,0.424201491,232.6825458
1109750,67.99199768,0.468576988,232.6935303
1110000,74.85800018,0.448203489,232.6618591
1110250,74.85800018,0.448203489,232.6618591
1110500,66.65599854,0.421010487,232.6962097
1110750,59.12999939,0.418123491,232.7010175
1111000,73.37599854,0.482229489,232.6926416
1111250,69.94699707,0.445749489,232.6747681
1111500,68.52299927,0.480312982,232.6716754
1111750,78.68199829,0.488111989,232.6907458
1112000,76.53899933,0.488222986,232.6567633
1112250,82.35999878,0.516904991,232.6415289
1112500,90.76099884,0.57422498,232.6496057
1112750,81.22199936,0.442825481,232.7143542
1113000,70.80999786,0.507142986,232.6883075
1113250,79.08399872,0.477119486,232.6808746
1113500,68.24899933,0.399681987,232.6959705
1113750,62.65599945,0.462553995,232.6883282
1114000,71.28099823,0.467631488,232.7094537
1114250,72.50799927,0.457051487,232.7027057
1114500,66.75499786,0.443962487,232.6836969
1114750,69.24099884,0.484375981,232.6960022
1115000,79.49899902,0.508208482,232.6841058
1115250,78.39199951,0.476678489,232.6731921
1115500,80.75999878,0.525600988,232.6727368
1115750,87.64799438,0.535990987,232.6990637
1116000,86.3789978,0.554637489,232.6779449
1116250,81.06999725,0.469402484,232.6980829
1116500,70.73399841,0.485009989,232.7127155
1116750,70.73399841,0.485009989,232.7127155
1117000,87.09399963,0.580493991,232.676449
1117250,95.68499786,0.532826488,232.6809222
1117500,89.12899841,0.576425982,232.6443768
1117750,94.69799744,0.54625699,232.667619
1118000,81.97999786,0.534951479,232.6563446
1118250,98.01199707,0.634867492,232.6409949
1118500,110.4089954,0.588642988,232.6394421
1118750,94.16399719,0.588514488,232.6289709
1119000,103.5809991,0.606346002,232.6129694
1119250,101.5020001,0.57805248,232.6124426
1119500,88.15699768,0.527237496,232.6329315
1119750,83.67800079,0.517252991,232.6696027
1120000,85.92999908,0.561621983,232.6197382
1120250,95.51699829,0.543989489,232.6605127
1120500,89.3439978,0.579916494,232.6282129
1120750,98.98899841,0.572859497,232.6600439
1121000,94.90199951,0.586536489,232.6546375
1121250,101.6989984,0.619202492,232.659848
1121500,103.0709979,0.588214986,232.6871277
1121750,98.24599701,0.584110978,232.6709937
1122000,97.20099915,0.557863989,232.6788416
1122250,94.02599701,0.588574986,232.6570032
1122500,105.6329965,0.639874976,232.6479706
1122750,110.4529977,0.676849492,232.6590192
1123000,132.5659985,0.720270977,232.6344336
1123250,132.5659985,0.720270977,232.6344336
1123500,130.3009979,0.703751974,232.6563525
1123750,123.1259955,0.676817992,232.6350598
1124000,124.8619986,0.679739473,232.6321063
1124250,122.7249979,0.691286993,232.6399951
1124500,124.9239957,0.679642484,232.6720862
1124750,119.1159967,0.708972986,232.6145245
1125000,135.178996,0.722466979,232.6396771
1125250,134.8319952,0.749731987,232.6559351
1125500,149.8279944,0.836523986,232.6151508
1125750,173.2349927,0.838652966,232.6071466
1126000,159.3459979,0.794791477,232.5993121
1126250,151.0839996,0.762344971,232.6081537
1126500,142.3999969,0.782292473,232.6324817
1126750,158.4379956,0.806278481,232.6152661
1127000,150.1959979,0.779727979,232.618028
1127250,148.0099951,0.767061472,232.6217609
1127500,141.0279944,0.77519897,232.6446118
1127750,151.4939966,0.811032479,232.6178583
1128000,164.5019965,0.797308486,232.6170007
1128250,138.0969965,0.752171988,232.6226093
1128500,152.137998,0.807311983,232.6343854
1128750,146.9349988,0.798914995,232.6164667
1129000,164.9349976,0.847391977,232.6225488
1129250,165.2639972,0.833195496,232.602019
1129500,172.6299927,0.863696978,232.5920074
1129750,172.6299927,0.863696978,232.5920074
1130000,160.5709967,0.796922977,232.6102661
1130250,154.5429956,0.809837968,232.6048438
1130500,156.5929962,0.794565969,232.6140826
1130750,153.1169965,0.806255486,232.6184027
1131000,161.8839984,0.829383476,232.6059784
1131250,161.5829956,0.826938987,232.5964929
1131500,166.2909973,0.84590348,232.6126013
1131750,169.8779962,0.845276983,232.6168518
1132000,165.9949994,0.811472991,232.5978021
1132250,157.4839984,0.79877748,232.6136029
1132500,156.5199963,0.790831969,232.6014355
1132750,143.7329944,0.755817978,232.6370587
1133000,139.1879974,0.768540475,232.6186603
1133250,153.0589954,0.789812469,232.6258594
1133500,152.337998,0.78284699,232.6195538
1133750,150.7049927,0.765292468,232.6070819
1134000,140.0419983,0.753427484,232.6198828
1134250,138.8649994,0.752543983,232.6582996
1134500,129.1899997,0.676651478,232.6262244
1134750,123.1439984,0.709553974,232.637594
1135000,130.2809979,0.718054991,232.623089
1135250,129.0449945,0.681152475,232.623515
1135500,110.7779977,0.615324497,232.6733063
1135750,115.1699976,0.689147987,232.6373798
1136000,117.6629977,0.661004977,232.6357953
1136250,117.6629977,0.661004977,232.6357953
1136500,106.5819977,0.624766474,232.6765948
1136750,105.5479984,0.620028484,232.6584918
1137000,104.6899988,0.619365981,232.6742401
1137250,107.388996,0.60563648,232.6402637
1137500,106.163996,0.622406487,232.6231702
1137750,101.803996,0.605847981,232.6529926
1138000,101.6559988,0.612696483,232.6618927
1138250,108.5429984,0.648755481,232.6288098
1138500,109.741998,0.622227988,232.6383832
1138750,106.6109979,0.596767478,232.6401392
1139000,100.7179968,0.585295992,232.6608588
1139250,101.6749954,0.61683399,232.6622516
1139500,111.1809973,0.668992479,232.6615631
1139750,118.119996,0.666544979,232.628858
1140000,103.0569989,0.567903981,232.6648993
1140250,86.1769986,0.536791482,232.6593359
1140500,82.06700012,0.464374985,232.6555853
1140750,69.84399841,0.452547486,232.6787903
1141000,69.82799896,0.468066485,232.6669824
1141250,79.93899719,0.510237486,232.6731787
1141500,76.8219989,0.446389997,232.6800421
1141750,71.87800018,0.50381099,232.6690424
1142000,85.38099762,0.522648487,232.6508112
1142250,74.0809967,0.409889487,232.6792828
1142500,58.76099899,0.410870993,232.7047308
1142750,58.76099899,0.410870993,232.7047308
1143000,65.28499939,0.43005599,232.6747845
1143250,70.35699799,0.500590984,232.6947253
1143500,78.50299713,0.478595495,232.6878308
1143750,74.73099976,0.464424988,232.6862524
1144000,68.35299835,0.429385488,232.6805243
1144250,61.89699799,0.407273492,232.6952716
1144500,55.76699844,0.35872799,232.6977289
1144750,53.98099655,0.42253099,232.6868213
1145000,68.13999908,0.455034993,232.6707916
1145250,69.7119986,0.459958998,232.6902264
1145500,72.5569986,0.418114978,232.7019781
1145750,58.80099823,0.433407992,232.6935461
1146000,72.64299896,0.492061481,232.6786896
1146250,85.02299652,0.542535977,232.6858588
1146500,89.78399658,0.548651483,232.7034564
1146750,82.55899658,0.473741988,232.6918738
1147000,68.23299774,0.442282996,232.6900885
1147250,67.25099792,0.452613497,232.6717383
1147500,68.65899734,0.422378985,232.6939716
1147750,64.15499832,0.430224497,232.6808661
1148000,67.78599945,0.448845989,232.7013464
1148250,70.36499878,0.472185986,232.6996649
1148500,83.27799957,0.602593982,232.6561218
1148750,110.408999,0.602918489,232.6648566
1149000,92.68500031,0.52499099,232.6682544
1149250,92.68500031,0.52499099,232.6682544
1149500,82.14999847,0.541729488,232.6416718
1149750,93.88899872,0.556808984,232.6636206
1150000,88.10199921,0.583936989,232.6807849
1150250,99.78399811,0.570446994,232.6658063
1150500,93.11499878,0.575217988,232.6454266
1150750,99.07199738,0.585861487,232.6767078
1151000,98.80099762,0.563811483,232.6709882
1151250,95.46399719,0.60162699,232.6436017
1151500,106.3659988,0.663608983,232.6434174
1151750,117.1559961,0.665040486,232.6113605
1152000,116.8459979,0.650547478,232.6565704
1152250,110.4909973,0.59936799,232.6487555
1152500,98.69399963,0.590639482,232.6576654
1152750,100.4809961,0.574248981,232.6711304
1153000,98.68899902,0.601804981,232.6676575
1153250,99.07499725,0.603773484,232.6571014
1153500,106.1059982,0.632215991,232.6534448
1153750,112.4509976,0.634039485,232.6537372
1154000,104.3339987,0.598997476,232.6691779
1154250,105.9410001,0.642547982,232.6530823
1154500,116.3039963,0.684436989,232.6444977
1154750,121.2669968,0.676330988,232.6169196
1155000,113.5349988,0.639253476,232.6220648
1155250,107.2499979,0.616302478,232.6498395
1155500,107.8969968,0.645013494,232.6411578
1155750,107.8969968,0.645013494,232.6411578
1156000,121.4309964,0.682481978,232.6425281
1156250,123.2769971,0.703672974,232.6581287
1156500,126.987998,0.705187974,232.6162909
1156750,119.4299966,0.703505976,232.6171045
1157000,131.0469962,0.716692486,232.6566168
1157250,132.3919986,0.738321486,232.6316028
1157500,146.0369983,0.77845397,232.6251709
1157750,152.4349939,0.794688981,232.6174603
1158000,159.8959955,0.831407988,232.62909
1158250,163.9209961,0.813069975,232.6384967
1158500,152.3220001,0.789457982,232.6230096
1158750,156.4349982,0.811692491,232.5885394
1159000,166.217998,0.857849491,232.5824902
1159250,182.8769983,0.903778465,232.5747699
1159500,186.8570001,0.905926483,232.5924567
1159750,186.9349982,0.909256492,232.6021057
1160000,189.9609967,0.919095476,232.6005066
1160250,186.0989941,0.882170978,232.5811536
1160500,181.5249988,0.897572465,232.6107227
1160750,185.5999982,0.90694998,232.5807843
1161000,189.6749951,0.901454971,232.5948022
1161250,180.3319965,0.901913483,232.6052679
1161500,199.4269983,0.986467481,232.5873114
1161750,199.4629919,0.923022466,232.5899469
1162000,194.2809985,0.956050475,232.5815137
1162250,194.2809985,0.956050475,232.5815137
1162500,200.1189996,0.939049463,232.5738751
1162750,192.2979987,0.92672797,232.5871783
1163000,196.7899927,0.946552982,232.5995612
1163250,185.8959973,0.868180971,232.5891132
1163500,176.0449988,0.891117969,232.6075299
1163750,184.0259943,0.889822989,232.56565
1164000,170.3289966,0.833588982,232.6192346
1164250,175.4319946,0.907447484,232.5852441
1164500,179.5440002,0.849740992,232.6048102
1164750,166.6919965,0.855731463,232.604541
1165000,171.7559998,0.857130494,232.5969006
1165250,171.3969983,0.841973965,232.6137915
1165500,160.8339966,0.812073991,232.6188416
1165750,160.0429968,0.81333097,232.6131671
1166000,157.7369971,0.824845467,232.6107684
1166250,169.4289923,0.876257985,232.6099567
1166500,173.1659912,0.836590481,232.5907141
1166750,160.5009937,0.802671976,232.6072571
1167000,158.4589972,0.820108979,232.581795
1167250,162.9239954,0.82212148,232.6026001
1167500,161.7229993,0.821833975,232.6126196
1167750,168.2119995,0.853334966,232.6082581
1168000,159.3729999,0.783028975,232.6196198
1168250,147.8739948,0.789648979,232.6388422
1168500,157.1659955,0.805141981,232.6066333
1168750,157.1659955,0.805141981,232.6066333
1169000,153.0449976,0.790584488,232.6385138
1169250,147.0039996,0.732609499,232.6423853
1169500,122.512998,0.63682199,232.646626
1169750,115.0519971,0.692815475,232.6547754
1170000,130.6209967,0.708891499,232.6571625
1170250,123.802998,0.669988494,232.6680017
1170500,110.405,0.623435979,232.6562756
1170750,105.2419998,0.622276993,232.6904205
1171000,102.7629987,0.57607048,232.654903
1171250,93.77199921,0.553667986,232.6562177
1171500,84.18899841,0.463923492,232.7093536
1171750,69.81399902,0.486068486,232.6770581
1172000,74.48299927,0.452138987,232.6969714
1172250,61.43199921,0.422595485,232.7116968
1172500,58.40499893,0.358821989,232.7046564
1172750,49.19899918,0.370769488,232.7131122
1173000,51.03599899,0.334935995,232.6858246
1173250,45.8499971,0.352046492,232.7133838
1173500,46.51599915,0.315066488,232.6658032
1173750,36.04699944,0.280137491,232.7278101
1174000,35.79,0.292681493,232.7154144
1174250,37.7169989,0.283634982,232.6995715
1174500,34.15699936,0.277017994,232.7360974
1174750,33.21399963,0.275167992,232.7332343
1175000,34.56699905,0.280753994,232.6878351
1175250,34.56699905,0.280753994,232.6878351
1175500,34.71199875,0.284105489,232.6639612
1175750,34.40799988,0.28309649,232.6955701
1176000,36.83099953,0.279021492,232.7015771
1176250,32.79799942,0.284519989,232.6929559
1176500,35.83299988,0.289233991,232.7089465
1176750,37.43799957,0.288172991,232.7108429
1177000,35.74399918,0.296076992,232.71617
1177250,36.60599968,0.27888799,232.728114
1177500,35.22199944,0.281022987,232.687666
1177750,32.68099892,0.282787491,232.6964258
1178000,35.95099854,0.29076749,232.7006982
1178250,37.26699982,0.297720493,232.6992889
1178500,38.14699982,0.289798492,232.7154095
1178750,35.03599976,0.286909996,232.6798889
1179000,34.95399933,0.282989992,232.6991467
1179250,36.20599899,0.280875992,232.738028
1179500,34.56399948,0.282635994,232.6878174
1179750,35.80699905,0.296544492,232.7232257
1180000,42.99799942,0.310533496,232.6697296
1180250,36.45099945,0.295672489,232.7142419
1180500,36.65199905,0.285104991,232.7148535
1180750,35.7639994,0.280388997,232.742395
1181000,34.0009993,0.297548491,232.7114532
1181250,42.42599945,0.306156993,232.681402
1181500,40.52199936,0.320342495,232.7096179
1181750,40.52199936,0.320342495,232.7096179
1182000,48.39899872,0.402551488,232.6989783
1182250,74.46999878,0.481576482,232.66508
1182500,83.66999878,0.534141498,232.6547931
1182750,93.87799652,0.545023487,232.664939
1183000,76.85099884,0.479965489,232.6970172
1183250,81.80399841,0.565903488,232.6571051
1183500,105.2569971,0.56300348,232.684223
1183750,69.07599945,0.493720495,232.6786481
1184000,90.24899811,0.548292987,232.6805463
1184250,89.84299683,0.538728487,232.6732904
1184500,84.41299896,0.522935004,232.6714844
1184750,77.64899963,0.492704988,232.6896338
1185000,86.26599854,0.577006478,232.6794586
1185250,104.8469986,0.597606993,232.6548517
1185500,93.96299866,0.558835477,232.6876843
1185750,101.1979959,0.622913997,232.6516406
1186000,105.3269983,0.591317492,232.6867542
1186250,85.13299927,0.549516481,232.6910901
1186500,98.54299866,0.604122989,232.6303625
1186750,105.242998,0.660751991,232.5996442
1187000,136.9179987,0.761757984,232.6202985
1187250,144.4859985,0.755456975,232.6108392
1187500,131.708996,0.723726983,232.6408661
1187750,135.628999,0.768202488,232.6089081
1188000,154.5039972,0.78536499,232.6131781
1188250,154.5039972,0.78536499,232.6131781
1188500,147.8989954,0.768813982,232.639386
1188750,138.4809955,0.742816479,232.6247937
1189000,142.0779993,0.762440991,232.636084
1189250,144.0439978,0.786470478,232.6259381
1189500,157.6509991,0.825083971,232.6081335
1189750,162.0209991,0.825200994,232.5827588
1190000,174.4410028,0.875713484,232.5759949
1190250,169.8799976,0.842129982,232.5672473
1190500,177.8959973,0.892834468,232.5902313
1190750,172.3569958,0.823012481,232.603634
1191000,156.5709949,0.80823148,232.5931866
1191250,169.3429968,0.875720971,232.6042432
1191500,181.247998,0.871920478,232.6077832
1191750,176.423999,0.871798477,232.5792346
1192000,180.2589941,0.914375463,232.5764648
1192250,200.3679956,0.952969489,232.5537683
1192500,191.090993,0.913080971,232.6009052
1192750,189.0729907,0.923565979,232.5734155
1193000,200.8929993,0.963696964,232.5190173
1193250,206.7399957,0.994492965,232.5260101
1193500,217.9889978,1.028459983,232.5275781
1193750,213.457998,0.99422498,232.5329181
1194000,215.7009973,1.027881501,232.5457135
1194250,214.6999957,0.98960248,232.5427716
1194500,207.416994,0.983401463,232.5768256
1194750,207.416994,0.983401463,232.5768256
1195000,207.0859943,0.957279971,232.5677289
1195250,193.943999,0.930269988,232.5663824
1195500,194.4819965,0.932445476,232.5633545
1195750,192.1719971,0.905960469,232.5532184
1196000,189.7399969,0.946945963,232.5618835
1196250,199.0139966,0.935831473,232.5417224
1196500,190.4849933,0.900463974,232.560705
1196750,176.5849945,0.868296983,232.5881927
1197000,183.9919977,0.933439479,232.5723706
1197250,187.2899945,0.881951983,232.5879144
1197500,177.9979962,0.884736969,232.5825134
1197750,180.2579968,0.868528979,232.575874
1198000,171.6169989,0.844810975,232.5821619
1198250,161.8539972,0.79513098,232.6121613
1198500,156.2409967,0.823267467,232.6043982
1198750,157.6309937,0.778152478,232.6056134
1199000,151.8239966,0.798457973,232.5987091
1199250,144.0799963,0.713728988,232.6385956
1199500,123.0969983,0.659585981,232.6120862
1199750,114.5039981,0.641709981,232.5975378
1200000,105.0939987,0.578017492,232.6706744
1200250,96.28099701,0.600619972,232.6416565
1200500,103.5489966,0.61307698,232.6236993
1200750,99.13699646,0.557542496,232.63565
1201000,90.05099792,0.551084981,232.6370331
1201250,90.05099792,0.551084981,232.6370331
1201500,92.32099854,0.548350978,232.6608112
1201750,86.12299805,0.49708999,232.6681396
1202000,74.39599854,0.450532488,232.7148932
1202250,66.57799866,0.461256984,232.6733301
1202500,71.92799835,0.457767993,232.6576007
1202750,69.67099762,0.450511991,232.677179
1203000,70.66699875,0.434649987,232.6912982
1203250,62.07599884,0.390923991,232.6978333
1203500,53.02499893,0.365898486,232.6938019
1203750,56.75799927,0.415444487,232.6710193
1204000,61.29499847,0.415878984,232.6412494
1204250,59.83099777,0.381585997,232.6723187
1204500,51.32999771,0.322787992,232.6645093
1204750,39.50499939,0.311093996,232.7126447
1205000,43.55299789,0.313104997,232.698797
1205250,40.86799942,0.320003999,232.6705157
1205500,43.3890004,0.309117492,232.69505
1205750,38.4519989,0.298174989,232.6846344
1206000,37.93399826,0.292342993,232.6823364
1206250,37.48099899,0.288330493,232.7403204
1206500,36.57899918,0.298090997,232.7348572
1206750,36.30800034,0.286199992,232.7224902
1207000,37.05099953,0.281187488,232.70354
1207250,32.80599884,0.281475493,232.6855927
1207500,34.60099861,0.279521499,232.7369556
1207750,34.60099861,0.279521499,232.7369556
1208000,36.34199982,0.280081996,232.7054596
1208250,31.77599915,0.279789494,232.7287128
1208500,33.31899925,0.27287149,232.7291864
1208750,33.48899887,0.273786991,232.7381158
1209000,31.96699913,0.273872993,232.7149652
1209250,33.82599915,0.278206991,232.735415
1209500,33.74199844,0.278800994,232.7072681
1209750,34.41399841,0.284976993,232.7039899
1210000,34.31299957,0.281461989,232.658631
1210250,33.70999985,0.29184199,232.6923346
1210500,41.57399979,0.298080493,232.670896
1210750,31.38599953,0.276978989,232.7317706
1211000,33.36099892,0.28315449,232.7080756
1211250,36.97899956,0.294052995,232.7116339
1211500,38.01499939,0.322555,232.6928119
1211750,52.43099838,0.38464249,232.6853711
1212000,62.37899811,0.403373981,232.692002
1212250,51.37599838,0.35435149,232.7057477
1212500,44.92699982,0.313917993,232.7200751
1212750,42.34200012,0.343529991,232.709765
1213000,55.14299805,0.370951484,232.6999597
1213250,49.29100037,0.354061486,232.714964
1213500,55.01799896,0.396122485,232.7286877
1213750,64.87299866,0.427406497,232.711745
1214000,62.4259996,0.436881493,232.6805383
1214250,62.4259996,0.436881493,232.6805383
1214500,68.14099792,0.458697995,232.6965228
1214750,64.84599762,0.436243486,232.7010333
1215000,73.1869986,0.488988496,232.6813757
1215250,81.66499756,0.492146994,232.6889697
1215500,77.08899933,0.497351981,232.710921
1215750,86.82999939,0.564702485,232.7086023
1216000,97.03399872,0.582473979,232.6479755
1216250,96.28099884,0.595704992,232.704715
1216500,107.2159964,0.634913483,232.6548352
1216750,107.7399957,0.605447483,232.675954
1217000,106.016998,0.644347003,232.6683075
1217250,124.0759955,0.703684988,232.6518353
1217500,118.7929974,0.669820979,232.6444495
1217750,114.0159982,0.660897989,232.6520258
1218000,116.8109979,0.663484967,232.6441046
1218250,117.8739957,0.661627483,232.6627802
1218500,118.9229956,0.657853994,232.6542432
1218750,120.2529974,0.673758476,232.6562494
1219000,110.9999973,0.667941487,232.6428778
1219250,133.5419955,0.726745992,232.6773639
1219500,124.1539981,0.66557698,232.6686407
1219750,114.3959964,0.664265475,232.6281775
1220000,125.4909976,0.689269481,232.6197705
1220250,126.6489966,0.701776969,232.660625
1220500,125.4639993,0.695033479,232.6466418
1220750,125.4639993,0.695033479,232.6466418
1221000,126.8419974,0.717714982,232.6277771
1221250,137.3309967,0.759504981,232.6619464
1221500,136.8639972,0.717074487,232.6431787
1221750,135.6910007,0.746919482,232.6574603
1222000,139.505,0.746445987,232.6340344
1222250,143.3449988,0.774174995,232.6360028
1222500,145.6019983,0.771225481,232.6554907
1222750,149.5779999,0.784634986,232.646701
1223000,157.6229956,0.826433973,232.6288062
1223250,163.2319928,0.812919483,232.6284119
1223500,164.6569952,0.827944999,232.619729
1223750,163.6689948,0.836996479,232.6079102
1224000,167.2759979,0.835094473,232.6009613
1224250,173.7489972,0.874222963,232.5942358
1224500,172.5249963,0.842392972,232.6212219
1224750,172.7939972,0.871685977,232.6183508
1225000,181.1429968,0.891617973,232.604342
1225250,181.4150049,0.876811984,232.6013477
1225500,180.487998,0.913003979,232.6047443
1225750,187.0489978,0.899209981,232.612785
1226000,190.5969989,0.924897976,232.5933679
1226250,186.9049927,0.893946974,232.6169031
1226500,190.1949969,0.946796472,232.5783057
1226750,198.5959949,0.919986482,232.5586475
1227000,179.6719965,0.879902496,232.5680621
1227250,179.6719965,0.879902496,232.5680621
1227500,177.8629919,0.876452978,232.6043433
1227750,187.1039972,0.924878485,232.5843488
1228000,187.4889948,0.885170977,232.5857318
1228250,177.393999,0.861993473,232.5981525
1228500,166.0639954,0.810903978,232.5989612
1228750,165.4109955,0.863833985,232.5853058
1229000,174.7390021,0.84852247,232.5885388
1229250,165.8520001,0.826856477,232.6041479
1229500,161.8459943,0.797256491,232.623443
1229750,151.1679987,0.782358487,232.6005786
1230000,150.9779974,0.766835485,232.595531
1230250,149.1370001,0.776636479,232.5909283
1230500,142.0849982,0.71639447,232.6536438
1230750,130.5879971,0.757679482,232.6330933
1231000,145.9739984,0.750813472,232.6198535
1231250,130.2089981,0.686099975,232.6534357
1231500,115.8329974,0.641454983,232.644823
1231750,110.1779984,0.616610982,232.6408923
1232000,103.9649969,0.611055989,232.6424261
1232250,109.2519986,0.596261499,232.6446448
1232500,94.97799957,0.555783489,232.6707385
1232750,89.42900208,0.570386984,232.6653967
1233000,98.18599792,0.55314348,232.6736243
1233250,79.4739975,0.476231493,232.6795612
1233500,74.62499847,0.485619987,232.6962433
1233750,74.62499847,0.485619987,232.6962433
1234000,81.31199982,0.514906982,232.69646
1234250,83.54999512,0.461924481,232.7068097
1234500,64.90099915,0.409483484,232.7065576
1234750,58.3389978,0.415619991,232.6860236
1235000,63.15499847,0.424902478,232.6571289
1235250,62.66799805,0.421457483,232.6737244
1235500,59.19899765,0.405881987,232.6809595
1235750,62.50399811,0.387975492,232.6962885
1236000,51.7069986,0.361047487,232.6798541
1236250,54.41099808,0.398306485,232.6602972
1236500,61.47299774,0.395737495,232.6906256
1236750,49.16899872,0.349298483,232.6949536
1237000,51.4109996,0.385381992,232.6807526
1237250,63.93799881,0.418221987,232.6853131
1237500,60.69699844,0.390061496,232.685105
1237750,56.47099884,0.386315987,232.7184357
1238000,56.38799927,0.366458499,232.6928436
1238250,40.57399872,0.309492989,232.6866504
1238500,44.73699753,0.36549349,232.6979694
1238750,58.72199875,0.391785489,232.7258752
1239000,46.5819989,0.306120992,232.7219946
1239250,35.60499924,0.301280994,232.7058728
1239500,41.84799927,0.326150988,232.7148065
1239750,43.06900055,0.304193984,232.6944934
1240000,35.81399887,0.288373995,232.6996606
1240250,35.81399887,0.288373995,232.6996606
1240500,37.98599991,0.298916993,232.7062439
1240750,37.95499908,0.300637999,232.7180731
1241000,41.76599869,0.299904492,232.7282727
1241250,36.64399933,0.28949549,232.7499139
1241500,34.44099892,0.287877991,232.7047229
1241750,39.08499969,0.292903994,232.7140106
1242000,35.39999908,0.286699497,232.7127948
1242250,36.1559996,0.288720993,232.7355768
1242500,37.58499939,0.291261992,232.6940588
1242750,35.20599945,0.297567993,232.7090186
1243000,44.23499924,0.327587492,232.6874109
1243250,42.24899933,0.295193,232.7325867
1243500,35.7009996,0.309632996,232.7132373
1243750,51.3819986,0.4018765,232.6766113
1244000,66.82099854,0.439951984,232.6499091
1244250,54.07899887,0.344271992,232.6655182
1244500,50.95699722,0.387677985,232.6833221
1244750,58.64399765,0.411832488,232.6902338
1245000,57.75,0.397232488,232.7103632
1245250,61.2939978,0.464045489,232.6919427
1245500,75.9669986,0.494349486,232.6764221
1245750,83.50499634,0.513203995,232.6709845
1246000,75.08599854,0.465812988,232.6459216
1246250,76.46599884,0.516755989,232.6398523
1246500,95.19899811,0.624812477,232.6591309
1246750,95.19899811,0.624812477,232.6591309
1247000,106.1379977,0.628557982,232.6615228
1247250,117.8349966,0.675785975,232.6380737
1247500,118.0789993,0.635158975,232.656217
1247750,110.9929971,0.643078482,232.6514832
1248000,115.8099966,0.667310991,232.6464325
1248250,120.4509976,0.69999397,232.6489771
1248500,128.9119968,0.711357484,232.6276038
1248750,130.4129968,0.709124484,232.6516974
1249000,129.775993,0.700127985,232.5971143
1249250,120.6589993,0.643189983,232.630722
1249500,113.3639957,0.677010472,232.6083392
1249750,128.1049973,0.738336473,232.6060333
1250000,136.2729993,0.742824485,232.6122021
1250250,139.5999957,0.762138979,232.633421
1250500,140.1159937,0.70750299,232.6529291
1250750,136.7989999,0.792933481,232.5927795
1251000,154.5579944,0.789864967,232.6025775
1251250,161.0799957,0.832110467,232.5779584
1251500,161.3509979,0.802324469,232.5959186
1251750,161.6959973,0.842721987,232.5931226
1252000,170.653996,0.836933973,232.6009387
1252250,168.6249957,0.850442486,232.5875153
1252500,166.9239948,0.824320974,232.5787872
1252750,168.0499939,0.878895481,232.5762714
1253000,186.2699957,0.905842974,232.5791846
1253250,186.2699957,0.905842974,232.5791846
1253500,186.3109937,0.900443974,232.5816327
1253750,186.9379956,0.927390473,232.5662268
1254000,194.3169952,0.897176473,232.6051428
1254250,177.6879938,0.885606468,232.5829224
1254500,186.3969897,0.924178467,232.5435278
1254750,193.2329883,0.904486482,232.5667792
1255000,177.5459955,0.853368471,232.5794128
1255250,170.4859991,0.849045978,232.5909985
1255500,175.3279993,0.890358489,232.5807312
1255750,185.308999,0.895237978,232.5769293
1256000,186.1969946,0.918874958,232.564787
1256250,192.4699902,0.924058986,232.5683545
1256500,194.5519928,0.951620977,232.5634814
1256750,196.2569952,0.906086485,232.5770398
1257000,179.1399982,0.856158979,232.5982434
1257250,174.2039972,0.857811971,232.596156
1257500,173.6749957,0.869610982,232.5799152
1257750,177.8039984,0.878834474,232.5805774
1258000,181.4009961,0.87917697,232.584137
1258250,173.1719989,0.835859978,232.5874036
1258500,161.4099969,0.824779975,232.6275
1258750,165.6069965,0.809699497,232.6234723
1259000,157.2499976,0.811606979,232.6224988
1259250,165.5439966,0.843510969,232.6048181
1259500,170.0829968,0.839147995,232.5976721
1259750,170.0829968,0.839147995,232.5976721
1260000,163.4039935,0.815500488,232.6202661
1260250,157.2779968,0.785761495,232.6149274
1260500,147.1209967,0.765655966,232.6350385
1260750,144.4249945,0.762528968,232.6016473
1261000,142.7809973,0.745176494,232.6284088
1261250,138.3119989,0.765685983,232.6035852
1261500,148.2319989,0.765135989,232.6093695
1261750,132.7639978,0.715769472,232.6424908
1262000,128.0259924,0.720288491,232.6443787
1262250,133.7969949,0.73178298,232.636026
1262500,132.877998,0.722123966,232.6227539
1262750,133.812998,0.730646987,232.6142914
1263000,136.447995,0.735912995,232.6510016
1263250,124.3789951,0.69217397,232.6167065
1263500,122.5209976,0.670668983,232.6454175
1263750,111.7239963,0.621879492,232.6397308
1264000,105.172998,0.59604497,232.6585535
1264250,100.845997,0.609705987,232.6594281
1264500,111.188996,0.639851477,232.6694415
1264750,113.998996,0.640705974,232.6840692
1265000,100.6179984,0.595119984,232.6665387
1265250,97.16699738,0.558978987,232.6438959
1265500,87.23899811,0.535970483,232.6746173
1265750,87.8639978,0.529408491,232.6619629
1266000,84.52499664,0.469411478,232.6517786
1266250,84.52499664,0.469411478,232.6517786
1266500,62.87599838,0.421087493,232.7022015
1266750,68.14599792,0.438339489,232.6741553
1267000,59.45599899,0.406237998,232.686228
1267250,62.69799789,0.42444149,232.6603442
1267500,52.92899857,0.336886991,232.7023199
1267750,46.89299927,0.368700488,232.6873132
1268000,62.99799835,0.431039493,232.6636823
1268250,59.65899887,0.399712487,232.6775366
1268500,63.99699921,0.436012986,232.6901868
1268750,62.39799789,0.413828986,232.6838629
1269000,60.60299973,0.406379987,232.6710406
1269250,51.95099915,0.346053985,232.7065356
1269500,51.58699905,0.352128997,232.6895001
1269750,45.51899887,0.333792989,232.6742493
1270000,48.96699875,0.367277991,232.6698413
1270250,55.76199829,0.364839994,232.6671301
1270500,48.01799957,0.332339493,232.6947699
1270750,41.74599854,0.295649991,232.7004266
1271000,36.99299942,0.290494989,232.6945386
1271250,35.86599915,0.28818399,232.7284741
1271500,37.19299942,0.289682492,232.7084601
1271750,36.13599884,0.29179799,232.7051617
1272000,36.73399918,0.288319491,232.7271332
1272250,36.67999893,0.289182488,232.7201031
1272500,34.73699875,0.286119486,232.687547
1272750,34.73699875,0.286119486,232.687547
1273000,38.32599945,0.287321492,232.7066229
1273250,33.65599937,0.282130989,232.7087299
1273500,35.63499992,0.284842491,232.7108362
1273750,38.02899918,0.303585491,232.6971405
1274000,42.43499649,0.344682487,232.6741467
1274250,51.98199829,0.366406981,232.6599768
1274500,43.55299866,0.297811493,232.7064423
1274750,33.06199928,0.285394492,232.7023474
1275000,36.68199951,0.282087494,232.7067542
1275250,36.91399948,0.294457992,232.6837061
1275500,37.45599945,0.293495494,232.7157855
1275750,35.05299973,0.281069994,232.7016675
1276000,33.40199982,0.278760489,232.7097681
1276250,35.34699951,0.279278992,232.7034277
1276500,33.03899933,0.283459989,232.7168927
1276750,35.75399895,0.284320493,232.702265
1277000,37.07299957,0.30574599,232.7046106
1277250,41.17999786,0.341382986,232.6964105
1277500,41.87599922,0.304672982,232.6993317
1277750,48.00499962,0.399923488,232.7050488
1278000,56.77199814,0.408235493,232.6664972
1278250,63.69499786,0.431090479,232.6869611
1278500,56.25299881,0.365571488,232.6691034
1278750,63.03799759,0.497460499,232.6684985
1279000,81.95699768,0.490246984,232.6402417
1279250,81.95699768,0.490246984,232.6402417
1279500,75.01599854,0.505123494,232.6710925
1279750,86.79099884,0.560844479,232.669989
1280000,90.76399811,0.584798481,232.6564215
1280250,104.6949985,0.630648475,232.646535
1280500,99.00899933,0.530527484,232.6559015
1280750,85.78199951,0.58984499,232.6338361
1281000,109.471998,0.652303991,232.6323309
1281250,123.0239993,0.729008985,232.6402747
1281500,129.811998,0.712618484,232.6674677
1281750,132.4809955,0.698831484,232.6303308
1282000,125.6089954,0.693671489,232.6344519
1282250,130.8630005,0.741140482,232.6089221
1282500,133.4419986,0.687838991,232.6517377
1282750,123.2179956,0.754925978,232.6535236
1283000,138.1999988,0.728049481,232.6578027
1283250,130.363999,0.710114474,232.6210345
1283500,129.75,0.707433488,232.651322
1283750,134.2119983,0.739093983,232.6597137
1284000,138.1059937,0.741936481,232.5961212
1284250,138.1279932,0.757813492,232.5969019
1284500,139.3729962,0.74648998,232.6302814
1284750,136.6759973,0.747654972,232.6056097
1285000,143.8029974,0.774193475,232.5603802
1285250,148.7029974,0.774630978,232.6267853
1285500,152.3629993,0.828544481,232.61922
1285750,152.3629993,0.828544481,232.61922
1286000,173.3119958,0.870713985,232.5800848
1286250,175.8729974,0.878306968,232.5833606
1286500,171.0909973,0.82042546,232.6130762
1286750,152.8729968,0.797204981,232.5902441
1287000,160.526001,0.818258471,232.6008246
1287250,164.0969995,0.839637978,232.5932422
1287500,171.7239935,0.845787485,232.5645209
1287750,169.0139923,0.912475984,232.5608344
1288000,192.2249957,0.87883599,232.6220984
1288250,170.052998,0.871872482,232.5899792
1288500,185.8209955,0.87730098,232.5850195
1288750,168.192998,0.890144477,232.5940961
1289000,191.9750055,0.934764972,232.5384052
1289250,197.401001,0.951053486,232.5351508
1289500,198.8099963,0.958840976,232.555481
1289750,201.3999988,0.963061981,232.5658722
1290000,207.8959937,0.972562475,232.5337494
1290250,196.6299969,0.94513598,232.5351282
1290500,197.2939966,0.935151465,232.5578888
1290750,194.2599945,0.922172477,232.5679974
1291000,186.7239996,0.909792981,232.5894196
1291250,190.5269983,0.916521986,232.5730414
1291500,187.452998,0.889110487,232.601554
1291750,174.043996,0.86522099,232.5898584
1292000,183.3169916,0.89053097,232.5698254
1292250,183.3169916,0.89053097,232.5698254
1292500,181.7399939,0.882230475,232.543241
1292750,181.3659949,0.890184474,232.5914172
1293000,181.6909918,0.899579978,232.5912488
1293250,184.2760022,0.880318451,232.5707062
1293500,173.122998,0.843925474,232.5972577
1293750,168.4769983,0.827278974,232.5785309
1294000,155.7309979,0.807494473,232.571026
1294250,163.5979962,0.837398458,232.6042578
1294500,160.7729926,0.845077477,232.5964026
1294750,183.5779956,0.890150471,232.5868878
1295000,170.8659991,0.820102971,232.5824994
1295250,153.0909955,0.771188979,232.6179309
1295500,140.5199982,0.754719982,232.6233801
1295750,145.6559991,0.767892976,232.6101038
1296000,150.8479956,0.781176991,232.5850354
1296250,149.8759979,0.781323988,232.5793866
1296500,147.8879993,0.767158978,232.6301135
1296750,146.4949957,0.769164476,232.6085669
1297000,136.4009991,0.701822479,232.6209698
1297250,119.9559979,0.62742399,232.6315479
1297500,114.4749966,0.675186481,232.6336829
1297750,118.3809973,0.658211486,232.6270416
1298000,104.9179984,0.583993993,232.6472675
1298250,91.98999573,0.570758977,232.6617694
1298500,93.88899994,0.571838996,232.6430035
1298750,93.88899994,0.571838996,232.6430035
1299000,93.07199677,0.548172987,232.6626123
1299250,85.9139978,0.500754988,232.673642
1299500,81.20599701,0.515987492,232.6850818
1299750,97.1289978,0.612614484,232.6111639
1300000,88.61599976,0.478984482,232.6358826
1300250,70.20899902,0.474519994,232.6564746
1300500,70.75100006,0.471759979,232.6639612
1300750,70.75299774,0.422926489,232.6727643
1301000,51.04299896,0.325900992,232.7245709
1301250,43.7069986,0.338410995,232.7141858
1301500,57.3879982,0.394334486,232.6948224
1301750,56.9529982,0.395944492,232.6687915
1302000,51.44299805,0.339301999,232.6646985
1302250,39.56999878,0.293668494,232.6983221
1302500,41.70599991,0.334944991,232.6962354
1302750,46.93499863,0.322606999,232.6741205
1303000,39.28799789,0.296274999,232.7031085
1303250,36.41499924,0.282646996,232.6914209
1303500,34.94299911,0.28499649,232.694928
1303750,35.51899887,0.288439493,232.6891522
1304000,37.14499924,0.287318486,232.6988342
1304250,34.61699936,0.285896492,232.6916608
1304500,35.1349987,0.28480799,232.6851056
1304750,37.62699936,0.286578991,232.6842902
1305000,33.14600014,0.286470995,232.6708209
1305250,33.14600014,0.286470995,232.6708209
1305500,37.47099854,0.286941993,232.6749554
1305750,36.83199837,0.286965495,232.6840961
1306000,34.45299957,0.286726489,232.6794421
1306250,36.12899857,0.287780488,232.6827936
1306500,36.87199951,0.290462495,232.7046674
1306750,35.77699921,0.289826493,232.7057941
1307000,36.67199844,0.286591494,232.705401
1307250,35.9319989,0.285932994,232.7055768
1307500,37.55599899,0.288007988,232.7178571
1307750,34.12299881,0.285358999,232.6950818
1308000,34.62200005,0.284148498,232.6844818
1308250,37.00199944,0.282804991,232.6846655
1308500,31.89099991,0.281682491,232.7097339
1308750,36.62699982,0.281056991,232.6890985
1309000,35.48699944,0.283980496,232.6862927
1309250,33.5029995,0.285659994,232.6918042
1309500,36.92499893,0.287286499,232.6992133
1309750,37.13799988,0.300004494,232.6735706
1310000,45.6629982,0.360900992,232.6749561
1310250,53.62499847,0.342269487,232.6785535
1310500,51.35700012,0.400152487,232.6576154
1310750,65.6389975,0.428182986,232.6705963
1311000,67.60399841,0.459665487,232.6811682
1311250,77.31999908,0.499299988,232.67021
1311500,75.98999878,0.458812492,232.6484589
1311750,75.98999878,0.458812492,232.6484589
1312000,68.51399841,0.447404994,232.6729877
1312250,75.04899902,0.483044482,232.6444257
1312500,86.98899963,0.568110988,232.6489685
1312750,96.31399628,0.560739484,232.6561121
1313000,86.26099915,0.537339475,232.6153198
1313250,88.03799957,0.553591995,232.64521
1313500,99.90999817,0.623810995,232.6341052
1313750,111.2169989,0.638408492,232.6149774
1314000,116.9199963,0.698684487,232.6111377
1314250,135.0909967,0.758596482,232.6007379
1314500,146.5949969,0.781344981,232.6015637
1314750,154.3379968,0.788627484,232.5898309
1315000,151.9390009,0.772901478,232.6026929
1315250,145.815,0.76503247,232.5703809
1315500,146.4409949,0.76246248,232.5831769
1315750,139.2939984,0.758255479,232.6018097
1316000,142.4919958,0.78718699,232.5938165
1316250,159.878999,0.796028979,232.6141223
1316500,148.9939978,0.770842967,232.594483
1316750,146.5339966,0.77465399,232.5671851
1317000,157.0139984,0.82073698,232.5859973
1317250,167.5689899,0.839241967,232.5752313
1317500,163.911994,0.826136494,232.5732336
1317750,167.892995,0.867243476,232.5493146
1318000,184.7369958,0.912619483,232.5370111
1318250,184.7369958,0.912619483,232.5370111
1318500,192.492998,0.91368449,232.5690021
1318750,179.6439984,0.873453968,232.5458112
1319000,182.943996,0.902604473,232.5683789
1319250,189.693996,0.924131479,232.5567468
1319500,194.4149945,0.946511478,232.5360437
1319750,204.2969952,0.944998484,232.5474164
1320000,189.3579962,0.914968457,232.5558722
1320250,193.4809985,0.940056469,232.531181
1320500,201.4139978,0.952026989,232.5314612
1320750,197.4479956,0.970348487,232.5392297
1321000,209.9680011,0.979010963,232.5320392
1321250,198.2379987,0.927119973,232.5463776
1321500,190.9969965,0.928299966,232.5681464
1321750,194.8349982,0.927065983,232.5428754
1322000,187.3369989,0.892863989,232.5708008
1322250,184.0119989,0.911303978,232.5409497
1322500,192.1799969,0.925751972,232.5489606
1322750,187.0059967,0.892603455,232.5559387
1323000,182.3379913,0.89723798,232.5732745
1323250,187.396001,0.919482961,232.560788
1323500,182.8269928,0.860670462,232.5580676
1323750,174.4189941,0.878366992,232.5885474
1324000,182.0469977,0.891350479,232.5641376
1324250,165.5939984,0.802395985,232.603623
1324500,163.9859973,0.84197598,232.5979218
1324750,163.9859973,0.84197598,232.5979218
1325000,155.6319965,0.776030965,232.5841113
1325250,144.6919965,0.754895971,232.5891968
1325500,141.3739954,0.741200984,232.5726917
1325750,119.1599982,0.650356982,232.6103369
1326000,116.5749976,0.67287699,232.6139862
1326250,111.2799945,0.621162982,232.6495795
1326500,105.0159973,0.622507975,232.6464648
1326750,107.4180023,0.630203969,232.6441296
1327000,113.8379977,0.642925494,232.6340118
1327250,101.822998,0.541006973,232.6515625
1327500,85.59299896,0.538938982,232.6437146
1327750,87.9319989,0.518712482,232.6477393
1328000,69.38099899,0.411085987,232.6410657
1328250,58.89099823,0.420315987,232.6703217
1328500,62.34399933,0.384714493,232.682818
1328750,59.79999802,0.435672489,232.6586011
1329000,66.18199936,0.440448985,232.6624573
1329250,75.48199829,0.491015483,232.5988281
1329500,64.20299881,0.370108997,232.65224
1329750,57.14199829,0.427873493,232.6549524
1330000,65.14299957,0.443888986,232.6420581
1330250,74.76599792,0.506832993,232.6331213
1330500,83.17299896,0.502175992,232.6421057
1330750,76.82199799,0.461276493,232.6451385
1331000,68.52999939,0.420546491,232.6663702
1331250,68.52999939,0.420546491,232.6663702
1331500,67.75699875,0.487543983,232.6513281
1331750,58.43199783,0.369858494,232.6611084
1332000,62.78299774,0.468348985,232.6395898
1332250,68.95499817,0.410442981,232.6511945
1332500,67.91199936,0.475880488,232.5519519
1332750,77.51699829,0.443682492,232.4357135
1333000,60.86799805,0.413160492,232.4248767
1333250,66.88299835,0.475242492,232.4343866
1333500,68.03599823,0.39757899,232.4313464
1333750,63.80199905,0.49185149,232.4424652
1334000,72.60699814,0.406513994,232.45961
1334250,47.80299973,0.325342999,232.4414496
1334500,49.17699921,0.390850495,232.3967548
1334750,59.26199951,0.405803484,232.4085541
1335000,56.22999908,0.400777494,232.4349408
1335250,61.87599838,0.390653493,232.431217
1335500,52.40899826,0.36160949,232.4665851
1335750,50.79299866,0.349124491,232.427229
1336000,59.35299911,0.444648985,232.4388666
1336250,65.56099792,0.396011984,232.457865
1336500,46.49599899,0.320155491,232.5157062
1336750,39.60499878,0.295989991,232.5779785
1337000,37.71799973,0.305738494,232.5647247
1337250,45.94599915,0.368309993,232.5508026
1337500,55.1769986,0.375566992,232.5789703
1337750,55.1769986,0.375566992,232.5789703
1338000,49.89499908,0.317102493,232.5572583
1338250,34.6409996,0.28570549,232.495481
1338500,39.09399933,0.321784992,232.4468341
1338750,53.93399811,0.430362992,232.4363788
1339000,66.15999756,0.412607485,232.545141
1339250,52.62299927,0.353527991,232.5625482
1339500,54.58999985,0.416359488,232.5167261
1339750,66.29699829,0.452693989,232.4830096
1340000,72.40699768,0.453484991,232.4587476
1340250,74.7119989,0.504178497,232.4574005
1340500,83.49999725,0.548031483,232.4586597
1340750,94.94399811,0.58791398,232.4936658
1341000,96.80399872,0.59011797,232.5171393
1341250,99.72399841,0.610450985,232.5046558
1341500,114.7779974,0.661331489,232.5121155
1341750,118.3139978,0.66358248,232.4550427
1342000,116.1839954,0.664689474,232.4660577
1342250,115.4899973,0.682468491,232.4927307
1342500,126.9669974,0.695597486,232.5546173
1342750,131.0249991,0.739137971,232.5415399
1343000,141.7309998,0.73713748,232.5762097
1343250,129.6779987,0.712648981,232.5622437
1343500,129.0459991,0.705326979,232.5319336
1343750,120.7999954,0.710335474,232.4513312
1344000,134.0199976,0.695925491,232.4946423
1344250,134.0199976,0.695925491,232.4946423
1344500,116.3549973,0.678246999,232.4890253
1344750,128.7479956,0.728574972,232.473382
1345000,136.3079938,0.722250969,232.4978296
1345250,127.2219986,0.719206982,232.4530402
1345500,133.8899969,0.732217474,232.44841
1345750,130.6869995,0.725750985,232.4762659
1346000,132.1779974,0.700537984,232.4543701
1346250,124.5079993,0.702209475,232.4606104
1346500,135.4189972,0.775059986,232.4468738
1346750,158.5679974,0.824817474,232.4057159
1347000,164.6629956,0.830119972,232.4353528
1347250,161.5199976,0.831299477,232.4397058
1347500,166.9070007,0.830520978,232.4249615
1347750,160.7469977,0.806178489,232.4511145
1348000,153.3559967,0.810877981,232.5466888
1348250,175.4209961,0.900172985,232.5711224
1348500,191.2189948,0.921210475,232.5425323
1348750,181.7769965,0.877753465,232.5376428
1349000,186.6069983,0.920045478,232.5064484
1349250,186.2429938,0.89014298,232.5484961
1349500,167.1249969,0.800523486,232.6022046
1349750,156.2029962,0.81938597,232.6088147
1350000,170.8119958,0.851301484,232.5847784
1350250,169.1659985,0.844230974,232.6023553
1350500,170.5389941,0.849317987,232.580827
1350750,170.5389941,0.849317987,232.580827
1351000,168.3029962,0.831066983,232.5751373
1351250,167.4469983,0.850362973,232.5902661
1351500,170.5479932,0.844044485,232.5993933
1351750,175.4119904,0.849712484,232.5739368
1352000,157.267998,0.794793482,232.6046759
1352250,148.3099933,0.761224003,232.6470117
1352500,146.3189984,0.766937966,232.6424902
1352750,135.5719971,0.724699469,232.6210406
1353000,138.6149957,0.761508474,232.6166162
1353250,150.1879999,0.789683983,232.5894019
1353500,154.282998,0.789671483,232.5810913
1353750,148.6769983,0.769332471,232.6324268
1354000,151.0659991,0.803597493,232.6027496
1354250,152.5109967,0.776362469,232.6047278
1354500,153.5819965,0.808273995,232.5856866
1354750,162.9320007,0.821611481,232.5773804
1355000,165.8719995,0.828465493,232.594776
1355250,159.842998,0.815296469,232.586153
1355500,157.7069983,0.787996473,232.5992651
1355750,153.1799957,0.796825969,232.5993231
1356000,156.8529938,0.804623992,232.620675
1356250,150.5839911,0.739536483,232.613739
1356500,129.9579956,0.706186988,232.5870496
1356750,125.5579962,0.693017983,232.606684
1357000,122.7719995,0.667665477,232.6135541
1357250,122.7719995,0.667665477,232.6135541
1357500,113.3819962,0.65438148,232.6330817
1357750,105.5139984,0.593744483,232.6267706
1358000,105.5950003,0.667449481,232.6270105
1358250,131.0499948,0.732841971,232.625379
1358500,123.8239978,0.633558493,232.6206274
1358750,103.3499988,0.610820472,232.6356989
1359000,100.5889984,0.539391494,232.6398248
1359250,82.10699799,0.50845099,232.6794495
1359500,79.76400024,0.517831993,232.640025
1359750,85.16399811,0.510362999,232.6632111
1360000,80.33399902,0.507969491,232.6533398
1360250,82.33399719,0.493851982,232.6641949
1360500,76.40399628,0.443462483,232.6719379
1360750,66.55699921,0.457102988,232.6430334
1361000,72.66399872,0.469961989,232.6764337
1361250,68.71199829,0.394301482,232.6824188
1361500,52.59099777,0.401142995,232.6490759
1361750,54.96399857,0.344596989,232.6818616
1362000,49.61599823,0.388153988,232.6521198
1362250,55.65099884,0.332201989,232.6594971
1362500,35.25599945,0.284383492,232.6767822
1362750,32.96199905,0.281520497,232.6931079
1363000,36.43399902,0.28020149,232.6774182
1363250,35.21299904,0.298138987,232.6999701
1363500,36.98299957,0.291291494,232.7064905
1363750,36.98299957,0.291291494,232.7064905
1364000,36.79599976,0.283348495,232.6964972
1364250,34.25799957,0.282874492,232.7133777
1364500,35.11799973,0.286259491,232.6745374
1364750,35.69899857,0.285675988,232.66948
1365000,35.08899841,0.282058491,232.6532385
1365250,34.99699951,0.27888749,232.6458118
1365500,33.8759993,0.278033493,232.6483673
1365750,34.72599899,0.281731995,232.6797784
1366000,34.43699921,0.28733199,232.6768439
1366250,34.73499901,0.282564995,232.6913788
1366500,36.8389991,0.287065991,232.67401
1366750,33.74699883,0.28689149,232.6905865
1367000,36.20799927,0.284574994,232.681106
1367250,36.48699966,0.281526994,232.6935626
1367500,32.85199974,0.280812992,232.6872339
1367750,34.74400032,0.283565489,232.6754993
1368000,37.27299942,0.302669994,232.6994543
1368250,40.73299805,0.317518492,232.6908521
1368500,44.3019989,0.328607999,232.6803339
1368750,41.96300049,0.308058996,232.682583
1369000,41.71899963,0.393543489,232.6503802
1369250,66.37599701,0.432468487,232.6595435
1369500,60.66799835,0.413031487,232.6984479
1369750,62.06899857,0.446092494,232.6541425
1370000,72.5369986,0.460209481,232.674234
1370250,72.5369986,0.460209481,232.674234
1370500,66.89499908,0.422024994,232.64758
1370750,64.74599762,0.419866983,232.6647589
1371000,66.10699951,0.452019994,232.6618024
1371250,70.20999832,0.436711992,232.6834357
1371500,71.7259996,0.509996994,232.6397046
1371750,88.03399902,0.579004989,232.6204956
1372000,102.117998,0.576022983,232.6364087
1372250,95.43799561,0.551243985,232.6174249
1372500,92.58499634,0.616928477,232.6146985
1372750,116.4829984,0.655390978,232.6013391
1373000,104.1699979,0.598816481,232.6302264
1373250,101.9499985,0.656758473,232.6450128
1373500,127.3639993,0.7000405,232.6269128
1373750,120.5569971,0.646452489,232.6137158
1374000,114.4159967,0.670796485,232.6472021
1374250,121.442999,0.702686985,232.6080719
1374500,125.6359967,0.699448979,232.6223828
1374750,126.003996,0.714109964,232.5951978
1375000,132.9539923,0.73855299,232.6086902
1375250,143.5689984,0.754467468,232.5607367
1375500,142.2429974,0.750269985,232.5672906
1375750,128.8799973,0.749398978,232.5953223
1376000,149.3989978,0.782338479,232.571402
1376250,145.7059955,0.762846475,232.6003693
1376500,146.5009979,0.762429986,232.6247363
1376750,146.5009979,0.762429986,232.6247363
1377000,144.6139972,0.765185966,232.6029474
1377250,156.023996,0.82478996,232.6008984
1377500,171.6139923,0.859885468,232.5753912
1377750,168.7749969,0.828799477,232.5723193
1378000,161.4349957,0.801672487,232.5560901
1378250,155.9599988,0.800574992,232.5759784
1378500,158.9169965,0.814484463,232.5888898
1378750,167.3769977,0.826492476,232.5548425
1379000,160.4529974,0.823146472,232.5618994
1379250,168.1109967,0.867162476,232.5525482
1379500,186.1189948,0.901623476,232.570722
1379750,181.0269971,0.893599484,232.5534119
1380000,197.5179938,0.978361461,232.5516486
1380250,211.962998,0.991510987,232.5526886
1380500,206.2529987,0.976839476,232.5649878
1380750,213.1779932,1.018598969,232.5343188
1381000,207.9759943,0.959924474,232.5673633
1381250,195.508996,0.928730969,232.5445953
1381500,195.9619958,0.947790983,232.5573865
1381750,196.552995,0.940404472,232.5270752
1382000,204.2039984,0.981067464,232.5098431
1382250,193.1399963,0.90568198,232.5242249
1382500,195.5799982,0.977419488,232.5359686
1382750,202.757995,0.932283971,232.5211047
1383000,180.0479962,0.870366976,232.5560101
1383250,180.0479962,0.870366976,232.5560101
1383500,175.3539996,0.865124967,232.5521265
1383750,179.7439966,0.884000478,232.5540192
1384000,178.6009979,0.877709484,232.5319769
1384250,176.3979993,0.843004477,232.5478925
1384500,163.3219952,0.830022974,232.5283002
1384750,175.3939941,0.89236748,232.550246
1385000,175.460993,0.833853493,232.5591144
1385250,168.1259937,0.871847985,232.5550012
1385500,175.6229974,0.846940484,232.5818805
1385750,160.9949957,0.801552989,232.5671729
1386000,146.3739978,0.746471982,232.6050885
1386250,135.0629993,0.726508489,232.6035956
1386500,137.7200024,0.775186992,232.5706024
1386750,144.1089966,0.704575484,232.6281128
1387000,121.9129974,0.685344968,232.5851294
1387250,119.4459967,0.669582982,232.6219958
1387500,118.6559964,0.63601799,232.6272113
1387750,109.0480002,0.622252986,232.6271375
1388000,107.2169974,0.615399487,232.6153235
1388250,105.9169995,0.607840493,232.6225696
1388500,105.6169968,0.634981484,232.6126349
1388750,104.4549973,0.579981985,232.6436487
1389000,87.87299774,0.490788482,232.6494269
1389250,74.92799835,0.473407986,232.6457794
1389500,74.42300018,0.462199984,232.6340173
1389750,74.42300018,0.462199984,232.6340173
1390000,70.14099884,0.474893991,232.6247412
1390250,73.82499817,0.425576487,232.6679529
1390500,52.41199936,0.357106488,232.6845789
1390750,54.18599915,0.421602987,232.6460852
1391000,71.74899841,0.45155549,232.6463147
1391250,62.22599915,0.384434988,232.6735455
1391500,49.31199829,0.336477488,232.652804
1391750,52.04299973,0.390667993,232.6425458
1392000,58.85999893,0.393106986,232.6499884
1392250,60.74999802,0.446648488,232.6626807
1392500,71.7719986,0.454542489,232.6527295
1392750,65.62099899,0.409730991,232.6550098
1393000,59.50599854,0.410464486,232.6362891
1393250,61.27500015,0.415584993,232.6808429
1393500,61.42599823,0.378838985,232.687276
1393750,49.64199905,0.366736994,232.6655481
1394000,52.72899963,0.392782484,232.642041
1394250,63.01499786,0.446675487,232.6697931
1394500,71.66699799,0.468529998,232.6418115
1394750,67.15499893,0.412252491,232.6595032
1395000,59.26099686,0.456068994,232.6372174
1395250,76.16499847,0.488683995,232.6624225
1395500,69.55199875,0.41367398,232.6475781
1395750,57.20099777,0.428852994,232.6416351
1396000,70.53499878,0.421022489,232.6435767
1396250,70.53499878,0.421022489,232.6435767
1396500,55.72899933,0.384290988,232.6902173
1396750,66.38099701,0.510221492,232.6334009
1397000,89.38999939,0.529440978,232.6325854
1397250,75.08099823,0.487867485,232.634458
1397500,76.16199951,0.485460488,232.6613092
1397750,73.98899872,0.495564995,232.6689594
1398000,88.21399689,0.540495496,232.643736
1398250,84.40899719,0.532167983,232.6280499
1398500,90.78999725,0.57520148,232.6300732
1398750,96.31699646,0.59034498,232.6583649
1399000,92.97199951,0.545642996,232.6451782
1399250,88.98099945,0.524931982,232.642818
1399500,78.98599854,0.505967989,232.6482013
1399750,90.19900024,0.536114981,232.6304108
1400000,85.49899902,0.500340991,232.6498407
1400250,70.06699768,0.467215494,232.657785
1400500,77.38999878,0.539888484,232.6622089
1400750,94.16900085,0.56810199,232.6443536
1401000,89.87499573,0.536158483,232.664035
1401250,91.54899933,0.537183478,232.6660809
1401500,82.46799927,0.486660483,232.6557404
1401750,76.9219986,0.474526985,232.6623523
1402000,69.28999878,0.514932489,232.6588196
1402250,94.48099762,0.57017149,232.6467645
1402500,84.38899963,0.494491494,232.6645544
1402750,84.38899963,0.494491494,232.6645544
1403000,77.92699799,0.515039985,232.6354779
1403250,91.59099701,0.550763984,232.6038373
1403500,93.27599854,0.567004981,232.6250629
1403750,88.91099579,0.540938487,232.6320026
1404000,92.04599823,0.557252979,232.636413
1404250,90.51599701,0.545509493,232.6525635
1404500,82.86000122,0.519891479,232.6700513
1404750,88.60999695,0.536707988,232.6382819
1405000,78.77199646,0.46624949,232.6765649
1405250,73.90499847,0.473552492,232.643584
1405500,80.57599792,0.543634484,232.6259216
1405750,101.2629999,0.622586493,232.629234
1406000,109.3789963,0.632705986,232.625329
1406250,107.0949979,0.611352479,232.6539569
1406500,107.0849979,0.598265493,232.6556311
1406750,108.3609985,0.658355989,232.6243695
1407000,117.4839954,0.669953978,232.6342517
1407250,114.2849982,0.637605493,232.6333081
1407500,109.2579977,0.64637398,232.6202325
1407750,104.4599979,0.591456981,232.6326831
1408000,104.9589978,0.612923977,232.6354425
1408250,103.6279971,0.604356472,232.6175806
1408500,119.7669962,0.722922976,232.6001941
1408750,134.8109991,0.733207476,232.6096094
1409000,143.9210004,0.795270476,232.6006354
1409250,143.9210004,0.795270476,232.6006354
1409500,160.248999,0.833313978,232.6028571
1409750,159.4839972,0.801282482,232.5460925
1410000,162.5309985,0.829262486,232.5569543
1410250,164.5659998,0.839641478,232.5556512
1410500,179.5719989,0.919777484,232.5402472
1410750,189.9909943,0.890296471,232.5559406
1411000,182.7279962,0.91574698,232.5628424
1411250,189.3039929,0.90596849,232.5610095
1411500,192.8159961,0.940930965,232.5416113
1411750,189.8719934,0.896629984,232.5465198
1412000,189.6509967,0.946764977,232.5586987
1412250,183.0969958,0.846242485,232.5918195
1412500,167.3339978,0.843889506,232.5596912
1412750,167.0249945,0.814918976,232.5901447
1413000,154.5319971,0.774663482,232.6175177
1413250,149.4799969,0.773498976,232.5579901
1413500,145.3679974,0.776070969,232.5622449
1413750,152.1239954,0.805200472,232.5852271
1414000,154.2749939,0.755977473,232.6080731
1414250,125.8739972,0.649530489,232.5988171
1414500,115.5709964,0.679624994,232.5900165
1414750,123.1069977,0.675848482,232.6152081
1415000,116.6389987,0.657436492,232.5992334
1415250,115.9029965,0.674102495,232.6201044
1415500,120.915997,0.693464983,232.6180499
1415750,120.915997,0.693464983,232.6180499
1416000,120.2689981,0.657560482,232.6208691
1416250,119.793996,0.709068966,232.5788672
1416500,129.6749951,0.702385993,232.5833435
1416750,123.5689975,0.665509975,232.58745
1417000,117.0079977,0.704079483,232.5930176
1417250,127.1819977,0.705336483,232.6218903
1417500,124.3919965,0.679939971,232.6059363
1417750,122.6149976,0.713644977,232.6047784
1418000,129.2619962,0.684159992,232.6453143
1418250,116.3829971,0.633521967,232.6301312
1418500,109.0169971,0.661805978,232.6182971
1418750,120.771998,0.673333993,232.604632
1419000,117.1489969,0.673569472,232.6263184
1419250,117.2479971,0.640993478,232.6162225
1419500,109.1279977,0.631923993,232.6234985
1419750,111.2669977,0.632473979,232.620199
1420000,115.6929965,0.668916492,232.6213422
1420250,118.4509982,0.670803478,232.6094836
1420500,111.8149973,0.642000494,232.5749524
1420750,108.660997,0.634166985,232.6124091
1421000,101.9309964,0.575758986,232.6737073
1421250,94.4489975,0.600646989,232.6390503
1421500,105.9279971,0.588622494,232.63172
1421750,97.28799927,0.573909991,232.6035944
1422000,100.7309973,0.572047474,232.6356329
1422250,100.7309973,0.572047474,232.6356329
1422500,92.13199738,0.553756487,232.6259625
1422750,90.9029953,0.570368488,232.6389233
1423000,96.27799713,0.570509496,232.6320428
1423250,96.83899902,0.589200487,232.6144666
1423500,102.3339987,0.575699973,232.6397064
1423750,94.46399719,0.566614978,232.6141254
1424000,98.55999664,0.599358983,232.6486102
1424250,95.99099823,0.538028982,232.6741797
1424500,75.49099854,0.470401491,232.6578815
1424750,74.33499817,0.469112489,232.6319366
1425000,74.42999939,0.471290487,232.6385944
1425250,75.39599854,0.493731989,232.6213293
1425500,86.50299805,0.522744491,232.6424023
1425750,82.56400024,0.490386491,232.6514392
1426000,72.08199951,0.499113996,232.6058093
1426250,91.72199707,0.54237299,232.6050397
1426500,83.10299927,0.534619987,232.6265717
1426750,91.61799744,0.549420493,232.6747144
1427000,89.94899811,0.520103481,232.6687848
1427250,82.77399933,0.539906991,232.6364673
1427500,97.38599762,0.606936991,232.6344635
1427750,102.797998,0.573340977,232.624455
1428000,79.20999878,0.529340483,232.6342114
1428250,93.12099884,0.566339982,232.6516089
1428500,87.76899658,0.502710476,232.6516504
1428750,87.76899658,0.502710476,232.6516504
1429000,81.75399841,0.498723987,232.6604742
1429250,80.51899719,0.515386496,232.6375464
1429500,86.95199921,0.511713481,232.6717468
1429750,75.7019986,0.485064992,232.6424158
1430000,82.02599823,0.531377485,232.6374512
1430250,89.75699554,0.560877483,232.6352094
1430500,101.6919977,0.59534148,232.6427435
1430750,92.68799713,0.538143489,232.625174
1431000,77.60499817,0.444118485,232.6485229
1431250,64.59499817,0.453396983,232.6253888
1431500,81.38899811,0.546939991,232.6404565
1431750,98.73599731,0.571364982,232.6585571
1432000,93.93099945,0.553524492,232.6477124
1432250,96.49899841,0.579320984,232.6155859
1432500,95.55099609,0.573437479,232.6487445
1432750,94.79999939,0.577074993,232.6348566
1433000,102.7130008,0.636943495,232.6000006
1433250,115.7139972,0.666045485,232.6178577
1433500,120.5339963,0.658406479,232.6285681
1433750,111.8499966,0.641983981,232.6078589
1434000,119.301998,0.695548987,232.6234113
1434250,118.3679977,0.635475488,232.6585138
1434500,104.8699982,0.604834485,232.6246411
1434750,83.70699799,0.504434984,232.6500964
1435000,90.43899933,0.571269486,232.6381708
1435250,90.43899933,0.571269486,232.6381708
1435500,97.3939978,0.57921598,232.645979
1435750,104.5169968,0.618542471,232.6013776
1436000,99.30599884,0.571725495,232.6325708
1436250,90.17099945,0.537908487,232.6167236
1436500,83.16599609,0.521422989,232.6338818
1436750,89.37999786,0.563114488,232.6320093
1437000,97.57099823,0.562414486,232.6231439
1437250,88.68799683,0.520359988,232.6403796
1437500,93.10699646,0.580128481,232.6129523
1437750,82.99499817,0.452512485,232.6848901
1438000,75.36699814,0.529399493,232.6809955
1438250,78.80799774,0.49509249,232.6517474
1438500,90.80899689,0.582626491,232.6256598
1438750,92.24699677,0.514540977,232.6534821
1439000,89.20699921,0.561168993,232.6469714
1439250,93.91000061,0.55749299,232.6498492
1439500,92.92800232,0.575639489,232.620022
1439750,97.38699646,0.59466949,232.6107544
1440000,103.887998,0.631077487,232.6160107
1440250,110.7779962,0.596660991,232.6285547
1440500,95.64099792,0.546637988,232.6541699
1440750,91.05499451,0.575743484,232.6319806
1441000,94.53199646,0.523843489,232.6494592
1441250,88.61599762,0.614036484,232.6233606
1441500,90.69599823,0.491928488,232.6397058
1441750,90.69599823,0.491928488,232.6397058
1442000,71.96699921,0.463573991,232.6757782
1442250,81.92199829,0.555895991,232.6202625
1442500,91.88899811,0.511219994,232.6244049
1442750,85.27799805,0.54315799,232.6355469
1443000,93.73499878,0.598201497,232.6413562
1443250,106.2659958,0.636247475,232.6105963
1443500,99.2809967,0.545469487,232.6327942
1443750,90.91599823,0.550244975,232.6211542
1444000,93.1639978,0.552789986,232.6158606
1444250,88.98700165,0.528559997,232.631665
1444500,93.6339975,0.588903489,232.6184503
1444750,98.9409964,0.600542994,232.6426288
1445000,109.4439963,0.678507979,232.591272
1445250,131.6989969,0.733606498,232.6103479
1445500,132.0899966,0.706938961,232.6070679
1445750,125.6569968,0.722024975,232.5684894
1446000,131.0569955,0.717426486,232.5473999
1446250,128.4759958,0.734786489,232.6052808
1446500,136.892998,0.717515984,232.5826733
1446750,127.8569965,0.689404979,232.5879791
1447000,121.8039963,0.652229977,232.5885126
1447250,111.9929959,0.651806984,232.5991949
1447500,122.3579956,0.734642475,232.5916998
1447750,138.3109985,0.737639995,232.6121204
1448000,127.6879993,0.700315468,232.6268829
1448250,127.6879993,0.700315468,232.6268829
1448500,130.1459967,0.725050495,232.5804657
1448750,143.917995,0.800726476,232.5581921
1449000,159.8419952,0.802383997,232.575899
1449250,156.9539984,0.815244474,232.5693781
1449500,173.4529944,0.911295989,232.5535779
1449750,194.8359943,0.909687462,232.5625372
1450000,182.4579968,0.916524978,232.553985
1450250,194.8399982,0.921791978,232.5592902
1450500,188.9759943,0.926945992,232.5627863
1450750,192.8999957,0.871228974,232.5745691
1451000,163.0489966,0.82398248,232.5802679
1451250,170.5709943,0.885952477,232.5694672
1451500,190.6449982,0.941916475,232.5580432
1451750,198.8639978,0.92276047,232.5692169
1452000,188.1389978,0.900945482,232.5936975
1452250,186.9349969,0.949924493,232.5437897
1452500,206.2029968,0.943370976,232.5464227
1452750,183.3719995,0.868080485,232.5513654
1453000,172.3269965,0.867689974,232.5843951
1453250,181.5779962,0.862205992,232.5686499
1453500,172.2699976,0.862397966,232.5778186
1453750,180.7199969,0.918463471,232.5601843
1454000,197.5999921,0.922598972,232.5630518
1454250,177.6249945,0.868175495,232.5668579
1454500,178.9699951,0.875391476,232.5561713
1454750,178.9699951,0.875391476,232.5561713
1455000,173.3249939,0.833162487,232.6047937
1455250,157.092998,0.796745479,232.5866895
1455500,155.6059991,0.816501484,232.6155469
1455750,167.4419958,0.866271985,232.5706177
1456000,179.7069934,0.870463476,232.5733563
1456250,167.3229999,0.818345485,232.6147302
1456500,158.3409979,0.79360549,232.632619
1456750,143.0709985,0.749519973,232.594386
1457000,140.9639935,0.756720474,232.6065277
1457250,140.2349976,0.775322978,232.5998108
1457500,161.3899988,0.787245479,232.5942279
1457750,136.0199969,0.727640481,232.6234033
1458000,142.6989984,0.745469971,232.6304565
1458250,125.2249985,0.697232988,232.6232104
1458500,130.743999,0.741046994,232.5693634
1458750,140.1599988,0.738467987,232.6184894
1459000,132.6909991,0.695868483,232.6017786
1459250,119.6689984,0.655021482,232.6248724
1459500,114.3039978,0.659881983,232.6234674
1459750,119.9469971,0.673295984,232.6357385
1460000,109.3329956,0.602784982,232.6708167
1460250,98.26599915,0.573752477,232.6489124
1460500,92.83699738,0.547638979,232.6294562
1460750,94.54499664,0.536567485,232.6256653
1461000,73.44699829,0.448530487,232.6295087
1461250,73.44699829,0.448530487,232.6295087
1461500,71.05699982,0.454820986,232.6565381
1461750,60.47499893,0.366694493,232.6791876
1462000,46.45499893,0.340073997,232.683667
1462250,45.66399811,0.315162987,232.7112012
1462500,38.58399811,0.305785998,232.6813776
1462750,44.01799927,0.334753495,232.673811
1463000,41.72799988,0.291813993,232.6776215
1463250,35.03499939,0.302778494,232.6643805
1463500,47.01099884,0.374149997,232.6794666
1463750,51.2909993,0.358856986,232.6715326
1464000,51.17499878,0.353210485,232.6663452
1464250,44.57199905,0.29536749,232.6827283
1464500,33.80499931,0.281958996,232.6779388
1464750,36.83299866,0.287866992,232.6885455
1465000,36.1609993,0.279617993,232.6970502
1465250,32.94399956,0.284530493,232.6764325
1465500,35.43399887,0.280316491,232.6776257
1465750,33.93999969,0.279066991,232.687478
1466000,34.30499878,0.277235994,232.7140045
1466250,34.6119989,0.279975491,232.694931
1466500,33.99899902,0.283110987,232.7150922
1466750,35.02499771,0.279699492,232.6943311
1467000,33.62699921,0.277215993,232.6872186
1467250,34.45399902,0.284871495,232.697522
1467500,36.12399979,0.284289492,232.6678589
1467750,36.12399979,0.284289492,232.6678589
1468000,33.36899956,0.281073993,232.6974573
1468250,34.82899956,0.276547492,232.6949792
1468500,34.89999908,0.290361496,232.6933228
1468750,36.62199905,0.285669988,232.6893878
1469000,35.63299858,0.281328497,232.6914642
1469250,35.33299881,0.298169498,232.6747003
1469500,38.33899872,0.287443993,232.6650385
1469750,36.21599915,0.280652994,232.6795239
1470000,34.39499954,0.283790996,232.6727106
1470250,34.32099907,0.274647489,232.6936823
1470500,33.15699944,0.28525599,232.6672424
1470750,42.96499908,0.339739493,232.6562018
1471000,46.18399887,0.297257984,232.6563293
1471250,36.06399902,0.306791996,232.6674493
1471500,43.57699844,0.30886149,232.7029376
1471750,38.62499771,0.287174993,232.7106732
1472000,39.67099792,0.346321486,232.6732178
1472250,58.19499741,0.420358995,232.6700757
1472500,55.69299774,0.34490399,232.67737
1472750,36.23099945,0.28763249,232.6885559
1473000,41.11299942,0.308680992,232.6900287
1473250,46.58699997,0.42713848,232.6474481
1473500,73.43899872,0.474185989,232.621745
1473750,75.55099915,0.476155481,232.6567059
1474000,71.62599945,0.484341989,232.6565051
1474250,71.62599945,0.484341989,232.6565051
1474500,77.06799927,0.494236486,232.6703723
1474750,78.07699982,0.488107488,232.6588739
1475000,83.61299866,0.58584898,232.6355634
1475250,109.1299954,0.674812984,232.6184412
1475500,121.1399982,0.673417976,232.606828
1475750,115.5969986,0.650020998,232.6123773
1476000,108.5209964,0.669200988,232.6058051
1476250,126.2739978,0.721445966,232.5830139
1476500,136.7999957,0.722620981,232.5939105
1476750,128.900997,0.722141471,232.6110913
1477000,134.8309949,0.738700471,232.6056653
1477250,133.8689984,0.718539975,232.5756427
1477500,125.0559979,0.702215483,232.5904816
1477750,124.7589969,0.674127972,232.623009
1478000,121.3069977,0.690118997,232.6303394
1478250,129.5059955,0.742214479,232.5824762
1478500,143.3389948,0.77075048,232.6234589
1478750,146.64,0.757189476,232.6167944
1479000,142.5129968,0.810324478,232.5755133
1479250,171.0569983,0.847974973,232.5611401
1479500,171.1479907,0.858407979,232.5246881
1479750,177.893996,0.850815485,232.5799445
1480000,162.9349945,0.869162467,232.5630273
1480250,187.0619989,0.907885487,232.5342883
1480500,187.7609967,0.92709697,232.534201
1480750,187.7609967,0.92709697,232.534201
1481000,195.3309973,0.908472962,232.5604285
1481250,176.0870007,0.893979995,232.5585706
1481500,189.0549915,0.910371983,232.5494098
1481750,177.2429956,0.883341975,232.5653314
1482000,190.0619965,0.901455979,232.5648273
1482250,175.222995,0.849794481,232.5949701
1482500,170.6939954,0.846838982,232.5836798
1482750,165.9959967,0.88071348,232.5796252
1483000,192.0339948,0.920154963,232.5692377
1483250,188.4429968,0.906462495,232.549859
1483500,188.7019928,0.907284465,232.5920026
1483750,183.8269983,0.903027465,232.5637469
1484000,188.625993,0.917075961,232.5455066
1484250,182.1320007,0.876600974,232.5494983
1484500,175.063996,0.847836483,232.5615363
1484750,171.5139972,0.860961962,232.5858655
1485000,174.3109985,0.890263479,232.5510162
1485250,193.1149976,0.907923982,232.5159619
1485500,173.9109998,0.848788471,232.5501294
1485750,175.7799951,0.87007848,232.5597363
1486000,170.8989923,0.830784981,232.5874652
1486250,164.2959991,0.810885475,232.6161432
1486500,158.427998,0.797507982,232.6182831
1486750,155.8809943,0.789657478,232.5975519
1487000,146.2239941,0.75590198,232.5702899
1487250,146.2239941,0.75590198,232.5702899
1487500,138.2439948,0.744104986,232.6050751
1487750,134.8239978,0.747461977,232.6245056
1488000,143.8169971,0.752544484,232.6141364
1488250,137.4839978,0.738691475,232.6154163
1488500,141.8259979,0.75958797,232.6210333
1488750,135.9359979,0.708009984,232.6183063
1489000,125.2459967,0.711683476,232.648233
1489250,123.1800003,0.685291977,232.6090704
1489500,124.5109964,0.695401492,232.6333307
1489750,124.4049954,0.675093989,232.6362439
1490000,117.0219974,0.64637449,232.6085547
1490250,122.8929968,0.716877472,232.6227686
1490500,129.9489948,0.704628994,232.6030573
1490750,119.4399979,0.663798487,232.6342426
1491000,110.7319992,0.661081996,232.6332257
1491250,119.9219974,0.674981966,232.6307294
1491500,112.0359991,0.632290993,232.6268494
1491750,121.3179968,0.733032498,232.5966425
1492000,135.4349957,0.723142972,232.6053784
1492250,122.1239981,0.692165999,232.6495459
1492500,124.2339987,0.703166485,232.6177515
1492750,115.6199991,0.621248991,232.6471558
1493000,97.10499878,0.597017488,232.6306482
1493250,99.68899811,0.577934983,232.6498254
1493500,92.49999878,0.541285985,232.648468
1493750,92.49999878,0.541285985,232.648468
1494000,100.5830005,0.640086985,232.6502979
1494250,108.2809973,0.598053486,232.6494818
1494500,94.85199951,0.576024492,232.6452692
1494750,96.43699738,0.573604479,232.6784363
1495000,82.63099701,0.473158488,232.6672675
1495250,70.99299896,0.453137987,232.6414648
1495500,71.96299805,0.454147993,232.6374664
1495750,68.82999817,0.464924994,232.6558801
1496000,74.29199799,0.460050488,232.6571692
1496250,77.15299805,0.499586477,232.6581708
1496500,66.78399826,0.395916996,232.6409296
1496750,51.24499954,0.359140989,232.6753375
1497000,59.96599915,0.449984993,232.6816589
1497250,78.0169986,0.510539992,232.6182697
1497500,76.98899796,0.420999993,232.6496222
1497750,58.89799896,0.440995986,232.6758362
1498000,68.32299927,0.440027984,232.6770496
1498250,66.14399963,0.44979398,232.6643073
1498500,74.24099884,0.483053483,232.6681616
1498750,73.20799957,0.441740985,232.6813702
1499000,62.09499969,0.402532487,232.6502502
1499250,62.14399887,0.421295496,232.6577191
1499500,57.02799911,0.363560996,232.6675775
1499750,43.43099884,0.33299999,232.7060883
1500000,53.41499908,0.391752989,232.6814648
1500250,53.41499908,0.391752989,232.6814648
1500500,58.75599823,0.398405,232.6819629
1500750,53.06099915,0.34363749,232.6914825
1501000,43.50999878,0.299545491,232.6910156
1501250,37.79999908,0.304178493,232.6789191
1501500,43.70599854,0.33180149,232.6695691
1501750,44.98199951,0.315736996,232.6761462
1502000,36.63999863,0.289605496,232.6853308
1502250,35.79799942,0.285926492,232.6651697
1502500,34.29299973,0.284821991,232.6991058
1502750,37.58399933,0.292195992,232.6917065
1503000,40.19499939,0.318470999,232.6919073
1503250,43.4369986,0.329082992,232.6876025
1503500,46.48599899,0.316928995,232.7111719
1503750,39.6369989,0.348886489,232.6841644
1504000,50.39499908,0.354732496,232.6768121
1504250,48.23099945,0.326280985,232.6744116
1504500,41.93799911,0.367640982,232.7003229
1504750,56.79899887,0.377126998,232.6822662
1505000,54.15999908,0.370414495,232.654837
1505250,55.2979985,0.387634495,232.6640344
1505500,57.91899826,0.42781999,232.6747546
1505750,69.57099823,0.487279985,232.6501251
1506000,82.98599823,0.509657993,232.669101
1506250,77.04599823,0.484905981,232.6589618
1506500,76.77399963,0.460858984,232.6819684
1506750,76.77399963,0.460858984,232.6819684
1507000,66.75399872,0.44045099,232.659162
1507250,69.12499847,0.447288984,232.7021313
1507500,65.83299866,0.474405982,232.6808252
1507750,87.07799835,0.517970482,232.6642413
1508000,72.8619989,0.449071988,232.661355
1508250,64.03399887,0.398054492,232.7136737
1508500,56.67499939,0.369886988,232.6915063
1508750,48.2629985,0.399185991,232.6861932
1509000,69.50799835,0.46254499,232.6848083
1509250,72.8419986,0.484745994,232.6501471
1509500,80.82599915,0.500754988,232.660553
1509750,82.50999786,0.493661982,232.6607874
1510000,69.00999771,0.418047988,232.6823926
1510250,58.37999908,0.421291983,232.6885388
1510500,71.63199921,0.545125976,232.6522058
1510750,107.1879953,0.654582496,232.628139
1511000,116.9549963,0.631469479,232.6199304
1511250,101.8199966,0.601296985,232.6503223
1511500,109.0559995,0.635635977,232.6523492
1511750,110.7489978,0.623844991,232.661394
1512000,98.9809964,0.596805484,232.6633459
1512250,103.3999991,0.624452982,232.6521143
1512500,110.5189935,0.642304468,232.656828
1512750,106.5559976,0.622029486,232.6348102
1513000,114.0479977,0.649252985,232.6265527
1513250,114.0479977,0.649252985,232.6265527
1513500,111.3259988,0.638702483,232.6545959
1513750,113.5569971,0.658525994,232.624259
1514000,114.5849976,0.669197495,232.6205865
1514250,119.4009976,0.668332484,232.628299
1514500,121.9159967,0.702679472,232.6261774
1514750,138.5459964,0.772528489,232.6041223
1515000,157.2699969,0.811528947,232.5918964
1515250,159.7359973,0.813918483,232.5902753
1515500,160.7469989,0.819565983,232.6202972
1515750,166.233996,0.833802969,232.5680988
1516000,178.6519965,0.906293976,232.56422
1516250,183.002998,0.88072149,232.5759265
1516500,179.6130035,0.894595995,232.5610547
1516750,196.065,0.930658488,232.5573456
1517000,192.0949976,0.914820473,232.5554907
1517250,184.4829944,0.88751049,232.5662537
1517500,184.5059955,0.901372983,232.5624701
1517750,191.3639978,0.928865476,232.5579211
1518000,198.5389984,0.959025469,232.5212042
1518250,191.7959961,0.881180491,232.5673938
1518500,175.1679962,0.877643461,232.608067
1518750,184.2329932,0.92666347,232.5808008
1519000,203.0599982,0.962404482,232.5838489
1519250,194.5139966,0.912008471,232.5748511
1519500,189.1079956,0.924552472,232.6081696
1519750,189.1079956,0.924552472,232.6081696
1520000,191.4389966,0.906609468,232.5890656
1520250,181.4179987,0.88196698,232.5749286
1520500,177.6169958,0.891977475,232.5745844
1520750,192.0599951,0.926131978,232.5804059
1521000,184.0539972,0.889328475,232.5984003
1521250,179.0889966,0.858432479,232.6353247
1521500,170.3479962,0.849597483,232.6031274
1521750,178.5909998,0.909075005,232.5968347
1522000,187.4779968,0.896292462,232.5612579
1522250,181.5779956,0.897674472,232.5956189
1522500,183.2979932,0.884220984,232.5944733
1522750,179.2929956,0.883074477,232.5867926
1523000,183.377998,0.901723473,232.5738098
1523250,184.2729968,0.871001978,232.5761548
1523500,173.4639954,0.881105464,232.5814673
1523750,183.0169958,0.893648474,232.6051776
1524000,181.0119977,0.86707448,232.5770117
1524250,172.4379987,0.866829998,232.6160254
1524500,173.3089954,0.827697477,232.6271625
1524750,159.4149976,0.811176488,232.5910522
1525000,160.8780072,0.824818478,232.5981171
1525250,169.6459961,0.861096973,232.5967853
1525500,174.8089948,0.860763483,232.6001782
1525750,169.4899963,0.815152485,232.6409607
1526000,151.4319928,0.756367488,232.6296576
1526250,151.4319928,0.756367488,232.6296576
1526500,135.7289966,0.713282988,232.6666107
1526750,133.4799966,0.74197298,232.6483057
1527000,137.8480002,0.706025991,232.6552197
1527250,116.7369989,0.663546503,232.649082
1527500,111.2289981,0.61893748,232.6645148
1527750,101.8969983,0.627449977,232.6490253
1528000,108.1819977,0.551553988,232.6596503
1528250,80.66999847,0.486390488,232.6679248
1528500,77.51099976,0.48788699,232.6329913
1528750,74.77499878,0.436659992,232.6863141
1529000,57.41899872,0.362098998,232.6961548
1529250,46.84699783,0.352706487,232.6957043
1529500,52.42199814,0.358486989,232.6915851
1529750,46.75099792,0.341148998,232.6674249
1530000,51.21199875,0.3548755,232.6925073
1530250,53.91899933,0.400789486,232.6884839
1530500,64.33399887,0.40082799,232.6691138
1530750,55.10499863,0.364964995,232.7137476
1531000,45.32899811,0.349254495,232.6820026
1531250,52.01399887,0.333005493,232.690567
1531500,38.27799957,0.293870996,232.7134247
1531750,36.98999863,0.299148992,232.7210175
1532000,42.33799896,0.317134498,232.6960913
1532250,43.26699875,0.328013995,232.6815295
1532500,41.49899902,0.302250491,232.6903619
1532750,41.49899902,0.302250491,232.6903619
1533000,38.26999924,0.30881799,232.6934058
1533250,42.68999939,0.299246991,232.7079297
1533500,33.45599945,0.252334492,232.704588
1533750,21.64999916,0.196623495,232.7268573
1534000,17.07799965,0.193143993,232.7104523
1534250,16.39999943,0.192920993,232.7069879
1534500,16.36699936,0.193110495,232.6958435
1534750,17.05299965,0.193053995,232.7233936
1535000,16.3569994,0.193540491,232.7347144
1535250,17.49599991,0.193727997,232.7272986
1535500,16.21999943,0.193208495,232.6927466
1535750,17.03999931,0.192673495,232.7077393
1536000,16.57499947,0.201992498,232.7203778
1536250,18.69099937,0.207641994,232.6930432
1536500,19.00300003,0.206224495,232.7030212
1536750,18.21399971,0.204354994,232.7152899
1537000,17.10399956,0.194121997,232.7059448
1537250,17.07999935,0.189113997,232.7074902
1537500,16.33299961,0.191985996,232.6957867
1537750,16.54899944,0.198421991,232.7019458
1538000,17.13699924,0.196589997,232.7110431
1538250,17.06599903,0.192655995,232.7262225
1538500,16.55699944,0.19045249,232.7090033
1538750,16.23699917,0.189220994,232.7168884
1539000,12.94599985,0.145765994,232.7160205
1539250,12.94599985,0.145765994,232.7160205
1539500,6.379999866,0.123754995,232.7322485
1539750,6.331999969,0.122416497,232.7288257
1540000,5.665999947,0.123038996,232.7309308
1540250,6.432999973,0.122828996,232.7206738
1540500,5.250999985,0.122470996,232.7132263
1540750,6.524999981,0.122621996,232.7159058
1541000,5.697999897,0.123101496,232.7239319
1541250,6.164999924,0.123131497,232.7364349
1541500,6.45699995,0.122848495,232.7209515
1541750,5.375999947,0.122562499,232.7280261
1542000,5.918999996,0.122292995,232.7369543
1542250,5.905999947,0.122415997,232.7373938
1542500,6.640999966,0.122122497,232.7167383
1542750,5.277999935,0.122685996,232.7199603
1543000,6.180999966,0.123087498,232.7336993
1543250,5.615999928,0.122697997,232.7536255
1543500,6.487999973,0.122861497,232.7398236
1543750,6.04899992,0.122877497,232.7512836
1544000,5.720999928,0.122609998,232.7390271
1544250,5.519999981,0.122784998,232.7392975
1544500,6.307999954,0.122419496,232.7243768
1544750,6.364999943,0.122577497,232.7466132
1545000,5.483999901,0.122691997,232.7484369
1545250,5.778999996,0.122521996,232.7581793
1545500,6.019999943,0.123019997,232.7410358
1545750,6.019999943,0.123019997,232.7410358
1546000,6.63199995,0.122858497,232.732674
1546250,5.349999943,0.122879497,232.7249225
1546500,6.066000004,0.122098997,232.7302679
1546750,5.731999969,0.122594995,232.7325055
1547000,6.561000042,0.122552496,232.7591827
1547250,5.90399992,0.122757997,232.7259778
1547500,5.869999962,0.122503497,232.740058
1547750,5.423999977,0.122788498,232.7309863
1548000,6.440999966,0.122863997,232.7447552
1548250,6.074999943,0.122688996,232.7510565
1548500,5.606999969,0.122209998,232.7445203
1548750,5.658999996,0.122535999,232.7393048
1549000,6.148999977,0.122473997,232.7272754
1549250,6.479999981,0.122932997,232.7215131
1549500,5.351999989,0.122356997,232.7201941
1549750,5.800999985,0.122312996,232.7266724
1550000,5.915999928,0.122402495,232.7405536
1550250,6.638999977,0.122245998,232.7221783
1550500,5.274999905,0.122650995,232.7401068
1550750,6.168999996,0.122385997,232.77573
1551000,5.628999977,0.122611495,232.7551031
1551250,6.512000027,0.122088997,232.73698
1551500,5.254999943,0.122136997,232.7586963
1551750,6.501999969,0.122725498,232.7394202
1552000,5.778999939,0.122789496,232.7524677
1552250,5.778999939,0.122789496,232.7524677
1552500,6.322999916,0.122658496,232.7726868
1552750,5.25,0.122306996,232.7539459
1553000,6.428999996,0.122354497,232.7656805
1553250,5.78699995,0.122457997,232.7524591
1553500,6.015999947,0.123023996,232.7536584
1553750,6.598999939,0.122533496,232.7547034
1554000,5.36199995,0.122328496,232.7336011
1554250,6.060999947,0.122428496,232.6736725
1554500,5.76399992,0.122694498,232.5090833
1554750,6.512000046,0.122756496,232.5023065
1555000,5.948999882,0.122612996,232.5012506
1555250,5.902999916,0.122922996,232.4916675
1555500,6.724999943,0.122928995,232.5005701
1555750,5.30199995,0.122909997,232.4925635
1556000,6.163999977,0.122397496,232.4994775
1556250,5.65199995,0.122428496,232.4998907
1556500,6.508999977,0.122380497,232.5044501
1556750,5.254999943,0.122511497,232.4894
1557000,6.487999935,0.121940497,232.5120331
1557250,5.625999908,0.122185997,232.5116351
1557500,6.303999939,0.122495996,232.4954095
1557750,6.166999989,0.122153997,232.5542267
1558000,5.491999969,0.122343496,232.622251
1558250,5.762999973,0.122453498,232.5974017
1558500,6.190999908,0.122405496,232.6545459
1558750,6.190999908,0.122405496,232.6545459
1559000,6.514999962,0.122269998,232.6438257
1559250,5.693999901,0.122316495,232.6722504
1559500,6.164999924,0.122479998,232.6495465
1559750,5.25,0.122834994,232.6218896
1560000,6.583999958,0.122453495,232.6013965
1560250,5.890999966,0.122491996,232.5901825
1560500,5.858999882,0.122319996,232.5990308
1560750,5.423999977,0.122117496,232.6095129
1561000,6.442999954,0.122172496,232.6152515
1561250,6.209999943,0.122520495,232.6296021
1561500,5.676999969,0.122520996,232.633017
1561750,6.662000008,0.122473997,232.6071802
1562000,5.261999912,0.122066496,232.5922821
1562250,6.442999973,0.122157997,232.548606
1562500,5.583999958,0.122129996,232.5647467
1562750,6.271999989,0.122085999,232.5940747
1563000,5.226999912,0.122223497,232.6018964
1563250,6.632999992,0.122361998,232.5964447
1563500,5.793999901,0.122337497,232.609259
1563750,6.055999908,0.122301497,232.59086
1564000,6.596999969,0.122713496,232.6997614
1564250,5.721999912,0.122659495,232.7309375
1564500,6.18899992,0.122644996,232.7200116
1564750,5.25,0.122622997,232.7173218
1565000,6.561000042,0.122101997,232.6899786
1565250,6.561000042,0.122101997,232.6899786
1565500,5.901999912,0.122506997,232.7596594
1565750,5.878999958,0.122693997,232.7657385
1566000,5.423999977,0.122674498,232.7386652
1566250,6.405999985,0.122611497,232.7311853
1566500,6.190999966,0.122577997,232.7075793
1566750,5.632999916,0.122473496,232.7542694
1567000,5.603999958,0.122125496,232.7436121
1567250,6.300999947,0.122759494,232.7385449
1567500,6.442999973,0.122808999,232.7376422
1567750,5.623999977,0.122575998,232.7260425
1568000,6.278999977,0.122268496,232.7390497
1568250,5.25,0.122195497,232.7395258
1568500,6.637999973,0.122511498,232.711004
1568750,5.821999893,0.122893998,232.7336902
1569000,6.055999908,0.122578495,232.7413385
1569250,5.285,0.122501497,232.7514111
1569500,6.512000027,0.123097495,232.7249536
1569750,6.051999912,0.122880995,232.7422968
1570000,5.736999931,0.122624498,232.7511487
1570250,5.519999981,0.122525997,232.5601154
1570500,6.293999939,0.122135997,232.4846307
1570750,6.307999973,0.122140499,232.5218854
1571000,5.467999859,0.121805497,232.4945764
1571250,5.737999973,0.122115999,232.5254987
1571500,6.032999954,0.122335498,232.6183173
1571750,6.032999954,0.122335498,232.6183173
1572000,6.577999954,0.122285496,232.6821393
1572250,5.307999916,0.122573998,232.6910919
1572500,6.055999985,0.122295995,232.6928833
1572750,5.767999954,0.122611497,232.6590509
1573000,6.588000011,0.122290498,232.6262421
1573250,5.261999912,0.122387995,232.6252631
1573500,6.318999958,0.122818996,232.6401056
1573750,5.782999916,0.122862996,232.6576587
1574000,6.412999973,0.122671496,232.6432581
1574250,5.251999969,0.122652998,232.6662177
1574500,6.607999954,0.122613997,232.6605316
1574750,5.727999954,0.122439497,232.6916089
1575000,6.164999924,0.122411997,232.6891937
1575250,6.45199995,0.122559998,232.6894171
1575500,5.342999935,0.122582497,232.7005524
1575750,5.796999989,0.122442495,232.6999225
1576000,5.927999897,0.122366996,232.6278558
1576250,6.566999989,0.122593997,232.6738824
1576500,5.275999889,0.122115498,232.6670654
1576750,6.156999969,0.121922996,232.6802667
1577000,5.664999962,0.121973495,232.665683
1577250,6.536999989,0.122353496,232.6661401
1577500,6.022999935,0.122309495,232.6574359
1577750,5.76699995,0.122062497,232.6213531
1578000,5.545999985,0.122377997,232.6690265
1578250,5.545999985,0.122377997,232.6690265
1578500,6.322999916,0.122327996,232.677572
1578750,6.355999966,0.121993496,232.6468884
1579000,5.670999928,0.122222998,232.6405951
1579250,6.44199995,0.122383497,232.6108759
1579500,5.250999985,0.121954998,232.579834
1579750,6.511000004,0.121909499,232.6117627
1580000,5.683999958,0.122412998,232.6074976
1580250,6.140999966,0.122586998,232.6104901
1580500,5.25,0.122054999,232.6095276
1580750,6.618999996,0.122269495,232.6243225
1581000,5.945999889,0.122487997,232.6245441
1581250,5.919999924,0.122675495,232.6382434
1581500,6.62,0.122342998,232.7079242
1581750,5.274999905,0.122338497,232.7196954
1582000,6.162999992,0.122345497,232.7270587
1582250,5.654999981,0.122265497,232.7066412
1582500,6.690000019,0.122193998,232.7099066
1582750,6.032999878,0.122263495,232.7081769
1583000,5.748999882,0.122190999,232.7160968
1583250,5.519999981,0.122493997,232.7391791
1583500,6.32699995,0.122241996,232.7067084
1583750,6.328999958,0.122172996,232.7152234
1584000,5.509999981,0.122396995,232.7312933
1584250,5.772999992,0.122233996,232.7231805
1584500,6.029999924,0.122712497,232.7166589
1584750,6.029999924,0.122712497,232.7166589
1585000,6.524999981,0.122281496,232.7238275
1585250,5.307999916,0.122377997,232.7158411
1585500,6.072999973,0.122474497,232.733114
1585750,5.767999954,0.122087498,232.7169305
1586000,6.588000011,0.122132496,232.7167773
1586250,5.261999912,0.122430496,232.7026917
1586500,6.318999958,0.122406496,232.6996332
1586750,5.617999935,0.122469497,232.6937146
1587000,6.417000008,0.122384997,232.716048
1587250,5.251999969,0.122907996,232.7133356
1587500,6.432999973,0.122678497,232.6937592
1587750,5.702999935,0.123108997,232.6814581
1588000,6.171999912,0.122566997,232.7236188
1588250,5.25,0.122186994,232.7160742
1588500,6.601000023,0.122039497,232.7140912
1588750,5.920999889,0.122376497,232.7271051
1589000,5.891999931,0.122861997,232.7291791
1589250,5.406999989,0.122366498,232.7217444
1589500,6.428999939,0.122421496,232.7101483
1589750,6.195999947,0.122464995,232.7017853
1590000,5.625999928,0.122478996,232.7036908
1590250,5.636999989,0.122860998,232.724563
1590500,6.164999924,0.122448496,232.7396655
1590750,6.345999947,0.122340498,232.7110162
1591000,5.375999947,0.122041996,232.6942126
1591250,5.375999947,0.122041996,232.6942126
1591500,5.918999996,0.122956997,232.7207458
1591750,5.905999947,0.122663496,232.726333
1592000,6.606999989,0.122415497,232.7368188
1592250,5.277999935,0.122450999,232.7017303
1592500,6.180999966,0.122423997,232.7447528
1592750,5.686999931,0.122476999,232.7144897
1593000,6.547999954,0.122551497,232.7157861
1593250,5.255999947,0.122794497,232.6930902
1593500,6.469999962,0.122596496,232.6931793
1593750,5.623999958,0.122472498,232.6931305
1594000,6.275000019,0.122562996,232.7313672
1594250,6.331000004,0.122892999,232.7083331
1594500,5.456999989,0.122350496,232.7193628
1594750,5.761999989,0.122797998,232.70422
1595000,6.054999905,0.122174997,232.7100079
1595250,6.584999943,0.122468497,232.6929834
1595500,5.309999905,0.122749495,232.7103296
1595750,6.008000011,0.122662996,232.7124469
1596000,5.771999931,0.122146997,232.7131958
1596250,6.570000038,0.122140998,232.7087622
1596500,5.260999908,0.122346998,232.7357861
1596750,6.345999947,0.122329498,232.7115442
1597000,5.679999924,0.122587496,232.7414429
1597250,6.442999954,0.122928997,232.7153925
1597500,5.250999985,0.122950997,232.7174585
1597750,5.250999985,0.122950997,232.7174585
1598000,6.546000004,0.123073497,232.7276648
1598250,5.683999958,0.122540998,232.7190826
1598500,6.149999962,0.122692496,232.703045
1598750,5.25,0.122449997,232.7007001
1599000,6.607999916,0.122012497,232.7104907
1599250,5.913999939,0.122496497,232.6977344
1599500,5.92199995,0.122822998,232.7003796
1599750,5.353999958,0.122582997,232.6982886
1600000,6.584999981,0.122268996,232.7316901
1600250,6.168999939,0.122481496,232.715354
1600500,5.619999981,0.122351497,232.7110358
1600750,5.645999985,0.122091497,232.7136102
1601000,6.189999924,0.121949496,232.7486426
1601250,6.465999966,0.122400997,232.7353638
1601500,5.371999989,0.122621996,232.701059
1601750,5.887999992,0.123045996,232.7127045
1602000,5.891999931,0.122832496,232.7281287
1602250,6.576000004,0.122703498,232.7611212
1602500,5.775999908,0.122646499,232.7116107
1602750,6.029999924,0.122298496,232.7095624
1603000,5.32,0.122695495,232.7117603
1603250,6.538999958,0.122564997,232.7091559
1603500,5.875999966,0.122835997,232.7164166
1603750,5.767999954,0.122282496,232.7477136
1604000,6.566999989,0.122669997,232.7278607
1604250,6.566999989,0.122669997,232.7278607
1604500,5.263999882,0.122162997,232.7296252
1604750,6.29899992,0.122505496,232.725155
1605000,5.691999874,0.122905998,232.7222113
1605250,6.475999908,0.122706997,232.6922345
1605500,5.251999969,0.122289497,232.7046808
1605750,6.570999966,0.121834496,232.7130566
1606000,5.66899992,0.122276497,232.6948102
1606250,6.156999874,0.121851997,232.712951
1606500,5.25,0.122495997,232.7119434
1606750,6.612000008,0.122440498,232.705368
1607000,5.909999866,0.122462497,232.7169409
1607250,5.894999924,0.122297998,232.7005371
1607500,5.371999989,0.122557998,232.6965308
1607750,6.440999985,0.122471497,232.7094507
1608000,6.160999947,0.122358496,232.7338086
1608250,5.639999943,0.122444997,232.7335468
1608500,5.627999973,0.122297496,232.7193933
1608750,6.332999935,0.122054497,232.7002332
1609000,6.447999935,0.122541495,232.7242096
1609250,5.377999935,0.123053499,232.7236975
1609500,5.883999996,0.122485496,232.7305774
1609750,5.906999931,0.122747498,232.7294971
1610000,6.536000004,0.122662996,232.7293524
1610250,5.782999935,0.122616996,232.7267548
1610500,6.015999947,0.122489496,232.722276
1610750,6.015999947,0.122489496,232.722276
1611000,5.295999947,0.121855996,232.7340973
1611250,6.522999878,0.122349997,232.7377582
1611500,6.016000004,0.122189997,232.7280255
1611750,5.767999954,0.122414496,232.7215796
1612000,5.47199995,0.122145498,232.7221307
1612250,6.296999989,0.122857998,232.724259
1612500,6.300999985,0.122706998,232.7306757
1612750,5.465999985,0.122743498,232.7331531
1613000,5.796999989,0.122658497,232.7418097
1613250,6.059999943,0.122448497,232.7359955
1613500,5.285,0.122736996,232.7237311
1613750,6.505999985,0.122661498,232.7485303
1614000,6.016999969,0.122599497,232.6899518
1614250,5.741999931,0.122105998,232.7327771
1614500,6.58100008,0.122701995,232.7471289
1614750,5.261999912,0.122565497,232.7394519
1615000,6.328999958,0.122971997,232.721275
1615250,5.683999958,0.122769997,232.7042004
1615500,6.445,0.122738998,232.721051
1615750,5.250999985,0.122329997,232.7424744
1616000,6.488999996,0.122184497,232.7434009
1616250,5.678999901,0.122105995,232.7305206
1616500,6.16399992,0.122476496,232.7207135
1616750,6.446999931,0.122261499,232.6951453
1617000,5.376000023,0.121935,232.7020428
1617250,5.376000023,0.121935,232.7020428
1617500,5.891000004,0.122101497,232.7221375
1617750,5.878999958,0.122903498,232.7378656
1618000,5.423999977,0.122832497,232.7399475
1618250,6.44199995,0.122682495,232.7374518
1618500,6.204999905,0.122480996,232.7495966
1618750,5.645999851,0.122414997,232.6977545
1619000,5.614999981,0.122316996,232.7365393
1619250,6.175999947,0.122584496,232.7278491
1619500,5.25,0.122694497,232.711474
1619750,6.625999985,0.122480997,232.7291455
1620000,5.909999866,0.122566998,232.7265167
1620250,5.899999847,0.121952997,232.7225665
1620500,6.629999981,0.122181997,232.7373303
1620750,5.274999905,0.122575496,232.7406097
1621000,6.162999992,0.123021496,232.7473785
1621250,5.61699995,0.122400496,232.7342224
1621500,5.649999981,0.122571997,232.7168842
1621750,6.175999947,0.122932498,232.689834
1622000,6.469999962,0.122651999,232.7049603
1622250,5.363999958,0.122254498,232.7247784
1622500,5.921000004,0.122318498,232.7471869
1622750,5.90899992,0.122363496,232.6808997
1623000,6.637999973,0.122193495,232.7208893
1623250,5.821999893,0.122369998,232.7151556
1623500,6.055999908,0.122121997,232.7039795
1623750,6.055999908,0.122121997,232.7039795
1624000,5.285,0.122209998,232.6953046
1624250,6.512000027,0.122481497,232.6994324
1624500,6.027999954,0.122571495,232.7088342
1624750,5.738999958,0.122669496,232.7329645
1625000,5.479999981,0.122117497,232.6950128
1625250,6.325000038,0.122702496,232.7128558
1625500,6.33699995,0.122526996,232.6993683
1625750,5.666999969,0.122725499,232.7067554
1626000,6.445,0.122739497,232.7490656
1626250,5.250999985,0.122318999,232.6933789
1626500,6.507000008,0.122373497,232.7152649
1626750,5.31199995,0.122806998,232.7110657
1627000,6.051999989,0.122420997,232.685708
1627250,5.785999966,0.122162497,232.6923718
1627500,6.601000023,0.122521497,232.6893524
1627750,5.262999916,0.122337497,232.7220258
1628000,6.294999962,0.122481496,232.7137659
1628250,5.664999905,0.122236997,232.7215845
1628500,6.556999969,0.122232997,232.7499493
1628750,5.255999947,0.122433996,232.7128497
1629000,6.564999962,0.122431496,232.7094275
1629250,5.649999905,0.122632497,232.6917865
1629500,6.193999958,0.122256498,232.7228345
1629750,5.25,0.122443498,232.7244104
1630000,6.728999939,0.122502496,232.7267938
1630250,6.728999939,0.122502496,232.7267938
1630500,5.929999886,0.122477497,232.7427692
1630750,5.884999943,0.122610498,232.6958374
1631000,5.312999916,0.122600997,232.7316101
1631250,6.432999954,0.122168998,232.693338
1631500,6.156999969,0.122488998,232.7100647
1631750,5.639999943,0.122469496,232.7170892
1632000,5.627999973,0.122675997,232.7352991
1632250,6.208999958,0.122532497,232.72841
1632500,6.446999931,0.122553498,232.7139465
1632750,5.603999996,0.122483495,232.7062164
1633000,6.336000004,0.122838998,232.7086414
1633250,5.25,0.122650998,232.6965723
1633500,6.596000004,0.122409998,232.6986658
1633750,5.27899992,0.122167999,232.6833295
1634000,6.136999969,0.122484999,232.6965314
1634250,5.68899992,0.122323497,232.6939783
1634500,6.527999992,0.122505996,232.7297717
1634750,5.255999947,0.122646996,232.7314899
1635000,6.403999958,0.121838499,232.7122498
1635250,5.705,0.122558998,232.7133069
1635500,6.345999966,0.122575998,232.7074591
1635750,5.226999912,0.122745996,232.6710803
1636000,6.596999969,0.122507498,232.7258435
1636250,5.275999928,0.122366997,232.7091876
1636500,6.133999996,0.122513495,232.7060303
1636750,6.133999996,0.122513495,232.7060303
1637000,5.708999958,0.122431997,232.7017841
1637250,6.563000011,0.122515997,232.7077386
1637500,5.25699995,0.122713496,232.7009808
1637750,6.444999962,0.122341996,232.7159863
1638000,5.603999996,0.122539997,232.7020679
1638250,6.328999977,0.122497495,232.6982501
1638500,5.25,0.122867998,232.6818347
1638750,6.537000027,0.122494497,232.7017694
1639000,5.784999943,0.122373495,232.7052112
1639250,6.241999855,0.122474998,232.708504
1639500,5.32,0.121995499,232.717865
1639750,6.548000031,0.122483996,232.7444818
1640000,6.025999985,0.122225497,232.7379205
1640250,5.786999989,0.122078998,232.7302301
1640500,5.47199995,0.122050997,232.724494
1640750,6.276999855,0.122191497,232.704353
1641000,6.300999985,0.122449995,232.711532
1641250,5.482999992,0.122881497,232.6971063
1641500,5.796999989,0.122483498,232.7014557
1641750,6.059999943,0.122525996,232.7115631
1642000,6.552999973,0.122723997,232.704115
1642250,5.716999931,0.122901497,232.7058588
1642500,6.198999977,0.122459996,232.732572
1642750,5.226999912,0.122703996,232.7093555
1643000,6.579000072,0.122528497,232.7207141
1643250,6.579000072,0.122528497,232.7207141
1643500,5.771999893,0.122641998,232.7379932
1643750,5.964999924,0.122616497,232.7156903
1644000,5.406999989,0.122794499,232.7243488
1644250,6.445,0.122873498,232.7153864
1644500,6.192999935,0.122733997,232.71336
1644750,5.639999943,0.122746996,232.7236176
1645000,5.627999973,0.122346997,232.7332684
1645250,6.200999889,0.122582996,232.7174658
1645500,6.446999931,0.122682496,232.7037311
1645750,5.377999935,0.122509998,232.7078107
1646000,5.883000011,0.122136997,232.7189392
1646250,6.104999866,0.122196997,232.6965759
1646500,6.574999905,0.122275998,232.735921
1646750,5.802999992,0.122480996,232.714798
1647000,6.033999958,0.122164498,232.6892328
1647250,5.32,0.122280996,232.6902954
1647500,6.543000011,0.122326498,232.7151147
1647750,5.254999962,0.122796997,232.7650085
1648000,6.438999977,0.122227996,232.7107361
1648250,5.606999874,0.122285996,232.7065863
1648500,6.36599987,0.122542497,232.7232733
1648750,5.230999928,0.122095996,232.7241357
1649000,6.599000034,0.122261996,232.7058264
1649250,5.751999931,0.122676998,232.7000177
1649500,6.061999893,0.122320996,232.7170258
1649750,6.061999893,0.122320996,232.7170258
1650000,5.285,0.122118995,232.7175769
1650250,6.589999943,0.122369495,232.7107538
1650500,5.257999935,0.122367495,232.7137366
1650750,6.395999947,0.122201497,232.7229205
1651000,5.555999928,0.122512496,232.7260974
1651250,6.325999947,0.122455997,232.7163385
1651500,6.328999939,0.122454996,232.7162592
1651750,5.511999931,0.122687995,232.6844342
1652000,5.750999966,0.122805997,232.6927209
1652250,6.099999886,0.122279997,232.7074011
1652500,6.574999905,0.122649998,232.6893219
1652750,5.293999863,0.122371996,232.7356061
1653000,5.956999931,0.122756498,232.6523743
1653250,5.783999901,0.122543496,232.6783307
1653500,6.566999989,0.123213998,232.6954248
1653750,5.263999882,0.122700998,232.7111548
1654000,6.29899992,0.122556499,232.7231085
1654250,5.691999874,0.122740996,232.7016089
1654500,6.448999939,0.122464497,232.7015942
1654750,5.251999969,0.122571997,232.6939709
1655000,6.535999966,0.122429997,232.6830829
1655250,5.677999916,0.122810497,232.7141467
1655500,6.185999928,0.122214496,232.7325635
1655750,5.230999928,0.122396998,232.6867352
1656000,6.609999943,0.122438496,232.6944318
1656250,6.609999943,0.122438496,232.6944318
1656500,5.241999874,0.122290498,232.71237
1656750,6.288999958,0.122904998,232.7125769
1657000,5.620999985,0.122833499,232.724762
1657250,6.395000019,0.122100496,232.714538
1657500,6.161999969,0.122421497,232.7199213
1657750,5.638999996,0.122514998,232.7217303
1658000,5.662999973,0.122716998,232.7453796
1658250,6.189999924,0.122667996,232.7177539
1658500,6.397000008,0.122096498,232.6999695
1658750,5.370999908,0.122582996,232.7203418
1659000,5.866999989,0.122402497,232.7223926
1659250,5.912999973,0.122520999,232.7212671
1659500,6.579000034,0.122129995,232.7108533
1659750,5.278999939,0.122769996,232.6966876
1660000,6.172000008,0.122599497,232.7002441
1660250,5.713999939,0.122552999,232.7150507
1660500,6.529000072,0.122386498,232.7478345
1660750,5.254999962,0.122582496,232.7209766
1661000,6.43199995,0.122624997,232.7111676
1661250,5.364999981,0.122130997,232.7093549
1661500,5.828999958,0.122199998,232.7056805
1661750,5.914999847,0.122807996,232.6853009
1662000,6.515,0.122689997,232.7144812
1662250,5.277999935,0.122533997,232.6926917
1662500,6.021000004,0.122305998,232.7119763
1662750,6.021000004,0.122305998,232.7119763
1663000,5.649999924,0.122088996,232.7242493
1663250,6.543999977,0.122366495,232.6954028
1663500,5.237999859,0.122518995,232.7121356
1663750,6.447999935,0.122353497,232.7024408
1664000,5.622999878,0.122472997,232.7242804
1664250,6.454999924,0.122540497,232.7153149
1664500,5.250999985,0.122695497,232.7060016
1664750,6.442000008,0.122442996,232.7194238
1665000,5.728999863,0.122196497,232.7236951
1665250,6.046999912,0.122326997,232.7086664
1665500,6.519999905,0.122419998,232.6719867
1665750,5.386999989,0.122364497,232.7334595
1666000,6.040999966,0.122537997,232.7080731
1666250,5.929999905,0.122539998,232.7205853
1666500,6.582000027,0.122416497,232.757522
1666750,5.265999889,0.122610499,232.7181769
1667000,6.261999969,0.122437496,232.7213293
1667250,5.544999962,0.122708997,232.733833
1667500,6.423999977,0.122664496,232.7324744
1667750,5.236999931,0.122200997,232.736698
1668000,6.496999931,0.122239498,232.7268024
1668250,5.686999893,0.122518997,232.7153088
1668500,6.236999855,0.123353497,232.7098108
1668750,6.43899992,0.122654498,232.6877057
1669000,5.410999928,0.122852498,232.7225531
1669250,5.410999928,0.122852498,232.7225531
1669500,5.844999981,0.122602998,232.7195215
1669750,5.923999939,0.122531495,232.7109155
1670000,5.37699995,0.122535998,232.7281049
1670250,6.477999897,0.122389496,232.6961884
1670500,6.181999931,0.122313997,232.6827142
1670750,5.68899992,0.122812998,232.7089856
1671000,6.54699995,0.122441497,232.7182574
1671250,5.255999947,0.122212498,232.7245624
1671500,6.432999954,0.122216497,232.6929694
1671750,5.624999943,0.122377998,232.6915558
1672000,6.323999939,0.122362997,232.6933142
1672250,5.25,0.122216997,232.7012653
1672500,6.600999966,0.122784995,232.7199219
1672750,5.275999889,0.122805997,232.6855243
1673000,6.156999969,0.123233497,232.7291949
1673250,5.674999943,0.122553496,232.7061224
1673500,6.538999996,0.122787496,232.7480035
1673750,6.02399992,0.122273496,232.7297699
1674000,5.759999924,0.122055996,232.7159363
1674250,5.480999908,0.122342495,232.7199048
1674500,6.321999912,0.122477996,232.7097662
1674750,6.301000004,0.122340499,232.6945752
1675000,5.514000015,0.122466497,232.7039294
1675250,5.748000011,0.122965498,232.7192432
1675500,6.051999969,0.122193,232.7670746
1675750,6.051999969,0.122193,232.7670746
1676000,6.503000011,0.122703997,232.7268164
1676250,5.312999954,0.122570496,232.7315546
1676500,6.02300005,0.122226996,232.6984863
1676750,5.786999989,0.122069999,232.7268213
1677000,6.603000011,0.122381997,232.6972748
1677250,5.26699995,0.122246996,232.7375299
1677500,6.180999966,0.122602996,232.7304584
1677750,5.622999992,0.122629996,232.6936005
1678000,6.429000034,0.122468997,232.709657
1678250,6.129000053,0.122151498,232.7350568
1678500,5.61099987,0.122055498,232.7285461
1678750,5.625999966,0.122404497,232.7344812
1679000,6.211999912,0.122523996,232.7312195
1679250,6.39199995,0.123087498,232.720387
1679500,5.389999981,0.123173496,232.7228741
1679750,5.887000008,0.122822497,232.7362189
1680000,5.896999969,0.122194997,232.7281781
1680250,6.558000031,0.122351499,232.7276807
1680500,5.277999935,0.122621996,232.7207227
1680750,6.193999977,0.122457997,232.7565875
1681000,5.664999962,0.122512995,232.7355939
1681250,5.636999989,0.122363997,232.724267
1681500,6.16699995,0.123065996,232.73448
1681750,6.438999977,0.122718498,232.7364032
1682000,5.379999981,0.122438497,232.7267865
1682250,5.379999981,0.122438497,232.7267865
1682500,5.840999985,0.122571496,232.7200085
1682750,5.923999958,0.122426998,232.7595392
1683000,6.62,0.122599497,232.731037
1683250,5.734999924,0.122717497,232.7389056
1683500,6.061999912,0.122782496,232.7132251
1683750,5.285,0.122384997,232.7178906
1684000,6.574999962,0.122531998,232.7463696
1684250,6.010999908,0.122520998,232.6868274
1684500,5.824999905,0.122290498,232.7136157
1684750,5.449999981,0.122602499,232.6947626
1685000,6.303999939,0.122672996,232.7007928
1685250,6.258999939,0.123084497,232.7306824
1685500,5.511999931,0.122425497,232.7154431
1685750,5.768999996,0.122392998,232.7262341
1686000,6.101999855,0.122444997,232.7100507
1686250,6.576999912,0.122454495,232.7068347
1686500,5.673999844,0.122667495,232.726228
1686750,6.230999908,0.122820495,232.716684
1687000,5.25,0.122435496,232.7076178
1687250,6.566999989,0.122565998,232.6920685
1687500,5.263999882,0.122622496,232.7110278
1687750,6.29899992,0.122887999,232.7465466
1688000,5.691999874,0.122423497,232.732666
1688250,6.471999912,0.122706996,232.7342596
1688500,6.172999916,0.122708997,232.7447626
1688750,6.172999916,0.122708997,232.7447626
1689000,5.688999901,0.122139997,232.7393958
1689250,5.614999981,0.122248997,232.6993854
1689500,6.185999928,0.122529495,232.7327155
1689750,6.425999966,0.122557998,232.6896881
1690000,5.395999985,0.122489998,232.6988568
1690250,5.71,0.122322997,232.703042
1690500,5.935999966,0.122504998,232.7130182
1690750,6.600999966,0.122588496,232.7228821
1691000,5.751999893,0.122368496,232.6990991
1691250,6.072999973,0.122277996,232.7311212
1691500,5.285,0.122234497,232.7037793
1691750,6.528999996,0.122454995,232.7115948
1692000,5.25699995,0.122104498,232.71685
1692250,6.444999962,0.122187494,232.716322
1692500,5.761999969,0.122237496,232.691933
1692750,6.289999962,0.122293497,232.6899701
1693000,5.224999905,0.122360496,232.7034808
1693250,6.525000057,0.121857496,232.721601
1693500,5.770999928,0.121947996,232.7143805
1693750,6.109999866,0.122102498,232.6936395
1694000,5.32,0.122319997,232.6953766
1694250,6.525000057,0.122299495,232.6861456
1694500,5.964999962,0.122440496,232.7175299
1694750,5.809999962,0.122074997,232.7064594
1695000,5.493999996,0.122615998,232.7319458
1695250,5.493999996,0.122615998,232.7319458
1695500,6.380999966,0.122917997,232.7210266
1695750,6.294999981,0.122455997,232.7030841
1696000,5.574999943,0.122116497,232.7151392
1696250,5.763000011,0.122595497,232.7062177
1696500,6.080999985,0.122305497,232.6908276
1696750,5.285,0.122601997,232.7063629
1697000,6.593999977,0.122503997,232.720697
1697250,6.006999912,0.122656998,232.7121698
1697500,5.832999916,0.122755996,232.7158423
1697750,5.432999992,0.122658999,232.7285858
1698000,6.323999882,0.122228997,232.7121631
1698250,6.225999985,0.122139498,232.7164709
1698500,5.533999977,0.122466496,232.7290985
1698750,5.729999981,0.122312998,232.7184473
1699000,6.105999889,0.122682998,232.7236664
1699250,6.486999969,0.122732996,232.7034882
1699500,5.315999928,0.122872496,232.7265314
1699750,6.047999973,0.122887498,232.7134497
1700000,5.805999928,0.122651496,232.6893774
1700250,6.615,0.122384997,232.7104498
1700500,5.264999886,0.122437996,232.6929132
1700750,6.276999931,0.122492998,232.690224
1701000,5.554999924,0.122269996,232.6806995
1701250,5.701999989,0.122159997,232.7145294
1701500,6.094999905,0.122308497,232.7274689
1701750,6.094999905,0.122308497,232.7274689
1702000,6.479999943,0.122526996,232.693656
1702250,5.335999908,0.122022997,232.7312585
1702500,5.805999985,0.122129996,232.6904614
1702750,5.83699995,0.122213495,232.6818799
1703000,6.590000038,0.122582996,232.7172089
1703250,5.877999954,0.123107997,232.7172955
1703500,5.937999973,0.122597498,232.6962653
1703750,5.371999989,0.122729497,232.6997839
1704000,6.465,0.122653496,232.7118414
1704250,6.15199995,0.122345998,232.6970032
1704500,5.675999966,0.122194497,232.7091144
1704750,5.593999996,0.122639998,232.72008
1705000,6.206000004,0.122535497,232.7157446
1705250,5.25,0.122430498,232.7268011
1705500,6.647999992,0.122841997,232.6983142
1705750,5.899999905,0.122281998,232.723147
1706000,5.914999981,0.122219996,232.7274237
1706250,5.306999989,0.122773495,232.7043365
1706500,6.418999863,0.122464997,232.7086938
1706750,6.074999962,0.122448496,232.6910284
1707000,5.671999969,0.122965499,232.7190558
1707250,5.458999977,0.122735497,232.7184991
1707500,6.178999977,0.122974998,232.6956195
1707750,6.434999981,0.123007997,232.7181635
1708000,5.560999966,0.122603996,232.6995148
1708250,5.560999966,0.122603996,232.6995148
1708500,5.897000027,0.122666996,232.7378607
1708750,5.947999954,0.122811997,232.7116412
1709000,6.403999996,0.122553496,232.7290485
1709250,5.80699995,0.122281496,232.7128021
1709500,6.082999954,0.122695995,232.7100598
1709750,5.275999985,0.122862996,232.7257733
1710000,6.586999989,0.122542498,232.7095178
1710250,5.984999943,0.121905497,232.7227185
1710500,5.825999832,0.121850496,232.7226373
1710750,5.407999935,0.122289996,232.7284064
1711000,6.352999992,0.121819496,232.7346124
1711250,6.254999943,0.122056997,232.713291
1711500,5.547999954,0.122798496,232.6950891
1711750,5.716999989,0.122787997,232.6754578
1712000,6.104999905,0.123089996,232.7077765
1712250,5.25,0.122847997,232.7290167
1712500,6.561000004,0.122367498,232.7246014
1712750,5.983999901,0.122099996,232.6969257
1713000,5.76899992,0.122404996,232.6923517
1713250,5.458999977,0.122650998,232.7023999
1713500,6.369999981,0.122275998,232.6965546
1713750,5.25,0.122685997,232.7214557
1714000,6.596000004,0.122420996,232.7267792
1714250,5.760999908,0.122398998,232.7089697
1714500,6.087999935,0.122746998,232.740625
1714750,6.087999935,0.122746998,232.740625
1715000,6.56199995,0.122687498,232.757569
1715250,5.333999939,0.122453496,232.7418256
1715500,5.96,0.122673497,232.7387555
1715750,5.809999962,0.122054996,232.7247485
1716000,6.562000027,0.122306998,232.7419867
1716250,5.267999935,0.122553495,232.7356171
1716500,6.277999954,0.122679496,232.7405212
1716750,5.66199995,0.122121995,232.742417
1717000,6.574000034,0.122706497,232.7527307
1717250,5.256999931,0.122754498,232.7723792
1717500,6.490999966,0.122177998,232.7550916
1717750,5.324999924,0.122336996,232.7308087
1718000,5.893000011,0.122762495,232.7358344
1718250,5.83699995,0.122861497,232.7146027
1718500,6.450000019,0.122536497,232.724856
1718750,5.848999939,0.122302496,232.7296185
1719000,5.97199995,0.122547996,232.7220483
1719250,5.336999989,0.122426996,232.7265149
1719500,6.471999989,0.122341998,232.7295532
1719750,6.115999928,0.122794997,232.7387
1720000,5.651999931,0.122407496,232.7196503
1720250,5.593999996,0.122436498,232.7239465
1720500,6.206999989,0.122447496,232.7046094
1720750,5.25,0.122467498,232.7421228
1721000,6.751999969,0.121945498,232.7430853
1721250,6.751999969,0.121945498,232.7430853
1721500,5.896999893,0.122203497,232.7357953
1721750,5.972999897,0.122400497,232.7158948
1722000,5.294999943,0.121982499,232.7561407
1722250,6.452000008,0.122339997,232.7232086
1722500,6.090999928,0.122595998,232.7454108
1722750,5.671999969,0.122499497,232.7368359
1723000,5.597999973,0.122102998,232.7132239
1723250,6.257999916,0.122063497,232.7274823
1723500,5.25,0.122617496,232.7136572
1723750,6.562000027,0.122529497,232.7507654
1724000,5.720999908,0.122472496,232.7464508
1724250,5.945999947,0.122339495,232.7425452
1724500,5.371999989,0.122354496,232.7313605
1724750,6.478999977,0.122711495,232.7365515
1725000,5.996999969,0.122908495,232.7142017
1725250,5.695999928,0.122781996,232.7180652
1725500,5.571999989,0.122777496,232.7090417
1725750,6.212999916,0.123070996,232.7305457
1726000,6.387999954,0.122557497,232.7324219
1726250,5.408999958,0.122455495,232.7202417
1726500,5.868999977,0.122703496,232.7222351
1726750,5.969999905,0.122974997,232.6998737
1727000,6.478999996,0.122660498,232.6950043
1727250,5.327999954,0.122697997,232.717243
1727500,6.115999966,0.122619997,232.7257794
1727750,6.115999966,0.122619997,232.7257794
1728000,5.668999939,0.122614998,232.7070972
1728250,5.594999981,0.122232496,232.7224683
1728500,6.233999939,0.122209996,232.7143817
1728750,6.40199995,0.122496495,232.7050897
1729000,5.532999992,0.122763998,232.6907281
1729250,5.840999985,0.122529498,232.6962903
1729500,5.94399992,0.122547499,232.7241309
1729750,6.545999985,0.122546498,232.6915381
1730000,5.290999908,0.122527498,232.7152423
1730250,6.118999958,0.122257496,232.7048822
1730500,5.727999954,0.122656997,232.6834943
1730750,6.531999912,0.122298499,232.7144788
1731000,5.232999897,0.122045997,232.711814
1731250,6.374999924,0.122347996,232.7186212
1731500,5.600999928,0.122585997,232.7196655
1731750,6.519999981,0.122636996,232.723689
1732000,6.252999935,0.122867999,232.7027716
1732250,5.546999969,0.122871497,232.7287323
1732500,5.723999996,0.122507997,232.7156274
1732750,6.082999954,0.122347496,232.7106909
1733000,6.513999996,0.122882995,232.7068518
1733250,5.317999973,0.122564497,232.7162677
1733500,6.010999985,0.122438997,232.6872791
1733750,5.813999958,0.122635997,232.7061646
1734000,6.625999908,0.122484495,232.695708
1734250,6.625999908,0.122484495,232.695708
1734500,5.239999866,0.122601497,232.7151501
1734750,6.224999981,0.122672997,232.7077698
1735000,5.603999977,0.122888997,232.7083154
1735250,6.462000027,0.122418997,232.697489
1735500,6.100999947,0.122873997,232.6917303
1735750,5.671999969,0.122522497,232.6982098
1736000,5.597999973,0.122806996,232.711084
1736250,6.257999916,0.122367496,232.7310486
1736500,6.414999943,0.122347498,232.7257465
1736750,5.560999966,0.122323495,232.716651
1737000,5.805999985,0.122281496,232.6944391
1737250,5.947999954,0.122604996,232.6983612
1737500,6.528000011,0.122540999,232.7073767
1737750,5.287999916,0.122610496,232.7282074
1738000,6.12699995,0.122396497,232.6971051
1738250,5.735999928,0.122369997,232.7123743
1738500,6.568999977,0.122474998,232.6956201
1738750,5.233999882,0.122538999,232.7006219
1739000,6.360999985,0.122783998,232.7148413
1739250,5.596999989,0.122604499,232.7083289
1739500,6.356000004,0.122539497,232.6685376
1739750,5.250999985,0.123438497,232.701217
1740000,6.619999981,0.122871997,232.7124908
1740250,5.28699995,0.122906996,232.7282489
1740500,6.097999992,0.122873996,232.7084351
1740750,6.097999992,0.122873996,232.7084351
1741000,5.668999939,0.122428497,232.7199927
1741250,6.57,0.122415498,232.7046021
1741500,5.980999908,0.122656498,232.6990271
1741750,5.805999928,0.122632495,232.7338513
1742000,5.475999966,0.122274496,232.7351477
1742250,6.372999954,0.122501998,232.7440906
1742500,5.25,0.122585495,232.7175226
1742750,6.547999897,0.122145997,232.701637
1743000,5.72399992,0.122252995,232.7183093
1743250,6.253999901,0.122223998,232.7430176
1743500,5.246999989,0.122473995,232.7285193
1743750,6.44800005,0.122627998,232.7402203
1744000,5.959999924,0.122291997,232.742569
1744250,5.845999947,0.122511997,232.7256189
1744500,6.588999996,0.122875497,232.7117169
1744750,5.270999908,0.122567497,232.7271313
1745000,6.249999962,0.122735496,232.7372925
1745250,5.547999954,0.122906499,232.731842
1745500,5.716999989,0.122569998,232.6901233
1745750,6.108999939,0.122680495,232.72513
1746000,6.538999958,0.122401996,232.7361224
1746250,5.329999943,0.122213498,232.721441
1746500,5.973999977,0.122534996,232.7042511
1746750,5.823999939,0.122511999,232.7235382
1747000,5.458999977,0.122690497,232.7365222
1747250,5.458999977,0.122690497,232.7365222
1747500,6.369999962,0.122204998,232.7027783
1747750,6.235999985,0.122615497,232.709787
1748000,5.532999992,0.122446499,232.7055225
1748250,5.729999981,0.122396996,232.7216821
1748500,6.114999905,0.122488996,232.7111688
1748750,6.552999935,0.122157997,232.6915649
1749000,5.412999954,0.122547998,232.6794507
1749250,5.96,0.122396995,232.7211603
1749500,5.809999962,0.122324497,232.7147565
1749750,6.562000027,0.122211998,232.7177692
1750000,5.26899992,0.122835997,232.7340729
1750250,6.27699995,0.122752496,232.7106165
1750500,5.696999931,0.123146997,232.7089539
1750750,6.49199995,0.122771496,232.7242438
1751000,5.252999973,0.122937497,232.7351862
1751250,6.476999989,0.122348997,232.7298749
1751500,5.62,0.122712497,232.7288904
 , ,0.122540998,232.7104865
 , , , 
