Name,Out_Active_Power_Station_6,Out_Current_Station_6,Out_Voltage_Station_6
0,5.510999985,0.122716498,232.7414886
250,6.283999939,0.122750995,232.7032666
500,6.355999966,0.123039996,232.7141272
750,5.642999954,0.122686498,232.7257538
1000,6.404999981,0.123087498,232.7208368
1250,5.250999985,0.122698496,232.7032397
1500,6.511000004,0.122486495,232.7247998
1750,5.684999943,0.122683498,232.7110101
2000,6.139999981,0.123021997,232.7352509
2250,6.479999981,0.122985995,232.6971552
2500,5.665,0.122917997,232.7432758
2750,6.278999977,0.123073496,232.7239069
3000,5.25,0.122936497,232.6972095
3250,6.624999962,0.122831499,232.6951312
3500,5.824999886,0.123053497,232.7078809
3750,6.03399992,0.122643997,232.6855328
4000,5.285,0.122712496,232.7136029
4250,5.285,0.122712496,232.7136029
4500,6.529999981,0.122402497,232.7135382
4750,6.046999912,0.122857495,232.7278894
5000,5.719999943,0.123149497,232.7106592
5250,6.626000023,0.122543997,232.746004
5500,5.257999935,0.122666497,232.7213635
5750,6.32699995,0.122765997,232.7025854
6000,5.617999935,0.122789997,232.6872504
6250,6.413999977,0.122885497,232.7130975
6500,6.218999958,0.122647997,232.7037054
6750,5.57,0.123205496,232.704339
7000,5.729999981,0.122725496,232.700625
7250,6.131999969,0.122598496,232.7263055
7500,6.534999962,0.122952496,232.7435699
7750,5.339999924,0.122972498,232.7208508
8000,5.954999943,0.123321998,232.730827
8250,5.827999916,0.122847497,232.7314105
8500,6.593000011,0.122545998,232.7269501
8750,5.834999847,0.122530996,232.7315936
9000,5.997999897,0.123125497,232.7554657
9250,5.32,0.122929997,232.7407837
9500,6.488999977,0.123089495,232.6997949
9750,6.092999954,0.122809496,232.7069141
10000,5.673999977,0.122710996,232.7323706
10250,6.552000065,0.122738997,232.7194507
10500,5.963999939,0.122657997,232.7269482
10750,5.963999939,0.122657997,232.7269482
11000,5.827999973,0.122866498,232.7289447
11250,5.458999977,0.122981498,232.7289868
11500,6.384999981,0.122949997,232.6990649
11750,6.262999973,0.123139997,232.7129004
12000,5.63199995,0.123107997,232.7156171
12250,6.479999981,0.122881497,232.71229
12500,6.090999928,0.122787997,232.7048767
12750,5.699999943,0.123155997,232.7256726
13000,5.571999989,0.122912498,232.7084015
13250,6.265999889,0.122570995,232.6928741
13500,6.378999939,0.122640496,232.7416449
13750,5.444999943,0.122877496,232.7122974
14000,5.813999996,0.123004996,232.7261292
14250,5.973999939,0.122907496,232.7228979
14500,6.589999981,0.122591496,232.7476587
14750,5.726999931,0.122864497,232.7027856
15000,6.11899992,0.122669497,232.7161798
15250,5.25,0.122515497,232.7132111
15500,6.595999966,0.122872996,232.7189374
15750,5.981999912,0.122444996,232.7042181
16000,5.823999939,0.123041497,232.7198517
16250,6.593000011,0.122773998,232.7179694
16500,5.852999878,0.122779996,232.7160498
16750,5.995999908,0.122706496,232.7173688
17000,5.355,0.122848996,232.7145575
17250,5.355,0.122848996,232.7145575
17500,6.452000008,0.122998496,232.6939288
17750,6.099999962,0.122867997,232.7082739
18000,5.706999969,0.122647996,232.697666
18250,6.534000053,0.122954997,232.7007788
18500,5.966999931,0.123066498,232.7074408
18750,5.800999966,0.122923498,232.702193
19000,6.588000031,0.122756998,232.6880164
19250,5.26899992,0.122796496,232.7086816
19500,6.27699995,0.122789498,232.6893854
19750,5.66199995,0.123001496,232.6905145
20000,6.420000019,0.123018497,232.7128833
20250,6.143999939,0.122850998,232.7150488
20500,5.743999958,0.123084495,232.7218011
20750,6.606000004,0.122663498,232.7153809
21000,6.029999943,0.122590998,232.7138904
21250,5.776999989,0.122629995,232.7238727
21500,6.645999985,0.122935495,232.7325061
21750,5.266999893,0.122592497,232.7284338
22000,6.31,0.122571496,232.7035693
22250,5.655,0.123027498,232.7132983
22500,6.44800005,0.122885997,232.7034814
22750,6.105999947,0.122832496,232.7127057
23000,5.667999935,0.122662496,232.6960822
23250,6.539999981,0.122889996,232.715813
23500,5.98899992,0.122933495,232.7050079
23750,5.98899992,0.122933495,232.7050079
24000,5.805999928,0.123016998,232.7066168
24250,5.492999954,0.122917498,232.6914319
24500,6.373999939,0.122600998,232.6923712
24750,6.299999924,0.123001996,232.7095898
25000,5.654000015,0.122856498,232.7052112
25250,6.439999981,0.122565997,232.6899146
25500,6.173999977,0.122933997,232.7238434
25750,5.667999935,0.122652497,232.704563
26000,5.601999969,0.122966998,232.704873
26250,6.241999912,0.123195999,232.7111713
26500,6.439999962,0.123126497,232.714032
26750,5.675999889,0.122883497,232.7046045
27000,6.330999908,0.123003498,232.6855786
27250,5.25,0.122712497,232.7163361
27500,6.569999981,0.122592996,232.7014673
27750,5.775999908,0.122696996,232.7164343
28000,6.051999912,0.122654497,232.7271362
28250,5.285,0.122961997,232.7075635
28500,6.54699995,0.123296997,232.7378033
28750,6.038999901,0.123111996,232.7297302
29000,5.754999943,0.122613498,232.730307
29250,6.591000004,0.123089497,232.6987872
29500,5.263999901,0.122852997,232.7078754
29750,6.329999962,0.122873996,232.721474
30000,5.63199995,0.122963997,232.695658
30250,5.63199995,0.122963997,232.695658
30500,6.438999977,0.123126996,232.6808441
30750,6.158999939,0.122529995,232.7183228
31000,5.674999943,0.122705996,232.708139
31250,6.536999989,0.123149998,232.7061151
31500,6.02399992,0.123029996,232.7034113
31750,5.767999954,0.123094495,232.710788
32000,5.536999969,0.122600498,232.7016968
32250,6.322999916,0.122770996,232.7164478
32500,6.345999947,0.122823996,232.7489374
32750,5.679999924,0.123100998,232.7230103
33000,6.44199995,0.122959996,232.6995062
33250,6.218999958,0.122628497,232.7276819
33500,5.713999939,0.122888996,232.6969537
33750,6.515,0.122894996,232.7318274
34000,5.254999962,0.122790998,232.7009131
34250,6.442999973,0.122589996,232.7157867
34500,5.604999981,0.122895998,232.7112903
34750,6.26,0.122894998,232.7044348
35000,5.25,0.122782996,232.7016003
35250,6.637999973,0.122922996,232.6799677
35500,5.821999893,0.122891998,232.6958881
35750,6.057999916,0.123014998,232.7162012
36000,6.58699995,0.122460997,232.7021301
36250,5.712999897,0.122727996,232.7017865
36500,6.190999908,0.122461497,232.6922498
36750,6.190999908,0.122461497,232.6922498
37000,5.25,0.122768495,232.6960114
37250,6.574000053,0.122443999,232.7085364
37500,5.975999928,0.122221497,232.7234192
37750,5.858999996,0.122665999,232.7291016
38000,6.536000023,0.122725995,232.6893195
38250,5.275999947,0.122698496,232.7052826
38500,6.207999954,0.123008998,232.6884277
38750,5.713999939,0.122617498,232.6925079
39000,6.562000008,0.122350497,232.6969843
39250,5.253999958,0.122942998,232.7015387
39500,6.464999962,0.123145997,232.7060272
39750,5.598999958,0.122813497,232.7136487
40000,6.275999928,0.122806496,232.715379
40250,6.322999954,0.122967498,232.7088843
40500,5.599999924,0.123162497,232.7167316
40750,6.381999969,0.122869996,232.7150037
41000,5.251999969,0.122759497,232.6934662
41250,6.520999985,0.123016,232.7456897
41500,5.711999912,0.122573495,232.7041937
41750,6.094999924,0.122927996,232.7223627
42000,5.25,0.122503997,232.7175848
42250,6.566000004,0.122814995,232.7010815
42500,5.950999908,0.122756497,232.7152045
42750,5.845999985,0.122917496,232.6896912
43000,6.554000034,0.122869497,232.7115399
43250,6.554000034,0.122869497,232.7115399
43500,5.833999939,0.122852498,232.7206104
43750,5.965999966,0.123037996,232.7188245
44000,5.355,0.122801496,232.7234021
44250,6.495,0.122407997,232.7150409
44500,6.141999931,0.122816498,232.7310339
44750,5.751999969,0.123141497,232.7006104
45000,6.574000034,0.123002998,232.7171533
45250,5.992999916,0.122786496,232.712652
45500,5.83699995,0.122798499,232.6993231
45750,5.449999981,0.123164496,232.7207965
46000,6.353999958,0.122882497,232.7127313
46250,6.249999962,0.122749499,232.6948267
46500,5.551999989,0.122699998,232.7303052
46750,5.712999992,0.122498999,232.7145313
47000,6.110999908,0.122866497,232.7019391
47250,6.464999943,0.122837497,232.7158978
47500,5.654999943,0.123197999,232.7476343
47750,6.242999954,0.122765498,232.6957855
48000,5.25,0.122550496,232.7061041
48250,6.593000011,0.122776998,232.7335382
48500,5.852999878,0.122818996,232.710321
48750,5.961999931,0.122685996,232.7242261
49000,6.558999996,0.122511497,232.7044086
49250,5.742999897,0.122955497,232.7155145
49500,6.097999916,0.122959498,232.7054163
49750,6.097999916,0.122959498,232.7054163
50000,5.285,0.122772498,232.7274799
50250,6.561000023,0.122573997,232.705722
50500,5.994999924,0.122798495,232.726272
50750,5.83699995,0.122874996,232.7237384
51000,6.615,0.122670494,232.7099847
51250,5.870999928,0.123043997,232.7177075
51500,5.973999939,0.123139996,232.7315308
51750,5.336999989,0.122861497,232.7179559
52000,6.470999985,0.122821496,232.728985
52250,6.150999947,0.122695995,232.7106445
52500,5.747999935,0.122832998,232.7111316
52750,6.587999973,0.122746496,232.6986102
53000,5.258999939,0.123195997,232.7181219
53250,6.410999985,0.122620498,232.7369611
53500,5.603999996,0.122833997,232.7169458
53750,6.336000004,0.122954497,232.7036115
54000,6.272999992,0.122717997,232.7163715
54250,5.523999996,0.122823497,232.7312189
54500,5.738999996,0.122920497,232.7160577
54750,6.085999947,0.123010498,232.7146442
55000,6.527999973,0.122831998,232.7021619
55250,5.688999939,0.122813496,232.7020441
55500,6.22199995,0.122619497,232.7079224
55750,5.25,0.122569498,232.7036829
56000,6.601000042,0.122741498,232.7183453
56250,6.601000042,0.122741498,232.7183453
56500,5.846999931,0.122574498,232.7247681
56750,5.94199995,0.122792497,232.7035931
57000,5.371999989,0.123117495,232.6974756
57250,6.487999954,0.122655496,232.6981146
57500,6.146999931,0.122754996,232.6997681
57750,5.655999985,0.123150497,232.7316754
58000,6.525000038,0.122555497,232.7036658
58250,6.030999947,0.122718497,232.6889801
58500,5.758999977,0.122384997,232.6922638
58750,5.519999981,0.122637497,232.7063306
59000,6.32199995,0.122184497,232.7074011
59250,6.327999973,0.122609998,232.7021625
59500,5.666999969,0.122602498,232.6757385
59750,6.445,0.122783995,232.6949152
60000,5.250999985,0.122782495,232.7252356
60250,6.507000008,0.122795995,232.722041
60500,5.680999947,0.123101998,232.7057312
60750,6.163999939,0.123267997,232.7057935
61000,6.45699995,0.123163497,232.7007471
61250,5.375999947,0.122829496,232.6868097
61500,5.918999996,0.123029996,232.6989941
61750,5.905999947,0.123245999,232.7184595
62000,6.545000019,0.122969997,232.6885553
62250,5.782999935,0.122769997,232.7117859
62500,6.015999947,0.122927997,232.7166168
62750,6.015999947,0.122927997,232.7166168
63000,6.511000004,0.122908998,232.7101538
63250,5.310999947,0.122714997,232.6801764
63500,6.051999989,0.122639998,232.6838007
63750,5.781999931,0.122508999,232.6792096
64000,6.618999996,0.122614497,232.6850647
64250,5.262999916,0.123317495,232.7229883
64500,6.318999958,0.122613995,232.7303455
64750,5.58399992,0.122786496,232.7085852
65000,6.414999962,0.123220496,232.7401874
65250,6.182999935,0.123077496,232.7362335
65500,5.65199995,0.122657996,232.690058
65750,6.521999989,0.122894496,232.6891718
66000,5.254999962,0.122640497,232.7050726
66250,6.442999973,0.122886496,232.6940747
66500,5.665,0.122727996,232.7144415
66750,6.278999977,0.122624497,232.7103558
67000,6.322999954,0.122649996,232.7053296
67250,5.599999924,0.122813998,232.699057
67500,6.399999962,0.123116997,232.68685
67750,5.251999969,0.123175497,232.6957556
68000,6.590999947,0.123147496,232.7193317
68250,5.73399992,0.123916997,232.7104492
68500,6.174999905,0.123842496,232.7077399
68750,6.487999935,0.123535498,232.6831622
69000,5.636999912,0.123310497,232.7020746
69250,5.636999912,0.123310497,232.7020746
69500,6.301999855,0.123796997,232.6965881
69750,6.367999916,0.123584498,232.7032825
70000,5.674999866,0.123536494,232.7176794
70250,6.952999916,0.123295994,232.7042645
70500,5.994999905,0.123554496,232.7288568
70750,5.336999989,0.123571497,232.7322913
71000,6.496999989,0.123260996,232.7298572
71250,6.105999908,0.123338496,232.7082092
71500,5.757999916,0.123676997,232.6964001
71750,6.896999912,0.123774997,232.7242755
72000,6.259999962,0.123635997,232.7216412
72250,6.367999973,0.123465996,232.7228906
72500,5.670999928,0.123595996,232.7142883
72750,6.357000008,0.123601497,232.6959717
73000,6.232999973,0.123683496,232.7039392
73250,5.708999882,0.123776998,232.6895776
73500,6.506999969,0.123550497,232.7153607
73750,6.105999908,0.123537995,232.7163721
74000,5.687999935,0.123519498,232.7189917
74250,6.594999962,0.123299497,232.7063232
74500,5.983999901,0.123469996,232.7141388
74750,5.823999939,0.123380497,232.6908832
75000,6.592000008,0.123533497,232.6818884
75250,5.852999878,0.123610495,232.6928101
75500,5.961999931,0.123508497,232.6894989
75750,5.961999931,0.123508497,232.6894989
76000,6.558999996,0.123235999,232.6701947
76250,5.744999886,0.123490998,232.7114917
76500,6.131999912,0.123904995,232.702218
76750,6.552999935,0.123558999,232.7281293
77000,5.681999912,0.123389997,232.7079938
77250,6.183999977,0.123327996,232.7081061
77500,6.414999943,0.123458495,232.7054285
77750,5.680999947,0.123591996,232.7033936
78000,6.383999939,0.123079496,232.7133197
78250,6.27699995,0.123520997,232.6990118
78500,5.696999931,0.123395496,232.7102026
78750,6.427000027,0.123494997,232.700506
79000,6.141999931,0.123551997,232.707345
79250,5.747999935,0.123309498,232.6973877
79500,6.518000011,0.123655998,232.7028589
79750,6.027999954,0.123457497,232.7023132
80000,5.776999989,0.123222498,232.7067621
80250,6.596000061,0.123774495,232.689931
80500,5.895999928,0.123591496,232.6923871
80750,5.914999981,0.123471496,232.6903955
81000,6.607999954,0.127426995,232.7175928
81250,60.97899698,0.864845972,232.5649945
81500,227.9039948,1.157211976,232.4862988
81750,254.6239966,1.169122968,232.4944098
82000,254.25,1.168155961,232.4951373
82250,254.25,1.168155961,232.4951373
82500,253.1049963,1.166914477,232.4856207
82750,253.6729932,1.165900993,232.5150177
83000,252.9129932,1.164811993,232.5035236
83250,253.5709918,1.164535475,232.5097052
83500,252.5,1.163743982,232.4952423
83750,252.64,1.162602491,232.5095801
84000,253.6959918,1.161904469,232.5054352
84250,252.3129974,1.161558957,232.5037054
84500,251.0679877,1.160681963,232.5009875
84750,252.4129932,1.160652981,232.5293622
85000,252.4749908,1.159829483,232.5078168
85250,252.4749908,1.159564471,232.502356
85500,251.1249951,1.15902648,232.4986249
85750,251.7969971,1.158249989,232.4922522
86000,251.8219922,1.158177462,232.5042261
86250,251.1049951,1.157711487,232.495155
86500,251.9199969,1.157199459,232.5056818
86750,250.7519855,1.156747475,232.5316595
87000,252.0689941,1.156359458,232.507818
87250,250.8039893,1.15614449,232.4970184
87500,250.7499847,1.155511465,232.4861542
87750,250.7499847,1.155495486,232.4974762
88000,250.7499847,1.154872971,232.5051465
88250,250.7499847,1.154244452,232.4830823
88500,250.4739935,1.154167495,232.4894659
88750,250.4739935,1.154167495,232.4894659
89000,250.5960022,1.153908453,232.5127277
89250,250.7250061,1.153118505,232.5047705
89500,250.7250061,1.152934489,232.4983765
89750,249.4499988,1.152742472,232.4994177
90000,250.6680011,1.152657485,232.4779285
90250,249.9169995,1.152189484,232.5124646
90500,250.2069995,1.151841946,232.5045941
90750,250.4640033,1.151339464,232.4918024
91000,249.7169965,1.150898447,232.4862805
91250,249.6480005,1.150283971,232.5027631
91500,250.3929974,1.150338955,232.4848663
91750,249.02,1.149914474,232.4839697
92000,249.938999,1.149436479,232.5087219
92250,249.3289978,1.149427495,232.5054895
92500,249.4339978,1.148850474,232.5317413
92750,249.6869989,1.148584981,232.5011847
93000,248.886994,1.148154984,232.49302
93250,248.9749908,1.147528977,232.501441
93500,248.9749908,1.147235465,232.5098505
93750,248.9749908,1.147599473,232.4924316
94000,248.9749908,1.14727849,232.538385
94250,248.9749908,1.146723485,232.5211218
94500,248.9749908,1.146390481,232.5201233
94750,248.9749908,1.145905976,232.5273151
95000,248.5799915,1.145909986,232.5085864
95250,248.5799915,1.145909986,232.5085864
95500,247.8930005,1.145797973,232.5016656
95750,248.8029956,1.145072975,232.5052417
96000,248.6999915,1.144991479,232.5381464
96250,247.5719952,1.144526486,232.5090161
96500,248.9739905,1.144271493,232.5044415
96750,247.5619946,1.144072981,232.5312256
97000,248.3579895,1.14400146,232.5311072
97250,247.8359961,1.143442488,232.5237616
97500,247.6399951,1.143181467,232.5002411
97750,248.0719946,1.142808461,232.5058557
98000,248.0989941,1.142557974,232.4943451
98250,247.7089948,1.142272472,232.503194
98500,247.562998,1.142035456,232.4990338
98750,247.8379919,1.141839504,232.4836963
99000,247.2080035,1.141469483,232.5261694
99250,246.8539966,1.140291491,232.4940802
99500,247.2240057,1.140382977,232.5185773
99750,248.2399957,1.140417962,232.5074048
100000,247.4079938,1.140544987,232.5115381
100250,246.9869989,1.14007596,232.5110254
100500,247.2250061,1.139874964,232.5219641
100750,247.2250061,1.139560962,232.5334015
101000,247.2250061,1.139643478,232.5481805
101250,247.2250061,1.138702455,232.4986664
101500,245.7389972,1.138364968,232.4854547
101750,245.7389972,1.138364968,232.4854547
102000,247.0010004,1.138180938,232.516792
102250,247.2250061,1.13773097,232.5299298
102500,246.197998,1.137840457,232.5202563
102750,246.5349921,1.13755497,232.5005853
103000,247.2030029,1.137314467,232.5264844
103250,245.9829974,1.136263981,232.5104755
103500,246.7549988,1.136614456,232.5060907
103750,245.562995,1.136285968,232.4960724
104000,246.4259967,1.136217966,232.5208588
104250,246.6669983,1.135445981,232.5025385
104500,245.8299939,1.13563396,232.5306329
104750,246.5889978,1.135318956,232.4966034
105000,245.4749908,1.134891992,232.5073145
105250,246.845,1.13475595,232.5190851
105500,245.1849945,1.134291468,232.4863214
105750,245.3169958,1.134458456,232.5053058
106000,246.4389954,1.134274478,232.4983136
106250,245.5429913,1.133768978,232.5129785
106500,245.0989972,1.133279967,232.5057678
106750,245.2429974,1.133076444,232.5153296
107000,245.2749969,1.132652965,232.512746
107250,246.0929968,1.132736473,232.515625
107500,245.7789941,1.132575483,232.5280566
107750,245.3839978,1.132339969,232.5372809
108000,244.5059985,1.131874971,232.4924573
108250,244.5059985,1.131874971,232.4924573
108500,244.4919904,1.131502481,232.519762
108750,245.2289972,1.131589961,232.4896033
109000,245.4499969,1.131273475,232.5157385
109250,245.4499969,1.130968466,232.5251636
109500,245.1709979,1.130783973,232.5147858
109750,244.0389954,1.130267968,232.5041687
110000,245.1099963,1.130036459,232.5231622
110250,244.3689935,1.130166469,232.5370984
110500,244.8429907,1.129755964,232.518241
110750,245.2729962,1.129468465,232.5182654
111000,244.3529962,1.129216962,232.5222675
111250,244.797995,1.129019465,232.5111621
111500,243.9039966,1.128741479,232.521947
111750,244.3469952,1.127996459,232.4821222
112000,244.6039935,1.127815962,232.5190906
112250,243.621994,1.127837968,232.5169379
112500,244.2089941,1.128005466,232.545282
112750,244.0769934,1.12741797,232.5053632
113000,244.6799963,1.127208467,232.5005688
113250,243.6719952,1.127338986,232.5247382
113500,244.411991,1.126803484,232.5146765
113750,243.7629901,1.12625247,232.5087286
114000,243.5269885,1.125968957,232.5197919
114250,243.3429889,1.12585947,232.5291968
114500,244.8239948,1.126040974,232.5287781
114750,244.8239948,1.126040974,232.5287781
115000,243.5059882,1.12545898,232.5126953
115250,243.2589856,1.125377951,232.5217139
115500,243.3209875,1.125156956,232.5161926
115750,243.6939844,1.125017986,232.5202338
116000,243.3749884,1.125010471,232.5367139
116250,243.3829895,1.124512973,232.5168817
116500,243.4869879,1.124019971,232.5371295
116750,243.2869861,1.124234467,232.529184
117000,243.6479871,1.123591452,232.5361951
117250,243.2549866,1.123273482,232.5301794
117500,242.2020001,1.123207464,232.5329437
117750,243.2190045,1.123129964,232.511026
118000,243.3399994,1.122819471,232.525553
118250,241.9119971,1.122230988,232.4951306
118500,243.5929913,1.122279973,232.5304407
118750,243.2509851,1.121887493,232.5172034
119000,242.3029999,1.121794467,232.5332892
119250,242.807998,1.121408963,232.5123779
119500,242.5989941,1.121264973,232.5394995
119750,242.0649976,1.121180978,232.5117133
120000,243.2449921,1.120806975,232.5049713
120250,242.3199933,1.120844479,232.5065454
120500,242.2189978,1.120600972,232.5012201
120750,242.8569977,1.120284476,232.4941467
121000,242.2889935,1.120244484,232.5275397
121250,242.2889935,1.120244484,232.5275397
121500,242.3119922,1.120244479,232.486098
121750,241.8509949,1.11957747,232.5040662
122000,242.7729987,1.119674463,232.4951147
122250,241.7499945,1.119512467,232.5049939
122500,242.7399994,1.11943747,232.5031543
122750,241.9509979,1.119030962,232.5134589
123000,241.5,1.118330464,232.5049835
123250,241.5649969,1.118075495,232.4825214
123500,243.0509955,1.118115959,232.4996991
123750,241.8769983,1.117843456,232.5119073
124000,241.5689984,1.117874455,232.4979626
124250,241.7709961,1.11706296,232.5427051
124500,241.5,1.117494464,232.5182092
124750,241.7019965,1.116967964,232.5272742
125000,241.5689984,1.116729999,232.5009955
125250,241.8149951,1.116894469,232.5121069
125500,241.5089996,1.116244988,232.5068402
125750,240.5789954,1.114369946,232.5227527
126000,241.0929926,1.110651984,232.5005078
126250,239.3789966,1.103302984,232.510827
126500,233.2649994,1.075065484,232.534176
126750,234.8049963,1.09535995,232.5168732
127000,235.6599963,1.097235475,232.5315302
127250,236.3139966,1.094770465,232.5468481
127500,237.2029901,1.093963456,232.5192914
127750,237.2029901,1.093963456,232.5192914
128000,233.333996,1.090821495,232.5186487
128250,233.8259937,1.086037989,232.5361523
128500,232.75,1.078740487,232.4932837
128750,224.7789935,1.023436975,232.5425385
129000,220.0599945,1.05228199,232.5155328
129250,207.8299957,0.931185482,232.5477515
129500,203.1499969,1.030430968,232.5254016
129750,213.6319983,0.973007467,232.558479
130000,209.5159985,1.026013975,232.5333478
130250,204.777998,0.910537977,232.5960333
130500,191.3429987,1.002108481,232.5352936
130750,191.3259955,0.818166471,232.5829517
131000,172.8070001,0.978212979,232.5164569
131250,187.0719971,0.860922971,232.6138507
131500,182.9839966,0.993934481,232.5551526
131750,192.9559973,0.864510491,232.5885791
132000,180.8429956,0.944783974,232.5251935
132250,193.0939984,0.851665473,232.588714
132500,170.9179974,0.920150974,232.559104
132750,188.542995,0.87329597,232.5717615
133000,180.1239996,0.929145472,232.5367993
133250,180.8209949,0.822242963,232.6007947
133500,153.5379968,0.804172976,232.6095648
133750,150.9839978,0.745070467,232.5912817
134000,146.526998,0.875334473,232.5541071
134250,146.526998,0.875334473,232.5541071
134500,174.1659961,0.796230502,232.6078577
134750,154.1459985,0.921481466,232.534585
135000,179.8529974,0.706295481,232.6298584
135250,131.6619974,0.876942492,232.5597241
135500,177.6959998,0.826159492,232.5888177
135750,165.4419989,0.933540998,232.5409717
136000,178.9819965,0.757006989,232.6024982
136250,138.5969977,0.802117481,232.5956683
136500,160.7009979,0.768409977,232.6020319
136750,137.0889954,0.770065975,232.5902509
137000,151.8129999,0.761638474,232.6026367
137250,146.9479968,0.793032992,232.6038275
137500,161.9759943,0.785036979,232.5827222
137750,130.3310004,0.597296973,232.638385
138000,88.87099609,0.655707977,232.6163159
138250,127.4539993,0.622554474,232.6400269
138500,106.4809976,0.731035478,232.5857806
138750,141.8259967,0.654495463,232.61216
139000,86.10499725,0.670804977,232.6001416
139250,137.9889954,0.708147979,232.62677
139500,129.5220007,0.721994991,232.5843304
139750,135.1309985,0.596657991,232.6572333
140000,73.4069989,0.571489983,232.6293494
140250,105.4109982,0.666453478,232.6304193
140500,118.9649988,0.703939486,232.606427
140750,118.9649988,0.703939486,232.606427
141000,132.5189972,0.742858484,232.6017133
141250,139.5469965,0.692701981,232.6292853
141500,111.482998,0.685742488,232.627666
141750,133.9549966,0.70194896,232.6009357
142000,116.5969958,0.653946471,232.6017041
142250,107.7529987,0.583343985,232.6552997
142500,80.21199799,0.583915982,232.630484
142750,111.1809973,0.620323982,232.6112891
143000,108.3169958,0.709082484,232.5866797
143250,147.6309955,0.777723467,232.59526
143500,137.5899994,0.746474984,232.6349988
143750,140.6699969,0.731814964,232.6037756
144000,118.0449951,0.657302487,232.6645526
144250,116.0559961,0.613443985,232.6504663
144500,96.68199768,0.629056988,232.6338251
144750,120.2759964,0.643052981,232.6235944
145000,80.74299896,0.523090996,232.6496338
145250,90.91199768,0.585771477,232.6355847
145500,87.81699646,0.552539494,232.6651392
145750,96.17599854,0.518755989,232.648092
146000,54.08899948,0.40958799,232.7266199
146250,72.83099884,0.512002486,232.6755554
146500,82.28899811,0.527441974,232.6477625
146750,87.28299896,0.546307483,232.6688342
147000,76.65699829,0.469063985,232.6665771
147250,76.65699829,0.469063985,232.6665771
147500,71.36999847,0.465441988,232.6585071
147750,60.85899902,0.412780991,232.7069318
148000,58.63199951,0.410867988,232.6582678
148250,52.27699921,0.374029992,232.6307867
148500,61.98399963,0.394115993,232.6603217
148750,38.89599915,0.341107991,232.6596912
149000,58.62199951,0.439556487,232.6660828
149250,54.10599899,0.370590992,232.6803125
149500,58.74999954,0.427610987,232.6636267
149750,63.39099915,0.42437749,232.6708588
150000,65.76499771,0.437375484,232.666994
150250,44.00399918,0.288945992,232.6795789
150500,28.71799904,0.273215993,232.6818439
150750,37.42199936,0.341848495,232.6816754
151000,45.50700027,0.347977494,232.6911298
151250,48.49399933,0.351648991,232.6442853
151500,36.5829995,0.250037996,232.6950989
151750,23.33899956,0.231981992,232.7101483
152000,18.92299973,0.223430495,232.6943866
152250,23.82399956,0.244501498,232.7118579
152500,22.76399887,0.22927449,232.7060168
152750,21.88699936,0.259906494,232.7034882
153000,35.07899895,0.313557985,232.7115802
153250,40.12499832,0.316403493,232.6910553
153500,36.00599884,0.287002497,232.6823523
153750,36.00599884,0.287002497,232.6823523
154000,31.60599922,0.283353488,232.6825391
154250,30.78899864,0.300356985,232.6724896
154500,47.44000015,0.409146484,232.6886194
154750,62.45099823,0.44098999,232.6719867
155000,58.96099854,0.392234485,232.6794189
155250,56.61899872,0.447117988,232.6488184
155500,73.53799774,0.533214487,232.6628009
155750,74.94399796,0.412919991,232.7015228
156000,53.60399872,0.379248492,232.6692023
156250,33.5979995,0.243074992,232.6728021
156500,30.95199944,0.337596492,232.6720667
156750,41.57599991,0.306644992,232.676441
157000,40.1809996,0.352867984,232.6652026
157250,39.08199921,0.291508988,232.6888904
157500,40.40699928,0.394402992,232.661178
157750,40.5419986,0.269007993,232.6788733
158000,41.25799881,0.423954993,232.645011
158250,46.12399902,0.258091992,232.6785297
158500,28.65099892,0.332499988,232.6479858
158750,45.46500183,0.355365489,232.6400604
159000,56.76399902,0.451951498,232.6474426
159250,55.58999924,0.327944994,232.6723456
159500,36.19999939,0.330420495,232.6506824
159750,34.25,0.261713493,232.6828491
160000,33.3369989,0.410924491,232.6790918
160250,33.3369989,0.410924491,232.6790918
160500,54.34799927,0.353395494,232.6983075
160750,54.61300003,0.475443993,232.6615466
161000,68.40699951,0.392368497,232.6782489
161250,62.78699921,0.536597478,232.6529993
161500,82.59499603,0.495394486,232.6342169
161750,78.87099792,0.551735489,232.6391949
162000,78.52799835,0.43064149,232.6475763
162250,68.69799911,0.536860981,232.6101532
162500,75.64599808,0.400609486,232.6862012
162750,60.08899933,0.603067484,232.6523047
163000,89.95299927,0.467491485,232.6687756
163250,68.43099854,0.571600988,232.6393701
163500,91.28999786,0.497994492,232.6756012
163750,82.26099792,0.627876986,232.6262177
164000,95.34499756,0.453400989,232.6766913
164250,56.17599869,0.572275476,232.6156903
164500,95.31499695,0.529451995,232.6577063
164750,82.26099365,0.557080488,232.6710278
165000,85.35499878,0.507910993,232.6709113
165250,77.20999771,0.625964501,232.6481952
165500,114.127998,0.620930486,232.6131128
165750,92.25999878,0.619679978,232.60242
166000,117.7119977,0.637501485,232.6280084
166250,106.8339978,0.687296982,232.6148279
166500,130.4579984,0.613528988,232.6543866
166750,130.4579984,0.613528988,232.6543866
167000,75.52299927,0.662978985,232.5933527
167250,127.5859967,0.646067488,232.6225226
167500,94.18999756,0.660131476,232.6388361
167750,143.623996,0.676085987,232.6348419
168000,106.8359964,0.696325476,232.5962415
168250,137.9419971,0.700446472,232.6379846
168500,93.93099854,0.677095985,232.6421881
168750,135.7889978,0.683793478,232.6297803
169000,100.0449969,0.613783481,232.6167719
169250,119.1909955,0.618406487,232.668338
169500,79.71199768,0.609311484,232.6437567
169750,130.8759976,0.73358798,232.6050421
170000,117.2109964,0.681755476,232.6091376
170250,132.950997,0.674858487,232.611795
170500,98.46199829,0.618083992,232.6350275
170750,119.1289984,0.65468848,232.6203387
171000,73.80199844,0.565664482,232.620625
171250,119.372998,0.683381982,232.6274249
171500,102.8429956,0.596502988,232.6536353
171750,119.058999,0.697110474,232.620473
172000,115.1669998,0.624306979,232.6393939
172250,93.93499847,0.603103476,232.6333527
172500,103.4330002,0.596080483,232.6561713
172750,75.90099854,0.502936988,232.6448755
173000,87.89099762,0.572055486,232.6510431
173250,87.89099762,0.572055486,232.6510431
173500,70.67599823,0.467613986,232.6383472
173750,89.13099792,0.57462899,232.6463123
174000,83.7819989,0.497494484,232.650636
174250,70.0169989,0.431000986,232.6505383
174500,33.59299957,0.377104491,232.6819135
174750,70.8339978,0.517148989,232.6790088
175000,51.29099869,0.359523995,232.6874664
175250,57.42399811,0.483473487,232.64724
175500,65.23399841,0.408199985,232.6684821
175750,46.23399933,0.348473489,232.6664124
176000,51.75399933,0.402187991,232.6700348
176250,41.58699966,0.310716988,232.6794165
176500,40.87799896,0.394262483,232.687345
176750,32.8479995,0.255856491,232.7253473
177000,29.81399921,0.297927988,232.6671521
177250,25.78900002,0.240204993,232.6765076
177500,23.89899979,0.253875495,232.6934015
177750,18.71899929,0.262313492,232.6921942
178000,40.20399933,0.370209484,232.6830737
178250,32.78699944,0.261600494,232.6791003
178500,36.52399921,0.376443487,232.6646655
178750,43.96099991,0.285364995,232.693609
179000,20.5589996,0.2021555,232.6963867
179250,23.74499973,0.28307699,232.68638
179500,25.79099911,0.202932493,232.7208826
179750,25.79099911,0.202932493,232.7208826
180000,10.47999973,0.175653996,232.7036987
180250,11.68099968,0.167740993,232.7010968
180500,11.00199974,0.165606997,232.7095154
180750,10.84599964,0.169527998,232.7119202
181000,12.20399952,0.168224996,232.7155463
181250,11.24299953,0.167175495,232.6930823
181500,10.56999992,0.170793993,232.6965784
181750,12.66499958,0.174704493,232.7090027
182000,11.35899967,0.163479996,232.6952826
182250,11.34399967,0.168047494,232.7062097
182500,10.23099964,0.150531496,232.6979858
182750,9.482000084,0.160603998,232.7180994
183000,12.80499966,0.172105494,232.6958582
183250,11.27399967,0.173290493,232.6946765
183500,14.5379995,0.205186991,232.7032275
183750,14.71200001,0.180941994,232.6943219
184000,11.38299961,0.167969497,232.6860419
184250,12.99899963,0.172316496,232.7219543
184500,13.14799976,0.180137498,232.7040344
184750,13.15999989,0.177250994,232.7061383
185000,12.25,0.169960493,232.6785211
185250,12.25,0.171250996,232.7020099
185500,13.38799969,0.172682993,232.7123047
185750,11.59499958,0.187303494,232.6979144
186000,19.6589994,0.245613496,232.6964587
186250,19.6589994,0.245613496,232.6964587
186500,21.48600021,0.197566997,232.72198
186750,12.37899971,0.183384994,232.7153699
187000,15.91499962,0.193784494,232.7153613
187250,14.85999992,0.190554495,232.7047955
187500,13.57899963,0.184887996,232.6860004
187750,17.90099968,0.225309995,232.6729388
188000,20.95899872,0.215106995,232.663985
188250,18.73799942,0.230711994,232.6732013
188500,22.85699989,0.219703497,232.7252716
188750,21.42399929,0.260181988,232.6789777
189000,26.51299927,0.234774492,232.6779364
189250,26.64599907,0.327998993,232.6719226
189500,42.99799942,0.290628501,232.6930438
189750,22.85999916,0.256257497,232.7002039
190000,22.3229995,0.245767497,232.688139
190250,30.3669989,0.33464349,232.6924908
190500,41.39699921,0.281593491,232.7148431
190750,22.65499939,0.253780499,232.7266174
191000,32.73899948,0.257445494,232.7288574
191250,26.54799969,0.364197481,232.6885455
191500,46.93399902,0.331605485,232.6794269
191750,28.52300003,0.350276493,232.6909619
192000,46.79499878,0.322101495,232.6713776
192250,31.51199913,0.334431995,232.6955145
192500,45.50099869,0.313983496,232.6614166
192750,45.50099869,0.313983496,232.6614166
193000,19.45099945,0.306484498,232.6852972
193250,38.75599899,0.300298991,232.6875385
193500,35.00299988,0.347315991,232.6918024
193750,50.51999924,0.344052984,232.6932574
194000,37.0819989,0.332868001,232.6863129
194250,49.19899872,0.389687498,232.7095227
194500,49.40299957,0.421212496,232.6770026
194750,64.86399811,0.455666994,232.6737305
195000,51.08599869,0.395372488,232.6833063
195250,73.14099808,0.513449491,232.6577625
195500,73.50299866,0.472871984,232.6728839
195750,59.27799942,0.409160002,232.6731775
196000,68.07699783,0.457205992,232.6719147
196250,57.35199844,0.437915485,232.683009
196500,80.69799866,0.548054483,232.6671936
196750,75.11399994,0.495795984,232.6523157
197000,89.1909993,0.555538477,232.6569781
197250,60.87900055,0.404291495,232.6400891
197500,71.66599808,0.528480988,232.6358118
197750,64.69699768,0.455324985,232.6606262
198000,87.48599854,0.610634477,232.6402356
198250,86.28099609,0.526625491,232.6630267
198500,102.6049982,0.665704494,232.623092
198750,103.0339978,0.565358984,232.6416809
199000,70.47300003,0.464042989,232.664162
199250,70.47300003,0.464042989,232.664162
199500,86.92899857,0.632234488,232.6242908
199750,73.57099747,0.470213984,232.6594672
200000,97.12499695,0.684512484,232.6216412
200250,95.46099701,0.429181982,232.670434
200500,28.67899925,0.365249991,232.6873871
200750,74.41899872,0.556929988,232.6333954
201000,102.8539966,0.68063647,232.6431952
201250,130.7149973,0.721707993,232.6053241
201500,123.2719974,0.673139977,232.6365045
201750,115.5909979,0.663085475,232.6589783
202000,114.1059967,0.686649985,232.6595758
202250,140.9409985,0.741500993,232.5935535
202500,127.6949988,0.679889987,232.6462268
202750,107.0749973,0.644389491,232.6507623
203000,119.8899985,0.700847993,232.6517853
203250,126.7229971,0.700107474,232.6186029
203500,136.5489941,0.72808399,232.609433
203750,120.5689972,0.698158479,232.640202
204000,144.0779956,0.772448466,232.5881464
204250,146.4109973,0.809293478,232.568067
204500,149.1169995,0.714411974,232.6220197
204750,104.7909979,0.586426485,232.6410107
205000,111.007998,0.751830471,232.5921716
205250,179.2839954,0.96261399,232.5337073
205500,208.2790021,0.983696477,232.5429028
205750,208.2790021,0.983696477,232.5429028
206000,210.8889948,0.984416983,232.5428033
206250,210.4939954,0.991609976,232.5500159
206500,211.1889984,0.989442475,232.5346436
206750,211.5649927,0.996380489,232.552019
207000,220.9999939,1.024813466,232.5541364
207250,142.2709943,0.553950984,232.6371399
207500,71.00299957,0.516964489,232.6400903
207750,95.14799896,0.643486986,232.6092249
208000,99.62899658,0.579735489,232.6489471
208250,86.71699921,0.458301991,232.6430646
208500,58.62399986,0.78035898,232.543891
208750,200.0919958,0.988141463,232.5662347
209000,213.9300024,1.000816975,232.5620026
209250,209.7409943,0.998151474,232.5335938
209500,213.3469965,0.985496457,232.5436273
209750,185.1339966,0.76533648,232.620802
210000,112.762998,0.645720487,232.6268323
210250,85.32799942,0.391620486,232.6692328
210500,39.93299904,0.426224487,232.6576831
210750,52.43999924,0.340810483,232.6871301
211000,80.74199814,0.833742976,232.5670758
211250,204.6769934,0.986570981,232.553692
211500,212.8849988,0.998917985,232.5641766
211750,213.0200031,0.997304986,232.5503949
212000,211.228996,0.996007969,232.5490204
212250,211.228996,0.996007969,232.5490204
212500,219.6889978,1.043291483,232.5284406
212750,140.1389969,0.498117987,232.6836835
213000,27.38699928,0.269434488,232.6970422
213250,21.8979995,0.236930994,232.7028845
213500,23.25199898,0.235802492,232.6894421
213750,24.39699989,0.233406998,232.7158502
214000,21.50300003,0.200499994,232.6956897
214250,18.63999985,0.218386993,232.6851709
214500,23.4029998,0.218612495,232.6913635
214750,20.38200035,0.216500495,232.6888171
215000,20.7559996,0.209628494,232.7012396
215250,16.68299942,0.187608997,232.6979376
215500,19.90999985,0.218663996,232.6789929
215750,21.01899979,0.219089994,232.678208
216000,23.14599991,0.228957493,232.6822571
216250,22.68899933,0.235832491,232.6729224
216500,22.47499977,0.193194997,232.7022113
216750,19.00199997,0.217436994,232.6870959
217000,21.3829995,0.218465497,232.7028601
217250,21.52899979,0.219077997,232.7095837
217500,22.30599983,0.227092999,232.706059
217750,32.91099876,0.294166993,232.6953058
218000,28.3999987,0.221607996,232.7092828
218250,20.11499969,0.214525998,232.6760095
218500,19.70899933,0.216083497,232.6933459
218750,19.70899933,0.216083497,232.6933459
219000,23.24099998,0.223142991,232.6772821
219250,19.99999962,0.202404991,232.6808276
219500,18.7059993,0.204428496,232.6714331
219750,19.07299995,0.211949995,232.6792267
220000,19.22500038,0.211516494,232.6814429
220250,19.22500038,0.207649492,232.6720032
220500,18.73500034,0.190048996,232.6857544
220750,14.20299976,0.201939493,232.6944672
221000,21.0029995,0.212484491,232.7086499
221250,18.9829998,0.204425493,232.6967853
221500,20.81499908,0.210685994,232.6788397
221750,21.73699921,0.225807994,232.6906982
222000,17.06099968,0.190082996,232.6704156
222250,20.00499924,0.204841995,232.6826642
222500,18.13599976,0.201808996,232.6807611
222750,19.19999886,0.207149997,232.6599884
223000,18.64299969,0.203679997,232.7011554
223250,17.08999989,0.184632497,232.6936737
223500,17.4589994,0.20666649,232.6717645
223750,20.50899933,0.204873995,232.6838599
224000,18.37200005,0.211332495,232.6683051
224250,19.53199944,0.208664496,232.6895703
224500,23.37599907,0.211249995,232.6925037
224750,14.46999977,0.184618993,232.7007611
225000,17.41299896,0.204512996,232.7032416
225250,17.41299896,0.204512996,232.7032416
225500,19.51699928,0.201925495,232.6919342
225750,16.9549992,0.196359496,232.6999792
226000,17.3669997,0.173826495,232.6892737
226250,15.79599972,0.198426496,232.7007147
226500,18.00199997,0.199306999,232.6862585
226750,19.12899994,0.205056995,232.7014673
227000,19.96800003,0.219190491,232.6700671
227250,20.97499847,0.229448491,232.6664496
227500,21.34299866,0.204311994,232.7070996
227750,34.05399948,0.314513497,232.6998981
228000,31.64699944,0.205977496,232.7098889
228250,15.66499916,0.190383998,232.7172028
228500,14.8529998,0.185901998,232.6938751
228750,14.87099953,0.166531497,232.6984259
229000,13.53499962,0.188676992,232.6947156
229250,18.68599968,0.195635495,232.7051135
229500,17.51199997,0.197474996,232.6724072
229750,18.58399994,0.207387994,232.6722357
230000,19.22500038,0.207666996,232.6905463
230250,19.22500038,0.208994989,232.7178967
230500,21.1270002,0.209093996,232.7094019
230750,18.82499962,0.214794499,232.6993793
231000,21.70799973,0.216313994,232.7150189
231250,20.94400002,0.212016995,232.71797
231500,20.17799973,0.256540993,232.6650232
231750,20.17799973,0.256540993,232.6650232
232000,36.61899963,0.250754998,232.6806891
232250,20.80599998,0.224619496,232.6942346
232500,22.72500038,0.241202992,232.6774335
232750,26.59699913,0.232764494,232.670177
233000,23.93599937,0.241764991,232.6517773
233250,26.72599937,0.251816495,232.6742108
233500,29.75799973,0.251003995,232.698866
233750,25.56199936,0.24928999,232.6707874
234000,27.11399963,0.244016994,232.6765961
234250,26.25,0.245075992,232.7004095
234500,28.19499901,0.261512993,232.6977698
234750,35.87299919,0.313935992,232.7022247
235000,36.47299934,0.274336995,232.7013531
235250,39.65299927,0.339932996,232.6741235
235500,40.16899811,0.293673495,232.6719879
235750,43.19799942,0.374857483,232.6690912
236000,50.37399841,0.344132986,232.6455402
236250,46.26099854,0.371303494,232.6616272
236500,42.45399902,0.307772495,232.7084167
236750,59.09299782,0.479078488,232.6517627
237000,66.31599884,0.412819991,232.6696356
237250,54.26699875,0.389534491,232.6647711
237500,62.94699707,0.458302993,232.671004
237750,77.1589975,0.520229975,232.6210077
238000,78.1639978,0.446490483,232.6714575
238250,78.1639978,0.446490483,232.6714575
238500,74.06899857,0.566613486,232.6253082
238750,82.92399597,0.423959486,232.6392889
239000,44.83199982,0.302616493,232.6680676
239250,40.31099899,0.354870487,232.6755054
239500,54.84399826,0.419059989,232.6601221
239750,66.70099747,0.428880981,232.6378015
240000,57.02499802,0.36859449,232.6790656
240250,57.41899918,0.431327982,232.6846265
240500,65.82500031,0.432535487,232.6987213
240750,62.64099915,0.416717995,232.6742645
241000,66.79199829,0.459459485,232.6515704
241250,69.62299896,0.465127994,232.6705634
241500,71.58699905,0.446562482,232.6540411
241750,67.30799911,0.465430487,232.6808649
242000,69.8019989,0.434467986,232.6721869
242250,57.94099808,0.44153149,232.6505518
242500,64.77199799,0.37383599,232.6794507
242750,62.29399857,0.506575993,232.6639783
243000,83.75999756,0.465334992,232.6670844
243250,55.90499847,0.439617989,232.6832355
243500,68.5139975,0.448972486,232.6965924
243750,64.82799942,0.422782987,232.6757385
244000,65.15999786,0.423632493,232.6616168
244250,72.26299896,0.517345992,232.6577545
244500,81.54599945,0.49755098,232.6606818
244750,81.54599945,0.49755098,232.6606818
245000,67.37399826,0.42706349,232.6858832
245250,57.11899887,0.380847998,232.6810107
245500,52.72799896,0.415981988,232.6635687
245750,70.95599823,0.436602495,232.6578754
246000,60.93099915,0.421278992,232.6719397
246250,57.98499893,0.368591993,232.7048181
246500,43.98399872,0.363681484,232.6666821
246750,58.9679982,0.435609983,232.6695874
247000,67.17399719,0.458459984,232.6610168
247250,67.47499756,0.411278995,232.6579706
247500,55.94999863,0.384193491,232.6723779
247750,48.20299896,0.323484495,232.6902637
248000,34.13099937,0.336063987,232.686825
248250,59.51499832,0.465854981,232.6731476
248500,72.70699921,0.451342987,232.6911365
248750,57.8879982,0.409375991,232.7169147
249000,60.7689978,0.48920699,232.6765479
249250,80.62299896,0.46435798,232.681394
249500,58.16999954,0.364580489,232.6771765
249750,52.53999863,0.372206992,232.6956268
250000,52.68799805,0.400783992,232.6807294
250250,60.87099808,0.433466488,232.667489
250500,63.02699844,0.396331482,232.6637659
250750,42.79999863,0.314244493,232.6921027
251000,45.96999924,0.388624489,232.6815961
251250,45.96999924,0.388624489,232.6815961
251500,63.70799881,0.420598992,232.6855713
251750,47.42099823,0.347425992,232.6718097
252000,46.17499893,0.341662991,232.6996021
252250,38.11700012,0.34670549,232.7102338
252500,63.76399895,0.427291992,232.6864178
252750,41.01199921,0.331845986,232.6887036
253000,43.77199936,0.355035495,232.6783551
253250,50.17499802,0.369278995,232.6896832
253500,52.90999969,0.37182449,232.6687451
253750,45.02299973,0.318269992,232.7011768
254000,31.25999893,0.249648493,232.722514
254250,26.08199966,0.302755487,232.7000482
254500,49.54699936,0.374454489,232.7040594
254750,34.07299911,0.239355994,232.6966895
255000,21.72799942,0.219091994,232.6975842
255250,22.20499962,0.260908995,232.6939148
255500,38.67899902,0.329393492,232.6838489
255750,30.20000038,0.266688491,232.6965369
256000,32.2109993,0.293051491,232.6744019
256250,33.84699997,0.319876996,232.6871692
256500,57.18099792,0.431928992,232.647099
256750,39.57199898,0.310939991,232.6808667
257000,46.24099899,0.382203482,232.6800916
257250,37.95099953,0.269181494,232.6766681
257500,32.3339994,0.286967492,232.6822412
257750,32.3339994,0.286967492,232.6822412
258000,31.30599953,0.286096995,232.6638812
258250,42.73899918,0.346746491,232.669339
258500,35.47799919,0.311122992,232.6878815
258750,54.5239975,0.43485999,232.6799133
259000,45.57099884,0.286587493,232.6772247
259250,29.63499939,0.284160993,232.6892163
259500,32.10999939,0.321533493,232.7086572
259750,63.26599899,0.498750983,232.6724896
260000,61.92099915,0.37522948,232.6687927
260250,61.09899841,0.448425483,232.6806195
260500,58.62699814,0.345465494,232.7002179
260750,52.50399979,0.456835989,232.6455524
261000,46.79799889,0.347466491,232.6788965
261250,59.21499825,0.506794487,232.6525787
261500,59.11599884,0.335311985,232.6513617
261750,50.97899887,0.435437486,232.6406671
262000,76.60799866,0.527047486,232.6682025
262250,76.38799789,0.434703487,232.679248
262500,59.65899841,0.411987987,232.672948
262750,55.62799881,0.378989501,232.6896277
263000,53.26899918,0.393165987,232.6928906
263250,56.70599915,0.419556491,232.6777069
263500,77.08599976,0.556885993,232.6682794
263750,83.11999939,0.455933988,232.6470819
264000,52.88799835,0.344370483,232.691322
264250,52.88799835,0.344370483,232.691322
264500,44.88999939,0.378125986,232.6841547
264750,60.02099854,0.448228989,232.6898163
265000,67.39699722,0.429939988,232.6888531
265250,69.25399918,0.477971492,232.6237384
265500,75.69199829,0.484661988,232.6624176
265750,82.52799896,0.549487476,232.6624103
266000,90.22599762,0.549518487,232.6527368
266250,90.51699768,0.596504488,232.6349146
266500,101.804996,0.637925496,232.6119299
266750,111.4649973,0.630617988,232.6539392
267000,112.3409979,0.673678973,232.6223462
267250,123.9409961,0.716259477,232.6410895
267500,126.506994,0.707825956,232.6128723
267750,126.1789975,0.729193985,232.5934753
268000,131.7569989,0.715281489,232.6290826
268250,128.6979953,0.763857474,232.6141632
268500,155.8029993,0.846542997,232.5653442
268750,176.1039972,0.914602461,232.5626007
269000,186.4259943,0.902627954,232.570907
269250,172.6109991,0.830027471,232.6098834
269500,162.1039972,0.848524477,232.5810992
269750,170.8269971,0.898362973,232.5785522
270000,186.3219946,0.887875476,232.5731952
270250,180.595993,0.917610481,232.5869226
270500,185.0499988,0.922417464,232.5558362
270750,185.0499988,0.922417464,232.5558362
271000,191.2059937,0.937752974,232.5769397
271250,188.1169965,0.89784848,232.5681207
271500,169.4209937,0.814317479,232.5923688
271750,150.9519983,0.767770486,232.6010321
272000,147.3099957,0.790422475,232.5999805
272250,156.1399969,0.818283467,232.5819867
272500,158.5119952,0.80473398,232.6034271
272750,148.6549976,0.779602492,232.6108252
273000,147.1560004,0.784743972,232.5918256
273250,149.4349988,0.756769485,232.6262012
273500,139.137995,0.779420986,232.5750433
273750,150.1459973,0.750434473,232.5985712
274000,138.3729974,0.767492969,232.6108972
274250,150.2849976,0.783655956,232.6200842
274500,145.1929962,0.740708983,232.6007458
274750,129.0099945,0.690918987,232.6079602
275000,122.1649973,0.670833497,232.5938507
275250,117.8359961,0.662143981,232.6159784
275500,118.241998,0.649645486,232.6313196
275750,113.7469983,0.678571494,232.6222668
276000,126.222999,0.672927985,232.6274652
276250,115.6789969,0.653807485,232.6167157
276500,117.4399976,0.682487485,232.6128082
276750,125.0649963,0.698783484,232.6387463
277000,124.3549954,0.671316485,232.6384918
277250,124.3549954,0.671316485,232.6384918
277500,110.3449973,0.626697979,232.6429559
277750,109.6449994,0.604842491,232.6130011
278000,101.5489975,0.599749992,232.6406689
278250,103.1729984,0.62556699,232.6470331
278500,111.6429974,0.625384977,232.6134479
278750,101.8979984,0.580148478,232.6288727
279000,96.54199829,0.549065475,232.6447168
279250,79.39499847,0.494014481,232.6511145
279500,80.44399597,0.504016994,232.6409033
279750,79.97099854,0.441332986,232.6909625
280000,58.53999985,0.407585495,232.6989056
280250,70.51199844,0.435383487,232.6811469
280500,53.96399872,0.373949993,232.6937714
280750,65.2639975,0.459213479,232.6630133
281000,65.1379985,0.392524995,232.6614917
281250,46.78499924,0.341796991,232.6875366
281500,41.72799957,0.297953992,232.6854425
281750,37.3959996,0.30246449,232.6880328
282000,39.37799927,0.292214489,232.6969873
282250,37.05099838,0.307746489,232.6934167
282500,45.52499969,0.331212485,232.6686517
282750,38.46299911,0.296795992,232.6758325
283000,40.0319989,0.317862989,232.6759698
283250,35.46799919,0.269505492,232.6804822
283500,30.62199966,0.256562991,232.701427
283750,30.62199966,0.256562991,232.701427
284000,27.68699974,0.257083994,232.6963226
284250,29.08699982,0.257748492,232.6933081
284500,29.83499939,0.252853491,232.7073865
284750,27.08699982,0.251480494,232.7077716
285000,28.46299927,0.251233494,232.671806
285250,28.35299973,0.254877493,232.6757214
285500,28.2229995,0.254947494,232.7135199
285750,29.03399979,0.267142996,232.690802
286000,35.16299973,0.30310949,232.6790955
286250,38.325,0.284579999,232.6633881
286500,30.0929995,0.261371996,232.7068286
286750,29.75,0.284265492,232.6751788
287000,43.0879985,0.315099488,232.6982153
287250,35.03499893,0.283736994,232.7226642
287500,34.79399895,0.28767699,232.6698254
287750,34.70599907,0.285271993,232.6600922
288000,39.65899948,0.341318998,232.6993951
288250,51.92499924,0.354478487,232.6936755
288500,48.24199982,0.339309494,232.6921313
288750,49.28,0.35982998,232.649444
289000,55.02899933,0.40074299,232.6792126
289250,63.02199982,0.464594991,232.6386267
289500,68.09299744,0.454354994,232.6775446
289750,75.40399841,0.502450483,232.6476086
290000,78.24499878,0.473666487,232.6927795
290250,78.24499878,0.473666487,232.6927795
290500,85.52599762,0.567241983,232.645788
290750,92.49300049,0.537324975,232.6718817
291000,83.6139978,0.520534503,232.6491937
291250,98.16999908,0.66106298,232.6085535
291500,124.5009964,0.738308477,232.6050446
291750,142.9530017,0.773745987,232.6152582
292000,135.5820026,0.703282487,232.6256091
292250,122.3149991,0.72438797,232.593985
292500,139.5540002,0.771274483,232.6009052
292750,148.497998,0.782086484,232.5851379
293000,144.5039984,0.753736985,232.6203131
293250,149.308996,0.807279985,232.5727704
293500,159.7459973,0.832884476,232.5625061
293750,163.3359943,0.835945489,232.5600092
294000,160.6819965,0.808971484,232.5938739
294250,157.545,0.85575398,232.5807562
294500,178.0019958,0.917283466,232.5961157
294750,184.9859949,0.886044979,232.6141858
295000,167.4059973,0.811476991,232.6235394
295250,165.0659973,0.941621473,232.5377618
295500,202.5929962,0.998864477,232.5322186
295750,210.4969946,0.993185484,232.569339
296000,204.0009937,0.967744968,232.5495709
296250,202.2239923,0.989544969,232.5585699
296500,215.4559906,1.05542747,232.4826587
296750,215.4559906,1.05542747,232.4826587
297000,223.8089917,1.017919991,232.5341211
297250,211.1949963,1.009589984,232.561698
297500,213.588999,0.999755981,232.5233856
297750,206.2669922,0.986051962,232.5667212
298000,206.1869971,0.985401978,232.5466425
298250,210.5729968,1.024789467,232.5375842
298500,223.1009979,1.10145998,232.521347
298750,244.9159961,1.136679993,232.5055701
299000,242.1829956,1.113424478,232.5051538
299250,236.8599976,1.085248976,232.511875
299500,231.9159943,1.102339959,232.4904523
299750,242.0939954,1.13613997,232.5096521
300000,242.6609955,1.11397748,232.5365479
300250,237.3709949,1.108989954,232.490705
300500,236.1459924,1.083141975,232.5102667
300750,228.6389954,1.035421977,232.5289386
301000,212.2969928,1.052104459,232.5182275
301250,229.5019983,1.043169484,232.5157941
301500,220.8149963,1.025708466,232.5460516
301750,215.8749982,1.033103471,232.5134906
302000,226.8129999,1.079061985,232.5233453
302250,231.2059955,1.065144472,232.5023059
302500,225.6069958,1.032399483,232.5316486
302750,213.9109943,0.987338464,232.5402887
303000,205.7409943,1.007489464,232.5279468
303250,205.7409943,1.007489464,232.5279468
303500,222.2439929,1.032904477,232.5448187
303750,215.0639929,1.037931981,232.5252423
304000,230.1139966,1.083458958,232.5078107
304250,232.1429956,1.073490973,232.5140045
304500,226.0129944,1.026728978,232.5630194
304750,213.3779932,1.021564491,232.5356421
305000,221.1129968,1.03064496,232.5347369
305250,213.7799963,0.98787499,232.5356915
305500,205.3149896,0.944763982,232.5428821
305750,186.1159937,0.916021471,232.5510986
306000,194.3909979,0.928326967,232.5432104
306250,180.1129962,0.873195479,232.567323
306500,177.5049969,0.856394479,232.5650012
306750,167.8129987,0.842143476,232.5540729
307000,171.421994,0.863620987,232.5753156
307250,169.2450043,0.82074198,232.5966254
307500,156.5899969,0.790052984,232.6230273
307750,143.7779932,0.764485483,232.5992896
308000,142.3479987,0.73753248,232.5791461
308250,132.2819971,0.717458999,232.6115942
308500,123.1449969,0.668378475,232.610163
308750,111.9809991,0.60733448,232.6453125
309000,89.25999878,0.529099994,232.659563
309250,86.89400055,0.546222489,232.6663629
309500,80.94700043,0.494879993,232.6192261
309750,80.94700043,0.494879993,232.6192261
310000,77.35299866,0.512862487,232.6678888
310250,86.39099945,0.531223488,232.669585
310500,81.89900024,0.50810099,232.6752179
310750,87.3889975,0.526915979,232.6716833
311000,78.92699768,0.476048487,232.6574817
311250,72.41899872,0.466527485,232.6508173
311500,72.40599823,0.453898489,232.6639148
311750,63.72199799,0.409164486,232.6699719
312000,47.85499893,0.323562992,232.666001
312250,50.7679985,0.351971993,232.6561554
312500,40.77299896,0.300571495,232.6874506
312750,37.04899979,0.290760996,232.6814026
313000,39.40699951,0.295568489,232.6852008
313250,36.52199905,0.300417489,232.6824762
313500,39.9469989,0.301010499,232.6674432
313750,41.11499954,0.322208492,232.7026508
314000,45.07300034,0.319687495,232.6751959
314250,43.24699982,0.313858986,232.6813635
314500,42.94299896,0.315471492,232.6965381
314750,42.34699905,0.308412991,232.7217963
315000,39.7619989,0.307606993,232.6638171
315250,42.16099884,0.310013485,232.6867706
315500,43.86800034,0.320136993,232.7044153
315750,43.0619986,0.31883049,232.6916742
316000,44.63399948,0.321335492,232.6840417
316250,44.63399948,0.321335492,232.6840417
316500,50.95299896,0.34221999,232.7074255
316750,43.59399811,0.318744993,232.6981305
317000,44.40199875,0.31393699,232.7004663
317250,43.33999954,0.317093991,232.6683856
317500,43.49799881,0.326286988,232.6796735
317750,46.83899918,0.315128486,232.6871387
318000,42.76499817,0.318474993,232.6804657
318250,45.47500229,0.325078983,232.6946527
318500,45.25999771,0.319562494,232.6845624
318750,43.06999954,0.315764488,232.6737048
319000,44.12100037,0.315686493,232.6907397
319250,42.68199921,0.317728992,232.6845892
319500,45.42200134,0.329660493,232.6847406
319750,48.25500031,0.322682495,232.6922974
320000,41.17099899,0.311003993,232.6929932
320250,43.59800003,0.310854484,232.7300995
320500,43.24499954,0.317457992,232.6831622
320750,45.24499969,0.340022993,232.6492413
321000,55.09199875,0.377844983,232.6560748
321250,52.78299988,0.334753498,232.6756976
321500,45.03800018,0.328279494,232.6827222
321750,46.5479982,0.325043494,232.6839545
322000,53.12399765,0.444410489,232.6587524
322250,79.39999786,0.538523488,232.645116
322500,91.43599792,0.582894483,232.6147308
322750,91.43599792,0.582894483,232.6147308
323000,103.3819986,0.642940481,232.6311932
323250,111.9319928,0.621722994,232.6717712
323500,109.5859958,0.679013987,232.6228107
323750,120.6559961,0.622893474,232.6678754
324000,106.5849985,0.664612975,232.6371069
324250,119.2669974,0.690494981,232.6149469
324500,127.3309952,0.701218481,232.6650812
324750,118.323999,0.632158988,232.6436829
325000,108.5269943,0.65370899,232.65401
325250,123.8419974,0.737653978,232.5940674
325500,136.3789932,0.715044982,232.6429608
325750,130.0549988,0.748555479,232.6149231
326000,143.3669977,0.784072974,232.6150037
326250,149.4709979,0.760069497,232.6330273
326500,140.5749976,0.774485986,232.6376984
326750,150.2439984,0.810897977,232.604234
327000,161.3409991,0.83303498,232.5766193
327250,166.5419989,0.839297974,232.6036633
327500,171.460993,0.89207499,232.5766022
327750,187.1089935,0.870171981,232.593714
328000,165.2919958,0.866662982,232.5898572
328250,181.7619946,0.913802969,232.5819684
328500,194.6359985,0.958245471,232.5695056
328750,200.4579938,0.937793479,232.5630176
329000,194.2909967,0.975848987,232.5778406
329250,194.2909967,0.975848987,232.5778406
329500,202.9579913,0.93696146,232.5762567
329750,184.2779938,0.909466472,232.5588971
330000,195.3479962,0.96520447,232.5919531
330250,209.3209967,0.995966988,232.5904022
330500,210.4949957,1.007012467,232.5504102
330750,214.477995,0.992471969,232.5719165
331000,200.2719965,0.955772481,232.5804181
331250,203.7039978,0.929166975,232.5630505
331500,179.253996,0.944368968,232.5599933
331750,206.4259918,0.97340898,232.5693524
332000,203.4229968,0.97268997,232.5859924
332250,205.8959961,0.97000447,232.5596021
332500,204.067995,0.989862962,232.5396344
332750,213.158999,0.983210967,232.5657227
333000,186.8829974,0.894105473,232.5789209
333250,184.6559961,0.914093974,232.5864093
333500,192.2009961,0.942345488,232.5594092
333750,191.2149957,0.923305464,232.5731866
334000,191.2289954,0.913901477,232.5576038
334250,181.4239948,0.883004477,232.6072009
334500,180.3239966,0.886607978,232.5805487
334750,178.7629968,0.902715483,232.5663977
335000,187.3749933,0.894444983,232.5785284
335250,166.8169922,0.80351449,232.6150427
335500,147.0469977,0.81904249,232.6106671
335750,147.0469977,0.81904249,232.6106671
336000,172.2349969,0.866624475,232.5819708
336250,165.677995,0.824253483,232.6037537
336500,162.8129968,0.804639487,232.6286987
336750,144.7019971,0.780375483,232.6278577
337000,155.5949933,0.824731474,232.60552
337250,156.8979968,0.801483989,232.6186975
337500,150.6599969,0.78097847,232.6157233
337750,148.2649982,0.771225471,232.6078345
338000,145.1199976,0.759087977,232.5976013
338250,136.988996,0.742909472,232.6322321
338500,140.3189966,0.750418479,232.6172589
338750,129.205997,0.657749991,232.6403943
339000,107.3589987,0.60416048,232.6403558
339250,99.1259967,0.571215487,232.6676984
339500,99.98799774,0.592183976,232.6742096
339750,81.51499756,0.495084491,232.6606079
340000,86.91999878,0.543044486,232.6541797
340250,86.81499878,0.532640491,232.662937
340500,82.39699768,0.502460986,232.6462091
340750,78.59499908,0.465197492,232.6831531
341000,57.88299927,0.353283496,232.7067548
341250,51.81599915,0.397477984,232.6884369
341500,60.04399948,0.403832494,232.6982172
341750,60.31599869,0.38508399,232.6806995
342000,50.81099869,0.314377992,232.7201672
342250,50.81099869,0.314377992,232.7201672
342500,37.63799942,0.313863987,232.7183728
342750,51.47799881,0.381176987,232.6897528
343000,56.80099869,0.399871985,232.6432208
343250,53.48399841,0.335665495,232.713963
343500,43.92699936,0.308071995,232.7243481
343750,39.85099945,0.309965993,232.6780646
344000,45.19999832,0.346062493,232.673913
344250,47.22499847,0.311067494,232.6986823
344500,38.07399979,0.301720997,232.6972021
344750,40.2169986,0.313729993,232.6876996
345000,45.77599945,0.317865486,232.6939069
345250,40.11499924,0.298346492,232.6812592
345500,39.51699921,0.307820491,232.6824591
345750,43.92699829,0.327944487,232.6922418
346000,45.14999619,0.310378492,232.7104169
346250,38.19600006,0.301248993,232.6963501
346500,39.48299866,0.300465492,232.6749225
346750,41.55799927,0.30116649,232.6613678
347000,36.80599915,0.304179991,232.6703473
347250,40.21899887,0.301528494,232.6846582
347500,40.3219986,0.300461994,232.6703644
347750,36.71899902,0.302744992,232.6795624
348000,43.03999832,0.317749494,232.7025879
348250,42.93899902,0.31031449,232.6894196
348500,38.29499924,0.300994993,232.6896991
348750,38.29499924,0.300994993,232.6896991
349000,42.66399887,0.326414992,232.6533606
349250,44.68800064,0.30950899,232.684502
349500,40.01799942,0.29739499,232.6911871
349750,37.15699966,0.295673989,232.6909625
350000,39.8059993,0.311020994,232.6997852
350250,53.9429985,0.413981491,232.6780115
350500,59.65099884,0.36482199,232.6920825
350750,47.29499863,0.36488049,232.682113
351000,56.43699829,0.38387249,232.6757556
351250,51.85499878,0.347853994,232.6996844
351500,49.00899918,0.355370493,232.6924103
351750,60.56399994,0.443888992,232.6865277
352000,69.90899902,0.427978489,232.6925342
352250,66.81499863,0.499570487,232.6678992
352500,80.14699799,0.452955482,232.6640002
352750,68.52199707,0.483113991,232.6449908
353000,87.01299866,0.575426977,232.6486603
353250,99.53799866,0.58692548,232.6331604
353500,95.06599792,0.531445491,232.6783447
353750,81.60299896,0.536122468,232.6631635
354000,96.19599854,0.585982482,232.6688037
354250,104.4079977,0.629893479,232.6540033
354500,110.7499988,0.63624548,232.637843
354750,112.4139948,0.658605475,232.6627948
355000,120.6669965,0.706126487,232.6559058
355250,120.6669965,0.706126487,232.6559058
355500,124.1919958,0.689631987,232.6510114
355750,118.2749997,0.645852976,232.6188416
356000,110.4629984,0.672150974,232.6456909
356250,125.1969958,0.724450486,232.6173047
356500,136.332995,0.712937467,232.6408661
356750,122.7589969,0.722862482,232.6091705
357000,140.5919971,0.76780448,232.6468018
357250,142.3369958,0.75583149,232.6397955
357500,142.9459973,0.800464475,232.6059717
357750,163.5459967,0.853725977,232.5897443
358000,174.8749951,0.901396971,232.5598639
358250,186.9820013,0.891487472,232.5750348
358500,174.2029987,0.859486482,232.6127698
358750,171.4269958,0.869819484,232.631889
359000,182.5979968,0.904626496,232.5704102
359250,184.2269983,0.898570967,232.5721228
359500,177.510993,0.859368989,232.5699994
359750,170.3869983,0.870185473,232.5996643
360000,182.1729907,0.907053967,232.5739966
360250,187.8819977,0.936088977,232.5490344
360500,199.608996,0.985136988,232.5341394
360750,211.6749957,0.9844455,232.5636676
361000,199.3099951,0.942505984,232.5647845
361250,195.2319958,0.948236473,232.5535785
361500,199.9209937,0.949329472,232.5446436
361750,199.9209937,0.949329472,232.5446436
362000,194.4899963,0.940897486,232.5266919
362250,199.4460028,0.960261474,232.539809
362500,200.707998,0.956841474,232.5391077
362750,200.9769916,0.97340147,232.5280554
363000,204.8589954,0.969267473,232.5413715
363250,204.0499957,0.964406471,232.5582507
363500,199.1519958,0.952154465,232.5350909
363750,194.2519922,0.914254467,232.5459058
364000,187.7739966,0.913121474,232.5538348
364250,183.1239954,0.896915486,232.5395459
364500,184.0059949,0.911132975,232.5714331
364750,196.0479919,0.968916972,232.5297778
365000,198.6469965,0.92317848,232.5696814
365250,182.1559949,0.879119978,232.548786
365500,175.4599982,0.878268991,232.5484821
365750,187.2609943,0.937540483,232.529035
366000,199.4579968,0.969927981,232.5459216
366250,194.1339978,0.882690482,232.5526331
366500,175.6259979,0.876569474,232.555105
366750,176.821001,0.882282979,232.5260205
367000,182.4599957,0.893647475,232.5679382
367250,187.3989972,0.923322964,232.5340741
367500,178.1009955,0.841780975,232.5748322
367750,159.1339966,0.807077973,232.551792
368000,165.976994,0.877459965,232.5639197
368250,165.976994,0.877459965,232.5639197
368500,163.7049963,0.789981995,232.5648126
368750,154.0249976,0.811017463,232.5586249
369000,159.2089917,0.806698482,232.5747717
369250,155.6009949,0.794321983,232.5791064
369500,149.8819958,0.79938098,232.5701385
369750,157.7139966,0.82296298,232.5838409
370000,151.1369952,0.775704994,232.6161646
370250,148.0279974,0.79388947,232.5965955
370500,152.8719958,0.780074482,232.6270978
370750,146.1309985,0.778904986,232.60633
371000,140.3829999,0.741168475,232.5988733
371250,148.4109973,0.805960476,232.5951202
371500,151.393996,0.764575973,232.592179
371750,135.6639966,0.711936977,232.6120581
372000,125.9749951,0.673217969,232.6145703
372250,112.4849982,0.646713481,232.6069067
372500,107.1749966,0.603513985,232.6383136
372750,105.1519974,0.619010983,232.6452667
373000,107.9349969,0.613420978,232.6101056
373250,98.77900024,0.541091485,232.6276971
373500,86.08199829,0.524648991,232.6494812
373750,84.95400085,0.514195495,232.6240021
374000,82.87599823,0.524231484,232.6502362
374250,83.43699921,0.505199981,232.6477386
374500,73.84499817,0.396319492,232.7063867
374750,73.84499817,0.396319492,232.7063867
375000,56.11399841,0.434176489,232.6869385
375250,66.39099808,0.406005994,232.6866119
375500,60.92799927,0.409418986,232.6421692
375750,58.93699905,0.41524749,232.6571881
376000,60.28399857,0.398765489,232.6676984
376250,52.79799835,0.335228993,232.7180743
376500,48.4679982,0.416584486,232.6806268
376750,72.32299835,0.47418049,232.6512335
377000,69.00699829,0.391845486,232.6790259
377250,49.91799866,0.315989988,232.7143884
377500,41.01199982,0.338754997,232.6736047
377750,50.8459993,0.365201989,232.7075061
378000,55.27099945,0.383298991,232.6642365
378250,56.18699875,0.363058499,232.6749768
378500,49.85299942,0.328826995,232.6748572
378750,48.12099869,0.350510494,232.7048755
379000,46.41899841,0.327162491,232.6886255
379250,51.89199936,0.437675989,232.6721228
379500,74.38799805,0.489727491,232.6548492
379750,75.37699829,0.462659489,232.6356903
380000,68.64299927,0.437657487,232.6771381
380250,60.55399796,0.372351985,232.6855206
380500,43.69299911,0.305602988,232.675459
380750,48.05999924,0.409925989,232.636615
381000,72.24999786,0.508361998,232.6245148
381250,72.24999786,0.508361998,232.6245148
381500,83.06099854,0.432485994,232.6541632
381750,46.0619989,0.40704149,232.6590735
382000,64.84699829,0.385853488,232.6568652
382250,60.8029985,0.451474984,232.6616711
382500,72.67699799,0.456703985,232.6473157
382750,71.88999908,0.470301988,232.663609
383000,76.82099854,0.485975488,232.6776569
383250,75.90999847,0.50643499,232.6512677
383500,86.47599792,0.514221985,232.6206036
383750,79.52999908,0.48533499,232.6410852
384000,79.35799866,0.537427983,232.634834
384250,96.25599915,0.555734975,232.6493811
384500,86.53099945,0.505445482,232.6659033
384750,84.06099701,0.563824499,232.6199945
385000,104.812998,0.601491477,232.6002386
385250,93.79399719,0.54653348,232.6543311
385500,95.18399902,0.617067485,232.6059772
385750,113.082998,0.62985249,232.6409619
386000,92.99799896,0.523143482,232.6452179
386250,83.61999817,0.552189488,232.644209
386500,98.42199951,0.608321488,232.6379059
386750,102.4849966,0.588634493,232.6381219
387000,102.107999,0.644886465,232.6407605
387250,117.938996,0.674148986,232.625498
387500,112.2559979,0.636617489,232.6017645
387750,112.2559979,0.636617489,232.6017645
388000,111.2789981,0.636118975,232.5968512
388250,110.3069983,0.636802483,232.6133557
388500,114.4499976,0.66582197,232.6319135
388750,120.4909949,0.683994985,232.6051056
389000,120.0859943,0.696923473,232.6011383
389250,124.6669986,0.751845496,232.5895313
389500,160.1370007,0.842176981,232.556344
389750,164.9379944,0.81191097,232.5721631
390000,142.200997,0.74111598,232.5879681
390250,143.8089963,0.768725989,232.5823187
390500,133.087998,0.730726488,232.5988672
390750,139.7479999,0.766999481,232.5921228
391000,134.7639966,0.724893496,232.618266
391250,140.3359955,0.782483485,232.5768359
391500,152.958999,0.820776968,232.5717291
391750,166.543996,0.819777482,232.5678802
392000,132.0989966,0.671985977,232.6157001
392250,122.0609955,0.71727448,232.6064587
392500,130.3459985,0.71524498,232.6240662
392750,130.3929944,0.706320472,232.6209052
393000,125.8759982,0.731704972,232.5762335
393250,147.9509985,0.824559486,232.565603
393500,146.7149969,0.726500483,232.5957483
393750,126.4079968,0.736245983,232.6029053
394000,139.7999994,0.77870748,232.6113147
394250,139.7999994,0.77870748,232.6113147
394500,157.5549921,0.796298988,232.5816809
394750,134.8949957,0.70777698,232.6553217
395000,139.6969952,0.788276484,232.5975153
395250,142.7019995,0.748951473,232.6008099
395500,141.8229999,0.782821476,232.6078137
395750,138.0920007,0.696637988,232.6248834
396000,132.9679984,0.762580497,232.5792261
396250,147.1699969,0.73737448,232.606933
396500,139.1079968,0.764501958,232.6157544
396750,160.6209955,0.850611968,232.5870752
397000,171.7079944,0.815679996,232.5745953
397250,156.8269989,0.764761975,232.5997534
397500,147.6029968,0.736548986,232.613139
397750,141.883996,0.734360981,232.6134753
398000,152.1569977,0.789320982,232.6070752
398250,158.6889966,0.771283488,232.6055951
398500,151.4309967,0.759432971,232.5938361
398750,145.2729974,0.724718976,232.598241
399000,144.2879956,0.779868982,232.6093951
399250,152.1539972,0.733340478,232.6051691
399500,140.7409973,0.742554476,232.609458
399750,137.4739975,0.683126962,232.6229919
400000,117.1239969,0.681826479,232.6465057
400250,118.0259982,0.676136489,232.6281219
400500,129.5779968,0.741748493,232.6232513
400750,129.5779968,0.741748493,232.6232513
401000,134.8269952,0.625588491,232.6179218
401250,92.13499817,0.567689989,232.6593549
401500,103.4699973,0.675911474,232.6115704
401750,111.2659973,0.551896489,232.654978
402000,95.6839978,0.659446483,232.6343781
402250,118.0319965,0.63636549,232.6325134
402500,106.807998,0.643521981,232.607002
402750,102.7019983,0.550349493,232.6299628
403000,90.77499908,0.605614984,232.623194
403250,97.34899811,0.528164986,232.6715234
403500,76.19199768,0.531798992,232.6421851
403750,84.09199921,0.526603991,232.6426825
404000,88.83599792,0.604633484,232.6366003
404250,99.70699707,0.519809487,232.6508636
404500,84.98499756,0.628219478,232.6508423
404750,106.2519989,0.597729979,232.6271051
405000,97.7169989,0.652756975,232.6193158
405250,118.7399973,0.673147981,232.6301361
405500,115.5409979,0.700521479,232.6191479
405750,113.3209981,0.49628198,232.6778412
406000,49.86999817,0.548734982,232.671842
406250,101.4859964,0.616911988,232.6427222
406500,107.1619974,0.589644485,232.6450092
406750,86.06599915,0.478931494,232.6613611
407000,72.71399963,0.540876995,232.6511151
407250,72.71399963,0.540876995,232.6511151
407500,94.15899902,0.588255479,232.6554681
407750,85.4959964,0.445718983,232.6807599
408000,29.2789991,0.271299492,232.7142566
408250,35.25800003,0.380498487,232.6793451
408500,66.24599884,0.366473997,232.6721771
408750,33.68899986,0.358518996,232.664978
409000,53.3209996,0.378263499,232.6989075
409250,47.29699921,0.293099496,232.6934753
409500,32.3209993,0.361400989,232.6691382
409750,56.68599838,0.378235492,232.6960907
410000,41.27700043,0.377857988,232.6571234
410250,61.07899918,0.402969991,232.6539465
410500,36.54399887,0.277117493,232.6817871
410750,30.10399902,0.255283991,232.6642969
411000,29.07299942,0.311352991,232.6455383
411250,47.69099976,0.335289488,232.670835
411500,38.53799973,0.325748497,232.6706189
411750,52.84299881,0.405574487,232.6464734
412000,57.4339975,0.374011489,232.6402917
412250,43.75699875,0.309809488,232.7005365
412500,39.04899994,0.281987499,232.7028809
412750,28.23899971,0.258278995,232.7290674
413000,31.23799965,0.263048493,232.6881915
413250,31.06199898,0.273010993,232.6925861
413500,32.05199921,0.279640495,232.699928
413750,32.05199921,0.279640495,232.699928
414000,34.67499908,0.275735989,232.6745282
414250,32.59999878,0.263465496,232.6916345
414500,26.95799927,0.248244989,232.7113312
414750,28.04899963,0.239163992,232.714964
415000,26.45299911,0.256197491,232.6882104
415250,30.31499962,0.274770494,232.6731232
415500,33.48699867,0.26242149,232.6715216
415750,27.49399902,0.257018494,232.6883002
416000,33.66299957,0.277985995,232.694386
416250,27.12399918,0.242250494,232.7119403
416500,27.26599884,0.263417995,232.677168
416750,36.24999908,0.288692493,232.685755
417000,28.97199921,0.266937988,232.7052258
417250,38.92299881,0.314583989,232.6921313
417500,34.41199905,0.270372995,232.7041852
417750,27.93299919,0.263400993,232.6836896
418000,36.97499893,0.2911315,232.6621698
418250,30.69999908,0.245544997,232.6722437
418500,23.11199966,0.223113996,232.7051703
418750,23.54899994,0.255650489,232.6974817
419000,40.64099945,0.346846999,232.6913385
419250,34.40799881,0.267155989,232.6964203
419500,36.14899918,0.322336494,232.6768427
419750,33.30099876,0.249427497,232.6979443
420000,31.73899887,0.280396495,232.6956567
420250,31.73899887,0.280396495,232.6956567
420500,27.61399963,0.271896498,232.7136407
420750,42.14899918,0.357747998,232.6640735
421000,36.08799911,0.260646991,232.6665039
421250,33.82899925,0.301771997,232.7060077
421500,32.15899918,0.274367485,232.7022833
421750,47.86599854,0.426863991,232.6509229
422000,45.68399902,0.290530493,232.6856818
422250,44.0819989,0.390551488,232.663634
422500,45.43999817,0.311348497,232.6986511
422750,51.4449987,0.451808988,232.6721704
423000,47.19399826,0.31143348,232.673075
423250,46.26799927,0.411425987,232.6710248
423500,45.92799866,0.307287992,232.7050739
423750,47.17299919,0.408997985,232.6735144
424000,44.81799973,0.284141491,232.7082489
424250,36.85799889,0.356346996,232.6834985
424500,38.4929995,0.263168994,232.6972253
424750,39.19099846,0.379938489,232.6691443
425000,40.48599892,0.284994993,232.6982263
425250,40.99799927,0.395315984,232.6655774
425500,44.07299927,0.284575497,232.6806012
425750,42.70299881,0.416267495,232.6381384
426000,49.63299896,0.296378992,232.7117139
426250,47.17599953,0.434365985,232.6645062
426500,50.8239978,0.300097494,232.6978326
426750,50.8239978,0.300097494,232.6978326
427000,39.71199905,0.399228988,232.6898035
427250,45.58399879,0.283047489,232.6929272
427500,35.95899925,0.341434997,232.6531647
427750,42.78599915,0.285639995,232.6770337
428000,37.16999931,0.34823199,232.6816266
428250,41.23699951,0.283627993,232.6836902
428500,34.75199883,0.351509992,232.6758832
428750,43.02499908,0.30588549,232.6995837
429000,30.46499954,0.258422992,232.6853052
429250,39.87399963,0.417132491,232.6784436
429500,54.94399849,0.306799996,232.6783142
429750,37.88599869,0.38329599,232.6564996
430000,49.04899902,0.307022491,232.6954266
430250,39.82899963,0.401434484,232.6359149
430500,49.77699875,0.313674995,232.6856805
430750,42.23799911,0.406860496,232.6545929
431000,55.5439978,0.309011993,232.6710327
431250,23.10799927,0.233863494,232.7028015
431500,35.88699867,0.377727997,232.6507385
431750,52.96299881,0.311373494,232.6881384
432000,30.8889994,0.318204994,232.6765302
432250,41.21499863,0.297596492,232.6805139
432500,34.35699898,0.313184495,232.6709076
432750,40.25899986,0.279034494,232.6813855
433000,38.98899925,0.373814996,232.669035
433250,38.98899925,0.373814996,232.669035
433500,50.57899902,0.328622483,232.6892828
433750,37.06099899,0.339695492,232.6972888
434000,47.5669989,0.327337987,232.6816901
434250,44.38099945,0.365083996,232.6821716
434500,52.65299896,0.311607496,232.6817542
434750,36.0379995,0.385120988,232.6706573
435000,54.63299881,0.343621992,232.6900977
435250,43.95099762,0.42048149,232.6498981
435500,66.83599915,0.384017988,232.6594611
435750,41.1869986,0.347570491,232.6655524
436000,48.77600021,0.331122495,232.6884094
436250,32.23299934,0.299085494,232.6930499
436500,40.90799957,0.329771494,232.6603619
436750,48.36599792,0.398651992,232.6561768
437000,61.17899796,0.358567488,232.6730334
437250,33.67699905,0.299057488,232.676662
437500,39.32499847,0.310594996,232.6914502
437750,37.37800003,0.309193993,232.6772034
438000,41.84700027,0.294686993,232.6892639
438250,40.06299973,0.368397491,232.6636572
438500,62.80899902,0.36431399,232.6980261
438750,35.10599968,0.381126989,232.6761536
439000,62.45799896,0.400790499,232.677265
439250,36.40099922,0.255032991,232.685639
439500,29.86699944,0.31442049,232.6762823
439750,29.86699944,0.31442049,232.6762823
440000,44.58899811,0.324866492,232.6649139
440250,36.35499893,0.334102486,232.6510944
440500,53.92299866,0.390433487,232.6815796
440750,52.69599976,0.449457494,232.6826654
441000,73.49799957,0.437351984,232.6514661
441250,39.3479995,0.406747985,232.6398755
441500,77.30899841,0.45182849,232.6522351
441750,47.44899902,0.396239995,232.6515997
442000,72.18199692,0.433144485,232.6624249
442250,39.05899841,0.372447988,232.650376
442500,60.8969986,0.409520992,232.6655786
442750,41.67699883,0.343334489,232.6634247
443000,61.3089978,0.404724994,232.6682404
443250,39.45799957,0.299594491,232.6831378
443500,47.44699966,0.475293492,232.6493311
443750,98.95699677,0.578249484,232.6323792
444000,71.85999908,0.435013995,232.6750244
444250,69.22299835,0.470175484,232.6443463
444500,64.47499847,0.451824994,232.6790485
444750,75.55499908,0.499688979,232.6595532
445000,71.53299896,0.467740489,232.6715375
445250,82.4919986,0.530454984,232.6427301
445500,68.79599777,0.425604979,232.6909692
445750,64.7629982,0.429329984,232.6960254
446000,48.5229985,0.363225493,232.6605212
446250,48.5229985,0.363225493,232.6605212
446500,60.08399918,0.443088491,232.6730573
446750,59.80099823,0.435341989,232.6577008
447000,76.44599945,0.533181994,232.6573602
447250,75.80499908,0.463046497,232.6495074
447500,74.46499847,0.483825989,232.6385767
447750,74.11199921,0.455556483,232.6787213
448000,70.27999969,0.458079491,232.6760352
448250,59.8909996,0.434192482,232.6503949
448500,69.11599823,0.453938994,232.6337463
448750,48.98199875,0.346958488,232.6699872
449000,55.52099854,0.411306992,232.672356
449250,51.5719986,0.321966989,232.7078583
449500,42.08699951,0.350528502,232.654212
449750,38.67399811,0.304188993,232.6747858
450000,44.00099991,0.379255995,232.6965045
450250,56.57699875,0.417052493,232.6737311
450500,71.39799866,0.478413992,232.6869537
450750,62.78499908,0.385444996,232.6744092
451000,60.67399994,0.446389489,232.6707202
451250,56.11399918,0.358506001,232.6938031
451500,42.96700012,0.366518495,232.6772742
451750,58.71399841,0.447338494,232.6717133
452000,72.58599854,0.488386989,232.648338
452250,68.85699783,0.416009492,232.6751141
452500,47.45399872,0.283137988,232.6703687
452750,47.45399872,0.283137988,232.6703687
453000,29.60999962,0.292551492,232.682821
453250,44.27999832,0.38531649,232.7012354
453500,56.40199951,0.408095492,232.6732159
453750,48.73799911,0.315056994,232.6888031
454000,35.8569989,0.288606997,232.6752972
454250,36.04299973,0.301702995,232.6909692
454500,45.32599838,0.388599992,232.6777765
454750,46.64099884,0.306298498,232.713161
455000,41.64499916,0.369717494,232.7171313
455250,50.48299911,0.366407989,232.6717554
455500,48.89600006,0.345672988,232.6748267
455750,49.71699829,0.380396491,232.6858112
456000,53.72599792,0.375419995,232.6629053
456250,53.97299942,0.417184494,232.6798755
456500,48.64099884,0.316118494,232.681792
456750,51.85599823,0.470791986,232.6608344
457000,65.73199814,0.378478485,232.6789307
457250,57.41399872,0.49425598,232.6606488
457500,70.09799835,0.408231987,232.6605939
457750,48.30999847,0.385135492,232.6669049
458000,49.01299866,0.335834495,232.6967059
458250,49.76899887,0.407324492,232.6404681
458500,54.17199921,0.334934996,232.674787
458750,44.99099838,0.384859987,232.6959448
459000,48.36799881,0.323935992,232.6802332
459250,48.36799881,0.323935992,232.6802332
459500,38.01699951,0.348070492,232.6679291
459750,43.7569989,0.293540998,232.6687219
460000,34.45799942,0.341762497,232.6660834
460250,46.13399872,0.308078995,232.6397241
460500,43.31999924,0.451254996,232.6523224
460750,64.49599792,0.368225992,232.6761615
461000,42.7779982,0.369588995,232.6862341
461250,48.19899918,0.303531995,232.6898096
461500,35.93599968,0.370467992,232.6727869
461750,49.77299835,0.321542494,232.6562115
462000,37.5259996,0.367214491,232.6471472
462250,57.35499878,0.343689493,232.659411
462500,43.81599945,0.384691988,232.7006903
462750,51.36199875,0.323654492,232.7002771
463000,30.37599976,0.32689799,232.6843134
463250,43.61199875,0.292833496,232.678371
463500,36.0619989,0.31453499,232.686427
463750,43.27699905,0.287208993,232.7104022
464000,33.56199928,0.32965999,232.6724017
464250,45.47199966,0.312493496,232.675506
464500,34.63199921,0.344639491,232.7047369
464750,53.75299896,0.349829491,232.711507
465000,43.24399918,0.361156994,232.6689691
465250,51.45399841,0.34562849,232.7000104
465500,33.95499855,0.361369989,232.666571
465750,33.95499855,0.361369989,232.666571
466000,58.9669989,0.420898491,232.6900092
466250,55.91499847,0.347231489,232.7087683
466500,33.06799965,0.30939749,232.704505
466750,40.91899857,0.299566996,232.6833521
467000,37.93499924,0.367654997,232.6842114
467250,62.53999939,0.387030487,232.675434
467500,34.55799881,0.403267989,232.6553931
467750,64.48799835,0.404256493,232.6844666
468000,41.26599884,0.33900548,232.7154913
468250,55.20099976,0.340552497,232.7089197
468500,36.27699982,0.315777001,232.6892352
468750,46.62799942,0.332618996,232.6969312
469000,35.15299911,0.392270488,232.6742267
469250,66.51899811,0.461314992,232.6860736
469500,49.07499847,0.429117488,232.6852026
469750,82.3729985,0.485311996,232.6945929
470000,43.60099899,0.408411496,232.6527142
470250,71.59499741,0.481290487,232.6951208
470500,42.3509996,0.376457992,232.6717621
470750,65.03199829,0.429494994,232.6920825
471000,45.74899918,0.376783487,232.6601544
471250,68.9239978,0.488817488,232.67914
471500,56.71599838,0.44517599,232.698609
471750,80.50399719,0.503776989,232.6705231
472000,50.31799904,0.41387749,232.6799066
472250,50.31799904,0.41387749,232.6799066
472500,86.71499794,0.555464492,232.6137476
472750,58.59999924,0.467895997,232.6552753
473000,102.6409976,0.64971999,232.6927148
473250,79.42299713,0.531451989,232.652215
473500,102.4119974,0.619157982,232.6504675
473750,86.76099792,0.492144986,232.6746649
474000,84.67299866,0.519291991,232.6827618
474250,67.9469986,0.487565985,232.6554889
474500,100.5519995,0.655830986,232.6595947
474750,91.2319989,0.579381982,232.6517395
475000,125.4929974,0.702114477,232.6378516
475250,101.0349963,0.561870487,232.6492761
475500,110.775997,0.686416974,232.605257
475750,89.44399933,0.520191991,232.6852502
476000,96.51399872,0.629964489,232.642475
476250,67.95299797,0.418641983,232.6856317
476500,87.56899719,0.621619976,232.6530328
476750,79.78399872,0.489209479,232.6596796
477000,90.39099945,0.626849484,232.6255225
477250,113.115997,0.631880484,232.6161639
477500,81.83799713,0.51735949,232.6469611
477750,107.222998,0.708430982,232.6026965
478000,98.8499971,0.520731479,232.6491528
478250,110.6159985,0.738341484,232.6111713
478500,110.9499997,0.50904249,232.6527295
478750,110.9499997,0.50904249,232.6527295
479000,60.10899933,0.42488199,232.6815619
479250,81.39599716,0.569685493,232.6637952
479500,81.22099945,0.434534991,232.6641858
479750,64.55299881,0.465822991,232.7004498
480000,87.46599792,0.581929994,232.6344189
480250,90.62899719,0.555929987,232.6548248
480500,99.59599731,0.624435987,232.6498425
480750,82.98399948,0.458931491,232.6984528
481000,74.22299881,0.54818548,232.6510895
481250,76.86199783,0.384308487,232.6875525
481500,55.49599823,0.455152993,232.6633801
481750,53.98199753,0.341167489,232.6777197
482000,58.89699875,0.509951985,232.6444989
482250,70.8089975,0.400333493,232.6753503
482500,57.91199951,0.411523497,232.6618237
482750,48.78299866,0.294654491,232.7059863
483000,35.24399902,0.370395489,232.7122345
483250,45.49899933,0.286471497,232.6944983
483500,28.27299942,0.261564488,232.701825
483750,34.95799911,0.301018999,232.6581793
484000,35.2709996,0.264960494,232.6493781
484250,36.50899979,0.33631049,232.6930511
484500,42.58499931,0.273547492,232.6943958
484750,28.41099899,0.279835995,232.7136993
485000,31.60600006,0.261081996,232.679588
485250,31.60600006,0.261081996,232.679588
485500,39.45499954,0.36291549,232.6710529
485750,45.04299889,0.283034987,232.7009381
486000,39.98399857,0.411546997,232.6718579
486250,53.41699966,0.305821996,232.6711566
486500,31.02899971,0.34522949,232.6839447
486750,41.39199921,0.281998991,232.6933435
487000,29.18099953,0.281196492,232.7013287
487250,33.13699898,0.255967991,232.702832
487500,33.90899895,0.35408699,232.675155
487750,48.39299789,0.319404998,232.6764093
488000,36.16499924,0.309378484,232.684314
488250,37.85999977,0.267554491,232.7053528
488500,49.30299934,0.503901989,232.6534741
488750,76.03699829,0.402993495,232.681236
489000,46.52799988,0.508188483,232.6659955
489250,76.55099945,0.411207994,232.6825952
489500,56.69699783,0.474852494,232.6645636
489750,76.83899994,0.453164487,232.6790106
490000,64.95899857,0.514007986,232.6517633
490250,79.59399841,0.439800488,232.7009808
490500,56.12399811,0.48131099,232.667179
490750,73.12699829,0.379530492,232.687771
491000,47.41999817,0.416881493,232.6763226
491250,64.26699997,0.365029991,232.7048181
491500,43.49399879,0.496666486,232.6478259
491750,43.49399879,0.496666486,232.6478259
492000,84.1819989,0.479969982,232.6656342
492250,62.39499878,0.465559492,232.668667
492500,76.59299988,0.428193992,232.6923004
492750,51.32399887,0.436130986,232.6741925
493000,69.49799866,0.417257992,232.6808276
493250,48.9169989,0.426887989,232.6652667
493500,72.06299866,0.445285494,232.6710901
493750,73.07999634,0.569998994,232.6649048
494000,103.2059991,0.609435987,232.6353314
494250,93.81199615,0.529013486,232.6865851
494500,84.21499695,0.578614482,232.6618353
494750,107.2669962,0.597684984,232.6721948
495000,89.59199799,0.626470475,232.6552106
495250,114.4299979,0.629265981,232.6712982
495500,95.1939978,0.594697993,232.6368176
495750,111.8439975,0.672255969,232.6412097
496000,119.5539987,0.653500984,232.6487537
496250,111.3589972,0.653936491,232.6512012
496500,119.4289957,0.621769476,232.6406183
496750,89.52199707,0.554019485,232.6691095
497000,95.12899719,0.591214495,232.6367871
497250,91.66799988,0.602790489,232.6211707
497500,114.7689969,0.646740484,232.6249127
497750,107.0699976,0.617086985,232.6555151
498000,109.0799969,0.579780982,232.6611133
498250,109.0799969,0.579780982,232.6611133
498500,80.47199738,0.536922483,232.6576324
498750,94.76899841,0.614879494,232.6473138
499000,99.75899719,0.61251399,232.6357916
499250,108.4119971,0.597259494,232.626908
499500,76.41799835,0.439432991,232.6834534
499750,70.11299927,0.52236298,232.655097
500000,99.67099762,0.599367495,232.6662097
500250,89.36699982,0.543814981,232.6435626
500500,89.18899841,0.549197965,232.6661859
500750,78.69099854,0.514278498,232.6502679
501000,90.12400024,0.553076482,232.6728992
501250,87.63500061,0.540990984,232.6723749
501500,89.31699615,0.538970482,232.6801459
501750,72.79499786,0.461346987,232.6851569
502000,71.7,0.511464989,232.6784808
502250,78.26799713,0.473435987,232.6736749
502500,62.39999954,0.391789483,232.7001227
502750,52.86999908,0.393264484,232.691795
503000,63.83399918,0.437048995,232.6682092
503250,53.93499908,0.360029492,232.691377
503500,50.03499939,0.380261493,232.6632031
503750,46.73800034,0.32139899,232.7036584
504000,40.54999863,0.331139492,232.7146991
504250,35.94000031,0.288413992,232.7188647
504500,40.99799896,0.348639493,232.7246429
504750,40.99799896,0.348639493,232.7246429
505000,49.9659993,0.361409488,232.6978424
505250,38.20899887,0.27029199,232.7054755
505500,27.39899895,0.258773996,232.6883032
505750,26.29499977,0.254129993,232.6777289
506000,38.07999962,0.341175995,232.6914087
506250,33.4039991,0.248829492,232.6996924
506500,25.26699936,0.235975495,232.7074347
506750,23.73499985,0.229582992,232.7137952
507000,23.16299957,0.232585996,232.6906897
507250,24.03699982,0.228445996,232.7056573
507500,24.35499939,0.240311997,232.6822113
507750,27.53600014,0.257475994,232.6937061
508000,27.41099968,0.241966494,232.6936414
508250,23.8989991,0.231841994,232.6983295
508500,22.77499962,0.224429497,232.7236261
508750,23.1429995,0.231909491,232.7007458
509000,26.21900078,0.255201994,232.6957239
509250,27.26500046,0.234835494,232.6919702
509500,21.50299973,0.223747492,232.6811853
509750,23.98599968,0.248831494,232.6977283
510000,38.88400055,0.361729488,232.6554395
510250,42.02499939,0.268260497,232.6802258
510500,27.24999977,0.257564495,232.6879785
510750,27.3139991,0.24132149,232.6864087
511000,23.99799919,0.232989495,232.6780408
511250,23.99799919,0.232989495,232.6780408
511500,26.25499977,0.25215299,232.6992346
511750,42.27299866,0.414296489,232.685929
512000,51.29099869,0.29779449,232.7010913
512250,35.16399948,0.329418993,232.7064258
512500,42.96399948,0.298132997,232.6709784
512750,40.39699921,0.350700994,232.6694281
513000,41.22899887,0.2742215,232.6830096
513250,28.65799904,0.261741995,232.7028369
513500,38.67799866,0.352684991,232.6829364
513750,45.77899902,0.309938498,232.7007288
514000,32.02599945,0.264523498,232.693147
514250,41.24899979,0.407307491,232.6858887
514500,56.32699753,0.35376449,232.6915228
514750,55.71699982,0.50143099,232.6868524
515000,72.15199753,0.395752988,232.6771436
515250,41.22999832,0.410045992,232.6602893
515500,54.79399841,0.345142492,232.698537
515750,42.54299957,0.48138149,232.6705133
516000,68.43599731,0.354667488,232.6678723
516250,42.6609993,0.394654491,232.6520111
516500,53.2369989,0.311077994,232.6762567
516750,45.80899834,0.502771492,232.6328809
517000,69.51299789,0.381882992,232.6673621
517250,45.66799881,0.483236992,232.6691791
517500,72.07899902,0.390879986,232.6842999
517750,72.07899902,0.390879986,232.6842999
518000,39.37499924,0.289057484,232.7151135
518250,51.76499847,0.501248491,232.6799231
518500,77.51300034,0.417265494,232.6731689
518750,50.3279985,0.490747482,232.6535065
519000,74.07899902,0.397954489,232.6967535
519250,38.82799896,0.541809988,232.6694427
519500,102.5989972,0.567669487,232.6614667
519750,81.4869989,0.411041989,232.6685767
520000,55.3869986,0.614731991,232.6489941
520250,109.6439996,0.563021486,232.6373486
520500,71.1689978,0.600823491,232.6459711
520750,106.705997,0.520406997,232.665152
521000,56.70699951,0.543538982,232.628363
521250,107.0289996,0.670178487,232.64354
521500,116.2529941,0.527658992,232.6662415
521750,40.89999908,0.578027976,232.634472
522000,103.5699966,0.533746988,232.644953
522250,63.21999756,0.58999698,232.6668439
522500,123.0909958,0.564918984,232.6866083
522750,50.92999847,0.475955988,232.6557043
523000,81.20199921,0.521575991,232.6837799
523250,55.73099838,0.512196994,232.6533215
523500,95.78799744,0.546822984,232.674859
523750,75.08399933,0.51964449,232.6434717
524000,104.5619977,0.577667992,232.6376904
524250,104.5619977,0.577667992,232.6376904
524500,63.54800034,0.559232502,232.6572992
524750,97.58099823,0.590943487,232.6255121
525000,69.60499817,0.498620994,232.6805615
525250,87.76499786,0.522360483,232.6980322
525500,61.62999939,0.493018476,232.6652423
525750,98.32999756,0.595507481,232.651001
526000,49.03099838,0.313039496,232.6947931
526250,34.34299873,0.367580989,232.6684668
526500,62.97499878,0.457824994,232.6570087
526750,50.2719989,0.414922483,232.6811517
527000,67.60599945,0.450895991,232.6598004
527250,47.19399918,0.393804491,232.6425867
527500,68.40499817,0.475586492,232.635611
527750,44.85999832,0.351857495,232.6786169
528000,54.00399811,0.393230479,232.662738
528250,39.28699791,0.341823486,232.690979
528500,65.49999855,0.452417489,232.6613873
528750,43.32999847,0.342715493,232.6945227
529000,48.03899841,0.398386492,232.6681775
529250,52.68199844,0.355603487,232.6684448
529500,36.71999908,0.336271996,232.6905469
529750,61.67399811,0.47239098,232.6774164
530000,40.40299858,0.297196994,232.7156824
530250,24.82899967,0.253276493,232.6878839
530500,27.68499886,0.286194496,232.6908728
530750,27.68499886,0.286194496,232.6908728
531000,52.31099854,0.410503491,232.6632025
531250,41.49299896,0.296635493,232.7137067
531500,39.28299988,0.339946492,232.6799042
531750,34.90799911,0.285574492,232.6854901
532000,48.69799873,0.385365496,232.6750592
532250,39.13299896,0.296401992,232.702019
532500,39.10099976,0.342170489,232.6914325
532750,37.2339994,0.285942993,232.7061627
533000,39.00499893,0.325234997,232.6598444
533250,34.11499901,0.265150495,232.669433
533500,35.87199844,0.312261989,232.6953162
533750,37.55899948,0.282662499,232.6886096
534000,32.10699898,0.279947989,232.6856427
534250,29.07999878,0.287092498,232.7165472
534500,46.91899841,0.385810983,232.6881238
534750,39.4009993,0.277896991,232.7074243
535000,29.16299911,0.267510499,232.6814801
535250,31.34299919,0.290743989,232.6931921
535500,43.64,0.379025499,232.6739844
535750,45.07199829,0.308511995,232.6775372
536000,48.36099876,0.427100976,232.647865
536250,46.30399872,0.317663488,232.6876263
536500,43.43399857,0.380838997,232.6668732
536750,42.49799904,0.297105993,232.7008337
537000,45.73199898,0.407479986,232.712851
537250,45.73199898,0.407479986,232.712851
537500,45.81399857,0.285134495,232.707298
537750,29.16899918,0.269273994,232.6931244
538000,37.40299881,0.299543989,232.7208795
538250,31.24799904,0.273423489,232.6956342
538500,37.33899872,0.335269488,232.7010815
538750,38.56599945,0.277703993,232.6866986
539000,35.3729985,0.348904986,232.6629871
539250,42.25399879,0.304503486,232.6810248
539500,54.52499901,0.533030481,232.6659705
539750,66.95399826,0.38174549,232.6951636
540000,37.46599854,0.367933981,232.7037628
540250,44.37399948,0.312156494,232.6874493
540500,48.57199829,0.437647485,232.664082
540750,58.24499832,0.339493995,232.6890192
541000,36.03499878,0.383305986,232.6689154
541250,45.3269989,0.305421498,232.6832251
541500,32.36299934,0.314313985,232.6769562
541750,50.85299911,0.415070988,232.6634821
542000,53.17299866,0.348400493,232.668985
542250,43.56399933,0.477321982,232.6614276
542500,92.68699707,0.613049486,232.6491937
542750,86.785,0.43618699,232.6679858
543000,56.20499924,0.432452989,232.6714172
543250,67.9869989,0.389490997,232.698042
543500,50.69799896,0.434271992,232.6756665
543750,50.69799896,0.434271992,232.6756665
544000,64.23099869,0.399327987,232.6754718
544250,55.96299927,0.496144499,232.6487305
544500,75.18399918,0.397842985,232.6914282
544750,43.99299927,0.409510493,232.7024774
545000,58.86499863,0.357666994,232.7035059
545250,35.10199974,0.463750987,232.6799078
545500,76.1719989,0.447990997,232.6413849
545750,58.90099838,0.431043487,232.6861713
546000,64.73099869,0.367218988,232.6812286
546250,55.10499786,0.514535481,232.6741467
546500,85.82099915,0.496327486,232.6541956
546750,58.06799911,0.473265485,232.6563715
547000,78.80099854,0.48169549,232.6905933
547250,58.33999908,0.343966991,232.6922412
547500,42.71299927,0.469542489,232.6476831
547750,80.11899719,0.442146492,232.6720996
548000,48.08499924,0.359720988,232.6577789
548250,54.36499924,0.355773488,232.6714917
548500,38.16399895,0.457595984,232.6488416
548750,74.95499786,0.44153599,232.6656201
549000,46.25599976,0.390063491,232.6785699
549250,67.18499893,0.406245985,232.6571307
549500,41.12299957,0.356204991,232.6684656
549750,53.63299789,0.427767981,232.6950012
550000,68.64599854,0.456674491,232.6831927
550250,68.64599854,0.456674491,232.6831927
550500,67.35299805,0.441813488,232.6631158
550750,60.6819989,0.434552485,232.6702734
551000,70.06099854,0.407144496,232.6865851
551250,34.42499947,0.383162982,232.6588025
551500,63.13899857,0.423611993,232.6838348
551750,50.54199875,0.321813996,232.6991211
552000,37.46099884,0.333591992,232.6649872
552250,54.31499832,0.436782984,232.663808
552500,74.36399948,0.470896989,232.6866827
552750,52.79699753,0.372570493,232.6892407
553000,57.76599838,0.415324488,232.6787067
553250,61.98699951,0.447165992,232.691839
553500,72.28399872,0.447991488,232.6994409
553750,67.87399841,0.528576988,232.66466
554000,101.2029977,0.63231348,232.6772357
554250,101.4489993,0.610831494,232.6663611
554500,106.943999,0.601238983,232.6846912
554750,86.68099762,0.512007987,232.7006989
555000,84.33999847,0.534595995,232.6926666
555250,88.18599823,0.593544986,232.6641541
555500,112.9469971,0.66932548,232.6268433
555750,117.3549973,0.674038496,232.6308502
556000,109.9699976,0.649218998,232.6333478
556250,119.5149976,0.702066979,232.6111224
556500,129.056998,0.689380999,232.6410406
556750,129.056998,0.689380999,232.6410406
557000,100.5559976,0.572705486,232.6489716
557250,107.7929974,0.634669006,232.6690643
557500,103.9210001,0.588941987,232.6713141
557750,94.24099915,0.613842974,232.6424762
558000,132.0179977,0.751216974,232.6336481
558250,136.2109995,0.705356483,232.6354242
558500,116.8349976,0.639615474,232.6411212
558750,107.4199982,0.619974492,232.6680737
559000,96.5169989,0.555692487,232.6717773
559250,94.17499969,0.590321484,232.6737708
559500,90.45499695,0.546158981,232.6432556
559750,90.60099792,0.563726995,232.6656268
560000,98.61799713,0.611132483,232.6238733
560250,99.93800018,0.595202994,232.6469934
560500,112.3879971,0.673696496,232.6469061
560750,110.5879974,0.625492492,232.6379962
561000,126.7739993,0.756297984,232.6443298
561250,146.996001,0.754944475,232.6379163
561500,133.7069977,0.70378948,232.652428
561750,129.1099966,0.731708984,232.6132184
562000,136.1289966,0.742310481,232.6206982
562250,132.1089978,0.718834982,232.6046124
562500,151.231994,0.856909494,232.5828723
562750,151.1329944,0.731328475,232.6194257
563000,154.4549951,0.861429486,232.5849921
563250,154.4549951,0.861429486,232.5849921
563500,160.035997,0.75209249,232.6026917
563750,147.5769958,0.829747984,232.5922028
564000,153.2489948,0.751280985,232.6388843
564250,152.1009985,0.854816992,232.6031525
564500,145.6219977,0.645833476,232.6578412
564750,125.9229977,0.766283998,232.6310736
565000,140.3689975,0.705597491,232.6275073
565250,129.8769974,0.753040473,232.595979
565500,125.7019998,0.624787979,232.6459772
565750,112.8919958,0.725522463,232.626333
566000,115.9449963,0.583220475,232.6626581
566250,107.7569974,0.71685899,232.6118829
566500,139.3819965,0.744218979,232.6239063
566750,107.4659981,0.449806993,232.6768591
567000,60.35099686,0.603575981,232.6542346
567250,88.29999969,0.461476979,232.697948
567500,65.58199829,0.54674299,232.647074
567750,74.42399719,0.386491487,232.6662738
568000,49.90699921,0.446537987,232.6878497
568250,72.09899811,0.522714988,232.6500269
568500,69.24099991,0.372044991,232.6965533
568750,44.81699928,0.454860988,232.6653741
569000,58.00299957,0.32383149,232.7127045
569250,34.99999893,0.387288483,232.6817462
569500,48.70099945,0.296938995,232.7075836
569750,48.70099945,0.296938995,232.7075836
570000,39.4959993,0.392115997,232.6808264
570250,59.71099808,0.376666991,232.7206073
570500,42.57999924,0.281191993,232.7015302
570750,38.96499908,0.35135949,232.6813086
571000,46.46699821,0.302049992,232.7086505
571250,29.23899986,0.293390495,232.6965723
571500,38.7719986,0.30631099,232.6702411
571750,34.91899948,0.254573996,232.7052734
572000,23.95199944,0.250975497,232.69401
572250,26.26400101,0.242622496,232.7182758
572500,27.49100021,0.270797498,232.7074817
572750,35.45499947,0.262053493,232.70177
573000,22.91199982,0.222130495,232.7143207
573250,22.77499962,0.220804492,232.6972089
573500,21.8109996,0.23333599,232.699931
573750,27.21000008,0.261932994,232.7230841
574000,27.84499931,0.236174495,232.7250085
574250,22.37899963,0.222108995,232.7363306
574500,25.13600021,0.252064997,232.7365204
574750,29.67099922,0.255650494,232.7210431
575000,25.49299965,0.238511491,232.721275
575250,25.50799919,0.236320994,232.7099866
575500,25.50599976,0.249706998,232.7050012
575750,26.52899933,0.238443993,232.7056677
576000,24.38399788,0.234538496,232.7107062
576250,24.38399788,0.234538496,232.7107062
576500,24.47299957,0.236437494,232.715354
576750,24.25999969,0.236093996,232.7295074
577000,25.22599998,0.239052491,232.7387225
577250,24.98299873,0.236612993,232.7090967
577500,24.64699966,0.235746994,232.721709
577750,25.24499969,0.23917699,232.7006348
578000,25.71499977,0.240417995,232.6994922
578250,24.78499969,0.241855994,232.7019562
578500,25.76099937,0.235559496,232.7418713
578750,24.36699799,0.229619997,232.7328351
579000,23.84799965,0.237995494,232.716571
579250,23.29399979,0.237474994,232.7016107
579500,27.52299965,0.247290493,232.6928595
579750,24.2079995,0.241782493,232.6902655
580000,25.53799942,0.240796989,232.6965002
580250,26.47199974,0.243147996,232.7323358
580500,24.35599937,0.247770496,232.7109442
580750,27.56299942,0.246774994,232.6930408
581000,25.6579995,0.239850495,232.7379114
581250,25.26299896,0.249445492,232.6973389
581500,29.67899979,0.263567995,232.6933325
581750,28.78999916,0.249043494,232.7099744
582000,28.13699921,0.256955993,232.7213794
582250,30.93399979,0.278731996,232.7002191
582500,30.67099876,0.253909993,232.7120874
582750,30.67099876,0.253909993,232.7120874
583000,27.51599953,0.248310488,232.6764282
583250,27.16999893,0.25458449,232.6945703
583500,29.36899979,0.25800499,232.7064417
583750,30.92299904,0.262450497,232.7292572
584000,27.20199898,0.272939986,232.7158423
584250,37.80599945,0.306643493,232.7275153
584500,33.73299942,0.3006545,232.6968335
584750,48.5059993,0.385947982,232.6952106
585000,41.53999939,0.280968992,232.7276324
585250,28.65399948,0.267447492,232.6806342
585500,30.70999893,0.262211497,232.7025543
585750,29.79999924,0.260939494,232.7084344
586000,29.05299896,0.260467994,232.6738824
586250,32.63499893,0.274537992,232.7032251
586500,29.51499908,0.26555949,232.7154913
586750,37.26299866,0.325936986,232.7113055
587000,32.70599937,0.278149491,232.6875482
587250,43.81799866,0.391849484,232.6862042
587500,46.48999916,0.331429993,232.6918829
587750,46.12899963,0.394589994,232.690907
588000,38.41699921,0.323388494,232.7150592
588250,59.97599838,0.47995898,232.6860889
588500,53.05299942,0.320354495,232.7024438
588750,48.15699852,0.452298491,232.6799286
589000,50.53499893,0.32165899,232.7385675
589250,50.53499893,0.32165899,232.7385675
589500,45.96699928,0.438875989,232.6957275
589750,46.66899773,0.296194986,232.6847162
590000,39.3829985,0.372800491,232.7045795
590250,51.34699875,0.38052349,232.6807379
590500,60.08099777,0.432874492,232.692514
590750,53.02399902,0.336033987,232.7034607
591000,56.42099884,0.48218449,232.6841553
591250,83.93499817,0.543220487,232.6643958
591500,82.02299774,0.501455472,232.6843219
591750,62.08399887,0.371644486,232.6856598
592000,62.45399918,0.591698482,232.6099231
592250,110.3519958,0.63902498,232.656369
592500,98.97299744,0.494830495,232.6635773
592750,84.11199982,0.674134996,232.632594
593000,98.27299805,0.500998991,232.6698016
593250,82.99099792,0.603136487,232.6581451
593500,92.92399673,0.447419486,232.6972107
593750,71.56899902,0.606906977,232.6536914
594000,105.922998,0.62118448,232.6835327
594250,96.11799866,0.506931494,232.705332
594500,88.1769986,0.649484994,232.68198
594750,107.4429971,0.585186486,232.6854156
595000,92.37699677,0.560946491,232.6703137
595250,91.17499542,0.557717981,232.6659381
595500,94.85099609,0.595668979,232.6586584
595750,94.85099609,0.595668979,232.6586584
596000,88.91099762,0.415477993,232.672699
596250,57.59199722,0.556850988,232.6601721
596500,89.61299896,0.487234493,232.6529382
596750,73.63799927,0.498026981,232.6793005
597000,72.53599884,0.435300492,232.7127521
597250,59.9719989,0.441919483,232.685979
597500,83.13899811,0.610515976,232.651106
597750,103.2899973,0.509839479,232.6844019
598000,60.55099884,0.416376991,232.6992596
598250,58.95999847,0.429569491,232.6983038
598500,65.90999786,0.49059049,232.6603046
598750,77.76599854,0.463286488,232.6742743
599000,75.98799866,0.537822987,232.6463629
599250,90.96399933,0.520844485,232.6792078
599500,67.33299896,0.449864993,232.7060046
599750,69.02099823,0.483417485,232.6754755
600000,74.75299866,0.473119495,232.6661469
600250,68.4769989,0.428275486,232.6617865
600500,60.7329985,0.462197492,232.6771619
600750,72.92499725,0.418610492,232.6953088
601000,38.24499939,0.340265992,232.6941052
601250,52.66099899,0.403288488,232.6919464
601500,56.87299911,0.394918994,232.6851782
601750,49.05799789,0.308702997,232.7101697
602000,32.67899925,0.362771993,232.6898254
602250,32.67899925,0.362771993,232.6898254
602500,58.27699844,0.411917485,232.6845392
602750,55.13799911,0.398030494,232.7064423
603000,55.20799957,0.377559996,232.6984509
603250,48.78599808,0.341375494,232.709577
603500,44.74400024,0.303343493,232.6798102
603750,30.49499931,0.33767399,232.6971997
604000,58.19899826,0.438828493,232.6675061
604250,66.41699783,0.420679486,232.6775287
604500,50.61399902,0.321213988,232.7017633
604750,35.0119989,0.34632899,232.6943317
605000,54.63299927,0.408242493,232.6868359
605250,54.94499847,0.353761501,232.6881317
605500,37.76999832,0.289768493,232.7071552
605750,34.4779998,0.302294996,232.7024023
606000,43.34599854,0.322401495,232.6898505
606250,33.16799873,0.277739496,232.7161212
606500,37.0819989,0.328739489,232.6815533
606750,46.42299942,0.368682487,232.6802271
607000,54.11799774,0.360559993,232.6699609
607250,35.2239994,0.272535498,232.7031836
607500,34.28199898,0.281381996,232.6996826
607750,29.93399887,0.320386984,232.7209937
608000,52.6219986,0.366576995,232.6874335
608250,39.33299881,0.302461495,232.7010645
608500,39.83499908,0.32880199,232.6674982
608750,39.83499908,0.32880199,232.6674982
609000,41.34999924,0.294610498,232.6887689
609250,34.02499931,0.338921995,232.6596747
609500,61.20299759,0.439156485,232.7045233
609750,52.73799973,0.331335492,232.6529138
610000,40.89499954,0.362407991,232.6681702
610250,63.28299942,0.448795987,232.6651715
610500,43.61699944,0.314562488,232.6985663
610750,49.37599876,0.459371482,232.6797638
611000,81.5489978,0.516270483,232.6622906
611250,56.90399872,0.417421994,232.6766742
611500,86.42899887,0.571512495,232.6486273
611750,64.74999756,0.368613988,232.6816754
612000,52.02599884,0.451541989,232.6513562
612250,70.86399872,0.456449988,232.6715472
612500,62.53899857,0.433116484,232.6990967
612750,69.57899841,0.488369992,232.6814996
613000,68.19699799,0.410969489,232.6828741
613250,56.06199905,0.436366482,232.6832013
613500,81.70899811,0.586742489,232.66836
613750,75.32099762,0.459971995,232.6592743
614000,75.05399902,0.548753992,232.6578271
614250,62.05899933,0.350173997,232.6993005
614500,53.52699791,0.484616989,232.6716565
614750,72.80399902,0.474702986,232.6465228
615000,75.99399841,0.482538983,232.6511359
615250,75.99399841,0.482538983,232.6511359
615500,54.75299919,0.338764485,232.6929395
615750,58.53099838,0.503414986,232.6461932
616000,77.61999878,0.502768484,232.6692737
616250,92.55499847,0.62165648,232.6485022
616500,73.9969986,0.413927484,232.6548175
616750,65.82399811,0.536439989,232.6620355
617000,76.01199814,0.447487987,232.6759613
617250,70.46099884,0.522633486,232.6633441
617500,62.58499939,0.374544984,232.6949939
617750,75.21899719,0.645979991,232.6214191
618000,92.50699875,0.49468699,232.6793146
618250,87.91799789,0.636797991,232.6287775
618500,104.3229974,0.562199488,232.6395618
618750,92.99999878,0.632885983,232.6415643
619000,79.97399826,0.452808483,232.6842084
619250,74.09299774,0.662100482,232.6083942
619500,101.9039981,0.517984979,232.6597681
619750,97.9409993,0.726145973,232.617627
620000,105.0209979,0.496882982,232.6825293
620250,76.24099838,0.675690973,232.618064
620500,96.66999817,0.478112485,232.6777319
620750,45.59799881,0.386820996,232.6952991
621000,73.28099731,0.642572968,232.6525616
621250,90.55599869,0.40928349,232.7095862
621500,44.06099823,0.375908487,232.7118347
621750,44.06099823,0.375908487,232.7118347
622000,51.99799927,0.339859992,232.701004
622250,61.7709996,0.639990485,232.5991791
622500,91.41099915,0.478389491,232.6783002
622750,53.07399963,0.542674484,232.6547699
623000,75.64299896,0.437431989,232.6684192
623250,65.2079985,0.52191949,232.6419385
623500,71.48899811,0.372695496,232.7105762
623750,48.54499939,0.51709798,232.6933618
624000,73.96699921,0.381110992,232.6899213
624250,57.96699814,0.575630974,232.6668427
624500,92.5919989,0.405054487,232.7062103
624750,39.6219989,0.470690489,232.668985
625000,61.11099808,0.343983496,232.670899
625250,49.76299942,0.524842988,232.6499268
625500,87.03699692,0.417725995,232.6862506
625750,45.52799866,0.414833491,232.6716113
626000,64.10399811,0.376146487,232.6911316
626250,35.58399895,0.474399987,232.6971771
626500,75.33799896,0.43232548,232.6832849
626750,48.59599899,0.417498991,232.6897693
627000,64.52299896,0.357179488,232.6999872
627250,37.59499939,0.399318488,232.6872327
627500,59.29699875,0.375425501,232.6970337
627750,37.34199905,0.423239486,232.6736743
628000,68.54599777,0.390798491,232.695058
628250,68.54599777,0.390798491,232.695058
628500,46.56099792,0.427758985,232.6793213
628750,76.91499847,0.399891484,232.6808093
629000,17.77699963,0.208687997,232.7247302
629250,16.76499989,0.189804999,232.7288971
629500,15.77499962,0.188615496,232.7340088
629750,15.75999928,0.188511493,232.6906415
630000,16.34599934,0.189276497,232.6937634
630250,16.52099983,0.188347498,232.6940839
630500,15.87999962,0.188114492,232.7047864
630750,17.00699993,0.188732497,232.7103296
631000,15.77699959,0.195315493,232.6974011
631250,18.28399952,0.206923498,232.6902039
631500,17.93899933,0.204102997,232.6809766
631750,18.50499962,0.201328496,232.7165833
632000,16.36999969,0.1908135,232.7066815
632250,17.13999996,0.188949994,232.7316254
632500,15.78199932,0.188968995,232.6888635
632750,16.7649995,0.190508992,232.7101703
633000,16.0729998,0.191190493,232.7114093
633250,16.24199974,0.191266993,232.7067322
633500,17.49599991,0.196496992,232.691297
633750,17.5,0.196223496,232.7062408
634000,15.16299976,0.173644498,232.7192029
634250,9.344000015,0.127672997,232.7107532
634500,6.44099987,0.123313497,232.7295599
634750,6.44099987,0.123313497,232.7295599
635000,5.640999966,0.123345497,232.7074731
635250,6.959999943,0.123250498,232.732785
635500,5.95199995,0.123322497,232.7096637
635750,5.355,0.123496495,232.7100116
636000,6.455000038,0.123355496,232.7073132
636250,6.136999969,0.123231997,232.7259473
636500,5.661000004,0.123274498,232.7405737
636750,6.556999989,0.123144998,232.700155
637000,5.988999901,0.123264498,232.7037451
637250,5.779999943,0.123482496,232.7192889
637500,6.848999958,0.123439496,232.7235529
637750,6.336999931,0.122977497,232.7248895
638000,6.294999962,0.123245496,232.716355
638250,5.501999969,0.123433497,232.7125793
638500,5.781999989,0.123371996,232.7174579
638750,6.972999897,0.123943497,232.7099554
639000,5.652000008,0.123216497,232.7003937
639250,5.62,0.123374498,232.694787
639500,6.969999924,0.123558497,232.6843207
639750,5.805999928,0.123298996,232.7028821
640000,6.566999989,0.123378997,232.7116748
640250,5.858999863,0.122892497,232.7112402
640500,5.925999908,0.123206495,232.7221527
640750,6.532999973,0.123385998,232.7066406
641000,5.822999897,0.123272498,232.7233057
641250,5.822999897,0.123272498,232.7233057
641500,6.041999931,0.123157496,232.6903058
641750,6.572999973,0.123215496,232.7085712
642000,5.702999935,0.123274495,232.6947955
642250,6.192999916,0.123455498,232.6949799
642500,5.25,0.123513498,232.6976904
642750,6.870999928,0.123685996,232.7151453
643000,6.32899992,0.123114498,232.6726202
643250,6.296999969,0.123285997,232.7159875
643500,5.491999969,0.123363998,232.6931146
643750,5.768999996,0.123438997,232.7074274
644000,6.063999901,0.123411995,232.6836163
644250,6.558999958,0.123189496,232.7027594
644500,5.712999897,0.123508496,232.6998877
644750,6.969999905,0.123291496,232.7150806
645000,5.740999966,0.123275997,232.6997864
645250,5.545999985,0.123496996,232.6650183
645500,6.321999931,0.123313997,232.6869922
645750,6.345999947,0.123374997,232.6930908
646000,5.644999943,0.123390996,232.697345
646250,6.948999939,0.123591497,232.677298
646500,6.006999969,0.123168496,232.6960999
646750,6.548000011,0.123159497,232.7022559
647000,5.709999962,0.122934997,232.6957318
647250,6.175999947,0.123285998,232.6947626
647500,6.469999962,0.123266497,232.6895068
647750,6.469999962,0.123266497,232.6895068
648000,5.623999958,0.123306996,232.7045148
648250,6.307999954,0.123319996,232.6947369
648500,6.331999969,0.123395496,232.7079071
648750,5.674999866,0.123513496,232.7142108
649000,6.396999989,0.123655498,232.7152429
649250,6.169999981,0.123050495,232.6838269
649500,5.662999992,0.123331496,232.6955469
649750,6.505000038,0.123211497,232.7233661
650000,6.069999962,0.122804496,232.6876337
650250,5.765999985,0.123224998,232.7015527
650500,6.556000061,0.123916996,232.6959143
650750,5.973999958,0.123185496,232.685296
651000,5.858999996,0.122943997,232.72578
651250,6.610000038,0.123303497,232.6847052
651500,5.854999981,0.123254997,232.7193127
651750,5.995999985,0.122813496,232.7118982
652000,6.620999966,0.123715997,232.7260754
652250,5.72899992,0.123150496,232.70909
652500,6.13,0.123474497,232.6943286
652750,6.516999989,0.123724497,232.6952405
653000,5.656000004,0.123329997,232.7050983
653250,6.264000015,0.123312996,232.6920728
653500,6.378999996,0.123350997,232.6683759
653750,5.628999939,0.123426994,232.6820813
654000,6.955999928,0.123034495,232.7014758
654250,6.955999928,0.123034495,232.7014758
654500,5.983999977,0.123272996,232.7007782
654750,6.537000027,0.123661996,232.67862
655000,5.734999943,0.123371995,232.7110278
655250,6.116999969,0.123585497,232.6974982
655500,6.476999989,0.123430997,232.7184601
655750,5.668999977,0.123337497,232.7073694
656000,6.216999969,0.123114499,232.7321716
656250,6.373999977,0.123177995,232.7096033
656500,5.578999977,0.123058496,232.6835217
656750,6.377000008,0.123340996,232.7117291
657000,6.228999977,0.123165996,232.6883948
657250,5.604999981,0.123039998,232.7047607
657500,6.479000034,0.123409497,232.707276
657750,6.09699995,0.123909497,232.7232123
658000,5.690999985,0.123721997,232.7177521
658250,6.560000057,0.123428497,232.6879547
658500,5.962999935,0.123502997,232.7183398
658750,5.809999962,0.122972997,232.7285938
659000,6.575000038,0.122771497,232.711554
659250,5.842999935,0.123536497,232.6932324
659500,6.974999905,0.123273998,232.6995691
659750,5.574999943,0.123263496,232.6889246
660000,5.688999996,0.123374498,232.7094568
660250,6.971999912,0.123482495,232.6766846
660500,5.747999935,0.123727497,232.6872443
660750,5.747999935,0.123727497,232.6872443
661000,6.587999973,0.123523997,232.6755389
661250,6.009999905,0.123258996,232.67625
661500,5.850999928,0.123479997,232.6844904
661750,6.645999985,0.123610497,232.7088727
662000,5.881999874,0.123338996,232.6692255
662250,5.987999916,0.123460998,232.6822516
662500,6.620999966,0.123724997,232.6905121
662750,5.762999897,0.123210997,232.672937
663000,6.123999901,0.123468497,232.6866803
663250,6.552999935,0.123288997,232.6763873
663500,5.681999912,0.123083997,232.69776
663750,6.257999916,0.123186997,232.6626251
664000,6.414999943,0.123639997,232.6921143
664250,5.662999916,0.123474496,232.6714337
664500,6.382999935,0.123206997,232.7087775
664750,6.27699995,0.123697496,232.6645782
665000,5.696999931,0.123353997,232.6884814
665250,6.482999973,0.123523499,232.6816193
665500,6.12699995,0.123505498,232.65737
665750,5.733999958,0.123243497,232.6819385
666000,6.557999973,0.123514996,232.7297784
666250,5.995999908,0.123479497,232.7222839
666500,5.828999882,0.123370498,232.7377612
666750,6.615,0.123160997,232.6968231
667000,5.90099987,0.123090498,232.6799329
667250,5.90099987,0.123090498,232.6799329
667500,5.973999939,0.123205497,232.6916089
667750,6.59199995,0.123223997,232.6921368
668000,5.752999935,0.123031495,232.695744
668250,6.109999924,0.123265998,232.6723053
668500,6.538999958,0.123393497,232.6983868
668750,5.646999874,0.123807495,232.7255078
669000,6.207999954,0.122884996,232.6968646
669250,6.410999985,0.122947997,232.6687854
669500,5.568000011,0.123434998,232.7246741
669750,6.329000015,0.123480993,232.6896277
670000,6.31,0.123335497,232.7251294
670250,5.619000015,0.123285999,232.6951379
670500,6.44800005,0.123394497,232.7269531
670750,6.170999985,0.123287996,232.6990686
671000,5.696999989,0.123591995,232.7059613
671250,6.536000061,0.123351998,232.7013855
671500,6.002999954,0.123221997,232.7091058
671750,5.799999981,0.123352996,232.7051056
672000,6.590000038,0.123239497,232.6926422
672250,5.877999954,0.123246498,232.6784668
672500,5.937999973,0.123561997,232.685426
672750,6.565000019,0.123392498,232.6981702
673000,5.795999985,0.122985496,232.6787976
673250,6.064999962,0.123164994,232.6983514
673500,6.551000004,0.123295494,232.7160352
673750,6.551000004,0.123295494,232.7160352
674000,5.686999989,0.123079998,232.6778418
674250,6.197000008,0.123518997,232.697547
674500,6.447999992,0.123143996,232.7001947
674750,5.629000015,0.123486997,232.7338165
675000,6.329000015,0.123218996,232.7135632
675250,6.31,0.123172997,232.6943964
675500,5.686999931,0.123196495,232.7063031
675750,6.440999985,0.123507496,232.6935315
676000,6.11899992,0.123250498,232.6717554
676250,5.649999943,0.123266499,232.6966327
676500,6.561000004,0.123210998,232.7074988
676750,6.05699995,0.123148997,232.7015289
677000,5.805999928,0.123155498,232.6823547
677250,6.58,0.123289996,232.6981891
677500,5.85599987,0.122811995,232.6847064
677750,5.925999928,0.123399496,232.6837708
678000,6.549000015,0.122787996,232.7139697
678250,5.749999905,0.123071996,232.7043451
678500,6.079999905,0.123015996,232.7011951
678750,6.564999962,0.123048996,232.7178888
679000,5.629999943,0.123218997,232.7032019
679250,6.19399992,0.123263995,232.6840826
679500,5.25,0.123297998,232.7072247
679750,6.565000019,0.123064997,232.7109857
680000,5.884999866,0.123243497,232.7241003
680250,5.884999866,0.123243497,232.7241003
680500,6.974999905,0.123473496,232.7003052
680750,5.529999943,0.123245497,232.7162335
681000,5.733999977,0.123270997,232.6936438
681250,6.035999928,0.123221997,232.7278424
681500,6.574999962,0.123445996,232.7242889
681750,5.667999897,0.123178498,232.7203711
682000,6.241999912,0.123846498,232.7093597
682250,6.43899992,0.123893995,232.7264014
682500,6.713999977,0.123209497,232.737785
682750,5.263999882,0.123013997,232.7127875
683000,6.29899992,0.122674997,232.6988739
683250,6.835999947,0.123458496,232.7210651
683500,5.748999882,0.123392997,232.7051117
683750,6.059999924,0.123293495,232.7094415
684000,6.568999958,0.123534497,232.7026904
684250,5.322999916,0.123144496,232.7348413
684500,6.024999943,0.123381997,232.7085626
684750,5.828999882,0.122900997,232.682641
685000,6.582999992,0.123195496,232.679115
685250,5.916999893,0.123650995,232.7156677
685500,5.929999905,0.123314997,232.6811786
685750,6.610999985,0.123156996,232.6771509
686000,5.776999855,0.123191998,232.6576996
686250,6.103999863,0.123002996,232.6986029
686500,6.540999928,0.122870997,232.7006665
686750,6.540999928,0.122870997,232.7006665
687000,5.696999893,0.123464496,232.7017548
687250,6.198999901,0.123294497,232.6950427
687500,6.446999931,0.123112497,232.695401
687750,5.636999931,0.123141996,232.7107294
688000,6.329999905,0.123124496,232.6664966
688250,6.317999954,0.123418499,232.6865839
688500,5.652999916,0.123307997,232.6804669
688750,6.44699995,0.122924997,232.6985455
689000,6.172999916,0.123284496,232.7058081
689250,5.68899992,0.122653498,232.6944965
689500,6.537999954,0.123193496,232.6854425
689750,6.040999947,0.123079496,232.7157935
690000,5.79,0.122946494,232.6954742
690250,6.602000008,0.123250496,232.6902814
690500,5.944999905,0.123171996,232.6882275
690750,5.919999924,0.123211496,232.7063245
691000,6.623999977,0.123442995,232.7040344
691250,5.811999931,0.123183496,232.6928015
691500,6.041999931,0.123399997,232.695683
691750,6.572999973,0.123224997,232.7177618
692000,5.702999935,0.123178996,232.7086499
692250,6.175999947,0.123562498,232.6936182
692500,5.25,0.122808997,232.698808
692750,6.870999928,0.122811497,232.7037219
693000,6.319999924,0.123387497,232.7058282
693250,6.319999924,0.123387497,232.7058282
693500,6.331999969,0.123535998,232.6897131
693750,5.491999969,0.123155497,232.7075885
694000,5.768999996,0.123532496,232.6908508
694250,6.973999901,0.122892997,232.7079474
694500,5.630999947,0.122803996,232.6980115
694750,5.662999973,0.122935997,232.7300824
695000,6.190999908,0.122744495,232.7211951
695250,6.481999969,0.123262496,232.6980353
695500,5.654999924,0.123421496,232.692243
695750,6.322999916,0.123253497,232.7134814
696000,6.345999947,0.122997499,232.6805127
696250,5.679999924,0.123410997,232.7169379
696500,6.44199995,0.123385998,232.7132361
696750,6.208999939,0.123395996,232.6934192
697000,5.713999939,0.123433998,232.699162
697250,6.526000004,0.123465995,232.6822736
697500,6.022999935,0.123569496,232.6769708
697750,5.775999947,0.123510495,232.7092029
698000,6.570000038,0.123159495,232.7165607
698250,5.936999912,0.122957498,232.7273694
698500,5.878999958,0.123073497,232.7060828
698750,6.545000019,0.123134997,232.6853552
699000,5.817999935,0.123355495,232.6859131
699250,6.014999962,0.123333496,232.7030426
699500,6.511000004,0.122932996,232.6890668
699750,6.511000004,0.122932996,232.6890668
700000,5.675999947,0.123240498,232.7245776
700250,6.149999962,0.123786997,232.7043622
700500,6.442999973,0.123245995,232.6984906
700750,5.587999973,0.122897997,232.7090955
701000,6.278999977,0.123309998,232.7171716
701250,6.305999966,0.123281496,232.6885156
701500,5.477999954,0.123837996,232.6969464
701750,5.796999989,0.123342497,232.7046265
702000,6.972999897,0.123242997,232.6885126
702250,5.638999977,0.123139998,232.6901691
702500,6.529000034,0.122969496,232.7031934
702750,6.029999943,0.123122498,232.6833148
703000,5.757999973,0.123498496,232.6894397
703250,6.570000038,0.123514996,232.6808264
703500,5.261999912,0.123559497,232.6900574
703750,6.331999969,0.123051497,232.6976196
704000,6.817999973,0.123233497,232.6997369
704250,5.791999893,0.123008497,232.7245703
704500,5.993999901,0.123529496,232.7112341
704750,5.32,0.123627996,232.6857098
705000,6.53,0.123365497,232.6982343
705250,6.069999962,0.123549995,232.689649
705500,5.730999985,0.123194497,232.7140112
705750,6.56300005,0.123265498,232.6810736
706000,5.937999935,0.123260499,232.7106494
706250,5.937999935,0.123260499,232.7106494
706500,5.868999977,0.122934498,232.6892883
706750,6.582000027,0.122966996,232.6883948
707000,5.818999958,0.122809996,232.6859149
707250,6.005999966,0.123273498,232.6853137
707500,6.548000011,0.123435497,232.6988025
707750,5.709999962,0.123569497,232.7108008
708000,6.138999996,0.123385496,232.7183698
708250,6.512999973,0.123047497,232.7195551
708500,5.587999973,0.123328497,232.7092566
708750,6.260999985,0.123538498,232.7363031
709000,6.304999981,0.123271498,232.7040411
709250,5.568999977,0.123631496,232.6851776
709500,6.385000019,0.123457496,232.7196967
709750,6.168999958,0.123182996,232.7166992
710000,5.688000011,0.123038997,232.6938434
710250,6.494000034,0.123283998,232.67289
710500,6.037999954,0.123373997,232.7218243
710750,5.722999973,0.123428998,232.7131299
711000,6.552000046,0.122952996,232.7121851
711250,5.975999928,0.123092997,232.7224994
711500,5.858999996,0.123373499,232.6937067
711750,6.606000023,0.123478497,232.7159204
712000,5.782999935,0.123320495,232.6782489
712250,5.997999954,0.122901998,232.692699
712500,6.511000004,0.123417995,232.7072168
712750,6.511000004,0.123417995,232.7072168
713000,5.66699995,0.123080496,232.7079468
713250,6.131999969,0.123522995,232.7127124
713500,6.447999973,0.123699494,232.700907
713750,5.61899992,0.123220997,232.704563
714000,6.257999916,0.123509496,232.7123395
714250,6.32699995,0.123583497,232.7124756
714500,5.44199995,0.123843997,232.7265143
714750,5.793000011,0.123284996,232.6961218
715000,6.973999901,0.123406497,232.7074176
715250,5.637999992,0.123140998,232.7227075
715500,6.48800005,0.122976495,232.7110986
715750,5.254999962,0.123585497,232.6885388
716000,6.516999989,0.123491496,232.7016901
716250,5.656000004,0.123360997,232.7071796
716500,6.264000015,0.123485997,232.7070807
716750,6.396999969,0.123750496,232.7246106
717000,5.649999962,0.123448998,232.7009009
717250,6.390000019,0.123329996,232.7191724
717500,6.241999989,0.123274498,232.7041028
717750,5.688000011,0.123335494,232.6991455
718000,6.49800005,0.123467999,232.7144171
718250,6.105999985,0.123311997,232.7465045
718500,5.716999969,0.123366497,232.7271942
718750,6.588000011,0.123655997,232.7015271
719000,5.917999916,0.123032998,232.7259149
719250,5.917999916,0.123032998,232.7259149
719500,5.874999924,0.123544997,232.7046173
719750,6.632999992,0.123511997,232.7088416
720000,5.799999905,0.123216996,232.7136102
720250,5.99199995,0.123600999,232.691546
720500,6.598999977,0.123552997,232.7152332
720750,5.683999901,0.123529996,232.7222913
721000,6.128999901,0.123170996,232.6840186
721250,6.464999943,0.123254498,232.705481
721500,5.604999905,0.123127997,232.677616
721750,6.260999947,0.123353496,232.7019055
722000,6.39699995,0.123142498,232.71909
722250,5.579999943,0.123206497,232.6950262
722500,6.389999962,0.123305497,232.6474597
722750,5.25,0.123247496,232.6941858
723000,6.538999958,0.123172998,232.6817389
723250,5.728999844,0.123115497,232.6999146
723500,6.169999847,0.123004997,232.7014178
723750,6.507999916,0.123179997,232.7132397
724000,5.656999893,0.123581497,232.699538
724250,6.265999889,0.123553998,232.7130682
724500,6.377999935,0.123294496,232.6858417
724750,5.637999897,0.123650497,232.6785797
725000,6.354999943,0.123265498,232.7014575
725250,6.240999928,0.123066498,232.6971313
725500,5.636999931,0.122690997,232.6982813
725750,5.636999931,0.122690997,232.6982813
726000,6.463999958,0.123045498,232.6990967
726250,6.114999924,0.123393497,232.6646533
726500,5.687999935,0.123518998,232.7423553
726750,6.594999962,0.123222496,232.6961053
727000,5.982999897,0.123528496,232.721123
727250,5.85899992,0.122913997,232.7319861
727500,6.582999992,0.123360997,232.7295551
727750,5.845999851,0.123273996,232.715498
728000,5.995999908,0.123480496,232.7142175
728250,6.548999977,0.123164498,232.7085541
728500,5.742999897,0.123082497,232.6996661
728750,6.131999893,0.123021497,232.7002472
729000,6.515999928,0.123247496,232.696026
729250,5.66399992,0.123187499,232.7104181
729500,6.265999908,0.123184997,232.7317236
729750,6.414999943,0.123108497,232.7194513
730000,5.399999981,0.123155497,232.7328632
730250,5.823000011,0.123224499,232.7053375
730500,5.946999969,0.123046496,232.6963818
730750,6.528000011,0.123227497,232.7033856
731000,5.732999935,0.122967998,232.7025537
731250,6.072999973,0.123258497,232.7239545
731500,6.476999989,0.123357998,232.7264124
731750,5.63699995,0.123598496,232.7085773
732000,6.214999962,0.123630498,232.7149841
732250,6.214999962,0.123630498,232.7149841
732500,6.373999977,0.123216498,232.7041144
732750,5.595999985,0.123085996,232.6907788
733000,6.338999996,0.123390497,232.7136487
733250,6.236999969,0.123465996,232.691228
733500,5.603999977,0.123326997,232.6815796
733750,6.462000027,0.123204997,232.7199072
734000,6.100999947,0.123374997,232.7089758
734250,5.671999969,0.123242998,232.7084644
734500,6.54300005,0.123654997,232.7134338
734750,5.966999931,0.123056496,232.7041473
735000,5.809999962,0.123311497,232.7002899
735250,6.562000027,0.123568496,232.7147137
735500,5.841999931,0.123480995,232.7117926
735750,5.947999954,0.123085496,232.7120813
736000,6.528000011,0.123365995,232.7197833
736250,5.732999935,0.123391996,232.7014276
736500,6.082999954,0.123337996,232.6957141
736750,6.476999989,0.122867497,232.7354822
737000,5.324999924,0.122726496,232.7235217
737250,5.987999973,0.123330996,232.7089856
737500,6.974999905,0.123474498,232.7133722
737750,5.408999958,0.123411497,232.7193622
738000,5.867999992,0.123602497,232.6985126
738250,5.969999905,0.122973496,232.7262183
738500,6.589999981,0.123025996,232.7189551
738750,6.589999981,0.123025996,232.7189551
739000,5.752999935,0.123505495,232.6815063
739250,6.109999924,0.123381497,232.7263141
739500,6.555999947,0.123401996,232.709223
739750,6.639999981,0.123457497,232.7000336
740000,5.257999935,0.123204498,232.7060809
740250,6.418999939,0.122945998,232.7057141
740500,5.627999916,0.123529997,232.700448
740750,6.36899992,0.123477996,232.6902893
741000,6.280999947,0.123318496,232.7172894
741250,5.67899992,0.123304998,232.7261456
741500,6.478999939,0.123283498,232.6916675
741750,6.12699995,0.123267498,232.6946503
742000,5.733999958,0.123267995,232.6922021
742250,6.562000008,0.123383499,232.7012329
742500,6.011999912,0.123221498,232.6903137
742750,5.832999916,0.123444995,232.703009
743000,6.615999985,0.123004997,232.7157544
743250,5.867999878,0.123355997,232.7108606
743500,5.969999905,0.123186495,232.6820538
743750,6.623999958,0.123279995,232.7147137
744000,5.285999947,0.122920497,232.7136572
744250,6.119999962,0.123162997,232.7255292
744500,5.683999939,0.122656996,232.7096637
744750,6.535999985,0.123122997,232.7141479
745000,6.02399992,0.122817997,232.7199554
745250,6.02399992,0.122817997,232.7199554
745500,5.813999958,0.123555995,232.7026105
745750,6.629000015,0.123377498,232.6636102
746000,5.888999901,0.123226999,232.6700336
746250,5.95199995,0.123370496,232.6948297
746500,6.561999989,0.123516496,232.6919751
746750,5.777999916,0.123385498,232.6778101
747000,6.087999935,0.123378498,232.6864825
747250,6.527999973,0.122946496,232.7108911
747500,5.33199995,0.122928497,232.7026514
747750,5.997000008,0.123007497,232.7067438
748000,5.799999981,0.123175495,232.674826
748250,6.592000008,0.123211997,232.682348
748500,5.877999954,0.123198996,232.7028253
748750,5.937999973,0.123516499,232.7110095
749000,6.565000019,0.123015497,232.6870331
749250,5.759999962,0.123023998,232.6815369
749500,6.072999973,0.123310997,232.6822894
749750,6.513999996,0.123442997,232.70737
750000,5.695999985,0.123304497,232.6814886
750250,6.198999977,0.123398496,232.7066437
750500,6.378999977,0.123348497,232.6871375
750750,5.659999962,0.122773997,232.7161377
751000,6.32199995,0.123088496,232.6935052
751250,6.324999943,0.123287998,232.6937219
751500,5.625999947,0.123398497,232.7117175
751750,5.625999947,0.123398497,232.7117175
752000,6.465,0.123124998,232.6945856
752250,6.15199995,0.123446498,232.7182501
752500,5.67699995,0.123020995,232.6959778
752750,6.563000011,0.123352497,232.6835046
753000,6.018999939,0.123172997,232.6769855
753250,5.776999989,0.123539999,232.6929297
753500,6.576000023,0.123281496,232.6983533
753750,5.895999928,0.123144997,232.6613531
754000,5.914999981,0.122939999,232.6839117
754250,6.571000042,0.122751997,232.6724969
754500,5.278999939,0.123452997,232.7076526
754750,6.185999966,0.123255496,232.6975055
755000,5.717999973,0.122884997,232.7320032
755250,6.561000004,0.123056498,232.6792902
755500,5.98699995,0.123090497,232.6981696
755750,5.803999958,0.123221998,232.6974335
756000,6.597000008,0.123502996,232.6838818
756250,5.927999916,0.123516994,232.6949841
756500,5.927999992,0.123620996,232.7025854
756750,6.602000027,0.123300495,232.6825873
757000,5.795999985,0.123150998,232.6731067
757250,6.971999912,0.123482995,232.6883923
757500,5.673999996,0.123114999,232.6980737
757750,6.591000004,0.123700495,232.6992731
758000,6.032999935,0.123659996,232.6923224
758250,6.032999935,0.123659996,232.6923224
758500,5.832999916,0.123938998,232.6881927
758750,5.519999981,0.123516497,232.6984503
759000,6.321999931,0.123435495,232.7179779
759250,6.258999939,0.123299997,232.7141388
759500,5.580999928,0.123125996,232.6907788
759750,6.431999989,0.123005496,232.7016333
760000,6.120999947,0.123204997,232.7330829
760250,6.974999905,0.123497496,232.7011688
760500,5.311999893,0.123301499,232.7120959
760750,6.055999985,0.123224998,232.7082104
761000,5.769999924,0.122945997,232.7167157
761250,6.566999989,0.123281497,232.7156616
761500,5.926999893,0.123495497,232.6842334
761750,5.905999947,0.123236496,232.7108014
762000,6.536999989,0.123149995,232.7142108
762250,5.818999882,0.123086996,232.6988354
762500,6.051999912,0.122850997,232.674762
762750,6.537999973,0.123075498,232.7027545
763000,5.711999931,0.123262998,232.6928009
763250,6.185999928,0.123555498,232.6961475
763500,5.25,0.123134997,232.6934662
763750,6.591000004,0.1229475,232.7083862
764000,5.909999866,0.123254997,232.7206934
764250,5.92899992,0.123291996,232.7112744
764500,6.635999966,0.123535998,232.7008881
764750,6.635999966,0.123535998,232.7008881
765000,5.78599987,0.123133999,232.7011536
765250,6.064999905,0.123183999,232.6967786
765500,6.552999973,0.123050496,232.7321704
765750,5.686999989,0.123152498,232.6899298
766000,6.197000008,0.123345996,232.6892017
766250,6.481999969,0.123102996,232.6729272
766500,5.620999947,0.123075497,232.6838086
766750,6.322999916,0.123378997,232.6949945
767000,6.31,0.123307995,232.6788159
767250,5.645999947,0.123286996,232.6948267
767500,6.444000015,0.123386998,232.7056097
767750,6.19199995,0.123349495,232.6828882
768000,5.717999973,0.123637497,232.6798492
768250,6.543000011,0.123148497,232.6824176
768500,5.254999962,0.122948496,232.7085632
768750,6.438999977,0.123116999,232.7052411
769000,5.623999977,0.123280498,232.6876898
769250,6.279999981,0.123460996,232.7312738
769500,6.300999985,0.123270995,232.7068353
769750,5.604999962,0.123276997,232.6993463
770000,6.412999973,0.123233998,232.7060345
770250,6.182999935,0.123528996,232.6873608
770500,5.65199995,0.123324498,232.6938672
770750,6.504999981,0.123029998,232.6869214
771000,6.04899992,0.123080996,232.7006659
771250,6.04899992,0.123080996,232.7006659
771500,5.737999935,0.123039497,232.7052399
771750,6.605000019,0.123324997,232.7031622
772000,5.915999889,0.123332996,232.7069171
772250,5.892999935,0.123416997,232.7169769
772500,6.562999992,0.123547997,232.6893964
772750,5.792999897,0.123364997,232.6967126
773000,6.02899992,0.122869497,232.7075061
773250,5.32,0.123288995,232.7086829
773500,6.53,0.123420497,232.7088263
773750,6.059999943,0.123373495,232.6979474
774000,5.767999954,0.123309497,232.7076038
774250,6.588000011,0.123336497,232.7283942
774500,5.966999855,0.123093499,232.7120746
774750,5.905999947,0.123106996,232.7031793
775000,6.608999958,0.123198498,232.7126312
775250,5.804999847,0.123340496,232.7340814
775500,6.033999863,0.122700998,232.7174811
775750,6.572999973,0.123250497,232.7055768
776000,5.294999886,0.123386496,232.6946661
776250,6.042999973,0.123290496,232.7309949
776500,5.752999935,0.123155996,232.7038745
776750,6.594000034,0.123182997,232.6916833
777000,5.952999916,0.123473496,232.7001465
777250,5.846999931,0.123402997,232.7164081
777500,6.578999996,0.123499497,232.6962805
777750,6.578999996,0.123499497,232.6962805
778000,5.82899992,0.123589996,232.7233307
778250,6.019999943,0.123657495,232.7147778
778500,6.544999981,0.123559495,232.7033789
778750,5.728999939,0.123163498,232.7021686
779000,6.118999977,0.123168997,232.7029388
779250,6.468999996,0.123310495,232.7088593
779500,5.668999977,0.123520996,232.6999628
779750,6.250999985,0.122942998,232.7165057
780000,6.364999981,0.122871997,232.7097479
780250,5.615,0.123254999,232.7015863
780500,6.370000019,0.123511497,232.6844269
780750,6.228999977,0.123651496,232.7240344
781000,5.605999985,0.123410997,232.7261871
781250,6.48800005,0.123334496,232.715777
781500,6.102999954,0.123274497,232.7030194
781750,5.707999992,0.123230498,232.7012726
782000,6.552000065,0.123718496,232.6979675
782250,5.963999939,0.123586495,232.6902838
782500,5.827999973,0.123540998,232.7358685
782750,6.625999947,0.123095496,232.7264661
783000,5.852999878,0.123287495,232.7014679
783250,6.03599987,0.123472995,232.7381384
783500,6.60899992,0.123011998,232.70021
783750,5.728999844,0.123558497,232.6893231
784000,6.169999847,0.123614997,232.7266827
784250,6.169999847,0.123614997,232.7266827
784500,6.523999939,0.123705497,232.6936096
784750,5.66399992,0.123371498,232.6913782
785000,6.227999916,0.123109997,232.685954
785250,5.25,0.123102996,232.71573
785500,6.615,0.123374498,232.6969794
785750,5.870999928,0.123185497,232.6846588
786000,5.973999939,0.123316497,232.7105377
786250,6.585999966,0.123201496,232.7018036
786500,5.702999897,0.123041997,232.6997528
786750,6.108999939,0.123209997,232.6808411
787000,6.538999958,0.123428496,232.7071136
787250,5.654999943,0.123125497,232.6846185
787500,6.243999939,0.123323496,232.7104694
787750,6.363999958,0.123371997,232.6886426
788000,5.580999966,0.123798996,232.7011542
788250,6.343999996,0.123117999,232.7096173
788500,6.232999973,0.123522998,232.6909241
788750,5.621999969,0.123046999,232.684259
789000,6.475999985,0.123532995,232.7200177
789250,6.105999908,0.123141498,232.7054901
789500,5.685999947,0.123035497,232.7100732
789750,6.595999966,0.123170997,232.7001282
790000,5.973999882,0.123974998,232.7004486
790250,5.850999928,0.123030497,232.6950995
790500,5.432999992,0.122971495,232.7070441
790750,5.432999992,0.122971495,232.7070441
791000,6.959999943,0.123090496,232.7012976
791250,5.98899992,0.123304497,232.6968982
791500,6.630999985,0.123430496,232.7133032
791750,5.282999916,0.123461497,232.7068896
792000,6.135,0.123389997,232.7356482
792250,5.706999969,0.123099997,232.6805762
792500,6.547000065,0.123161995,232.7391229
792750,5.966999931,0.123451498,232.692876
793000,5.809999962,0.123612497,232.6805383
793250,6.562000027,0.123170996,232.6929541
793500,5.839999962,0.122706996,232.6921533
793750,5.945999985,0.123048995,232.7041486
794000,6.532000027,0.123080997,232.7124841
794250,5.723999939,0.123418998,232.6978925
794500,6.062999992,0.123287498,232.6970428
794750,6.476999989,0.122890995,232.707049
795000,5.634999981,0.123099498,232.6995447
795250,6.214999962,0.123383999,232.7184979
795500,6.373999977,0.123160498,232.7161719
795750,5.569999981,0.123547997,232.6905469
796000,6.345,0.123636496,232.7028497
796250,6.273999977,0.123169995,232.7069727
796500,5.637999992,0.123492498,232.6855402
796750,6.455000038,0.123067997,232.6839215
797000,6.136999969,0.123824497,232.7027777
797250,6.136999969,0.123824497,232.7027777
797500,5.696999989,0.123191997,232.6839313
797750,6.545000057,0.123173497,232.6872833
798000,5.256999931,0.123137495,232.7089148
798250,6.434999981,0.123504996,232.7352747
798500,6.730999985,0.123433996,232.7055328
798750,5.26699995,0.123397495,232.7130402
799000,6.296999989,0.123340497,232.7023547
799250,5.622999992,0.123052498,232.7013092
799500,6.429000034,0.122955998,232.679978
799750,6.161999969,0.123510996,232.7001526
800000,5.673999996,0.123232998,232.730144
800250,6.576999969,0.123387498,232.7061389
800500,6.014999905,0.122997498,232.6985223
800750,5.832999916,0.123295497,232.7000989
801000,6.563000011,0.123427497,232.6895563
801250,5.884999866,0.123311996,232.7092993
801500,5.900999947,0.123143997,232.6932269
801750,6.607999954,0.122768497,232.6807623
802000,5.281999912,0.123375998,232.711424
802250,6.189999981,0.123269997,232.7311719
802500,6.974999905,0.123217496,232.7241229
802750,5.315999928,0.123210496,232.6954596
803000,5.985999985,0.123279996,232.7023236
803250,5.787999935,0.122950998,232.7084003
803500,6.566000023,0.122988995,232.7030817
803750,6.566000023,0.122988995,232.7030817
804000,5.853999901,0.123494496,232.7070416
804250,5.923999958,0.123194495,232.7219537
804500,6.545999985,0.123376997,232.701203
804750,5.815999889,0.123505998,232.7067139
805000,6.061999893,0.123392497,232.709328
805250,6.535999966,0.123175498,232.7053387
805500,5.677999916,0.122964499,232.7054205
805750,6.185999928,0.123176996,232.6880682
806000,6.432999954,0.123302996,232.7031238
806250,5.354999962,0.123277996,232.6942096
806500,5.88699995,0.122820496,232.7108179
806750,5.929999905,0.123305498,232.6778027
807000,6.609999981,0.123170996,232.7087787
807250,5.78599987,0.123347499,232.6649304
807500,6.066999893,0.123466497,232.6936829
807750,6.549999943,0.123377496,232.6833142
808000,5.687999878,0.123284997,232.6752008
808250,6.165999908,0.122984998,232.6823462
808500,6.447999935,0.122924495,232.7022345
808750,5.629999905,0.122746995,232.670611
809000,6.327999916,0.123215497,232.6841937
809250,6.309999943,0.123061993,232.6813916
809500,5.654999905,0.122981496,232.7221118
809750,6.448999939,0.123152498,232.7016577
810000,6.210999928,0.123467996,232.7274597
810250,6.210999928,0.123467996,232.7274597
810500,5.608999958,0.123118497,232.6861279
810750,5.616000004,0.122939496,232.7168976
811000,6.150999966,0.122936998,232.6699542
811250,6.434999981,0.123476496,232.710813
811500,5.607999973,0.123278497,232.6929205
811750,6.278999977,0.123116998,232.7101251
812000,6.304999981,0.123297498,232.6964514
812250,5.586999969,0.123312997,232.7196747
812500,6.403000011,0.123396497,232.6627405
812750,6.168999958,0.123257997,232.7135138
813000,5.637999973,0.123108497,232.6832196
813250,6.512000027,0.123478498,232.691355
813500,6.029999943,0.123263497,232.6740027
813750,5.741999969,0.123348497,232.694826
814000,6.570000038,0.123377997,232.7026416
814250,5.901999912,0.123010497,232.6741211
814500,5.878999958,0.122944495,232.6912018
814750,6.545000019,0.123329997,232.6982813
815000,5.782999935,0.123428498,232.6912579
815250,6.015999947,0.123467997,232.6717236
815500,6.511000004,0.123326495,232.6852649
815750,5.684999943,0.123590997,232.6883783
816000,6.149999962,0.123689997,232.6832568
816250,6.438999977,0.123048997,232.6904767
816500,5.605999966,0.123361997,232.6725629
816750,5.605999966,0.123361997,232.6725629
817000,6.278999977,0.123088995,232.6855927
817250,6.304999981,0.123438997,232.69177
817500,5.586999969,0.123341497,232.7264282
817750,6.403000011,0.123317496,232.6890106
818000,6.169999943,0.123324496,232.6951782
818250,5.61699995,0.123115996,232.6807684
818500,5.666999969,0.123166999,232.725481
818750,6.175999947,0.123815497,232.7080811
819000,6.48699995,0.123311997,232.7080103
819250,5.619999924,0.123192498,232.6936243
819500,6.308999939,0.122978999,232.6936823
819750,6.348999958,0.123062498,232.6882489
820000,5.648999958,0.122957496,232.7082806
820250,6.427999954,0.123496496,232.7268585
820500,6.194999962,0.123241498,232.722171
820750,5.695999928,0.122970498,232.7180249
821000,6.53,0.123135497,232.7177631
821250,6.060999928,0.123282497,232.6919946
821500,5.76399992,0.123286997,232.7226031
821750,5.510999985,0.123331997,232.6990594
822000,6.276999931,0.123286496,232.7478326
822250,6.318999958,0.123349499,232.6876508
822500,6.835999947,0.122977997,232.7264087
822750,5.273999901,0.122981496,232.7363049
823000,6.180999966,0.123390996,232.7141302
823250,6.180999966,0.123390996,232.7141302
823500,5.65199995,0.123389497,232.7172498
823750,6.521999989,0.123326498,232.676402
824000,6.047999916,0.123332497,232.7182819
824250,5.720999928,0.123621497,232.720625
824500,6.575,0.123336496,232.710752
824750,5.924999886,0.123477499,232.7254883
825000,5.85899992,0.123328997,232.7096887
825250,6.583999996,0.123453996,232.711955
825500,5.790999889,0.123067997,232.7176184
825750,6.027999916,0.122897497,232.6854419
826000,6.507999973,0.122961497,232.7009961
826250,5.692999897,0.122962497,232.6908167
826500,6.119999905,0.123411997,232.7158557
826750,6.493999958,0.123015995,232.7061285
827000,5.659999943,0.123275999,232.7161145
827250,6.284999943,0.123377996,232.7020154
827500,6.355999966,0.123469496,232.7334015
827750,5.608999939,0.123598497,232.7283228
828000,6.413999977,0.123320498,232.7103851
828250,6.218999958,0.123520996,232.7060992
828500,5.640999947,0.123478997,232.7098981
828750,6.515,0.123572499,232.7259869
829000,6.074999924,0.122954997,232.7020349
829250,5.76399992,0.122894998,232.7212109
829500,6.605999985,0.123178998,232.7081781
829750,6.605999985,0.123178998,232.7081781
830000,5.966999855,0.123188996,232.7213947
830250,5.903999958,0.123423498,232.6997754
830500,6.616000004,0.122900995,232.6909314
830750,5.810999889,0.123278997,232.7058093
831000,6.005999966,0.123737999,232.7015295
831250,5.32,0.123361496,232.7108575
831500,6.931999931,0.123290997,232.721369
831750,6.136999893,0.123404496,232.7179218
832000,5.25,0.123502496,232.7281122
832250,6.569000072,0.123352996,232.7162036
832500,5.944999905,0.123440496,232.6983368
832750,5.901999912,0.123213496,232.7216089
833000,6.573000031,0.123493497,232.6828735
833250,5.851999874,0.123535497,232.707113
833500,5.997999897,0.123255497,232.6947772
833750,6.574999943,0.123349499,232.6993048
834000,5.73599987,0.123519497,232.6830817
834250,6.170999851,0.123482497,232.6956415
834500,6.505999908,0.123099996,232.7200018
834750,5.649999866,0.123227498,232.7078815
835000,6.301999855,0.123695498,232.6869611
835250,6.367999916,0.123463997,232.6916364
835500,5.674999866,0.123196497,232.7200763
835750,6.38899992,0.123423497,232.7020477
836000,6.240999928,0.123522997,232.682771
836250,6.240999928,0.123522997,232.682771
836500,5.671999912,0.123169497,232.706098
836750,6.498999939,0.123453496,232.6820679
837000,6.105999908,0.123200997,232.698017
837250,5.756000004,0.122750997,232.7181458
837500,6.570000019,0.123096498,232.6992188
837750,5.958999901,0.123551998,232.694978
838000,5.846999931,0.123269496,232.7184662
838250,6.554000034,0.123241993,232.6928668
838500,5.843999939,0.123301497,232.7084576
838750,5.981999969,0.123500997,232.7123718
839000,6.537000027,0.123311497,232.7058899
839250,5.72699995,0.123082495,232.7216095
839500,6.118999977,0.123264996,232.7409888
839750,6.476999989,0.123173497,232.7221289
840000,5.361999969,0.123212499,232.7186975
840250,5.999999981,0.123366497,232.6924579
840500,5.850999928,0.123403496,232.7028265
840750,6.628000011,0.123672497,232.7219238
841000,5.863999901,0.123702495,232.713689
841250,5.99199995,0.123621997,232.6788593
841500,6.603999958,0.123473997,232.7303717
841750,5.752999935,0.123534997,232.7254242
842000,6.109999924,0.123479998,232.7133533
842250,6.535999947,0.123238497,232.725932
842500,5.668999958,0.123242998,232.7238019
842750,5.668999958,0.123242998,232.7238019
843000,6.260999966,0.123603497,232.7479059
843250,6.396999969,0.123165998,232.7012177
843500,5.649999962,0.123447498,232.696546
843750,6.386999969,0.123328998,232.7214349
844000,5.25,0.123524995,232.707738
844250,6.558999996,0.123359496,232.755921
844500,5.742999897,0.123369497,232.7196423
844750,6.097999916,0.123497996,232.7206097
845000,6.490999966,0.123148996,232.7304639
845250,5.69899992,0.123172996,232.7157281
845500,6.256999931,0.123208498,232.7036194
845750,6.424999962,0.123309495,232.7049469
846000,5.662999916,0.123200997,232.6878735
846250,6.382999935,0.123634495,232.7136017
846500,6.27699995,0.123157497,232.7102972
846750,5.696999931,0.123196497,232.7132251
847000,6.478999977,0.123079997,232.7108008
847250,5.251999969,0.123545997,232.6815961
847500,6.490999966,0.123283497,232.7162207
847750,5.649999905,0.123189496,232.7031781
848000,6.211999912,0.123567999,232.7256433
848250,6.374999962,0.123223495,232.7112036
848500,5.595999966,0.123361496,232.7316522
848750,6.339999943,0.123317497,232.7218439
849000,6.254999943,0.123688996,232.7104974
849250,6.254999943,0.123688996,232.7104974
849500,5.616999931,0.123522496,232.7063062
849750,6.462999992,0.123135496,232.7002673
850000,6.18699995,0.123227499,232.7535785
850250,5.671999969,0.123332498,232.7159149
850500,6.54,0.123254495,232.6985767
850750,5.98899992,0.123286996,232.7210022
851000,5.805999928,0.123431496,232.7066669
851250,6.584000015,0.123114496,232.7255548
851500,5.929999886,0.122947997,232.7190326
851750,5.94399992,0.123258996,232.7058344
852000,6.532999992,0.123417495,232.6920013
852250,5.740999889,0.123015996,232.7142419
852500,6.087999935,0.123453497,232.6876019
852750,6.527999973,0.123493498,232.7088342
853000,5.312999935,0.122813497,232.7123566
853250,5.997000008,0.122671995,232.7155786
853500,5.791999912,0.123033495,232.7283154
853750,6.617000027,0.123396997,232.7214417
854000,5.913999977,0.123058497,232.6958252
854250,5.919999924,0.122975996,232.7132416
854500,6.602000027,0.123089496,232.7066492
854750,5.274999905,0.123155496,232.7208276
855000,6.158999996,0.123518997,232.6945862
855250,5.673999996,0.123066495,232.6808258
855500,6.512000027,0.123452997,232.7076746
855750,6.512000027,0.123452997,232.7076746
856000,6.033999939,0.123570497,232.7029919
856250,5.740999966,0.123616497,232.7293945
856500,6.570000038,0.123033997,232.7212592
856750,5.89399992,0.122875998,232.7153687
857000,5.914999981,0.123130997,232.7144891
857250,6.571000042,0.123367996,232.694978
857500,5.784999943,0.123173997,232.6984589
857750,6.015999947,0.123103497,232.7037555
858000,6.511000004,0.123221998,232.6745624
858250,5.703999958,0.123326498,232.7006915
858500,6.183999977,0.122981997,232.7164874
858750,5.25,0.123305495,232.7024652
859000,6.618999996,0.123277997,232.707298
859250,5.927999916,0.123107497,232.7047705
859500,5.923999958,0.123146995,232.6947784
859750,6.62,0.123439998,232.7204498
860000,5.825999928,0.123177497,232.7198981
860250,6.055999908,0.123245495,232.7137634
860500,6.568999977,0.123273496,232.7133368
860750,5.712999897,0.123111498,232.7009875
861000,6.190999908,0.123370494,232.68013
861250,6.483999939,0.123322997,232.6844592
861500,5.654999924,0.123129498,232.7068732
861750,6.322999916,0.123455496,232.7171252
862000,6.363999977,0.123154497,232.7202753
862250,6.363999977,0.123154497,232.7202753
862500,5.675999947,0.123338998,232.718067
862750,6.368000011,0.123250496,232.7233069
863000,6.228999977,0.123295498,232.7196326
863250,5.713999939,0.123569497,232.7009613
863500,6.468000011,0.123352497,232.7193304
863750,6.074999924,0.123373997,232.7234265
864000,5.711999969,0.123688498,232.7261444
864250,5.493999996,0.123262497,232.7022192
864500,6.962999916,0.123388498,232.6818567
864750,5.901999912,0.123353496,232.7173309
865000,6.645,0.123117999,232.7215521
865250,5.273999901,0.123172998,232.7165942
865500,6.241999989,0.122908496,232.7270367
865750,5.707999973,0.122843497,232.7189459
866000,6.512000027,0.123080496,232.7177783
866250,6.107999954,0.123331499,232.7104907
866500,5.751999969,0.123299496,232.6941919
866750,6.570000019,0.123010497,232.712995
867000,5.995999928,0.123268496,232.7191296
867250,5.856999912,0.123396497,232.7213885
867500,6.549999981,0.123424498,232.7311102
867750,5.269999924,0.122926495,232.7271295
868000,6.247999954,0.123199996,232.7615875
868250,5.63899992,0.122904496,232.7216364
868500,6.523999901,0.123743995,232.7413129
868750,6.523999901,0.123743995,232.7413129
869000,6.095999889,0.123741999,232.7222662
869250,5.759999886,0.123407999,232.7050818
869500,6.619999924,0.123057996,232.730976
869750,5.984999886,0.123425496,232.7316754
870000,5.897999878,0.123228496,232.7128253
870250,6.572999973,0.123017997,232.7477295
870500,5.834999847,0.123398997,232.737514
870750,5.959999924,0.123209997,232.7303564
871000,6.628999958,0.123040998,232.7219427
871250,5.742999897,0.123640497,232.7336035
871500,6.097999916,0.123078996,232.7082013
871750,6.490999966,0.123114995,232.7343213
872000,5.341999931,0.123204998,232.7087128
872250,5.986999989,0.123496499,232.7259235
872500,5.845999947,0.123412997,232.7081073
872750,6.615,0.123070996,232.6937946
873000,5.86899992,0.123185497,232.6880145
873250,5.973999939,0.123351495,232.7412012
873500,6.563999996,0.123306496,232.7217212
873750,5.725999908,0.122947495,232.7280585
874000,6.11899992,0.123315995,232.7178021
874250,6.50199995,0.123418998,232.6982361
874500,5.620999928,0.123305996,232.7076819
874750,6.249999943,0.123168997,232.7096112
875000,6.400999966,0.123097998,232.7267981
875250,6.400999966,0.123097998,232.7267981
875500,5.422999973,0.123544499,232.7078351
875750,5.836999989,0.123604497,232.7083234
876000,5.961999931,0.123219497,232.7133289
876250,6.595999985,0.123599999,232.7358636
876500,5.769999924,0.123154996,232.7064008
876750,6.087999935,0.123350995,232.6977039
877000,6.527999973,0.123695498,232.7045459
877250,5.688999939,0.123401997,232.74414
877500,6.22199995,0.123531498,232.7554413
877750,6.424999962,0.123863995,232.7455133
878000,5.634999962,0.122902995,232.7112256
878250,6.346999969,0.122762497,232.6882013
878500,6.286999969,0.123249497,232.718161
878750,5.659999962,0.123340997,232.7071918
879000,6.465,0.123666497,232.7363782
879250,5.252999973,0.123297997,232.711496
879500,6.516000004,0.123281997,232.7140601
879750,5.63699995,0.123608998,232.7006281
880000,6.212999992,0.123497997,232.6887476
880250,6.373999977,0.123297496,232.6967303
880500,5.629000015,0.123396497,232.6885046
880750,6.329000015,0.123262497,232.7168176
881000,6.31,0.123251497,232.7014673
881250,5.654000015,0.123650496,232.7342657
881500,6.44800005,0.123497498,232.7052332
881750,6.44800005,0.123497498,232.7052332
882000,6.172999992,0.123527496,232.6967621
882250,5.723999977,0.123655498,232.7055444
882500,6.568999996,0.123484995,232.6881317
882750,6.027999954,0.123216995,232.6899768
883000,5.776999989,0.123468495,232.6877222
883250,6.596000061,0.123363497,232.7024597
883500,5.901999912,0.123306498,232.7234424
883750,5.914999981,0.123212497,232.7129309
884000,6.571000042,0.123480496,232.6871301
884250,5.278999939,0.123329998,232.7020819
884500,6.172000008,0.123388498,232.7005798
884750,5.713999939,0.123630998,232.7181366
885000,6.543000011,0.123523496,232.7179852
885250,6.074999924,0.123311997,232.7378564
885500,5.785999966,0.123307997,232.6845068
885750,6.618999996,0.123000498,232.7216632
886000,5.927999916,0.123370497,232.7317926
886250,5.922999954,0.123339497,232.7270007
886500,6.606999989,0.123173997,232.69185
886750,5.811999931,0.123280996,232.7160022
887000,6.041999931,0.123250996,232.694563
887250,6.572999973,0.123385497,232.7274188
887500,5.303999958,0.123411995,232.7302747
887750,6.025999985,0.123218497,232.7402979
888000,5.736999931,0.123095497,232.7122644
888250,5.736999931,0.123095497,232.7122644
888500,6.601000023,0.123181497,232.668147
888750,5.916999893,0.123550495,232.6816089
889000,5.892999935,0.123632499,232.6824323
889250,6.58,0.123416499,232.7033148
889500,5.792999897,0.122895996,232.7004572
889750,6.029999924,0.123600499,232.6814105
890000,6.524999981,0.123646499,232.7287946
890250,5.694999905,0.123556998,232.7040247
890500,6.164999924,0.123101497,232.7140179
890750,6.460999947,0.122777496,232.6814099
891000,5.635999928,0.123479497,232.6979535
891250,6.292999935,0.123407997,232.7043616
891500,6.32699995,0.122926998,232.714425
891750,5.478999958,0.123212997,232.700769
892000,5.783999996,0.123492496,232.7142255
892250,6.041999931,0.123288496,232.7028876
892500,6.574999943,0.123338996,232.6969397
892750,5.736999912,0.123392498,232.7158319
893000,6.177999916,0.123486499,232.7222992
893250,6.503999939,0.123232997,232.7058099
893500,5.657999935,0.123123997,232.7130334
893750,6.299999886,0.123364997,232.7040576
894000,6.331999969,0.123385496,232.7380994
894250,5.682999935,0.123497496,232.7114185
894500,6.433999958,0.123549497,232.7319281
894750,6.433999958,0.123549497,232.7319281
895000,6.230999908,0.123179996,232.7239447
895250,5.708999882,0.123498998,232.7151044
895500,6.523999901,0.123402996,232.7169788
895750,6.059999943,0.123190497,232.7111359
896000,5.730999985,0.123184997,232.7024023
896250,6.594999962,0.123160498,232.6949548
896500,5.939999905,0.123075998,232.7028333
896750,5.868999977,0.123746996,232.7180267
897000,5.388999977,0.123140498,232.7069708
897250,6.420999966,0.123101496,232.7165076
897500,6.182999935,0.123248498,232.7057843
897750,5.676999969,0.123147495,232.724129
898000,6.515,0.123237997,232.7101062
898250,6.084999943,0.123305995,232.705813
898500,5.710999947,0.123089996,232.7008423
898750,6.594000034,0.123439997,232.7153442
899000,5.952999916,0.123270996,232.7220331
899250,5.846999931,0.123627497,232.7449805
899500,6.621000004,0.123344496,232.7102667
899750,5.82899992,0.123458495,232.71461
900000,5.98399992,0.122963998,232.7205383
900250,6.561999989,0.123064496,232.7108173
900500,5.717999916,0.123344999,232.6925305
900750,6.11899992,0.123474995,232.716593
901000,5.25,0.1234915,232.6948029
901250,5.25,0.1234915,232.6948029
901500,6.894999905,0.123202496,232.7015131
901750,6.260999908,0.123482994,232.7138593
902000,5.25,0.123206997,232.7078729
902250,6.617999973,0.123491497,232.7190515
902500,5.845999851,0.123302497,232.7393677
902750,5.997999897,0.123447497,232.7004578
903000,6.620999966,0.123712998,232.6986609
903250,5.72899992,0.123466996,232.7006494
903500,6.123999901,0.122963996,232.6980249
903750,6.516999989,0.123206496,232.699834
904000,5.647999935,0.123057995,232.6997943
904250,6.255999947,0.122885996,232.6848157
904500,6.414999943,0.123300498,232.7058582
904750,5.662999916,0.123290495,232.6964728
905000,6.382999935,0.123409497,232.7336078
905250,5.25,0.123533997,232.7103229
905500,6.528000011,0.123353997,232.7068896
905750,5.732999935,0.123242496,232.6741785
906000,6.971999912,0.123112497,232.7212891
906250,5.712999935,0.123268497,232.6809448
906500,5.555,0.123145494,232.7190894
906750,6.214999962,0.123307496,232.6925006
907000,6.369999981,0.123363496,232.7195538
907250,5.579999981,0.123268999,232.696402
907500,6.343999996,0.123294497,232.688916
907750,6.343999996,0.123294497,232.688916
908000,6.236999969,0.123142996,232.7220667
908250,5.621999989,0.123567998,232.6833136
908500,6.475000038,0.123044996,232.6954828
908750,6.098999939,0.123308496,232.7083643
909000,5.685999947,0.123097996,232.6852002
909250,6.57,0.123219498,232.6927393
909500,5.981999912,0.123274499,232.6922339
909750,5.823999939,0.123354493,232.7157867
910000,6.597000008,0.122940498,232.6818573
910250,5.856999874,0.123225995,232.7061194
910500,5.961999931,0.123173498,232.6776117
910750,6.562999992,0.123076997,232.6929205
911000,5.742999897,0.123502497,232.7045044
911250,6.097999916,0.123345996,232.7044501
911500,5.285,0.123252998,232.7056152
911750,6.882999935,0.123337996,232.7215375
912000,6.237999916,0.123273996,232.7166162
912250,5.25,0.122923998,232.7090179
912500,6.615,0.122846498,232.6725226
912750,5.870999928,0.123304999,232.6891205
913000,5.973999939,0.123748997,232.7033771
913250,6.589999981,0.123397498,232.7277802
913500,5.752999935,0.123438497,232.709201
913750,6.108999939,0.123063497,232.6930023
914000,6.538999958,0.123079996,232.7171478
914250,6.538999958,0.123079996,232.7171478
914500,5.619999943,0.123270997,232.6969226
914750,6.252999935,0.123432496,232.7098718
915000,6.363999958,0.122942998,232.7137036
915250,5.640999947,0.123291499,232.7132501
915500,6.371999969,0.123219496,232.7002429
915750,6.22699995,0.122953997,232.6855634
916000,5.63199995,0.123153496,232.6941229
916250,6.490999985,0.123359497,232.691571
916500,6.092999935,0.123180496,232.7056409
916750,5.708999939,0.123261498,232.7076489
917000,6.559000015,0.123625997,232.7211505
917250,5.958999901,0.123252997,232.7056213
917500,5.837999935,0.122946997,232.7120032
917750,6.588999996,0.123510497,232.6900989
918000,5.836999912,0.123310997,232.6782642
918250,5.947999954,0.123210498,232.6860419
918500,5.371999989,0.122897997,232.7053442
918750,6.490999966,0.123024496,232.6868585
919000,6.150999947,0.123284497,232.6938477
919250,5.747999935,0.123241996,232.7208331
919500,6.596999989,0.123400996,232.7228186
919750,6.009999905,0.123226497,232.6919299
920000,5.850999928,0.123425497,232.6960828
920250,6.645999985,0.123068995,232.6950836
920500,5.881999874,0.123145497,232.6820325
920750,5.881999874,0.123145497,232.6820325
921000,5.987999916,0.123584998,232.673833
921250,6.620999966,0.123081996,232.698761
921500,5.769999924,0.123104999,232.7215619
921750,6.123999901,0.123011497,232.680274
922000,6.552999935,0.123305995,232.6764331
922250,5.664999924,0.123213995,232.699552
922500,6.256999931,0.123218997,232.7016412
922750,6.396999969,0.122986997,232.6829065
923000,5.645999928,0.123124998,232.7055469
923250,6.385999985,0.123448998,232.696579
923500,6.258999977,0.122920996,232.6990735
923750,5.578999977,0.123034498,232.6968494
924000,5.685,0.123138497,232.6894165
924250,6.083999958,0.122747498,232.7081763
924500,6.472999992,0.123424496,232.7134009
924750,5.649999962,0.123169497,232.7018103
925000,6.228999939,0.122695,232.7152344
925250,6.387999954,0.122509496,232.7073224
925500,5.609999943,0.123413998,232.6941663
925750,6.353999958,0.123014999,232.7050031
926000,5.250999985,0.122835496,232.6994012
926250,6.585999985,0.123093998,232.6812494
926500,5.752999935,0.123459997,232.6976672
926750,6.108999939,0.123165996,232.7255701
927000,6.539999943,0.123260996,232.7265308
927250,6.539999943,0.123260996,232.7265308
927500,5.671999931,0.123136497,232.6743463
927750,6.242999954,0.123000498,232.6833228
928000,6.40199995,0.123060996,232.6820575
928250,5.627999916,0.123477496,232.6788641
928500,6.38199995,0.123183998,232.6955389
928750,6.275999966,0.123375496,232.7122101
929000,5.679999943,0.123616998,232.6977063
929250,6.49199995,0.123704997,232.711347
929500,6.123999958,0.123291496,232.6991547
929750,5.751999969,0.123233497,232.706178
930000,6.575000019,0.123628996,232.6999695
930250,5.258999939,0.123247996,232.6948553
930500,6.387999954,0.123444996,232.7084741
930750,5.592999935,0.123154496,232.6790826
931000,6.33699995,0.123287997,232.7015955
931250,6.254999943,0.123248496,232.6896979
931500,5.634999943,0.123352498,232.7033215
931750,6.471999989,0.122971997,232.7094165
932000,6.115999928,0.123126496,232.6977271
932250,5.685999947,0.122910497,232.6874335
932500,5.584999981,0.123402995,232.7059076
932750,6.966999931,0.123608998,232.7161792
933000,5.823999939,0.123493995,232.6906903
933250,6.593000011,0.123199497,232.715611
933500,5.852999878,0.123163995,232.6849878
933750,5.852999878,0.123163995,232.6849878
934000,5.961999931,0.123266995,232.7002301
934250,6.558999996,0.123288996,232.6964642
934500,5.289999924,0.123339998,232.7154907
934750,6.097999992,0.123581497,232.7093707
935000,6.939999924,0.123176996,232.7143719
935250,5.33199995,0.123421997,232.7156909
935500,5.96,0.123443498,232.6817535
935750,5.800999966,0.123034499,232.7232446
936000,6.562000027,0.123019497,232.7082495
936250,5.911999931,0.123347496,232.7201001
936500,5.945999985,0.123229498,232.7137854
936750,6.602000027,0.123619497,232.7032111
937000,5.732999935,0.123042498,232.677395
937250,6.082999954,0.123066995,232.6972119
937500,6.476999989,0.123450495,232.6893713
937750,5.63699995,0.123226496,232.6970685
938000,6.196999969,0.123232996,232.6971545
938250,6.443999977,0.123570496,232.6966638
938500,5.591999931,0.123596997,232.6995294
938750,6.339999943,0.123141996,232.7234509
939000,6.254999943,0.123232496,232.7134497
939250,5.616999931,0.123155496,232.6826971
939500,6.458999977,0.123562998,232.7047205
939750,5.252999954,0.123314497,232.677243
940000,6.556999931,0.123401496,232.7079388
940250,6.556999931,0.123401496,232.7079388
940500,5.66399992,0.122549997,232.7023712
940750,6.241999912,0.123214996,232.6967059
941000,6.418999939,0.123207996,232.6828577
941250,5.644999905,0.123133495,232.7030029
941500,6.36899992,0.123318498,232.7280658
941750,6.262999973,0.123130998,232.6897858
942000,5.699999943,0.123248996,232.682785
942250,6.477999954,0.123200996,232.6940021
942500,6.162999897,0.123408498,232.6829138
942750,5.725999889,0.123559497,232.7050409
943000,6.575999947,0.123597497,232.6832703
943250,6.03099987,0.123227996,232.7080109
943500,5.828999882,0.123370495,232.7023767
943750,6.633999958,0.123040499,232.7004254
944000,5.265999889,0.123528997,232.7084723
944250,6.253999958,0.122840995,232.6856757
944500,5.632999935,0.122792998,232.7098804
944750,6.437999973,0.123256496,232.6970343
945000,6.12399992,0.123534996,232.7047137
945250,5.683999939,0.123181494,232.6951227
945500,6.577999992,0.122686997,232.6832965
945750,5.979999905,0.123498497,232.6942194
946000,5.789999924,0.123178497,232.6969232
946250,6.566999989,0.123006497,232.6956421
946500,5.886999893,0.123605497,232.67362
946750,5.886999893,0.123605497,232.67362
947000,5.915999928,0.123518997,232.7034259
947250,6.561999989,0.123621497,232.7243048
947500,5.769999924,0.123265997,232.7256628
947750,6.087999935,0.123049498,232.7045758
948000,6.535999966,0.123228496,232.7204749
948250,5.694999924,0.123170997,232.7217395
948500,6.187999935,0.123793495,232.7026514
948750,6.424999962,0.123120997,232.6747876
949000,5.634999962,0.123414498,232.6958423
949250,6.315999985,0.123427496,232.709577
949500,5.25,0.123472998,232.684433
949750,6.602000027,0.123437496,232.6990277
950000,5.795999985,0.123073997,232.6903693
950250,6.062999992,0.123154995,232.7153992
950500,6.552999973,0.123124997,232.6859283
950750,5.686999989,0.123111497,232.6927802
951000,6.197000008,0.123430995,232.7157397
951250,6.447999992,0.123126998,232.6974261
951500,5.629000015,0.123425498,232.6877393
951750,6.320999947,0.123002495,232.7196906
952000,6.343999977,0.123206997,232.7110486
952250,5.514000015,0.123330498,232.7375861
952500,5.748000011,0.123447998,232.7364093
952750,6.015999947,0.123429997,232.7384491
953000,6.511000004,0.123037995,232.7167297
953250,6.511000004,0.123037995,232.7167297
953500,5.693999958,0.123109498,232.7214587
953750,6.183999977,0.122680997,232.707876
954000,6.442999973,0.122670498,232.6988013
954250,5.641999989,0.122795498,232.6963397
954500,6.31,0.123390996,232.7062592
954750,6.304999981,0.123227997,232.6992175
955000,5.604999981,0.123430997,232.7035468
955250,6.399000015,0.123301997,232.7029529
955500,5.251999969,0.123510498,232.6923438
955750,6.569999962,0.123726999,232.7008258
956000,5.703999939,0.123173995,232.7062573
956250,6.175999947,0.123373995,232.7080029
956500,6.469999962,0.123356997,232.7319952
956750,5.623999958,0.123240498,232.6931854
957000,6.307999954,0.123449497,232.7091229
957250,6.331999969,0.123475999,232.6917548
957500,5.648999958,0.123064996,232.6933228
957750,6.431999989,0.1227095,232.7170123
958000,6.194999962,0.123036994,232.7326245
958250,5.700999966,0.123016998,232.6955853
958500,6.53,0.123069998,232.7052576
958750,5.253999958,0.123081497,232.7097687
959000,6.45699995,0.123329997,232.7242896
959250,5.636999931,0.123014996,232.6977722
959500,6.291999931,0.123391497,232.7033051
959750,6.291999931,0.123391497,232.7033051
960000,6.318999958,0.123165498,232.7007227
960250,5.621999912,0.123082999,232.685722
960500,6.405999928,0.123340997,232.6926019
960750,6.180999928,0.123053496,232.700321
961000,5.721999912,0.123322496,232.706994
961250,6.503999958,0.123142996,232.69776
961500,6.048999901,0.123369995,232.7023621
961750,5.754999943,0.123229996,232.7336261
962000,6.668999977,0.123161996,232.711817
962250,5.898999863,0.123058996,232.6895313
962500,5.963999882,0.123064997,232.6798914
962750,6.600999966,0.123163499,232.7030023
963000,5.275999889,0.123047997,232.6998407
963250,6.193999977,0.123988999,232.7058972
963500,5.673999958,0.123439495,232.723681
963750,6.538999996,0.123019496,232.7104333
964000,6.025999928,0.123068498,232.7249854
964250,5.777999935,0.123229998,232.7058893
964500,6.597000008,0.123525499,232.7175226
964750,5.893999901,0.123468997,232.7117761
965000,5.906999931,0.123359998,232.7208032
965250,6.571999989,0.123565998,232.7172113
965500,5.777999916,0.123305496,232.6996088
965750,6.041999931,0.123421499,232.722392
966000,5.285,0.123224997,232.704472
966250,5.285,0.123224997,232.704472
966500,6.555999966,0.123284996,232.7356891
966750,6.049999924,0.123367496,232.6833942
967000,6.974999905,0.122564996,232.6841858
967250,5.354999962,0.123556497,232.6960907
967500,5.897999973,0.122805997,232.69354
967750,5.919999924,0.123061496,232.6798578
968000,6.637999973,0.123166497,232.708147
968250,5.821999893,0.123190998,232.7152734
968500,6.055999908,0.123265997,232.7187366
968750,6.595999966,0.123446996,232.7093872
969000,5.721999912,0.123326497,232.6956995
969250,6.190999908,0.123513497,232.6928601
969500,6.483999939,0.123206494,232.6994409
969750,5.637999935,0.123041997,232.6976593
970000,6.321999931,0.123344496,232.7029218
970250,5.25,0.122731497,232.695451
970500,6.562000027,0.123335998,232.6945679
970750,5.778999939,0.123392496,232.7058673
971000,6.029999924,0.123954998,232.7005945
971250,6.524999981,0.123017998,232.706626
971500,5.693999901,0.123284497,232.702265
971750,6.164999924,0.123193995,232.7056995
972000,6.460999947,0.123032498,232.6999951
972250,5.635999928,0.123192498,232.708924
972500,6.293999939,0.123101998,232.7024988
972750,6.293999939,0.123101998,232.7024988
973000,6.318999958,0.123560495,232.6767896
973250,5.617999935,0.122842497,232.6988959
973500,6.395999966,0.123456496,232.7008813
973750,6.182999935,0.123545996,232.711098
974000,5.65199995,0.123209997,232.6943311
974250,6.521999989,0.123231997,232.7122009
974500,6.040999908,0.123018496,232.6991705
974750,5.74699995,0.122774498,232.6990509
975000,5.493999996,0.123122498,232.7017212
975250,6.279999981,0.123644499,232.6995209
975500,6.300999985,0.123124997,232.705481
975750,5.586999969,0.123212997,232.6875378
976000,6.403000011,0.123307998,232.7077478
976250,6.164999962,0.123217495,232.7018982
976500,5.655999985,0.123161497,232.7326001
976750,6.512000027,0.123120497,232.7227063
977000,6.029999943,0.123242498,232.6846289
977250,5.737999935,0.123317997,232.7243146
977500,6.601000023,0.123467496,232.7107465
977750,5.916999893,0.123185996,232.7032574
978000,5.929999905,0.123200998,232.7100995
978250,6.609999981,0.123154998,232.6976904
978500,5.78599987,0.123140998,232.7180438
978750,6.031999912,0.123055498,232.6957617
979000,5.285,0.123135495,232.6807928
979250,5.285,0.123135495,232.6807928
979500,6.536999989,0.122912997,232.6892352
979750,6.032999954,0.123427498,232.7034442
980000,5.740999966,0.123272499,232.6937311
980250,6.570000038,0.123204496,232.7031531
980500,5.901999912,0.123558496,232.7187708
980750,5.895999966,0.123041998,232.7166827
981000,6.576000004,0.123346998,232.7053931
981250,5.795999889,0.123304496,232.7279456
981500,6.011999912,0.123238497,232.7499036
981750,5.32,0.123098496,232.7118646
982000,6.53,0.123163496,232.7430487
982250,6.06699995,0.123360997,232.6893292
982500,5.731999969,0.123369996,232.7325287
982750,6.570000038,0.123138497,232.714353
983000,5.936999912,0.123179497,232.721568
983250,5.869999962,0.123351494,232.6952655
983500,6.545000019,0.123732997,232.7036871
983750,5.817999935,0.123288496,232.6997144
984000,6.015999947,0.123163495,232.6788519
984250,5.32,0.123540998,232.7435559
984500,6.541999969,0.123336497,232.7097687
984750,6.076999931,0.123301999,232.7153522
985000,5.781999931,0.123399998,232.6876483
985250,6.601999989,0.123431497,232.6998016
985500,5.948999882,0.123250496,232.714339
985750,5.948999882,0.123250496,232.714339
986000,5.901999912,0.123345997,232.7267792
986250,6.607999973,0.123193997,232.6906171
986500,5.811999931,0.123458498,232.7073291
986750,6.037999897,0.123076496,232.6848163
987000,6.555999985,0.122972997,232.6842255
987250,5.709999962,0.123496998,232.69659
987500,6.131999912,0.123397497,232.6982416
987750,6.479999981,0.123142997,232.739538
988000,5.665999985,0.123250496,232.730235
988250,6.282000008,0.123117998,232.7131439
988500,5.25,0.123571497,232.7296967
988750,6.761999931,0.123514996,232.7203625
989000,6.423999939,0.123150496,232.7287042
989250,6.186999931,0.123538997,232.7319379
989500,5.598999939,0.123426997,232.7030341
989750,5.685,0.123511497,232.7077454
990000,6.16899992,0.123200997,232.7318835
990250,6.505999966,0.123294998,232.698609
990500,5.636999912,0.123338497,232.7152094
990750,6.305999889,0.122889999,232.6701385
991000,6.349999943,0.123332496,232.7172998
991250,5.661999912,0.123660997,232.7204175
991500,6.360999985,0.123556496,232.7026007
991750,6.230999966,0.123390999,232.7419958
992000,5.695999928,0.123193995,232.694043
992250,5.695999928,0.123193995,232.694043
992500,6.456999989,0.123268497,232.725849
992750,6.077999916,0.123055996,232.7014899
993000,5.731000004,0.123498497,232.7172821
993250,6.556000061,0.123461997,232.7018884
993500,5.973999958,0.123611499,232.7138599
993750,5.858999996,0.123200497,232.6968274
994000,5.432999992,0.123415998,232.720307
994250,6.370000019,0.123259495,232.705434
994500,6.232999973,0.123221998,232.7077618
994750,5.706999893,0.123370995,232.7010229
995000,6.507000008,0.123105496,232.7092261
995250,6.103999939,0.123079997,232.7005402
995500,5.730999985,0.123352498,232.7040015
995750,6.556000023,0.123227495,232.6714337
996000,5.990999947,0.123349496,232.6944806
996250,5.854999962,0.123174999,232.7066406
996500,6.594000015,0.123365497,232.7175391
996750,5.271999893,0.123000496,232.7020361
997000,6.229999924,0.123479497,232.6913385
997250,6.887999935,0.123226496,232.6848193
997500,5.735999889,0.123223998,232.7043854
997750,6.115999966,0.123198997,232.6806018
998000,5.285,0.123286998,232.6820892
998250,6.557000046,0.123054495,232.7069629
998500,5.991999931,0.123090498,232.7085785
998750,5.991999931,0.123090498,232.7085785
999000,5.854999962,0.122948998,232.6910571
999250,6.628000011,0.123526998,232.7113696
999500,5.867999935,0.123395998,232.7148578
999750,5.991999931,0.123374497,232.7190741
1000000,6.585999966,0.123097498,232.6806183
1000250,5.726999912,0.123002998,232.6908112
1000500,6.083999958,0.123172998,232.6946667
1000750,6.508999958,0.123069998,232.7075
1001000,5.342999935,0.123306497,232.6803546
1001250,5.956000004,0.122744497,232.7077924
1001500,5.823999939,0.123302996,232.6923914
1001750,6.625999985,0.123136498,232.7109467
1002000,5.879999886,0.123352995,232.7157867
1002250,5.987999916,0.123503997,232.7128876
1002500,6.589999981,0.123696997,232.6912488
1002750,5.752999935,0.123315498,232.7057941
1003000,6.117999935,0.123315997,232.70966
1003250,6.501999969,0.123360499,232.6992639
1003500,5.633999958,0.123139997,232.7067621
1003750,6.211999931,0.123263997,232.71565
1004000,6.387999954,0.123585497,232.735498
1004250,5.613999977,0.122824996,232.6971191
1004500,6.357999954,0.123227496,232.7050092
1004750,5.25,0.122816998,232.6621466
1005000,6.528000011,0.123194997,232.7037958
1005250,6.528000011,0.123194997,232.7037958
1005500,5.732999935,0.123256996,232.6851392
1005750,6.082999954,0.123060496,232.7140839
1006000,6.476999989,0.122957498,232.6837299
1006250,5.632999954,0.122899496,232.6911682
1006500,6.231999969,0.123465997,232.675907
1006750,5.25,0.123263995,232.6919519
1007000,6.631999989,0.123338496,232.6944598
1007250,5.870999928,0.123533497,232.7108411
1007500,6.973999901,0.123234997,232.6924097
1007750,5.54699995,0.123133998,232.6956415
1008000,5.716999989,0.122855496,232.7118976
1008250,6.109999924,0.122937998,232.7077313
1008500,6.538999958,0.123374998,232.6959204
1008750,5.654999943,0.123140498,232.6787061
1009000,6.249999943,0.123202997,232.6913141
1009250,6.401999969,0.123469996,232.6944836
1009500,5.568999996,0.123345496,232.703761
1009750,6.342999992,0.123405495,232.6912506
1010000,5.250999985,0.123269998,232.6989313
1010250,6.590999966,0.123572996,232.6745691
1010500,5.752999935,0.123893995,232.7101471
1010750,6.108999939,0.123437498,232.7002563
1011000,6.538999958,0.123412997,232.6961786
1011250,5.654999943,0.122908998,232.7127075
1011500,6.242999954,0.123176497,232.7145105
1011750,6.242999954,0.123176497,232.7145105
1012000,6.400999966,0.123006999,232.694408
1012250,5.648999939,0.122972997,232.719425
1012500,6.371999969,0.123144995,232.6857385
1012750,6.262999973,0.123304996,232.6989758
1013000,5.552999897,0.123600497,232.7183929
1013250,5.701999989,0.123237497,232.7024725
1013500,6.095999908,0.123436996,232.7197632
1013750,6.498999958,0.123606995,232.7395056
1014000,5.70699995,0.123610497,232.709931
1014250,6.239999905,0.123441495,232.7249225
1014500,6.400999966,0.123318997,232.7062177
1014750,5.632999897,0.123356497,232.7061957
1015000,6.342999992,0.122811498,232.7152991
1015250,6.320999947,0.123459997,232.6921143
1015500,5.66699995,0.123594998,232.7184338
1015750,6.431000004,0.122988496,232.7398572
1016000,6.145999928,0.123158497,232.7173383
1016250,5.733999958,0.123605996,232.726474
1016500,6.562999992,0.122958497,232.7345227
1016750,6.028999901,0.123231997,232.7566748
1017000,5.83699995,0.123071496,232.7065234
1017250,6.624000015,0.122795997,232.678299
1017500,5.877999954,0.123136498,232.6810089
1017750,5.927999992,0.123056996,232.6974042
1018000,6.532000027,0.123303497,232.6942322
1018250,6.532000027,0.123303497,232.6942322
1018500,5.802999935,0.123593495,232.6966895
1018750,6.080999985,0.123603995,232.7320685
1019000,6.476999989,0.123289498,232.6928265
1019250,5.306999931,0.123119497,232.7057544
1019500,6.034000015,0.123137996,232.6767535
1019750,5.79,0.123125498,232.7167059
1020000,6.58,0.123274996,232.6997614
1020250,5.859999886,0.123334498,232.7466901
1020500,5.925999928,0.123123996,232.7379059
1020750,6.528999977,0.123184997,232.7367285
1021000,5.750999889,0.123179997,232.7240015
1021250,6.087999935,0.122956996,232.6898364
1021500,6.536999989,0.123216996,232.7168213
1021750,5.688999939,0.123553997,232.68789
1022000,6.220999966,0.123346997,232.712818
1022250,6.418999939,0.123206998,232.6899994
1022500,5.414999905,0.123407997,232.711394
1022750,5.873999996,0.123535998,232.7211237
1023000,5.896999969,0.123235997,232.7311853
1023250,6.610999947,0.123026998,232.7403784
1023500,5.755999889,0.123259495,232.7036023
1023750,6.064999962,0.123114998,232.7200122
1024000,6.568999977,0.123102496,232.7023566
1024250,5.686999912,0.123134497,232.705401
1024500,6.219999943,0.123083498,232.7179614
1024750,6.219999943,0.123083498,232.7179614
1025000,6.419999924,0.123350497,232.7269379
1025250,5.675999889,0.123110997,232.7225775
1025500,6.329999905,0.123217497,232.7276483
1025750,5.25,0.123580497,232.7446173
1026000,6.537000027,0.123669496,232.7250751
1026250,5.77699995,0.123016498,232.7256738
1026500,6.051999969,0.123227996,232.7104102
1026750,6.507000008,0.123465995,232.7229303
1027000,5.698999939,0.123404998,232.7422345
1027250,6.231999893,0.123414495,232.7294025
1027500,6.483999939,0.123270998,232.7310406
1027750,5.572999935,0.123251998,232.7093939
1028000,6.30199995,0.123232997,232.7211493
1028250,6.296999989,0.123332997,232.6932501
1028500,5.622999992,0.122917996,232.7286499
1028750,6.437000027,0.123348996,232.728399
1029000,5.252999973,0.123365999,232.7334827
1029250,6.568999977,0.123288996,232.6957538
1029500,5.66899992,0.123615496,232.7095709
1029750,6.185999928,0.123664497,232.7063556
1030000,6.432999954,0.123046497,232.7145685
1030250,5.633999939,0.123321497,232.7067297
1030500,6.31699995,0.123235496,232.7056415
1030750,6.296999969,0.123072997,232.697323
1031000,5.649999943,0.123540497,232.7254089
1031250,5.649999943,0.123540497,232.7254089
1031500,6.438999977,0.123503495,232.7269128
1031750,6.160999947,0.123402498,232.7493378
1032000,5.673999958,0.123262496,232.7344324
1032250,6.512000027,0.123235998,232.7319604
1032500,6.032999935,0.123501497,232.7149146
1032750,5.740999966,0.123562497,232.7110187
1033000,6.587000046,0.123318496,232.6750653
1033250,5.916999893,0.123344495,232.6994824
1033500,5.926999931,0.123218997,232.6862177
1033750,6.636999989,0.123343496,232.6743542
1034000,5.277999935,0.123624996,232.7129156
1034250,6.181999969,0.123446997,232.7319702
1034500,5.71199995,0.123410499,232.702735
1034750,6.539999962,0.123035496,232.7285077
1035000,6.05699995,0.123249996,232.6978253
1035250,5.781999931,0.123429497,232.7282025
1035500,6.584000015,0.123445497,232.6883765
1035750,5.948999882,0.123003998,232.6923309
1036000,5.905999947,0.123127997,232.6863293
1036250,6.606999989,0.123317999,232.6846735
1036500,5.807999897,0.123522497,232.7034827
1036750,6.037999897,0.123395495,232.7114825
1037000,6.573999958,0.123380997,232.6970764
1037250,5.299999924,0.123042496,232.6952258
1037500,6.042999973,0.123515496,232.7074579
1037750,6.042999973,0.123515496,232.7074579
1038000,5.754999943,0.123501497,232.7072107
1038250,6.601000023,0.122789497,232.7074982
1038500,5.916999893,0.123026496,232.6809967
1038750,5.892999935,0.123016997,232.7140991
1039000,6.576000004,0.123529997,232.7117755
1039250,5.794999905,0.123055497,232.7112518
1039500,6.056999912,0.123339496,232.7087762
1039750,5.285,0.123425997,232.7162903
1040000,6.525,0.123258498,232.6904736
1040250,6.047999916,0.123217498,232.6841766
1040500,5.754999943,0.123115998,232.6893457
1040750,6.601000023,0.123563496,232.6965332
1041000,5.916999893,0.122873996,232.7227948
1041250,5.892999935,0.123025997,232.6886121
1041500,6.576000004,0.122940497,232.691947
1041750,5.273999901,0.123495997,232.7109766
1042000,6.193999977,0.123078498,232.7381128
1042250,5.699999962,0.123100997,232.7084723
1042500,6.53,0.123064997,232.7036438
1042750,6.067999954,0.123372498,232.7001379
1043000,5.731999969,0.123319999,232.6886511
1043250,6.572000046,0.123362997,232.6969312
1043500,5.936999912,0.123267996,232.7101697
1043750,5.869999962,0.123448996,232.7098102
1044000,6.547000027,0.123294996,232.6959625
1044250,6.547000027,0.123294996,232.6959625
1044500,5.782999935,0.123123997,232.7135052
1044750,6.014999962,0.123009996,232.7074329
1045000,6.546000004,0.123225496,232.6850348
1045250,5.309999962,0.123211997,232.6940601
1045500,6.071999969,0.122998995,232.7115942
1045750,6.974999905,0.123355996,232.7221448
1046000,5.361999969,0.122865496,232.7160095
1046250,5.933999977,0.123120995,232.7012805
1046500,5.849999962,0.123258,232.7058325
1046750,6.637999973,0.123368997,232.7224487
1047000,5.850999889,0.123198996,232.7303131
1047250,6.005999966,0.123554996,232.7104755
1047500,6.513000011,0.123475997,232.7201147
1047750,5.675999947,0.123462497,232.6884344
1048000,6.140999966,0.123097996,232.7206348
1048250,6.460999947,0.123509997,232.7223138
1048500,5.635999928,0.123666997,232.7063531
1048750,6.292999935,0.123122495,232.7002417
1049000,6.322999954,0.123487998,232.6726343
1049250,5.478999958,0.123289497,232.6925793
1049500,5.800999985,0.123008497,232.7036603
1049750,6.033999863,0.123476498,232.7027631
1050000,6.572999973,0.122844498,232.7133087
1050250,5.702999935,0.123140498,232.720188
1050500,6.167999878,0.123019997,232.7357141
1050750,6.167999878,0.123019997,232.7357141
1051000,6.471999931,0.123521998,232.7098114
1051250,5.657999935,0.123177995,232.7198425
1051500,6.307999954,0.123324999,232.7013403
1051750,6.365999947,0.123215497,232.7223236
1052000,5.648999958,0.123170995,232.7030322
1052250,6.42399992,0.123281997,232.7080408
1052500,6.194999962,0.123018496,232.6991388
1052750,5.699999962,0.123507496,232.720354
1053000,6.530999985,0.123376495,232.7206335
1053250,6.067999954,0.123132496,232.6902814
1053500,5.737999935,0.123194997,232.6927856
1053750,6.588000011,0.123233996,232.6932825
1054000,5.920999889,0.123078499,232.7079297
1054250,5.875999928,0.123051496,232.7227472
1054500,6.576000004,0.122874997,232.7143298
1054750,5.792999897,0.123390996,232.7294025
1055000,6.029999924,0.123349497,232.7186346
1055250,6.532999973,0.123009495,232.7197784
1055500,5.307999916,0.123333496,232.7164819
1055750,6.055999985,0.123589498,232.6895544
1056000,5.767999954,0.123372997,232.6869531
1056250,6.554000034,0.123282997,232.7140674
1056500,5.900999928,0.123696497,232.6892896
1056750,5.868999977,0.123055496,232.7252747
1057000,6.547000027,0.123736997,232.7013861
1057250,6.547000027,0.123736997,232.7013861
1057500,5.784999943,0.123511997,232.7132013
1057750,6.00699995,0.123102497,232.7105383
1058000,6.513000011,0.123045498,232.7095947
1058250,5.683999958,0.123435498,232.6945313
1058500,6.149999962,0.123155996,232.6845465
1058750,5.25,0.123057999,232.6922729
1059000,6.584000015,0.123483498,232.6989795
1059250,5.948999901,0.123198997,232.7155206
1059500,5.897999878,0.123569499,232.6974268
1059750,6.608999958,0.123332499,232.6983142
1060000,5.818999958,0.123366996,232.735426
1060250,6.005999966,0.123226497,232.7097626
1060500,6.548000011,0.122995996,232.695578
1060750,5.682999973,0.123513496,232.6937158
1061000,6.149999962,0.123394496,232.7118896
1061250,6.512999973,0.123341495,232.7361157
1061500,5.656000004,0.123314498,232.7473608
1061750,6.26,0.123388997,232.7345276
1062000,6.308999996,0.123353496,232.7400916
1062250,5.586999969,0.123344496,232.7142194
1062500,6.385000019,0.123371997,232.7183533
1062750,5.251999969,0.123403497,232.6924988
1063000,6.590999947,0.123455496,232.7317224
1063250,5.698999901,0.123349498,232.7074756
1063500,6.175999947,0.123029498,232.708075
1063750,6.175999947,0.123029498,232.708075
1064000,6.479999981,0.123329497,232.7024426
1064250,5.630999985,0.123393998,232.6950317
1064500,6.282999954,0.123536498,232.7074744
1064750,6.308999996,0.122865497,232.7046259
1065000,5.655,0.123308997,232.716427
1065250,6.403000011,0.123273498,232.6989551
1065500,6.241000004,0.123331998,232.7195941
1065750,5.688000011,0.123287497,232.7365851
1066000,6.507999992,0.123671996,232.7287225
1066250,5.254999943,0.122986496,232.7422839
1066500,6.489999943,0.123418498,232.7180505
1066750,5.636999912,0.123169498,232.7096967
1067000,6.302999935,0.123731498,232.7115802
1067250,6.367999973,0.123465496,232.7204163
1067500,5.587999973,0.123217497,232.7507111
1067750,6.426999969,0.123616496,232.7159729
1068000,6.230999966,0.123266997,232.6825458
1068250,5.712999916,0.123255996,232.7078101
1068500,6.543999977,0.123045997,232.7081494
1068750,6.097999954,0.123732494,232.7119464
1069000,5.76399992,0.123441497,232.7222913
1069250,6.536000023,0.123211497,232.7290735
1069500,5.261999912,0.123309497,232.7217133
1069750,6.396999969,0.122998498,232.7206329
1070000,5.597999954,0.122920496,232.7061713
1070250,5.597999954,0.122920496,232.7061713
1070500,6.399999962,0.123548997,232.7262817
1070750,6.186999931,0.123164497,232.7065948
1071000,5.613999977,0.122945996,232.7161395
1071250,6.473999977,0.122511497,232.7171637
1071500,6.124999905,0.123117498,232.6872253
1071750,5.71899992,0.123204997,232.7053314
1072000,6.575,0.123544497,232.7201801
1072250,5.922999878,0.1232355,232.7065363
1072500,5.854999943,0.123065497,232.707627
1072750,6.540999985,0.123197996,232.7145648
1073000,5.802999897,0.123382498,232.7304584
1073250,5.991999931,0.1231655,232.7100568
1073500,6.552999973,0.123002495,232.6918988
1073750,5.295999928,0.123410496,232.688717
1074000,6.10199995,0.123354495,232.7174725
1074250,5.722999916,0.123081996,232.69341
1074500,6.594999962,0.123457996,232.741427
1074750,5.973999882,0.123352497,232.7188025
1075000,5.860999908,0.123257497,232.7236908
1075250,6.617999973,0.123395498,232.6999286
1075500,5.881999874,0.123369498,232.6948737
1075750,5.987999916,0.123204997,232.7006958
1076000,6.618999958,0.122898997,232.7111053
1076250,5.77099987,0.123415496,232.7115143
1076500,6.133999882,0.123272994,232.7156897
1076750,6.133999882,0.123272994,232.7156897
1077000,5.25,0.123138997,232.7065857
1077250,6.535000057,0.123211497,232.6938489
1077500,5.966999931,0.123144997,232.6997375
1077750,5.809999962,0.122863997,232.7042896
1078000,6.562000027,0.123236999,232.7175452
1078250,5.841999931,0.123314995,232.7128162
1078500,5.947999954,0.123239495,232.701424
1078750,6.528000011,0.123354498,232.6933142
1079000,5.293999939,0.123388499,232.7029919
1079250,6.138999958,0.123833996,232.7072882
1079500,5.747999935,0.123732495,232.7056573
1079750,6.592000008,0.123366996,232.7114014
1080000,5.991999931,0.123011997,232.7231781
1080250,5.854999962,0.123248496,232.7061792
1080500,6.628000011,0.123446999,232.7206592
1080750,5.885999908,0.123634997,232.7028894
1081000,5.987999916,0.123481495,232.7015051
1081250,6.620999966,0.123076996,232.6755383
1081500,5.745999908,0.123378997,232.711322
1081750,6.12699995,0.123565995,232.6866174
1082000,6.55199995,0.123514496,232.7273712
1082250,5.337999973,0.123846496,232.7191064
1082500,5.977999973,0.123170996,232.7237964
1082750,5.823999939,0.122784496,232.704649
1083000,6.593000011,0.123156997,232.7104431
1083250,6.593000011,0.123156997,232.7104431
1083500,5.852999878,0.123398496,232.69685
1083750,5.961999931,0.123336996,232.717475
1084000,6.558000011,0.123187997,232.6920984
1084250,5.746999931,0.123621998,232.6932977
1084500,6.099999962,0.123504996,232.7188416
1084750,6.472999992,0.123323996,232.7084015
1085000,5.654999962,0.123141497,232.6970978
1085250,6.214999962,0.123007497,232.7077631
1085500,6.387999954,0.123133497,232.6705463
1085750,5.609999943,0.122928498,232.7042108
1086000,6.353999958,0.123196997,232.6975525
1086250,5.25,0.123118498,232.6947308
1086500,6.530000019,0.122947995,232.6814026
1086750,5.732999935,0.122904996,232.7157788
1087000,6.082999954,0.123320498,232.6898425
1087250,6.477999973,0.123429496,232.7128015
1087500,5.646999912,0.123418496,232.7201532
1087750,6.212999916,0.123182997,232.7146429
1088000,6.387999954,0.123333496,232.6928888
1088250,5.591999931,0.123312995,232.7324597
1088500,6.35699995,0.123341498,232.6933698
1088750,5.250999985,0.123150495,232.7482367
1089000,6.606999969,0.123167996,232.6998682
1089250,5.748999901,0.123193497,232.6961438
1089500,6.109999924,0.122944497,232.7090411
1089750,6.109999924,0.122944497,232.7090411
1090000,6.57399992,0.123398997,232.7102594
1090250,5.646999874,0.123084995,232.6931042
1090500,6.244999924,0.123458996,232.7070496
1090750,6.434999943,0.123328498,232.6991162
1091000,5.63199995,0.122935996,232.7250732
1091250,6.363999901,0.123124999,232.722547
1091500,6.264999943,0.123469996,232.7013568
1091750,5.560999966,0.123318496,232.6825226
1092000,5.701999989,0.123665497,232.7215613
1092250,6.063999901,0.123256997,232.7145044
1092500,6.490999966,0.123451997,232.7156818
1092750,5.654999905,0.123289995,232.7022034
1093000,6.227999916,0.123716997,232.70854
1093250,6.387999954,0.123791498,232.6910089
1093500,5.57399992,0.123078999,232.7463214
1093750,6.319999943,0.123307995,232.7378668
1094000,6.250999947,0.123260995,232.7239783
1094250,5.513999939,0.123389997,232.6994672
1094500,5.716999989,0.122864496,232.70729
1094750,6.071999969,0.123216496,232.6775952
1095000,6.513999996,0.122857997,232.7028876
1095250,5.661999969,0.123154997,232.7040826
1095500,6.206999989,0.123276996,232.7385052
1095750,6.410999985,0.123215998,232.7185626
1096000,5.603999996,0.123138999,232.7086353
1096250,5.603999996,0.123138999,232.7086353
1096500,6.336000004,0.123357498,232.7376105
1096750,5.25,0.123553496,232.7354425
1097000,6.571000042,0.123726497,232.7293152
1097250,5.77699995,0.123364996,232.709856
1097500,6.051999969,0.123434998,232.7353394
1097750,6.503000011,0.123241998,232.7652985
1098000,5.695999966,0.122620497,232.7158423
1098250,6.185999985,0.123105995,232.7133252
1098500,6.434999981,0.123142497,232.7328668
1098750,5.361999969,0.123231997,232.7319922
1099000,5.897000027,0.123316997,232.6897809
1099250,5.920999908,0.123027,232.7436487
1099500,6.603999996,0.122987998,232.7359619
1099750,5.828999939,0.123020996,232.7480756
1100000,6.062999992,0.123257495,232.728114
1100250,6.551000004,0.123334998,232.7075781
1100500,5.720999966,0.123906498,232.7235284
1100750,6.190999908,0.123365496,232.7284399
1101000,5.25,0.123602997,232.7234009
1101250,6.570000038,0.123468996,232.7348022
1101500,5.895999928,0.123664997,232.7241205
1101750,5.880999966,0.123306496,232.7298096
1102000,6.537000027,0.123456497,232.7164496
1102250,5.779999943,0.123822497,232.7121515
1102500,6.033999958,0.1234515,232.7168579
1102750,6.033999958,0.1234515,232.7168579
1103000,6.507000008,0.123133496,232.7257855
1103250,5.68199995,0.123586497,232.7250342
1103500,6.167999973,0.123298998,232.7116119
1103750,6.438999977,0.123616497,232.6899475
1104000,5.622999973,0.123765998,232.6988739
1104250,6.296999989,0.123271999,232.7495306
1104500,6.300999985,0.122971498,232.729491
1104750,5.604999981,0.123254997,232.7375787
1105000,6.416000023,0.123163496,232.7376489
1105250,5.251999969,0.123386497,232.724375
1105500,6.58699995,0.123301995,232.7184821
1105750,5.699999943,0.123519495,232.7154639
1106000,6.193999958,0.123275498,232.7048889
1106250,6.469999962,0.122935998,232.6852332
1106500,5.623999958,0.123156997,232.7505292
1106750,6.324999962,0.123277498,232.715874
1107000,6.332999954,0.123323495,232.7126813
1107250,5.648999958,0.123514996,232.7126825
1107500,6.44199995,0.123167997,232.706225
1107750,5.250999985,0.123545498,232.697688
1108000,6.507000008,0.123119498,232.7211945
1108250,5.68199995,0.123205997,232.6956366
1108500,6.150999966,0.123677495,232.7282825
1108750,6.442999973,0.123304996,232.7292169
1109000,5.623999977,0.123410997,232.7167615
1109250,5.623999977,0.123410997,232.7167615
1109500,6.279999981,0.123085496,232.726676
1109750,6.308999939,0.123133997,232.7367938
1110000,5.679999924,0.123416997,232.7209644
1110250,6.44199995,0.122969995,232.7292596
1110500,6.208999939,0.123113496,232.7165839
1110750,5.643999939,0.123276497,232.7143237
1111000,5.623999996,0.123343496,232.7181781
1111250,6.969999924,0.123171999,232.7340015
1111500,5.767999954,0.123248498,232.7212451
1111750,6.588000011,0.122911496,232.7340881
1112000,5.261999912,0.123419996,232.7044171
1112250,6.318999958,0.123394497,232.7193237
1112500,5.617999935,0.123166996,232.7010999
1112750,6.439999962,0.123397496,232.695105
1113000,6.208999939,0.123297498,232.717041
1113250,5.678999958,0.122683496,232.7224677
1113500,6.540999966,0.123121996,232.7039392
1113750,6.074999924,0.123772996,232.7109778
1114000,5.781999931,0.123603996,232.7109467
1114250,5.493999996,0.123301998,232.7321851
1114500,6.278999977,0.123041996,232.730697
1114750,6.304999981,0.123437995,232.7401794
1115000,5.585,0.123394998,232.7249469
1115250,6.403000011,0.123235997,232.7322565
1115500,6.168999958,0.123805996,232.7229297
1115750,6.168999958,0.123805996,232.7229297
1116000,5.628999977,0.123397499,232.7336652
1116250,6.514000034,0.123029996,232.7104285
1116500,6.031999969,0.123352997,232.7419537
1116750,5.773999996,0.122976995,232.7533618
1117000,6.571000023,0.123135996,232.7380206
1117250,5.919999886,0.123178995,232.7163959
1117500,5.874999924,0.123271998,232.7021948
1117750,5.406999989,0.123084996,232.7031317
1118000,6.951999931,0.123111496,232.7002197
1118250,6.01399992,0.123311996,232.7040417
1118500,5.32,0.123321496,232.7167383
1118750,6.525999966,0.123616497,232.7333862
1119000,6.059999943,0.123375496,232.7124915
1119250,5.767999954,0.123252496,232.7342206
1119500,6.605999985,0.123519496,232.7166107
1119750,5.948999882,0.124043998,232.740849
1120000,5.901999912,0.123494999,232.7116498
1120250,6.606999989,0.122836997,232.7303876
1120500,5.83799984,0.123113996,232.7315533
1120750,6.041999931,0.123510497,232.7312805
1121000,6.548000011,0.123619497,232.7067291
1121250,5.765999928,0.123276497,232.7366809
1121500,6.146999912,0.123339996,232.723681
1121750,6.530999947,0.123308496,232.7175781
1122000,5.598999958,0.123197997,232.7314514
1122250,5.598999958,0.123197997,232.7314514
1122500,6.273999958,0.123072496,232.696825
1122750,5.25,0.123091498,232.7313538
1123000,5.25,0.123131502,232.6893213
1123250,5.800999985,0.123200499,232.7181335
1123500,6.033999863,0.122982998,232.7305701
1123750,6.608999977,0.123266999,232.690968
1124000,5.715999889,0.123343997,232.7149774
1124250,6.16899992,0.123537997,232.7165137
1124500,6.487999935,0.123216998,232.7354663
1124750,5.632999935,0.123397497,232.7253113
1125000,6.304999905,0.123792497,232.735882
1125250,6.367999916,0.123545496,232.7054419
1125500,5.674999866,0.123335998,232.7028656
1125750,6.425999889,0.123386499,232.7316425
1126000,6.238999958,0.123303497,232.6964178
1126250,5.679999943,0.123213997,232.714834
1126500,6.49800005,0.123509996,232.7103955
1126750,5.252999973,0.123480494,232.7023212
1127000,6.476999989,0.123375996,232.7169421
1127250,5.668999977,0.123387497,232.7355615
1127500,6.232999973,0.123022996,232.7113062
1127750,6.369999981,0.123173996,232.7186566
1128000,5.596999989,0.123380497,232.7004187
1128250,6.357000008,0.123526496,232.7052423
1128500,6.232999973,0.123168997,232.6966034
1128750,6.232999973,0.123168997,232.6966034
1129000,5.621999989,0.123550998,232.7422028
1129250,6.475000038,0.123492498,232.7067053
1129500,6.11399992,0.122966498,232.698233
1129750,5.755999908,0.123306998,232.7082495
1130000,6.639999962,0.123337998,232.7057928
1130250,5.984999886,0.123227996,232.6972333
1130500,5.827999916,0.123008995,232.7273938
1130750,6.626999989,0.123057497,232.7026007
1131000,5.269999866,0.123194497,232.7002588
1131250,6.192999973,0.123150497,232.6928271
1131500,5.665999966,0.123631996,232.6879712
1131750,6.481999989,0.123467496,232.6832104
1132000,6.12699995,0.123572996,232.6794348
1132250,5.733999958,0.123776998,232.6994989
1132500,6.561000023,0.123546998,232.7054034
1132750,5.994999924,0.123525997,232.7157782
1133000,5.83699995,0.123454496,232.7223035
1133250,6.615,0.122985998,232.6822906
1133500,5.870999928,0.123200996,232.7125464
1133750,5.973999939,0.123248496,232.7217609
1134000,6.589999981,0.123478499,232.7236353
1134250,5.724999943,0.123075497,232.6869458
1134500,6.082999954,0.123475998,232.7239294
1134750,6.478999996,0.123331997,232.7041919
1135000,5.327999954,0.123327499,232.7112421
1135250,5.327999954,0.123327499,232.7112421
1135500,6.000999966,0.123490998,232.6927869
1135750,5.848999939,0.123229997,232.698772
1136000,6.611000004,0.123613498,232.7343628
1136250,5.879999886,0.123632996,232.7183624
1136500,5.98899992,0.123664498,232.7148358
1136750,6.585999985,0.123331497,232.6854559
1137000,5.771999912,0.123310997,232.7155322
1137250,6.087999935,0.123419496,232.689881
1137500,6.527999973,0.123570497,232.7272412
1137750,5.697999954,0.123635997,232.6854834
1138000,6.253999939,0.123439496,232.7073138
1138250,5.25,0.123170497,232.6938824
1138500,6.58300005,0.123244996,232.7303448
1138750,5.876999969,0.122988497,232.6907794
1139000,5.937999973,0.122950498,232.6791931
1139250,6.565000019,0.123415495,232.6993219
1139500,5.759999962,0.123223996,232.6791614
1139750,6.072999973,0.123445496,232.6962097
1140000,5.285,0.123368495,232.710603
1140250,6.608000011,0.123402496,232.7079791
1140500,6.027999935,0.123295498,232.7027606
1140750,5.776999989,0.123364997,232.7218329
1141000,6.596000061,0.123289996,232.685097
1141250,5.895999928,0.123619497,232.7073071
1141500,5.914999981,0.123628499,232.7186371
1141750,5.914999981,0.123628499,232.7186371
1142000,6.571000042,0.123310495,232.6946246
1142250,5.78399992,0.123493996,232.7201166
1142500,6.03199995,0.123187497,232.7223541
1142750,6.488999977,0.122979496,232.6877924
1143000,5.68199995,0.123360497,232.6845697
1143250,6.167999973,0.123062994,232.6835785
1143500,6.438999977,0.123320497,232.7528815
1143750,5.623999977,0.123591497,232.701795
1144000,6.296999989,0.123515997,232.7123547
1144250,6.300999985,0.123455496,232.6952356
1144500,5.604999981,0.123165497,232.723728
1144750,6.416000023,0.123356497,232.7028888
1145000,6.164999962,0.123227994,232.7060327
1145250,5.655999985,0.123306996,232.6847778
1145500,6.525000038,0.123255497,232.693786
1145750,5.255999947,0.123137997,232.6956573
1146000,6.465999966,0.122899997,232.7101782
1146250,5.640999966,0.123124997,232.693985
1146500,6.308999958,0.123413497,232.6877155
1146750,6.327999973,0.123637497,232.6776575
1147000,5.580999928,0.123391498,232.6945465
1147250,6.449999981,0.123271997,232.7358606
1147500,6.126999931,0.123307997,232.7046283
1147750,5.719999924,0.123677495,232.6949402
1148000,6.536999989,0.123379997,232.7242993
1148250,6.536999989,0.123379997,232.7242993
1148500,6.025999928,0.123436996,232.7205066
1148750,5.77699995,0.123027497,232.7006403
1149000,6.586000004,0.123384498,232.7337231
1149250,5.262999897,0.123528999,232.7215851
1149500,6.345999947,0.123309996,232.7154028
1149750,6.800999966,0.123338496,232.6968414
1150000,5.276999931,0.123235997,232.7184412
1150250,6.207999954,0.123319997,232.7156488
1150500,5.71199995,0.123346497,232.7347876
1150750,6.505999985,0.122996497,232.7024109
1151000,6.074999924,0.123048498,232.7261798
1151250,5.781999931,0.123417999,232.7085779
1151500,6.618999996,0.123306496,232.739386
1151750,5.954999905,0.123416998,232.702912
1152000,5.917999935,0.123369997,232.7117291
1152250,6.637999973,0.123477498,232.6905304
1152500,5.821999893,0.123340997,232.6977222
1152750,6.055999908,0.123620497,232.695777
1153000,6.58699995,0.123157497,232.7170825
1153250,5.712999897,0.123466999,232.6984497
1153500,6.190999908,0.123173998,232.6999463
1153750,6.466999989,0.123232497,232.7328406
1154000,5.66199995,0.123318497,232.7226367
1154250,6.322999916,0.12316,232.737049
1154500,6.345999947,0.123031996,232.7300183
1154750,6.345999947,0.123031996,232.7300183
1155000,5.679999924,0.123004997,232.7131
1155250,6.44199995,0.123477498,232.7111792
1155500,5.250999985,0.123627997,232.7279614
1155750,6.511000004,0.123107996,232.7190253
1156000,5.697999935,0.123192495,232.7197058
1156250,6.16399992,0.123461997,232.7342755
1156500,6.460999947,0.123468499,232.7540497
1156750,5.619999924,0.123373998,232.7216663
1157000,6.293999939,0.123422996,232.7133063
1157250,6.322999954,0.123361497,232.737384
1157500,5.617999935,0.123411498,232.714281
1157750,6.411999969,0.123399497,232.715354
1158000,6.184999943,0.123205495,232.7168658
1158250,5.606999969,0.123691496,232.7207458
1158500,5.658999996,0.123028497,232.7208502
1158750,6.139999981,0.123398497,232.7005615
1159000,6.479999981,0.123426496,232.7374335
1159250,5.586000004,0.123246498,232.6971094
1159500,6.25699995,0.123424499,232.6900098
1159750,6.322999954,0.123091497,232.7023157
1160000,5.669999924,0.123178498,232.7417554
1160250,6.399999962,0.123338497,232.7218268
1160500,6.186999931,0.123320996,232.7121783
1160750,5.613999977,0.123467996,232.7076025
1161000,6.495,0.122918496,232.7148358
1161250,6.495,0.122918496,232.7148358
1161500,6.053999958,0.122882497,232.7088177
1161750,5.716999969,0.123421998,232.7259229
1162000,5.555,0.123550498,232.7109149
1162250,6.304999905,0.123543496,232.68646
1162500,6.367999973,0.123119497,232.6862726
1162750,5.587999973,0.122988497,232.7159528
1163000,6.430999947,0.123460998,232.6993622
1163250,6.212999935,0.123492495,232.7124896
1163500,5.621999989,0.123455997,232.6915039
1163750,6.455,0.123458496,232.6955365
1164000,6.097999897,0.123293496,232.708562
1164250,5.759999886,0.123579499,232.7209216
1164500,6.619999924,0.123330997,232.7026025
1164750,5.967999859,0.123225997,232.7192194
1165000,5.823999939,0.123379496,232.6888342
1165250,6.642999935,0.123096997,232.7262994
1165500,5.856999855,0.123134997,232.7328717
1165750,6.03599987,0.123119996,232.7127045
1166000,5.355,0.123192495,232.725661
1166250,6.495999966,0.123347497,232.6816077
1166500,6.05899992,0.123042498,232.7181879
1166750,5.71899992,0.123253495,232.6849036
1167000,6.575,0.123528996,232.7264191
1167250,5.922999878,0.123174497,232.7333942
1167500,5.856999912,0.123264496,232.7130823
1167750,5.856999912,0.123264496,232.7130823
1168000,6.553999996,0.123244497,232.7007062
1168250,5.868999882,0.123270997,232.7299304
1168500,5.991999931,0.123138997,232.7168658
1168750,6.515999966,0.123199499,232.6866266
1169000,5.285999947,0.123349497,232.7349628
1169250,6.093999939,0.123421497,232.7040155
1169500,5.759999886,0.122950998,232.7177716
1169750,6.621999931,0.123136996,232.7250256
1170000,5.981999912,0.123453496,232.7148499
1170250,5.897999878,0.123411498,232.7193921
1170500,6.642999935,0.123395497,232.708241
1170750,5.838999825,0.123048998,232.690636
1171000,6.03599987,0.123396497,232.707171
1171250,6.610999928,0.123548995,232.711839
1171500,5.733999882,0.123484497,232.7152985
1171750,6.133999882,0.123361496,232.721524
1172000,6.480999947,0.123505498,232.699162
1172250,5.656999893,0.123452498,232.6933307
1172500,6.260999947,0.123010996,232.7254602
1172750,6.414999943,0.123073494,232.7117615
1173000,5.66699995,0.123172497,232.7024255
1173250,6.367999973,0.123046497,232.7132416
1173500,6.262999973,0.123479998,232.6897449
1173750,5.560999966,0.123171495,232.7123773
1174000,5.701999989,0.123141996,232.719613
1174250,5.701999989,0.123141996,232.719613
1174500,6.097999916,0.122909998,232.7374335
1174750,6.490999966,0.123114998,232.7037543
1175000,5.66399992,0.123626995,232.7313715
1175250,6.231999912,0.123182495,232.7177631
1175500,6.387999954,0.123317497,232.7091791
1175750,5.660999928,0.123348497,232.7131384
1176000,6.347999954,0.123407997,232.7091693
1176250,6.285999966,0.123178498,232.7163538
1176500,5.66199995,0.123513998,232.7194751
1176750,6.463999996,0.123822497,232.7106329
1177000,6.141999931,0.123232998,232.7319946
1177250,5.677999954,0.123312497,232.7224176
1177500,5.558999996,0.123187997,232.7178589
1177750,6.213999977,0.123261497,232.6860492
1178000,6.375999985,0.123018997,232.6913715
1178250,5.612999992,0.123687997,232.7335919
1178500,6.345,0.123457997,232.7273608
1178750,6.235999985,0.123989997,232.7322211
1179000,5.602000008,0.123537996,232.6972571
1179250,6.475999985,0.123112495,232.6742908
1179500,6.115999928,0.123556495,232.6892407
1179750,5.685999947,0.122742495,232.7282837
1180000,6.57,0.123138997,232.7279944
1180250,6.016999912,0.123184499,232.7505371
1180500,5.813999958,0.123019496,232.7042023
1180750,5.813999958,0.123019496,232.7042023
1181000,5.502999992,0.123245996,232.7304419
1181250,6.347000008,0.123349497,232.734248
1181500,6.235999985,0.123191498,232.7117285
1181750,5.616999931,0.123560497,232.6998828
1182000,6.440999985,0.123182497,232.6814911
1182250,6.18699995,0.123455497,232.7105524
1182500,5.647999973,0.123355497,232.717995
1182750,6.538999996,0.123589995,232.7058014
1183000,5.982999935,0.123800998,232.7083167
1183250,5.787999935,0.123560496,232.6954279
1183500,6.562000008,0.123261996,232.7284094
1183750,5.92599987,0.123354498,232.6955945
1184000,5.923999958,0.123577496,232.7267206
1184250,6.545999985,0.123407497,232.7153931
1184500,5.804999924,0.123161997,232.7145624
1184750,6.061999893,0.123237998,232.7095703
1185000,6.498999958,0.123300998,232.7134338
1185250,5.630999908,0.123502998,232.7215051
1185500,6.173999939,0.123454997,232.7101373
1185750,6.399999962,0.123200496,232.700481
1186000,5.373999939,0.123310496,232.7163611
1186250,5.904999981,0.123492997,232.7334882
1186500,5.96599987,0.123444995,232.7264594
1186750,6.645999966,0.122996497,232.6936749
1187000,5.778999844,0.123211995,232.7180347
1187250,5.778999844,0.123211995,232.7180347
1187500,6.033999901,0.123370498,232.7064111
1187750,6.576999912,0.123687997,232.6997382
1188000,5.689999866,0.123519997,232.7091693
1188250,6.201999893,0.123243996,232.7128479
1188500,6.446999931,0.123266497,232.6806592
1188750,5.629999905,0.123735998,232.7020007
1189000,6.329999905,0.123631498,232.7083362
1189250,6.345999947,0.123305495,232.7371057
1189500,5.645999947,0.123143496,232.7249933
1189750,6.439999981,0.123592498,232.699624
1190000,6.208999939,0.123316498,232.6901678
1190250,5.713999939,0.123152498,232.7152393
1190500,6.539999962,0.123164999,232.6792731
1190750,5.254999962,0.123440497,232.696955
1191000,6.434999981,0.123619499,232.7073846
1191250,5.605999966,0.123009496,232.7249622
1191500,6.278999977,0.123249494,232.7062445
1191750,6.304999981,0.122967497,232.7028894
1192000,5.586999969,0.123265997,232.7232629
1192250,6.403000011,0.123490498,232.7185931
1192500,6.168999958,0.123088996,232.712818
1192750,5.638999977,0.123305499,232.715177
1193000,6.525000038,0.123335999,232.7028894
1193250,6.030999947,0.122902496,232.6700623
1193500,5.758999977,0.122879496,232.7297144
1193750,5.758999977,0.122879496,232.7297144
1194000,6.570000038,0.123268996,232.7454834
1194250,5.901999912,0.123535,232.7377222
1194500,5.895999966,0.123703494,232.6969849
1194750,6.545000019,0.123127497,232.7292181
1195000,5.779999943,0.123136497,232.6886255
1195250,6.032999954,0.123237998,232.715033
1195500,5.32,0.123232496,232.7095447
1195750,6.543000011,0.122960997,232.7099127
1196000,6.057999935,0.123732998,232.7372021
1196250,5.781999931,0.123555999,232.688797
1196500,6.588000011,0.123568496,232.7226672
1196750,5.931999893,0.1231555,232.6993134
1197000,5.901999912,0.123438998,232.7308972
1197250,6.623999977,0.123512496,232.7200836
1197500,5.824999886,0.123221997,232.7082343
1197750,6.041999931,0.123370996,232.7108154
1198000,6.572999973,0.123152997,232.6915295
1198250,5.715999889,0.123059997,232.6799481
1198500,6.172999897,0.123250996,232.7014032
1198750,5.25,0.123599996,232.7409863
1199000,6.874999924,0.123154997,232.7238916
1199250,6.315999889,0.123371997,232.7204169
1199500,5.25,0.123020998,232.711424
1199750,6.562999992,0.122862997,232.7157941
1200000,5.795999889,0.123714497,232.7149487
1200250,5.795999889,0.123714497,232.7149487
1200500,6.011999912,0.123043496,232.7050745
1200750,6.515999966,0.123279496,232.7401141
1201000,5.698999901,0.123122997,232.7104504
1201250,6.147999916,0.123138497,232.7392334
1201500,5.25,0.123093499,232.7122516
1201750,6.621999989,0.123088497,232.7264758
1202000,5.932999878,0.123396998,232.7045538
1202250,5.905999947,0.123409497,232.7154651
1202500,6.606999989,0.123066495,232.7032098
1202750,5.846999893,0.123542497,232.7130414
1203000,6.041999931,0.123458498,232.7235455
1203250,6.574999943,0.123615997,232.7426959
1203500,5.728999844,0.123497998,232.7034247
1203750,6.169999847,0.123611497,232.7068109
1204000,5.25,0.123623998,232.7156079
1204250,6.601000023,0.123601997,232.6870917
1204500,5.950999908,0.123268496,232.7278717
1204750,5.882999954,0.123795997,232.7409698
1205000,6.613000011,0.123436996,232.7094171
1205250,5.836999912,0.123287996,232.6976416
1205500,5.982999973,0.123561997,232.7052167
1205750,6.537000027,0.123646997,232.6966351
1206000,5.734999943,0.123400996,232.7165466
1206250,6.116999969,0.123231495,232.7026642
1206500,6.468999996,0.123086998,232.6988318
1206750,6.468999996,0.123086998,232.6988318
1207000,5.668999977,0.123283496,232.6983868
1207250,6.250999985,0.122861496,232.7323053
1207500,5.25,0.123287497,232.7020892
1207750,6.553999996,0.123647995,232.725401
1208000,5.82899992,0.123622996,232.7080023
1208250,5.98399992,0.123143496,232.7156567
1208500,6.552999973,0.123269999,232.7080591
1208750,5.72699995,0.123371499,232.724942
1209000,6.116999969,0.123395498,232.7015802
1209250,6.476999989,0.123457497,232.7164319
1209500,5.633999958,0.123438498,232.72341
1209750,6.232999973,0.123008496,232.7126489
1210000,6.369999981,0.123080496,232.6779541
1210250,5.596999989,0.123075499,232.7208649
1210500,6.426999912,0.123283497,232.7153119
1210750,6.230999908,0.123235497,232.7292261
1211000,5.634999943,0.123078495,232.705354
1211250,6.471999989,0.122964997,232.7377527
1211500,5.253999958,0.123098996,232.700401
1211750,6.538999958,0.123560997,232.6949719
1212000,5.654999943,0.123247995,232.7150714
1212250,6.242999954,0.123365496,232.7222327
1212500,6.417999954,0.123197999,232.712724
1212750,5.59699995,0.123350996,232.7234021
1213000,6.378999958,0.123136997,232.7261285
1213250,6.378999958,0.123136997,232.7261285
1213500,6.236999969,0.123396996,232.7050665
1213750,5.594999981,0.123194998,232.7236877
1214000,6.462000027,0.123845495,232.7074445
1214250,6.137999954,0.123780496,232.7399463
1214500,5.671999969,0.123313497,232.7426495
1214750,6.557000008,0.123066494,232.7331775
1215000,5.256999931,0.123389996,232.7497699
1215250,6.400999966,0.123284997,232.7193616
1215500,5.63199995,0.123631996,232.7047791
1215750,6.371999969,0.123397496,232.716004
1216000,6.262999973,0.123273498,232.7294165
1216250,5.665999966,0.123087996,232.7258014
1216500,6.481999989,0.123611497,232.7115057
1216750,6.160999928,0.123443495,232.7179785
1217000,5.733999958,0.123049497,232.7399463
1217250,6.552999954,0.123049997,232.7144037
1217500,5.994999924,0.123352998,232.7246185
1217750,5.83699995,0.123179495,232.7166083
1218000,6.615,0.123428496,232.7355157
1218250,5.265999889,0.123125998,232.7385736
1218500,6.286999969,0.123275498,232.7474524
1218750,5.626999969,0.123652495,232.7139783
1219000,6.421999989,0.123374496,232.7412347
1219250,6.159999962,0.123601997,232.7231635
1219500,5.747999935,0.123479998,232.7271124
1219750,5.747999935,0.123479998,232.7271124
1220000,6.592999992,0.123405997,232.7247357
1220250,6.03099987,0.123188498,232.7076794
1220500,5.828999882,0.123327497,232.7280627
1220750,6.650999947,0.123427997,232.6979865
1221000,5.90299984,0.123368997,232.7110126
1221250,5.96599987,0.123458498,232.7408441
1221500,6.643999958,0.123317997,232.7252441
1221750,5.778999844,0.123268996,232.7369696
1222000,6.101999855,0.123067998,232.7375189
1222250,6.574999905,0.123239496,232.7339954
1222500,5.676999874,0.123605497,232.7554108
1222750,6.162999916,0.123185498,232.7280029
1223000,6.446999931,0.123730496,232.7069269
1223250,5.377999935,0.123522996,232.725899
1223500,5.881999989,0.123299995,232.6886346
1223750,5.915999928,0.123431997,232.7341492
1224000,6.536000004,0.123247997,232.6982483
1224250,5.77399992,0.123340997,232.6967145
1224500,6.051999912,0.123163497,232.7136823
1224750,6.535999966,0.123417498,232.723941
1225000,5.677999916,0.123032497,232.6968555
1225250,6.185999928,0.123155498,232.6928748
1225500,6.432999954,0.123535997,232.7182581
1225750,5.632999954,0.123580997,232.7196265
1226000,6.314999962,0.123431498,232.7325934
1226250,6.314999962,0.123431498,232.7325934
1226500,6.304999981,0.123164998,232.7077533
1226750,5.586999969,0.123410496,232.6781842
1227000,6.403000011,0.123817497,232.7036206
1227250,6.202999973,0.123748496,232.7393701
1227500,5.636999989,0.122914998,232.7205853
1227750,6.505000038,0.121966997,232.7080908
1228000,5.254999943,0.122828997,232.6882355
1228250,6.483999939,0.122245498,232.6931128
1228500,5.367999954,0.123194498,232.7217853
1228750,5.891000004,0.122086996,232.6972028
1229000,5.878999958,0.121752498,232.728313
1229250,5.432999992,0.122053996,232.7396729
1229500,6.371999989,0.121588999,232.7213629
1229750,5.250999985,0.121916997,232.7196918
1230000,6.585000019,0.121726997,232.712868
1230250,5.68699995,0.122984497,232.718548
1230500,6.149999962,0.121946998,232.7272284
1230750,5.25,0.123123995,232.7375037
1231000,6.618999996,0.122264497,232.7215619
1231250,5.262999916,0.122756995,232.7244745
1231500,6.304999981,0.122027496,232.7202216
1231750,5.464999981,0.122080996,232.7116901
1232000,5.815000019,0.121556498,232.735722
1232250,5.983999977,0.121592999,232.7210504
1232500,5.25,0.121849498,232.719411
1232750,5.25,0.121849498,232.719411
1233000,5.662999973,0.121314498,232.7443567
1233250,6.102999935,0.121438995,232.7429132
1233500,5.285,0.121858996,232.7259949
1233750,6.588000011,0.121768998,232.7432751
1234000,5.258999939,0.121310998,232.729809
1234250,5.25,0.121847996,232.7221661
1234500,6.549999981,0.121743497,232.7198511
1234750,5.271999893,0.121637496,232.7629785
1235000,6.229999924,0.121438997,232.7318652
1235250,5.621999893,0.121880498,232.6906586
1235500,5.25,0.121709498,232.6938971
1235750,6.111999969,0.121549999,232.75026
1236000,5.689999924,0.121348496,232.7420746
1236250,5.584999981,0.121479997,232.7231952
1236500,6.257999916,0.121647497,232.7452338
1236750,5.25,0.122035499,232.7283142
1237000,5.458999977,0.121883498,232.7289868
1237250,6.371999969,0.121478499,232.7562109
1237500,5.25,0.121727499,232.7359277
1237750,5.355,0.121466495,232.7337549
1238000,6.481999989,0.121427997,232.705274
1238250,5.251999969,0.122051997,232.7223047
1238500,6.494999962,0.121801497,232.7408875
1238750,5.341999931,0.121807998,232.7084821
1239000,5.986999989,0.121573997,232.6980664
1239250,5.986999989,0.121573997,232.6980664
1239500,5.83699995,0.121607998,232.7042883
1239750,5.25,0.121719496,232.7344104
1240000,5.860000019,0.121734997,232.7321783
1240250,5.982999935,0.121549497,232.7166241
1240500,5.336999989,0.121758499,232.715849
1240750,6.462999973,0.121585498,232.7179291
1241000,5.253999958,0.121786499,232.7090985
1241250,5.25,0.121325499,232.7073798
1241500,6.57,0.121727496,232.714635
1241750,5.257999935,0.121565996,232.717854
1242000,6.436999912,0.121461497,232.7326245
1242250,5.422999973,0.121366998,232.7143372
1242500,5.873999996,0.122106997,232.7162268
1242750,5.95199995,0.121658998,232.7078589
1243000,5.388999977,0.121634997,232.7249866
1243250,6.455000038,0.121891997,232.7355304
1243500,5.250999985,0.122121995,232.7290894
1243750,5.32,0.121946999,232.7160986
1244000,6.529000072,0.121441998,232.7349719
1244250,5.254999962,0.121191498,232.7220813
1244500,6.434999981,0.121938496,232.729826
1244750,5.397999992,0.121422998,232.7078265
1245000,5.897000027,0.121620998,232.7199536
1245250,5.927999992,0.121382496,232.7209473
1245500,5.25,0.121742497,232.6938837
1245750,5.25,0.121742497,232.6938837
1246000,5.796999989,0.121552996,232.6956964
1246250,6.063999977,0.121977498,232.7124823
1246500,5.285,0.121570497,232.7252423
1246750,6.53800005,0.121823996,232.712851
1247000,5.25699995,0.121874498,232.7190576
1247250,6.465999966,0.121800997,232.7201709
1247500,5.367999954,0.121361496,232.7153876
1247750,5.883000011,0.121770998,232.7157257
1248000,5.879999962,0.121889997,232.7339148
1248250,5.25,0.121637497,232.7293634
1248500,5.756000004,0.121702,232.730611
1248750,6.051999969,0.121474495,232.707467
1249000,5.25,0.121304497,232.6747552
1249250,5.62,0.121849998,232.6851001
1249500,6.167999973,0.122041495,232.7017859
1249750,5.25,0.121738495,232.7198895
1250000,6.601000023,0.121909998,232.6969061
1250250,5.262999916,0.122072999,232.7071924
1250500,6.301999969,0.121501496,232.7022498
1250750,5.504999943,0.121349498,232.7073309
1251000,5.25,0.121610998,232.7107874
1251250,6.193999977,0.121391998,232.7119226
1251500,5.625999928,0.121743498,232.7101935
1251750,5.636999989,0.121717499,232.6936578
1252000,6.16399992,0.121648997,232.7077063
1252250,6.16399992,0.121648997,232.7077063
1252500,5.25,0.121697996,232.7174432
1252750,6.588999996,0.121714497,232.6999451
1253000,5.261999912,0.121600498,232.7341223
1253250,5.25,0.121660497,232.7329846
1253500,6.606999989,0.121499497,232.7093866
1253750,5.269999866,0.121458999,232.708786
1254000,5.25,0.121374998,232.702818
1254250,6.572999973,0.121714498,232.6964111
1254500,5.294999886,0.122028996,232.7303845
1254750,6.050999966,0.121287497,232.708667
1255000,5.71899992,0.121632499,232.7176294
1255250,5.553999958,0.121733496,232.7085052
1255500,6.265999889,0.121848497,232.705376
1255750,5.25,0.122118997,232.7277704
1256000,6.549999981,0.121992497,232.7211682
1256250,5.271999893,0.122055995,232.7481635
1256500,5.25,0.121388998,232.7230994
1256750,6.552999973,0.121422997,232.7063361
1257000,5.295999928,0.121482996,232.7304572
1257250,6.10199995,0.121600998,232.7213153
1257500,5.685999947,0.121563997,232.7371295
1257750,5.549999981,0.121864996,232.6907611
1258000,6.249999981,0.121635496,232.6954333
1258250,5.25,0.121477995,232.7061792
1258500,6.645999985,0.121906998,232.7297473
1258750,6.645999985,0.121906998,232.7297473
1259000,5.274999962,0.121676997,232.6855304
1259250,5.25,0.121684498,232.6903552
1259500,6.620999966,0.121740998,232.7181848
1259750,5.282999916,0.121897995,232.7223663
1260000,5.25,0.121654998,232.7259619
1260250,6.517999954,0.121575997,232.7227142
1260500,5.33199995,0.121774499,232.7387537
1260750,5.96,0.121923497,232.729043
1261000,5.809999962,0.121518997,232.7279236
1261250,5.493999996,0.121599998,232.7139453
1261500,6.384999943,0.121721997,232.7012494
1261750,5.25,0.121696996,232.7097632
1262000,6.528000011,0.121732497,232.7078198
1262250,5.293999939,0.121640497,232.6938519
1262500,5.25,0.121747497,232.6901709
1262750,6.476999989,0.122093997,232.7164014
1263000,5.327999954,0.121712998,232.7143054
1263250,6.011999989,0.121927999,232.7288831
1263500,5.813999958,0.121804997,232.7022852
1263750,5.467999992,0.121840995,232.7009613
1264000,6.345,0.121772496,232.6888269
1264250,5.250999985,0.121825498,232.7150751
1264500,5.336999989,0.122037996,232.7249872
1264750,6.458999977,0.121935496,232.7009125
1265000,5.252999954,0.121706997,232.6948395
1265250,5.252999954,0.121706997,232.6948395
1265500,6.556999931,0.121703998,232.6893866
1265750,5.315999928,0.121931998,232.692937
1266000,5.977999973,0.121702996,232.6871613
1266250,5.805999928,0.121615998,232.7105597
1266500,5.25,0.121686497,232.7134113
1266750,5.840999985,0.121546496,232.6942029
1267000,5.94399992,0.121433497,232.7235364
1267250,5.388999977,0.121709498,232.6989368
1267500,6.482999916,0.121370998,232.6965692
1267750,5.251999969,0.121955497,232.7125061
1268000,5.285,0.121635498,232.6769537
1268250,6.546000023,0.121498996,232.6845313
1268500,5.254999962,0.121805496,232.7099225
1268750,6.442999973,0.121421499,232.6933545
1269000,5.397999992,0.121757998,232.6889368
1269250,5.25,0.121556498,232.6915466
1269500,6.300999985,0.121624498,232.704458
1269750,5.482999992,0.122123997,232.7028986
1270000,5.781999989,0.122037998,232.6965057
1270250,6.041999931,0.121717996,232.7028735
1270500,5.285,0.122101995,232.7026227
1270750,6.54699995,0.122373998,232.7087213
1271000,5.255999947,0.122096997,232.7059302
1271250,6.468999958,0.121532497,232.6880811
1271500,5.354999962,0.121497995,232.693681
1271750,5.354999962,0.121497995,232.693681
1272000,5.25,0.121161997,232.6757043
1272250,6.304999981,0.121581497,232.6947443
1272500,5.464999981,0.121571996,232.6875793
1272750,5.25,0.121655497,232.7006342
1273000,6.166999989,0.121881496,232.6995135
1273250,5.601000004,0.121775998,232.6921051
1273500,5.662999973,0.121442996,232.7155554
1273750,6.120999947,0.121890497,232.7158752
1274000,5.25,0.121647997,232.7088977
1274250,6.570000038,0.121934998,232.6943872
1274500,5.260999908,0.121750997,232.6970496
1274750,5.25,0.121765998,232.7222925
1275000,6.553999996,0.121678496,232.6891418
1275250,5.270999928,0.121823497,232.709906
1275500,6.212999935,0.121919997,232.6792084
1275750,5.621999893,0.121591497,232.6850256
1276000,5.679999981,0.121584997,232.7111865
1276250,6.118999977,0.122028497,232.7149799
1276500,5.25,0.121461999,232.7014478
1276750,5.555,0.121919497,232.7074469
1277000,6.232999973,0.122034497,232.7009717
1277250,5.25,0.121633998,232.7143689
1277500,6.628000011,0.121661495,232.6890637
1277750,5.270999928,0.121550497,232.7113556
1278000,5.25,0.121726999,232.7185211
1278250,5.25,0.121726999,232.7185211
1278500,6.620999966,0.121728996,232.7027716
1278750,5.28699995,0.121798995,232.7032813
1279000,6.115999966,0.121825996,232.6879944
1279250,5.668999939,0.121894498,232.7041797
1279500,5.580999985,0.121662496,232.7005756
1279750,6.260999966,0.121630996,232.7135394
1280000,5.25,0.122235498,232.7046411
1280250,5.458999977,0.121824996,232.7125879
1280500,6.385999985,0.121699498,232.7238263
1280750,5.25,0.121829998,232.7311133
1281000,6.528000011,0.121760996,232.7379535
1281250,5.294999943,0.121913497,232.7279858
1281500,5.25,0.121817496,232.7201385
1281750,6.494999962,0.121635995,232.7271631
1282000,5.32399992,0.122098496,232.7485852
1282250,5.986999989,0.121731496,232.7251111
1282500,5.828999882,0.121530998,232.7622595
1282750,5.25,0.121585998,232.7141138
1283000,5.852999973,0.121769997,232.7154895
1283250,5.973999939,0.121990997,232.710636
1283500,5.336999989,0.121818998,232.7131665
1283750,6.479999981,0.121622497,232.7085272
1284000,5.252999954,0.121475995,232.7161292
1284250,6.538999958,0.121752996,232.7059155
1284500,5.319999962,0.121604498,232.7194177
1284750,5.319999962,0.121604498,232.7194177
1285000,5.25,0.121572996,232.7052362
1285250,6.436999912,0.121794495,232.7337561
1285500,5.414999905,0.121805497,232.7197467
1285750,5.25,0.121212495,232.7385297
1286000,6.300999928,0.121460495,232.7187463
1286250,5.552999897,0.121595998,232.7037988
1286500,5.709999981,0.121746497,232.7020905
1286750,6.061999893,0.121546496,232.7255365
1287000,5.285,0.121635997,232.72453
1287250,6.50199995,0.121481996,232.7122412
1287500,5.255999947,0.121694998,232.7472516
1287750,5.25,0.122477999,232.7261139
1288000,6.580999985,0.122075997,232.6996399
1288250,5.265999889,0.121814497,232.7302997
1288500,6.331999969,0.121722497,232.7345068
1288750,5.50199995,0.121779498,232.7255225
1289000,5.768999996,0.121779997,232.7094495
1289250,6.066999893,0.121568996,232.7221881
1289500,5.285,0.121634496,232.696723
1289750,6.538999996,0.122017496,232.7312964
1290000,5.254999943,0.121711997,232.7257935
1290250,5.25,0.121605498,232.7239313
1290500,6.586000004,0.122005496,232.744184
1290750,5.261999912,0.121402997,232.7459473
1291000,5.25,0.121794496,232.7132813
1291250,5.25,0.121794496,232.7132813
1291500,6.606999989,0.121771495,232.7291138
1291750,5.277999935,0.121773997,232.7264905
1292000,6.180999966,0.121711498,232.7074426
1292250,5.61699995,0.122099496,232.7066815
1292500,5.649999981,0.121828997,232.730545
1292750,6.167999878,0.122039498,232.7244812
1293000,5.25,0.121890997,232.7271625
1293250,6.601000023,0.121817496,232.737771
1293500,5.260999928,0.121704498,232.749574
1293750,5.25,0.121384497,232.708634
1294000,6.613000011,0.121498998,232.7249225
1294250,5.270999908,0.121524497,232.7383228
1294500,6.203999996,0.121715997,232.7203778
1294750,5.629999962,0.121666998,232.7360315
1295000,5.25,0.121686997,232.7346106
1295250,6.055999985,0.121908499,232.7317145
1295500,5.730999985,0.122050498,232.7210724
1295750,5.545999985,0.121537498,232.7396692
1296000,6.28699995,0.121844498,232.7358661
1296250,5.25,0.121663997,232.7382751
1296500,5.423999977,0.121663998,232.7472247
1296750,6.405999985,0.121588997,232.7309717
1297000,5.250999985,0.121864496,232.7392108
1297250,6.583999958,0.121624497,232.7259314
1297500,5.290999985,0.121586998,232.7204828
1297750,5.290999985,0.121586998,232.7204828
1298000,6.097999992,0.121860497,232.7186731
1298250,5.707999992,0.121819498,232.6932727
1298500,5.580999985,0.121250497,232.7170404
1298750,6.260999966,0.121311996,232.7230481
1299000,5.25,0.122069496,232.7193701
1299250,5.458999977,0.121974497,232.7114819
1299500,6.371999969,0.121690499,232.6794983
1299750,5.25,0.121647496,232.7177704
1300000,6.558999996,0.121865997,232.7501794
1300250,5.290999908,0.121659495,232.7229309
1300500,6.124999981,0.121716998,232.7181635
1300750,5.698999958,0.121991999,232.7263367
1301000,5.25,0.121369497,232.7374353
1301250,5.986999989,0.121638498,232.7240497
1301500,5.83699995,0.121811497,232.7328107
1301750,5.449999981,0.121716497,232.6989764
1302000,6.339999943,0.121956996,232.7196979
1302250,5.250999985,0.121211496,232.6943726
1302500,6.607999954,0.121445997,232.7080585
1302750,5.285999947,0.121744498,232.7010327
1303000,5.25,0.121574996,232.7007556
1303250,6.539999943,0.121978998,232.7229224
1303500,5.319999962,0.121952496,232.7187622
1303750,5.25,0.121686,232.7178271
1304000,6.400999966,0.121477499,232.6982092
1304250,6.400999966,0.121477499,232.6982092
1304500,5.422999973,0.121679497,232.7057379
1304750,5.836999989,0.121677998,232.7071002
1305000,5.961999931,0.121596997,232.7024365
1305250,5.355,0.121848998,232.7026025
1305500,6.481999989,0.121898996,232.6687372
1305750,5.251999969,0.121589496,232.6790387
1306000,6.498999958,0.121626998,232.6902814
1306250,5.322999916,0.121870496,232.7025293
1306500,5.25,0.121384997,232.7005627
1306750,6.387999954,0.121516998,232.697417
1307000,5.373999939,0.121863495,232.6816962
1307250,5.88699995,0.121639496,232.6802246
1307500,5.96599987,0.121784998,232.694281
1307750,5.336999989,0.121794997,232.6980103
1308000,6.427999973,0.121808996,232.6941223
1308250,5.250999985,0.121678998,232.6960986
1308500,6.594999943,0.121639998,232.697077
1308750,5.311999893,0.121277997,232.7164813
1309000,5.25,0.121402998,232.7039703
1309250,6.437999916,0.121915998,232.6904108
1309500,5.377999935,0.122080996,232.7090979
1309750,5.879999981,0.121754497,232.7301544
1310000,5.916999912,0.121764496,232.7105914
1310250,5.388999977,0.121931497,232.6955701
1310500,6.475999889,0.122038497,232.7240039
1310750,6.475999889,0.122038497,232.7240039
1311000,5.251999969,0.121924497,232.7346252
1311250,5.285,0.121663998,232.7196112
1311500,6.537999935,0.121608498,232.7047949
1311750,5.255999947,0.121743497,232.7065619
1312000,6.467999954,0.121822996,232.6830487
1312250,5.354999962,0.121591997,232.7080255
1312500,5.25,0.121881495,232.7180438
1312750,6.294999962,0.121656497,232.6946338
1313000,5.491999969,0.121740997,232.7102264
1313250,5.796999989,0.121557496,232.6968756
1313500,6.018999939,0.121752999,232.7068329
1313750,5.25,0.121836997,232.694339
1314000,5.662999973,0.121616997,232.7176013
1314250,6.153999939,0.121486496,232.740954
1314500,5.25,0.121617498,232.7024506
1314750,5.545999985,0.121350498,232.726452
1315000,6.28699995,0.121902998,232.6959631
1315250,5.25,0.121435998,232.7111353
1315500,6.582000027,0.121485998,232.7204352
1315750,5.275999947,0.121527998,232.7102106
1316000,5.25,0.121821996,232.6995367
1316250,6.548000011,0.121945497,232.7091132
1316500,5.300999966,0.121404497,232.7410083
1316750,6.079999981,0.121346998,232.7068585
1317000,5.744999962,0.121989496,232.7007147
1317250,5.744999962,0.121989496,232.7007147
1317500,5.25,0.121669996,232.7083942
1317750,5.952000008,0.121387996,232.6890173
1318000,5.902999916,0.121765997,232.6962982
1318250,5.25,0.121626499,232.7070892
1318500,5.796999989,0.121683495,232.6940802
1318750,5.983999977,0.121319997,232.7030994
1319000,5.355,0.121554497,232.7119409
1319250,6.49800005,0.121874997,232.678761
1319500,5.252999973,0.121989498,232.6764661
1319750,6.476999989,0.121733995,232.7076758
1320000,5.363999977,0.121727496,232.6965118
1320250,5.25,0.121698997,232.7086267
1320500,6.365999985,0.121603496,232.7030084
1320750,5.432000008,0.121530497,232.7097296
1321000,5.847000008,0.121096997,232.7106757
1321250,5.987999916,0.121781496,232.7140668
1321500,5.25,0.121589997,232.7219543
1321750,5.712999992,0.121937496,232.7060663
1322000,6.12699995,0.121843997,232.6975507
1322250,5.25,0.121202498,232.6808344
1322500,6.556000061,0.121477497,232.6820032
1322750,5.257999935,0.121753497,232.6840399
1323000,5.25,0.121627997,232.6791846
1323250,6.593000011,0.121993998,232.7023151
1323500,5.265999889,0.121552498,232.6950928
1323750,5.265999889,0.121552498,232.6950928
1324000,6.262999973,0.121986997,232.7165936
1324250,5.560999966,0.121320997,232.7146747
1324500,5.705999985,0.121412499,232.7162262
1324750,6.097999916,0.121718997,232.7185315
1325000,5.25,0.121485998,232.7032977
1325250,5.575999985,0.121591498,232.7112042
1325500,6.227999916,0.121467497,232.7158405
1325750,5.25,0.121615998,232.7131311
1326000,6.615,0.121979998,232.7019946
1326250,5.269999924,0.121261997,232.7012158
1326500,5.25,0.121241497,232.6939069
1326750,6.590999966,0.121545498,232.7187152
1327000,5.285999947,0.121268498,232.7094897
1327250,6.119999962,0.121459495,232.6956818
1327500,5.685999947,0.121764998,232.7103937
1327750,5.618999958,0.121606998,232.7122571
1328000,6.244999924,0.121503997,232.7182092
1328250,5.25,0.121698496,232.7243213
1328500,5.467999992,0.121996996,232.6958484
1328750,6.327999935,0.121585496,232.7091046
1329000,5.25,0.121547497,232.7185376
1329250,6.596000004,0.121705996,232.7177209
1329500,5.280999928,0.121714496,232.7132715
1329750,6.135,0.121483996,232.7087628
1330000,5.65399992,0.121699497,232.6926917
1330250,5.65399992,0.121699497,232.6926917
1330500,5.25,0.121567498,232.7198492
1330750,6.034000015,0.121690997,232.7088989
1331000,5.79,0.122039998,232.7095868
1331250,5.493999996,0.121649498,232.7050995
1331500,6.362999954,0.121619498,232.6877618
1331750,5.25,0.121640997,232.6825531
1332000,5.388999977,0.121851497,232.7144647
1332250,6.40199995,0.121830999,232.6861932
1332500,5.251999969,0.121922998,232.6957483
1332750,6.568999958,0.121876498,232.6869061
1333000,5.322999916,0.121836998,232.7023059
1333250,6.067999954,0.121829995,232.7217145
1333500,5.782999916,0.121464998,232.7106018
1333750,5.25,0.121418496,232.7202008
1334000,5.897000027,0.121166496,232.7016437
1334250,5.927999992,0.121935498,232.7275769
1334500,5.371999989,0.121929999,232.729032
1334750,6.416000023,0.121945497,232.7079144
1335000,5.251999969,0.121465998,232.7265228
1335250,6.585999966,0.121821997,232.7170105
1335500,5.299999924,0.121856498,232.6903296
1335750,5.25,0.121551997,232.710874
1336000,6.46699995,0.121673997,232.7096497
1336250,5.367999954,0.122206994,232.7063995
1336500,5.887000008,0.121695997,232.721394
1336750,5.887000008,0.121695997,232.721394
1337000,5.896999969,0.121906997,232.6974744
1337250,5.423999977,0.121992496,232.7210413
1337500,6.445,0.122004997,232.6764032
1337750,5.250999985,0.121800496,232.6876819
1338000,6.511000004,0.121912998,232.681889
1338250,5.305999908,0.121871998,232.7079443
1338500,5.25,0.121662497,232.689859
1338750,6.457999954,0.121974497,232.6933771
1339000,5.367999954,0.121749496,232.7234564
1339250,5.891000004,0.121672994,232.6899866
1339500,5.878999958,0.122114498,232.6947382
1339750,5.423999977,0.121776998,232.7315485
1340000,6.405999985,0.121649998,232.6916724
1340250,5.250999985,0.121646498,232.7203711
1340500,6.548000011,0.122162496,232.7337305
1340750,5.300999966,0.121763495,232.7105237
1341000,5.25,0.121620999,232.6956116
1341250,6.516999989,0.121810497,232.6941821
1341500,5.342999992,0.121946498,232.7026819
1341750,5.25,0.122002997,232.6952899
1342000,6.341999989,0.121424498,232.7002167
1342250,5.455,0.121318497,232.7237384
1342500,5.806000004,0.121766498,232.7112811
1342750,6.019999943,0.121875997,232.7038123
1343000,5.336999989,0.121863996,232.6831628
1343250,5.336999989,0.121863996,232.6831628
1343500,6.505000038,0.121688497,232.6840674
1343750,5.253999958,0.121327499,232.689259
1344000,5.285,0.121840498,232.7059314
1344250,6.552000027,0.121704996,232.7023163
1344500,5.258999939,0.121902998,232.7087292
1344750,5.25,0.121617997,232.7076935
1345000,6.645999985,0.121524498,232.7298346
1345250,5.266999893,0.121864498,232.7027722
1345500,6.227999992,0.121321997,232.7187701
1345750,5.551999989,0.121680497,232.6862585
1346000,5.712999992,0.121823997,232.7054895
1346250,6.122999916,0.121489498,232.7081311
1346500,5.25,0.121674497,232.7040979
1346750,5.597999973,0.121309998,232.7103931
1347000,6.26199995,0.121266496,232.7018427
1347250,5.25,0.121587498,232.6911865
1347500,6.562000027,0.121482497,232.7335382
1347750,5.26899992,0.121735499,232.692594
1348000,6.27699995,0.122306499,232.7252673
1348250,5.578999977,0.122014497,232.7026874
1348500,5.25,0.121540996,232.6931207
1348750,6.124999981,0.122207997,232.7032751
1349000,5.699999962,0.121770495,232.7177631
1349250,5.558999996,0.121847997,232.6848425
1349500,6.214999962,0.121356496,232.7091779
1349750,6.214999962,0.121356496,232.7091779
1350000,5.25,0.121786997,232.71685
1350250,5.432999992,0.121965498,232.7238721
1350500,6.342999992,0.121818998,232.6891614
1350750,5.250999985,0.121790998,232.7116266
1351000,6.603999958,0.121786497,232.7230182
1351250,5.285999947,0.121681498,232.711499
1351500,6.115999966,0.121845996,232.7113074
1351750,5.667999935,0.121900997,232.7071698
1352000,5.25,0.121783997,232.7091382
1352250,6.051999969,0.121721998,232.7235052
1352500,5.787999916,0.122005996,232.690658
1352750,5.492999954,0.121403999,232.7044989
1353000,6.36599987,0.121147496,232.6764746
1353250,5.25,0.121639499,232.6918256
1353500,6.532999973,0.121636999,232.692226
1353750,5.288999901,0.121624497,232.7044843
1354000,5.25,0.121989998,232.7100067
1354250,6.502999973,0.122082996,232.7117627
1354500,5.322999916,0.121869998,232.7227692
1354750,6.042999973,0.121893498,232.7218909
1355000,5.758999977,0.121648999,232.7248956
1355250,5.519999981,0.122351497,232.6945361
1355500,6.321999931,0.121716998,232.689209
1355750,5.25,0.121632996,232.7054749
1356000,5.406999989,0.121524999,232.6895789
1356250,5.406999989,0.121524999,232.6895789
1356500,6.431999989,0.121895997,232.6889697
1356750,5.250999985,0.121760998,232.7129388
1357000,6.528999977,0.121399498,232.7204498
1357250,5.307999916,0.121826496,232.7202338
1357500,5.25,0.121724497,232.6903308
1357750,6.45699995,0.121764997,232.7246667
1358000,5.375999947,0.121917996,232.7233716
1358250,5.918999996,0.121977996,232.7139148
1358500,5.905999947,0.121597995,232.7183307
1358750,5.388999977,0.121869998,232.7273944
1359000,6.412999973,0.121731496,232.7225604
1359250,5.251999969,0.121633498,232.7186029
1359500,5.285,0.121649497,232.717514
1359750,6.487999973,0.121554997,232.7151221
1360000,5.255999947,0.121689997,232.712298
1360250,5.25,0.121624998,232.716004
1360500,6.609000015,0.121784496,232.7270667
1360750,5.261999912,0.122132497,232.7030743
1361000,6.333999939,0.122188997,232.7022284
1361250,5.483999901,0.121744497,232.6881897
1361500,5.776999989,0.121664497,232.6836731
1361750,6.017999935,0.121414997,232.6799689
1362000,5.25,0.122167999,232.6931134
1362250,5.679999981,0.122080497,232.688443
1362500,6.11899992,0.122277495,232.7049152
1362750,6.11899992,0.122277495,232.7049152
1363000,5.25,0.121842999,232.7226093
1363250,6.594999962,0.121534496,232.6893475
1363500,5.259999924,0.121219997,232.6802802
1363750,6.400999966,0.121799997,232.6984253
1364000,5.423999958,0.121912497,232.7072485
1364250,5.25,0.121816996,232.6874963
1364500,6.261999969,0.121573497,232.7147614
1364750,5.535999966,0.121807496,232.6892267
1365000,5.727999973,0.121782995,232.7180011
1365250,6.133999882,0.121864997,232.6866968
1365500,5.25,0.121803495,232.7006342
1365750,5.562999973,0.121682498,232.7249707
1366000,6.263999901,0.121998497,232.6937891
1366250,5.25,0.121660496,232.6958838
1366500,6.58,0.121928494,232.7040179
1366750,5.269999924,0.122144497,232.7183606
1367000,6.251999969,0.121946497,232.7249066
1367250,5.572999954,0.122055997,232.7059241
1367500,5.25,0.121931998,232.6966821
1367750,6.148999977,0.121524999,232.7221863
1368000,5.675999966,0.121900997,232.7026251
1368250,5.25,0.121716998,232.6840179
1368500,6.010999985,0.121329997,232.6967651
1368750,5.813999958,0.121465997,232.6979773
1369000,5.467999992,0.121915997,232.6917529
1369250,5.467999992,0.121915997,232.6917529
1369500,6.336000004,0.121765496,232.706571
1369750,5.25,0.121636995,232.6982434
1370000,6.561999989,0.121767997,232.680733
1370250,5.27899992,0.121807996,232.7041779
1370500,6.170999947,0.121331998,232.7065216
1370750,5.65399992,0.121971496,232.698634
1371000,5.606999989,0.121545997,232.6950824
1371250,6.185999928,0.122175998,232.6863855
1371500,5.25,0.121865498,232.6893292
1371750,6.616999989,0.122049497,232.682356
1372000,5.26699995,0.121890497,232.6868579
1372250,5.25,0.121422498,232.7198163
1372500,6.636999989,0.121267498,232.696626
1372750,5.278999939,0.121800997,232.6964886
1373000,6.162999992,0.121683997,232.6822351
1373250,5.620999985,0.121918996,232.6939874
1373500,5.25,0.122201498,232.6960968
1373750,6.025,0.121930995,232.6974432
1374000,5.758999977,0.121842997,232.6876483
1374250,5.536999969,0.121469996,232.6891229
1374500,6.322999916,0.121915497,232.7101538
1374750,5.25,0.121950496,232.7292181
1375000,5.423999977,0.121945496,232.7150098
1375250,6.432999973,0.121573997,232.684834
1375500,5.250999985,0.122004,232.6908716
1375750,5.250999985,0.122004,232.6908716
1376000,6.507999973,0.122123997,232.6843536
1376250,5.307999916,0.121580498,232.7196686
1376500,5.25,0.122142996,232.7054358
1376750,6.45699995,0.121919496,232.7081952
1377000,5.375999947,0.121966996,232.7041632
1377250,5.928000011,0.121784499,232.7116553
1377500,5.868999977,0.121571996,232.7095532
1377750,5.25,0.122189996,232.6933545
1378000,5.793000011,0.121697497,232.7017462
1378250,5.997999897,0.121698496,232.6939471
1378500,5.32,0.121428499,232.6900421
1378750,6.497999973,0.121918997,232.6979767
1379000,5.252999954,0.122109496,232.7050983
1379250,6.515999928,0.121719996,232.6821533
1379500,5.34399992,0.122142999,232.7269067
1379750,5.949999981,0.121791497,232.6844592
1380000,5.846999931,0.121821997,232.6810504
1380250,5.25,0.121847997,232.705282
1380500,5.813999996,0.121757997,232.723186
1380750,5.973999939,0.121988998,232.714834
1381000,5.336999989,0.122189497,232.7135864
1381250,6.498999939,0.121770995,232.69362
1381500,5.253999958,0.121978498,232.7197144
1381750,6.538999958,0.121676997,232.7102643
1382000,5.328999958,0.121985998,232.7155927
1382250,5.328999958,0.121985998,232.7155927
1382500,5.25,0.121850994,232.7125061
1382750,6.400999966,0.121566997,232.730072
1383000,5.422999973,0.121739998,232.7070496
1383250,5.25,0.121795997,232.6987469
1383500,6.270999985,0.121894496,232.7126428
1383750,5.523999996,0.121694996,232.7205707
1384000,5.738999996,0.121952496,232.7285321
1384250,6.087999935,0.121975996,232.7047064
1384500,5.285,0.121855998,232.7136725
1384750,6.536000061,0.122185999,232.7087628
1385000,5.255999947,0.121646996,232.7154913
1385250,6.432999954,0.121904997,232.7160345
1385500,5.399999981,0.121419498,232.7097314
1385750,5.25,0.121469498,232.7021466
1386000,6.287999973,0.121729997,232.7100342
1386250,5.464999981,0.121660996,232.7280981
1386500,5.796999989,0.122145996,232.7240186
1386750,6.054999924,0.122171995,232.7094904
1387000,5.285,0.122137497,232.724317
1387250,6.53800005,0.121777496,232.7296637
1387500,5.25699995,0.121703497,232.6879468
1387750,5.25,0.121732497,232.6906659
1388000,6.604000015,0.121829997,232.7145612
1388250,5.262999897,0.121909499,232.7170459
1388500,6.308999939,0.121857997,232.7002917
1388750,6.308999939,0.121857997,232.7002917
1389000,5.515999928,0.121578997,232.7114423
1389250,5.748999996,0.121959497,232.6890717
1389500,6.050999928,0.121602496,232.6920435
1389750,5.285,0.121660996,232.7103058
1390000,6.537999954,0.121642998,232.6991449
1390250,5.254999962,0.121517996,232.7102423
1390500,5.25,0.121593496,232.7156879
1390750,6.584000015,0.121553997,232.7247528
1391000,5.262999916,0.122066497,232.6782416
1391250,5.25,0.121737499,232.7127856
1391500,6.613000011,0.121296497,232.7194495
1391750,5.272999916,0.121722997,232.7018341
1392000,6.203999996,0.121881998,232.7226514
1392250,5.584999981,0.121643997,232.7130328
1392500,5.25,0.121924996,232.7269873
1392750,6.028999996,0.121771996,232.7267065
1393000,5.740999966,0.121900998,232.7188098
1393250,5.555,0.121737998,232.7016425
1393500,6.250999985,0.121921998,232.7172913
1393750,5.25,0.121947996,232.7014148
1394000,6.610000038,0.121547997,232.69461
1394250,5.274999962,0.121915496,232.7100525
1394500,6.227999992,0.121693496,232.7283868
1394750,5.57,0.121492499,232.7311371
1395000,5.696000004,0.121437497,232.6977393
1395250,5.696000004,0.121437497,232.6977393
1395500,6.127999935,0.121926496,232.7192603
1395750,5.25,0.122057498,232.7109229
1396000,5.597999973,0.122002495,232.7214014
1396250,6.265999985,0.122054498,232.7345514
1396500,5.25,0.121800497,232.6944415
1396750,6.58800005,0.121591497,232.704826
1397000,5.270999928,0.121725999,232.7101697
1397250,6.27699995,0.121600996,232.7101202
1397500,5.578999977,0.121795996,232.7160663
1397750,5.25,0.121761497,232.7020905
1398000,6.137999973,0.121919996,232.7202832
1398250,5.712999935,0.121535496,232.6748999
1398500,5.571999989,0.121563998,232.7018329
1398750,6.22899992,0.121455997,232.6950671
1399000,5.25,0.122062496,232.7123468
1399250,5.449999981,0.121849997,232.7052557
1399500,6.339999943,0.121652998,232.7129126
1399750,5.250999985,0.121818997,232.6915063
1400000,6.607999954,0.121913996,232.6942322
1400250,5.281999912,0.121403497,232.6808569
1400500,6.119999981,0.121152996,232.7126837
1400750,5.665999966,0.121740496,232.7075305
1401000,5.25,0.121758497,232.6894348
1401250,5.977999973,0.121525499,232.6890771
1401500,5.805999928,0.121853996,232.6845947
1401750,5.805999928,0.121853996,232.6845947
1402000,5.493999996,0.121887498,232.7189783
1402250,6.300999966,0.121860496,232.6988654
1402500,5.25,0.121690498,232.7080975
1402750,6.545999985,0.121448997,232.7197223
1403000,5.278999939,0.121425496,232.7171735
1403250,5.25,0.121739998,232.7051807
1403500,6.502999973,0.121714499,232.728786
1403750,5.302999954,0.121566496,232.7208252
1404000,5.25,0.122008995,232.7195856
1404250,6.469999962,0.121982496,232.7141296
1404500,5.373999939,0.1216585,232.7227863
1404750,5.904999981,0.121352496,232.6841925
1405000,5.892999935,0.121978497,232.702594
1405250,5.25,0.122446494,232.7280963
1405500,5.768999996,0.121706997,232.7047205
1405750,6.029999924,0.121724997,232.6857117
1406000,5.32,0.121948997,232.694043
1406250,6.53,0.122298997,232.7184424
1406500,5.253999958,0.121380497,232.7220709
1406750,5.25,0.121862496,232.6944263
1407000,6.605999985,0.121818497,232.7316827
1407250,5.261999912,0.121709997,232.705282
1407500,6.318999958,0.121574499,232.6800684
1407750,5.478999958,0.122076998,232.6878827
1408000,5.783999996,0.121803997,232.7103625
1408250,5.783999996,0.121803997,232.7103625
1408500,6.041999931,0.121634497,232.7075787
1408750,5.25,0.121553998,232.7193085
1409000,5.683999958,0.121361497,232.7259698
1409250,6.167999878,0.121838997,232.7078009
1409500,5.25,0.122219496,232.6795709
1409750,6.601000023,0.121890496,232.7085864
1410000,5.261999912,0.121995496,232.6912183
1410250,5.25,0.121667996,232.6760345
1410500,6.621000004,0.121680997,232.6775867
1410750,5.272999916,0.121606497,232.7044897
1411000,6.239999943,0.121959497,232.6996179
1411250,5.584999924,0.121661497,232.7298834
1411500,5.644999981,0.122159995,232.7323462
1411750,6.130999908,0.121839997,232.7120746
1412000,5.25,0.121806,232.7076526
1412250,5.514999981,0.121821498,232.6979321
1412500,6.257999916,0.121638996,232.7258746
1412750,5.25,0.121820997,232.7124719
1413000,6.642999935,0.121601996,232.7173218
1413250,5.269999866,0.121460498,232.6930743
1413500,6.225999966,0.121428497,232.6992914
1413750,5.570999947,0.121883997,232.692323
1414000,5.25,0.121719497,232.6911066
1414250,6.087999973,0.121509497,232.7093304
1414500,5.698999958,0.121892498,232.7100043
1414750,5.698999958,0.121892498,232.7100043
1415000,5.562999973,0.121922998,232.7166748
1415250,6.265999889,0.121654499,232.7325793
1415500,5.25,0.121860997,232.6891052
 , ,0.121726997,232.6933069
 , , , 
