Name,Out_Active_Power_Station_6,Out_Current_Station_6,Out_Voltage_Station_6
0,5.242999916,0.120525998,232.7137604
250,5.224999905,0.120656496,232.6895087
500,5.511999912,0.121164495,232.6909674
750,6.322999916,0.120535497,232.7224597
1000,5.25,0.121294997,232.7109564
1250,5.406999989,0.120969498,232.7352844
1500,6.427999954,0.121186998,232.7248083
1750,5.250999985,0.120738997,232.7255945
2000,5.25,0.120850997,232.7308038
2250,5.25,0.120964998,232.7487128
2500,6.055999985,0.120772496,232.7370093
2750,5.767999954,0.121146996,232.7347369
3000,5.25,0.120808496,232.7307159
3250,5.25,0.120747998,232.7290271
3500,6.318999958,0.120745495,232.7323138
3750,5.478999958,0.121046497,232.6962909
4000,5.25,0.121049497,232.7183209
4250,6.17699995,0.120550997,232.6987433
4500,5.77899992,0.120897495,232.7402667
4750,5.224999905,0.120575996,232.6836218
5000,5.224999905,0.121035497,232.7189594
5250,5.224999905,0.121035497,232.7189594
5500,6.434999981,0.121024497,232.6955054
5750,5.361999969,0.120814996,232.7319067
6000,5.25,0.120948499,232.7395551
6250,5.25,0.120624997,232.7211652
6500,6.607999973,0.120555996,232.7100757
6750,5.277999935,0.120852495,232.7194104
7000,5.25,0.120949499,232.7278894
7250,5.285,0.120813997,232.7146527
7500,6.521999989,0.120787497,232.7309607
7750,5.255999947,0.121233498,232.7398096
8000,5.25,0.121029499,232.73354
8250,5.519999981,0.120806496,232.707962
8500,6.307999954,0.121162998,232.7074799
8750,5.25,0.120829497,232.7188416
9000,5.25,0.120874498,232.7165637
9250,5.806000004,0.120710496,232.7444257
9500,6.019999943,0.120983997,232.7363361
9750,5.25,0.120909497,232.7224652
10000,5.25,0.121023497,232.7291925
10250,6.066000004,0.121215995,232.7512323
10500,5.730999985,0.120859997,232.7395374
10750,5.25,0.121254498,232.7334406
11000,5.230999928,0.121257997,232.7267139
11250,6.316999969,0.121190997,232.6865344
11500,5.478999863,0.120984997,232.7268463
11750,5.478999863,0.120984997,232.7268463
12000,5.25,0.120719998,232.7341772
12250,6.176999989,0.120848497,232.7632971
12500,5.590999889,0.120857997,232.7120135
12750,5.224999905,0.121094497,232.6762299
13000,5.224999905,0.120469996,232.7082703
13250,6.475999966,0.120383997,232.7090027
13500,5.353999977,0.120648496,232.7241797
13750,5.25,0.120903998,232.6920264
14000,5.25,0.120778997,232.7150031
14250,5.285,0.120667998,232.7323138
14500,6.508999977,0.120810996,232.7167615
14750,5.254999943,0.120687996,232.7173395
15000,5.224999905,0.120297498,232.6889319
15250,5.598999939,0.120587997,232.7126556
15500,6.144999962,0.120903997,232.7093896
15750,5.25,0.120774497,232.7158502
16000,5.493999996,0.120990495,232.734234
16250,6.260999985,0.121022495,232.7466498
16500,5.25,0.120685997,232.7563373
16750,5.225999908,0.120392496,232.7259869
17000,5.797999992,0.120201997,232.7351532
17250,5.975999947,0.120651495,232.7086798
17500,5.235999947,0.120450996,232.6861334
17750,5.224999905,0.120700996,232.7301013
18000,6.014999981,0.120861498,232.7159607
18250,6.014999981,0.120861498,232.7159607
18500,5.73699995,0.120643497,232.7143652
18750,5.224999905,0.120694998,232.7100568
19000,5.224999905,0.120948996,232.6984448
19250,6.317999992,0.121085497,232.7321375
19500,5.505999947,0.120942996,232.7278589
19750,5.25,0.120687496,232.7271539
20000,6.189999981,0.121019498,232.7148596
20250,5.643999939,0.121154498,232.7116339
20500,5.25,0.121048498,232.7272809
20750,5.25,0.120695498,232.7206677
21000,5.227999916,0.120515497,232.7421954
21250,6.576999931,0.120707995,232.7484949
21500,5.237999878,0.120113497,232.7296692
21750,5.224999905,0.120434996,232.7422198
22000,5.365999908,0.120956495,232.6941516
22250,6.47399992,0.121119997,232.6984741
22500,5.251999969,0.121326997,232.7076575
22750,5.285,0.120797498,232.7235797
23000,6.521999989,0.120766997,232.7136182
23250,5.255999947,0.120767497,232.7112964
23500,5.25,0.120822498,232.705896
23750,5.519999981,0.120960497,232.7270337
24000,6.30399992,0.121079496,232.7527155
24250,5.25,0.121142997,232.7407227
24500,5.245999985,0.121038499,232.7295233
24750,5.245999985,0.121038499,232.7295233
25000,5.75199995,0.120762996,232.7406494
25250,6.05399992,0.120630498,232.7359985
25500,5.224999905,0.120419997,232.7264368
25750,5.224999905,0.120979497,232.7184668
26000,6.006999969,0.121169997,232.7267944
26250,5.777999935,0.121668997,232.7171375
26500,5.501999969,0.121901996,232.7029211
26750,6.329999905,0.121878497,232.7301074
27000,5.25,0.121720998,232.7268677
27250,5.423999977,0.121482998,232.7408356
27500,6.44199995,0.121774998,232.7105469
27750,5.250999985,0.121521498,232.7241608
28000,6.511000004,0.121385998,232.7651202
28250,5.31199995,0.121634998,232.7355267
28500,5.25,0.121539997,232.7106342
28750,6.45699995,0.121564998,232.7213867
29000,5.375999947,0.121474498,232.7434082
29250,5.25,0.121636496,232.7300574
29500,6.318999958,0.121434496,232.7140515
29750,5.647999973,0.121241497,232.7225458
30000,5.748999996,0.120999496,232.6863776
30250,6.042999916,0.121595497,232.7035876
30500,5.285,0.121232996,232.7164972
30750,6.556999969,0.121461999,232.6756177
31000,5.255999947,0.121760997,232.7117786
31250,5.255999947,0.121760997,232.7117786
31500,5.25,0.121675997,232.7090363
31750,6.748999977,0.121418496,232.7408014
32000,5.274999905,0.121430997,232.7107715
32250,6.339999981,0.121679997,232.7076978
32500,5.463999996,0.124835996,232.7058508
32750,76.91,0.98145547,232.5521613
33000,247.9919958,1.193483477,232.4874963
33250,261.0889929,1.198872457,232.5273938
33500,260.75,1.197516966,232.5032422
33750,260.3219958,1.196101475,232.5124756
34000,260.7589941,1.194836965,232.522616
34250,259.4329956,1.19346446,232.5239771
34500,259.6409985,1.19277946,232.5086646
34750,259.2349927,1.191697965,232.4693909
35000,258.9749756,1.19090097,232.5043719
35250,258.9749756,1.190316467,232.4988635
35500,259.173988,1.18929347,232.509906
35750,258.988999,1.189036961,232.5122253
36000,257.7189941,1.18829247,232.5116412
36250,258.9699768,1.187525983,232.5055127
36500,257.9059863,1.186450458,232.5065454
36750,258.4949866,1.18609498,232.5238654
37000,257.2040027,1.185187969,232.5070856
37250,258.2949939,1.18474597,232.5050653
37500,257.5009949,1.184228463,232.4932971
37750,257.5009949,1.184228463,232.4932971
38000,257.25,1.184137487,232.5204187
38250,257.49099,1.18362144,232.5007617
38500,255.9309991,1.182918963,232.5135797
38750,257.1670007,1.182129946,232.5227075
39000,257.0590002,1.181254973,232.5045251
39250,257.2250061,1.18134747,232.5079907
39500,256.9650043,1.180951443,232.5248346
39750,256.2439972,1.180662475,232.5000568
40000,256.3310004,1.180066466,232.5056097
40250,255.7920007,1.179504466,232.5193774
40500,256.6909973,1.179582992,232.5154736
40750,256.4409961,1.178813481,232.4927362
41000,255.8979999,1.178167973,232.5306506
41250,255.6579974,1.177532482,232.5000775
41500,256.4129962,1.177231483,232.5119635
41750,255.5949969,1.176981974,232.4866241
42000,255.6249988,1.176813469,232.4832727
42250,254.4629968,1.176035471,232.4838983
42500,255.7109985,1.175916448,232.5204053
42750,255.7239984,1.175108485,232.5195154
43000,255.0329968,1.17527297,232.5217615
43250,254.8939972,1.175679464,232.4902814
43500,255.9400061,1.175861964,232.5004987
43750,254.6999963,1.175785484,232.5047784
44000,255.9490039,1.175078468,232.5090839
44250,255.9490039,1.175078468,232.5090839
44500,254.2799951,1.174314981,232.5239557
44750,255.3569928,1.173846493,232.5334393
45000,255.3789929,1.173458982,232.5044122
45250,253.881994,1.173194976,232.5068713
45500,255.1689948,1.17342248,232.4866406
45750,254.9839911,1.172512484,232.505282
46000,254.2149915,1.17190196,232.5222577
46250,254.2249908,1.17203598,232.5076575
46500,254.2709949,1.171755476,232.4828662
46750,254.8819904,1.171220994,232.5069617
47000,253.7509998,1.170949974,232.5123706
47250,253.718999,1.170336981,232.5079932
47500,254.1659943,1.169877443,232.4964667
47750,254.1319916,1.169662476,232.529892
48000,253.9809961,1.169169955,232.5205133
48250,253.3709991,1.168952456,232.5192804
48500,252.9259924,1.168750458,232.5018011
48750,253.9809955,1.168160973,232.4913751
49000,253.75,1.167919478,232.5244659
49250,253.4679999,1.167449975,232.5246222
49500,253.3819983,1.167449994,232.5371509
49750,253.2600055,1.167325959,232.5323535
50000,253.5199933,1.166734962,232.5171539
50250,253.0709979,1.166124468,232.5021069
50500,252.5,1.165736451,232.4968903
50750,252.5,1.165736451,232.4968903
51000,252.6289984,1.165745478,232.4910657
51250,252.5379956,1.16510046,232.5231714
51500,252.7739941,1.164995484,232.4958545
51750,253.2109973,1.164329476,232.5193854
52000,252.9449945,1.164094472,232.5340271
52250,252.0399866,1.164018474,232.5092596
52500,252.4689911,1.164043446,232.5044904
52750,252.4749908,1.163247471,232.5075891
53000,252.4749908,1.162943978,232.5067877
53250,252.4749908,1.162582979,232.4835461
53500,252.4749908,1.162256951,232.5192981
53750,252.1429895,1.162115469,232.5292871
54000,251.9999847,1.161941991,232.52297
54250,251.769989,1.161425486,232.5053333
54500,251.0539966,1.160923963,232.5158575
54750,252.0460052,1.160914984,232.5098273
55000,252.1009888,1.160532928,232.5241547
55250,251.4299921,1.15976697,232.5055688
55500,251.3089984,1.159796467,232.5093524
55750,251.836004,1.159569983,232.5197046
56000,250.6880023,1.159303975,232.5416162
56250,251.6599994,1.159218969,232.4944904
56500,250.9139966,1.15860045,232.5112189
56750,251.6249927,1.158110466,232.51966
57000,251.072995,1.157538471,232.5160901
57250,251.072995,1.157538471,232.5160901
57500,250.7819995,1.157023964,232.5197076
57750,251.5849982,1.15723196,232.5168671
58000,250.6740039,1.157438469,232.5326501
58250,250.395,1.156593976,232.5274445
58500,250.7290021,1.156666007,232.5294031
58750,251.4059967,1.156294479,232.5049225
59000,250.2519995,1.15611897,232.5267725
59250,250.4619995,1.155942969,232.5633429
59500,250.2929993,1.155053968,232.5497522
59750,250.7169958,1.154835963,232.5268811
60000,250.2669946,1.154216967,232.5344385
60250,249.8750012,1.154634452,232.5097015
60500,250.2249908,1.153864479,232.5357166
60750,250.2729907,1.153677983,232.5114996
61000,249.9099994,1.153121481,232.5340906
61250,250.2089923,1.153115458,232.5178021
61500,249.7990009,1.152748947,232.5195996
61750,250.1449927,1.152498989,232.514939
62000,249.4559961,1.152202477,232.5174561
62250,249.3879944,1.152111473,232.5225769
62500,249.6979913,1.151648474,232.5447626
62750,249.0999939,1.151275468,232.5253699
63000,249.6099908,1.151385465,232.5146191
63250,249.5449915,1.150945992,232.513089
63500,249.0529944,1.150670967,232.5621564
63750,249.0529944,1.150670967,232.5621564
64000,248.9749908,1.150671487,232.5222577
64250,248.9749908,1.14989048,232.5147705
64500,248.9749908,1.149985986,232.5082025
64750,249.3589911,1.149580979,232.5385675
65000,249.9389984,1.149551973,232.5189789
65250,248.8659985,1.148896976,232.5407123
65500,248.5,1.148592958,232.5317865
65750,248.9119971,1.148146482,232.5183014
66000,248.5879932,1.147987986,232.5092444
66250,248.8679956,1.147984495,232.5079865
66500,248.5,1.147681971,232.5238098
66750,248.5,1.147412481,232.5444586
67000,248.6989935,1.146947989,232.5066113
67250,248.7499951,1.146533976,232.5104346
67500,248.7759924,1.146268983,232.5430743
67750,247.3179962,1.146287966,232.501756
68000,248.3789966,1.145948973,232.5375677
68250,248.5,1.145273972,232.5381543
68500,247.7109979,1.14543848,232.5399292
68750,248.2789954,1.145359488,232.5249451
69000,248.088996,1.14483799,232.5260895
69250,247.7139978,1.144670982,232.5528613
69500,248.0649951,1.144280968,232.5240271
69750,246.6919958,1.144221468,232.5335303
70000,248.0159967,1.144060979,232.5137518
70250,248.0159967,1.144060979,232.5137518
70500,248.4730054,1.143536468,232.5128027
70750,247.1880005,1.143172464,232.5288434
71000,247.4849988,1.142828994,232.5274036
71250,247.9599927,1.142314467,232.5351221
71500,247.25,1.142372966,232.5126007
71750,247.0669989,1.141884456,232.5467108
72000,247.6159991,1.141733484,232.542251
72250,247.1659991,1.141157999,232.5741156
72500,246.75,1.141168962,232.545274
72750,247.4819977,1.14125495,232.5466656
73000,247.466001,1.141078968,232.5405859
73250,246.9780042,1.140509992,232.5745459
73500,246.092995,1.140365458,232.553429
73750,247.2250061,1.139819489,232.547738
74000,245.851994,1.139657965,232.5174432
74250,247.142002,1.139827485,232.5130249
74500,247.2250061,1.139054003,232.5559253
74750,246.5219977,1.139154983,232.5166229
75000,246.705993,1.13908947,232.5292651
75250,246.522995,1.13820498,232.5270032
75500,246.7249908,1.138138461,232.5218097
75750,246.5249902,1.137852964,232.5255048
76000,246.0889972,1.137679477,232.5141479
76250,247.1210046,1.137717967,232.545387
76500,245.3519958,1.137306476,232.5210229
76750,245.3519958,1.137306476,232.5210229
77000,246.6969928,1.137074456,232.5144806
77250,246.1499939,1.136668463,232.537561
77500,245.3719922,1.136118965,232.5400031
77750,246.2789911,1.135994983,232.5329724
78000,245.5639948,1.135824962,232.528183
78250,246.3439935,1.135381994,232.540838
78500,245.1069958,1.135037971,232.5140277
78750,246.2089917,1.135177474,232.5231537
79000,245.4169971,1.135003481,232.4935858
79250,245.5249982,1.134618969,232.508363
79500,246.275993,1.134247479,232.5210828
79750,245.1729987,1.13427897,232.5445789
80000,245.2469965,1.133645968,232.5311859
80250,245.4499969,1.133712482,232.5127209
80500,245.4499969,1.133266482,232.5402814
80750,245.2829956,1.133298974,232.4966187
81000,245.2519983,1.133152971,232.5325317
81250,245.0439978,1.13307148,232.5339465
81500,245.0209991,1.132464972,232.5272821
81750,244.965,1.132715464,232.5221259
82000,244.8239941,1.131984477,232.48935
82250,245.043999,1.131727977,232.4969299
82500,244.99,1.13126646,232.5338721
82750,244.3939984,1.131440463,232.5041486
83000,244.0889929,1.130938478,232.5141058
83250,244.0889929,1.130938478,232.5141058
83500,245.3099945,1.131092482,232.5083136
83750,244.1039935,1.130664473,232.517196
84000,244.803996,1.130472965,232.5062012
84250,244.8209937,1.129895458,232.5354254
84500,244.0339935,1.129827971,232.5396985
84750,244.9469922,1.129355483,232.5192896
85000,244.6479901,1.1296945,232.5086304
85250,243.5519946,1.129272976,232.527262
85500,244.4199945,1.129206457,232.5116028
85750,243.9889929,1.128667979,232.5110278
86000,243.7939935,1.128613982,232.5347247
86250,244.6859937,1.128212476,232.5320428
86500,244.3839935,1.127795978,232.5358972
86750,244.136991,1.127448974,232.5411334
87000,243.1949957,1.127044468,232.5115692
87250,243.6880042,1.126978459,232.5388916
87500,244.2119928,1.126844959,232.4952344
87750,243.6999817,1.126661968,232.5293549
88000,243.6999817,1.127161446,232.5242499
88250,243.6999817,1.126280966,232.5374738
88500,243.6469843,1.126079459,232.5349774
88750,243.2529858,1.125833998,232.5428674
89000,243.2499847,1.124618473,232.5440411
89250,242.1879932,1.120390968,232.5182196
89500,242.6859955,1.118329468,232.5184259
89750,242.6859955,1.118329468,232.5184259
90000,240.3890015,1.115735955,232.5189514
90250,241.3659943,1.112261958,232.535426
90500,239.6519977,1.108600984,232.5275183
90750,238.2889954,1.110371952,232.5228107
91000,238.9569989,1.105576472,232.5559473
91250,239.1609979,1.105396471,232.532572
91500,236.6689941,1.101115966,232.5313977
91750,235.6139941,1.096184473,232.5421301
92000,234.6269946,1.093881474,232.5545856
92250,234.0189966,1.085285959,232.5305914
92500,232.0129944,1.080997467,232.5374255
92750,231.507995,1.078811469,232.5427643
93000,232.6379938,1.077307959,232.523703
93250,228.6799969,1.073248458,232.5544446
93500,229.6549994,1.069783483,232.5575311
93750,228.5339941,1.065358996,232.5624396
94000,226.440993,1.059823971,232.548186
94250,226.4649963,1.056235476,232.5573932
94500,225.0769928,1.053951488,232.562146
94750,225.3019928,1.053362474,232.5690082
95000,225.0799963,1.052625957,232.5688733
95250,224.9259918,1.053740954,232.5383667
95500,226.615993,1.049900985,232.56005
95750,221.3529962,1.043121967,232.5483685
96000,222.8689948,1.038459477,232.5379614
96250,222.8689948,1.038459477,232.5379614
96500,222.7599902,1.029597983,232.553819
96750,215.5359949,1.025508485,232.5460266
97000,219.568996,1.020797963,232.5764746
97250,218.1649982,1.019176474,232.5820306
97500,216.1439941,1.016510963,232.5617993
97750,216.9470032,1.011742992,232.5662573
98000,215.2779999,1.011085975,232.5465509
98250,216.4179968,1.009845488,232.5566418
98500,213.1129944,1.003511975,232.5557849
98750,213.2479968,1.004074974,232.5617395
99000,214.7899988,0.999260976,232.5685773
99250,209.9399951,0.996237457,232.5760956
99500,212.8939935,0.994742465,232.5367224
99750,212.8929944,0.996853468,232.5462762
100000,211.5889917,0.995635471,232.5465234
100250,212.3339941,0.992661984,232.5530396
100500,210.0519952,0.989796975,232.5660162
100750,210.2109973,0.994363477,232.5538727
101000,212.4489966,1.000126987,232.5322607
101250,213.0960004,0.995866985,232.5523022
101500,212.127998,0.993238471,232.5788739
101750,210.6249982,0.993829482,232.5609235
102000,211.7009979,0.993997474,232.5232831
102250,212.8389954,0.993985488,232.5871881
102500,208.9119952,0.995000458,232.5820844
102750,208.9119952,0.995000458,232.5820844
103000,214.3599969,0.997087481,232.5396832
103250,211.8909955,0.993452485,232.5473846
103500,208.8609949,0.991189976,232.530506
103750,214.4209924,0.99364897,232.5736969
104000,210.6579968,0.990792468,232.5726233
104250,209.0539929,0.990442474,232.5604834
104500,213.1889948,0.992709968,232.5650049
104750,211.5989935,0.996087472,232.5613525
105000,212.2219995,0.998441958,232.5470624
105250,212.8599933,0.994248462,232.5631561
105500,211.2919989,0.991537449,232.5571777
105750,211.8949969,0.995712469,232.5439056
106000,210.8649976,0.994814968,232.5533057
106250,213.8639941,0.994242458,232.5690588
106500,211.5459937,0.997021978,232.5591687
106750,210.7179956,0.999307466,232.5306781
107000,213.106001,0.994617479,232.4947449
107250,210.3959973,0.993591495,232.5227673
107500,210.8909973,0.996307964,232.5648163
107750,214.6999957,0.998004987,232.5413214
108000,210.2529932,0.997253478,232.546618
108250,212.6559955,0.999350975,232.5279938
108500,214.1869934,0.996739979,232.5591797
108750,210.6549896,0.992942982,232.5832117
109000,211.6529938,0.997199473,232.5528992
109250,211.6529938,0.997199473,232.5528992
109500,212.6519965,1.002384968,232.5670825
109750,214.2439954,0.998233457,232.548114
110000,207.9559967,0.960004973,232.5722601
110250,189.2689929,0.90778049,232.5587378
110500,192.8589935,0.87255898,232.5964337
110750,157.3199963,0.84042448,232.5885315
111000,187.7559955,0.943207464,232.5489191
111250,192.6629962,0.870628483,232.5839056
111500,158.6759973,0.781767473,232.6189801
111750,149.1549976,0.802350974,232.6017853
112000,165.7579956,0.79884599,232.6024811
112250,119.7379984,0.719869494,232.6072375
112500,148.6619971,0.777433484,232.600321
112750,130.2210001,0.736921003,232.6108746
113000,164.3019965,0.821273987,232.61565
113250,141.6379956,0.762802465,232.6106378
113500,160.4089972,0.83268647,232.5858014
113750,151.7509985,0.798154991,232.6180713
114000,162.5419971,0.817151973,232.5591461
114250,142.1549948,0.737229984,232.5745831
114500,146.7519958,0.772938476,232.6172913
114750,139.7969965,0.782891982,232.5830457
115000,163.1059955,0.808709478,232.6036652
115250,129.567995,0.715800986,232.6177173
115500,156.0469989,0.82767997,232.6070044
115750,156.0469989,0.82767997,232.6070044
116000,161.7899976,0.768143487,232.6031189
116250,130.9469977,0.718293478,232.6201563
116500,147.4209991,0.776648481,232.625722
116750,139.4169952,0.732110977,232.6152161
117000,149.9849957,0.800218997,232.5768506
117250,149.4999957,0.782743988,232.6097644
117500,154.9679987,0.802110488,232.6173926
117750,150.6069971,0.765645964,232.6177924
118000,155.5249976,0.803872972,232.6055701
118250,147.0989966,0.791617475,232.5880103
118500,172.3159967,0.861902964,232.5806256
118750,139.0429965,0.718309469,232.6454114
119000,165.8099966,0.905929463,232.6043689
119250,172.4549945,0.803246462,232.6123126
119500,160.6519965,0.824041979,232.5900238
119750,143.6019968,0.739458477,232.6199469
120000,149.2599945,0.797186475,232.5716595
120250,138.6349945,0.711768975,232.6152594
120500,156.4979977,0.86016999,232.6013477
120750,149.5049957,0.728329995,232.6127429
121000,153.7079987,0.856955974,232.5769061
121250,141.8369962,0.687398989,232.5987048
121500,147.5639966,0.849257474,232.5903766
121750,142.0239975,0.652240479,232.6332593
122000,137.7539969,0.850439467,232.6073309
122250,137.7539969,0.850439467,232.6073309
122500,147.0499988,0.71008796,232.6607379
122750,154.7529962,0.881235976,232.5735632
123000,153.721998,0.687240977,232.6291669
123250,139.780997,0.843848481,232.5868219
123500,148.185993,0.687460985,232.5984076
123750,130.0439993,0.773417983,232.6073468
124000,134.8999982,0.676703978,232.6331549
124250,134.2879999,0.780237,232.6078729
124500,143.145997,0.707155988,232.6348743
124750,138.2579977,0.789212477,232.6101764
125000,127.7249976,0.611058481,232.6239471
125250,118.7929968,0.762574987,232.6115784
125500,116.3079953,0.503264983,232.6836652
125750,85.99199783,0.711404982,232.6436011
126000,122.928996,0.598890483,232.6494849
126250,101.9639987,0.699120991,232.6144263
126500,103.4799948,0.548150002,232.6672638
126750,111.5429984,0.764759483,232.6106476
127000,121.8549979,0.517370481,232.6795709
127250,81.24099823,0.658048484,232.6239185
127500,82.3619986,0.407325494,232.6897089
127750,51.82699905,0.538950486,232.6947198
128000,85.71099854,0.496011486,232.6783057
128250,88.96099716,0.657197492,232.6195953
128500,98.40399719,0.475095495,232.6681482
128750,98.40399719,0.475095495,232.6681482
129000,64.51399826,0.62455899,232.6327991
129250,86.38199738,0.43363699,232.7038885
129500,65.72099899,0.605962005,232.6671619
129750,91.69599869,0.410134983,232.6999609
130000,40.70299885,0.488894991,232.6828748
130250,66.11799835,0.372007987,232.6942572
130500,43.09299942,0.543086481,232.6402588
130750,78.80200012,0.393849986,232.6875238
131000,40.35799927,0.381079487,232.6943933
131250,50.60499878,0.345680994,232.702522
131500,47.9409996,0.491043988,232.6717072
131750,66.71599884,0.376904988,232.6452496
132000,44.55799896,0.485639491,232.681142
132250,74.85499588,0.386939487,232.705719
132500,30.76899918,0.374647985,232.7077313
132750,47.8059993,0.328352493,232.7231622
133000,31.23299904,0.383549492,232.7219946
133250,54.45099869,0.320780487,232.6965466
133500,41.5069986,0.444760497,232.7055621
133750,66.70100006,0.384827992,232.685321
134000,25.56599907,0.296636988,232.7132422
134250,35.97699921,0.275634996,232.7023059
134500,32.18699974,0.375586984,232.6779535
134750,57.99099846,0.327639002,232.7237421
135000,32.85799942,0.328786491,232.6942871
135250,32.85799942,0.328786491,232.6942871
135500,43.11099915,0.302384992,232.7192767
135750,40.74199883,0.498806974,232.6866394
136000,85.87799866,0.475781978,232.6828986
136250,43.98699936,0.376751993,232.6855768
136500,54.89699905,0.350246499,232.7134167
136750,29.30199928,0.3011185,232.7216327
137000,38.49399887,0.313609987,232.7045801
137250,32.88599937,0.295029995,232.6632355
137500,38.10799927,0.327684489,232.6845453
137750,48.71899979,0.424202993,232.6890509
138000,67.6159993,0.395214987,232.698009
138250,27.78699913,0.366325986,232.7318268
138500,58.41199829,0.37484249,232.7148834
138750,35.32599884,0.310932987,232.7344519
139000,48.6469986,0.309472489,232.7297388
139250,26.76099949,0.372768489,232.7353601
139500,58.5419986,0.395029993,232.7235278
139750,23.49699978,0.358105989,232.7288336
140000,60.94599808,0.36254199,232.7111139
140250,28.25199959,0.277671993,232.695058
140500,42.14099991,0.396691483,232.6838837
140750,66.09199921,0.463918489,232.6757233
141000,61.21399796,0.389791486,232.701123
141250,32.43799934,0.327719492,232.6760175
141500,56.23699959,0.405024995,232.7019208
141750,56.23699959,0.405024995,232.7019208
142000,46.62399918,0.382393486,232.6711932
142250,55.11099838,0.380610989,232.6702655
142500,35.18299942,0.345400995,232.6759998
142750,55.32599854,0.367288491,232.6887561
143000,32.19799919,0.267929484,232.7031293
143250,42.23699875,0.33646849,232.7141071
143500,24.90199959,0.342286996,232.7085864
143750,59.71099854,0.431136484,232.6674512
144000,52.61299911,0.381280992,232.6493231
144250,59.56399826,0.401980989,232.6686981
144500,35.6679985,0.30324649,232.7299426
144750,44.87399887,0.394432493,232.6735797
145000,44.30699905,0.393244497,232.6815698
145250,64.56599915,0.43709299,232.7032416
145500,45.25399887,0.356727486,232.6805792
145750,66.06799942,0.460051991,232.6817609
146000,34.24199905,0.301207497,232.6890002
146250,46.82399872,0.39101249,232.6610175
146500,45.97899963,0.350699992,232.687702
146750,54.78999817,0.429738501,232.6775775
147000,69.09999924,0.524609988,232.6395825
147250,107.057998,0.649580984,232.6350995
147500,73.4089975,0.441890988,232.7005292
147750,69.96099869,0.499195989,232.651825
148000,66.28199799,0.437585984,232.6668256
148250,66.28199799,0.437585984,232.6668256
148500,73.64099808,0.51395749,232.6624103
148750,78.38199799,0.530595977,232.6630658
149000,96.1619986,0.598510988,232.6420819
149250,77.45299774,0.481424484,232.6963318
149500,85.59599945,0.567156489,232.672547
149750,71.15099808,0.420461984,232.7028424
150000,64.52999908,0.507710487,232.6847791
150250,63.8779982,0.457211481,232.6834406
150500,85.32599731,0.569656986,232.6726666
150750,73.67899765,0.465348995,232.6771844
151000,85.6859993,0.592786975,232.6701111
151250,85.67999634,0.492456484,232.6786017
151500,84.10199738,0.562198483,232.6541217
151750,69.38599762,0.465408987,232.6809064
152000,98.46199768,0.667760975,232.6309784
152250,101.9019986,0.559547482,232.6581775
152500,103.286998,0.668926983,232.6294342
152750,94.18999969,0.51116549,232.6688647
153000,84.43999634,0.579793482,232.6508136
153250,86.95999817,0.536403484,232.6433478
153500,101.0259988,0.649206965,232.6463062
153750,86.76499756,0.447235985,232.6818317
154000,72.8339975,0.594808478,232.6826721
154250,90.81299896,0.55414849,232.6786835
154500,92.14999817,0.575119984,232.6738843
154750,92.14999817,0.575119984,232.6738843
155000,93.99700012,0.574401989,232.6441595
155250,102.2089987,0.645229988,232.6260486
155500,102.7589996,0.504972986,232.701543
155750,66.94999878,0.591826979,232.6505511
156000,93.92399811,0.522887987,232.6807446
156250,72.87299805,0.474857988,232.7045068
156500,76.65299835,0.536984482,232.6760034
156750,91.34099884,0.562717984,232.6509509
157000,91.69799744,0.58351099,232.6559064
157250,97.62199738,0.606283493,232.6618018
157500,93.24199585,0.550180981,232.6600446
157750,82.17299866,0.518773985,232.6474512
158000,83.10799896,0.54975498,232.6520044
158250,90.16999634,0.57058749,232.6565356
158500,90.06899841,0.541423485,232.7035461
158750,81.87899811,0.518471484,232.6757556
159000,77.32799927,0.477345489,232.6830334
159250,68.16399872,0.492468994,232.699082
159500,77.92699829,0.489162992,232.6879474
159750,76.60699677,0.553359487,232.6594385
160000,93.03999817,0.566083484,232.6532739
160250,88.51299744,0.574357979,232.6795221
160500,92.58899597,0.541947982,232.6550562
160750,72.39099792,0.434164485,232.6977484
161000,54.62499969,0.398029985,232.6622778
161250,54.62499969,0.398029985,232.6622778
161500,64.19899841,0.431573488,232.6931311
161750,69.4649968,0.572254984,232.6469238
162000,90.15299805,0.470891491,232.6723792
162250,62.80999924,0.48626498,232.6840259
162500,73.99599854,0.435443987,232.7252496
162750,58.11099838,0.423510492,232.6761047
163000,59.50899918,0.382552488,232.7014661
163250,49.55099899,0.420702986,232.6914825
163500,68.03499786,0.452279488,232.7159393
163750,64.02899857,0.414541984,232.6998663
164000,53.83799835,0.337721,232.7400598
164250,37.78999847,0.372642492,232.7083698
164500,57.88299927,0.392769988,232.7174426
164750,49.18399857,0.339515487,232.6901721
165000,39.99999954,0.336140988,232.7039709
165250,48.48999969,0.412103994,232.7166418
165500,115.037999,0.783474977,232.6498029
165750,83.50199844,0.386118486,232.7104425
166000,28.33099983,0.264224992,232.7133618
166250,24.33699921,0.350101486,232.6942017
166500,116.9979996,0.888515472,232.5958588
166750,199.592995,0.952533975,232.5407684
167000,204.7050024,0.961804962,232.5631769
167250,204.7250061,0.95402698,232.5760425
167500,203.3359961,0.953684962,232.5750256
167750,203.3359961,0.953684962,232.5750256
168000,203.4799982,0.958249993,232.5480493
168250,157.9309988,0.619862491,232.6587769
168500,40.13199951,0.257780495,232.7277307
168750,21.06599998,0.205363495,232.7382568
169000,14.08099991,0.178915496,232.7203699
169250,21.05299995,0.266922498,232.7339539
169500,37.59699951,0.452773987,232.6839453
169750,135.687999,0.925865469,232.546969
170000,204.9689972,0.963272476,232.556651
170250,206.0499957,0.968215969,232.5776825
170500,205.3969946,0.970192471,232.5974988
170750,204.4919958,0.843447969,232.6271716
171000,70.84000107,0.33106499,232.7136615
171250,24.03299965,0.254634491,232.6916357
171500,22.76899887,0.243093995,232.7007233
171750,35.21499901,0.301294986,232.6716901
172000,24.93799889,0.213644495,232.7185791
172250,15.86699951,0.193167992,232.7193921
172500,18.225,0.198452497,232.7156958
172750,17.46899902,0.193256494,232.6994739
173000,17.5,0.201165496,232.7095703
173250,17.5,0.189068496,232.6703064
173500,17.5,0.209514496,232.7002576
173750,22.92399963,0.260300497,232.7175873
174000,30.7109993,0.281714497,232.6972577
174250,30.7109993,0.281714497,232.6972577
174500,29.76099983,0.241223992,232.7254114
174750,25.57399933,0.286998997,232.6947607
175000,44.11399963,0.474704489,232.6759863
175250,135.4269983,0.959851487,232.5622363
175500,209.6769934,0.995252471,232.5559357
175750,213.7699939,0.998695471,232.5627917
176000,211.9059949,0.992861466,232.5717389
176250,220.0069965,0.986671474,232.5598755
176500,96.69799942,0.415618488,232.7213141
176750,23.56699959,0.283615493,232.7225195
177000,20.95100067,0.238437993,232.712229
177250,23.79699974,0.230023995,232.7294702
177500,21.63899971,0.216252996,232.714458
177750,20.73999924,0.211925493,232.7496588
178000,20.80799942,0.229419995,232.7377301
178250,22.71399849,0.223478994,232.7105798
178500,21.87499878,0.222299494,232.712179
178750,23.60299995,0.279747494,232.6974902
179000,39.89999954,0.248961994,232.720899
179250,24.0839994,0.241181993,232.7300177
179500,24.52499931,0.233379992,232.7270709
179750,24.09299957,0.234787996,232.7180573
180000,24.49799934,0.23553999,232.7464954
180250,18.75899971,0.193701996,232.7291278
180500,21.7429995,0.222229993,232.7549866
180750,21.7429995,0.222229993,232.7549866
181000,19.47999962,0.220338494,232.7276697
181250,21.89899994,0.224609496,232.6725629
181500,24.14599968,0.203342994,232.7097607
181750,15.55399956,0.212743993,232.7309534
182000,23.35099968,0.224134994,232.6890247
182250,22.71199974,0.224774994,232.7693671
182500,20.5639994,0.231049994,232.7384436
182750,24.28999947,0.235244996,232.7434418
183000,22.00300018,0.203014994,232.7306183
183250,18.67299973,0.216897495,232.7273383
183500,21.67799965,0.218236992,232.7374896
183750,20.97299995,0.217011995,232.6881555
184000,18.9929995,0.216267993,232.7152112
184250,21.99899994,0.193793993,232.6912109
184500,16.90899952,0.217433495,232.7096893
184750,21.58299965,0.221981996,232.7145313
185000,22.3679998,0.222800995,232.7297382
185250,22.13899948,0.226561993,232.7231769
185500,23.4759996,0.262437993,232.7193512
185750,42.65000031,0.290689992,232.6848773
186000,23.81599976,0.213151497,232.7099213
186250,18.40899994,0.208534995,232.7374725
186500,20.06499954,0.212128493,232.7273682
186750,17.33899971,0.198502498,232.7219269
187000,16.4239994,0.189388995,232.7297052
187250,16.4239994,0.189388995,232.7297052
187500,17.4759993,0.216455993,232.7379724
187750,21.76999969,0.214180492,232.7327789
188000,19.87999931,0.210534994,232.7202246
188250,21,0.219174993,232.7190436
188500,31.09999893,0.302465488,232.7133685
188750,32.68799904,0.221388992,232.6955444
189000,18.37499962,0.203405495,232.6988818
189250,19.37800007,0.197588498,232.7111157
189500,16.55999939,0.198196996,232.7049176
189750,15.60099976,0.171540495,232.7205634
190000,16.1309996,0.193478492,232.6982446
190250,16.62299973,0.202761996,232.7473718
190500,19.1679995,0.201240494,232.7100195
190750,18.72799923,0.206861494,232.748667
191000,19.69699959,0.201155496,232.7088245
191250,17.54100006,0.203656995,232.6807129
191500,22.60199959,0.240252495,232.7089398
191750,25.52799942,0.227586996,232.7210333
192000,18.52299995,0.194967498,232.7271832
192250,17.78899937,0.195102496,232.6726495
192500,17.92699963,0.212305995,232.7247784
192750,30.78699936,0.264264996,232.6994275
193000,20.58399948,0.203585492,232.7401624
193250,19.49999943,0.215075997,232.7183002
193500,23.14400032,0.284961991,232.7051953
193750,23.14400032,0.284961991,232.7051953
194000,38.60699905,0.283136995,232.7060406
194250,25.30899948,0.254828996,232.6917932
194500,30.1129998,0.260825987,232.716394
194750,27.75399948,0.328270994,232.711203
195000,47.13399918,0.330952491,232.6804895
195250,31.5759996,0.310482997,232.7246637
195500,44.42099899,0.30841099,232.6880676
195750,28.33799911,0.283754494,232.6963611
196000,36.86599884,0.293756993,232.6980804
196250,27.55299927,0.351427488,232.6983881
196500,59.11199921,0.374966496,232.6876666
196750,36.99999985,0.327362989,232.6801611
197000,59.31799835,0.498246485,232.6774353
197250,84.72299744,0.480024486,232.6712988
197500,51.10199966,0.41172749,232.6798029
197750,85.05299835,0.534044986,232.678764
198000,72.21199677,0.537161995,232.6547522
198250,97.13599823,0.578328987,232.6716498
198500,55.22999779,0.422968984,232.674436
198750,84.66299866,0.546869483,232.6487714
199000,83.54099762,0.55239748,232.647486
199250,100.0069995,0.590646989,232.6076245
199500,79.43500061,0.455165992,232.6814117
199750,65.01699936,0.50476899,232.6732825
200000,97.90299805,0.62940598,232.6366425
200250,97.90299805,0.62940598,232.6366425
200500,100.6259973,0.571405988,232.6280951
200750,91.61099884,0.524478981,232.6777026
201000,82.07599915,0.543003988,232.6659454
201250,97.015,0.615361493,232.6472046
201500,92.25899841,0.539219978,232.6582892
201750,84.12200043,0.527556983,232.6632098
202000,72.02299927,0.459954989,232.6652753
202250,87.1009964,0.521857994,232.682915
202500,61.24599838,0.374057493,232.6854504
202750,64.3119986,0.487764485,232.6527698
203000,66.03099777,0.466093493,232.6429767
203250,87.84199707,0.582437983,232.6447321
203500,80.25099915,0.458395487,232.6851697
203750,84.50999786,0.559029491,232.6712268
204000,66.89999878,0.4265705,232.6643964
204250,80.2789978,0.579986978,232.633537
204500,78.49799698,0.467903491,232.6901154
204750,82.6719986,0.523566489,232.6760577
205000,63.00299866,0.352659984,232.7213153
205250,56.33899902,0.469838488,232.6742896
205500,67.17599915,0.441026992,232.6713568
205750,73.8539975,0.494348483,232.6767365
206000,57.26699829,0.343289493,232.6959631
206250,59.35099739,0.479358486,232.6921539
206500,50.9319986,0.365374495,232.7008191
206750,50.9319986,0.365374495,232.7008191
207000,64.11799896,0.527877485,232.7007385
207250,68.2869989,0.381026993,232.7267316
207500,51.68099854,0.396739995,232.7199158
207750,48.24699997,0.312847993,232.6807227
208000,48.61799904,0.443443984,232.6852515
208250,69.38599884,0.460947988,232.6772986
208500,57.36099854,0.350963987,232.6869226
208750,55.67899796,0.470002985,232.6770831
209000,68.03399918,0.42679299,232.6864008
209250,67.01899826,0.490166494,232.6728357
209500,80.04399933,0.498882484,232.6748358
209750,80.56599884,0.515564978,232.6763245
210000,71.31300049,0.427695484,232.6762891
210250,51.74499771,0.336758997,232.7181287
210500,45.33299988,0.386722988,232.6870001
210750,58.85899796,0.420478483,232.6812579
211000,64.1269986,0.430817987,232.6711615
211250,69.375,0.475792496,232.658338
211500,53.92999863,0.308759493,232.6899225
211750,45.60699814,0.437680484,232.6616986
212000,64.11399902,0.388888484,232.6518365
212250,37.3309996,0.258138494,232.7181305
212500,26.60200012,0.282502992,232.7245154
212750,45.32899872,0.399359488,232.7124475
213000,44.73299896,0.277450491,232.7143939
213250,44.73299896,0.277450491,232.7143939
213500,30.35099945,0.321296494,232.6695758
213750,38.94299957,0.262917989,232.698067
214000,36.05299881,0.38724799,232.6823431
214250,47.94699936,0.286198493,232.7072101
214500,23.84599953,0.237513995,232.7128186
214750,26.6179995,0.253204995,232.7223633
215000,23.69999916,0.220051494,232.7087531
215250,20.55999931,0.211116495,232.7186829
215500,19.33399963,0.213280991,232.734707
215750,20.66800003,0.227610494,232.719306
216000,26.26099937,0.260466493,232.6926904
216250,26.84999901,0.230913996,232.7063147
216500,29.20299881,0.343872999,232.6890656
216750,41.6909993,0.281399992,232.6695068
217000,23.90899933,0.216178991,232.729928
217250,20.1179998,0.215326496,232.7054602
217500,27.03599907,0.296104491,232.7326752
217750,36.20999947,0.266945494,232.7142596
218000,21.90599968,0.238919994,232.7017529
218250,27.9579995,0.270050497,232.7228168
218500,30.01799934,0.253501,232.7261792
218750,23.30999954,0.259162498,232.7222357
219000,30.06299866,0.247062495,232.7328601
219250,25.54899956,0.24192549,232.7345538
219500,32.15499969,0.368009495,232.713205
219750,32.15499969,0.368009495,232.713205
220000,58.24899887,0.382239995,232.7131049
220250,49.45499954,0.342729495,232.7098889
220500,42.94399948,0.31194949,232.7154272
220750,38.79299942,0.403114995,232.6982184
221000,68.4789978,0.473745486,232.6514954
221250,66.37499725,0.388765485,232.7161133
221500,43.00499939,0.385496485,232.710412
221750,60.88099823,0.38961899,232.692785
222000,53.23599915,0.377067491,232.689649
222250,54.65599976,0.414683484,232.7058673
222500,65.38499878,0.427096488,232.6919061
222750,61.33299927,0.417178479,232.7061292
223000,61.95199844,0.410580487,232.6915363
223250,57.68899933,0.41558749,232.7024829
223500,63.75399857,0.427391999,232.6998035
223750,61.39799866,0.431728491,232.6756873
224000,69.21999786,0.465967488,232.6493323
224250,74.15699829,0.47550349,232.6605597
224500,73.57699951,0.455220491,232.7032239
224750,66.06599899,0.497613995,232.6773236
225000,89.02399811,0.549117486,232.6598669
225250,81.22399963,0.501230495,232.689859
225500,77,0.50144449,232.6749768
225750,76.04099945,0.491212984,232.6750885
226000,71.02099854,0.457298487,232.6893384
226250,71.02099854,0.457298487,232.6893384
226500,66.45099823,0.466455984,232.7280481
226750,76.82399902,0.512373985,232.6582037
227000,83.75899841,0.502122989,232.6842902
227250,82.3809967,0.534498484,232.6893536
227500,91.36699921,0.565850494,232.6704175
227750,91.54999512,0.569475493,232.641922
228000,83.01099792,0.493699995,232.6858734
228250,76.19499939,0.502841996,232.6818018
228500,89.34699646,0.560530987,232.687066
228750,94.17799713,0.562594984,232.6822437
229000,95.30299774,0.583885479,232.6397815
229250,104.6249963,0.615415998,232.6921765
229500,106.8429996,0.630901489,232.6630115
229750,104.6369986,0.631800978,232.6447931
230000,113.9499982,0.634039984,232.6199005
230250,102.9609985,0.594453986,232.6422705
230500,103.9609976,0.628019478,232.6382562
230750,107.7249985,0.626250491,232.6295538
231000,105.5499957,0.651750488,232.6470911
231250,114.7399973,0.668929482,232.6095154
231500,118.5599969,0.67718049,232.6224988
231750,129.602998,0.734185994,232.6262811
232000,131.5359973,0.718501985,232.6414166
232250,135.3939978,0.758734491,232.5818347
232500,133.5229962,0.707383473,232.6102191
232750,133.5229962,0.707383473,232.6102191
233000,126.767999,0.716258481,232.6238354
233250,136.9899957,0.765142989,232.6159473
233500,150.2119983,0.79721899,232.5883838
233750,153.003999,0.789107966,232.6071753
234000,142.4309998,0.736883974,232.6209302
234250,135.8170007,0.758816991,232.6102728
234500,148.8279974,0.788265977,232.6117218
234750,147.2710022,0.766665475,232.6301294
235000,144.7099957,0.746748979,232.6324963
235250,131.3579968,0.698313475,232.6165131
235500,133.5339978,0.753288491,232.6257159
235750,142.6109943,0.763887987,232.6016687
236000,143.0909979,0.770999973,232.600097
236250,151.2579968,0.813546488,232.6095325
236500,160.3789972,0.847395973,232.6048419
236750,182.278996,0.93665247,232.6002423
237000,168.5889941,0.798215482,232.6273096
237250,144.9399982,0.813999481,232.6104199
237500,161.5819971,0.844657476,232.6087689
237750,164.8879883,0.848158991,232.615426
238000,165.9429956,0.844876494,232.6122131
238250,157.6229938,0.776217983,232.6290277
238500,149.1979968,0.820325975,232.5903955
238750,159.1849988,0.781836479,232.6071527
239000,142.0019977,0.765903485,232.6210358
239250,142.0019977,0.765903485,232.6210358
239500,139.0119958,0.738100982,232.6440564
239750,138.5389941,0.733781984,232.6306989
240000,131.9739978,0.716125495,232.6280585
240250,128.1519946,0.692375467,232.6443835
240500,122.8139975,0.679248497,232.6458917
240750,119.3699957,0.640326469,232.6765216
241000,107.6339975,0.643353491,232.6696283
241250,105.4329984,0.610279984,232.6505212
241500,97.7909967,0.527608987,232.6633386
241750,75.99899689,0.471469986,232.6578497
242000,74.75599854,0.508068482,232.7022321
242250,84.08699677,0.518429983,232.6764026
242500,78.63199646,0.509985485,232.7117609
242750,76.97300049,0.474958498,232.6921545
243000,65.86499939,0.400940489,232.6879327
243250,51.67299957,0.387038497,232.7136755
243500,59.42399841,0.420674496,232.7127277
243750,63.75499817,0.453588488,232.706778
244000,68.89699966,0.408917996,232.7131445
244250,52.20099869,0.389456987,232.7107446
244500,57.1619989,0.393676989,232.7319141
244750,52.82699875,0.41302349,232.7008984
245000,69.34199875,0.470169989,232.6920917
245250,77.7219989,0.508045486,232.6952588
245500,84.9089978,0.509232496,232.6728186
245750,84.9089978,0.509232496,232.6728186
246000,65.15599792,0.42524599,232.6860724
246250,58.70499817,0.456034995,232.7099939
246500,86.38299713,0.538365982,232.6536243
246750,80.61899872,0.584740481,232.6639685
247000,109.5569962,0.621414485,232.6501715
247250,89.03099884,0.543448989,232.6698657
247500,91.8119989,0.549777987,232.6665143
247750,84.11600067,0.521292,232.664859
248000,85.06699951,0.549634478,232.6682184
248250,94.09399689,0.567272482,232.6533783
248500,94.24699829,0.573899486,232.7010748
248750,98.06199768,0.595860996,232.6541058
249000,104.276998,0.618041477,232.6446613
249250,98.80999664,0.593923485,232.7256665
249500,96.00099915,0.594046478,232.6880249
249750,101.3299969,0.612764475,232.6839685
250000,103.2239984,0.615504494,232.6643964
250250,110.166998,0.636477466,232.6657214
250500,115.8409976,0.647568984,232.6422913
250750,103.7979968,0.61304348,232.6413062
251000,106.3509979,0.621392992,232.6824738
251250,107.5279993,0.645406985,232.6779309
251500,112.3879977,0.622096479,232.6561432
251750,94.56899719,0.555301988,232.6593506
252000,97.52300049,0.622205489,232.6933752
252250,97.52300049,0.622205489,232.6933752
252500,111.0889975,0.661119478,232.6494397
252750,109.9069977,0.620176499,232.6744409
253000,103.3789984,0.614371483,232.6953363
253250,105.3269977,0.638669484,232.6896094
253500,113.2169968,0.638109992,232.6632251
253750,104.1769983,0.602527483,232.6839612
254000,108.9069958,0.656585481,232.6400903
254250,110.1549976,0.634568973,232.6293054
254500,113.7259973,0.654684491,232.6332532
254750,109.9279974,0.636807985,232.6226874
255000,111.9169946,0.640308468,232.6275488
255250,111.9749908,0.638425484,232.6517462
255500,117.6669919,0.699771974,232.6354822
255750,122.4639969,0.665727994,232.6503778
256000,110.2789969,0.617295988,232.6746014
256250,113.4529953,0.697322481,232.6568738
256500,121.0289969,0.668895981,232.694707
256750,113.9779987,0.646149981,232.6742047
257000,115.5269977,0.682936473,232.6816235
257250,127.1449966,0.718360472,232.6438171
257500,127.2969952,0.704946487,232.6558337
257750,128.1639966,0.714824491,232.6293591
258000,124.8659964,0.705810983,232.6515143
258250,129.607995,0.723235981,232.6374878
258500,127.997001,0.670159483,232.6404974
258750,127.997001,0.670159483,232.6404974
259000,114.2399973,0.660641484,232.6576343
259250,128.4399963,0.764577496,232.6467529
259500,147.436994,0.802765975,232.6374091
259750,164.2209973,0.879043486,232.6073981
260000,172.4340009,0.840557492,232.6085822
260250,154.4379962,0.789665477,232.6275262
260500,159.2599994,0.854534483,232.6484894
260750,168.6449957,0.844460461,232.614574
261000,162.2839948,0.839519973,232.5649414
261250,167.8569965,0.839217484,232.5965704
261500,165.7659973,0.863595483,232.6332599
261750,170.7169977,0.839542482,232.6270624
262000,161.3299963,0.818422475,232.6217792
262250,153.2469989,0.819646497,232.6172021
262500,162.5139966,0.83843148,232.6069464
262750,165.8469965,0.826159489,232.6383545
263000,163.2499933,0.854915481,232.5896899
263250,170.7710004,0.835666499,232.6119373
263500,161.8469965,0.839289978,232.5879077
263750,165.4279974,0.814830484,232.6286835
264000,154.7539978,0.797111981,232.6242981
264250,144.6719952,0.750183985,232.6450031
264500,143.753999,0.819409966,232.604032
264750,157.9209955,0.760975983,232.63703
265000,139.8569958,0.789353468,232.627074
265250,139.8569958,0.789353468,232.627074
265500,152.7279956,0.774974976,232.6365845
265750,135.4149969,0.725093982,232.6372809
266000,127.852999,0.73320498,232.6350562
266250,128.8240009,0.695160985,232.6824109
266500,119.7899979,0.725427487,232.6390747
266750,139.3459961,0.724225488,232.6766577
267000,124.5039963,0.676523986,232.6483551
267250,117.2859958,0.661514983,232.6741699
267500,115.3569916,0.658277986,232.6888501
267750,112.9869968,0.668638477,232.6594403
268000,118.3069968,0.651907988,232.639306
268250,105.6269995,0.665905988,232.6452185
268500,126.3979962,0.693148456,232.6730164
268750,121.7099973,0.659518476,232.6533447
269000,111.4369955,0.648459973,232.6587946
269250,115.995997,0.65473747,232.6718439
269500,112.6379977,0.650733497,232.6344092
269750,105.7229974,0.636597979,232.6436676
270000,104.5439987,0.606134989,232.6465845
270250,99.83499664,0.604028981,232.6930975
270500,99.89099792,0.566462481,232.6678088
270750,88.66799683,0.503320987,232.6813538
271000,85.09099945,0.575065985,232.6814215
271250,103.4449979,0.606098006,232.6702197
271500,92.19199921,0.530277491,232.6840717
271750,92.19199921,0.530277491,232.6840717
272000,84.19599823,0.53183799,232.6848022
272250,88.3839978,0.55451648,232.6868982
272500,91.47199615,0.530906487,232.6607697
272750,86.52100006,0.55529098,232.6668097
273000,98.74899872,0.598209491,232.662005
273250,99.30699615,0.603596487,232.6543475
273500,107.1169983,0.623007977,232.6541846
273750,112.6869989,0.680861487,232.6058752
274000,123.4499966,0.705149972,232.6127704
274250,132.508996,0.718652475,232.6361517
274500,125.6019968,0.698401968,232.643562
274750,122.6429977,0.697615471,232.6500806
275000,129.930997,0.692633998,232.6276093
275250,111.8239969,0.639380484,232.6714752
275500,110.5409961,0.630767491,232.6636493
275750,107.2489978,0.598998988,232.6726868
276000,97.30599976,0.566262481,232.6876819
276250,87.13599701,0.513437492,232.6768811
276500,77.25299805,0.475430981,232.7000555
276750,75.00499969,0.474822489,232.7162555
277000,76.26199921,0.482019981,232.68289
277250,73.4819989,0.468478485,232.7004413
277500,77.23999969,0.488811995,232.6599939
277750,80.22999939,0.506146487,232.684585
278000,79.76399933,0.466592492,232.713667
278250,79.76399933,0.466592492,232.713667
278500,62.78399918,0.408211988,232.6994171
278750,66.63899872,0.450393488,232.6660919
279000,72.05999786,0.445650491,232.6841443
279250,72.46899841,0.475174981,232.6817279
279500,78.5769989,0.499928486,232.6825928
279750,81.48099854,0.504798492,232.7044733
280000,78.76699951,0.483751991,232.7036908
280250,73.44399902,0.451460985,232.671012
280500,60.54599777,0.362906485,232.7141064
280750,59.06299911,0.43791949,232.6735309
281000,76.94199951,0.472598994,232.69513
281250,67.78999954,0.41105499,232.6961835
281500,53.66599915,0.353920997,232.7228339
281750,58.20299973,0.423089486,232.7109924
282000,62.11099792,0.409962984,232.7278571
282250,68.37499817,0.442619987,232.7142914
282500,66.55999969,0.425250492,232.7099469
282750,60.55099884,0.414082488,232.6947534
283000,70.82199951,0.477057486,232.6736725
283250,76.83699829,0.494473482,232.7051312
283500,81.04299744,0.507032987,232.6812665
283750,87.71899536,0.553393986,232.6659937
284000,91.85999573,0.527077482,232.68729
284250,86.22399719,0.52731849,232.6782019
284500,86.85599701,0.545416982,232.6866846
284750,86.85599701,0.545416982,232.6866846
285000,94.62999969,0.589704497,232.6666498
285250,87.69899628,0.49600698,232.6832422
285500,86.27499878,0.591244979,232.6742102
285750,107.2489972,0.617146995,232.6567084
286000,104.2819992,0.61374398,232.6497644
286250,98.59499847,0.591557984,232.6559937
286500,102.7599982,0.631546474,232.6568951
286750,118.4319955,0.717577987,232.6490082
287000,143.7169965,0.779370985,232.6419049
287250,147.9309943,0.782714972,232.6295691
287500,162.267995,0.880848982,232.5964496
287750,184.8079956,0.90363898,232.5771613
288000,187.5600049,0.911579978,232.5631635
288250,190.8949933,0.915000989,232.5637469
288500,194.7219946,0.955717468,232.5708167
288750,196.8239972,0.940060968,232.609314
289000,197.4799939,0.936094978,232.6040668
289250,199.1859949,0.986525977,232.584873
289500,204.1299921,0.943244469,232.5839771
289750,194.3719989,0.935658994,232.5867456
290000,199.0829974,0.970386972,232.5891455
290250,199.9589941,0.940417464,232.5841388
290500,196.9689941,0.955990486,232.552041
290750,194.888996,0.92347949,232.5770538
291000,190.9829968,0.955469973,232.5650934
291250,190.9829968,0.955469973,232.5650934
291500,201.7069983,0.952457967,232.5655823
291750,198.0859967,0.95137449,232.5643353
292000,195.7719983,0.917912478,232.5547681
292250,185.9920007,0.92273396,232.5865271
292500,192.5429987,0.903904481,232.5871686
292750,181.2119965,0.912460473,232.6035608
293000,189.1359949,0.918837471,232.5833472
293250,191.6440009,0.925000973,232.594425
293500,187.3579938,0.903103483,232.5745874
293750,181.2370001,0.896802485,232.5885132
294000,181.3699963,0.875535977,232.5602179
294250,167.9339917,0.838514979,232.5973511
294500,161.0569977,0.815573483,232.6124908
294750,162.1729962,0.841110473,232.5845105
295000,168.5949969,0.833168979,232.6154413
295250,158.4849976,0.813024459,232.6057336
295500,153.2569977,0.797333982,232.5909467
295750,149.4819971,0.781437991,232.6088495
296000,143.2509955,0.756564469,232.6174084
296250,143.5379962,0.787230484,232.6062323
296500,156.508999,0.785485489,232.6337848
296750,142.7699994,0.770711479,232.6038306
297000,146.1559961,0.783983476,232.6250012
297250,148.8769965,0.788779476,232.6138013
297500,145.6639978,0.779415491,232.606026
297750,145.6639978,0.779415491,232.606026
298000,142.8169989,0.753107471,232.6113361
298250,137.8599969,0.737874477,232.6171307
298500,134.2649976,0.742622979,232.6091315
298750,139.3929971,0.716952977,232.6595856
299000,125.1029971,0.705778482,232.643241
299250,126.8389972,0.670186985,232.6714172
299500,110.8170004,0.714087973,232.6517792
299750,140.5829956,0.747580478,232.63862
300000,128.1199985,0.669585979,232.6283936
300250,118.2619989,0.696696994,232.640257
300500,128.7409955,0.696292987,232.6570569
300750,115.4719977,0.596659982,232.6485345
301000,92.01699738,0.543401484,232.6718152
301250,82.56799866,0.501322978,232.6663855
301500,80.38399841,0.513843495,232.688266
301750,84.23399719,0.487190493,232.7088409
302000,60.51999847,0.39030799,232.7197461
302250,59.3029985,0.400463982,232.7205878
302500,53.12399902,0.355086495,232.748772
302750,53.54499908,0.357986989,232.7281891
303000,46.17399979,0.325782491,232.711842
303250,48.96399841,0.337528487,232.7276978
303500,43.14499985,0.345074995,232.7305646
303750,59.8159993,0.417742984,232.7110754
304000,58.19199799,0.364980989,232.7075378
304250,58.19199799,0.364980989,232.7075378
304500,46.96599869,0.381868986,232.7185052
304750,68.10599823,0.460487487,232.7134332
305000,53.89099899,0.335913985,232.7305219
305250,47.46199921,0.399225489,232.6810321
305500,66.0219989,0.432389495,232.6797552
305750,53.44999878,0.346399498,232.7112201
306000,48.11299911,0.35173949,232.7005078
306250,51.14599976,0.363226994,232.718374
306500,54.24699768,0.383091491,232.692074
306750,47.49599823,0.319367993,232.6932257
307000,40.84299835,0.322828999,232.6981378
307250,48.07299881,0.344821987,232.7218744
307500,46.17399841,0.321795492,232.7076813
307750,39.26899918,0.302220494,232.705495
308000,48.05699936,0.369294499,232.7076654
308250,59.93899948,0.412984483,232.686535
308500,57.88399902,0.388833493,232.7076642
308750,65.51999939,0.440765982,232.6925507
309000,56.80499832,0.382522987,232.6943958
309250,56.69499908,0.408625494,232.715329
309500,64.46199829,0.437779989,232.6947369
309750,67.19899902,0.432409984,232.7000995
310000,67.68199799,0.442278986,232.6849481
310250,72.84199921,0.484340484,232.6806451
310500,78.64599915,0.512835983,232.6890924
310750,78.64599915,0.512835983,232.6890924
311000,81.79099915,0.526736481,232.6670172
311250,85.84099884,0.532273993,232.6838422
311500,81.91599731,0.496407486,232.6765765
311750,84.52099915,0.552697983,232.6539917
312000,80.51899673,0.477377487,232.6797754
312250,81.95899872,0.570792987,232.6376221
312500,97.10799377,0.606270981,232.6669763
312750,96.95299866,0.557723494,232.7102228
313000,95.63899872,0.604668486,232.6701233
313250,101.7719974,0.611083982,232.6461139
313500,103.9639981,0.588645988,232.6558673
313750,98.96199951,0.596388991,232.6685052
314000,100.3029968,0.619913993,232.6641382
314250,105.4289975,0.623567491,232.7032513
314500,104.3809998,0.636800988,232.6714789
314750,115.4309961,0.688641486,232.6343915
315000,127.7689984,0.725439482,232.6657007
315250,135.8399951,0.748694975,232.6457361
315500,144.0699988,0.780324495,232.6145044
315750,150.523999,0.818585479,232.5872717
316000,162.2979944,0.819949973,232.6018097
316250,162.0749963,0.829984474,232.6010248
316500,164.6129956,0.856790476,232.5811945
316750,176.073996,0.865648456,232.5750012
317000,171.2149963,0.856014972,232.598844
317250,171.2149963,0.856014972,232.598844
317500,173.3009894,0.882215474,232.5938593
317750,181.8459949,0.890568969,232.5901379
318000,180.3549927,0.894668975,232.6040735
318250,182.4389935,0.891928971,232.5953534
318500,181.4249988,0.884220486,232.5782251
318750,182.4809973,0.911196487,232.562832
319000,186.4139966,0.896267474,232.6127692
319250,183.7510004,0.916611493,232.5765295
319500,190.1589966,0.895147972,232.5996088
319750,173.5549963,0.857622495,232.592403
320000,170.9939917,0.872511477,232.5833368
320250,184.9789966,0.906847489,232.5887701
320500,175.3259991,0.822251487,232.6320819
320750,155.0079968,0.827737992,232.6053357
321000,167.1299982,0.836911466,232.5766132
321250,165.3889954,0.858735967,232.5831458
321500,173.337998,0.861889975,232.6039624
321750,170.6219958,0.835434003,232.6004968
322000,153.3099976,0.788472469,232.6172437
322250,140.2889972,0.74222996,232.6340326
322500,136.1479974,0.765931983,232.5893854
322750,146.2009961,0.740133991,232.6098236
323000,131.4679977,0.751123497,232.6084332
323250,139.9489966,0.753849483,232.6384747
323500,139.6029993,0.755983996,232.6479376
323750,139.6029993,0.755983996,232.6479376
324000,132.8099969,0.703131468,232.6080322
324250,113.6559967,0.672395988,232.6552325
324500,121.7199973,0.678673975,232.6244336
324750,115.0589969,0.702860975,232.6120007
325000,129.2199979,0.684831977,232.6037854
325250,113.8659976,0.653769994,232.6561713
325500,121.2559988,0.728171988,232.6152106
325750,143.5849994,0.75755549,232.6410724
326000,136.3089978,0.745071976,232.5883856
326250,138.5779962,0.735002997,232.62841
326500,128.7799985,0.697305486,232.6649121
326750,127.6939975,0.723920488,232.6547565
327000,139.7199963,0.776513982,232.6165802
327250,149.3529962,0.775155983,232.6151697
327500,141.2669965,0.753217974,232.641394
327750,143.1179987,0.748285985,232.6158899
328000,126.8679959,0.707358987,232.6238989
328250,130.6579947,0.710813003,232.651452
328500,126.7359979,0.709724476,232.6256818
328750,132.5949963,0.733257489,232.6207196
329000,131.0050021,0.729838986,232.6290417
329250,129.9209967,0.726166482,232.6371509
329500,128.4730002,0.689026489,232.6297052
329750,109.7579971,0.602501986,232.6541943
330000,100.0719962,0.600961974,232.6484259
330250,100.0719962,0.600961974,232.6484259
330500,110.2089987,0.643239493,232.643985
330750,111.2169992,0.676106479,232.6251563
331000,121.2189969,0.688565481,232.6079285
331250,118.0089993,0.665460463,232.6472894
331500,110.5149966,0.637545996,232.6648248
331750,111.2049988,0.607606988,232.6650739
332000,101.5419995,0.590502996,232.6353772
332250,100.8049976,0.629395483,232.6617755
332500,115.6609967,0.670807476,232.6565118
332750,116.1229977,0.674182465,232.6761456
333000,105.7279999,0.605597479,232.6361237
333250,103.4909967,0.606846995,232.6474579
333500,104.2749988,0.619063983,232.6847302
333750,109.2459976,0.628731496,232.6423865
334000,110.1369958,0.64361248,232.6515765
334250,114.5369965,0.675238495,232.6423706
334500,124.1569965,0.705106976,232.6491766
334750,120.5860004,0.673265493,232.6569928
335000,125.9909973,0.695245972,232.6512494
335250,118.223996,0.650391965,232.6388361
335500,112.637998,0.665496972,232.6415942
335750,123.5599982,0.69910548,232.6177203
336000,116.1139978,0.644617982,232.6618494
336250,87.95499817,0.488534997,232.6840015
336500,86.82399933,0.571275978,232.6640179
336750,86.82399933,0.571275978,232.6640179
337000,98.40499847,0.591953976,232.6665845
337250,97.31699829,0.566172988,232.6751245
337500,95.64199677,0.589517484,232.6324579
337750,101.9259988,0.617064481,232.6519061
338000,110.1139963,0.661337497,232.6410187
338250,110.6879987,0.631885982,232.6383533
338500,114.8489978,0.661150472,232.6641064
338750,108.9469958,0.58449048,232.6674023
339000,100.3989987,0.612263474,232.6497443
339250,104.120994,0.592813489,232.6323132
339500,92.78799835,0.528037995,232.6957452
339750,85.86899933,0.549365987,232.6577527
340000,94.36799927,0.558515983,232.636474
340250,89.88999908,0.540598981,232.672157
340500,88.78599823,0.547707481,232.6606268
340750,87.91899902,0.516341488,232.6829645
341000,79.66000122,0.487141991,232.6827515
341250,74.14099792,0.470543989,232.6610858
341500,76.45799896,0.508027482,232.6843665
341750,87.73499725,0.568658988,232.6512238
342000,95.51399933,0.569142981,232.6647852
342250,91.89299561,0.544384983,232.6692371
342500,84.20999817,0.473850489,232.6868103
342750,70.8139975,0.495084989,232.6448096
343000,75.86599945,0.443958,232.6959534
343250,75.86599945,0.443958,232.6959534
343500,68.25299744,0.45891849,232.691377
343750,72.23899872,0.463858492,232.6789838
344000,69.92599854,0.42212649,232.6770892
344250,68.64999878,0.475246993,232.6903131
344500,83.41299744,0.571610467,232.6575391
344750,100.5979977,0.585446482,232.639187
345000,90.21799774,0.515874991,232.666698
345250,79.44299927,0.533895482,232.6907123
345500,90.76999817,0.481128483,232.6958344
345750,73.69199768,0.48756699,232.6645807
346000,86.67099854,0.562786486,232.6719287
346250,93.67999725,0.590704985,232.6521533
346500,95.07599823,0.532436478,232.6712836
346750,79.53299896,0.484218982,232.7084515
347000,71.64399902,0.445883994,232.6539709
347250,67.65799896,0.425882488,232.7236823
347500,68.08499847,0.46999449,232.7061139
347750,76.6569989,0.523019983,232.6936249
348000,89.41200134,0.522850494,232.6656836
348250,80.68699982,0.514935994,232.6707941
348500,85.722005,0.551093988,232.6875146
348750,94.38599792,0.539058995,232.6688092
349000,88.24499786,0.548452976,232.6750812
349250,93.92499847,0.57148298,232.7010193
349500,88.83799835,0.538086984,232.7095056
349750,88.83799835,0.538086984,232.7095056
350000,88.3819989,0.55226249,232.6801239
350250,93.92799957,0.574964988,232.6672485
350500,97.19899933,0.620980482,232.6804419
350750,115.9389951,0.632890484,232.6822577
351000,104.0779971,0.602834985,232.6815784
351250,99.30599426,0.625963955,232.6579846
351500,112.2049994,0.628314989,232.6480951
351750,96.66299927,0.588374989,232.6741949
352000,104.2259998,0.645503979,232.6305768
352250,124.8799991,0.699849479,232.657771
352500,123.2799963,0.685678983,232.6596735
352750,111.3799991,0.653440475,232.6723303
353000,125.3449988,0.723465462,232.6383722
353250,128.8839978,0.700689986,232.6467053
353500,125.7189981,0.697650483,232.6256726
353750,130.0339954,0.72836298,232.6607379
354000,136.0949976,0.752025969,232.6339294
354250,142.5819983,0.778061991,232.6257373
354500,148.7419952,0.789637487,232.6008582
354750,152.0419995,0.779356987,232.6168256
355000,144.3349976,0.786646471,232.619411
355250,157.4219928,0.813141475,232.6263062
355500,159.9369977,0.806507998,232.6020258
355750,154.6619965,0.815651476,232.603299
356000,161.4989978,0.829422483,232.5958588
356250,161.4989978,0.829422483,232.5958588
356500,167.3249982,0.822003462,232.609425
356750,143.7479987,0.762932978,232.6205957
357000,144.5849994,0.780367479,232.6108826
357250,149.8219965,0.794385476,232.6035535
357500,150.9199957,0.784775996,232.627561
357750,148.5819965,0.785535979,232.6160339
358000,152.2120038,0.787910972,232.5958978
358250,143.5239972,0.774928474,232.6327521
358500,153.8519989,0.798085477,232.627851
358750,146.6549945,0.748251479,232.618924
359000,150.0619965,0.798321476,232.5947687
359250,150.6439978,0.790055478,232.6010022
359500,147.7459991,0.762843494,232.6093048
359750,149.7629956,0.792473474,232.6190991
360000,143.1189978,0.757144473,232.6167462
360250,145.8889984,0.791780484,232.6247797
360500,159.4419946,0.84258198,232.611369
360750,168.8829987,0.846731975,232.6165295
361000,163.608996,0.810189488,232.614035
361250,152.5539984,0.788855972,232.612793
361500,158.7989984,0.827283494,232.6342041
361750,154.1239954,0.776089988,232.6481421
362000,141.537995,0.752902989,232.6253552
362250,148.5739978,0.799567492,232.6180688
362500,156.9299976,0.820493476,232.5986084
362750,156.9299976,0.820493476,232.5986084
363000,163.3519922,0.803493497,232.606745
363250,147.9599951,0.756635492,232.6303461
363500,141.1719971,0.787467995,232.6139551
363750,155.4059955,0.802442465,232.5886896
364000,158.3599976,0.829964483,232.6115234
364250,161.0929932,0.809065986,232.6324506
364500,164.5699927,0.841816988,232.5932513
364750,159.0839923,0.777317977,232.6190668
365000,148.9029962,0.799162467,232.5881091
365250,146.461994,0.74560199,232.6390741
365500,140.6619983,0.769643991,232.616076
365750,141.6139984,0.732937469,232.6529065
366000,132.5199951,0.73178998,232.6243982
366250,139.7999963,0.766096995,232.6101337
366500,139.742998,0.711414993,232.6237262
366750,122.2289993,0.690742974,232.6240735
367000,125.8609982,0.684987478,232.6409943
367250,116.5619962,0.638564484,232.6573126
367500,107.8559988,0.629415483,232.6691296
367750,108.3629971,0.617480972,232.6691437
368000,104.7209991,0.676932993,232.6211218
368250,116.5829984,0.628212495,232.6402173
368500,95.7389975,0.524928486,232.6755054
368750,86.72199951,0.630532475,232.6653442
369000,110.6019974,0.595682981,232.6655847
369250,110.6019974,0.595682981,232.6655847
369500,94.73899841,0.567012477,232.6726001
369750,93.9869931,0.515116493,232.6804486
370000,81.45599884,0.562921984,232.6889777
370250,87.02399963,0.512006477,232.6701086
370500,79.42299896,0.510934975,232.6870667
370750,79.56199768,0.485401995,232.7163062
371000,72.28399689,0.471236998,232.7062073
371250,75.51599823,0.465009985,232.6735919
371500,71.89799957,0.508911486,232.681795
371750,78.35499756,0.473900996,232.7068408
372000,67.62699707,0.448793491,232.698537
372250,65.06299759,0.453718982,232.6914172
372500,72.72499817,0.442114985,232.6792462
372750,68.25900024,0.443990483,232.6950757
373000,68.38799927,0.404576494,232.7133228
373250,54.42999802,0.491200479,232.721908
373500,80.55599762,0.483836477,232.7143054
373750,70.34699829,0.475954487,232.718786
374000,78.08399811,0.485225991,232.6928894
374250,77.22899872,0.50518299,232.6778973
374500,84.98399902,0.493568492,232.6738202
374750,66.37799835,0.489296486,232.6940948
375000,83.11999756,0.532204995,232.6798358
375250,88.25399567,0.529348989,232.6595471
375500,80.1189978,0.528281484,232.7034674
375750,80.1189978,0.528281484,232.7034674
376000,88.02999847,0.51292449,232.7081122
376250,75.47999756,0.463175483,232.6966504
376500,69.73099884,0.456396985,232.6983234
376750,73.42499817,0.498551486,232.6833527
377000,82.86999847,0.540085485,232.673291
377250,90.81799774,0.542640476,232.6617078
377500,79.61700043,0.490193987,232.675675
377750,80.45599915,0.49500349,232.6459778
378000,81.00399933,0.518373477,232.6870184
378250,85.12999847,0.570102987,232.6664502
378500,97.77799835,0.559421489,232.6411646
378750,81.42000031,0.480267493,232.6669537
379000,69.08600006,0.483620493,232.6890271
379250,85.29999817,0.523864484,232.6794031
379500,89.09099915,0.565248981,232.6788495
379750,99.77599976,0.620555487,232.6582495
380000,106.5019977,0.609413984,232.6347174
380250,95.92699768,0.588742487,232.6882904
380500,102.2849988,0.620606,232.6406824
380750,101.2469977,0.577430983,232.6577448
381000,95.44099884,0.558720975,232.6566254
381250,95.60699921,0.602366984,232.6559277
381500,106.1599991,0.648603485,232.6651208
381750,112.3289969,0.650568492,232.6622748
382000,111.1009967,0.657185979,232.6448718
382250,111.1009967,0.657185979,232.6448718
382500,118.3929971,0.682384465,232.6610492
382750,119.5499954,0.639758477,232.6603687
383000,114.2439963,0.69241349,232.6358807
383250,130.7679974,0.744484975,232.6316815
383500,141.6900024,0.759406493,232.5875641
383750,143.7509961,0.772733986,232.5960724
384000,144.1739948,0.752816498,232.6338672
384250,135.9999969,0.756123466,232.6530273
384500,155.6129974,0.825619476,232.598266
384750,152.8739972,0.779652975,232.6205621
385000,142.8859985,0.772619486,232.6247937
385250,146.9649982,0.798708467,232.6080585
385500,156.5419989,0.808006477,232.6080261
385750,149.8540015,0.77676198,232.6202728
386000,152.0689984,0.793792491,232.6238721
386250,151.1479974,0.792471471,232.6291473
386500,157.4509912,0.816576478,232.6118127
386750,150.9469971,0.76675998,232.6299066
387000,140.9859967,0.77074847,232.6193793
387250,144.3899969,0.760359979,232.6097601
387500,147.2989984,0.792554471,232.6077631
387750,152.5930054,0.801509984,232.5875543
388000,146.4689978,0.742267473,232.6097705
388250,133.8249994,0.767234466,232.6102039
388500,142.6310004,0.759762487,232.6076202
388750,142.6310004,0.759762487,232.6076202
389000,134.8989978,0.714291482,232.6174829
389250,126.3089978,0.702050481,232.662868
389500,139.3819962,0.771537468,232.6044812
389750,146.5059985,0.780975492,232.6121027
390000,142.9089972,0.748696482,232.5954572
390250,129.0869992,0.683137486,232.6397125
390500,112.9629974,0.677766488,232.6257562
390750,114.507998,0.606474493,232.6656897
391000,104.9769977,0.639716973,232.679386
391250,119.5669962,0.718677971,232.5906494
391500,123.3949991,0.629190989,232.6815289
391750,105.1519989,0.660226989,232.6568274
392000,115.9619968,0.669994977,232.6398425
392250,115.6779974,0.657300985,232.6482593
392500,117.0509976,0.66812396,232.6844037
392750,116.9489954,0.644401987,232.6707959
393000,108.8669983,0.613999474,232.6439301
393250,111.5439993,0.715787477,232.6343695
393500,134.0179968,0.749320476,232.6277942
393750,134.3669977,0.723033459,232.649801
394000,130.733999,0.706067476,232.635528
394250,129.2699979,0.706949985,232.5974609
394500,127.0759973,0.719032977,232.6338263
394750,139.4859985,0.765352476,232.6475433
395000,137.3949939,0.72957799,232.6348663
395250,137.3949939,0.72957799,232.6348663
395500,130.1879999,0.752709501,232.6513623
395750,143.447998,0.764669487,232.6591943
396000,139.4969977,0.733518479,232.6447217
396250,134.5029938,0.743288984,232.6502979
396500,140.4859961,0.761333973,232.6469086
396750,144.7009979,0.794267972,232.6508887
397000,153.3519952,0.785183477,232.6378247
397250,141.1039935,0.707538979,232.6567847
397500,117.4399951,0.640379984,232.677937
397750,114.9699985,0.696441975,232.6200104
398000,127.0559952,0.705851495,232.6641272
398250,125.504996,0.702434487,232.664126
398500,128.8409976,0.739656978,232.6273309
398750,140.6899976,0.775768976,232.6194897
399000,149.7209973,0.74972899,232.6146173
399250,126.8019962,0.681003485,232.6504901
399500,118.3439981,0.667578492,232.6307306
399750,123.2239978,0.706955993,232.6591943
400000,127.4149924,0.695532491,232.6563391
400250,116.7589957,0.671541483,232.6439093
400500,113.6699982,0.668583479,232.6325012
400750,117.6829944,0.661413491,232.6305737
401000,117.3309982,0.66116349,232.648548
401250,118.7839948,0.668664494,232.6377612
401500,118.7389966,0.69006,232.6621161
401750,118.7389966,0.69006,232.6621161
402000,125.7779974,0.733980467,232.6191107
402250,134.7469946,0.73734148,232.6087897
402500,137.3809967,0.744578967,232.6314587
402750,140.9979926,0.768556492,232.6419348
403000,144.6139948,0.764298964,232.6178937
403250,137.6269971,0.708818984,232.6283069
403500,110.9929971,0.680320997,232.6537311
403750,136.8849982,0.761411483,232.6422986
404000,140.0979956,0.744081988,232.6286011
404250,135.922998,0.743975461,232.6460968
404500,143.2350018,0.759935467,232.6363202
404750,137.0090027,0.717336972,232.658371
405000,126.9609973,0.692106981,232.6599054
405250,116.7359967,0.675733984,232.6309375
405500,113.412999,0.652501991,232.6413922
405750,106.2349982,0.649056983,232.6467041
406000,118.877998,0.670326989,232.6544501
406250,115.2969989,0.63506,232.6414166
406500,115.6369971,0.666280501,232.6346979
406750,118.375997,0.683436477,232.6380927
407000,121.3949963,0.690276494,232.6470831
407250,119.8599991,0.680352483,232.6450909
407500,113.6339966,0.639707489,232.6416675
407750,108.8279968,0.624159486,232.6419385
408000,107.2729977,0.607381988,232.6462164
408250,107.2729977,0.607381988,232.6462164
408500,100.8289975,0.569647484,232.6583533
408750,91.9859964,0.551984994,232.6681628
409000,89.83699768,0.53784898,232.6980884
409250,86.93099792,0.535485988,232.6963794
409500,78.94999969,0.526439483,232.6417535
409750,90.19799805,0.543503988,232.6996497
410000,74.74299713,0.436754485,232.7053217
410250,68.5439975,0.457131487,232.7017529
410500,70.39999847,0.439207485,232.6775903
410750,72.30699799,0.500519489,232.6528918
411000,78.08099762,0.482686983,232.674007
411250,68.22099716,0.415246488,232.6467938
411500,63.08399826,0.43343399,232.6883618
411750,67.59999939,0.420412487,232.7198486
412000,56.42999893,0.383684989,232.7278339
412250,67.54399887,0.477831988,232.706712
412500,77.95399933,0.491809989,232.7082263
412750,72.66099945,0.46824599,232.690929
413000,77.52999817,0.497560996,232.6818481
413250,73.10599854,0.457704989,232.6961865
413500,81.37699951,0.534309976,232.6791675
413750,84.82199982,0.489021991,232.6582715
414000,84.83399658,0.586579981,232.6848645
414250,101.317999,0.609955988,232.7011853
414500,104.9959985,0.598756485,232.6669995
414750,104.9959985,0.598756485,232.6669995
415000,94.20699768,0.541788478,232.6960986
415250,85.78599915,0.523480481,232.7057544
415500,94.18499878,0.582452495,232.6699152
415750,101.7689984,0.619504995,232.6484985
416000,99.28799774,0.580867984,232.6690747
416250,95.35999908,0.592091494,232.6724017
416500,97.44,0.56147198,232.6877795
416750,95.13599792,0.587257988,232.6805774
417000,95.66299896,0.55913898,232.6883234
417250,98.82899994,0.611899984,232.6558667
417500,101.897998,0.60153048,232.6516266
417750,96.79100067,0.589355986,232.6529932
418000,104.2569971,0.625549982,232.6626447
418250,106.6709982,0.595891492,232.6749701
418500,105.2819974,0.625422988,232.6690112
418750,104.1029974,0.587469485,232.6600201
419000,95.19199799,0.588739989,232.7024677
419250,96.28499847,0.571613984,232.6716821
419500,99.12499664,0.629361501,232.6790442
419750,113.3629977,0.657011988,232.6468701
420000,122.1879962,0.710189986,232.6622968
420250,115.2009976,0.600086489,232.6938574
420500,107.3449982,0.680704472,232.6382104
420750,125.875997,0.726010966,232.6464246
421000,137.4059967,0.762413981,232.6318707
421250,137.4059967,0.762413981,232.6318707
421500,147.3989996,0.781634479,232.6135382
421750,145.5659949,0.789019475,232.6201184
422000,153.4779987,0.785505974,232.6277551
422250,149.0159961,0.784914486,232.6518115
422500,152.9009961,0.822223477,232.5930646
422750,167.6130005,0.818971496,232.6171863
423000,164.9109961,0.841185489,232.6132172
423250,168.1279993,0.82075897,232.6237286
423500,158.4259985,0.799774976,232.6086975
423750,150.9759979,0.776285994,232.6472168
424000,144.6819977,0.77725198,232.6197791
424250,145.25,0.769904008,232.6379211
424500,150.5199988,0.815143473,232.6154291
424750,166.9189954,0.831742475,232.6034515
425000,157.7759967,0.787371981,232.6273077
425250,148.232998,0.785465472,232.6281689
425500,151.7240002,0.802519491,232.6078107
425750,155.2679938,0.805106969,232.607771
426000,157.2369977,0.794692466,232.6186053
426250,154.6509985,0.793570478,232.6021832
426500,160.2589978,0.843253486,232.5949329
426750,177.5999939,0.860888472,232.61526
427000,167.1709961,0.851188984,232.629054
427250,171.7880017,0.843436472,232.6118658
427500,165.9529962,0.871560991,232.6130115
427750,165.9529962,0.871560991,232.6130115
428000,183.4579968,0.857621462,232.5868127
428250,161.7599951,0.816011975,232.6085858
428500,164.5739929,0.827199485,232.5859222
428750,156.6859985,0.822372475,232.601394
429000,165.0479987,0.820765977,232.5866461
429250,154.0859949,0.80121747,232.6107141
429500,155.8809961,0.759898484,232.6370642
429750,133.1819946,0.745128474,232.648761
430000,141.6519977,0.73229398,232.6210742
430250,121.1389981,0.652134995,232.6492493
430500,113.2429971,0.661294994,232.6469244
430750,115.5139972,0.672579966,232.657641
431000,118.6319974,0.676663973,232.6719836
431250,112.5919968,0.647388973,232.6307874
431500,115.0699948,0.653751478,232.6001697
431750,116.1549969,0.622026486,232.643667
432000,95.41099915,0.542535479,232.6849158
432250,89.1439975,0.547708483,232.6709808
432500,87.84499695,0.527665982,232.6849792
432750,83.51,0.50874898,232.6598669
433000,74.41399841,0.490472984,232.6665228
433250,78.11899841,0.484456487,232.7011224
433500,74.80099884,0.449912487,232.6867065
433750,65.00099854,0.450507488,232.71258
434000,74.80299866,0.474515487,232.6863696
434250,74.80299866,0.474515487,232.6863696
434500,72.85399811,0.490679489,232.7085205
434750,82.92899933,0.506104993,232.6862012
435000,43.8339994,0.239598491,232.7320551
435250,15.79999981,0.188725492,232.730293
435500,15.72500038,0.1861875,232.7246185
435750,15.73100006,0.186538496,232.7305383
436000,15.74999905,0.187054994,232.7293079
436250,16.98699947,0.186370498,232.71242
436500,15.86799923,0.186556996,232.7153851
436750,15.74999905,0.187172496,232.7245306
437000,15.74999905,0.187258496,232.7241321
437250,15.90699917,0.194830998,232.7199243
437500,17.98999939,0.203627995,232.709563
437750,18.29099991,0.201723994,232.703833
438000,17.465,0.198563496,232.7047876
438250,16.21999954,0.188221495,232.7272717
438500,16.69099926,0.186211996,232.7015625
438750,15.74999905,0.187072498,232.7165326
439000,15.74999905,0.188813998,232.7093073
439250,15.74999905,0.188413997,232.7270728
439500,16.86399937,0.195591998,232.716377
439750,17.4819989,0.195278997,232.7057568
440000,16.96899975,0.192404491,232.7305304
440250,15.75099907,0.177087499,232.7463696
440500,8.92599966,0.1326215,232.7355219
440750,8.92599966,0.1326215,232.7355219
441000,6.979999924,0.128359497,232.7376758
441250,6.974999905,0.128374996,232.7334265
441500,6.974999905,0.128277496,232.7213831
441750,6.974999905,0.128187495,232.7194714
442000,6.974999905,0.128250997,232.7348578
442250,6.974999905,0.128574997,232.7369409
442500,6.974999905,0.128413497,232.7352673
442750,6.974999905,0.128478998,232.7338647
443000,6.974999905,0.128559496,232.7652106
443250,6.974999905,0.128168498,232.7011932
443500,6.974999905,0.128444496,232.733786
443750,6.974999905,0.128761497,232.7258514
444000,6.974999905,0.128844497,232.7656812
444250,6.974999905,0.128552998,232.7365631
444500,6.974999905,0.128355997,232.7138745
444750,6.974999905,0.128193495,232.7303552
445000,6.974999905,0.128509997,232.7402118
445250,6.974999905,0.128283999,232.7525476
445500,6.974999905,0.128636497,232.7277344
445750,6.974999905,0.128351499,232.7346265
446000,6.974999905,0.128818998,232.7507147
446250,6.974999905,0.128489995,232.7402936
446500,6.959999847,0.127715998,232.7426678
446750,6.949999809,0.128165996,232.7081219
447000,6.974999905,0.128305998,232.7302228
447250,6.974999905,0.128305998,232.7302228
447500,6.974999905,0.128740495,232.7150098
447750,6.974999905,0.129014497,232.7597345
448000,6.974999905,0.128017997,232.7291949
448250,6.974999905,0.128475995,232.713811
448500,6.974999905,0.128484999,232.7166748
448750,6.974999905,0.128424996,232.7052985
449000,6.974999905,0.128221495,232.7352014
449250,6.974999905,0.128370996,232.7691858
449500,6.974999905,0.128224999,232.7333276
449750,6.974999905,0.128709497,232.7197778
450000,6.974999905,0.128176997,232.7228619
450250,6.974999905,0.128364498,232.7193433
450500,6.974999905,0.128415498,232.738833
450750,6.974999905,0.128494498,232.7337048
451000,6.974999905,0.128737998,232.7258496
451250,6.974999905,0.128480997,232.7342902
451500,6.974999905,0.128652999,232.726026
451750,6.974999905,0.128144497,232.7489948
452000,6.974999905,0.128372496,232.7163062
452250,6.974999905,0.128374498,232.7028522
452500,6.974999905,0.128252997,232.7175476
452750,6.974999905,0.128526997,232.7379785
453000,6.974999905,0.1284925,232.7251715
453250,6.974999905,0.128555996,232.7261298
453500,6.974999905,0.128279495,232.7249939
453750,6.974999905,0.128279495,232.7249939
454000,6.974999905,0.128924998,232.7548029
454250,6.974999905,0.128886997,232.703642
454500,6.974999905,0.128674996,232.7129932
454750,6.974999905,0.128562998,232.7276495
455000,6.974999905,0.127790995,232.7063245
455250,6.974999905,0.128080496,232.7253137
455500,6.974999905,0.128047495,232.7391687
455750,6.961999855,0.128130494,232.7411554
456000,6.949999809,0.127670494,232.6843024
456250,6.962999859,0.128076999,232.6952386
456500,6.974999905,0.128113998,232.7273877
456750,6.974999905,0.128609498,232.7194739
457000,6.974999905,0.128902495,232.7407794
457250,6.974999905,0.128895498,232.7402802
457500,6.974999905,0.128626498,232.7348193
457750,6.974999905,0.128242496,232.7156421
458000,6.974999905,0.128488995,232.7181458
458250,6.974999905,0.127880995,232.7222089
458500,6.974999905,0.128347494,232.7277698
458750,6.974999905,0.1288245,232.7346234
459000,6.974999905,0.128590998,232.716073
459250,6.974999905,0.128347995,232.7143549
459500,6.974999905,0.128318495,232.7401221
459750,6.974999905,0.128134497,232.7026666
460000,6.974999905,0.128558002,232.7188196
460250,6.974999905,0.128558002,232.7188196
460500,6.974999905,0.128544996,232.7230334
460750,6.974999905,0.128149995,232.7474896
461000,6.974999905,0.128466495,232.7210938
461250,6.974999905,0.128600497,232.7079913
461500,6.974999905,0.128583497,232.7354755
461750,6.974999905,0.128204996,232.7185944
462000,6.974999905,0.128237995,232.7386493
462250,6.974999905,0.1286225,232.7141223
462500,6.974999905,0.128923997,232.7153467
462750,6.974999905,0.128441995,232.7452509
463000,6.974999905,0.128632998,232.7166095
463250,6.974999905,0.128435496,232.7479614
463500,6.974999905,0.128174497,232.7221954
463750,6.974999905,0.128697496,232.7221869
464000,6.974999905,0.128189998,232.6971631
464250,6.974999905,0.128086495,232.744314
464500,6.203999977,0.128360497,232.7158661
464750,7.65699995,0.128214493,232.7125677
465000,6.04399992,0.128320998,232.725434
465250,7.419000072,0.128402997,232.7115295
465500,7.418999977,0.128547993,232.7241986
465750,5.936999969,0.128439497,232.7316571
466000,6.94699995,0.128671497,232.7207727
466250,6.974999905,0.128180495,232.7323315
466500,6.974999905,0.128673996,232.7260175
466750,6.974999905,0.128673996,232.7260175
467000,6.974999905,0.128051494,232.7348334
467250,6.974999905,0.128376496,232.7155145
467500,6.974999905,0.128671997,232.700741
467750,6.974999905,0.128409998,232.7364014
468000,6.974999905,0.128743497,232.7136963
468250,6.974999905,0.128782999,232.7033295
468500,6.974999905,0.128513496,232.6931543
468750,6.974999905,0.128740994,232.7194092
469000,6.974999905,0.128293997,232.7111121
469250,6.974999905,0.128041494,232.7080908
469500,6.974999905,0.128781496,232.7149597
469750,6.974999905,0.128692999,232.7128162
470000,6.974999905,0.128067999,232.7348663
470250,6.974999905,0.128395497,232.6959778
470500,6.974999905,0.128623995,232.7214496
470750,6.974999905,0.129136499,232.6881378
471000,6.974999905,0.127968997,232.7475714
471250,6.974999905,0.128951998,232.7439838
471500,6.974999905,0.128444498,232.7560016
471750,6.974999905,0.128218998,232.7393085
472000,6.974999905,0.128325494,232.7129401
472250,6.974999905,0.128084497,232.7135535
472500,6.974999905,0.128545496,232.7407928
472750,6.974999905,0.128646999,232.7218658
473000,6.974999905,0.128828995,232.7121777
473250,6.974999905,0.128828995,232.7121777
473500,6.974999905,0.128584998,232.7296606
473750,6.974999905,0.128341995,232.7078174
474000,6.974999905,0.128560495,232.7088733
474250,6.974999905,0.128488497,232.7027698
474500,6.974999905,0.128751497,232.7515955
474750,6.974999905,0.128873999,232.7373242
475000,6.974999905,0.128562497,232.728562
475250,6.974999905,0.128416997,232.6902753
475500,6.974999905,0.128414497,232.7284766
475750,6.974999905,0.128528497,232.7295184
476000,6.974999905,0.128650997,232.7287238
476250,6.974999905,0.127974496,232.7298816
476500,6.974999905,0.128861997,232.7291644
476750,6.974999905,0.128516995,232.7422345
477000,6.974999905,0.127809995,232.7506012
477250,6.974999905,0.128436997,232.7510345
477500,6.974999905,0.128610497,232.7400415
477750,6.974999905,0.128612995,232.7259229
478000,6.974999905,0.128509496,232.7335046
478250,6.974999905,0.128591995,232.7391229
478500,6.974999905,0.1292525,232.7508997
478750,6.974999905,0.128598997,232.739787
479000,6.974999905,0.128343997,232.7196808
479250,6.007999992,0.128206996,232.7633258
479500,6.574999981,0.128384499,232.737583
479750,6.574999981,0.128384499,232.737583
480000,6.974999905,0.127854995,232.7478094
480250,6.95799984,0.127636999,232.7183923
480500,6.949999809,0.128434496,232.742085
480750,6.968999882,0.128566995,232.7318042
481000,6.974999905,0.128246496,232.7103552
481250,6.974999905,0.128451494,232.7374597
481500,6.974999905,0.128362997,232.7829541
481750,6.974999905,0.127959497,232.752099
482000,6.974999905,0.127922998,232.7394122
482250,6.974999905,0.128511998,232.7227734
482500,6.974999905,0.128398997,232.7545135
482750,6.974999905,0.128478497,232.7254749
483000,6.974999905,0.128817996,232.7153058
483250,6.974999905,0.128515999,232.7291553
483500,6.974999905,0.127827997,232.7108044
483750,6.974999905,0.128136998,232.7230634
484000,6.974999905,0.128157498,232.7115662
484250,6.974999905,0.128337998,232.695448
484500,6.974999905,0.128373994,232.7396875
484750,6.974999905,0.127988497,232.7120435
485000,6.974999905,0.128223997,232.7469452
485250,6.974999905,0.128210498,232.7583777
485500,6.974999905,0.127768496,232.7466266
485750,6.974999905,0.128124495,232.7552954
486000,6.974999905,0.128443496,232.7459375
486250,6.974999905,0.128443496,232.7459375
486500,6.974999905,0.128014997,232.7378973
486750,6.974999905,0.128657498,232.7234912
487000,6.974999905,0.128443996,232.7438416
487250,6.974999905,0.128626499,232.7542987
487500,6.974999905,0.128662496,232.7036908
487750,6.974999905,0.129081496,232.7096521
488000,6.974999905,0.128546495,232.7304596
488250,6.974999905,0.128529997,232.7483691
488500,6.974999905,0.128225494,232.709693
488750,6.974999905,0.128144996,232.7307343
489000,6.974999905,0.128278996,232.7363794
489250,6.974999905,0.128557495,232.7386981
489500,6.974999905,0.128797497,232.7418811
489750,6.075999966,0.128475497,232.7322107
490000,6.582999954,0.128147999,232.740083
490250,6.974999905,0.128305995,232.7405542
490500,6.974999905,0.128562998,232.7358319
490750,6.974999905,0.128310495,232.7367487
491000,6.974999905,0.128589496,232.7257739
491250,6.974999905,0.128506498,232.7434253
491500,6.974999905,0.128307498,232.721673
491750,6.974999905,0.127953997,232.7053778
492000,6.974999905,0.128788998,232.7169965
492250,6.974999905,0.128723999,232.7179559
492500,6.974999905,0.128969994,232.7040417
492750,6.974999905,0.128969994,232.7040417
493000,6.974999905,0.128524997,232.7190662
493250,6.974999905,0.128646995,232.7060583
493500,6.974999905,0.128769498,232.7128998
493750,6.974999905,0.129145497,232.6982831
494000,6.974999905,0.129200997,232.6989557
494250,6.974999905,0.128823997,232.7082257
494500,6.974999905,0.128215497,232.6916321
494750,6.974999905,0.128169997,232.7244739
495000,6.974999905,0.128493,232.70302
495250,6.974999905,0.128429499,232.7151154
495500,6.974999905,0.128401496,232.7208167
495750,6.974999905,0.128295495,232.705921
496000,6.974999905,0.128145998,232.6928668
496250,6.974999905,0.1285015,232.7172607
496500,6.974999905,0.128350497,232.7067609
496750,6.974999905,0.128463497,232.6975482
497000,6.974999905,0.128561496,232.7064819
497250,6.974999905,0.128177997,232.7066174
497500,6.974999905,0.128526496,232.6981079
497750,6.974999905,0.128439495,232.7160681
498000,6.974999905,0.1286435,232.6768744
498250,6.974999905,0.129173497,232.7064502
498500,6.974999905,0.128678496,232.7022156
498750,6.974999905,0.128269994,232.7134094
499000,6.974999905,0.128705496,232.7079718
499250,6.974999905,0.128705496,232.7079718
499500,6.974999905,0.128670996,232.7321619
499750,6.974999905,0.128190493,232.7063635
500000,6.974999905,0.128144493,232.7141125
500250,6.974999905,0.128136494,232.7042889
500500,6.974999905,0.1285795,232.7386816
500750,6.974999905,0.128502495,232.7082813
501000,6.974999905,0.128160995,232.6859039
501250,6.974999905,0.128588497,232.6859631
501500,6.974999905,0.1285875,232.7167358
501750,6.974999905,0.128455496,232.7183228
502000,6.974999905,0.128312998,232.6755469
502250,6.974999905,0.128430496,232.6982983
502500,6.974999905,0.128633498,232.6891077
502750,6.974999905,0.128351998,232.69117
503000,6.974999905,0.128258496,232.712514
503250,6.974999905,0.128464997,232.710451
503500,6.974999905,0.128446501,232.7017523
503750,6.974999905,0.128033498,232.7007556
504000,6.974999905,0.128302997,232.6883942
504250,6.974999905,0.128789498,232.7089282
504500,6.974999905,0.128663995,232.6981848
504750,6.974999905,0.128839996,232.6991693
505000,6.974999905,0.128479999,232.7352228
505250,6.974999905,0.128670498,232.7187793
505500,6.904999943,0.128389496,232.6810883
505750,6.904999943,0.128389496,232.6810883
506000,5.684999943,0.128545496,232.7029059
506250,6.970999908,0.128451999,232.6921533
506500,6.974999905,0.128710497,232.6957941
506750,6.974999905,0.128170496,232.6868842
507000,6.974999905,0.128517498,232.6792499
507250,6.974999905,0.128377497,232.7089075
507500,6.974999905,0.1288035,232.741568
507750,6.974999905,0.128570998,232.7327454
508000,6.974999905,0.128288497,232.7145221
508250,6.974999905,0.128344993,232.7032568
508500,6.974999905,0.128046499,232.7089703
508750,6.974999905,0.128106499,232.695722
509000,6.974999905,0.128032494,232.7455707
509250,6.974999905,0.128533997,232.7226178
509500,6.974999905,0.128684998,232.7080432
509750,6.974999905,0.128207996,232.6993079
510000,6.974999905,0.128124494,232.6918591
510250,6.974999905,0.128461999,232.7177338
510500,6.974999905,0.128111497,232.6943939
510750,6.974999905,0.128331997,232.7034088
511000,6.974999905,0.128808997,232.7133307
511250,6.974999905,0.128249996,232.710755
511500,6.974999905,0.128450996,232.6889709
511750,6.974999905,0.128033993,232.6930969
512000,6.974999905,0.1283735,232.7117578
512250,6.974999905,0.1283735,232.7117578
512500,6.974999905,0.128277994,232.6741998
512750,6.974999905,0.128148497,232.6977637
513000,6.974999905,0.128537498,232.7132013
513250,6.974999905,0.128569999,232.6801385
513500,6.974999905,0.128776499,232.6890851
513750,6.974999905,0.128602998,232.7088428
514000,6.974999905,0.128787495,232.7085956
514250,6.974999905,0.128709499,232.7190094
514500,6.974999905,0.128264998,232.7077466
514750,6.974999905,0.128051994,232.7193787
515000,6.974999905,0.128227995,232.7448651
515250,6.974999905,0.128160498,232.7220941
515500,6.974999905,0.128550994,232.6859326
515750,6.974999905,0.127925995,232.7199689
516000,6.974999905,0.127857997,232.7153699
516250,6.974999905,0.128812496,232.7062646
516500,6.974999905,0.128173998,232.6782269
516750,6.974999905,0.128276995,232.700036
517000,6.974999905,0.128907996,232.6833936
517250,6.974999905,0.128567995,232.7158667
517500,6.974999905,0.128561496,232.7131549
517750,6.974999905,0.128188499,232.6881946
518000,6.974999905,0.128646998,232.6996185
518250,6.974999905,0.128153997,232.7054498
518500,5.855999985,0.128367,232.7084113
518750,5.855999985,0.128367,232.7084113
519000,8.244000015,0.128258998,232.6796228
519250,7.005999947,0.127955995,232.7123956
519500,5.836999893,0.128428497,232.7152429
519750,7.932000027,0.128638996,232.7147137
520000,5.919999924,0.128668997,232.7028735
520250,6.973999901,0.1284245,232.7037451
520500,6.974999905,0.128828495,232.7343066
520750,7.466999893,0.128344997,232.7182831
521000,7.804999924,0.127754493,232.7159442
521250,6.974999905,0.128205999,232.7348279
521500,6.974999905,0.128399494,232.7526959
521750,6.974999905,0.128518496,232.7186322
522000,6.974999905,0.128248,232.7151184
522250,6.974999905,0.128822498,232.7136407
522500,6.974999905,0.128921497,232.7160345
522750,6.974999905,0.128290498,232.732851
523000,6.974999905,0.128842496,232.7479071
523250,6.974999905,0.128614996,232.7254974
523500,6.974999905,0.128238496,232.7231293
523750,6.939999924,0.128161496,232.7266815
524000,6.058999863,0.1287585,232.7263605
524250,7.156000061,0.128640999,232.7396259
524500,7.554999962,0.128424497,232.7269226
524750,7.125999928,0.128386999,232.7227039
525000,6.980999928,0.128067499,232.7335278
525250,6.980999928,0.128067499,232.7335278
525500,6.974999905,0.128379996,232.7180249
525750,5.634999943,0.128366998,232.713891
526000,6.938999939,0.128347995,232.727002
526250,6.974999905,0.128635498,232.7321399
526500,6.974999905,0.128680998,232.7009235
526750,6.974999905,0.128266994,232.6940338
527000,6.974999905,0.128765498,232.7126898
527250,6.974999905,0.128435998,232.730564
527500,6.974999905,0.128558997,232.7080273
527750,6.974999905,0.128182994,232.7016107
528000,6.974999905,0.128548497,232.718501
528250,6.974999905,0.128911998,232.698584
528500,6.974999905,0.129075496,232.7441327
528750,6.974999905,0.128636999,232.7192578
529000,6.974999905,0.128465996,232.7151068
529250,6.974999905,0.128471497,232.7300916
529500,6.974999905,0.128420997,232.7143134
529750,6.974999905,0.128210497,232.725882
530000,6.974999905,0.128271997,232.7343616
530250,6.974999905,0.128589996,232.7323938
530500,6.974999905,0.128781499,232.7006586
530750,6.974999905,0.128093997,232.723324
531000,6.974999905,0.128202996,232.7173303
531250,6.974999905,0.128085996,232.737002
531500,6.974999905,0.128103997,232.7080341
531750,6.974999905,0.128103997,232.7080341
532000,6.974999905,0.128241999,232.7488281
532250,6.974999905,0.128091998,232.7060059
532500,6.974999905,0.128513497,232.7005383
532750,6.974999905,0.128439494,232.7112396
533000,6.974999905,0.128385996,232.7032312
533250,6.974999905,0.128359497,232.7173901
533500,6.974999905,0.128552496,232.7216675
533750,6.974999905,0.128574497,232.6985846
534000,6.974999905,0.128343998,232.7218268
534250,6.974999905,0.128184995,232.721236
534500,6.648999958,0.128540998,232.7239764
534750,6.777999878,0.128316495,232.6963794
535000,6.428000107,0.128537999,232.7268555
535250,6.832999916,0.128702996,232.7497064
535500,6.974999905,0.128592498,232.7248608
535750,6.974999905,0.128243998,232.7141376
536000,6.974999905,0.128491995,232.7246124
536250,6.974999905,0.128239996,232.7120337
536500,6.974999905,0.128696498,232.6924597
536750,6.974999905,0.128103496,232.7546936
537000,6.974999905,0.128190497,232.7084601
537250,6.974999905,0.128737999,232.7374994
537500,6.974999905,0.128442497,232.7229205
537750,6.974999905,0.128759997,232.7012897
538000,6.974999905,0.129028494,232.771051
538250,6.974999905,0.129028494,232.771051
538500,6.974999905,0.128302499,232.7266431
538750,6.974999905,0.128807501,232.7175732
539000,6.974999905,0.128675999,232.7291327
539250,6.974999905,0.128599997,232.7350903
539500,6.974999905,0.128207496,232.7220752
539750,6.974999905,0.127938496,232.7164862
540000,6.974999905,0.128141997,232.7362836
540250,6.974999905,0.128239994,232.7180908
540500,6.974999905,0.128015495,232.7212872
540750,6.974999905,0.128101496,232.7112909
541000,6.974999905,0.128155,232.7090167
541250,6.974999905,0.128261495,232.7144403
541500,6.974999905,0.128474997,232.7317712
541750,6.974999905,0.127836497,232.7308435
542000,6.974999905,0.128505998,232.7161462
542250,6.974999905,0.128832498,232.7037628
542500,6.974999905,0.128508996,232.7132819
542750,6.974999905,0.128588998,232.6979712
543000,6.974999905,0.128388497,232.7283063
543250,6.974999905,0.128423995,232.7145306
543500,6.974999905,0.128366494,232.7162244
543750,6.974999905,0.128728998,232.708418
544000,6.974999905,0.128288497,232.7220813
544250,6.974999905,0.128534496,232.7224902
544500,6.974999905,0.128489997,232.7351868
544750,6.974999905,0.128489997,232.7351868
545000,6.974999905,0.128723996,232.6902179
545250,6.974999905,0.128266997,232.7414355
545500,6.974999905,0.128809,232.7567645
545750,5.822999992,0.128095496,232.7299384
546000,7.443000069,0.128245997,232.726178
546250,6.275999947,0.128672499,232.7316174
546500,6.974999905,0.128349996,232.7247064
546750,6.974999905,0.128312995,232.7121033
547000,6.974999905,0.128241496,232.7262354
547250,6.974999905,0.128928496,232.7205853
547500,6.974999905,0.1288105,232.7499615
547750,6.974999905,0.128392997,232.7268506
548000,6.974999905,0.128568496,232.7426508
548250,6.974999905,0.127770997,232.7414459
548500,6.974999905,0.128482498,232.7061957
548750,6.974999905,0.128758497,232.7182806
549000,6.974999905,0.128503498,232.7428101
549250,6.974999905,0.128681499,232.7387445
549500,6.974999905,0.1286725,232.7382336
549750,6.974999905,0.128445995,232.7396411
550000,6.974999905,0.128579997,232.7146039
550250,6.974999905,0.128333495,232.7088733
550500,6.974999905,0.128809996,232.738504
550750,6.974999905,0.128254495,232.722608
551000,6.974999905,0.128266996,232.7376764
551250,6.974999905,0.128266996,232.7376764
551500,6.974999905,0.128084494,232.7304663
551750,6.974999905,0.128199995,232.7065845
552000,6.974999905,0.128579997,232.713689
552250,6.974999905,0.128667499,232.7247064
552500,6.974999905,0.128628497,232.7247156
552750,6.974999905,0.128583997,232.718656
553000,6.974999905,0.128707496,232.6847418
553250,6.974999905,0.128446498,232.7349518
553500,6.974999905,0.128693996,232.7360815
553750,6.974999905,0.128347497,232.7120001
554000,6.974999905,0.128311499,232.7112238
554250,6.974999905,0.127877493,232.707688
554500,6.974999905,0.128095497,232.7131287
554750,6.974999905,0.128346497,232.7209375
555000,6.974999905,0.128711495,232.7479773
555250,6.974999905,0.128488996,232.7204254
555500,6.974999905,0.128506997,232.7474091
555750,6.974999905,0.128435997,232.7502985
556000,6.974999905,0.128179996,232.7293933
556250,6.974999905,0.127682496,232.7138483
556500,6.974999905,0.128119997,232.7142566
556750,6.974999905,0.128452498,232.727226
557000,6.974999905,0.128449498,232.7042743
557250,6.974999905,0.128258497,232.7165057
557500,6.974999905,0.128353,232.7010089
557750,6.974999905,0.128353,232.7010089
558000,6.974999905,0.127926496,232.7223309
558250,6.974999905,0.127822496,232.737832
558500,6.974999905,0.128077996,232.7368359
558750,6.974999905,0.128476999,232.7172101
559000,6.974999905,0.128553995,232.721994
559250,6.974999905,0.128824996,232.7282019
559500,6.974999905,0.128120498,232.7009784
559750,6.473999939,0.1282745,232.745495
560000,6.115999928,0.128176997,232.7348517
560250,6.974999905,0.128711998,232.7239929
560500,6.974999905,0.128223499,232.7145227
560750,6.974999905,0.128408996,232.7415625
561000,6.974999905,0.128546,232.7315491
561250,6.974999905,0.128392999,232.7144507
561500,6.974999905,0.128437498,232.7344183
561750,6.974999905,0.128800998,232.7167389
562000,6.974999905,0.128568996,232.723667
562250,6.974999905,0.128317499,232.7038965
562500,6.974999905,0.128773993,232.7089941
562750,6.974999905,0.128362496,232.7108185
563000,6.974999905,0.128546999,232.7016412
563250,6.974999905,0.128356498,232.726698
563500,6.974999905,0.128249996,232.7434485
563750,6.974999905,0.128689497,232.7530103
564000,6.974999905,0.128396,232.7360828
564250,6.974999905,0.128396,232.7360828
564500,6.974999905,0.128311995,232.7449829
564750,6.974999905,0.128396497,232.731228
565000,6.974999905,0.128757999,232.7475781
565250,6.974999905,0.128513497,232.7213226
565500,6.974999905,0.128138996,232.7241364
565750,6.974999905,0.128421997,232.7039813
566000,6.974999905,0.128768998,232.7460742
566250,6.974999905,0.128519996,232.737467
566500,6.974999905,0.128376995,232.7190869
566750,6.974999905,0.128160497,232.6883789
567000,6.974999905,0.128743997,232.7060352
567250,6.974999905,0.129169494,232.719043
567500,6.974999905,0.128588994,232.6953107
567750,6.974999905,0.1287635,232.7092365
568000,6.974999905,0.1286615,232.7264868
568250,6.974999905,0.128316496,232.7180719
568500,6.974999905,0.128593994,232.7245361
568750,5.805999928,0.129028996,232.7248346
569000,7.898000069,0.128339995,232.7302985
569250,5.932999897,0.128381998,232.7101031
569500,6.969999886,0.128261497,232.7160706
569750,6.974999905,0.128005493,232.7254456
570000,6.974999905,0.128748997,232.6989056
570250,6.974999905,0.128543997,232.6985071
570500,6.974999905,0.128772996,232.6940265
570750,6.974999905,0.128772996,232.6940265
571000,6.974999905,0.128570498,232.7295752
571250,6.974999905,0.127831997,232.7291022
571500,6.974999905,0.128495997,232.7443085
571750,6.974999905,0.128465995,232.7227551
572000,6.974999905,0.128806499,232.7206952
572250,6.974999905,0.128330495,232.7405023
572500,6.974999905,0.127970996,232.7270386
572750,6.974999905,0.128460997,232.7225818
573000,6.974999905,0.128862495,232.709704
573250,6.974999905,0.128662497,232.7426428
573500,6.974999905,0.128538999,232.7270361
573750,6.974999905,0.128812994,232.7549231
574000,6.974999905,0.128277496,232.7416583
574250,6.974999905,0.128607497,232.7470087
574500,6.974999905,0.128449998,232.7102118
574750,6.974999905,0.128211996,232.7057068
575000,6.974999905,0.1284275,232.7467871
575250,6.974999905,0.127957997,232.717887
575500,6.974999905,0.128129996,232.7005878
575750,6.974999905,0.128471496,232.7270526
576000,6.974999905,0.128342496,232.7020007
576250,6.974999905,0.128448999,232.7277783
576500,6.974999905,0.128293999,232.7196802
576750,6.974999905,0.128460995,232.7206439
577000,6.974999905,0.128868497,232.6864673
577250,6.974999905,0.128868497,232.6864673
577500,6.974999905,0.128437496,232.711012
577750,6.974999905,0.128003498,232.7316083
578000,6.974999905,0.128538496,232.7146106
578250,6.974999905,0.128536996,232.7532172
578500,5.670999985,0.128335994,232.7208191
578750,6.890999947,0.128547497,232.7110345
579000,6.974999905,0.128934,232.7401526
579250,6.974999905,0.128939997,232.7235681
579500,6.974999905,0.128625995,232.7374969
579750,6.974999905,0.129025996,232.7083618
580000,6.974999905,0.128703998,232.721792
580250,6.974999905,0.128846496,232.7292731
580500,6.974999905,0.128560498,232.7269293
580750,6.974999905,0.128583996,232.7462793
581000,6.974999905,0.128107497,232.7503644
581250,6.974999905,0.127472497,232.7499432
581500,6.974999905,0.128423498,232.7548059
581750,6.974999905,0.128306497,232.7560175
582000,6.974999905,0.128513495,232.7419257
582250,6.974999905,0.128149998,232.7616357
582500,6.974999905,0.128887999,232.7267523
582750,6.974999905,0.128707496,232.7446503
583000,6.974999905,0.128703995,232.7212982
583250,6.974999905,0.128964496,232.7563312
583500,6.974999905,0.129234995,232.7167627
583750,6.974999905,0.129234995,232.7167627
584000,6.974999905,0.129118496,232.7286597
584250,6.974999905,0.128686496,232.7380426
584500,6.974999905,0.128292996,232.7410828
584750,6.730999985,0.128473499,232.7512592
585000,6.599999886,0.128574998,232.7448505
585250,7.69,0.128529495,232.7348419
585500,6.867000008,0.128267497,232.7350244
585750,5.724999886,0.128606498,232.7229242
586000,6.949999847,0.128388497,232.7266864
586250,6.974999905,0.127590994,232.7085944
586500,6.974999905,0.127803496,232.7366418
586750,6.974999905,0.128303498,232.7544269
587000,6.974999905,0.127868998,232.7391638
587250,6.974999905,0.127997993,232.7180438
587500,6.974999905,0.128588994,232.7445135
587750,6.974999905,0.1279145,232.7234589
588000,6.974999905,0.128342494,232.7179779
588250,6.974999905,0.128464496,232.7342737
588500,6.974999905,0.128514495,232.7466077
588750,6.974999905,0.128683499,232.7221399
589000,6.974999905,0.128692997,232.7514111
589250,6.974999905,0.128618999,232.7356573
589500,6.974999905,0.128295496,232.737962
589750,6.974999905,0.128265996,232.7634308
590000,6.953999825,0.128233496,232.736792
590250,6.953999825,0.128233496,232.736792
590500,6.953999825,0.128199499,232.7561096
590750,6.974999905,0.128340498,232.7428674
591000,6.974999905,0.128554496,232.7749463
591250,6.974999905,0.128723497,232.7410352
591500,6.974999905,0.128923998,232.7250641
591750,6.974999905,0.128490499,232.7506635
592000,6.974999905,0.128065497,232.7433978
592250,6.974999905,0.128043497,232.7431018
592500,6.974999905,0.128737999,232.71534
592750,6.974999905,0.128336995,232.7422571
593000,5.928999977,0.128344494,232.7709705
593250,7.829000072,0.128220495,232.7541547
593500,5.835999928,0.128577995,232.7546344
593750,6.971999912,0.128649997,232.7208887
594000,6.974999905,0.128173996,232.7373761
594250,6.974999905,0.128080498,232.742193
594500,6.974999905,0.128492997,232.7343201
594750,6.974999905,0.128581998,232.7389398
595000,6.974999905,0.128856999,232.7459607
595250,6.974999905,0.128493996,232.7496179
595500,6.974999905,0.128583997,232.7425677
595750,6.974999905,0.128690496,232.7351208
596000,6.974999905,0.128669998,232.7407605
596250,6.974999905,0.128167496,232.7431299
596500,6.974999905,0.128459499,232.7335974
596750,6.974999905,0.128459499,232.7335974
597000,6.974999905,0.128053495,232.7356097
597250,6.974999905,0.127946495,232.7103204
597500,6.974999905,0.128367496,232.720105
597750,6.974999905,0.128379498,232.7354248
598000,6.974999905,0.128261496,232.7242999
598250,6.974999905,0.128236997,232.7150726
598500,6.974999905,0.128521501,232.7055292
598750,6.974999905,0.128365998,232.7043457
599000,6.974999905,0.128145496,232.7197687
599250,6.974999905,0.128464997,232.7103467
599500,6.974999905,0.128648499,232.7253003
599750,6.219999905,0.127995496,232.7224841
600000,7.547000008,0.128627998,232.7164276
600250,6.034999943,0.128463997,232.7227917
600500,6.95899992,0.127989498,232.7371362
600750,6.974999905,0.128710997,232.7352167
601000,6.974999905,0.128327997,232.7137457
601250,6.974999905,0.128087996,232.7133002
601500,6.974999905,0.128722997,232.7170026
601750,6.974999905,0.128364496,232.7243378
602000,6.974999905,0.127856997,232.7267645
602250,6.974999905,0.127919495,232.7366907
602500,6.974999905,0.128289499,232.7718469
602750,6.974999905,0.127822496,232.7263953
603000,6.974999905,0.127743997,232.7391162
603250,6.974999905,0.127743997,232.7391162
603500,6.974999905,0.128354496,232.7181952
603750,6.974999905,0.128639497,232.7216046
604000,6.974999905,0.1288265,232.7723541
604250,6.974999905,0.128475496,232.7583307
604500,6.974999905,0.128637996,232.7143524
604750,6.974999905,0.128798496,232.7254413
605000,6.974999905,0.128505499,232.7189899
605250,6.974999905,0.128999996,232.7298108
605500,6.974999905,0.128160994,232.7241681
605750,6.974999905,0.128575996,232.7267157
606000,6.974999905,0.128851495,232.7620953
606250,6.974999905,0.128441996,232.7476404
606500,6.974999905,0.129107496,232.7324011
606750,6.974999905,0.128660996,232.7353204
607000,6.974999905,0.128671494,232.7333875
607250,6.974999905,0.128382994,232.7383142
607500,6.974999905,0.128425996,232.7300647
607750,6.974999905,0.128653498,232.7457635
608000,6.974999905,0.128342998,232.757464
608250,6.974999905,0.128586498,232.7461548
608500,6.974999905,0.128949996,232.7247076
608750,6.974999905,0.128716996,232.714234
609000,6.974999905,0.128512995,232.7391797
609250,6.974999905,0.128315998,232.7550446
609500,6.974999905,0.128610498,232.7355048
609750,6.974999905,0.128610498,232.7355048
610000,6.974999905,0.128439997,232.7435541
610250,6.974999905,0.128468996,232.7211725
610500,5.805999928,0.128650001,232.7278333
610750,7.926000061,0.127916498,232.7114838
611000,5.871999912,0.128038496,232.6824176
611250,6.974999905,0.128428494,232.7093329
611500,6.974999905,0.128518996,232.6885413
611750,6.974999905,0.128266997,232.7004846
612000,6.974999905,0.128726496,232.7315057
612250,6.974999905,0.128891998,232.7222266
612500,6.974999905,0.128499499,232.7165381
612750,6.974999905,0.128837498,232.7356519
613000,6.974999905,0.128650995,232.7232513
613250,6.974999905,0.128776497,232.71409
613500,6.974999905,0.128271998,232.7118976
613750,6.974999905,0.127899999,232.7213007
614000,6.974999905,0.128959498,232.7309161
614250,6.974999905,0.127906996,232.7160663
614500,6.974999905,0.128004498,232.7276196
614750,6.974999905,0.128523496,232.7380988
615000,6.974999905,0.127924498,232.7326447
615250,6.974999905,0.128188499,232.6903381
615500,6.974999905,0.128131498,232.6855414
615750,6.974999905,0.128270498,232.7105725
616000,6.974999905,0.128270994,232.7402185
616250,6.974999905,0.128270994,232.7402185
616500,6.974999905,0.128444996,232.7353851
616750,6.974999905,0.128838,232.7233313
617000,6.974999905,0.128472996,232.7302362
617250,6.974999905,0.128176997,232.7344916
617500,6.974999905,0.127746494,232.7185089
617750,6.974999905,0.127750997,232.7343536
618000,6.974999905,0.1279,232.709101
618250,6.974999905,0.129118499,232.7189294
618500,5.644999905,0.128578498,232.7284473
618750,6.959999924,0.128675998,232.7351227
619000,8.016999969,0.128739499,232.715321
619250,5.944000015,0.128716,232.7433704
619500,6.899999924,0.128353494,232.7282257
619750,6.974999905,0.128437495,232.7434253
620000,6.974999905,0.128499997,232.7247864
620250,6.974999905,0.128383497,232.7355212
620500,6.974999905,0.128686,232.7322607
620750,6.974999905,0.128676996,232.7224109
621000,6.974999905,0.128851498,232.7164838
621250,6.974999905,0.128744998,232.7084015
621500,6.974999905,0.128539498,232.7155463
621750,6.974999905,0.128108497,232.7033502
622000,6.974999905,0.128222997,232.7551508
622250,6.974999905,0.128311996,232.6955414
622500,6.974999905,0.128405995,232.7166364
622750,6.974999905,0.128405995,232.7166364
623000,6.974999905,0.127994498,232.724787
623250,6.974999905,0.128290996,232.7121295
623500,6.974999905,0.128440499,232.7323059
623750,6.974999905,0.128571996,232.7290979
624000,6.974999905,0.128399997,232.7170081
624250,6.974999905,0.128161995,232.7231854
624500,6.974999905,0.128409497,232.7320593
624750,6.974999905,0.128289996,232.7361694
625000,6.974999905,0.128580498,232.7450116
625250,6.974999905,0.1287865,232.7238397
625500,6.974999905,0.128970497,232.7375055
625750,6.974999905,0.128502997,232.7435663
626000,6.974999905,0.128781496,232.7202423
626250,6.974999905,0.128080994,232.7228522
626500,6.974999905,0.128432999,232.7291772
626750,6.974999905,0.128562497,232.7370258
627000,6.974999905,0.128807996,232.7205536
627250,6.974999905,0.128392996,232.7469269
627500,6.110999947,0.128342498,232.7526758
627750,6.546999969,0.128200496,232.7443762
628000,6.974999905,0.128309993,232.7386102
628250,6.974999905,0.129259499,232.7306519
628500,6.974999905,0.128424496,232.7172827
628750,6.974999905,0.128750498,232.7269617
629000,6.974999905,0.128817996,232.7400122
629250,6.974999905,0.128817996,232.7400122
629500,6.974999905,0.127799997,232.7516351
629750,6.974999905,0.127823495,232.760094
630000,6.974999905,0.128167494,232.7380591
630250,6.974999905,0.128249497,232.7578516
630500,6.974999905,0.128513497,232.7137122
630750,6.974999905,0.128112994,232.7190253
631000,6.974999905,0.128072496,232.7565942
631250,6.974999905,0.128780997,232.7316919
631500,6.974999905,0.128213496,232.7406818
631750,6.974999905,0.128096995,232.7365137
632000,6.974999905,0.128850999,232.7140472
632250,6.974999905,0.128285496,232.7187366
632500,6.974999905,0.128475997,232.7290753
632750,6.974999905,0.128857499,232.7291711
633000,6.974999905,0.128361496,232.7282556
633250,6.974999905,0.128306496,232.7374194
633500,6.974999905,0.128798495,232.7511993
633750,6.974999905,0.128880997,232.7529547
634000,6.974999905,0.128370496,232.7373303
634250,6.974999905,0.128729499,232.7334814
634500,6.974999905,0.128403498,232.7250885
634750,6.974999905,0.128572498,232.7229895
635000,6.949999809,0.128330497,232.7044232
635250,6.973999901,0.128011996,232.7368158
635500,6.974999905,0.128433496,232.7017194
635750,6.974999905,0.128433496,232.7017194
636000,6.974999905,0.128300996,232.7211328
636250,6.974999905,0.128353996,232.7045001
636500,6.974999905,0.128525996,232.7508905
636750,6.974999905,0.128513998,232.7263855
637000,6.974999905,0.128616996,232.7387469
637250,6.974999905,0.128362495,232.7452026
637500,6.974999905,0.128553498,232.7481293
637750,6.974999905,0.128630497,232.7269391
638000,6.974999905,0.128628997,232.7258258
638250,6.974999905,0.128543997,232.7408655
638500,6.974999905,0.128410997,232.740553
638750,6.974999905,0.128347998,232.757323
639000,6.974999905,0.128526998,232.7487842
639250,5.880999947,0.128543998,232.7339459
639500,7.459000034,0.128358997,232.741889
639750,6.288999939,0.128622996,232.7154749
640000,6.974999905,0.128329998,232.7068506
640250,6.974999905,0.128288495,232.7040979
640500,6.974999905,0.128269498,232.7440637
640750,6.974999905,0.128348994,232.7128735
641000,6.974999905,0.128315997,232.7041156
641250,6.974999905,0.128928998,232.7181689
641500,6.974999905,0.128968997,232.7120892
641750,6.974999905,0.128319495,232.7313788
642000,6.974999905,0.128500499,232.7123547
642250,6.974999905,0.128500499,232.7123547
642500,6.974999905,0.128869498,232.7281122
642750,6.974999905,0.128699497,232.6815155
643000,6.974999905,0.128478996,232.7011792
643250,6.974999905,0.128357497,232.7108655
643500,6.974999905,0.128421,232.7082269
643750,6.974999905,0.128103493,232.7314728
644000,6.962999859,0.127808496,232.7257141
644250,6.966999874,0.128062497,232.7232373
644500,6.974999905,0.128187996,232.707641
644750,6.974999905,0.128239496,232.7343073
645000,6.974999905,0.128757496,232.7407941
645250,6.974999905,0.128180997,232.7465393
645500,6.974999905,0.128748997,232.7341046
645750,6.974999905,0.128777996,232.7223627
646000,6.974999905,0.128728498,232.7238037
646250,6.974999905,0.128148497,232.7217377
646500,6.974999905,0.128634497,232.7225781
646750,6.974999905,0.128426996,232.7405127
647000,6.974999905,0.127931997,232.7479034
647250,6.974999905,0.128263996,232.7495599
647500,6.974999905,0.129153997,232.7158929
647750,6.974999905,0.128281497,232.7263037
648000,6.974999905,0.128237994,232.7375702
648250,6.974999905,0.128418498,232.72008
648500,6.974999905,0.128828997,232.738952
648750,6.974999905,0.128828997,232.738952
649000,6.974999905,0.128257496,232.7279071
649250,6.250999928,0.128150495,232.7398645
649500,7.566000023,0.128619998,232.7434259
649750,5.812999973,0.128249996,232.7404181
650000,6.933999882,0.127692499,232.7131812
650250,6.968999882,0.128628495,232.6976581
650500,6.974999905,0.129033997,232.7230414
650750,6.974999905,0.129073997,232.6928577
651000,6.974999905,0.128947001,232.7012085
651250,6.974999905,0.128746495,232.7147839
651500,6.974999905,0.128348995,232.7534326
651750,6.974999905,0.128472494,232.7227765
652000,6.974999905,0.128693499,232.7383282
652250,6.974999905,0.128932998,232.7107312
652500,6.974999905,0.128939497,232.7102814
652750,6.974999905,0.128771996,232.6930957
653000,6.974999905,0.128777997,232.7241315
653250,6.974999905,0.128081993,232.7149548
653500,6.974999905,0.128478997,232.7013306
653750,6.974999905,0.128696997,232.738728
654000,6.974999905,0.128468498,232.7177014
654250,6.974999905,0.128341498,232.6950562
654500,6.974999905,0.128352497,232.707641
654750,6.974999905,0.128348997,232.7234363
655000,6.974999905,0.128468494,232.7371252
655250,6.974999905,0.128468494,232.7371252
655500,6.974999905,0.128170496,232.6922156
655750,6.974999905,0.128565997,232.7108582
656000,6.974999905,0.128637999,232.7081482
656250,6.974999905,0.128299497,232.7038446
656500,6.974999905,0.1283595,232.7287781
656750,6.974999905,0.128436997,232.741485
657000,6.974999905,0.128613996,232.7420593
657250,6.974999905,0.128395996,232.7221204
657500,5.591999931,0.128231496,232.697572
657750,6.95899992,0.128806499,232.7361682
658000,6.974999905,0.128434498,232.7313641
658250,6.974999905,0.128096997,232.7526593
658500,6.974999905,0.128542995,232.71953
658750,6.974999905,0.128230495,232.7414014
659000,6.974999905,0.127991495,232.7169147
659250,6.974999905,0.128264497,232.7223474
659500,6.974999905,0.128371494,232.7131763
659750,6.974999905,0.128684996,232.7298737
 , , , 
