Name,Out_Active_Power_Station_6,Out_Current_Station_6,Out_Voltage_Station_6
0,5.757999973,0.123367996,232.7135699
250,6.604000053,0.123577498,232.7291882
500,5.262999916,0.123246496,232.7219055
750,6.31,0.123178997,232.7001056
1000,6.800999966,0.123626997,232.7242352
1250,5.278999939,0.123350998,232.7054022
1500,6.207999954,0.123755498,232.7056989
1750,5.713999939,0.123215998,232.7209186
2000,5.713999939,0.123215998,232.7209186
2250,6.539999962,0.123187495,232.7130524
2500,6.057999935,0.123257998,232.69841
2750,5.780999928,0.123385497,232.7324426
3000,5.510999985,0.123109497,232.7270483
3250,6.276999931,0.123058998,232.7397119
3500,6.32699995,0.123320996,232.7129034
3750,5.58399992,0.123424497,232.729809
4000,6.420999966,0.123128497,232.7275214
4250,6.190999928,0.123199498,232.7539532
4500,5.65199995,0.123246998,232.7276251
4750,6.487999973,0.123439996,232.7186267
5000,5.253999939,0.123642997,232.7122668
5250,6.505999908,0.122917997,232.7149042
5500,5.649999866,0.123051999,232.7232843
5750,6.231999893,0.123277496,232.6954547
6000,6.367999916,0.123470997,232.7259943
6250,5.483999901,0.123724998,232.7055225
6500,5.813999996,0.123848498,232.6963599
6750,5.98399992,0.123222997,232.7130878
7000,6.554999981,0.123592498,232.7001617
7250,5.725999908,0.123422997,232.7134259
7500,6.119999905,0.123539499,232.7305786
7750,6.468999958,0.123267995,232.7144653
8000,5.654999943,0.123307996,232.6976819
8250,6.241999931,0.123194497,232.6902979
8500,6.241999931,0.123194497,232.6902979
8750,5.25,0.123417496,232.6810175
9000,6.593000011,0.123954495,232.7131458
9250,5.852999878,0.123487497,232.6998975
9500,5.927999916,0.123745498,232.7229211
9750,5.355,0.123310496,232.7113092
10000,6.481999989,0.123066497,232.714707
10250,6.12699995,0.123184497,232.6648267
10500,5.733999958,0.123668498,232.7072644
10750,6.552999954,0.123099996,232.6972882
11000,6.03099987,0.123459998,232.7273944
11250,5.828999882,0.123447496,232.7147534
11500,6.615,0.123206497,232.6869397
11750,5.265999889,0.123509496,232.716264
12000,6.257999954,0.123098996,232.6760828
12250,5.63399992,0.123579996,232.7054333
12500,6.438999977,0.123521996,232.7100861
12750,6.158999939,0.123136498,232.7170093
13000,5.674999943,0.123575496,232.7321942
13250,6.536999989,0.123105496,232.7365784
13500,6.060999928,0.123392996,232.7109692
13750,5.777999935,0.123063498,232.6985059
14000,6.595,0.122859998,232.6817462
14250,5.262999897,0.123188996,232.7170007
14500,6.308999939,0.123457999,232.7062018
14750,5.654999905,0.123186497,232.7113721
15000,5.654999905,0.123186497,232.7113721
15250,6.448999939,0.123370497,232.7090662
15500,6.208999939,0.122983996,232.7418359
15750,5.713999939,0.123428498,232.7189539
16000,6.511999969,0.123229997,232.7217938
16250,6.04899992,0.123115499,232.7233124
16500,5.754999943,0.122945498,232.7084833
16750,5.519999981,0.123183997,232.7126996
17000,6.309999924,0.123126497,232.7361475
17250,6.36899992,0.123472497,232.719306
17500,5.645999966,0.123157497,232.7398102
17750,6.397999992,0.122856496,232.7249158
18000,6.20699995,0.123031998,232.6933533
18250,5.662999992,0.123701498,232.7166199
18500,6.505000038,0.124081498,232.6972876
18750,5.253999958,0.123237497,232.7122583
19000,6.50199995,0.122941497,232.7183875
19250,5.674999962,0.123307497,232.6995868
19500,6.216999969,0.123358995,232.7043707
19750,6.365999985,0.122985497,232.729826
20000,5.615,0.123414494,232.7134412
20250,6.378000011,0.123515996,232.7473071
20500,5.250999985,0.122983997,232.7055774
20750,6.620999966,0.123070498,232.7219635
21000,5.762999897,0.123488997,232.7225708
21250,6.123999901,0.123313497,232.7088733
21500,6.123999901,0.123313497,232.7088733
21750,6.552999935,0.123222497,232.7468329
22000,5.337999973,0.123087495,232.7116418
22250,5.96,0.123244497,232.7419202
22500,5.809999962,0.123487496,232.7146991
22750,6.544000034,0.123396497,232.7246014
23000,5.911999931,0.123471497,232.7370032
23250,5.938999958,0.123484999,232.7457446
23500,5.371999989,0.123090996,232.7386749
23750,6.500999966,0.123536998,232.7077161
24000,6.142999935,0.123430996,232.7037311
24250,5.673999996,0.123287498,232.7517621
24500,6.587999973,0.123263997,232.7409473
24750,6.009999905,0.123397498,232.7281238
25000,5.84699995,0.123606998,232.7425043
25250,6.645999985,0.123599998,232.6871393
25500,5.899999905,0.123633995,232.7426343
25750,5.913999977,0.122837497,232.7364813
26000,5.39,0.123847996,232.7403937
26250,6.945999966,0.124104498,232.7444916
26500,6.034999962,0.124368497,232.7178009
26750,6.507000008,0.123287998,232.7373077
27000,5.68199995,0.123242497,232.7282245
27250,6.149999962,0.123513498,232.7551941
27500,5.25,0.123350997,232.7269061
27750,6.601000023,0.123127498,232.7192578
28000,6.601000023,0.123127498,232.7192578
28250,5.927999916,0.122904996,232.7053833
28500,5.923999958,0.122879996,232.7419312
28750,6.62,0.122995498,232.7436267
29000,5.274999905,0.123371997,232.7352747
29250,6.166999989,0.123130995,232.7415698
29500,5.633999939,0.123036497,232.7323694
29750,6.508999977,0.123467497,232.7205682
30000,6.04899992,0.122874997,232.7190729
30250,5.736999931,0.122848496,232.7227209
30500,6.605000019,0.123670496,232.7547211
30750,5.261999912,0.123251498,232.7261292
31000,6.349999943,0.123664996,232.7039526
31250,5.661999912,0.123312497,232.7224261
31500,6.428999939,0.123879497,232.7111554
31750,6.214999943,0.123344498,232.7296912
32000,5.555999966,0.123117495,232.7442731
32250,5.710999985,0.122862498,232.7419702
32500,6.146999912,0.123601497,232.7101111
32750,6.460999947,0.122295498,232.7142523
33000,5.339999943,0.122328997,232.7164624
33250,5.955,0.123188997,232.7067627
33500,5.895999889,0.123040497,232.6709058
33750,6.575000038,0.122337496,232.7010962
34000,5.270999928,0.122321997,232.7214752
34250,6.232999973,0.122738496,232.7207867
34500,6.232999973,0.122738496,232.7207867
34750,5.634999943,0.122357498,232.7096735
35000,6.471999989,0.122400497,232.7426337
35250,5.253999958,0.122800997,232.7122345
35500,6.539999943,0.122165497,232.7037634
35750,25.22800005,0.516414492,232.6636188
36000,171.3619946,1.157919464,232.5345203
36250,259.3779993,1.189234462,232.5199133
36500,258.1319983,1.18848597,232.5408746
36750,258.8890015,1.186892986,232.5192468
37000,257.75,1.185536475,232.4817389
37250,257.75,1.184524446,232.5141376
37500,257.75,1.183336468,232.4836353
37750,257.75,1.182402444,232.498291
38000,256.444989,1.181794958,232.5224817
38250,257.3049854,1.181211452,232.5399933
38500,256.7529895,1.180469985,232.4922998
38750,256.5419843,1.179722457,232.5149536
39000,255.9999847,1.179467454,232.4944983
39250,256.6459875,1.179182487,232.5043457
39500,256.6799835,1.179176464,232.5114252
39750,255.9999847,1.178816466,232.5076666
40000,255.9999847,1.178359475,232.5194318
40250,255.9999847,1.17787148,232.5049377
40500,255.9999847,1.17710897,232.5245532
40750,255.9999847,1.176833963,232.5530737
41000,255.9999847,1.176833963,232.5530737
41250,255.1829895,1.176208463,232.5292981
41500,255.4480005,1.175459986,232.5509845
41750,255.9750061,1.175267987,232.5098676
42000,255.2970026,1.17515399,232.5277155
42250,255.3559985,1.174360971,232.5484259
42500,254.5059991,1.173543468,232.5418915
42750,254.7929968,1.173175955,232.5374506
43000,255.0060004,1.173007493,232.5582892
43250,255.5479987,1.172779999,232.5341541
43500,254.3009985,1.171961493,232.5356598
43750,254.25,1.171699462,232.4945398
44000,254.25,1.171165471,232.5086902
44250,254.25,1.17089797,232.5083936
44500,254.25,1.170792465,232.5048993
44750,254.25,1.170193472,232.5344238
45000,254.25,1.169743471,232.5494336
45250,254.25,1.16947196,232.5465387
45500,254.25,1.16928297,232.5072046
45750,252.9519971,1.168443971,232.553219
46000,254.1809918,1.167685466,232.5713464
46250,253.3359912,1.167745962,232.5237695
46500,253.7269946,1.167358451,232.5574255
46750,252.8869946,1.167054977,232.5326276
47000,253.4669904,1.166746478,232.4933783
47250,253.6239954,1.166147466,232.4928583
47500,253.6239954,1.166147466,232.4928583
47750,252.6359949,1.165993452,232.5031873
48000,252.5,1.165691991,232.542691
48250,253.4859961,1.165136986,232.5151373
48500,252.7839941,1.164315982,232.5096765
48750,252.5,1.164078965,232.5412689
49000,252.5,1.164215484,232.5133624
49250,252.5,1.164224458,232.5507538
49500,252.5,1.163439465,232.4984357
49750,252.5,1.163474989,232.5188422
50000,252.5,1.162793455,232.5409875
50250,252.5,1.16236197,232.5411456
50500,252.5,1.161976976,232.5375616
50750,251.4299951,1.161430974,232.528515
51000,252.241994,1.160675964,232.5009955
51250,251.927995,1.160951977,232.5251062
51500,251.6689923,1.160941968,232.5439459
51750,252.4399915,1.160446997,232.4883289
52000,251.2129938,1.15982245,232.5427765
52250,251.6949933,1.159286456,232.539668
52500,251.9839923,1.15914247,232.4950818
52750,250.8679907,1.159433475,232.5282654
53000,251.3909906,1.158159962,232.5102081
53250,251.3789941,1.158053966,232.5146558
53500,250.9239874,1.158145976,232.5354883
53750,251.941994,1.157442484,232.5083563
54000,251.941994,1.157442484,232.5083563
54250,250.7509851,1.157416458,232.5172095
54500,250.7499847,1.157272449,232.5110748
54750,250.7499847,1.156974974,232.4757758
55000,250.7499847,1.156303463,232.5232916
55250,250.7499847,1.156021471,232.5227948
55500,250.7499847,1.155791979,232.4984595
55750,250.7499847,1.155688972,232.5055365
56000,250.7499847,1.155326972,232.5455927
56250,250.7499847,1.154916983,232.5268994
56500,250.7499847,1.154800458,232.5402734
56750,250.7499847,1.154242449,232.5040442
57000,249.4199963,1.153952975,232.4906995
57250,250.6840015,1.15329597,232.5303467
57500,249.8539984,1.152983451,232.5160522
57750,250.2759998,1.153186984,232.5070734
58000,250.3990033,1.152918482,232.4979388
58250,249.7619958,1.152715969,232.5256885
58500,249.5869995,1.152042484,232.4899371
58750,250.3829974,1.151912465,232.5270178
59000,249.0159998,1.151401958,232.4992505
59250,249.9999988,1.151638951,232.4942749
59500,249.2799969,1.15106648,232.540835
59750,249.4839978,1.150453982,232.532323
60000,249.7859985,1.150512471,232.5310065
60250,249,1.150489469,232.4973285
60500,249,1.150489469,232.4973285
60750,249.3519983,1.149939466,232.5096185
61000,249.9859991,1.149809976,232.5424109
61250,249,1.149155989,232.506825
61500,249,1.148846445,232.5365472
61750,249,1.14871346,232.5314246
62000,249,1.148948479,232.5329034
62250,249,1.148134975,232.5080347
62500,249,1.147739959,232.5302734
62750,249,1.147390456,232.5386493
63000,248.965,1.147312989,232.5283069
63250,247.6349933,1.14705647,232.517113
63500,248.9669904,1.146831465,232.5284015
63750,248.9749908,1.146447968,232.5068811
64000,247.6239948,1.146277962,232.4834503
64250,248.9629913,1.145874462,232.5128351
64500,247.8929932,1.145554476,232.4941852
64750,248.7329913,1.145342975,232.540722
65000,248.4559906,1.145262465,232.524826
65250,248.1949951,1.144812975,232.5166669
65500,247.6919952,1.144761949,232.5499969
65750,248.5219916,1.143961473,232.5177734
66000,248.0599951,1.143697,232.5378668
66250,247.7599945,1.144017997,232.5339526
66500,247.5149982,1.143546968,232.494776
66750,248.2939905,1.143588471,232.5162085
67000,248.2939905,1.143588471,232.5162085
67250,247.25,1.142829466,232.5250995
67500,248.581994,1.142754474,232.5234991
67750,247.2759967,1.142415476,232.512796
68000,247.25,1.141792974,232.5295367
68250,247.32,1.141911974,232.5420087
68500,248.4809918,1.141258478,232.5074341
68750,247.2529993,1.141159463,232.5083136
69000,247.25,1.141025977,232.5282324
69250,247.25,1.140797472,232.5339148
69500,247.25,1.140486503,232.5251965
69750,246.0859943,1.140343485,232.4944336
70000,247.0250018,1.140107479,232.4881628
70250,247.2250061,1.139671474,232.5315143
70500,247.2250061,1.13968596,232.5210809
70750,247.2250061,1.139440484,232.5061859
71000,246.7800012,1.139119968,232.5314178
71250,246.3609961,1.138634477,232.529978
71500,247.1900061,1.138186493,232.5141949
71750,245.8949939,1.138179488,232.5151062
72000,247.2170044,1.137958956,232.5226959
72250,246.0699957,1.137524977,232.4998169
72500,246.861001,1.137417483,232.5126019
72750,246.1129938,1.137055969,232.5031067
73000,246.1729974,1.137261481,232.4954974
73250,246.7720001,1.136541977,232.5033295
73500,246.7720001,1.136541977,232.5033295
73750,245.5089911,1.136471481,232.5231201
74000,246.3969958,1.136237969,232.5174182
74250,245.9799951,1.135948954,232.5102032
74500,246.853999,1.135384989,232.546507
74750,245.4839911,1.135726471,232.5128033
75000,245.4749908,1.135089464,232.4945807
75250,245.7299939,1.135031466,232.5213275
75500,246.5719977,1.13512897,232.5156134
75750,245.4749908,1.134686971,232.5063403
76000,245.4749908,1.13448997,232.5075647
76250,245.9799933,1.133789454,232.5367084
76500,246.2519983,1.133747997,232.5394244
76750,245.4749908,1.133370976,232.5242419
77000,245.4749908,1.133092961,232.5130743
77250,245.4749908,1.132652464,232.5237482
77500,244.2649933,1.132304988,232.4951935
77750,245.323996,1.132370968,232.5123041
78000,245.4499969,1.132203493,232.4952722
78250,245.4499969,1.13216548,232.5340326
78500,245.3279956,1.131990471,232.5028418
78750,244.2839948,1.131542954,232.5002985
79000,245.4479962,1.131015482,232.543515
79250,245.4149963,1.130830483,232.5371368
79500,244.1959955,1.130383458,232.5200751
79750,244.6469952,1.130638981,232.5044171
80000,244.6469952,1.130638981,232.5044171
80250,244.9629944,1.130303454,232.5404974
80500,244.1159943,1.13009346,232.5136115
80750,245.438996,1.129969969,232.5318262
81000,244.3679938,1.129701462,232.529306
81250,245.037995,1.12928997,232.5151135
81500,243.7479932,1.128860488,232.5107617
81750,244.6869934,1.129120474,232.5082202
82000,244.1709943,1.128569469,232.5071277
82250,244.9989954,1.128591957,232.5389392
82500,243.7289917,1.128030982,232.5209155
82750,243.7249908,1.127990975,232.5015833
83000,245.0949951,1.12806397,232.5213855
83250,243.7369922,1.127610979,232.5190997
83500,243.7249908,1.127267981,232.496825
83750,243.7249908,1.127024469,232.5354248
84000,244.2939929,1.126662993,232.4921143
84250,244.4389935,1.126313963,232.5162903
84500,243.7249908,1.126158495,232.5170795
84750,243.7249908,1.126153493,232.5028174
85000,243.7249908,1.126146488,232.4884412
85250,243.7249908,1.125646477,232.5321521
85500,243.7249908,1.125375981,232.5385077
85750,243.7249908,1.124817986,232.5397778
86000,242.5699945,1.124781971,232.5597034
86250,243.5399902,1.124546452,232.5343854
86500,243.5399902,1.124546452,232.5343854
86750,243.6999817,1.124454975,232.5269623
87000,243.6999817,1.124399476,232.5327936
87250,242.3599957,1.123895974,232.5301154
87500,243.6639868,1.123161478,232.5111395
87750,242.8339874,1.121428981,232.5391229
88000,241.9750061,1.120389977,232.5503064
88250,242.6219916,1.113122969,232.5220905
88500,239.9639978,1.112059484,232.539809
88750,239.6319958,1.109530964,232.5330743
89000,239.8179913,1.108722959,232.5267792
89250,238.4890039,1.10351099,232.5352679
89500,237.4119971,1.100231943,232.5326031
89750,236.7249908,1.097707472,232.5256482
90000,236.265993,1.096307993,232.5369049
90250,234.9769916,1.092746992,232.5129462
90500,233.6949963,1.089325948,232.514411
90750,233.7889929,1.080693479,232.5444812
91000,231.2959961,1.074878979,232.5306354
91250,229.6259937,1.071380973,232.5437952
91500,231.5359918,1.064911985,232.5677277
91750,226.4999927,1.059664459,232.529577
92000,226.5159937,1.057790985,232.5247137
92250,227.0469916,1.052416983,232.5155951
92500,223.8169916,1.049773002,232.5480109
92750,224.3439948,1.043454466,232.5303473
93000,224.3439948,1.043454466,232.5303473
93250,224.0089893,1.043665972,232.5466815
93500,222.3669928,1.040341463,232.5442737
93750,222.4869934,1.038855481,232.5299524
94000,220.7909912,1.03596447,232.5524677
94250,222.8719934,1.032694983,232.5236591
94500,218.7639948,1.019300985,232.5486029
94750,215.3729944,1.01638247,232.5325861
95000,220.1909967,1.016984982,232.5115149
95250,214.4069965,1.010923469,232.5308612
95500,215.2779974,1.003395996,232.5587152
95750,213.435993,0.999259453,232.5646356
96000,212.6449951,0.996732969,232.5708258
96250,213.0649969,0.996229954,232.5648492
96500,210.9649902,0.992329981,232.5588483
96750,212.9519958,0.990267978,232.5583746
97000,209.4039978,0.981015978,232.5487372
97250,208.2649927,0.985044465,232.5438501
97500,210.9079956,0.983898971,232.5325061
97750,208.6769952,0.98688297,232.571817
98000,209.3659967,0.983147979,232.5503076
98250,209.6429956,0.979919982,232.5691296
98500,207.4359918,0.97731298,232.5407318
98750,207.7689966,0.981584995,232.561745
99000,209.3649951,0.979134474,232.5463385
99250,207.7139923,0.979351473,232.5810089
99500,207.7139923,0.979351473,232.5810089
99750,208.9039954,0.977058978,232.5602087
100000,204.6359937,0.955099969,232.5331549
100250,203.7669946,0.969485471,232.5476276
100500,207.4339954,0.980630977,232.5641565
100750,207.6419952,0.975298476,232.5325067
101000,208.253996,0.979980474,232.554978
101250,207.905993,0.978994987,232.570672
101500,185.8009949,0.82292398,232.5866907
101750,147.7029993,0.757198477,232.6033801
102000,138.4569965,0.726274481,232.600658
102250,141.2049957,0.809061985,232.5797217
102500,161.3039966,0.793339484,232.599306
102750,146.8429956,0.756432993,232.6060968
103000,133.4429956,0.692459981,232.6155847
103250,127.4039984,0.743692493,232.5842908
103500,139.1039984,0.720224493,232.6043866
103750,128.0739981,0.730051479,232.6098358
104000,134.9219971,0.710365994,232.6173944
104250,132.8470007,0.812054496,232.5917914
104500,166.3869952,0.773827991,232.5870673
104750,146.9009949,0.821895473,232.606275
105000,161.8059967,0.780458479,232.6104419
105250,137.5019971,0.790777996,232.5976721
105500,158.4019946,0.787998986,232.60685
105750,156.813999,0.834082983,232.5749304
106000,156.813999,0.834082983,232.5749304
106250,170.6299951,0.81807797,232.6249548
106500,150.0529974,0.770180995,232.5736188
106750,144.661001,0.763296983,232.5996893
107000,148.4489966,0.886679475,232.5752905
107250,189.8039972,0.816305485,232.6218195
107500,137.0369965,0.774664998,232.6157874
107750,160.5859943,0.80395648,232.6095227
108000,140.1519971,0.775175481,232.6120721
108250,152.2559967,0.789172957,232.5937061
108500,155.6209967,0.862068479,232.5910742
108750,187.0569922,0.869648488,232.5865704
109000,159.5389948,0.824748979,232.6030829
109250,162.9149945,0.798531477,232.6015216
109500,144.8079938,0.873959978,232.572514
109750,196.0959961,0.883978479,232.5594598
110000,163.8269983,0.837032983,232.57513
110250,177.0429968,0.817385981,232.5989276
110500,138.2279993,0.793136964,232.6020337
110750,165.1659949,0.839491978,232.5794189
111000,157.3379962,0.79199949,232.5752582
111250,155.6349957,0.771059978,232.5862006
111500,138.3259924,0.727664969,232.6182745
111750,126.2679968,0.65306648,232.6325281
112000,101.5249973,0.703310981,232.6378326
112250,151.8619977,0.775671482,232.6022266
112500,151.8619977,0.775671482,232.6022266
112750,129.0409964,0.751213484,232.6101672
113000,171.7789944,0.855634987,232.5791602
113250,143.5569995,0.769868476,232.6180737
113500,152.0659937,0.761926992,232.6084174
113750,121.8629956,0.751803482,232.5987775
114000,176.2869943,0.848670483,232.6183868
114250,153.5329956,0.80624748,232.6084998
114500,171.9039935,0.824111972,232.5871918
114750,123.135,0.700505977,232.6366992
115000,137.2089972,0.722703977,232.6173871
115250,119.8059958,0.683539975,232.6486346
115500,141.4199985,0.740772982,232.6457782
115750,125.2369989,0.70068898,232.6253552
116000,140.3539948,0.73404748,232.6270972
116250,104.7969977,0.619979475,232.6360992
116500,125.2269977,0.712064989,232.6457385
116750,120.2819983,0.660879979,232.6321472
117000,135.461998,0.721119475,232.6282996
117250,112.6239981,0.640222471,232.6321692
117500,136.3019989,0.748873479,232.6354022
117750,106.7779984,0.599999475,232.6203802
118000,123.8209979,0.708959467,232.59289
118250,108.8919968,0.594650488,232.6282837
118500,110.7609973,0.642031984,232.646275
118750,79.00199661,0.485499487,232.6672516
119000,79.00199661,0.485499487,232.6672516
119250,100.7009973,0.67346149,232.6372906
119500,88.00800003,0.467904993,232.6536011
119750,83.52699722,0.631803472,232.666228
120000,91.95399811,0.541139486,232.6616809
120250,98.22899841,0.622924981,232.6342096
120500,72.81299805,0.412471499,232.6556506
120750,74.85499893,0.580902495,232.6700043
121000,81.4419989,0.489344486,232.6175787
121250,78.89899902,0.522647983,232.6528082
121500,58.50599838,0.38382499,232.6877863
121750,72.86799927,0.578828983,232.6350342
122000,71.70399834,0.400239487,232.6733606
122250,61.65899963,0.500361991,232.6554333
122500,48.84399887,0.298941488,232.6716827
122750,43.94199913,0.459626989,232.6860431
123000,53.1679985,0.36170599,232.6845392
123250,66.28799698,0.555027494,232.6358978
123500,63.74599869,0.358555492,232.6782019
123750,54.90099899,0.552363983,232.6605139
124000,63.15299911,0.349328991,232.6939691
124250,47.77699905,0.464365487,232.6613318
124500,50.68999977,0.28407199,232.6784741
124750,40.02699924,0.426504992,232.697027
125000,46.6979985,0.288930994,232.6978198
125250,48.30299873,0.541340986,232.6468738
125500,48.30299873,0.541340986,232.6468738
125750,61.40899811,0.325772996,232.6776892
126000,38.05399948,0.398299994,232.7114972
126250,48.97899948,0.299795495,232.6991461
126500,23.02799919,0.239501995,232.7075
126750,37.21099953,0.431330491,232.679682
127000,52.89199875,0.310936992,232.6886713
127250,36.87599915,0.381560491,232.6997552
127500,41.29199905,0.270243995,232.7009711
127750,32.52699913,0.370758486,232.6629401
128000,40.86400032,0.244233992,232.6911377
128250,15.5429995,0.199974993,232.7046991
128500,16.62099964,0.203988494,232.7014642
128750,24.19699913,0.34516199,232.7311188
129000,39.22899849,0.249971492,232.6917792
129250,24.63799828,0.268791994,232.6717865
129500,27.2989994,0.224228497,232.677641
129750,22.04199982,0.259124491,232.6912183
130000,25.74599907,0.229811994,232.7122119
130250,23.39099983,0.298587995,232.6966833
130500,33.80199898,0.247083489,232.7459552
130750,21.79899971,0.245806493,232.7408337
131000,26.29499969,0.232689492,232.7267615
131250,23.0409996,0.317270491,232.7015216
131500,36.05499863,0.257001995,232.7203687
131750,23.64699944,0.25291649,232.704021
132000,23.64699944,0.25291649,232.704021
132250,26.35999977,0.237815497,232.6955054
132500,26.78699936,0.32282949,232.6725128
132750,38.62799789,0.269001494,232.689259
133000,20.89699902,0.252572992,232.6929712
133250,28.43799934,0.236707492,232.6938159
133500,29.67200005,0.34487499,232.6543213
133750,46.52500008,0.291265987,232.6900098
134000,24.26299934,0.283125994,232.6786194
134250,30.50099892,0.254879496,232.7086835
134500,28.71599915,0.370611489,232.7006323
134750,55.49899765,0.346133987,232.722627
135000,44.76999863,0.422128996,232.6846973
135250,62.45199814,0.363735988,232.6756348
135500,28.23799919,0.369799994,232.6851074
135750,56.91899918,0.371555997,232.6744427
136000,38.58199875,0.320523994,232.6900885
136250,36.83699966,0.266971493,232.6803223
136500,29.24699814,0.388489487,232.6463544
136750,62.21099945,0.467633988,232.6596576
137000,64.53399887,0.485891985,232.6454486
137250,76.91899857,0.453740987,232.6564362
137500,61.4269989,0.435473989,232.7058026
137750,68.83399719,0.399308488,232.6551282
138000,36.13299927,0.508605986,232.6440588
138250,81.26499847,0.51671,232.6362903
138500,81.26499847,0.51671,232.6362903
138750,68.44599747,0.50778699,232.6577789
139000,88.50399872,0.513179493,232.6599469
139250,70.33700012,0.556870488,232.6338586
139500,98.55299774,0.552195975,232.6686353
139750,57.92999924,0.487764488,232.6871887
140000,87.03499756,0.550199983,232.6541211
140250,84.16700043,0.53888798,232.6520264
140500,87.76999847,0.528251493,232.6533289
140750,75.47599823,0.563199483,232.6432819
141000,107.5079977,0.660890987,232.6171936
141250,111.200997,0.639597976,232.6369464
141500,104.4419968,0.575830491,232.6455945
141750,84.46799927,0.53525547,232.6407928
142000,89.15599945,0.564667499,232.6472516
142250,88.43199738,0.588781483,232.6451306
142500,102.8829968,0.597007971,232.6336011
142750,90.43599915,0.574414477,232.6187402
143000,106.9859967,0.613632476,232.6468817
143250,82.75399872,0.539775486,232.6558002
143500,94.52999725,0.60483248,232.6396893
143750,88.74499786,0.600090475,232.6480054
144000,111.4549969,0.638907988,232.6226416
144250,97.16799774,0.579901485,232.6716339
144500,100.1439963,0.608172493,232.6315466
144750,91.18099762,0.567824984,232.6364014
145000,91.18099762,0.567824984,232.6364014
145250,95.96599915,0.600946977,232.6473059
145500,85.34999725,0.552152985,232.6417975
145750,103.3009979,0.622370484,232.6510162
146000,90.4509967,0.562839482,232.6584418
146250,102.5619989,0.634448991,232.6513385
146500,95.08299835,0.556960971,232.6935541
146750,92.35799683,0.552151486,232.6767645
147000,81.30399628,0.524574494,232.6549689
147250,94.54199982,0.599727991,232.633385
147500,83.77399719,0.514911476,232.6495398
147750,82.7139975,0.533132489,232.6609277
148000,59.62599945,0.401264987,232.6621161
148250,71.34899902,0.503634975,232.6350494
148500,67.48499969,0.471502483,232.6818835
148750,87.09699829,0.621209493,232.6526825
149000,86.14499878,0.500901486,232.6573218
149250,80.58299744,0.542280986,232.6281567
149500,77.66499756,0.481632981,232.6566919
149750,76.39799866,0.511268474,232.6317163
150000,72.27899933,0.470445991,232.6987848
150250,77.81599823,0.517225986,232.6507703
150500,65.11099869,0.400545493,232.6350507
150750,57.21999878,0.45746449,232.6543225
151000,59.74499786,0.410502989,232.6799695
151250,67.75099838,0.517823985,232.6703058
151500,67.75099838,0.517823985,232.6703058
151750,67.87700012,0.402239482,232.7062103
152000,53.48899887,0.394221989,232.6709851
152250,42.09199821,0.291546497,232.7058972
152500,36.32899948,0.339468998,232.7278662
152750,38.90599869,0.321332496,232.6818005
153000,49.9979982,0.421939994,232.6792297
153250,45.81499847,0.312716496,232.7089801
153500,36.26399979,0.352708489,232.6986969
153750,37.47800026,0.271363991,232.7191321
154000,38.27299934,0.404218978,232.6810675
154250,45.93599884,0.310418487,232.6764575
154500,38.83599747,0.330181488,232.726217
154750,31.95299789,0.234455492,232.6989075
155000,19.28899948,0.229266495,232.7064105
155250,19.06399956,0.207241491,232.725827
155500,21.99099907,0.261716492,232.718042
155750,24.39699944,0.221925489,232.7126025
156000,22.21999924,0.257383987,232.7093213
156250,26.61799919,0.235068997,232.7180994
156500,21.96599991,0.244062994,232.7245294
156750,22.51499992,0.223528993,232.7465552
157000,21.8929995,0.245874993,232.7184564
157250,26.24400108,0.239321496,232.7107953
157500,20.71000015,0.213643493,232.7122253
157750,22.95699944,0.268878993,232.6733698
158000,22.95699944,0.268878993,232.6733698
158250,30.2069989,0.24979599,232.6957385
158500,28.05399918,0.296184987,232.7110632
158750,38.57299866,0.263292494,232.7140576
159000,21.01899963,0.242241992,232.7188177
159250,25.43699944,0.233902493,232.7356427
159500,21.4679998,0.243736995,232.7081073
159750,27.71499939,0.239352991,232.6855463
160000,20.33399979,0.212541997,232.7028113
160250,19.27499962,0.208334492,232.686452
160500,20.32599968,0.250478497,232.7280182
160750,26.1479995,0.240201991,232.7107715
161000,21.74999977,0.25595749,232.6850018
161250,33.78999962,0.249084491,232.7186249
161500,20.89199928,0.255208493,232.6744849
161750,30.58699883,0.261509992,232.6799402
162000,26.14899902,0.336968495,232.7079529
162250,53.08599854,0.344244989,232.6887622
162500,36.68999954,0.304588996,232.7147449
162750,38.54999924,0.289731491,232.7165845
163000,30.85499962,0.243198997,232.7232904
163250,23.0679995,0.250150494,232.7104504
163500,24.23099991,0.226342493,232.7195276
163750,28.09799942,0.32423099,232.7013629
164000,37.64299873,0.259497991,232.7006421
164250,23.74599968,0.261817492,232.7084662
164500,23.74599968,0.261817492,232.7084662
164750,25.33999916,0.224320993,232.7165869
165000,31.97599838,0.386766987,232.6727869
165250,48.25599808,0.283777999,232.7231158
165500,29.70599907,0.317503492,232.7154327
165750,38.31299957,0.249973493,232.7202594
166000,23.79199959,0.287301496,232.6891486
166250,30.74299881,0.241085494,232.7155377
166500,20.22099953,0.202103995,232.7387531
166750,22.28399895,0.314135493,232.6843768
167000,56.53199829,0.461563487,232.6746497
167250,45.62199875,0.260708495,232.6979486
167500,13.5119997,0.194196993,232.6987451
167750,17.5689999,0.194542497,232.7193317
168000,18.17399963,0.195892996,232.7383301
168250,16.2479998,0.193297995,232.716756
168500,16.11299973,0.197683495,232.7276178
168750,19.35599953,0.194540995,232.7278888
169000,17.26799973,0.323584485,232.7272577
169250,54.02099792,0.347415485,232.7139288
169500,35.20999969,0.327297988,232.713689
169750,42.34700027,0.327549497,232.6848657
170000,54.32700104,0.522625984,232.6585138
170250,71.45900009,0.473108989,232.6758514
170500,116.5309972,0.92267848,232.5523627
170750,207.5689978,0.985968964,232.5568909
171000,207.5689978,0.985968964,232.5568909
171250,211.0949933,0.990186973,232.5654523
171500,211.0499927,0.99589747,232.5466895
171750,211.8409949,0.967958961,232.5402753
172000,165.0969971,0.646671996,232.6441888
172250,89.82299896,0.506523479,232.6510498
172500,50.33199844,0.336492491,232.6773877
172750,48.47399841,0.424808491,232.6761847
173000,75.04499847,0.457549003,232.6561475
173250,41.24399857,0.664871484,232.6074426
173500,202.8079993,0.988830481,232.537074
173750,212.5709943,1.000403976,232.5359924
174000,212.3949915,1.001090972,232.5422363
174250,214.6379926,0.997635975,232.5361548
174500,188.6119958,0.805448484,232.6078516
174750,118.8559967,0.644135976,232.6316742
175000,104.4449976,0.580366983,232.6271686
175250,81.03999847,0.486803995,232.6570123
175500,84.3019989,0.605773985,232.6236353
175750,133.0449933,0.892248981,232.5559442
176000,207.65,0.998893468,232.5092834
176250,214.138996,1.005408967,232.5214746
176500,215.6099951,1.006656468,232.5401288
176750,213.0699945,1.003607981,232.543681
177000,208.321994,0.895336983,232.5583368
177250,114.8209972,0.454717983,232.6550885
177500,114.8209972,0.454717983,232.6550885
177750,54.14899872,0.508407482,232.657337
178000,88.66899719,0.489477483,232.6118188
178250,67.58900024,0.466240491,232.6310748
178500,71.03399841,0.360592489,232.6842328
178750,57.63599785,0.799321985,232.582121
179000,209.4379932,1.074066963,232.5282898
179250,233.2649939,1.04210547,232.5305457
179500,212.9619946,0.990944967,232.5446887
179750,209.8149921,0.975210979,232.5462567
180000,153.3619958,0.569599482,232.6313312
180250,47.5529998,0.322106491,232.6761938
180500,39.03499969,0.293803493,232.6814905
180750,28.85899971,0.273224992,232.6860736
181000,39.06399963,0.326444491,232.6818585
181250,30.73499931,0.202520997,232.6967151
181500,15.33499966,0.19747899,232.6825195
181750,17.53499977,0.204889497,232.7153381
182000,21.43399918,0.210045998,232.7029053
182250,18.39999947,0.206276991,232.6984808
182500,16.18199951,0.185038996,232.7054901
182750,19.57099922,0.208153992,232.6946576
183000,20.31199989,0.217508991,232.6772968
183250,19.89399948,0.216542496,232.6950745
183500,21.53099945,0.226733994,232.6791925
183750,20.70099953,0.210227494,232.6832819
184000,20.70099953,0.210227494,232.6832819
184250,17.72399967,0.189326495,232.660675
184500,16.97199974,0.197664495,232.6888666
184750,19.11999977,0.209705991,232.6876892
185000,19.25,0.207007496,232.716922
185250,18.18999954,0.193675995,232.6794897
185500,14.77499962,0.185933998,232.6792084
185750,17.97999962,0.204131995,232.6878015
186000,19.24800003,0.209363493,232.7035571
186250,21.92999916,0.215421494,232.6860028
186500,19.78699936,0.221002495,232.7119135
186750,32.21699951,0.303910494,232.706803
187000,31.98499969,0.228402992,232.7061133
187250,17.52399975,0.215769992,232.722489
187500,20.72999908,0.206144494,232.7316333
187750,19.70399933,0.211358991,232.7165869
188000,17.80799965,0.183672995,232.7115454
188250,17.36199944,0.218697994,232.6972247
188500,23.87599976,0.226400993,232.6949377
188750,20.79499985,0.22523349,232.7418341
189000,23.04499954,0.225080993,232.7189935
189250,24.02899918,0.226132995,232.7131317
189500,16.08299973,0.193640997,232.6919153
189750,21.30099922,0.216710492,232.7135382
190000,20.7339994,0.214375493,232.7022021
190250,19.35499931,0.217537493,232.7231134
190500,19.35499931,0.217537493,232.7231134
190750,21.63799927,0.215668496,232.7058588
191000,16.41499962,0.181620994,232.6814264
191250,16.97699982,0.211471994,232.728764
191500,20.74599976,0.223817995,232.7438116
191750,22.70899857,0.223319495,232.6953357
192000,22.74999809,0.235258493,232.6851715
192250,25.3729995,0.238224992,232.6995386
192500,23.61699921,0.234691994,232.7093048
192750,23.4079998,0.227394996,232.6712085
193000,22.74199974,0.222518493,232.7097241
193250,20.49499954,0.226514496,232.6910028
193500,22.72099945,0.227906494,232.6958167
193750,24.46499954,0.275387496,232.7133289
194000,34.16199974,0.244921991,232.6971057
194250,21.89999924,0.235876495,232.6925134
194500,27.16199875,0.257480991,232.6872723
194750,27.76099937,0.250814489,232.7019153
195000,27.62099945,0.249061995,232.6996027
195250,27.05999954,0.252585491,232.6793146
195500,28.02499962,0.252355991,232.6894171
195750,26.81299904,0.251417995,232.6756573
196000,28.52899925,0.250499992,232.6895001
196250,27.28999947,0.246535,232.6908887
196500,25.24799934,0.244964491,232.6927295
196750,26.97699974,0.245670993,232.7307312
197000,26.97699974,0.245670993,232.7307312
197250,26.28499931,0.246063991,232.695769
197500,24.05499947,0.242714995,232.7037604
197750,26.75099976,0.241608493,232.7248676
198000,25.00399948,0.238705493,232.7320325
198250,24.52699944,0.236220495,232.6802826
198500,26.81699982,0.239009995,232.692691
198750,24.6139994,0.240991495,232.6977637
199000,25.93599945,0.250053998,232.6977142
199250,30.01599884,0.258282489,232.7201074
199500,28.12899902,0.252890492,232.7137708
199750,30.71499969,0.284411492,232.690058
200000,38.26099854,0.283356993,232.6976758
200250,32.89299889,0.312508488,232.6935309
200500,43.7170018,0.312782995,232.6823303
200750,36.84800064,0.339535494,232.6821954
201000,53.18599838,0.344082984,232.6664032
201250,33.56299911,0.273726496,232.7071692
201500,32.20399948,0.30332599,232.6802417
201750,42.56199905,0.309279994,232.6660907
202000,42.69099884,0.365520489,232.7040735
202250,53.17399841,0.36913999,232.7131781
202500,36.55199883,0.381418989,232.6899457
202750,67.58599823,0.440800493,232.6960107
203000,61.94399902,0.442267995,232.6707709
203250,74.67499878,0.462208487,232.6761224
203500,74.67499878,0.462208487,232.6761224
203750,54.04999893,0.390186502,232.685426
204000,60.84499908,0.481726989,232.6886499
204250,88.47299744,0.530021484,232.696593
204500,76.12599945,0.530204488,232.648338
204750,87.72699799,0.527058495,232.6693384
205000,56.73199829,0.452763996,232.637196
205250,91.21899872,0.573151975,232.6503217
205500,86.23299713,0.512044483,232.6797015
205750,74.09399872,0.486254488,232.6754419
206000,81.95499817,0.596432991,232.685401
206250,115.5509967,0.679720974,232.6452246
206500,108.1869977,0.608999476,232.6568494
206750,103.7959973,0.607450001,232.6498578
207000,94.79699921,0.582480485,232.6522681
207250,98.3069989,0.576460485,232.6415076
207500,85.36299927,0.565589988,232.6327307
207750,100.8389963,0.617507491,232.6493054
208000,102.6669952,0.63430198,232.6549628
208250,117.4069977,0.682398486,232.6683295
208500,104.6229996,0.59681098,232.6453528
208750,106.7259961,0.616071489,232.6525525
209000,95.63699768,0.581392484,232.6452728
209250,104.8559967,0.630272982,232.6569208
209500,90.3459967,0.573764482,232.6716364
209750,108.0309985,0.667888987,232.6396021
210000,108.0309985,0.667888987,232.6396021
210250,92.16799835,0.518837992,232.6827783
210500,91.1239978,0.593563483,232.6371222
210750,93.45699615,0.548100996,232.6722827
211000,97.80099731,0.597281492,232.6616803
211250,59.6019986,0.391398989,232.7153381
211500,66.44599777,0.521520983,232.6613068
211750,86.64599792,0.533799984,232.7148584
212000,62.84599777,0.364524987,232.7387366
212250,48.67600006,0.383352482,232.6940222
212500,64.74300034,0.488368496,232.6936652
212750,80.07099854,0.51460748,232.671275
213000,63.54999908,0.405105988,232.694649
213250,68.20599762,0.488418486,232.6808649
213500,55.6649987,0.314945995,232.7072577
213750,37.36099861,0.333505989,232.6955847
214000,45.60299896,0.360946494,232.7278735
214250,55.18399857,0.420023488,232.6784595
214500,46.25999878,0.345429997,232.7021875
214750,61.01099854,0.475484993,232.6633405
215000,57.71899879,0.309803489,232.6874335
215250,35.25399895,0.312536993,232.7208582
215500,36.47399902,0.284132491,232.7024506
215750,46.0609993,0.423898988,232.7130035
216000,47.06399948,0.295394993,232.7122015
216250,41.22299911,0.377820489,232.6857819
216500,41.22299911,0.377820489,232.6857819
216750,39.08499809,0.259465992,232.7260278
217000,25.84799927,0.275764989,232.7086194
217250,26.77299934,0.232089492,232.7364923
217500,27.02899956,0.284499488,232.7319769
217750,30.29299942,0.232864991,232.6962323
218000,25.17799957,0.265242487,232.7460504
218250,29.3189994,0.252720997,232.7263538
218500,33.36199989,0.347074988,232.6686273
218750,37.30799873,0.270710992,232.7120099
219000,35.57800003,0.355184983,232.6681433
219250,40.71699951,0.270223488,232.7070087
219500,28.24099899,0.285188491,232.6980981
219750,28.20899895,0.237028493,232.7341797
220000,23.3609993,0.243061493,232.6903223
220250,28.08699989,0.27155899,232.718089
220500,29.52499924,0.26526049,232.6953394
220750,45.3359993,0.416131492,232.6677954
221000,59.20199814,0.335710993,232.6785211
221250,40.44799911,0.34341049,232.6904498
221500,43.75500031,0.299490495,232.713009
221750,36.79299881,0.384074481,232.7099139
222000,47.54399872,0.293870001,232.7334186
222250,49.58599907,0.471129988,232.6950189
222500,69.18699722,0.395565488,232.7056586
222750,46.53699936,0.427216496,232.7006598
223000,46.53699936,0.427216496,232.7006598
223250,67.64699677,0.463467993,232.6742316
223500,68.16499817,0.416600488,232.7062183
223750,61.23299942,0.471689488,232.664986
224000,82.39199951,0.52645699,232.6851709
224250,74.01299896,0.421455992,232.7070593
224500,57.6669986,0.433813484,232.6864185
224750,62.945,0.390908488,232.6944745
225000,54.79499802,0.42557549,232.7005225
225250,65.53399963,0.422016983,232.6730817
225500,57.88799911,0.40458349,232.6550421
225750,56.8199971,0.381373489,232.6707001
226000,55.44699814,0.442909997,232.6659308
226250,70.00899872,0.446259491,232.7076257
226500,60.92699875,0.377644488,232.7183716
226750,50.16599869,0.41284749,232.6647778
227000,65.24999817,0.460314987,232.6712891
227250,70.07799866,0.451500483,232.6686108
227500,64.03499847,0.442596496,232.6848499
227750,65.73599762,0.440039487,232.6732727
228000,58.3559993,0.383374492,232.7041772
228250,47.65399811,0.379010483,232.6809351
228500,59.27899796,0.41860049,232.6863123
228750,66.21399811,0.458448982,232.6408752
229000,70.79099701,0.456469494,232.6717694
229250,66.92199966,0.432022489,232.7046173
229500,66.92199966,0.432022489,232.7046173
229750,58.95399811,0.400955987,232.6470422
230000,63.93899857,0.472221987,232.6752637
230250,80.56699829,0.489466488,232.6459143
230500,71.9069989,0.428059992,232.6761688
230750,60.58499817,0.390877497,232.6842163
231000,59.37999908,0.421238488,232.6668988
231250,70.4119986,0.443535987,232.6688977
231500,64.44899841,0.408672489,232.6913556
231750,59.39599731,0.403433986,232.6891534
232000,69.40699951,0.421542495,232.6805945
232250,65.45299927,0.454098994,232.6883539
232500,82.3639978,0.494361485,232.6727869
232750,79.36100037,0.457477988,232.6425934
233000,66.42899719,0.419554992,232.6623047
233250,67.58999878,0.425440482,232.6643799
233500,70.93099945,0.443347993,232.6768732
233750,71.28999908,0.453664988,232.6763141
234000,77.71899872,0.468473991,232.691745
234250,74.45299896,0.443345485,232.682818
234500,71.01499969,0.440531479,232.6818427
234750,70.24999847,0.398244487,232.6829858
235000,60.40599915,0.399051989,232.6764014
235250,71.20299866,0.475537993,232.646969
235500,83.85599976,0.48428599,232.6806409
235750,73.23699768,0.431308494,232.6823682
236000,73.23699768,0.431308494,232.6823682
236250,79.77099854,0.478046486,232.6616583
236500,71.67599854,0.453660488,232.6614105
236750,79.84099915,0.487579494,232.6664996
237000,75.62899933,0.425136486,232.6491943
237250,62.64899902,0.426919986,232.672066
237500,83.76700012,0.511866987,232.6612903
237750,85.04399811,0.513621988,232.6831799
238000,92.83499878,0.572141478,232.6500037
238250,100.7159982,0.580554485,232.6633929
238500,90.66500092,0.505144979,232.6771552
238750,85.55799713,0.531605992,232.6853149
239000,86.20899963,0.506627479,232.6724847
239250,84.6919989,0.505968993,232.653562
239500,83.36899658,0.521180986,232.6764191
239750,93.79099579,0.589595492,232.6329706
240000,92.24399628,0.508440495,232.6898444
240250,84.79699768,0.537655985,232.6813776
240500,86.96499908,0.52401649,232.6700018
240750,89.08999817,0.524061983,232.6679291
241000,90.99699677,0.593909481,232.6404102
241250,100.9659985,0.606557,232.6358112
241500,101.2679974,0.586229475,232.6413306
241750,98.2389975,0.577478495,232.6302747
242000,103.6989978,0.623018482,232.6293927
242250,102.5309982,0.597800989,232.6148907
242500,102.5309982,0.597800989,232.6148907
242750,108.867998,0.645551977,232.632193
243000,117.1769974,0.673145964,232.6477606
243250,116.9619971,0.683642488,232.6075702
243500,118.8329953,0.661753469,232.5796985
243750,113.7499973,0.664305472,232.6266815
244000,125.8929987,0.747463486,232.6256885
244250,135.5659991,0.702060981,232.6366663
244500,117.6399973,0.676092477,232.6237415
244750,114.4869971,0.662947989,232.626311
245000,119.7609976,0.707434986,232.606275
245250,128.5359976,0.708832979,232.6137292
245500,125.2429968,0.696563985,232.6117303
245750,115.1049982,0.647425475,232.6338409
246000,123.911998,0.753741477,232.6012518
246250,131.8989981,0.683994496,232.6355127
246500,115.7539975,0.682073479,232.6481
246750,128.547998,0.737266483,232.6023389
247000,133.7439954,0.727916973,232.6202576
247250,138.6689978,0.784155462,232.6338013
247500,150.2939966,0.778376977,232.5816901
247750,143.1839984,0.773612971,232.6044727
248000,148.1619965,0.794030986,232.5978815
248250,160.8829956,0.837424984,232.5609961
248500,162.718996,0.793309476,232.5982111
248750,149.7289984,0.831011982,232.5874194
249000,149.7289984,0.831011982,232.5874194
249250,165.2889966,0.824125476,232.5984033
249500,157.5509943,0.81887049,232.5970105
249750,153.9439966,0.775931983,232.6284668
250000,147.7909961,0.808201478,232.6027478
250250,162.1669958,0.827547002,232.6124274
250500,160.1289972,0.804337986,232.597915
250750,156.0429962,0.815694985,232.5957556
251000,163.4069916,0.840912971,232.5972321
251250,166.4149988,0.847684958,232.5857385
251500,165.4789984,0.82800349,232.5803461
251750,164.7579962,0.847319984,232.5780676
252000,169.5189954,0.883838978,232.5923291
252250,185.0469977,0.921415973,232.5875055
252500,190.4930023,0.899034472,232.5703052
252750,172.2399933,0.88454746,232.5659766
253000,181.0889972,0.864839489,232.596507
253250,172.0019977,0.861825485,232.6014087
253500,171.318996,0.823421981,232.608819
253750,154.0999957,0.827392468,232.5937775
254000,165.222998,0.846974492,232.5971472
254250,165.9449982,0.851800468,232.5860504
254500,168.575993,0.845384481,232.6161896
254750,166.1369934,0.873084471,232.570603
255000,170.6199969,0.83561697,232.573562
255250,156.3909973,0.835234466,232.5632257
255500,156.3909973,0.835234466,232.5632257
255750,167.3349933,0.823999476,232.6239294
256000,154.1069983,0.780834484,232.6200848
256250,143.2949982,0.818659482,232.5922174
256500,167.4709979,0.834658983,232.604707
256750,161.0269983,0.840595982,232.6062683
257000,164.7979883,0.813751967,232.5802271
257250,144.2919958,0.725163965,232.6124554
257500,124.0759979,0.674864485,232.6428357
257750,119.4039957,0.692311974,232.638219
258000,126.2329968,0.705893486,232.6360651
258250,124.3789987,0.699049485,232.638985
258500,117.0809964,0.64561198,232.6558582
258750,105.5159967,0.643011987,232.6479248
259000,115.3689966,0.63516999,232.6590027
259250,103.9269986,0.565491982,232.624917
259500,86.54499908,0.530110991,232.6681055
259750,94.15099854,0.578675489,232.6603436
260000,100.3659973,0.623264492,232.6568268
260250,105.7559991,0.615865476,232.6371289
260500,97.29299896,0.559757988,232.6432977
260750,92.30499939,0.532095987,232.6331555
261000,79.03799805,0.466577488,232.678067
261250,77.7069986,0.470599484,232.6424426
261500,68.30899902,0.446402496,232.6714667
261750,69.31199707,0.428722486,232.6606982
262000,69.31199707,0.428722486,232.6606982
262250,64.07100021,0.421366491,232.6808661
262500,68.66799866,0.44382549,232.6802112
262750,57.70499908,0.344574487,232.7079132
263000,51.04899857,0.375537488,232.667002
263250,64.36799774,0.421230986,232.6658893
263500,62.05399826,0.38221699,232.6874426
263750,47.00499863,0.34366699,232.6924261
264000,57.76899887,0.393105494,232.6728918
264250,53.41599884,0.356535996,232.6986768
264500,45.80999847,0.332262993,232.7174402
264750,53.68099869,0.399823489,232.7117371
265000,63.09900024,0.444357989,232.683244
265250,73.49999817,0.472303989,232.6912915
265500,67.85199982,0.416589991,232.6932825
265750,51.31299866,0.353975991,232.7201849
266000,55.21599838,0.390464998,232.681217
266250,59.43099838,0.374181991,232.6985004
266500,45.1769989,0.306872494,232.6868585
266750,43.70699783,0.371174501,232.7061365
267000,63.80099823,0.450015491,232.6730811
267250,69.60599762,0.447288487,232.6906665
267500,61.97299835,0.418247492,232.6728961
267750,65.30599869,0.431828986,232.6933929
268000,66.6629985,0.439425991,232.6977008
268250,59.63499863,0.38344649,232.7040411
268500,59.63499863,0.38344649,232.7040411
268750,55.51499878,0.391842488,232.7030829
269000,61.13699844,0.450796986,232.702019
269250,73.91799835,0.507299479,232.6764722
269500,80.01599762,0.515187987,232.6912201
269750,84.79899872,0.560307484,232.6416681
270000,105.3059982,0.6776475,232.6125232
270250,125.754996,0.724172995,232.6441962
270500,125.1159988,0.710663991,232.6350842
270750,127.051998,0.726432488,232.6341632
271000,128.9449985,0.721346474,232.6018823
271250,132.3929962,0.713525476,232.6345221
271500,129.8189944,0.709157975,232.5974121
271750,131.9859967,0.762503469,232.5869934
272000,141.6199976,0.750671978,232.621947
272250,142.2989981,0.794420981,232.5970966
272500,148.482998,0.785964491,232.5709534
272750,160.4139972,0.862150977,232.5810095
273000,170.1059961,0.82805047,232.5864026
273250,168.7689972,0.876323469,232.5733722
273500,177.9929926,0.862735963,232.5820428
273750,173.398996,0.887380986,232.5964026
274000,181.9639978,0.890594466,232.5840179
274250,176.9149945,0.850961981,232.6002417
274500,170.697998,0.885040972,232.5808276
274750,183.022995,0.899310498,232.5760901
275000,183.022995,0.899310498,232.5760901
275250,174.9269971,0.856670489,232.5806201
275500,179.2079938,0.959807479,232.5898108
275750,202.5729974,0.946312485,232.5731378
276000,190.4139935,0.911397464,232.5636969
276250,187.0509985,0.91240449,232.5727222
276500,178.1149982,0.846899478,232.6155304
276750,174.4449988,0.929421973,232.5548273
277000,192.1449969,0.906402977,232.5760413
277250,179.9019952,0.926199465,232.5697766
277500,196.1850006,0.961442485,232.560827
277750,202.6609991,0.964085972,232.5562109
278000,199.9649976,0.971491973,232.5383209
278250,202.1359961,0.964734974,232.5533136
278500,199.7809955,0.962169495,232.580249
278750,193.9499994,0.949601467,232.5610077
279000,193.3259961,0.920107985,232.5729462
279250,184.2799963,0.909519973,232.5689301
279500,184.3599963,0.885218484,232.5838422
279750,169.6519965,0.832403479,232.583739
280000,159.3999963,0.81880697,232.6036975
280250,163.656991,0.865601492,232.5773712
280500,173.1289954,0.883037479,232.5918646
280750,171.3409967,0.833514478,232.5802124
281000,159.5570026,0.823617985,232.6196826
281250,159.7530017,0.821948967,232.6115045
281500,159.7530017,0.821948967,232.6115045
281750,166.0529974,0.880255978,232.5778992
282000,179.1419965,0.891608489,232.5929279
282250,175.5599957,0.888170483,232.5821387
282500,182.6079956,0.906473973,232.5938025
282750,184.0019977,0.894908485,232.5822162
283000,179.3950012,0.852421489,232.590506
283250,153.7759967,0.825716453,232.620752
283500,163.387995,0.825860975,232.6090027
283750,157.1409998,0.803973489,232.6016736
284000,147.1299957,0.789745975,232.6136029
284250,148.6469965,0.767360487,232.6031781
284500,142.8849963,0.757713492,232.594538
284750,139.6079938,0.755744977,232.6147516
285000,137.0859988,0.712114987,232.6200903
285250,125.3899966,0.705899966,232.6159149
285500,126.9829974,0.671141481,232.6436975
285750,111.9609982,0.656014979,232.6415295
286000,113.9339966,0.640512974,232.6560352
286250,103.1439969,0.611072984,232.6531708
286500,101.367998,0.577426486,232.6413885
286750,87.1639978,0.498149993,232.6835553
287000,76.1019989,0.46686149,232.6826331
287250,70.85899902,0.447192988,232.6551489
287500,67.99899857,0.439293994,232.6701556
287750,65.81099884,0.43040949,232.6565533
288000,65.81099884,0.43040949,232.6565533
288250,55.78999847,0.382139497,232.7009967
288500,49.75699844,0.345095989,232.7159711
288750,49.42099869,0.358476992,232.6863141
289000,55.42999817,0.36232699,232.70065
289250,41.7309993,0.291298493,232.7140088
289500,34.61099945,0.283774493,232.7202954
289750,34.6059996,0.281211995,232.7144275
290000,34.73799835,0.280777489,232.7113068
290250,34.5179985,0.277741493,232.7175458
290500,34.2059993,0.275797495,232.6779773
290750,32.49799911,0.279036001,232.6908594
291000,34.87599838,0.288141987,232.6981146
291250,38.75499878,0.303498492,232.6691559
291500,35.38099991,0.296116996,232.6861841
291750,44.0119989,0.311350495,232.686723
292000,36.07699921,0.299430996,232.6890417
292250,41.37399811,0.322791996,232.6932983
292500,44.25799957,0.400467486,232.6544324
292750,72.80299744,0.489596988,232.6483783
293000,73.16799835,0.451609989,232.6704004
293250,69.42699829,0.458563994,232.6924524
293500,75.41399811,0.487001988,232.6670502
293750,76.00999847,0.461704985,232.6631073
294000,74.41599915,0.485678482,232.6446661
294250,77.92999908,0.495782992,232.6432416
294500,77.92999908,0.495782992,232.6432416
294750,85.71999847,0.525649493,232.6516583
295000,80.45299805,0.48062598,232.6768182
295250,71.75499786,0.450255487,232.666012
295500,70.66999878,0.457985986,232.6831616
295750,68.54199799,0.458596983,232.6469788
296000,81.36299805,0.500858989,232.6513702
296250,70.17199921,0.439689486,232.6639954
296500,73.07299866,0.532243984,232.6628735
296750,98.72299835,0.593673985,232.6219464
297000,90.66300079,0.528972974,232.6507361
297250,84.78200043,0.506050986,232.6360815
297500,80.44899872,0.490347984,232.6833551
297750,71.61899963,0.469351994,232.6518024
298000,86.99699707,0.593621485,232.6407562
298250,100.6239984,0.578681476,232.6380176
298500,94.46299561,0.571472478,232.6309821
298750,91.27099518,0.528356485,232.6595856
299000,83.41200012,0.516553988,232.6383942
299250,88.99799683,0.564782984,232.6168311
299500,88.7619986,0.517298989,232.6513452
299750,86.28299835,0.542485988,232.6665619
300000,90.50499756,0.539866486,232.6586096
300250,87.38699768,0.562296989,232.6547388
300500,100.2949985,0.610216496,232.6565125
300750,105.2629993,0.618903482,232.6490021
301000,105.2629993,0.618903482,232.6490021
301250,100.5899994,0.613832996,232.6566986
301500,111.5829965,0.673709486,232.6238892
301750,116.6079956,0.660613983,232.6755701
302000,116.9789948,0.695412471,232.6405927
302250,122.5609955,0.659970994,232.6431763
302500,127.5999973,0.788978984,232.6104584
302750,149.7539978,0.78883297,232.6273138
303000,155.8629956,0.836133986,232.5937958
303250,162.8029974,0.807852476,232.6185809
303500,157.4869922,0.828200977,232.5938507
303750,163.3650006,0.845722973,232.5895868
304000,169.317998,0.854757979,232.5538989
304250,159.6739966,0.807382984,232.5836505
304500,153.2980005,0.85177449,232.6047559
304750,172.0249951,0.823872976,232.6199719
305000,166.4189972,0.894211464,232.5745129
305250,184.6149963,0.904199476,232.5692267
305500,187.4009949,0.93391598,232.5785065
305750,189.7840021,0.902421978,232.5920276
306000,176.2589978,0.86175848,232.6004901
306250,176.0030005,0.906151476,232.5859723
306500,186.0049969,0.880366969,232.5942584
306750,180.0809967,0.919419475,232.5813953
307000,189.8719958,0.901448486,232.5828668
307250,178.9749982,0.911880977,232.575249
307500,178.9749982,0.911880977,232.575249
307750,187.1199982,0.888334472,232.58513
308000,175.1999945,0.880631478,232.5805292
308250,176.1520001,0.873611484,232.6005365
308500,174.8449957,0.859800467,232.6142157
308750,168.153999,0.837798471,232.6020099
309000,171.6019989,0.881017478,232.5876093
309250,177.9459924,0.859574971,232.5768817
309500,169.1529944,0.863436477,232.5828577
309750,179.4439984,0.869265966,232.5815051
310000,165.6659955,0.832697966,232.5756683
310250,162.6189984,0.81642447,232.5886444
310500,153.728999,0.793617978,232.6079218
310750,155.2799988,0.802753966,232.5821924
311000,153.5249951,0.79378247,232.5960748
311250,144.3329944,0.772598984,232.6179706
311500,146.4749951,0.776422985,232.5934601
311750,146.7499969,0.793054485,232.5866742
312000,154.8489972,0.787486491,232.6039392
312250,146.5119977,0.761892991,232.5909076
312500,138.1059967,0.76985498,232.6109784
312750,145.9699982,0.781627471,232.6091388
313000,148.8709961,0.779606485,232.606424
313250,141.8619958,0.761444499,232.6212195
313500,141.4019965,0.751796465,232.6185925
313750,139.9089941,0.758262479,232.6066931
314000,139.9089941,0.758262479,232.6066931
314250,140.775,0.734488487,232.6180908
314500,123.5249969,0.679315495,232.612171
314750,115.5489981,0.662776489,232.6038733
315000,111.7719986,0.632837489,232.6219391
315250,97.42799835,0.59106848,232.6471539
315500,98.14099396,0.605271993,232.6483789
315750,107.1639972,0.61733798,232.6382495
316000,102.8369965,0.599853487,232.6516187
316250,100.6799982,0.577342477,232.6810095
316500,103.8959967,0.649966471,232.6398254
316750,116.5589975,0.659277985,232.6451709
317000,95.75599792,0.562556493,232.6469061
317250,96.38899872,0.590884972,232.6528094
317500,96.53499695,0.570853484,232.6422644
317750,95.36899872,0.544527483,232.6366742
318000,84.45700043,0.501335998,232.6457635
318250,79.99499817,0.507233994,232.6582434
318500,79.77499756,0.490699985,232.6661151
318750,75.32799835,0.490790493,232.6654895
319000,84.93899872,0.511465491,232.6834796
319250,67.51099869,0.422208985,232.6674335
319500,68.90499786,0.438189986,232.6696014
319750,59.23399948,0.378154485,232.670321
320000,59.22099899,0.390891986,232.6877283
320250,52.85199799,0.330398991,232.6532349
320500,52.85199799,0.330398991,232.6532349
320750,46.65399857,0.344875493,232.6775128
321000,49.40299911,0.365709494,232.6593958
321250,56.5019989,0.362245493,232.6525055
321500,47.61899918,0.34283399,232.6693951
321750,56.27699905,0.403945485,232.6627075
322000,51.37199966,0.322882489,232.6744672
322250,45.89099899,0.348418497,232.668042
322500,49.9069989,0.32973599,232.6891705
322750,43.29299911,0.324861499,232.6654449
323000,53.70499878,0.391512492,232.6299524
323250,61.96099792,0.411201985,232.6329456
323500,58.69699814,0.38236149,232.6649957
323750,52.85999847,0.364860483,232.6746014
324000,60.69999878,0.43972949,232.6675452
324250,70.34499756,0.456940991,232.6478271
324500,69.03099792,0.423341981,232.643114
324750,64.0979982,0.460451481,232.6548761
325000,82.9969986,0.556221986,232.644964
325250,79.67499695,0.413517489,232.6616101
325500,58.8929985,0.452663991,232.6606274
325750,73.68599915,0.481983982,232.6545605
326000,80.51599823,0.51286799,232.6592603
326250,79.96699829,0.515632991,232.6520728
326500,82.0859967,0.494392486,232.6638257
326750,76.70999969,0.464782491,232.6551855
327000,76.70999969,0.464782491,232.6551855
327250,72.68799988,0.482065486,232.6764429
327500,80.56599976,0.546506481,232.6401129
327750,85.22599854,0.512770991,232.6487927
328000,82.9419986,0.528625485,232.6359698
328250,86.6019986,0.528293493,232.6598901
328500,88.43799927,0.553528981,232.6490179
328750,99.87300079,0.612370479,232.6759711
329000,104.4549985,0.631616995,232.6171161
329250,99.69799622,0.566813481,232.6377887
329500,102.5469958,0.646431487,232.6297437
329750,113.1329977,0.656783476,232.6492822
330000,113.7719986,0.632075479,232.6460126
330250,108.4529965,0.644833486,232.6546918
330500,113.1019977,0.669632981,232.634563
330750,117.2559967,0.667759991,232.6528583
331000,118.6619977,0.708140993,232.6499768
331250,128.7069958,0.681713495,232.6326569
331500,116.0939975,0.679663477,232.6372418
331750,131.4099979,0.772960479,232.6060181
332000,150.5659967,0.782327981,232.6192755
332250,145.6219952,0.780638981,232.590611
332500,149.0469952,0.775498476,232.6043433
332750,146.9099969,0.77795548,232.6392657
333000,143.7019952,0.758245485,232.6201123
333250,148.532995,0.830210483,232.6019861
333500,148.532995,0.830210483,232.6019861
333750,171.531994,0.850163479,232.5917944
334000,165.1629968,0.828593984,232.6086975
334250,161.1309985,0.808303981,232.6211786
334500,161.8149957,0.862716978,232.6100757
334750,174.121991,0.856007471,232.5914905
335000,176.1769916,0.917566965,232.5699786
335250,192.1139996,0.90106499,232.5874036
335500,176.4389984,0.852032976,232.6094348
335750,172.7369836,0.907331977,232.5985144
336000,193.0319971,0.926334472,232.5812433
336250,191.0259973,0.902430453,232.5888092
336500,183.018996,0.916367474,232.5355243
336750,195.3299994,0.925029974,232.5425299
337000,189.1169946,0.907163479,232.5763147
337250,187.5789948,0.944577971,232.5632239
337500,202.9369934,0.955568495,232.5717542
337750,197.0869946,0.942827957,232.5390662
338000,192.2799976,0.891754978,232.5922894
338250,177.1679956,0.898362987,232.6068518
338500,188.7039954,0.903178463,232.5889465
338750,178.7409998,0.865261486,232.5863965
339000,173.8799908,0.887026474,232.5796906
339250,186.5099951,0.905827484,232.5793304
339500,182.138996,0.860923486,232.58508
339750,167.8919958,0.858553479,232.5621478
340000,167.8919958,0.858553479,232.5621478
340250,178.5059906,0.883363962,232.5479156
340500,178.3799957,0.874917986,232.5710992
340750,168.3949915,0.820971978,232.5545941
341000,158.1709985,0.812992983,232.5825464
341250,163.376994,0.844989491,232.5859216
341500,168.9539984,0.84355098,232.5660504
341750,164.0539972,0.812905481,232.5909137
342000,147.3819958,0.783234484,232.6202844
342250,147.0729962,0.77423398,232.6238086
342500,142.0259943,0.760504975,232.5953302
342750,136.6839948,0.735322978,232.6330579
343000,131.4899982,0.71555047,232.6052173
343250,132.2299963,0.748003983,232.6065009
343500,141.2449976,0.751804485,232.5809442
343750,133.9029962,0.727173979,232.6362738
344000,131.3719958,0.725400486,232.6111719
344250,127.7189926,0.703742988,232.622298
344500,112.1969962,0.613355484,232.6489856
344750,94.30699707,0.543497977,232.6421942
345000,96.26599701,0.580637486,232.6188422
345250,92.88299805,0.572710481,232.6594983
345500,92.28499664,0.531351483,232.6631458
345750,88.5559964,0.568678987,232.6363446
346000,97.12899811,0.618644989,232.6262415
346250,107.6089984,0.610841982,232.6422089
346500,107.6089984,0.610841982,232.6422089
346750,95.22399841,0.549885478,232.6443463
347000,92.11099792,0.562727988,232.6570154
347250,91.37699921,0.532481484,232.668761
347500,82.78799866,0.468014485,232.6905695
347750,54.26199905,0.364096986,232.6913837
348000,60.32999908,0.431896492,232.690882
348250,60.51699799,0.40565949,232.6789355
348500,69.39099854,0.44797449,232.6651453
348750,58.9009996,0.396568493,232.665329
349000,68.40499786,0.465108982,232.6642889
349250,72.64799927,0.449371989,232.6443719
349500,71.945,0.466323487,232.6734589
349750,69.39899811,0.408659984,232.6605707
350000,54.43099915,0.367151498,232.6638342
350250,55.49199875,0.396102498,232.64849
350500,59.6229985,0.371978987,232.6619867
350750,54.68799881,0.382817488,232.6721558
351000,53.5179982,0.357068489,232.6870599
351250,47.61999924,0.329443493,232.6656982
351500,46.71199844,0.331142999,232.6746466
351750,43.39199829,0.32331249,232.6731775
352000,52.63499969,0.401261495,232.6471448
352250,62.04399857,0.397461488,232.6825708
352500,62.82999802,0.405857996,232.6623798
352750,51.33799866,0.341769992,232.6936108
353000,51.33799866,0.341769992,232.6936108
353250,53.79999863,0.384877493,232.6718427
353500,62.32799744,0.437197485,232.6832971
353750,64.2219989,0.420327495,232.6782745
354000,71.94899933,0.462688987,232.6605457
354250,66.1219986,0.405975494,232.6705719
354500,50.99699921,0.325904988,232.7102032
354750,49.87699844,0.383567997,232.6535229
355000,51.3359996,0.340924995,232.6637061
355250,50.67399887,0.370406489,232.6658813
355500,56.77599762,0.39938949,232.6549597
355750,67.34099731,0.466183482,232.6587701
356000,67.57199951,0.393130494,232.6922327
356250,59.56599869,0.431438985,232.6982025
356500,66.07499847,0.373899486,232.6665802
356750,58.56899902,0.437079983,232.6534674
357000,65.33699844,0.430361489,232.6562878
357250,75.34299866,0.500421488,232.6693317
357500,85.35599823,0.541112001,232.6453925
357750,81.56799957,0.458733981,232.6562823
358000,68.89099792,0.424606485,232.6783142
358250,59.8369986,0.407364498,232.685036
358500,63.23699799,0.422860984,232.6706915
358750,71.54599945,0.466330491,232.6781946
359000,75.41799927,0.503072488,232.6590021
359250,87.32599792,0.554209483,232.6488757
359500,87.32599792,0.554209483,232.6488757
359750,88.05099823,0.542990482,232.6493372
360000,93.43499878,0.596149492,232.6619922
360250,99.56799927,0.567908981,232.6667694
360500,90.32700012,0.532705982,232.660025
360750,87.20799805,0.515419992,232.66198
361000,91.0039975,0.633692987,232.6192804
361250,109.3809979,0.59991097,232.6495691
361500,103.4189975,0.639296992,232.639209
361750,108.7619977,0.588764477,232.6579315
362000,99.55399933,0.611337488,232.6323059
362250,107.5109995,0.625397973,232.6098407
362500,103.4719962,0.598352482,232.6478424
362750,103.3939972,0.627642972,232.6500525
363000,105.1739978,0.613975978,232.651969
363250,102.8759979,0.645162492,232.6324683
363500,113.8459967,0.639722481,232.6353467
363750,113.4119974,0.665132475,232.6185846
364000,117.4469968,0.654065483,232.6165448
364250,112.8829977,0.668548975,232.5994031
364500,119.932995,0.676980991,232.6355389
364750,115.6999969,0.659985983,232.6522113
365000,114.1179974,0.64214848,232.6062347
365250,119.2459955,0.741404481,232.5942584
365500,141.027998,0.755107992,232.5977057
365750,135.3279974,0.755753469,232.6350104
366000,135.3279974,0.755753469,232.6350104
366250,143.1189954,0.77580899,232.6120593
366500,152.9759985,0.822620478,232.606084
366750,162.2039966,0.786529491,232.5805963
367000,143.4239929,0.801622481,232.5925543
367250,160.357995,0.818815968,232.5882275
367500,165.0399982,0.860539982,232.5904828
367750,181.6489948,0.940115471,232.5354089
368000,195.9649994,0.897384987,232.5894586
368250,172.1029987,0.843374496,232.5559302
368500,168.6909955,0.885336986,232.5467462
368750,187.2589929,0.89322046,232.5303455
369000,179.5599982,0.886112981,232.5577875
369250,183.8319965,0.919754477,232.5695947
369500,194.5279968,0.933459961,232.5647699
369750,195.7149951,0.95356148,232.5407709
370000,201.8429938,0.909986982,232.5491449
370250,170.7119952,0.902770469,232.5360419
370500,199.0539948,0.967389472,232.5320667
370750,199.7429944,0.941061969,232.5582971
371000,193.6959961,0.922250979,232.5685211
371250,182.6549957,0.865190978,232.5464966
371500,167.6489923,0.85862648,232.5827783
371750,181.5159894,0.929723477,232.5638501
372000,198.258996,0.947368464,232.5292188
372250,196.3859888,0.936360979,232.5380591
372500,196.3859888,0.936360979,232.5380591
372750,193.9379999,0.946108453,232.5170758
373000,201.4079993,0.953073471,232.547193
373250,198.3919958,0.956575973,232.5607233
373500,200.523996,0.959008474,232.5714417
373750,203.4739978,0.974578469,232.546947
374000,210.9829944,1.01017148,232.5538824
374250,211.812995,0.976769457,232.525296
374500,200.8299963,0.942357488,232.5419611
374750,187.5219965,0.913946965,232.5505292
375000,189.7279944,0.913451481,232.5566187
375250,182.2809979,0.882682478,232.549201
375500,178.4820044,0.88133749,232.5722095
375750,167.7799988,0.809583488,232.5761224
376000,153.3409955,0.807124977,232.5880334
376250,164.3479932,0.839522984,232.5649536
376500,166.9269934,0.84170248,232.5742395
376750,165.6359985,0.829195971,232.5724176
377000,158.0649939,0.802645476,232.5915466
377250,150.2009985,0.792636986,232.5745056
377500,147.1609967,0.764810505,232.5921045
377750,145.9919977,0.76634197,232.6027386
378000,136.902998,0.741126487,232.5933698
378250,140.1579968,0.750085495,232.5805304
378500,132.7979962,0.696744995,232.6098486
378750,119.8929977,0.661189477,232.6366589
379000,119.8929977,0.661189477,232.6366589
379250,108.4969974,0.586849492,232.629668
379500,104.3539978,0.646440487,232.6245148
379750,112.0239966,0.643227985,232.64617
380000,103.7469977,0.577190483,232.6257074
380250,92.9889975,0.567664983,232.6291046
380500,91.70999786,0.527955484,232.6636047
380750,77.08999908,0.466640985,232.6777704
381000,69.7719989,0.441245987,232.6544434
381250,61.07599869,0.367907993,232.6950024
381500,45.64399933,0.323830489,232.666189
381750,51.79199829,0.399309489,232.6758099
382000,55.25499939,0.352829992,232.6716278
382250,45.66899826,0.330884486,232.66461
382500,51.36299881,0.353613486,232.6659521
382750,46.43699829,0.306288495,232.6786658
383000,36.5909996,0.290024992,232.6873309
383250,37.66999939,0.292350998,232.7040991
383500,37.87299896,0.299231994,232.6948413
383750,39.31499802,0.295243995,232.6926862
384000,37.25899857,0.291107489,232.6909143
384250,39.75099976,0.315162495,232.6857855
384500,42.93000015,0.303380992,232.7074738
384750,37.06499939,0.28970399,232.6747577
385000,37.44699966,0.289685496,232.6816901
385250,36.6159996,0.295104991,232.6554205
385500,36.6159996,0.295104991,232.6554205
385750,39.82699829,0.308243495,232.6757959
386000,41.0069986,0.297680496,232.6769305
386250,37.81499893,0.30008749,232.6874884
386500,38.83099991,0.299390988,232.66966
386750,38.80999786,0.291371495,232.7064508
387000,34.65899918,0.291391495,232.6922247
387250,38.53699921,0.302033498,232.7038995
387500,41.0119989,0.303751994,232.6953778
387750,38.40899857,0.292657493,232.7049933
388000,36.0769989,0.28580099,232.6912256
388250,36.19699982,0.288674992,232.6807318
388500,36.60100098,0.291824497,232.6854584
388750,36.84599884,0.292468995,232.7000177
389000,36.35899811,0.288479991,232.6893524
389250,37.38199966,0.287500496,232.6865881
389500,36.06899933,0.304227996,232.6766589
389750,40.2469989,0.304641987,232.694353
390000,40.49799911,0.292061992,232.7006824
390250,35.08499954,0.292741488,232.6812183
390500,38.13599899,0.300074494,232.6683459
390750,39.6119986,0.294615494,232.7140186
391000,34.67299957,0.284489996,232.6809772
391250,36.16099945,0.286173995,232.6944495
391500,36.00899902,0.290809488,232.6707556
391750,35.43499908,0.288931994,232.6893079
392000,35.43499908,0.288931994,232.6893079
392250,36.72900085,0.288187488,232.681347
392500,35.91300018,0.28989549,232.6678094
392750,37.65999954,0.288491496,232.6805756
393000,34.53499985,0.291649489,232.6782184
393250,37.02999954,0.290478994,232.6808411
393500,37.37799911,0.289029486,232.6872668
393750,34.71299973,0.289092993,232.7169885
394000,37.71399857,0.295526993,232.6947198
394250,39.50499954,0.312894992,232.6905072
394500,49.58599899,0.535234994,232.6474561
394750,111.5439972,0.612515481,232.6387714
395000,104.4039969,0.615325975,232.6407233
395250,106.3990027,0.595967988,232.638316
395500,76.44499939,0.423357488,232.6814337
395750,58.99699936,0.466765488,232.6554987
396000,92.17499939,0.669714992,232.6287219
396250,134.1329962,0.73800148,232.6116742
396500,139.103999,0.763125973,232.5830994
396750,146.5509973,0.807296972,232.5889789
397000,158.5109943,0.791618984,232.6051929
397250,140.8359967,0.753837497,232.6201239
397500,143.2729993,0.800367498,232.5543549
397750,157.863996,0.817730985,232.5836981
398000,161.0209955,0.819750476,232.5989227
398250,160.5549933,0.82685699,232.5977631
398500,160.5549933,0.82685699,232.5977631
398750,162.0519977,0.844235473,232.5778638
399000,177.512995,0.870806479,232.5822095
399250,175.7149939,0.876863973,232.5698016
399500,178.0359973,0.887504461,232.5878888
399750,185.7500012,0.916734469,232.5676685
400000,189.1310022,0.930572987,232.5597382
400250,197.7029993,0.966749964,232.553457
400500,205.3719958,0.966469972,232.5420074
400750,201.2809955,0.973029494,232.5555695
401000,215.0639917,1.01343297,232.5463544
401250,194.8049951,0.881448479,232.5608685
401500,158.4949982,0.781945472,232.5962738
401750,143.2109973,0.777409477,232.604339
402000,153.653999,0.870311475,232.5661786
402250,199.6919958,0.993798473,232.5328735
402500,219.8319946,1.061317978,232.5125616
402750,228.5139929,1.063592477,232.5192126
403000,229.5649939,1.063174963,232.5414587
403250,226.3789941,1.05944396,232.5229919
403500,227.4759985,1.06102797,232.5417633
403750,228.9319934,1.059394484,232.5218915
404000,226.0979956,1.065871978,232.5167853
404250,231.3749994,1.078822489,232.5234912
404500,225.8759985,1.034472475,232.5274182
404750,216.4579938,1.00265198,232.5397791
405000,216.4579938,1.00265198,232.5397791
405250,218.1660004,1.046346483,232.5391687
405500,216.2279968,1.006558492,232.5287708
405750,223.8309979,1.070538478,232.500968
406000,227.5959912,1.061025491,232.534386
406250,224.7849951,1.045811467,232.520459
406500,228.94599,1.062179976,232.5476434
406750,224.030993,1.048765974,232.5502979
407000,217.172998,0.989465978,232.5486816
407250,204.491994,0.954769979,232.5383612
407500,191.027998,0.913317983,232.5817615
407750,186.5249915,0.90414948,232.565321
408000,186.9549963,0.907744975,232.5676361
408250,184.9599951,0.892336481,232.5797955
408500,177.1869971,0.854284472,232.5685999
408750,172.251994,0.878939476,232.5594409
409000,178.8249969,0.870713987,232.5810266
409250,170.2839935,0.829597473,232.5872687
409500,162.7219971,0.837578964,232.55492
409750,164.7999878,0.820571485,232.5738116
410000,163.8729956,0.85892298,232.580708
410250,164.5089948,0.784580979,232.5903375
410500,145.1659973,0.780032463,232.5902246
410750,141.4039948,0.736170976,232.5839087
411000,133.107998,0.727508976,232.58841
411250,120.1699979,0.631175489,232.6237158
411500,120.1699979,0.631175489,232.6237158
411750,110.0409982,0.691117475,232.6173694
412000,126.4359985,0.656901982,232.60052
412250,117.1589963,0.69096499,232.6448907
412500,118.0699957,0.633640468,232.6440045
412750,102.9629977,0.610900486,232.6443872
413000,98.72499878,0.585131483,232.6552667
413250,94.96999786,0.570515482,232.6207074
413500,88.84599823,0.51525298,232.6486658
413750,83.55699829,0.535608475,232.6269476
414000,91.12699463,0.532970991,232.6468341
414250,82.19599701,0.496233988,232.6574963
414500,82.8589978,0.52417399,232.6262836
414750,69.00700027,0.399387491,232.6821832
415000,46.90099823,0.379215994,232.6877222
415250,65.63799896,0.443192993,232.6537787
415500,67.87099915,0.44607349,232.6605542
415750,61.73199768,0.384694993,232.6552808
416000,53.63199829,0.386165991,232.6587604
416250,58.64799789,0.396642992,232.6483374
416500,56.78999817,0.359875491,232.661618
416750,48.7419986,0.343668488,232.6948016
417000,49.93800018,0.328267493,232.6741779
417250,41.14599823,0.309749494,232.7010889
417500,38.52799911,0.295500993,232.7111707
417750,37.75499954,0.288047991,232.6959546
418000,37.75499954,0.288047991,232.6959546
418250,36.54399963,0.296977992,232.7059387
418500,37.9109993,0.297134993,232.7068256
418750,40.42799881,0.291786491,232.6848486
419000,35.93499939,0.29879449,232.6828345
419250,38.3109996,0.295806496,232.6950684
419500,38.85199799,0.292671486,232.6740881
419750,37.55999908,0.309599495,232.6899854
420000,40.76499893,0.29586799,232.6769543
420250,37.44599991,0.293492489,232.6959943
420500,36.91499893,0.290561991,232.6985364
420750,36.79999924,0.287678,232.6926984
421000,36.79999924,0.28928099,232.6785693
421250,36.55499924,0.287700493,232.6710486
421500,34.90599945,0.286932992,232.6897589
421750,36.68499939,0.293790487,232.6914819
422000,39.03399796,0.300107995,232.7050574
422250,38.08199875,0.300646995,232.6856818
422500,37.90599899,0.297783494,232.6603247
422750,39.40199936,0.305568994,232.6767383
423000,39.68999847,0.308348489,232.6741217
423250,39.87600037,0.294754494,232.6690765
423500,36.63199966,0.288550493,232.6879938
423750,36.1009993,0.293211488,232.6735919
424000,38.57099823,0.293015493,232.688811
424250,39.89699951,0.314990996,232.6851434
424500,39.89699951,0.314990996,232.6851434
424750,42.2140004,0.301590992,232.6795294
425000,36.9509993,0.289938997,232.6905457
425250,42.59799957,0.386884998,232.6615698
425500,68.9729982,0.46529999,232.6381689
425750,68.5019986,0.456382488,232.660116
426000,72.51899902,0.453740982,232.669458
426250,65.17999878,0.420875497,232.6770923
426500,67.1089975,0.448550491,232.6562817
426750,71.87899887,0.441695981,232.6515149
427000,62.34499863,0.437533494,232.6521527
427250,73.67799866,0.526336994,232.6357623
427500,95.33299896,0.575810993,232.623161
427750,100.2109967,0.61218848,232.6292291
428000,110.7409982,0.628590982,232.6357306
428250,91.23599854,0.511975489,232.665412
428500,77.68599762,0.496223485,232.6575873
428750,76.19399841,0.471063485,232.6528101
429000,73.51299896,0.503996981,232.6554584
429250,89.76699829,0.59350498,232.6285223
429500,109.7789978,0.639365497,232.6318805
429750,100.2899963,0.576633983,232.6414404
430000,105.0019986,0.653449478,232.6119629
430250,109.628999,0.630746479,232.6290247
430500,105.7359979,0.647848485,232.6354181
430750,118.1689975,0.651803982,232.6280023
431000,118.1689975,0.651803982,232.6280023
431250,110.514996,0.634452984,232.6244427
431500,116.2469971,0.674851489,232.6209772
431750,112.8059967,0.635914481,232.666076
432000,115.9889963,0.700786972,232.6306586
432250,125.7809982,0.699084489,232.6208185
432500,129.5439969,0.716656992,232.6071442
432750,135.6289978,0.753458982,232.6076251
433000,136.6749976,0.730978475,232.5874182
433250,138.2949963,0.755856979,232.5727716
433500,132.1689999,0.705316479,232.6332013
433750,138.472998,0.786281481,232.604826
434000,142.9619965,0.729935982,232.5983545
434250,134.1859985,0.73827148,232.6032648
434500,156.9019958,0.874632478,232.5785449
434750,176.6779962,0.869732466,232.5549847
435000,179.1359961,0.878794982,232.5546021
435250,171.6029968,0.842685988,232.584538
435500,171.7239984,0.873357985,232.5713306
435750,182.503996,0.88750849,232.5610339
436000,186.7539954,0.946165979,232.5682477
436250,194.0289941,0.900229473,232.5603058
436500,177.702995,0.876955972,232.5496429
436750,186.747995,0.947201982,232.5300751
437000,203.1849982,0.965300984,232.5349231
437250,207.4869983,1.000849471,232.5234576
437500,207.4869983,1.000849471,232.5234576
437750,210.9949951,0.970048981,232.5271954
438000,200.042995,0.967722983,232.5016669
438250,213.9659949,1.037649484,232.5416504
438500,218.3249963,0.999269493,232.564129
438750,209.6989935,1.003605976,232.5566809
439000,204.1789996,0.925867486,232.5724597
439250,201.3819989,0.997367482,232.5328595
439500,213.436994,1.024249477,232.5215228
439750,220.447995,1.027235961,232.5277698
440000,212.9209991,0.972774968,232.5490991
440250,196.5289966,0.935765977,232.5547137
440500,203.0709961,0.999975469,232.5404834
440750,208.6369958,0.949898474,232.567514
441000,193.7929956,0.923936965,232.5750586
441250,192.4379999,0.924565485,232.5809222
441500,198.0449988,0.973242488,232.5543121
441750,199.8309961,0.912806473,232.5394269
442000,181.4089984,0.896823478,232.5950757
442250,187.9369971,0.924407461,232.5426892
442500,187.0929938,0.866981988,232.5676276
442750,172.6039978,0.899954472,232.5409247
443000,190.6149933,0.907455962,232.552746
443250,187.0299969,0.904348476,232.552027
443500,172.6709955,0.802630992,232.5844995
443750,144.8729962,0.789810488,232.5845679
444000,144.8729962,0.789810488,232.5845679
444250,162.6009991,0.857795486,232.5818988
444500,177.0620099,0.875386477,232.5803076
444750,175.4839966,0.833305979,232.5581293
445000,157.5509967,0.817399483,232.5752716
445250,162.0119977,0.802269468,232.5711121
445500,152.7409973,0.799177489,232.6130341
445750,159.7879974,0.828098478,232.6052258
446000,160.176994,0.790486965,232.6095441
446250,147.9909949,0.788618479,232.6055035
446500,151.593996,0.777116477,232.5920343
446750,143.048999,0.750816479,232.6076251
447000,132.7419962,0.729915991,232.5826422
447250,132.5639954,0.719227495,232.6206744
447500,123.4669974,0.677579477,232.6031775
447750,114.6579956,0.639255984,232.6282513
448000,104.485997,0.494973499,232.6379321
448250,62.66399933,0.535399984,232.6407635
448500,98.21699677,0.581689982,232.6552344
448750,97.44099762,0.598181481,232.6564972
449000,98.12299805,0.566791482,232.6777484
449250,83.53399933,0.516553488,232.6502826
449500,85.52699799,0.500702497,232.6684418
449750,71.44300049,0.456500984,232.6863629
450000,70.125,0.440646986,232.6542841
450250,69.03999847,0.459103984,232.6710675
450500,69.03999847,0.459103984,232.6710675
450750,72.29499756,0.466469991,232.6618127
451000,65.12399994,0.408678987,232.6752582
451250,49.13199875,0.317121493,232.6916571
451500,41.44899826,0.331151493,232.6802814
451750,51.66299866,0.380763994,232.6702179
452000,58.88499741,0.42271598,232.6826251
452250,70.9119989,0.414829992,232.6755054
452500,41.83299896,0.316810492,232.6874738
452750,43.10700012,0.312965487,232.6764417
453000,39.84799927,0.293845991,232.6847559
453250,35.72399902,0.286716497,232.6806915
453500,36.23299988,0.287701991,232.6805945
453750,35.0509993,0.287024493,232.6863141
454000,37.63299957,0.290957991,232.6814178
454250,36.79999924,0.27966249,232.743988
454500,39.85899857,0.30302599,232.7104175
454750,40.84099838,0.292899492,232.6944409
455000,34.97799927,0.29018299,232.7107483
455250,36.8269989,0.293024493,232.69896
455500,39.43899948,0.301887994,232.6782928
455750,38.22799973,0.304352994,232.6696631
456000,40.18200027,0.298266991,232.7034827
456250,39.17399948,0.332567489,232.6963708
456500,53.41499939,0.374868492,232.6771124
456750,44.46399857,0.298285497,232.6839923
457000,44.46399857,0.298285497,232.6839923
457250,36.77499954,0.30566049,232.690025
457500,44.95499893,0.338048986,232.7018115
457750,45.90099915,0.311241492,232.6833215
458000,37.90499817,0.297878984,232.6886023
458250,43.63999893,0.319976991,232.6923932
458500,38.21799896,0.294344991,232.6957611
458750,37.38799957,0.293388487,232.6807941
459000,38.0569986,0.29562999,232.7099054
459250,37.83399841,0.301295986,232.703562
459500,40.54099991,0.292005993,232.677251
459750,37.85099915,0.318051494,232.6864362
460000,47.69899872,0.351481996,232.6837524
460250,51.39999863,0.353733492,232.6842883
460500,52.4009993,0.373062497,232.6895135
460750,44.91699966,0.326929491,232.7119806
461000,55.71899857,0.404494491,232.6858258
461250,58.39399857,0.395017496,232.6868488
461500,58.06799881,0.413067995,232.6902887
461750,62.58599854,0.425073489,232.6940588
462000,63.75699738,0.420786488,232.6672748
462250,67.31699844,0.44976248,232.695097
462500,60.56699799,0.400164996,232.6889716
462750,71.1839978,0.49841549,232.6770258
463000,75.90799957,0.461676987,232.6762421
463250,74.20899902,0.496243985,232.6938239
463500,74.20899902,0.496243985,232.6938239
463750,87.74999695,0.53992748,232.6641071
464000,96.38600006,0.612757988,232.6411621
464250,114.1649969,0.687916982,232.6334802
464500,124.1029962,0.695798481,232.6317151
464750,122.317998,0.70611449,232.5992975
465000,128.8179953,0.718854992,232.647699
465250,135.855,0.740087976,232.6261768
465500,129.195997,0.661119497,232.6163953
465750,117.5959967,0.694952981,232.6242981
466000,130.4579932,0.745929987,232.6358527
466250,140.6109991,0.773209498,232.6151807
466500,145.2179999,0.757350473,232.6252515
466750,136.6799976,0.733196499,232.6316882
467000,139.4829993,0.762400987,232.6253229
467250,144.7389954,0.788856964,232.619986
467500,159.0229944,0.845257475,232.576225
467750,169.0099933,0.825649471,232.6242896
468000,157.9199933,0.824544477,232.5877777
468250,164.2919971,0.82769146,232.6032104
468500,164.3939984,0.816902471,232.6038171
468750,161.9329974,0.853633978,232.6159143
469000,167.6609973,0.803309464,232.6480902
469250,142.6519952,0.742896478,232.6401135
469500,144.9709973,0.842285469,232.6201282
469750,180.988996,0.91559448,232.5831689
470000,180.988996,0.91559448,232.5831689
470250,187.1239984,0.883787975,232.5746259
470500,181.3539948,0.910631475,232.5939532
470750,187.8989935,0.897860465,232.6008112
471000,190.605,0.965139482,232.5721454
471250,206.5789935,0.955207975,232.5949695
471500,194.5929944,0.95215198,232.5594397
471750,202.2469971,0.958695474,232.553457
472000,204.5069946,0.972357969,232.5133704
472250,202.7979956,0.964468467,232.5468738
472500,203.4019934,0.967892976,232.5670898
472750,201.7869952,0.945193985,232.5547784
473000,190.8819958,0.915014484,232.572467
473250,191.4129956,0.943886964,232.549632
473500,200.7219971,0.951063976,232.5816345
473750,198.3659961,0.925108461,232.5307617
474000,193.6219946,0.997641971,232.5637292
474250,217.3259961,1.00260047,232.5444495
474500,209.930993,0.980375974,232.595708
474750,206.6279944,1.019862468,232.5379041
475000,218.3509943,0.983225987,232.554892
475250,202.6649939,0.95765348,232.5723151
475500,202.5079968,0.97991749,232.5744824
475750,212.3879968,0.985140967,232.5727527
476000,205.1299957,0.965887475,232.572489
476250,201.7129968,0.941910481,232.5761292
476500,201.7129968,0.941910481,232.5761292
476750,188.7039941,0.902941494,232.5799835
477000,186.3649957,0.920363472,232.5919464
477250,194.5909924,0.924672482,232.572865
477500,188.6239948,0.918324971,232.558465
477750,185.1879956,0.866664987,232.5987598
478000,159.7519965,0.778844988,232.6258746
478250,147.6469934,0.787967482,232.59177
478500,155.1259961,0.817073483,232.6122986
478750,164.7969971,0.80107949,232.5896588
479000,139.7029938,0.732232985,232.6150189
479250,140.3699969,0.748845479,232.5959546
479500,136.8049939,0.726577976,232.5966516
479750,127.5499954,0.647416978,232.6281287
480000,98.13699738,0.570529983,232.6715216
480250,95.31199951,0.607963979,232.6543213
480500,101.0799976,0.602014484,232.664505
480750,95.85099884,0.532721974,232.6604504
481000,78.27099823,0.468682485,232.694234
481250,64.83900024,0.422210984,232.6835388
481500,67.75999847,0.43744699,232.6786273
481750,63.87599747,0.42400999,232.6581866
482000,61.7709993,0.411267989,232.6809613
482250,59.0159996,0.397825487,232.6948999
482500,52.36199814,0.353670994,232.684209
482750,44.18399918,0.312980489,232.695235
483000,44.18399918,0.312980489,232.695235
483250,41.77799942,0.346627991,232.6760449
483500,54.62599854,0.377238482,232.6679712
483750,51.38899872,0.36829849,232.7014661
484000,56.9979985,0.388451494,232.6863452
484250,45.69599899,0.308760989,232.7033844
484500,40.38799881,0.335528489,232.7011951
484750,50.02499863,0.338669989,232.6943134
485000,42.50299896,0.28873799,232.7132983
485250,32.22199913,0.289154993,232.7131622
485500,37.80699936,0.290980996,232.7320581
485750,39.27799942,0.305119992,232.704707
486000,39.57499863,0.309636993,232.6885065
486250,43.17800034,0.317823492,232.7112836
486500,39.28199951,0.287749494,232.6678845
486750,34.09299911,0.285593994,232.6591516
487000,36.25799973,0.286010993,232.6909296
487250,35.8359996,0.296021494,232.6796185
487500,40.56899963,0.303518989,232.6753052
487750,37.16299911,0.290853487,232.681571
488000,35.42899902,0.285599494,232.6461945
488250,37.76999893,0.286835994,232.6879883
488500,33.3809993,0.28643549,232.6913696
488750,36.68199982,0.288198495,232.6736493
489000,37.24999939,0.289991497,232.7199304
489250,33.55499893,0.289283991,232.6707526
489500,33.55499893,0.289283991,232.6707526
489750,38.79099915,0.292647496,232.6646338
490000,39.29999939,0.306257994,232.6712585
490250,38.67699905,0.306035485,232.7168823
490500,41.86500015,0.298966486,232.6720203
490750,37.25199875,0.297659492,232.6804333
491000,41.48099823,0.317100995,232.6916492
491250,42.70000031,0.299292494,232.7234174
491500,39.73499863,0.318116989,232.6818958
491750,45.54099869,0.330422994,232.672146
492000,44.02699814,0.314722494,232.6883301
492250,40.34199966,0.311284491,232.6697198
492500,54.82999863,0.445656991,232.6642651
492750,59.21999954,0.361848981,232.6950189
493000,57.86799973,0.435195987,232.6537695
493250,66.53299805,0.424433984,232.6921063
493500,58.38899902,0.395324991,232.7042596
493750,61.65099808,0.407176495,232.6683044
494000,58.08499756,0.38791649,232.6937476
494250,60.26199829,0.447990984,232.6578644
494500,72.38999817,0.435567992,232.673252
494750,69.20399902,0.474301988,232.6706982
495000,71.93099823,0.460924492,232.6481952
495250,70.9969989,0.472996984,232.6650592
495500,72.39299896,0.432881488,232.6910175
495750,56.66799881,0.353292491,232.6814563
496000,56.66799881,0.353292491,232.6814563
496250,58.01099899,0.482453482,232.6306744
496500,83.20699921,0.514191995,232.6248669
496750,83.08599854,0.507867992,232.6582416
497000,76.66899658,0.46470749,232.670907
497250,85.76099792,0.684176974,232.6172339
497500,136.4529977,0.777729971,232.615069
497750,133.1379977,0.634036491,232.6440015
498000,107.6249979,0.70016248,232.6427954
498250,131.550997,0.771164491,232.6227551
498500,150.2329968,0.786799979,232.6023206
498750,148.0249963,0.727933989,232.6403784
499000,127.8069958,0.759830008,232.6375055
499250,152.9699982,0.773713975,232.6376367
499500,147.7109955,0.796564469,232.6374585
499750,160.3059979,0.877330983,232.5936176
500000,182.8329968,0.874192989,232.5891705
500250,174.1899976,0.882294481,232.5696088
500500,187.4919934,0.904827976,232.555484
500750,183.312995,0.906560972,232.5624915
501000,187.7459955,0.914323473,232.5530188
501250,193.7569971,0.957182977,232.5761694
501500,201.7990002,0.94073148,232.549444
501750,200.2119952,1.00273747,232.547746
502000,213.1739948,0.96432647,232.5776117
502250,193.2369983,0.982224982,232.5554669
502500,193.2369983,0.982224982,232.5554669
502750,215.8899963,0.995050478,232.5273773
503000,208.9579962,0.992607985,232.5650348
503250,212.0059949,1.00337697,232.5362018
503500,216.3969965,1.027431467,232.5733252
503750,219.1389954,1.021557984,232.5341693
504000,219.1499939,1.03255547,232.5583081
504250,222.7579962,1.042709451,232.5590253
504500,224.4159888,1.057817459,232.536651
504750,230.0839917,1.065771484,232.5602197
505000,223.3789917,1.04655046,232.5538843
505250,225.4189966,1.048401465,232.5239545
505500,224.8969958,1.048290963,232.5146271
505750,222.658996,1.059581451,232.5590088
506000,228.5029926,1.035714478,232.5434509
506250,219.9519977,1.036977482,232.5600336
506500,222.4839966,1.051335483,232.5604492
506750,225.2249976,1.031135983,232.5327307
507000,216.4609949,1.001990986,232.5468909
507250,208.6939935,0.974347475,232.5706506
507500,202.6889948,0.926886964,232.5820569
507750,177.9899969,0.893589988,232.5760419
508000,197.2859961,0.970120473,232.5798737
508250,194.6599951,0.91661948,232.5825305
508500,190.2120001,0.911254475,232.5847229
508750,185.8489935,0.884463465,232.6019476
509000,185.8489935,0.884463465,232.6019476
509250,177.6950018,0.869851975,232.6053961
509500,173.7220038,0.847622461,232.604436
509750,168.848996,0.846143463,232.5939789
510000,169.5129993,0.857026966,232.6041858
510250,169.8649982,0.824137976,232.6160822
510500,159.7719958,0.812211978,232.6091364
510750,161.003999,0.809908981,232.6141571
511000,155.0409955,0.791549973,232.5966681
511250,153.6809991,0.80575547,232.6270514
511500,156.9229968,0.800369,232.6071307
511750,155.1489978,0.780954468,232.621441
512000,140.5319977,0.726208479,232.6327228
512250,132.2999976,0.731515989,232.6432764
512500,136.8779993,0.728106971,232.6466034
512750,121.6019974,0.631222985,232.6369781
513000,104.9209982,0.613325968,232.638515
513250,100.503999,0.609490492,232.6404193
513500,103.2499997,0.616101482,232.6438037
513750,100.8149982,0.597105472,232.6464252
514000,93.86999878,0.531224484,232.6366919
514250,86.16799683,0.509934993,232.6548889
514500,76.9689978,0.475489488,232.6587054
514750,71.48799805,0.432326986,232.6767145
515000,60.15299881,0.382936991,232.6931146
515250,52.41299881,0.381211488,232.6774829
515500,52.41299881,0.381211488,232.6774829
515750,59.84699799,0.428512988,232.679953
516000,66.29799774,0.42630049,232.6791766
516250,62.3629985,0.407885492,232.6906885
516500,61.4179985,0.398325492,232.6944568
516750,48.58699875,0.32757099,232.7152509
517000,51.31699875,0.384543493,232.6810339
517250,46.73999847,0.315437996,232.7234351
517500,44.9129985,0.378095989,232.6929053
517750,65.06099884,0.429817492,232.6661237
518000,51.43899902,0.318095493,232.7199384
518250,36.07599915,0.286084996,232.6956342
518500,37.09699951,0.283615993,232.6748187
518750,32.40999901,0.285858492,232.7114172
519000,37.06499809,0.28452199,232.6896899
519250,34.74499939,0.282609993,232.6997229
519500,34.42599976,0.283421496,232.7153461
519750,37.14499969,0.297188996,232.7007373
520000,40.24099884,0.303416491,232.6863708
520250,36.92799927,0.288994998,232.708313
520500,36.68300079,0.288390487,232.7180347
520750,36.07300034,0.284808494,232.7071301
521000,36.19699982,0.284499991,232.7012885
521250,32.8259996,0.281695493,232.6650677
521500,35.56699966,0.282787991,232.6847778
521750,36.34899963,0.286657988,232.6896179
522000,36.34899963,0.286657988,232.6896179
522250,33.43199944,0.286760495,232.7057275
522500,37.86899918,0.284800998,232.6794812
522750,35.97299988,0.28463199,232.680321
523000,34.11599869,0.288094997,232.6732111
523250,38.26499908,0.287560498,232.7073132
523500,42.71199905,0.362780489,232.6886334
523750,49.88599823,0.327041491,232.6689465
524000,40.64999954,0.309457487,232.6864417
524250,45.81199783,0.382154483,232.6826257
524500,58.5619989,0.420916984,232.6871863
524750,66.03399841,0.402698494,232.6755615
525000,51.77899933,0.33672698,232.7009869
525250,46.40799805,0.347857993,232.6896686
525500,54.2669989,0.411436492,232.6644812
525750,71.15999756,0.487045993,232.6685461
526000,75.91299957,0.463533984,232.6601654
526250,64.87299927,0.463879486,232.6638983
526500,76.64599884,0.486643485,232.6703918
526750,76.6219986,0.467099488,232.6815308
527000,71.70699921,0.469047979,232.652345
527250,82.33899994,0.530360484,232.6587939
527500,92.78999969,0.616540489,232.6340533
527750,110.3239981,0.656893985,232.6499054
528000,119.1529968,0.692453978,232.6301117
528250,128.4149969,0.711764472,232.6321783
528500,128.4149969,0.711764472,232.6321783
528750,134.5980005,0.743053484,232.6023224
529000,140.8199976,0.766393001,232.6372083
529250,141.4839966,0.771604481,232.6042731
529500,149.1209979,0.791178484,232.5891388
529750,154.693996,0.809353986,232.6064355
530000,165.4049939,0.852319481,232.5948254
530250,171.6959991,0.847310977,232.5985785
530500,169.187002,0.863674972,232.5719354
530750,178.6419958,0.891190488,232.5504956
531000,185.4469965,0.913930492,232.5835779
531250,189.6439984,0.894743979,232.5663062
531500,178.1669971,0.84937248,232.5781921
531750,169.5569983,0.886020474,232.5730756
532000,190.8609943,0.936946971,232.5519299
532250,198.6099939,0.919000478,232.5753784
532500,174.525,0.861852989,232.5991931
532750,178.5329956,0.895219972,232.5664252
533000,192.5699957,0.957241483,232.5384747
533250,205.0469958,0.932150495,232.5885229
533500,176.6879938,0.899531462,232.5894971
533750,194.8909985,0.958614478,232.549425
534000,201.6230005,0.952833481,232.5248175
534250,201.1849976,0.968368976,232.5349933
534500,209.8959961,1.010305977,232.5239923
534750,219.8219946,1.029510489,232.5393622
535000,219.8219946,1.029510489,232.5393622
535250,218.2699933,1.015353968,232.5570508
535500,210.9799945,0.977917979,232.5709161
535750,205.6459961,0.967903986,232.5744171
536000,201.3719946,0.976369479,232.5428094
536250,206.8489954,0.95615298,232.5388458
536500,198.0589954,0.93080147,232.5868896
536750,188.8799969,0.931445971,232.5892108
537000,204.4189954,0.96721499,232.5653711
537250,198.9259961,0.934188473,232.5591974
537500,195.7349976,0.931037974,232.6027472
537750,185.1629974,0.892032995,232.5910175
538000,174.5919983,0.84299849,232.5983453
538250,177.1849963,0.899484484,232.5738733
538500,188.883996,0.909848986,232.5934344
538750,183.2959949,0.883435967,232.5872162
539000,184.5819977,0.900341489,232.5970416
539250,173.4609943,0.836944478,232.5976746
539500,166.9889941,0.826138489,232.6165546
539750,167.7329974,0.83508148,232.5981628
540000,151.9729993,0.766210992,232.6190161
540250,154.6589972,0.799608483,232.6040833
540500,147.9949963,0.760630984,232.6131836
540750,134.5179935,0.716712978,232.6339429
541000,125.3909985,0.688987982,232.6392346
541250,112.5299979,0.643875484,232.6361145
541500,112.5299979,0.643875484,232.6361145
541750,107.857999,0.628974977,232.6296912
542000,107.3079984,0.612114489,232.6521155
542250,100.3819974,0.566059985,232.6448651
542500,89.16799744,0.508847488,232.6485608
542750,79.61099731,0.489660991,232.6611865
543000,73.70400024,0.432639993,232.6922247
543250,58.67299957,0.405926486,232.702002
543500,61.58899918,0.437449993,232.6780969
543750,66.91599884,0.423016492,232.6741687
544000,54.16499878,0.352860997,232.7080591
544250,50.87399887,0.359565989,232.705827
544500,53.03099792,0.338470998,232.6901056
544750,40.33999893,0.291778995,232.7141693
545000,38.2519989,0.322435994,232.6923645
545250,55.87199814,0.406772985,232.6984827
545500,59.98499878,0.399351491,232.7040662
545750,56.12299881,0.347526493,232.6901855
546000,43.7979985,0.306932497,232.7235858
546250,39.95399719,0.29787699,232.7003558
546500,36.07699966,0.290152988,232.7008911
546750,35.79000015,0.285761998,232.7199292
547000,37.05999939,0.29325099,232.7039276
547250,36.73099915,0.304502991,232.6996826
547500,39.08400009,0.293005991,232.7335797
547750,36.90399918,0.285013992,232.6965002
548000,36.90399918,0.285013992,232.6965002
548250,33.04699921,0.284322495,232.6863525
548500,37.09999908,0.283044497,232.7048499
548750,35.84199936,0.289489996,232.685755
549000,34.53799988,0.286313493,232.7187476
549250,36.45099937,0.280159494,232.6745068
549500,34.34499947,0.288772495,232.6909515
549750,38.27799942,0.306204493,232.6918103
550000,43.35299927,0.328818494,232.6886658
550250,45.07199783,0.317822497,232.6786182
550500,45.13399887,0.325033487,232.694425
550750,40.68999908,0.297237991,232.7036926
551000,37.26899826,0.294742492,232.7043115
551250,38.22599823,0.283923992,232.669881
551500,33.52599915,0.298384492,232.670108
551750,42.99199982,0.323534989,232.6834491
552000,42.99000076,0.299608986,232.6715527
552250,37.31899963,0.333118494,232.6528326
552500,59.96799896,0.440528497,232.657005
552750,65.35999832,0.378444992,232.6660016
553000,50.84799927,0.366625495,232.6935156
553250,54.59299942,0.374497989,232.6588727
553500,57.35599838,0.444375994,232.6486652
553750,78.15399811,0.554842999,232.6501233
554000,101.124996,0.651281478,232.6238995
554250,111.69,0.562075986,232.6388171
554500,111.69,0.562075986,232.6388171
554750,75.33699768,0.432833481,232.6724261
555000,59.66399963,0.383107486,232.6900964
555250,56.5569989,0.445516984,232.6652502
555500,88.27499634,0.640431976,232.6201868
555750,120.7479959,0.699389982,232.6069958
556000,131.530997,0.71281399,232.6283209
556250,119.7339972,0.623901982,232.6562573
556500,101.5359967,0.660656483,232.6627783
556750,134.9589975,0.733425977,232.643808
557000,125.4249936,0.664734478,232.6399078
557250,111.6739975,0.648606484,232.6116321
557500,116.2279974,0.655177975,232.6348181
557750,114.5489978,0.650262983,232.6284357
558000,115.6949976,0.65956398,232.6248523
558250,119.4599985,0.706387973,232.612345
558500,130.3399963,0.703827488,232.6187701
558750,125.0719955,0.714034989,232.6188123
559000,137.1470001,0.747466488,232.6132495
559250,139.1439954,0.755636475,232.5893066
559500,143.9719977,0.764094999,232.5926501
559750,140.9659973,0.749577484,232.6060004
560000,136.0049982,0.729342477,232.6188098
560250,132.6679941,0.754374471,232.6177856
560500,148.9409991,0.817859964,232.5949695
560750,172.875993,0.847648973,232.5871552
561000,172.875993,0.847648973,232.5871552
561250,163.1109967,0.846691484,232.5876343
561500,171.2299969,0.845761979,232.5735614
561750,164.705993,0.839248476,232.5750031
562000,170.8349945,0.824213474,232.5876868
562250,150.9439978,0.77264497,232.6069928
562500,154.2809943,0.829611974,232.5918555
562750,168.906994,0.853575478,232.5818402
563000,174.8269989,0.871436973,232.5791315
563250,178.8159961,0.907220967,232.565697
563500,196.4869971,0.93159646,232.5571533
563750,184.1929974,0.886733475,232.5696826
564000,183.6019971,0.899922464,232.571109
564250,189.7079944,0.913533969,232.5763489
564500,185.0479944,0.915662971,232.5369629
564750,193.7339972,0.931697981,232.5667462
565000,195.4009973,0.929345474,232.5678259
565250,187.8509979,0.910085471,232.5702911
565500,193.9309949,0.93172699,232.5780487
565750,194.6659967,0.928948982,232.5509784
566000,192.8179999,0.946989479,232.5561218
566250,204.2249969,0.96398149,232.5652655
566500,203.4089941,0.96185746,232.5691144
566750,199.9899957,0.938998485,232.5920331
567000,185.4039966,0.866902978,232.5819043
567250,166.1519958,0.816183474,232.5839551
567500,166.1519958,0.816183474,232.5839551
567750,170.4989978,0.872176976,232.5803839
568000,166.260993,0.813163495,232.6025305
568250,158.887998,0.834436464,232.5664502
568500,177.3869983,0.894101491,232.559801
568750,172.7959961,0.83046648,232.5579041
569000,162.6919983,0.808138487,232.5949219
569250,161.443996,0.824753499,232.6040186
569500,164.1219977,0.820807989,232.5969043
569750,157.3349982,0.781328974,232.5952112
570000,149.0099963,0.801807978,232.6147614
570250,149.7559991,0.758739481,232.6279285
570500,137.662995,0.735888488,232.5909204
570750,135.4259949,0.722442975,232.6026373
571000,134.2629962,0.734586492,232.5939941
571250,138.2089996,0.763177972,232.6027393
571500,141.2769958,0.744004481,232.6294922
571750,133.3019989,0.726968977,232.6113617
572000,125.9699982,0.69985498,232.6101788
572250,129.655997,0.70094249,232.6174976
572500,124.5579993,0.675868492,232.6392096
572750,112.5009998,0.607255499,232.6497705
573000,90.33599731,0.446624492,232.6732666
573250,64.02999893,0.476808479,232.6656183
573500,93.2339978,0.636906495,232.6617548
573750,118.8599957,0.682177496,232.6494012
574000,118.8599957,0.682177496,232.6494012
574250,118.6069971,0.646388497,232.6424103
574500,94.66099609,0.472036991,232.7164722
574750,64.12299896,0.415653988,232.6990088
575000,69.77099976,0.506516489,232.6792108
575250,80.8619989,0.484120492,232.6814893
575500,73.48200104,0.475574484,232.6788391
575750,73.82899872,0.459865985,232.6881689
576000,67.1919986,0.445051494,232.6846643
576250,66.1239978,0.426719486,232.6736725
576500,65.38599731,0.414119481,232.6857147
576750,63.53599854,0.450374979,232.6773859
577000,69.71099823,0.444547486,232.6754565
577250,71.89399902,0.476421496,232.6755396
577500,71.26899994,0.446970994,232.6789313
577750,57.9979985,0.345829488,232.7111713
578000,44.92799835,0.314723493,232.6945721
578250,39.07499863,0.288773496,232.697265
578500,35.48799973,0.301599994,232.6964984
578750,41.24599854,0.300931489,232.6738824
579000,36.65899902,0.290101496,232.6808502
579250,37.85799866,0.301853496,232.6874115
579500,38.77899902,0.296072986,232.6732587
579750,37.50299957,0.285598994,232.7084033
580000,33.31599953,0.288422492,232.6909375
580250,37.45399887,0.291061995,232.6945465
580500,37.45399887,0.291061995,232.6945465
580750,38.72799942,0.304190493,232.7062567
581000,39.66399857,0.316416487,232.7344519
581250,42.01499886,0.295219997,232.7257538
581500,37.23999962,0.307541491,232.6966425
581750,39.24299835,0.300096985,232.7042908
582000,36.75899979,0.284920492,232.6996619
582250,34.00199951,0.279925992,232.6865472
582500,32.97799995,0.280368993,232.6642273
582750,36.17199982,0.280616993,232.6862671
583000,40.00999893,0.363010496,232.7083844
583250,58.7309996,0.430959491,232.6751044
583500,66.59399872,0.434348496,232.6699609
583750,66.62799835,0.430240992,232.6920343
584000,66.11799927,0.436106992,232.7028687
584250,66.51499817,0.479379994,232.6662183
584500,80.63299713,0.489775991,232.6594897
584750,71.05499969,0.421144488,232.7042096
585000,54.48199936,0.432748995,232.6877533
585250,79.67899902,0.538844485,232.6691327
585500,97.5809967,0.589268484,232.6343695
585750,102.4229971,0.629330471,232.6203857
586000,112.605997,0.659393477,232.6230835
586250,115.6839966,0.655367985,232.6461871
586500,109.5729974,0.65288698,232.6442407
586750,119.1629965,0.663455985,232.6106427
587000,119.1629965,0.663455985,232.6106427
587250,116.6769955,0.6499035,232.6140814
587500,118.3829977,0.691658971,232.608833
587750,128.6069968,0.671131485,232.6342596
588000,108.4829968,0.670188982,232.6517719
588250,131.4869974,0.744565482,232.6304584
588500,136.6929956,0.727317498,232.6083862
588750,133.0249921,0.721982985,232.618634
589000,136.9779987,0.756073492,232.5935516
589250,136.1349982,0.743428485,232.6161731
589500,143.4309979,0.763379982,232.6059308
589750,141.9169989,0.773996968,232.6108923
590000,150.6709943,0.811974461,232.5919293
590250,167.4119958,0.853368464,232.5800098
590500,164.8609973,0.761209971,232.6191125
590750,75.54899895,0.293402497,232.6919354
591000,14.68199947,0.194797495,232.6767395
591250,17.1439999,0.188908998,232.6691998
591500,15.78999966,0.188611996,232.6805621
591750,15.77499962,0.189058996,232.7083929
592000,15.87199955,0.188310496,232.671947
592250,16.96099972,0.188375495,232.6680023
592500,15.76399933,0.188521991,232.6770483
592750,15.74999905,0.188351995,232.688512
593000,16.11199928,0.195911494,232.7053162
593250,18.25099968,0.204090993,232.6975848
593500,18.25099968,0.204090993,232.6975848
593750,18.06299965,0.203336997,232.7050183
594000,17.5,0.195778995,232.671106
594250,16.85399998,0.189751496,232.7054663
594500,15.77499962,0.189364496,232.7158575
594750,17.08999992,0.188839988,232.6978448
595000,15.80099964,0.191751495,232.6836432
595250,16.68399971,0.198948993,232.6788568
595500,17.5,0.199723496,232.6679236
595750,17.5,0.197214994,232.6679785
596000,16.72899986,0.193839495,232.6634589
596250,15.77499962,0.158407496,232.7206116
596500,6.306999836,0.126174997,232.6901202
596750,6.96199995,0.124035496,232.701803
597000,5.880999966,0.123956998,232.714386
597250,6.571000042,0.124344994,232.672738
597500,5.782999935,0.124465497,232.6855719
597750,6.015999947,0.124037498,232.6697479
598000,6.580999966,0.124130998,232.6994263
598250,6.600999947,0.124212498,232.6735535
598500,6.074999924,0.124512995,232.6840906
598750,5.785999966,0.124184996,232.6925122
599000,6.601000023,0.124295996,232.6991632
599250,5.927999916,0.124125497,232.665434
599500,6.974999905,0.124627499,232.6756097
599750,5.586999969,0.124294997,232.6779767
600000,5.586999969,0.124294997,232.6779767
600250,6.403000011,0.124050996,232.6632263
600500,6.168999958,0.124316497,232.6829694
600750,5.672999973,0.124530497,232.689209
601000,6.924999943,0.124191997,232.7016748
601250,6.158999939,0.124154996,232.7064478
601500,6.484999943,0.124130995,232.6852753
601750,5.652999935,0.124320498,232.6810364
602000,6.322999916,0.124298499,232.6930664
602250,6.355999966,0.124231496,232.7031116
602500,6.800999966,0.124189997,232.7426514
602750,5.78199995,0.124191497,232.7150165
603000,6.015999947,0.123953995,232.6959314
603250,6.511000004,0.123919996,232.696604
603500,5.73699995,0.124186499,232.73138
603750,6.131999969,0.124171496,232.7108514
604000,6.460999947,0.124146499,232.6907397
604250,6.713999977,0.124340496,232.6971869
604500,5.948999882,0.124248996,232.6861212
604750,5.901999912,0.124205998,232.6991522
605000,6.573000031,0.124214495,232.723205
605250,5.820999908,0.124346996,232.7046826
605500,6.972999897,0.124432496,232.6745148
605750,5.615999928,0.124405497,232.6804974
606000,6.477999973,0.124165996,232.7062756
606250,6.12899992,0.124064496,232.7163965
606500,6.12899992,0.124064496,232.7163965
606750,5.71699995,0.124233996,232.7020593
607000,6.566000004,0.124050997,232.7014594
607250,5.958999901,0.124306497,232.6866266
607500,6.974999905,0.124284999,232.6956561
607750,5.637999897,0.124566498,232.6827863
608000,6.389999924,0.124035996,232.6737213
608250,6.240999928,0.124271996,232.6836163
608500,6.887999935,0.124081995,232.667298
608750,5.725999908,0.124130996,232.687937
609000,6.109999924,0.124193997,232.699151
609250,6.538999958,0.123994497,232.7057623
609500,5.629999924,0.124083497,232.7097382
609750,6.964999924,0.124312497,232.7063055
610000,5.85899992,0.124110498,232.6863611
610250,6.627999992,0.124012997,232.717843
610500,5.845999851,0.124139997,232.6904602
610750,5.960999928,0.124659996,232.7034406
611000,6.548999977,0.124562499,232.7154657
611250,5.744999886,0.124360498,232.7045923
611500,6.971999893,0.124189995,232.6770337
611750,5.733999958,0.124287996,232.6824506
612000,6.561000023,0.123990498,232.704552
612250,5.994999924,0.124067499,232.690188
612500,5.83699995,0.123926995,232.6865533
612750,6.815999947,0.124591495,232.6779694
613000,6.815999947,0.124591495,232.6779694
613250,6.364999943,0.124590997,232.6724042
613500,6.286999969,0.123834998,232.6868903
613750,5.659999962,0.124475496,232.6983221
614000,6.465,0.124281997,232.6966656
614250,6.15199995,0.124083497,232.7136578
614500,6.939999924,0.124227497,232.7051202
614750,5.687999878,0.124180497,232.7090747
615000,6.206999989,0.124103996,232.672467
615250,6.412999954,0.123938998,232.6986981
615500,5.603999996,0.124374997,232.6921472
615750,6.327999935,0.124302496,232.7143793
616000,6.272999992,0.123778998,232.6828583
616250,5.628999996,0.123868997,232.7021143
616500,6.945999928,0.123874495,232.7119806
616750,6.089999943,0.124702498,232.7053284
617000,6.527999973,0.124399497,232.6929376
617250,5.697999954,0.124533495,232.6916644
617500,6.149999962,0.124219495,232.6978827
617750,6.434999981,0.124281998,232.6988171
618000,5.641999989,0.124303997,232.6880591
618250,6.961999931,0.124733498,232.6950909
618500,5.927999992,0.124135997,232.6968658
618750,6.602000027,0.124273997,232.7099133
619000,5.821999893,0.124077997,232.6935693
619250,6.971999912,0.124411495,232.6858575
619500,6.971999912,0.124411495,232.6858575
619750,5.673999996,0.124492497,232.7013361
620000,6.546000042,0.124454996,232.6805615
620250,6.027999954,0.124521997,232.6951605
620500,6.974999905,0.124402999,232.6886804
620750,5.620999947,0.124233497,232.7153876
621000,6.320999947,0.124546495,232.7031842
621250,6.31,0.124388495,232.698811
621500,5.687999992,0.124410498,232.6854736
621750,6.947999935,0.124274995,232.68521
622000,6.01699995,0.124042496,232.6858362
622250,6.511000004,0.124293498,232.7125946
622500,5.684999943,0.124365997,232.6951868
622750,6.149999962,0.124271998,232.7281689
623000,6.442999973,0.123942997,232.72073
623250,5.605999966,0.124047496,232.7314252
623500,6.278999977,0.124242495,232.7368262
623750,6.304999981,0.124252496,232.6871283
624000,5.586999969,0.124450499,232.6926019
624250,6.949999943,0.124307996,232.7437878
624500,6.020999947,0.124490995,232.7247375
624750,6.595999966,0.124040497,232.6922095
625000,5.712999897,0.124125495,232.7159717
625250,6.190999908,0.124643494,232.7249066
625500,6.483999939,0.124248498,232.7273151
625750,6.687999992,0.124308496,232.7238586
626000,6.687999992,0.124308496,232.7238586
626250,5.901999912,0.124342496,232.7124261
626500,5.874999924,0.124282998,232.7218896
626750,6.736999931,0.124654998,232.690658
627000,6.451999912,0.124310999,232.7295789
627250,6.212999935,0.124021498,232.7271851
627500,5.625999966,0.124240498,232.706842
627750,6.52699995,0.123995497,232.7045044
628000,6.077999916,0.124034994,232.7107861
628250,5.76399992,0.123899497,232.690155
628500,6.866999912,0.124287497,232.7130396
628750,6.287999916,0.124335996,232.6993781
629000,6.322999954,0.124138497,232.7090027
629250,5.599999924,0.124228998,232.7219568
629500,6.399999962,0.123940998,232.7089856
629750,6.186999931,0.124459496,232.6790967
630000,6.939999924,0.124545996,232.6947382
630250,5.715999889,0.124411998,232.7006799
630500,6.174999905,0.124155998,232.6923206
630750,6.487999935,0.124114998,232.6709601
631000,5.636999912,0.124075498,232.6952661
631250,6.306999912,0.124397997,232.6897852
631500,6.369999981,0.123961996,232.7051459
631750,6.783999958,0.124083997,232.6887708
632000,5.802999897,0.124387996,232.7187061
632250,5.973999939,0.124344996,232.7108417
632500,5.973999939,0.124344996,232.7108417
632750,6.515999966,0.124260496,232.6900983
633000,5.770999889,0.124028496,232.6915155
633250,6.970999908,0.124205497,232.7315784
633500,5.685999947,0.124596999,232.7475488
633750,6.619999924,0.124222496,232.7076819
634000,5.963999882,0.123856996,232.7126416
634250,5.823999939,0.124054996,232.6982813
634500,6.593000011,0.123992495,232.6844336
634750,5.852999878,0.124405997,232.6922809
635000,5.961999931,0.124455998,232.6852252
635250,6.663999939,0.124364497,232.6900244
635500,6.522999954,0.124207996,232.6808575
635750,6.12699995,0.124274997,232.6948035
636000,5.733999958,0.123903997,232.70065
636250,6.557999973,0.124416996,232.7124683
636500,5.995999908,0.124572498,232.6922925
636750,6.974999905,0.124119998,232.7125146
637000,5.609999943,0.124103997,232.7243866
637250,6.33699995,0.124361496,232.7138037
637500,6.250999947,0.123970997,232.7329242
637750,5.634999943,0.124094996,232.7170172
638000,6.471999989,0.123973998,232.6966742
638250,6.12399992,0.124219496,232.6877771
638500,6.974999905,0.124419497,232.7120032
638750,5.680999851,0.124693498,232.7094031
639000,5.680999851,0.124693498,232.7094031
639250,6.244999924,0.124451498,232.7103839
639500,6.436999912,0.124171495,232.7186353
639750,5.665999928,0.124611498,232.7042181
640000,6.336999989,0.124546997,232.7254669
640250,6.29899992,0.124335498,232.7169861
640500,6.835999947,0.124309995,232.7296356
640750,5.740999889,0.124235997,232.7345624
641000,6.097999916,0.124023997,232.7176917
641250,6.490999966,0.124179495,232.7052167
641500,5.66399992,0.124227995,232.7098895
641750,6.217999935,0.124085997,232.7057947
642000,6.424999962,0.124277997,232.7365448
642250,5.634999962,0.124217496,232.7259296
642500,6.956999931,0.123858497,232.6955859
642750,5.929999905,0.124203997,232.7181616
643000,6.600999966,0.124624996,232.7085461
643250,5.793999939,0.124824998,232.7344916
643500,6.065999889,0.124236496,232.7435944
643750,6.547999973,0.123972496,232.7356024
644000,5.695999947,0.124308996,232.7109784
644250,6.200999889,0.124162997,232.7198578
644500,6.446999931,0.124109998,232.7303314
644750,6.722999973,0.124245996,232.6909442
645000,5.903999901,0.124285494,232.6946582
645250,5.878999958,0.124371995,232.7002734
645500,5.878999958,0.124371995,232.7002734
645750,6.579000034,0.124073496,232.7075616
646000,5.77699995,0.124379996,232.69677
646250,6.051999969,0.124236497,232.6973114
646500,6.511000004,0.124348997,232.7385059
646750,5.684999943,0.124275998,232.7205292
647000,6.969999924,0.124013996,232.6782971
647250,5.781999931,0.123920996,232.6906812
647500,6.618999996,0.124153997,232.6915027
647750,5.945999889,0.124013497,232.7095465
648000,5.919999924,0.124068495,232.7062421
648250,6.637999973,0.124064495,232.6967139
648500,5.821999893,0.124149996,232.697561
648750,6.972999897,0.124012997,232.7043378
649000,5.637999973,0.124343497,232.7059442
649250,6.512000027,0.124338497,232.707691
649500,6.033999939,0.124210998,232.7130756
649750,5.740999966,0.123834498,232.7047205
650000,6.85699995,0.124191997,232.7097449
650250,6.333999901,0.124471495,232.7094818
650500,6.345999947,0.124656497,232.6789313
650750,5.679999924,0.124081996,232.711488
651000,6.428999939,0.124343495,232.7176984
651250,6.212999935,0.124029498,232.6970508
651500,5.695999928,0.124475498,232.7002094
651750,6.917999916,0.124600497,232.7105945
652000,6.917999916,0.124600497,232.7105945
652250,6.150999908,0.124679997,232.7263867
652500,6.534999962,0.124623995,232.7374817
652750,5.600999928,0.124169496,232.7212256
653000,6.279999943,0.124317997,232.6987085
653250,6.322999954,0.124268998,232.6950507
653500,5.599999924,0.124397995,232.735777
653750,6.954999943,0.124415996,232.7055994
654000,6.035999928,0.124163495,232.7173779
654250,6.592999954,0.124532998,232.6981519
654500,5.711999912,0.124256497,232.7015857
654750,6.172999897,0.124237496,232.7302484
655000,6.487999935,0.124098496,232.7358917
655250,6.67,0.124050497,232.7309711
655500,5.921999931,0.124267996,232.7100256
655750,5.854999962,0.124105498,232.7243555
656000,6.637000008,0.123606496,232.7509204
656250,5.795999889,0.123915997,232.72862
656500,5.99199995,0.124195498,232.7091626
656750,6.672999954,0.124487495,232.675155
657000,6.511999989,0.124482498,232.7286359
657250,6.097999954,0.124101999,232.7321222
657500,5.685999947,0.123965997,232.7292255
657750,6.619999924,0.124619997,232.7014203
658000,5.985999889,0.124391996,232.7403467
658250,5.823999939,0.124212997,232.7313361
658500,5.823999939,0.124212997,232.7313361
658750,6.801999931,0.124448996,232.7201782
659000,6.387999935,0.124147996,232.7001379
659250,6.262999973,0.123630998,232.709668
659500,5.665999966,0.123700996,232.6811957
659750,6.477999954,0.124198996,232.7032971
660000,6.144999924,0.124313997,232.7188885
660250,6.939999924,0.124128997,232.7332404
660500,5.66399992,0.124257496,232.7067609
660750,6.229999924,0.124626499,232.6697565
661000,6.39199995,0.124401996,232.7008411
661250,6.774999962,0.124207997,232.6979327
661500,5.870999928,0.124208496,232.6977942
661750,5.973999939,0.124316998,232.6956335
662000,6.625999928,0.124042998,232.7258105
662250,5.752999935,0.124287997,232.7239307
662500,6.108999939,0.124059999,232.7148828
662750,6.574999905,0.124350497,232.7090833
663000,5.654999943,0.124266497,232.7038098
663250,6.966999931,0.124069497,232.6878882
663500,5.823999939,0.124351497,232.7031628
663750,6.593000011,0.124084498,232.7254083
664000,5.852999878,0.123783495,232.6864441
664250,5.927999916,0.124185497,232.7037238
664500,6.671999931,0.124134998,232.6678906
664750,6.514999886,0.124063997,232.6849774
665000,6.514999886,0.124063997,232.6849774
665250,6.162999897,0.123968496,232.705307
665500,5.725999889,0.124164495,232.7049609
665750,6.545,0.124083498,232.6899713
666000,6.038999901,0.123670995,232.7136267
666250,5.799999981,0.124010497,232.7250647
666500,6.860999908,0.124288997,232.6743762
666750,6.32899992,0.124332496,232.7034174
667000,6.294999962,0.124214495,232.6924756
667250,5.623999939,0.124505998,232.7167511
667500,6.438999977,0.124284997,232.7167542
667750,6.158999939,0.124105498,232.6904407
668000,5.674999943,0.124470497,232.7164398
668250,6.914999924,0.124188496,232.7269238
668500,6.16899992,0.124321997,232.7095148
668750,6.446999931,0.124115497,232.7021356
669000,5.63899992,0.124128996,232.7131384
669250,6.292999935,0.124278496,232.7077057
669500,6.308999939,0.124181996,232.7187451
669750,5.617999935,0.124384997,232.6952673
670000,6.413999958,0.123909997,232.7092596
670250,6.182999935,0.123885996,232.697962
670500,5.68899992,0.124398998,232.6742194
670750,6.920999928,0.124377496,232.704259
671000,6.14699995,0.124179995,232.7284918
671250,6.470999966,0.124168496,232.7221143
671500,6.470999966,0.124168496,232.7221143
671750,5.595999985,0.124355997,232.7324249
672000,6.280999985,0.124551997,232.7333545
672250,6.304999981,0.124226497,232.6909601
672500,6.852999954,0.124037496,232.7105066
672750,5.830999908,0.124519501,232.705993
673000,6.019999943,0.124609997,232.7178345
673250,6.551999969,0.123878496,232.7002264
673500,5.719999924,0.124157496,232.6755157
673750,6.154999943,0.124037494,232.6931641
674000,6.483999939,0.124439497,232.7159375
674250,6.67,0.124339497,232.7076971
674500,5.973999958,0.124235498,232.6852405
674750,5.858999996,0.124529497,232.6927454
675000,6.610000038,0.124481496,232.7146899
675250,5.854999981,0.124710497,232.7393066
675500,5.995999985,0.124372998,232.7353857
675750,6.65699995,0.124056498,232.7226752
676000,6.528999996,0.124367996,232.7120569
676250,6.094999962,0.124153999,232.7161279
676500,5.707999992,0.124218995,232.7036902
676750,6.577000065,0.124194997,232.7503064
677000,5.960999947,0.124453497,232.7196185
677250,5.845999985,0.123906996,232.7054431
677500,6.779999962,0.124116999,232.688338
677750,6.409999981,0.124267997,232.6827649
678000,6.409999981,0.124267997,232.6827649
678250,6.241000004,0.124397996,232.7045679
678500,5.696999931,0.124203496,232.6819238
678750,6.49199995,0.123661997,232.7438745
679000,6.141999931,0.124137996,232.7092743
679250,5.747999935,0.124446496,232.7091638
679500,6.587999973,0.124224496,232.7163074
679750,6.00899992,0.124257996,232.7243933
680000,5.854999962,0.124597496,232.7085455
680250,6.82899992,0.124788497,232.7078265
680500,6.360999966,0.124034497,232.7028735
680750,6.232999973,0.123964996,232.7297534
681000,5.620999985,0.124306996,232.7278882
681250,6.462000027,0.124255996,232.6877057
681500,6.100999947,0.124397997,232.7097131
681750,6.974999905,0.124150496,232.723017
682000,5.667999897,0.123804496,232.7145453
682250,6.239999905,0.124023498,232.7027301
682500,6.418999939,0.124234996,232.7212427
682750,5.644999905,0.124391497,232.7136261
683000,6.36899992,0.124143996,232.6941614
683250,6.298999977,0.124165997,232.7196185
683500,6.852999954,0.124188497,232.7189874
683750,5.745999889,0.124278497,232.7229932
684000,6.079999905,0.123946495,232.7329065
684250,6.568999977,0.124315997,232.7301367
684500,6.568999977,0.124315997,232.7301367
684750,5.647999935,0.124229999,232.7117877
685000,6.192999935,0.123862496,232.7274652
685250,6.464999981,0.124205996,232.7001617
685500,5.571999969,0.124381496,232.7192657
685750,6.322999935,0.124630997,232.689505
686000,6.254999943,0.124379499,232.7026917
686250,6.887999935,0.124204997,232.7199072
686500,5.757999878,0.123850997,232.7153003
686750,6.105999889,0.123977495,232.6941766
687000,6.507000008,0.124193496,232.7101801
687250,5.698999939,0.124257497,232.7181677
687500,6.970999908,0.123915495,232.7186975
687750,5.767999954,0.124483497,232.7347693
688000,6.588000011,0.124171498,232.7019867
688250,5.930999908,0.124227496,232.7127069
688500,5.905999947,0.124116996,232.7091064
688750,6.606999989,0.124197497,232.6950336
689000,5.811999931,0.124329997,232.7230182
689250,6.972999897,0.124167998,232.7304767
689500,5.65199995,0.124033995,232.7073163
689750,6.508999977,0.124085995,232.7417596
690000,6.04899992,0.124133997,232.7260803
690250,5.754999943,0.124062496,232.7351312
690500,6.601000023,0.124214996,232.7295453
690750,5.916999893,0.124109497,232.6923291
691000,5.916999893,0.124109497,232.6923291
691250,6.974999905,0.124008996,232.6931781
691500,5.648999958,0.124324499,232.7019946
691750,6.427999954,0.124119997,232.7010815
692000,6.212999935,0.123877496,232.6970972
692250,5.695999928,0.124413996,232.7032495
692500,6.52699995,0.124485497,232.705874
692750,6.079999924,0.124593998,232.6730743
693000,5.76399992,0.124584496,232.6804987
693250,6.626000023,0.124449997,232.7092267
693500,5.967999916,0.124174995,232.7027637
693750,6.974999905,0.124175497,232.7204022
694000,5.581999912,0.124364498,232.7192804
694250,6.367999954,0.124329997,232.700755
694500,6.260999928,0.124657998,232.7419952
694750,5.683999958,0.124420497,232.7065533
695000,6.495999966,0.124155496,232.7035699
695250,6.12699995,0.124241495,232.6953925
695500,5.699999943,0.124211498,232.708139
695750,6.534000034,0.124214995,232.7082574
696000,5.958999939,0.124187996,232.6861133
696250,6.974999905,0.124199997,232.6878333
696500,5.662999916,0.124153497,232.6937439
696750,6.382999935,0.124374497,232.6817914
697000,6.27699995,0.124179997,232.6972333
697250,5.696999931,0.124351496,232.7289557
697500,5.696999931,0.124351496,232.7289557
697750,6.456999969,0.124484496,232.7380188
698000,6.141999931,0.123909497,232.7358984
698250,5.712999954,0.124410497,232.731803
698500,6.896999912,0.124343997,232.7056897
698750,6.222999954,0.123855995,232.6974493
699000,6.410999985,0.124201997,232.7115887
699250,5.612999992,0.124423497,232.706969
699500,6.345,0.124279496,232.7032098
699750,6.236999969,0.124243496,232.6815051
700000,5.628999996,0.124259996,232.6886591
700250,6.943999958,0.124460998,232.7086182
700500,6.089999943,0.124302496,232.6792084
700750,6.527999973,0.124414497,232.7054498
701000,5.688999939,0.124461499,232.6878583
701250,6.185999928,0.124513496,232.6995215
701500,6.433999958,0.124742998,232.689635
701750,6.730999985,0.124308997,232.6874323
702000,5.874999905,0.123911498,232.6983929
702250,5.937999973,0.124085996,232.700249
702500,6.565000019,0.124298998,232.7084918
702750,5.759999962,0.123926498,232.700249
703000,6.971999912,0.123963498,232.6768671
703250,5.674999943,0.123918996,232.68565
703500,6.537000027,0.124312498,232.7027399
703750,6.035999947,0.124016996,232.692583
704000,6.035999947,0.124016996,232.692583
704250,5.742999973,0.124510998,232.7014026
704500,6.596000061,0.124116496,232.6823938
704750,5.895999928,0.124354495,232.685141
705000,5.914999981,0.124255996,232.687348
705250,6.718999958,0.124243496,232.674715
705500,6.46899992,0.124244497,232.7059619
705750,6.208999939,0.124102997,232.6721143
706000,5.713999939,0.124684996,232.6893475
706250,6.539999962,0.124367495,232.6723206
706500,6.083999939,0.123997496,232.7040417
706750,5.744999962,0.124063997,232.7256342
707000,6.618999996,0.124216496,232.698667
707250,5.954999905,0.123935498,232.7447211
707500,5.919999924,0.124673998,232.7062274
707750,6.779999962,0.124094495,232.7312714
708000,6.409999981,0.124568997,232.7351788
708250,6.241000004,0.124771995,232.7201703
708500,5.706000004,0.124407496,232.6956018
708750,6.49800005,0.124080495,232.7004047
709000,6.068999977,0.124166996,232.6812024
709250,5.756000004,0.124482997,232.7058264
709500,6.558000031,0.124102997,232.7024811
709750,5.973999958,0.124142998,232.7036292
710000,6.974999905,0.123896497,232.7186407
710250,5.578999977,0.123914496,232.7175769
710500,5.578999977,0.123914496,232.7175769
710750,6.370000019,0.124019996,232.697738
711000,6.228999977,0.124395496,232.7187305
711250,5.637999992,0.124152997,232.7059003
711500,6.48800005,0.124279497,232.718067
711750,6.102999954,0.124402497,232.7069257
712000,5.671999969,0.124563997,232.7368488
712250,6.890999947,0.123984497,232.6986816
712500,6.264999905,0.124465495,232.7070502
712750,6.413999958,0.124398497,232.6951532
713000,5.662999916,0.124411997,232.6817773
713250,6.382999935,0.124637997,232.6891632
713500,6.259999962,0.124269499,232.6950403
713750,5.696999931,0.124069495,232.6761267
714000,6.930999928,0.1247025,232.680249
714250,6.085999947,0.124024497,232.7128741
714500,6.551000004,0.124297495,232.7026587
714750,5.688999958,0.124369496,232.7199078
715000,6.214999962,0.123880996,232.7001465
715250,6.373999977,0.124252496,232.6993298
715500,5.560999985,0.124351996,232.7088818
715750,6.325,0.124069998,232.7045135
716000,6.236999969,0.124890496,232.7228021
716250,6.834999981,0.124163996,232.7196362
716500,5.77699995,0.124660996,232.6968488
716750,6.051999969,0.124638998,232.7204822
717000,6.051999969,0.124638998,232.7204822
717250,6.503000011,0.124296994,232.6956207
717500,5.695999966,0.124384999,232.7086426
717750,6.151999969,0.124274998,232.7167151
718000,6.434999981,0.124392496,232.7184668
718250,6.730999985,0.124571999,232.7246588
718500,5.913999977,0.123999496,232.7238519
718750,5.927999992,0.124209495,232.699729
719000,6.637999973,0.124168997,232.7283392
719250,5.795999985,0.124037497,232.6868103
719500,6.062999992,0.124133497,232.6996826
719750,6.620999947,0.124663997,232.70013
720000,6.561999989,0.124311498,232.7097113
720250,6.029999943,0.124402997,232.7366815
720500,5.740999966,0.124066997,232.7139545
720750,6.566000042,0.124272998,232.6864105
721000,5.902999916,0.124098496,232.686145
721250,5.878999958,0.124341497,232.7062811
721500,6.545000019,0.124839497,232.6952423
721750,5.799999924,0.124389999,232.7185223
722000,6.973999901,0.124719497,232.6924817
722250,5.695999928,0.124022997,232.6909387
722500,6.52699995,0.124083997,232.7000641
722750,6.077999916,0.124524997,232.723476
723000,5.76399992,0.124315498,232.7043365
723250,6.605999985,0.124155995,232.6804108
723500,6.605999985,0.124155995,232.6804108
723750,5.963999939,0.123781499,232.6959869
724000,5.827999973,0.124041499,232.7070667
724250,6.624999962,0.123828996,232.6875531
724500,5.842999916,0.124294995,232.6906494
724750,5.965999966,0.124319997,232.677608
725000,6.645999966,0.124080498,232.6819055
725250,6.535999928,0.124413498,232.7199634
725500,6.140999947,0.124257997,232.7051141
725750,5.751999969,0.124512995,232.678363
726000,6.574000034,0.123937998,232.6674109
726250,5.992999916,0.123804497,232.6627631
726500,5.854999962,0.124369998,232.6874896
726750,6.831999931,0.124184498,232.7164734
727000,6.373999939,0.123662997,232.7071063
727250,6.254999943,0.123650495,232.6914728
727500,5.617999935,0.124398494,232.7002435
727750,6.454999981,0.124365495,232.6873706
728000,6.119999924,0.124601997,232.714776
728250,5.685999947,0.124533997,232.6982825
728500,6.556999989,0.124201496,232.6905847
728750,5.984999905,0.123898498,232.6882184
729000,6.974999905,0.124012496,232.7094275
729250,5.662999935,0.124097494,232.713139
729500,6.300999966,0.124367997,232.731178
729750,6.280999947,0.124533996,232.7123633
730000,6.280999947,0.124533996,232.7123633
730250,5.67899992,0.124518998,232.6866174
730500,6.407000008,0.124722498,232.7210638
730750,6.164999962,0.124493999,232.7100897
731000,5.655999985,0.124333996,232.7252515
731250,6.525000038,0.124142497,232.7391302
731500,6.030999928,0.124387997,232.7147253
731750,6.974999905,0.124007997,232.7084406
732000,5.623999958,0.123715997,232.690332
732250,6.307999954,0.124351997,232.6909125
732500,6.349999943,0.124635999,232.699162
732750,5.661999912,0.124584998,232.7156653
733000,6.445,0.124485499,232.6993628
733250,6.208999939,0.124251994,232.7039539
733500,5.713999939,0.124629496,232.7012109
733750,6.522999954,0.124430496,232.6935046
734000,6.077999916,0.124670996,232.7117316
734250,5.76399992,0.124335496,232.7042651
734500,6.866999912,0.124236998,232.718963
734750,6.286999931,0.124192496,232.6980103
735000,6.322999954,0.123612496,232.7096674
735250,5.599999924,0.123777998,232.6827557
735500,6.381999969,0.123789998,232.6924005
735750,6.186999931,0.124040497,232.7222729
736000,5.685999928,0.124230498,232.718186
736250,6.499999981,0.124405996,232.7083362
736500,6.499999981,0.124405996,232.7083362
736750,6.12699995,0.123995495,232.7022162
737000,5.71899992,0.124005996,232.7105231
737250,6.87899992,0.124484996,232.6999072
737500,6.237999916,0.124213496,232.6765631
737750,6.387999954,0.124195496,232.7022156
738000,5.608999939,0.124651497,232.7017462
738250,6.352999954,0.124362497,232.707699
738500,6.250999947,0.124057496,232.7047064
738750,5.634999943,0.124490497,232.69138
739000,6.454999981,0.124446998,232.6992603
739250,6.114999924,0.124302996,232.717171
739500,5.667999935,0.123991998,232.7254987
739750,6.90899992,0.124271997,232.667074
740000,6.250999928,0.124263997,232.7188977
740250,6.400999966,0.124048997,232.7038177
740500,5.657999859,0.124672498,232.7007874
740750,6.36599987,0.124126498,232.7166028
741000,6.31699995,0.124642996,232.6994812
741250,5.621999912,0.124186995,232.726076
741500,6.412999973,0.123919498,232.7084045
741750,6.182999935,0.124111497,232.7144238
742000,5.655999928,0.124178497,232.7024744
742250,6.901999893,0.124629498,232.6838586
742500,6.181999931,0.124615998,232.7010016
742750,6.469999962,0.124356996,232.7082257
743000,6.469999962,0.124356996,232.7082257
743250,5.623999958,0.124807496,232.7148047
743500,6.305999947,0.124236498,232.7087854
743750,6.294999962,0.124359498,232.6921625
744000,5.648999958,0.123945997,232.7200208
744250,6.431999989,0.124082997,232.7007703
744500,6.194999962,0.124084998,232.7019397
744750,6.904999943,0.124268998,232.7338098
745000,5.694999905,0.124317496,232.71229
745250,6.129999924,0.124016997,232.6733459
745500,6.493999958,0.123881496,232.7108905
745750,5.66199995,0.124576998,232.6956805
746000,6.250999928,0.124146497,232.701571
746250,6.355999966,0.123555995,232.6876416
746500,5.615,0.124028497,232.7072742
746750,6.949999943,0.124204496,232.7163373
747000,5.996999989,0.124150498,232.7197943
747250,6.585000019,0.124241997,232.7036914
747500,5.770999966,0.124154994,232.7199298
747750,6.131999969,0.124803998,232.7253931
748000,6.516999989,0.124202998,232.6815924
748250,5.690999966,0.124669497,232.6957233
748500,6.257999916,0.124558496,232.7219849
748750,6.377999935,0.124112996,232.6619299
749000,5.637999897,0.124377996,232.7001538
749250,6.389999924,0.124249498,232.6906482
749500,6.389999924,0.124249498,232.6906482
749750,6.240999928,0.124223998,232.6924493
750000,5.670999947,0.124472997,232.7282593
750250,6.930999928,0.124383498,232.687713
750500,6.085999947,0.124516495,232.7020575
750750,6.513999996,0.124014996,232.7160754
751000,5.670999966,0.124168998,232.7224426
751250,6.214999962,0.123943496,232.7014978
751500,6.375999985,0.124041495,232.7189166
751750,5.603999996,0.124509998,232.7074835
752000,6.336000004,0.124106997,232.6988165
752250,6.300999985,0.124031495,232.7085925
752500,5.654000015,0.123760996,232.6841235
752750,6.945999966,0.123927996,232.6932806
753000,6.122999935,0.124207998,232.6986115
753250,5.32,0.124000997,232.6960602
753500,6.894999962,0.124493497,232.7000122
753750,6.190999966,0.124463496,232.7225537
 , , , 
