Name,Out_Active_Power_Station_6,Out_Current_Station_6,Out_Voltage_Station_6
0,255.672998,1.177642465,232.4821069
250,255.5,1.177203469,232.4649622
500,255.5,1.176665983,232.4648834
750,255.5,1.176219468,232.4902264
1000,255.5,1.17564496,232.4778735
1250,255.5,1.175583472,232.4931128
1500,255.5,1.174921975,232.524845
1750,254.1579956,1.174801965,232.501723
2000,255.4659918,1.174130979,232.4857538
2250,255.4749908,1.173597989,232.4907703
2500,254.162995,1.173244486,232.4698663
2750,254.8679913,1.173261456,232.4745142
3000,254.6889966,1.172725983,232.4828577
3250,254.1139954,1.172396994,232.4988898
3500,254.9779926,1.171933484,232.4883868
3750,254.5999963,1.171563463,232.4769702
4000,254.1719934,1.171360984,232.4661407
4250,254.097998,1.170785971,232.4680249
4500,254.7599908,1.17057847,232.4991559
4750,253.75,1.170277967,232.4641937
5000,253.75,1.170018463,232.440387
5250,253.75,1.169733481,232.4578497
5500,253.75,1.169142952,232.4851526
5750,253.75,1.168736453,232.5068671
6000,253.75,1.168736453,232.5068671
6250,253.75,1.168365974,232.4927466
6500,253.75,1.167624965,232.5273621
6750,253.75,1.167610974,232.5050897
7000,253.4410004,1.167409997,232.4747546
7250,252.6729926,1.167168975,232.4968011
7500,253.7249908,1.166833487,232.4726898
7750,252.4249933,1.166199465,232.4791986
8000,253.7039911,1.165917983,232.505506
8250,252.7349933,1.165651965,232.5259375
8500,253.3029944,1.165125937,232.5047223
8750,252.4759937,1.164976463,232.5013513
9000,252.8689935,1.164281468,232.4594678
9250,252.0349854,1.164321465,232.4893073
9500,253.3419952,1.163979492,232.4962177
9750,252.0089868,1.163837981,232.4914514
10000,253.1159918,1.163603001,232.5069775
10250,252.1819934,1.162845469,232.4905859
10500,251.9999847,1.162198973,232.5024969
10750,251.9999847,1.162039938,232.5014825
11000,251.9999847,1.161755462,232.503465
11250,251.9999847,1.161843452,232.5188593
11500,251.9999847,1.160763474,232.5282037
11750,251.9999847,1.160327997,232.5058429
12000,251.6829883,1.160753469,232.5067133
12250,250.9609955,1.160501957,232.4866956
12500,250.9609955,1.160501957,232.4866956
12750,251.9750061,1.160229464,232.498634
13000,251.7830029,1.15973196,232.5043707
13250,250.817995,1.159246445,232.5154431
13500,251.9730054,1.158845472,232.4942212
13750,250.6379968,1.158638954,232.4939441
14000,251.9250018,1.158395972,232.5259937
14250,251.196001,1.157841959,232.5021625
14500,250.285,1.157728472,232.5131213
14750,251.5559973,1.157092466,232.5545313
15000,250.8999969,1.157295942,232.5114185
15250,250.8789978,1.156609969,232.5123065
15500,250.25,1.15597147,232.5290845
15750,250.7559985,1.156183453,232.505379
16000,251.0159979,1.155645971,232.5000824
16250,250.25,1.155588975,232.508576
16500,250.25,1.154805961,232.495177
16750,250.25,1.154653463,232.508244
17000,250.25,1.154343972,232.5072644
17250,250.25,1.154253464,232.4846814
17500,250.25,1.153921466,232.4908411
17750,250.25,1.153360972,232.5093781
18000,250.25,1.153247986,232.4900562
18250,250.25,1.152990479,232.4920001
18500,249.3009967,1.152604475,232.4871881
18750,249.8579932,1.152439952,232.4854175
19000,249.8579932,1.152439952,232.4854175
19250,250.2249908,1.152166953,232.5072827
19500,249.4319916,1.152248454,232.4984558
19750,249.7199939,1.151824455,232.519314
20000,249.9549915,1.151079984,232.5169708
20250,249.1669934,1.151018462,232.4928278
20500,249.1249939,1.150501471,232.5110736
20750,249.8259918,1.150388999,232.5099152
21000,248.5239966,1.149708948,232.4905542
21250,249.4439954,1.149485979,232.5083777
21500,248.8799945,1.149421959,232.5306403
21750,248.8949969,1.149683456,232.5254602
22000,249.3809924,1.149204483,232.5320642
22250,248.5,1.148670979,232.5294501
22500,248.7649982,1.148259473,232.5344989
22750,249.5439905,1.148020477,232.5220563
23000,248.5,1.147733469,232.5194757
23250,248.5,1.147861991,232.5113959
23500,248.5,1.147586484,232.5060815
23750,248.5,1.147081456,232.4996332
24000,248.5,1.146679964,232.4974585
24250,248.5,1.14669796,232.4782257
24500,248.5,1.146393471,232.4873547
24750,248.5,1.146389976,232.4954169
25000,248.252998,1.145687966,232.4905853
25250,247.4459967,1.145374956,232.4868414
25500,247.4459967,1.145374956,232.4868414
25750,248.4750061,1.145069976,232.5047717
26000,247.0869971,1.144518466,232.4979944
26250,248.4500031,1.144235473,232.514754
26500,247.5580011,1.144069982,232.5145294
26750,248.0619995,1.144010496,232.5078827
27000,247.2219965,1.143934984,232.5022076
27250,248.4710046,1.143572946,232.5033136
27500,247.2409991,1.143207994,232.5002502
27750,248.0699982,1.142603965,232.4951215
28000,246.7609991,1.14195899,232.5012415
28250,247.8459985,1.141874971,232.5019232
28500,247.0059991,1.141963959,232.5131378
28750,246.75,1.141890984,232.4973297
29000,247.707998,1.141223965,232.4888159
29250,247.1439996,1.14100698,232.5100256
29500,246.75,1.140497456,232.5253851
29750,246.75,1.140718489,232.5037689
30000,246.75,1.140221977,232.5025146
30250,246.75,1.140096478,232.5081775
30500,246.75,1.140111485,232.5068268
30750,246.75,1.139513969,232.5070886
31000,246.75,1.138915954,232.5109937
31250,246.75,1.139045453,232.5018329
31500,246.75,1.138884974,232.5104028
31750,246.75,1.138686953,232.4972333
32000,246.75,1.138686953,232.4972333
32250,246.3449988,1.138311977,232.4966351
32500,245.7989954,1.13771246,232.5252039
32750,246.7249908,1.137639489,232.5070508
33000,246.5059943,1.137821984,232.5019116
33250,245.6499963,1.137576494,232.5114038
33500,246.7249908,1.137293992,232.5163831
33750,245.3989948,1.136577458,232.5082996
34000,246.1779926,1.135999465,232.5045544
34250,245.9449957,1.136119967,232.5145648
34500,245.4499945,1.13600348,232.4921283
34750,246.2809912,1.135583487,232.5067468
35000,245.8279956,1.135448961,232.4950897
35250,245.5179938,1.135182467,232.5059766
35500,246.3559912,1.134965472,232.5075391
35750,245.0119995,1.134653978,232.4919214
36000,246.1579956,1.134741969,232.4923541
36250,245.2289954,1.134077964,232.4842737
36500,245,1.133974471,232.5026581
36750,245,1.133684459,232.477041
37000,246.3229938,1.133419991,232.5010193
37250,245.1319965,1.133198972,232.4949158
37500,245,1.13327148,232.5155554
37750,245.0409991,1.132436981,232.5465454
38000,245.0159991,1.132321486,232.511908
38250,245,1.132299953,232.4950513
38500,245,1.132299953,232.4950513
38750,245,1.131761994,232.4786328
39000,245,1.131825967,232.5182733
39250,245,1.131534472,232.4798486
39500,244.0799969,1.131247458,232.4992456
39750,244.6219928,1.131114969,232.5070282
40000,244.9749908,1.130694985,232.511123
40250,244.9749908,1.130660973,232.4973492
40500,243.730993,1.130439467,232.484574
40750,244.9359979,1.130104957,232.483905
41000,245,1.130013981,232.4785577
41250,243.9889978,1.129614959,232.5107782
41500,244.5799939,1.129578471,232.5127936
41750,243.8139941,1.129120975,232.5239954
42000,244.9739905,1.128771977,232.533299
42250,243.7139929,1.128777957,232.5021771
42500,244.5389954,1.128325992,232.5195453
42750,243.2549866,1.12825099,232.5000262
43000,244.4429926,1.127829466,232.5228436
43250,243.6239948,1.127597985,232.5098096
43500,244.2789966,1.127237463,232.5044031
43750,243.2499847,1.126892958,232.5049298
44000,243.3719867,1.126627979,232.5141791
44250,244.4199969,1.126330462,232.502793
44500,243.2519855,1.126045446,232.5066248
44750,243.2149854,1.122862458,232.5172748
45000,243.2149854,1.122862458,232.5172748
45250,241.9459973,1.117348957,232.5162756
45500,240.8829962,1.114164467,232.4950482
45750,240.4819946,1.112522454,232.5073999
46000,239.940993,1.108885484,232.5289917
46250,238.4619971,1.105307956,232.5144427
46500,238.493999,1.103470969,232.5178894
46750,235.6149939,1.099119978,232.5083618
47000,236.3959937,1.093028002,232.5446674
47250,233.6999969,1.089691978,232.5222095
47500,233.0599988,1.084761457,232.5223065
47750,231.4449945,1.079086976,232.549762
48000,229.4719934,1.071741982,232.5416821
48250,230.6149921,1.069012985,232.5481543
48500,227.3829919,1.065683479,232.5265308
48750,228.6229919,1.062026973,232.5149713
49000,227.6639978,1.059076457,232.5281775
49250,224.2149976,1.054865484,232.5364825
49500,225.7719904,1.050920472,232.5212561
49750,224.1359961,1.047817502,232.5251801
50000,223.1089948,1.043883491,232.5452338
50250,223.521991,1.040141492,232.5287463
50500,221.4509955,1.035797472,232.516554
50750,221.8489948,1.034962974,232.5540839
51000,219.5599951,1.033403468,232.5535162
51250,220.4119989,1.027299972,232.5794666
51500,220.4119989,1.027299972,232.5794666
51750,220.3029962,1.020775962,232.5856183
52000,214.0879968,1.014682975,232.5616425
52250,217.266994,1.008466444,232.5691797
52500,213.6759961,1.006026468,232.5620264
52750,213.0109985,1.003429475,232.53453
53000,214.453996,0.99917697,232.5419812
53250,212.6089954,0.995626457,232.5395782
53500,212.2479962,0.993930469,232.5713684
53750,210.4999988,0.989698982,232.5805835
54000,209.8689929,0.984610481,232.5879303
54250,209.8549963,0.982745471,232.5654578
54500,208.0029944,0.98639246,232.5544244
54750,211.3199957,0.985904472,232.5788818
55000,208.4939948,0.98166199,232.5838898
55250,207.4379956,0.980387981,232.5548517
55500,209.1709979,0.978009982,232.5618829
55750,208.1609979,0.979490981,232.5602844
56000,207.5759961,0.981982484,232.5554504
56250,209.2899957,0.978190978,232.5498401
56500,207.9519971,0.978589463,232.5438641
56750,208.9989935,0.981639469,232.5170508
57000,208.3769885,0.980882976,232.535752
57250,209.4029968,0.983205984,232.528363
57500,209.1689923,0.98266597,232.5199872
57750,207.2849951,0.980635996,232.5298657
58000,207.2849951,0.980635996,232.5298657
58250,209.1549957,0.980104477,232.5506506
58500,208.1119958,0.980462976,232.5242743
58750,207.5499976,0.983612473,232.5375854
59000,210.8139954,0.987168977,232.5215796
59250,209.6319928,0.986134973,232.5900555
59500,208.4139941,0.98683948,232.5607135
59750,213.1879974,0.993672984,232.5180988
60000,210.387995,0.994956481,232.533418
60250,211.3519971,0.994431458,232.5408032
60500,212.2359961,0.995193954,232.5654651
60750,212.2009973,0.998628461,232.5458838
61000,211.9209973,0.995106955,232.5255945
61250,212.3939984,0.995529969,232.5629706
61500,212.1589966,0.998597972,232.5540826
61750,214.1889972,1.008447986,232.5415778
62000,214.2309943,1.006230471,232.5334723
62250,214.7159967,1.002047963,232.5249304
62500,213.0909967,1.002878959,232.5721533
62750,213.3529962,1.005745473,232.5273438
63000,217.057995,1.009316468,232.5369708
63250,212.2739941,1.00735949,232.5320325
63500,214.6969922,1.013271463,232.5588727
63750,220.001994,1.018712978,232.572132
64000,213.9599969,1.015505478,232.5315466
64250,217.1099945,1.014391468,232.5303851
64500,217.1099945,1.014391468,232.5303851
64750,216.118996,1.016158969,232.5272516
65000,215.8999951,1.014925976,232.5605707
65250,216.5139948,1.016184976,232.5430731
65500,217.1499963,1.016115994,232.5453613
65750,216.0209949,1.012870464,232.5279059
66000,215.6369983,1.009820483,232.5413275
66250,215.3499957,1.012629461,232.5261395
66500,217.1439929,1.011189475,232.5510669
66750,211.8419983,0.983900979,232.5684906
67000,206.9289929,0.986906478,232.5513245
67250,213.3319946,1.005991478,232.5493542
67500,208.840993,0.930652468,232.5825037
67750,170.0889935,0.800130482,232.5915863
68000,153.562998,0.863244493,232.5943787
68250,185.575993,0.89792748,232.5744147
68500,168.5539966,0.825179973,232.5942578
68750,165.7729974,0.832819977,232.5940576
69000,165.3179974,0.802032468,232.6279211
69250,148.5999982,0.763313985,232.608595
69500,144.442998,0.792603481,232.5748413
69750,158.7219946,0.812929981,232.5896515
70000,160.0779968,0.831110477,232.6010254
70250,171.722998,0.83187098,232.6070819
70500,161.7579968,0.802382469,232.5931213
70750,158.8239966,0.790361469,232.6107935
71000,158.8239966,0.790361469,232.6107935
71250,151.1179987,0.813179979,232.5645532
71500,170.9429974,0.852436993,232.574516
71750,165.1609991,0.812940493,232.5801624
72000,160.5289972,0.78088897,232.5912994
72250,138.2429974,0.746979485,232.5954498
72500,150.2339978,0.79008697,232.5960596
72750,153.1329974,0.809639494,232.6001929
73000,176.7449951,0.875513983,232.5632983
73250,153.3570001,0.757533474,232.5730267
73500,145.4659973,0.754778478,232.5911963
73750,140.8019958,0.79420697,232.6178491
74000,175.4229938,0.894864972,232.5756995
74250,165.7489966,0.77539398,232.595058
74500,150.3999982,0.755884476,232.5928345
74750,143.4559991,0.79589798,232.5788928
75000,171.0829956,0.841886473,232.5687854
75250,135.1039957,0.742205484,232.5926984
75500,157.103996,0.839958985,232.5775916
75750,161.6649994,0.798557982,232.6010345
76000,173.1609949,0.828944998,232.6003326
76250,138.6469971,0.701503494,232.6375226
76500,138.9869952,0.765700476,232.5775616
76750,133.4449982,0.733035979,232.6238873
77000,143.2699976,0.756248987,232.6103461
77250,135.1599973,0.699438481,232.605827
77500,135.1599973,0.699438481,232.605827
77750,134.9009976,0.726619475,232.6254913
78000,128.8470007,0.672605984,232.6041864
78250,137.3839972,0.777433486,232.606944
78500,139.6589954,0.744098463,232.6129858
78750,148.4499969,0.77429049,232.5994659
79000,133.011998,0.690695481,232.6380188
79250,137.647998,0.765717483,232.602016
79500,128.0769974,0.655382485,232.6403693
79750,132.9269971,0.74578048,232.6086499
80000,102.6439992,0.503929482,232.6669525
80250,102.8589981,0.701861479,232.5847278
80500,121.3169983,0.683848984,232.6044031
80750,135.3459958,0.771039484,232.5880646
81000,101.0969954,0.523218485,232.643194
81250,104.573999,0.73015048,232.6326318
81500,126.6190005,0.616592488,232.6439777
81750,118.9679984,0.722525971,232.5938037
82000,108.1759988,0.52216799,232.6293542
82250,98.38799713,0.717179463,232.5762878
82500,116.3519965,0.593454494,232.6216278
82750,118.2279971,0.771462467,232.581922
83000,130.9279968,0.61598999,232.615899
83250,109.6659995,0.710702972,232.6130573
83500,108.7569977,0.537718983,232.635921
83750,96.93499756,0.68166249,232.6388489
84000,96.93499756,0.68166249,232.6388489
84250,101.4839969,0.527230983,232.6631085
84500,93.09599823,0.717138987,232.6279218
84750,105.682001,0.525743986,232.6786694
85000,88.77599762,0.683179989,232.6362097
85250,99.73999741,0.476951483,232.6503064
85500,82.73199814,0.642300985,232.6419476
85750,87.15699829,0.445010487,232.6474182
86000,67.36199921,0.62681299,232.6475323
86250,73.97199814,0.377952497,232.6765881
86500,53.02699921,0.551156979,232.6468176
86750,79.03499969,0.409599987,232.6782922
87000,60.64699768,0.579701483,232.6468903
87250,77.59499878,0.373233489,232.6816852
87500,33.21499916,0.415190486,232.6580988
87750,54.7389978,0.348684989,232.6823383
88000,48.77999954,0.466106987,232.6825555
88250,64.98199898,0.327259492,232.7039001
88500,36.28199932,0.515666492,232.6428668
88750,65.89699951,0.354032995,232.6990314
89000,29.8049987,0.326781487,232.6586499
89250,40.84499901,0.273710995,232.6831769
89500,39.34999886,0.440054489,232.6310895
89750,62.03899887,0.339906488,232.6834894
90000,27.75299919,0.421881996,232.6707117
90250,54.43999969,0.32381799,232.7009607
90500,54.43999969,0.32381799,232.7009607
90750,34.02499908,0.384923486,232.672066
91000,57.08599808,0.313277989,232.6728259
91250,22.00499941,0.35938349,232.6525378
91500,44.09599838,0.303539488,232.6974518
91750,24.95899971,0.318520499,232.683241
92000,39.55699875,0.272122495,232.6846991
92250,27.78699989,0.338714989,232.67841
92500,46.36599899,0.306729988,232.6798969
92750,19.60199974,0.322718991,232.6963708
93000,42.04099907,0.285707489,232.6957617
93250,26.92899963,0.326980487,232.6877301
93500,49.77899811,0.296912491,232.716496
93750,19.78599945,0.31268999,232.6805066
94000,40.82199997,0.295498989,232.698139
94250,18.40199966,0.245769493,232.6886902
94500,24.24499916,0.221070495,232.6820093
94750,19.27399971,0.244762498,232.6892822
95000,27.64799957,0.233851991,232.7213464
95250,16.29299969,0.235015997,232.7045953
95500,25.42599922,0.232133996,232.7256995
95750,19.93899956,0.252167494,232.7067639
96000,33.13299942,0.255379495,232.6938348
96250,22.52299938,0.304102992,232.7036664
96500,42.00899918,0.321390495,232.6957922
96750,19.74699959,0.280792488,232.7204407
97000,19.74699959,0.280792488,232.7204407
97250,39.02499954,0.28290949,232.69758
97500,23.21899933,0.26474899,232.6930237
97750,33.58199966,0.294035493,232.7155383
98000,30.74799942,0.328563995,232.6827936
98250,47.8509993,0.328793495,232.6991785
98500,30.83199913,0.341634492,232.7303619
98750,57.83799911,0.403242488,232.6522797
99000,32.32599991,0.291582493,232.7160278
99250,38.07000023,0.314735991,232.6777637
99500,19.91799946,0.33515299,232.665387
99750,53.97899887,0.37625049,232.6967877
100000,30.84699951,0.260747492,232.722467
100250,36.72099899,0.29362949,232.6886273
100500,17.71499939,0.257748495,232.6828107
100750,33.03699921,0.308593498,232.6910486
101000,31.05799911,0.296273495,232.6904431
101250,38.99399933,0.314668992,232.6938916
101500,34.00999962,0.365997981,232.6712646
101750,70.24699875,0.500038483,232.6384979
102000,36.60199921,0.330614495,232.6670428
102250,52.82899857,0.411947488,232.6737555
102500,46.96299789,0.382888988,232.6841241
102750,67.28599991,0.462887975,232.6425153
103000,47.06999847,0.412864995,232.6652338
103250,75.32399811,0.519792994,232.6860492
103500,75.32399811,0.519792994,232.6860492
103750,50.37699745,0.410159487,232.7108026
104000,75.8859996,0.51094649,232.6601947
104250,61.13399902,0.408490996,232.6797473
104500,68.02899673,0.503268483,232.6899615
104750,74.44599945,0.499161488,232.6375531
105000,84.89199554,0.526970494,232.6744727
105250,64.74399918,0.421403494,232.6848492
105500,72.93899994,0.500856991,232.6525391
105750,52.13699829,0.380838982,232.6878412
106000,71.06599808,0.551685492,232.6186908
106250,61.4349984,0.415721487,232.7145447
106500,73.42799866,0.513205484,232.6414343
106750,70.64199875,0.440621483,232.6881226
107000,69.64699783,0.473331987,232.6752954
107250,56.70699875,0.409274991,232.6636023
107500,72.07199768,0.553792496,232.6940356
107750,81.01599792,0.514102986,232.6627301
108000,87.99199768,0.573284974,232.6358881
108250,81.54999878,0.495896993,232.6648743
108500,89.63699951,0.629837484,232.6346118
108750,80.8579982,0.460496486,232.6600891
109000,79.90199814,0.572526481,232.6371686
109250,86.94599579,0.549653494,232.6506189
109500,89.44399719,0.571837487,232.6604901
109750,73.52099854,0.460146997,232.6476416
110000,73.52099854,0.460146997,232.6476416
110250,83.84499786,0.611351492,232.6320984
110500,87.99799805,0.513175987,232.6777319
110750,95.42599701,0.658920982,232.6224585
111000,93.77599945,0.53424349,232.6197943
111250,89.39799988,0.618903487,232.6149792
111500,90.15599792,0.528454479,232.6210828
111750,104.4009998,0.685348477,232.6130579
112000,111.4099951,0.577504487,232.6146198
112250,89.35199829,0.571321993,232.6295386
112500,85.22399963,0.515173482,232.6364832
112750,90.15399628,0.633925474,232.6264996
113000,97.89199738,0.542826486,232.6577216
113250,91.6789978,0.607607493,232.6416412
113500,93.31599823,0.524638488,232.6298114
113750,86.93099731,0.590285487,232.6649219
114000,80.42299774,0.44336049,232.6613086
114250,62.06899963,0.48824499,232.6730841
114500,75.3319986,0.484721991,232.6889539
114750,83.43299835,0.58854548,232.6354816
115000,85.76199738,0.470376489,232.6970343
115250,74.30599915,0.55095798,232.6784424
115500,80.04799881,0.454133985,232.6550818
115750,74.40799866,0.53944999,232.6662103
116000,73.03099838,0.396906499,232.6904907
116250,50.85799881,0.469869988,232.6599377
116500,50.85799881,0.469869988,232.6599377
116750,67.11999725,0.430370995,232.6827844
117000,62.48699921,0.456376491,232.6845599
117250,69.24799942,0.422817988,232.6876984
117500,65.21499786,0.472463493,232.665896
117750,60.92199814,0.352832493,232.6939862
118000,42.85299927,0.425785986,232.6641498
118250,51.78399841,0.335131985,232.6954327
118500,47.60099869,0.455971991,232.6577545
118750,63.39699806,0.325408992,232.7227704
119000,13.59799965,0.218619497,232.6881464
119250,31.36099873,0.380170488,232.6740759
119500,55.68299835,0.375456989,232.6671167
119750,43.83999847,0.366301994,232.683266
120000,42.72100006,0.310504495,232.6875623
120250,32.45599991,0.339873989,232.7077295
120500,48.70299866,0.320075495,232.7322833
120750,29.99199921,0.323632495,232.7013922
121000,46.39499863,0.325532489,232.6897772
121250,20.45399963,0.228755496,232.6711707
121500,30.2029995,0.360610486,232.6824835
121750,57.50699844,0.363424989,232.6887451
122000,26.34299896,0.277732494,232.7179529
122250,36.63499924,0.296353994,232.7072266
122500,28.87399933,0.307216988,232.6866681
122750,46.24299973,0.325404495,232.7088129
123000,46.24299973,0.325404495,232.7088129
123250,27.90199944,0.312809989,232.7054834
123500,42.66499924,0.332673492,232.6757794
123750,26.16899971,0.298466492,232.6970007
124000,46.50999863,0.324952484,232.7009015
124250,25.84599983,0.239170496,232.6805542
124500,24.5,0.241000994,232.6789618
124750,19.67999985,0.259590992,232.7160828
125000,31.74899948,0.291451995,232.7030511
125250,23.01199894,0.231371498,232.6808356
125500,24.27099983,0.243413997,232.6936603
125750,19.46399963,0.221508996,232.7200446
126000,24.4629998,0.252518494,232.7019525
126250,23.29799904,0.231428499,232.671355
126500,21.02199951,0.234836491,232.6924097
126750,33.6289994,0.319661498,232.6810266
127000,31.78399872,0.244502999,232.6986145
127250,21.02899979,0.291099496,232.6775476
127500,52.80699814,0.406816986,232.6640131
127750,38.30899895,0.248530993,232.6913458
128000,17.97299934,0.216209,232.7019049
128250,21.2729995,0.230314497,232.6812677
128500,32.89099869,0.296511995,232.6846741
128750,27.06899963,0.245614992,232.69362
129000,37.3359993,0.336498487,232.6775702
129250,31.90599808,0.271673992,232.6846265
129500,31.90599808,0.271673992,232.6846265
129750,39.35999863,0.356115992,232.6695551
130000,30.95699898,0.277796989,232.6996039
130250,44.3279985,0.394995495,232.6544189
130500,40.07799973,0.302455996,232.6914355
130750,39.33699966,0.291938499,232.6566425
131000,37.37099915,0.330305498,232.6933209
131250,43.69099899,0.342087988,232.6530933
131500,47.4389978,0.280343497,232.70177
131750,20.66999985,0.219737998,232.6950165
132000,20.68899933,0.211928496,232.700116
132250,19.63999985,0.216061493,232.701402
132500,19.64499962,0.216767995,232.7136011
132750,19.87699921,0.216023995,232.6984509
133000,16.59099972,0.216318497,232.7296204
133250,23.6799992,0.239678495,232.6495764
133500,23.29299957,0.265894493,232.6923938
133750,50.87899933,0.472636487,232.6527783
134000,51.48499954,0.312884492,232.6857953
134250,49.08199875,0.450787497,232.6786334
134500,101.2259973,0.81051748,232.5769495
134750,191.1789948,0.980292482,232.5368994
135000,211.1899945,0.988879476,232.5364264
135250,209.4489935,0.98756448,232.5563281
135500,209.1549951,0.969926977,232.5447858
135750,186.087998,0.637138983,232.6496576
136000,186.087998,0.637138983,232.6496576
136250,39.49299889,0.332994989,232.70625
136500,50.89899887,0.450541989,232.6783575
136750,67.36199829,0.419632986,232.6919647
137000,46.65599899,0.332710496,232.7012018
137250,30.22099937,0.38171449,232.7026404
137500,127.6809973,0.929057465,232.5534009
137750,205.6989972,0.968768969,232.5488507
138000,207.7379987,0.971693487,232.5614661
138250,207.8229938,0.972501483,232.5607642
138500,203.7129944,0.922032468,232.5499792
138750,141.8479947,0.566423001,232.6628284
139000,63.21599777,0.373830994,232.6564355
139250,44.24499893,0.350178989,232.7089313
139500,50.43599976,0.384603994,232.6979138
139750,52.55799805,0.358917496,232.7025848
140000,49.30299942,0.675360483,232.6271533
140250,184.9959962,0.957402489,232.5606824
140500,206.6039929,0.972568967,232.5713293
140750,207.8549976,0.974003487,232.5512256
141000,206.7459955,0.964797475,232.5629535
141250,177.6779944,0.701970973,232.6464819
141500,77.88099869,0.435921994,232.673739
141750,63.33499924,0.451687486,232.6682574
142000,56.6009993,0.317861989,232.6871045
142250,30.35599873,0.393688991,232.6653473
142500,30.35599873,0.393688991,232.6653473
142750,37.87399887,0.513219981,232.6444031
143000,159.8289978,0.951795466,232.5478253
143250,206.3170007,0.976250474,232.5341711
143500,208.1469965,0.978449984,232.5624561
143750,210.6559949,0.98212647,232.5446655
144000,187.8189948,0.78827148,232.6279291
144250,82.36999786,0.389631492,232.7071613
144500,49.89799866,0.37489199,232.6729712
144750,45.2319989,0.312207986,232.6843292
145000,25.72499992,0.231542497,232.6769208
145250,21.45599922,0.199841497,232.7034589
145500,16.61599941,0.201548992,232.6838739
145750,18.6259996,0.212956992,232.7085144
146000,20.03899948,0.21503049,232.6850159
146250,20.67099953,0.220365496,232.711095
146500,19.69200012,0.193801497,232.7192352
146750,16.5679995,0.218868996,232.6730756
147000,23.95799973,0.227013992,232.6976434
147250,20.89699951,0.225350994,232.6950336
147500,24.20199989,0.234417998,232.6722571
147750,27.90499969,0.227865491,232.6943719
148000,15.90999981,0.208903491,232.6841797
148250,22.60599991,0.226295995,232.6672986
148500,23.27799934,0.229851993,232.7180267
148750,20.99999969,0.226903495,232.6913696
149000,20.99999969,0.226903495,232.6913696
149250,25.19999939,0.227603495,232.7136005
149500,19.29399967,0.206618993,232.6886743
149750,23.40299988,0.242178992,232.6932965
150000,27.62799973,0.249966498,232.7210907
150250,27.80799942,0.255311992,232.7309314
150500,27.4439991,0.259628994,232.7238751
150750,24.35899895,0.209877493,232.7054431
151000,22.20999947,0.242048491,232.6974359
151250,26.48399986,0.247923493,232.747132
151500,26.61999901,0.248767996,232.7217999
151750,26.29999924,0.256954495,232.7001782
152000,38.15899887,0.306302494,232.7047314
152250,31.56099937,0.255471492,232.7236499
152500,28.81199921,0.256674495,232.7130017
152750,27.0279995,0.245170996,232.6836658
153000,26.84999924,0.255732496,232.7067767
153250,32.87300026,0.301959499,232.6880353
153500,41.90799896,0.279250995,232.7092346
153750,26.71399918,0.243914995,232.6893939
154000,29.20199974,0.244061494,232.6966516
154250,23.06099968,0.235919498,232.6960974
154500,23.50699974,0.206306494,232.7247937
154750,18.11999969,0.226083494,232.7220367
155000,24.23699997,0.23244749,232.6989227
155250,22.98899971,0.225413992,232.7012079
155500,22.98899971,0.225413992,232.7012079
155750,23.43400009,0.231307994,232.7044348
156000,23.42899925,0.233125994,232.7259302
156250,24.38299995,0.235692992,232.7053619
156500,24.01799995,0.234598994,232.7057794
156750,22.17899963,0.229064491,232.6950336
157000,22.90999985,0.223973994,232.688299
157250,20.98999931,0.217600994,232.6846442
157500,21.42699921,0.211002994,232.7188031
157750,23.8109996,0.273149494,232.7030109
158000,29.91099846,0.215781997,232.7153296
158250,18.12699963,0.222377493,232.6883447
158500,22.46999886,0.221421497,232.6858832
158750,21.55399857,0.210833998,232.712121
159000,19.25199997,0.20624949,232.7020349
159250,17.82699944,0.198420992,232.6953149
159500,16.97400002,0.194231992,232.6881079
159750,16.66999969,0.191194493,232.6975391
160000,16.28999981,0.202757995,232.7070844
160250,18.30699986,0.198405996,232.7193463
160500,16.54399956,0.190076993,232.6901288
160750,16.28399982,0.193223496,232.699162
161000,15.97499969,0.193167998,232.6947614
161250,16.83799957,0.198043996,232.7002429
161500,16.84399971,0.194990492,232.6994275
161750,17.5,0.197199996,232.7065131
162000,17.5,0.197199996,232.7065131
162250,16.99799995,0.189776995,232.6850427
162500,14.8229995,0.185120997,232.7098138
162750,15.40399975,0.189175496,232.7270428
163000,17.8129998,0.210950494,232.7101868
163250,20.03899971,0.215735494,232.6952905
163500,23.41499992,0.258538992,232.6961627
163750,30.84899925,0.249574996,232.7072656
164000,29.23699913,0.323954989,232.6890497
164250,44.13599915,0.301939993,232.6908661
164500,26.04699997,0.337076492,232.6977557
164750,53.38299881,0.335430503,232.6867212
165000,36.44499962,0.297008995,232.6878638
165250,41.2220002,0.339483495,232.6967853
165500,46.84499802,0.333330986,232.6838586
165750,37.9059993,0.311943496,232.7144684
166000,43.65799866,0.312931993,232.699787
166250,32.77399994,0.358918986,232.6892102
166500,54.67099838,0.360893493,232.692948
166750,35.29799942,0.320894493,232.6880579
167000,50.51700012,0.329120491,232.6702509
167250,36.7209993,0.38384149,232.6794263
167500,62.38599838,0.402466986,232.6873248
167750,38.4789991,0.328826996,232.6881372
168000,48.12599899,0.339720489,232.7006506
168250,42.08099976,0.383553491,232.6807635
168500,42.08099976,0.383553491,232.6807635
168750,70.07799866,0.411952491,232.6657074
169000,37.67099915,0.375552486,232.6992133
169250,60.38899857,0.406573493,232.6719397
169500,43.51599915,0.360919495,232.7118579
169750,61.08999771,0.410184498,232.6692834
170000,50.90899887,0.386582496,232.704978
170250,63.64499863,0.403055983,232.7036487
170500,40.77099945,0.34598199,232.6974646
170750,55.10399948,0.386454996,232.6649866
171000,49.22499908,0.39186649,232.6905774
171250,71.39599854,0.426382494,232.6717151
171500,44.6069986,0.36011649,232.6902338
171750,62.55199844,0.471581987,232.6859454
172000,73.36099884,0.52969498,232.6595776
172250,103.9409982,0.653977981,232.6316998
172500,107.0219965,0.56041398,232.6410022
172750,58.85099869,0.422676991,232.6703467
173000,82.65599762,0.547321497,232.6388361
173250,63.5749971,0.428179488,232.6868262
173500,86.15299835,0.573025978,232.6437714
173750,62.1769989,0.403508484,232.6716901
174000,66.63999756,0.462394987,232.6298358
174250,63.82799881,0.456548487,232.6306818
174500,93.6959967,0.604067981,232.6458032
174750,75.85799774,0.469172996,232.6527771
175000,75.85799774,0.469172996,232.6527771
175250,90.35599823,0.611896484,232.6431213
175500,79.16899872,0.499898992,232.611239
175750,102.7629961,0.662752979,232.6460101
176000,101.2649982,0.546853483,232.6443549
176250,96.73199615,0.612832489,232.6512549
176500,89.68399719,0.562446992,232.6818323
176750,101.4209979,0.639158471,232.6490735
177000,108.8559967,0.625261476,232.6447205
177250,87.4559964,0.494329983,232.6615051
177500,69.55600098,0.452714988,232.6468677
177750,80.89299896,0.549912989,232.6407922
178000,74.71899826,0.431668988,232.6772516
178250,70.33799957,0.495771989,232.668476
178500,73.45399811,0.464126993,232.6584985
178750,81.1379982,0.590922985,232.6115448
179000,103.3219974,0.623624489,232.620675
179250,85.28899811,0.43396798,232.654978
179500,73.99399918,0.604872983,232.6550891
179750,73.46899887,0.416727993,232.6849622
180000,74.30099731,0.62775949,232.6228271
180250,100.1459976,0.54028898,232.6554498
180500,83.79199707,0.539505479,232.6440015
180750,75.48899902,0.427462491,232.6830743
181000,67.77499847,0.527719984,232.6388275
181250,73.87199844,0.43301599,232.6822992
181500,73.87199844,0.43301599,232.6822992
181750,73.32699722,0.582481477,232.6434442
182000,83.40599701,0.439275489,232.6776648
182250,63.33299881,0.515556984,232.6936981
182500,71.86700012,0.382501489,232.6914014
182750,49.25199921,0.474638982,232.6361572
183000,78.89699768,0.500662485,232.6888983
183250,76.01999969,0.483139993,232.6569531
183500,77.15799957,0.51208549,232.6246991
183750,86.85499847,0.56894798,232.6329877
184000,83.13299988,0.460234489,232.6855426
184250,57.47799927,0.408928493,232.6633551
184500,67.81699921,0.559759994,232.6525012
184750,90.62299713,0.51037549,232.6809644
185000,73.68299713,0.494050485,232.6803839
185250,78.12399963,0.501252484,232.6628656
185500,81.82799866,0.531685989,232.6403845
185750,79.44799591,0.460303993,232.6520331
186000,64.60399948,0.504090987,232.6578516
186250,78.79399811,0.467580988,232.6581952
186500,66.61999908,0.468035491,232.6424249
186750,69.09399933,0.436536992,232.6585541
187000,60.98899872,0.450005499,232.6633691
187250,63.64099838,0.379984998,232.6573712
187500,50.2529985,0.419705483,232.6971924
187750,65.80599915,0.39775499,232.6623224
188000,65.80599915,0.39775499,232.6623224
188250,44.72999969,0.374372494,232.6471619
188500,53.08099869,0.391050992,232.6573779
188750,50.23999908,0.364485997,232.6893054
189000,43.65899963,0.301250496,232.7030737
189250,35.94299911,0.314740493,232.6818744
189500,47.50299911,0.36522199,232.6811066
189750,47.53999969,0.319222996,232.6605774
190000,36.32599976,0.354326998,232.6684003
190250,48.31899841,0.333830495,232.6763123
190500,27.98099907,0.26303449,232.6915704
190750,30.22199913,0.264642998,232.6794885
191000,29.00499931,0.253563997,232.6764746
191250,26.39599953,0.286934997,232.6911133
191500,39.97899887,0.287765491,232.6919781
191750,32.40699982,0.275032494,232.6973535
192000,33.24299835,0.249013994,232.6961554
192250,18.19699997,0.2108265,232.7128107
192500,19.775,0.231248496,232.6989209
192750,27.29499886,0.249497994,232.6722186
193000,24.66599907,0.265960989,232.7010114
193250,29.9909996,0.258355995,232.6893866
193500,27.48299934,0.244780993,232.6870013
193750,19.66099968,0.204335995,232.6911163
194000,19.19200012,0.216067496,232.6796661
194250,22.68999962,0.231817995,232.7180493
194500,22.68999962,0.231817995,232.7180493
194750,19.60799934,0.205863993,232.691131
195000,17.5,0.202912994,232.6949689
195250,18.21699982,0.210204995,232.6938251
195500,19.25,0.210653492,232.6838428
195750,17.7029998,0.206150998,232.6941565
196000,18.66699959,0.211136495,232.6809937
196250,19.93199928,0.217887493,232.66198
196500,21.95999962,0.225386996,232.7004889
196750,22.06399948,0.232380492,232.6766882
197000,24.49200005,0.240807994,232.6753284
197250,27.16999969,0.246012495,232.6751208
197500,27.01999962,0.255305496,232.678562
197750,28.18599884,0.260209495,232.6946741
198000,31.09399963,0.280461996,232.6830249
198250,40.89499924,0.311710992,232.6959271
198500,36.66899918,0.283983999,232.6824091
198750,33.26699844,0.291508493,232.6914417
199000,41.85399918,0.313764988,232.6870349
199250,39.8619989,0.297119495,232.7104498
199500,37.57999985,0.328419994,232.6932178
199750,56.35999924,0.393191998,232.7056732
200000,55.41999878,0.365619988,232.6567786
200250,56.99499786,0.406438985,232.6703534
200500,67.97999786,0.448420494,232.6763928
200750,69.45899841,0.455432488,232.6704346
201000,69.45899841,0.455432488,232.6704346
201250,63.06599884,0.357659487,232.6856482
201500,50.85399826,0.381058987,232.6935388
201750,69.74499863,0.477580487,232.6372736
202000,75.44299683,0.423886998,232.683595
202250,68.52299744,0.431678991,232.6766907
202500,59.90999771,0.408828483,232.6663843
202750,79.89699829,0.540265496,232.6463788
203000,87.33199738,0.484706491,232.6516357
203250,79.38399933,0.506332988,232.6530756
203500,95.31399811,0.587322481,232.6285156
203750,96.76499603,0.547753978,232.6225708
204000,88.09499756,0.524589481,232.6513544
204250,88.63299805,0.53029249,232.610177
204500,89.53499725,0.512267492,232.6533447
204750,81.91799866,0.477451488,232.6517145
205000,80.70599854,0.512260489,232.6355353
205250,94.52599854,0.597052479,232.6173224
205500,103.3049969,0.588659489,232.6134967
205750,88.9109964,0.478454487,232.6689966
206000,84.98499786,0.580299485,232.6336658
206250,102.9939993,0.59921248,232.61789
206500,97.98699738,0.53298599,232.6342487
206750,87.85599823,0.521729491,232.6717999
207000,86.25800018,0.526095989,232.6564246
207250,86.41799774,0.513551998,232.6561633
207500,86.41799774,0.513551998,232.6561633
207750,86.52499939,0.533882976,232.6822998
208000,87.96399933,0.539735487,232.6514508
208250,85.37399597,0.490831491,232.6598511
208500,84.22899994,0.567220485,232.621369
208750,98.66699707,0.560732996,232.6577057
209000,88.70299927,0.526215487,232.6619696
209250,79.995,0.499224988,232.6469696
209500,89.09399994,0.572986999,232.6173145
209750,95.12700012,0.560295477,232.6406714
210000,91.32099731,0.561346984,232.6447363
210250,90.88599731,0.507860494,232.6643396
210500,77.95299805,0.532948992,232.6240576
210750,91.41299683,0.539406984,232.646355
211000,82.1059964,0.508793987,232.6531854
211250,87.51999756,0.618983481,232.6419458
211500,105.4850003,0.590396492,232.6333698
211750,94.11199799,0.557355988,232.6720355
212000,94.52599548,0.549352484,232.6561377
212250,92.54899994,0.612074482,232.6365131
212500,102.0539966,0.591792986,232.6404987
212750,96.81200043,0.60121799,232.6181549
213000,102.1819971,0.618936996,232.6418909
213250,111.9719955,0.689899483,232.6098199
213500,127.4639951,0.728631458,232.6270111
213750,126.3909973,0.70456049,232.6574518
214000,126.3909973,0.70456049,232.6574518
214250,120.0849973,0.652771473,232.6284985
214500,110.4349973,0.667096491,232.6325159
214750,121.3879956,0.640912988,232.622641
215000,102.3849963,0.634579995,232.6325458
215250,113.3699973,0.69006098,232.6285217
215500,121.8409964,0.676959968,232.6329059
215750,109.9399973,0.647784483,232.64034
216000,117.9029968,0.733082998,232.6227002
216250,138.2339984,0.74882498,232.618266
216500,130.3929968,0.717789996,232.6089441
216750,120.9459976,0.670201473,232.6104327
217000,118.2269983,0.692970479,232.6357068
217250,118.3759967,0.687912493,232.6328729
217500,120.3149985,0.683922486,232.629906
217750,123.953999,0.697163987,232.6370349
218000,122.5119955,0.690195987,232.5926129
218250,120.6529944,0.670987983,232.6366504
218500,114.8449976,0.680813985,232.6351141
218750,120.1429962,0.673958983,232.6167542
219000,106.660997,0.637342491,232.6628741
219250,109.2379977,0.652961979,232.622428
219500,110.3359967,0.662063985,232.6253149
219750,123.872999,0.711597466,232.5917285
220000,131.333996,0.722148483,232.6124347
220250,131.8339987,0.729942977,232.6034839
220500,131.8339987,0.729942977,232.6034839
220750,129.5799985,0.733246975,232.6034424
221000,132.391001,0.724716473,232.5916095
221250,130.6809964,0.720585978,232.629776
221500,128.853996,0.737227981,232.6043848
221750,141.383996,0.736600482,232.6408179
222000,134.3969983,0.759723992,232.5697534
222250,144.747998,0.784183488,232.6095313
222500,150.8869989,0.778305478,232.58276
222750,147.9039948,0.789081979,232.5902643
223000,154.1980005,0.839446986,232.5769781
223250,181.1909973,0.911552484,232.575036
223500,176.4049976,0.874700482,232.5717236
223750,174.2289948,0.879056983,232.5479138
224000,166.7539941,0.835059485,232.593761
224250,166.5419995,0.834232984,232.5966876
224500,160.3679938,0.821366985,232.5621936
224750,164.1439966,0.863528981,232.5869214
225000,179.778999,0.905180976,232.5273615
225250,175.2549994,0.854794471,232.6017383
225500,157.777995,0.816983993,232.5601715
225750,159.0049957,0.816429973,232.573576
226000,152.9499969,0.786295972,232.5972729
226250,140.7880005,0.756687484,232.5910736
226500,150.6069986,0.811695981,232.5944092
226750,154.5099945,0.807326987,232.5855792
227000,154.5099945,0.807326987,232.5855792
227250,151.0219989,0.79745048,232.5739221
227500,151.7819977,0.808784986,232.5916034
227750,147.0609985,0.739766977,232.6280096
228000,132.9439972,0.73736048,232.614201
228250,137.2259973,0.733411989,232.5899402
228500,130.3049966,0.683186982,232.6180585
228750,121.7629977,0.722166479,232.5734015
229000,129.6659961,0.728026471,232.6094025
229250,133.8199985,0.728756492,232.6223871
229500,128.288996,0.683953485,232.6251605
229750,119.3329996,0.678789983,232.6237793
230000,117.4099973,0.639649987,232.5910675
230250,109.7239972,0.662592986,232.611228
230500,119.5649982,0.677986486,232.6204919
230750,111.7169983,0.624238989,232.630401
231000,100.3369989,0.591797984,232.6573389
231250,98.50499908,0.596486986,232.6205951
231500,98.06799591,0.57404599,232.6403381
231750,93.41899963,0.539151988,232.6113531
232000,77.56999817,0.454547989,232.6494556
232250,70.54299835,0.475610987,232.6611011
232500,77.02299866,0.479656986,232.6730078
232750,74.0189975,0.493647988,232.642226
233000,80.81799805,0.492354982,232.6560754
233250,75.80499878,0.472141988,232.6615546
233500,75.80499878,0.472141988,232.6615546
233750,67.51799927,0.433246988,232.6566669
234000,68.94299683,0.447842989,232.651571
234250,68.32199768,0.443491496,232.6547546
234500,64.86199829,0.432507488,232.6172992
234750,68.79299835,0.460137981,232.6497546
235000,64.04499924,0.380498991,232.6506171
235250,53.16499802,0.398928492,232.6856909
235500,61.7069989,0.39837099,232.6464923
235750,59.60799835,0.407388991,232.6621863
236000,65.7139975,0.456145985,232.6651947
236250,68.14499878,0.42923599,232.65698
236500,59.41799942,0.390049987,232.6627045
236750,57.75699814,0.383944995,232.6516504
237000,49.26399796,0.328226992,232.6669067
237250,44.35399887,0.363241992,232.6750995
237500,59.97199814,0.439157993,232.6629871
237750,61.7219989,0.398018492,232.7052972
238000,56.45099808,0.42310199,232.6636572
238250,66.28599808,0.417296491,232.6523187
238500,55.78099869,0.373819492,232.6899457
238750,53.34699814,0.352405491,232.6773505
239000,47.06299911,0.324961996,232.6765619
239250,46.58799942,0.374142998,232.6361072
239500,56.18899857,0.420160496,232.6668512
239750,65.82699768,0.438263488,232.6580695
240000,65.82699768,0.438263488,232.6580695
240250,64.80899963,0.403343991,232.6414746
240500,53.06399857,0.375020496,232.6739874
240750,61.63899841,0.45318498,232.6749713
241000,73.58599792,0.458138496,232.6555463
241250,60.4419989,0.352073991,232.6783142
241500,43.99999893,0.354803994,232.687403
241750,62.13999847,0.45511699,232.6544977
242000,78.79099945,0.489300983,232.6687408
242250,76.01199951,0.468290486,232.643266
242500,72.68099762,0.47019948,232.6447308
242750,73.74899902,0.465823994,232.654682
243000,70.5869989,0.503506489,232.6597168
243250,86.21799896,0.500357991,232.6630841
243500,69.70699768,0.443412982,232.6720972
243750,75.64799988,0.517205474,232.6396173
244000,89.55099701,0.540915477,232.6604895
244250,90.16599823,0.567294984,232.6363861
244500,92.67000061,0.559996002,232.6499323
244750,92.17099915,0.579299488,232.6437695
245000,106.0239984,0.633913488,232.6288336
245250,108.667998,0.599828,232.6554028
245500,94.42799927,0.565036991,232.6509857
245750,98.31199768,0.619818482,232.6218427
246000,110.1219974,0.646532972,232.6164105
246250,115.3179977,0.700166473,232.6364404
246500,115.3179977,0.700166473,232.6364404
246750,133.9869977,0.742573471,232.6044666
247000,132.8209973,0.720109484,232.6101147
247250,133.6669943,0.773598974,232.6116827
247500,158.6589929,0.848727982,232.5777722
247750,172.652995,0.858542471,232.5682727
248000,162.8989984,0.831011987,232.5736121
248250,174.0579962,0.905537491,232.587442
248500,180.8069934,0.88631598,232.599696
248750,178.3339929,0.897537973,232.5835883
249000,190.0779974,0.923504977,232.5754242
249250,178.5249951,0.872638488,232.5446729
249500,178.6509985,0.884458487,232.6027228
249750,173.2649957,0.875688469,232.5594263
250000,188.533999,0.96822947,232.5739075
250250,203.8999957,0.953934975,232.5731439
250500,190.9009961,0.904258478,232.5872656
250750,183.7650006,0.91878149,232.562323
251000,194.7159961,0.938662987,232.5642114
251250,186.9699969,0.892431977,232.5987042
251500,182.0149969,0.912639484,232.5723767
251750,191.7069946,0.944009485,232.5691864
252000,188.9609949,0.888133476,232.6157794
252250,186.0919928,0.937171972,232.5708557
252500,196.5799963,0.949445972,232.5512097
252750,192.8819928,0.902229469,232.5979376
253000,192.8819928,0.902229469,232.5979376
253250,189.7279913,0.958705478,232.5736725
253500,198.3289984,0.95917398,232.6155725
253750,211.9819995,1.022841473,232.5578961
254000,203.7109937,0.928998969,232.5615601
254250,197.8999939,0.988972964,232.5240356
254500,200.6449963,0.909517479,232.5974884
254750,185.9609967,0.942312489,232.5879199
255000,198.8569977,0.959134459,232.5658484
255250,197.9909955,0.936942976,232.5725696
255500,184.1029974,0.861335471,232.6009613
255750,171.9679974,0.875331478,232.5868628
256000,172.5699976,0.857602503,232.5728607
256250,178.7909961,0.904047482,232.5599615
256500,178.7499951,0.855850976,232.6036163
256750,164.2649969,0.84116647,232.6134344
257000,162.5419946,0.80682349,232.6082825
257250,147.2229968,0.772490966,232.6119922
257500,142.1609973,0.746003981,232.609986
257750,143.907995,0.775963979,232.5808502
258000,136.7189966,0.720975988,232.6028412
258250,132.037998,0.745864966,232.608042
258500,139.8219958,0.754991465,232.6256744
258750,134.9959979,0.716228981,232.6119952
259000,125.9259995,0.721763988,232.6312451
259250,129.9309973,0.706112983,232.6057874
259500,129.9309973,0.706112983,232.6057874
259750,123.1059979,0.669502482,232.6421613
260000,107.2719962,0.574607487,232.6478351
260250,97.67699768,0.608915482,232.63745
260500,103.8709998,0.547704983,232.6542365
260750,87.09899872,0.581674488,232.6494031
261000,98.3989975,0.584446485,232.6545282
261250,94.09900238,0.535294991,232.6281708
261500,80.01099884,0.515786989,232.6527228
261750,87.25499664,0.52230649,232.6373419
262000,87.39699738,0.520789986,232.6357617
262250,80.77600037,0.513986983,232.661698
262500,82.38699768,0.505165985,232.6625464
262750,78.80300018,0.496313485,232.6478766
263000,78.65099976,0.488095988,232.6588806
263250,72.90299774,0.453480484,232.6647235
263500,78.37999969,0.554451989,232.6578497
263750,96.35200073,0.569158492,232.6492426
264000,87.33199707,0.50176598,232.6520416
264250,71.58399841,0.47236249,232.6607062
264500,73.91699951,0.450405982,232.6822107
264750,66.2769989,0.503192989,232.6526501
265000,86.56399811,0.509956489,232.6351135
265250,79.76999878,0.46477849,232.6402179
265500,65.83399887,0.473227489,232.6696741
265750,78.88499817,0.470662479,232.6317395
266000,78.88499817,0.470662479,232.6317395
266250,69.16299988,0.445733492,232.6635065
266500,67.79599792,0.41146799,232.6717865
266750,51.71699844,0.358769988,232.6812421
267000,54.32699951,0.396117988,232.6768817
267250,60.70299835,0.376849493,232.7130188
267500,49.37099869,0.397296989,232.6761316
267750,62.19399826,0.410123489,232.6846484
268000,56.7169989,0.415115491,232.6564825
268250,68.93099884,0.467535493,232.6692902
268500,72.96899933,0.456798488,232.6717291
268750,71.73999786,0.451046982,232.6527142
269000,68.32299866,0.44721149,232.6591315
269250,71.68799896,0.459330486,232.6494678
269500,66.54599854,0.411347996,232.663017
269750,55.28199799,0.364232488,232.6689801
270000,55.75599823,0.399122986,232.6768652
270250,66.92799942,0.479025488,232.6523523
270500,80.49199829,0.4868655,232.6646088
270750,72.71299805,0.432856994,232.6828827
271000,56.9629985,0.411207486,232.6774103
271250,67.2359993,0.431631989,232.7068671
271500,55.96799835,0.406635987,232.686488
271750,72.71799927,0.474252,232.6703864
272000,76.67199951,0.469862489,232.6657782
272250,69.52199982,0.436255493,232.6888367
272500,69.52199982,0.436255493,232.6888367
272750,64.87399796,0.46186698,232.6912366
273000,84.25499695,0.563185482,232.6276129
273250,88.57599823,0.561657476,232.654483
273500,101.6469968,0.61419698,232.6605054
273750,106.403999,0.637489498,232.6254749
274000,103.2769977,0.590173488,232.6516992
274250,98.74499695,0.586077988,232.637746
274500,98.39899689,0.613131983,232.6370734
274750,108.2219974,0.657522488,232.6406555
275000,119.5219955,0.675157475,232.6190997
275250,114.8109973,0.686707993,232.6035791
275500,130.1719989,0.723040988,232.6005316
275750,116.0379965,0.673713472,232.6309155
276000,134.1079956,0.754685986,232.5719708
276250,132.6209967,0.712005992,232.6173694
276500,138.3309998,0.780919979,232.6384729
276750,143.9769965,0.764170976,232.5957776
277000,145.2139972,0.811578979,232.5841461
277250,159.2809967,0.837969482,232.6035785
277500,165.2499957,0.837980487,232.5835217
277750,165.3999945,0.864635479,232.5829614
278000,179.6219971,0.887846477,232.5552954
278250,171.3949988,0.851448987,232.5790961
278500,168.2969965,0.866193972,232.591795
278750,174.4709955,0.872945464,232.5742749
279000,174.4709955,0.872945464,232.5742749
279250,179.2279974,0.901897957,232.5742969
279500,181.8529926,0.882230482,232.5670331
279750,177.27,0.885583982,232.5398822
280000,173.6889966,0.858646977,232.601579
280250,173.0829968,0.868498983,232.5826093
280500,169.7589941,0.855985978,232.5911139
280750,171.3480011,0.86293999,232.5490192
281000,176.2650006,0.873232474,232.5673218
281250,167.8729968,0.830332992,232.5658429
281500,170.256994,0.867878976,232.5662518
281750,170.5899957,0.845973983,232.5355542
282000,165.0339978,0.854726989,232.5469543
282250,175.8199963,0.881043477,232.5729456
282500,170.6609949,0.835198476,232.5842657
282750,163.3709967,0.834516978,232.5525769
283000,171.993996,0.881322479,232.5874097
283250,175.2039972,0.847598982,232.5683545
283500,161.5349982,0.81912899,232.5934967
283750,162.3539966,0.856797986,232.570899
284000,166.9609949,0.809596479,232.5964032
284250,150.8059998,0.774969482,232.5986108
284500,147.133996,0.810550969,232.5849304
284750,163.8699982,0.819317982,232.6083698
285000,151.0649945,0.771733477,232.6106506
285250,140.6559985,0.767642474,232.5790924
285500,140.6559985,0.767642474,232.5790924
285750,142.6559967,0.744787478,232.6089117
286000,136.4179987,0.764553473,232.5974884
286250,138.1949969,0.731214478,232.6080573
286500,134.8979974,0.750619986,232.5849548
286750,140.8869971,0.767399485,232.6087219
287000,137.2849969,0.700370483,232.6055786
287250,122.8209979,0.707144492,232.6142419
287500,131.7329974,0.731009979,232.5749133
287750,129.6699994,0.724727492,232.6221826
288000,124.807998,0.69497447,232.6149786
288250,122.3089957,0.668280501,232.6385388
288500,110.6129974,0.617047493,232.6168524
288750,105.4279974,0.622782991,232.624472
289000,112.6499988,0.639425983,232.6139948
289250,106.1019974,0.602728996,232.6441931
289500,97.7239978,0.595920982,232.6439374
289750,98.69899567,0.554487975,232.6416974
290000,81.48099823,0.516869483,232.630191
290250,84.27099854,0.523317978,232.6509735
290500,85.82299805,0.530390494,232.6463385
290750,85.80099915,0.520428985,232.667121
291000,81.55599792,0.490151486,232.6747559
291250,69.7439978,0.438419496,232.6532825
291500,65.36899841,0.404740481,232.6823694
291750,56.96399826,0.414187483,232.6922089
292000,56.96399826,0.414187483,232.6922089
292250,62.89599823,0.409960492,232.6993066
292500,59.35399841,0.377576991,232.7272089
292750,49.99399841,0.371901493,232.6955719
293000,59.32199844,0.445017501,232.6744891
293250,77.23299896,0.427619492,232.6601007
293500,40.31499954,0.332522489,232.6794739
293750,45.77999817,0.321372488,232.6854413
294000,46.86299835,0.353177985,232.6701483
294250,52.50499832,0.381547997,232.6637933
294500,57.00699951,0.406609997,232.6560596
294750,60.46999786,0.390616989,232.6745868
295000,43.19199844,0.353026496,232.6720178
295250,58.00799835,0.388358496,232.6802911
295500,52.02399811,0.34151899,232.698316
295750,43.66399933,0.320199995,232.6828802
296000,45.77700073,0.356409992,232.6870581
296250,54.50999802,0.368774488,232.6732037
296500,46.91799881,0.314210489,232.6879999
296750,40.21899872,0.316841491,232.6930322
297000,43.91399887,0.310611486,232.6831714
297250,44.34499878,0.326252496,232.6741852
297500,41.2559996,0.305653491,232.6786768
297750,42.82300018,0.315104498,232.6994403
298000,45.87499863,0.338221995,232.6655457
298250,47.63499908,0.322407987,232.6891437
298500,47.63499908,0.322407987,232.6891437
298750,44.75999771,0.313945992,232.6957068
299000,41.01799881,0.305592995,232.6865381
299250,39.87299835,0.303240498,232.6926813
299500,41.1729982,0.332197495,232.6940906
299750,51.3229982,0.352648489,232.7007764
300000,45.11499771,0.313895494,232.7163928
300250,42.86300049,0.34486199,232.6858197
300500,57.2889975,0.393904984,232.6737781
300750,58.67999847,0.408234489,232.67633
301000,68.13199829,0.477382479,232.6699939
301250,78.93199921,0.489760493,232.6609052
301500,81.79499756,0.550819995,232.651344
301750,98.91499847,0.596774487,232.6426581
302000,103.8209998,0.591513979,232.6359479
302250,95.43199799,0.564291492,232.6453699
302500,88.88499817,0.525112493,232.6682184
302750,86.69999664,0.552943487,232.6593152
303000,99.38799835,0.634951987,232.6389038
303250,111.1919971,0.658640485,232.6623309
303500,119.823999,0.687332478,232.625827
303750,119.2269971,0.649868984,232.6805664
304000,111.1909961,0.652392488,232.6504425
304250,120.0499979,0.698015971,232.6087958
304500,120.4089969,0.667630467,232.6427411
304750,116.2639981,0.669480476,232.6422113
305000,116.2639981,0.669480476,232.6422113
305250,110.9679959,0.671123497,232.6619843
305500,136.0289984,0.775288472,232.6353455
305750,143.7529956,0.778156979,232.5882324
306000,148.9309973,0.792925985,232.5836176
306250,156.4759967,0.799218991,232.5969055
306500,152.2409991,0.825258484,232.6241608
306750,171.6709979,0.886602967,232.6176752
307000,174.3519983,0.855052977,232.5993945
307250,174.7369916,0.883164973,232.5914343
307500,173.5040039,0.83890698,232.6322675
307750,163.5119977,0.847020473,232.629939
308000,179.5819946,0.906076984,232.5458826
308250,181.7619977,0.868635466,232.5819055
308500,177.0579968,0.89123349,232.5889142
308750,177.3829968,0.853289974,232.6302332
309000,173.2319995,0.90857899,232.602818
309250,193.4379956,0.945330973,232.592312
309500,194.5999908,0.907586999,232.5772821
309750,183.5909979,0.915643475,232.562323
310000,193.7529968,0.930133476,232.5639783
310250,191.2789966,0.916078477,232.5707068
310500,180.4899982,0.862020478,232.5912817
310750,173.2579974,0.886718984,232.5843762
311000,184.0169995,0.904260483,232.5808185
311250,185.5669934,0.897390974,232.5661713
311500,185.5669934,0.897390974,232.5661713
311750,182.4779968,0.889742966,232.5815698
312000,177.7859961,0.869073973,232.5914581
312250,184.3259918,0.941517963,232.5598499
312500,197.776994,0.955125473,232.5445532
312750,199.5959985,0.943667481,232.5721301
313000,189.5929956,0.888599987,232.576178
313250,178.1979974,0.913730979,232.568075
313500,194.0119952,0.921456475,232.5736206
313750,192.3849957,0.935516486,232.5839227
314000,181.8189978,0.865535488,232.5955548
314250,173.3919922,0.889981976,232.5871777
314500,177.7319983,0.866076479,232.5768604
314750,177.0170032,0.894722462,232.5909479
315000,186.1909979,0.919711974,232.5538507
315250,179.4150031,0.849573493,232.578985
315500,171.2359961,0.883550482,232.5730762
315750,173.4999969,0.821347978,232.5980981
316000,153.2619934,0.834370968,232.5933545
316250,165.2929932,0.816105483,232.5757855
316500,158.2259967,0.834696975,232.6258875
316750,167.7269989,0.822428479,232.6001636
317000,158.1479962,0.822423472,232.5881616
317250,163.971994,0.853246479,232.5933789
317500,175.1089996,0.865730488,232.6132178
317750,168.5849988,0.827338488,232.5781061
318000,168.5849988,0.827338488,232.5781061
318250,160.1509943,0.842794466,232.6070752
318500,174.6629974,0.874824986,232.5896979
318750,163.6249951,0.77711848,232.6202283
319000,137.5059973,0.75456399,232.6064264
319250,151.7329968,0.794842472,232.6250586
319500,146.7019971,0.758764472,232.60789
319750,134.3829956,0.719751477,232.636377
320000,126.5739963,0.704670978,232.6157373
320250,128.2879974,0.700942993,232.6508911
320500,123.3839969,0.683124483,232.6616022
320750,117.0919958,0.636885989,232.6493854
321000,108.7519983,0.618532484,232.635163
321250,102.2219971,0.597897489,232.6304346
321500,93.18500183,0.522056481,232.6591083
321750,77.28599823,0.495137986,232.6886176
322000,77.01199829,0.48099699,232.6756982
322250,70.85999969,0.445420488,232.6552429
322500,69.18099808,0.420766984,232.6736646
322750,53.93499863,0.364267493,232.6689478
323000,51.23699814,0.358270983,232.67961
323250,53.08599854,0.391506988,232.6602264
323500,58.22799866,0.38323999,232.6619061
323750,49.83599976,0.343021991,232.703764
324000,42.92499969,0.32797749,232.7028833
324250,52.0959993,0.386912996,232.6942743
324500,52.0959993,0.386912996,232.6942743
324750,61.40499939,0.426056983,232.6756635
325000,64.16999985,0.406820486,232.6821069
325250,48.57799866,0.321550994,232.6705377
325500,44.49999939,0.35115499,232.6812756
325750,53.61399796,0.366620991,232.6794092
326000,53.74199936,0.389592493,232.6934821
326250,61.26399796,0.419092486,232.6884674
326500,63.7169986,0.40554049,232.6757269
326750,57.80299774,0.383056494,232.6752966
327000,53.68399979,0.366901995,232.6948584
327250,54.75599899,0.402195487,232.6958026
327500,68.58699844,0.479352491,232.7014001
327750,78.98499725,0.466510493,232.6599628
328000,59.24599991,0.403528988,232.6855304
328250,69.11399719,0.454618987,232.6881537
328500,63.7119986,0.394312987,232.6995135
328750,55.88799789,0.407885985,232.6743243
329000,63.2019989,0.40475299,232.7070178
329250,48.43899933,0.313290488,232.6886334
329500,39.05899963,0.348664,232.7001758
329750,63.43299881,0.437505989,232.7168176
330000,63.0109967,0.390673994,232.661604
330250,48.11499847,0.35092549,232.6839136
330500,57.11499832,0.376955491,232.6661292
330750,50.69599808,0.341586987,232.7250586
331000,50.69599808,0.341586987,232.7250586
331250,52.80199921,0.371810491,232.6676825
331500,59.98199799,0.403114496,232.6862329
331750,54.56199936,0.368247994,232.7109949
332000,68.25499863,0.486138989,232.702171
332250,79.97499908,0.518591994,232.6794513
332500,88.34199829,0.532856984,232.6762665
332750,84.0739978,0.521255491,232.6764496
333000,84.68199921,0.523503985,232.6733862
333250,85.52099823,0.521798992,232.6674408
333500,91.10999786,0.571004982,232.6669464
333750,88.80400055,0.548235481,232.673877
334000,98.7589975,0.602558484,232.6545551
334250,98.83499695,0.570726986,232.6732355
334500,99.05999756,0.622464974,232.6371228
334750,110.9949966,0.630876484,232.6391632
335000,106.1819977,0.610332997,232.6510352
335250,105.2169992,0.619241478,232.6476727
335500,111.5649982,0.662954993,232.64508
335750,115.1939975,0.656464987,232.6247052
336000,115.9279974,0.673490477,232.6317316
336250,121.3719965,0.681582987,232.6040417
336500,120.6269983,0.662683485,232.6047784
336750,127.1739944,0.75880348,232.6205298
337000,147.7169958,0.787680488,232.5776813
337250,146.2599994,0.73724997,232.6111444
337500,146.2599994,0.73724997,232.6111444
337750,135.2449957,0.798576481,232.5948016
338000,162.7919983,0.865272977,232.5953229
338250,174.2019958,0.855617495,232.5661542
338500,166.3799976,0.843181491,232.5842279
338750,170.4369995,0.863025966,232.5559833
339000,168.4609985,0.818180482,232.5910889
339250,161.3639966,0.859797976,232.5758728
339500,175.7199951,0.87622448,232.5567145
339750,174.7109967,0.856219487,232.5614044
340000,169.111001,0.833527465,232.5871918
340250,164.2789954,0.850737481,232.5797302
340500,169.2969958,0.838310981,232.6003534
340750,165.8559918,0.835402977,232.5916089
341000,158.2859985,0.788424988,232.5891779
341250,156.9089954,0.840221472,232.584043
341500,173.2989929,0.865786986,232.5883295
341750,175.6009924,0.897768481,232.5614661
342000,191.3609991,0.940091977,232.5989136
342250,196.5509949,0.936535485,232.5531384
342500,194.6169946,0.949220963,232.5623401
342750,198.3459943,0.92572248,232.5662262
343000,195.0209943,0.971493468,232.5622809
343250,204.761004,0.966645966,232.5458807
343500,200.4369952,0.944934974,232.575625
343750,195.1169952,0.93980099,232.5611871
344000,195.1169952,0.93980099,232.5611871
344250,195.1389978,0.92723299,232.5780096
344500,191.3269922,0.947970972,232.5322827
344750,201.7659967,0.953031974,232.5372815
345000,194.1769958,0.898637989,232.5716577
345250,174.2639948,0.879777992,232.5586896
345500,182.1209955,0.891766973,232.5612268
345750,184.7209973,0.906242471,232.561145
346000,185.5859973,0.922606983,232.5425653
346250,189.3069952,0.868279488,232.5528284
346500,171.8069983,0.905543976,232.5543542
346750,186.7170001,0.897402978,232.5700952
347000,176.5459973,0.835037479,232.5930914
347250,160.1030011,0.840483475,232.5466327
347500,169.243996,0.84444797,232.5819617
347750,164.4129932,0.840645978,232.5998651
348000,163.2169983,0.816746485,232.5964111
348250,159.4149969,0.84252347,232.5913715
348500,170.6319983,0.828170974,232.5666498
348750,153.0599957,0.792799473,232.5819299
349000,145.2229962,0.75588999,232.5844495
349250,137.9599976,0.739668982,232.5753534
349500,134.1619989,0.645165482,232.6304022
349750,94.81999695,0.590844984,232.6605548
350000,109.2649991,0.660589986,232.6320715
350250,116.4049966,0.669731984,232.6128363
350500,116.4049966,0.669731984,232.6128363
350750,111.2209982,0.639057484,232.6196967
351000,104.299996,0.60104248,232.6216742
351250,103.7849954,0.569600983,232.6485138
351500,86.48600006,0.544589984,232.6404095
351750,90.29199585,0.510640483,232.6764734
352000,72.80799957,0.438889492,232.6307941
352250,66.54699829,0.439741995,232.6585779
352500,67.05799774,0.428470495,232.6556598
352750,63.75699844,0.425003986,232.6791248
353000,62.69199783,0.410732492,232.6626093
353250,57.9159993,0.381924503,232.6737799
353500,47.90799927,0.335278993,232.6486023
353750,52.15799896,0.349521997,232.6771869
354000,44.81899841,0.372779493,232.6675958
354250,64.90499802,0.44768849,232.6349316
354500,62.07099823,0.393671495,232.6711249
354750,57.75199982,0.392269492,232.6773633
355000,50.53099792,0.307510495,232.6950238
355250,36.79999969,0.312299498,232.6873224
355500,47.66899872,0.344006,232.662793
355750,41.28999893,0.299397988,232.6908521
356000,37.6059996,0.296401994,232.7024493
356250,39.25299973,0.297967496,232.6582404
356500,36.28099899,0.294234494,232.6858588
356750,37.17299866,0.290191497,232.67453
357000,37.17299866,0.290191497,232.67453
357250,37.98399948,0.292244986,232.6928009
357500,34.59499969,0.295000495,232.6590021
357750,37.72499893,0.289774989,232.7028003
358000,37.36799988,0.292201993,232.6728894
358250,34.74699966,0.292402494,232.6743402
358500,39.82999924,0.297752992,232.6812604
358750,36.76299896,0.29505199,232.6833081
359000,37.23199966,0.298730491,232.6902026
359250,40.11399719,0.303048993,232.6795233
359500,39.49599945,0.298865492,232.7083075
359750,37.34699936,0.311378493,232.6822046
360000,47.48499893,0.362758989,232.6346997
360250,53.50499878,0.363364984,232.659259
360500,55.27299835,0.372351485,232.6862488
360750,48.00599838,0.334008999,232.703595
361000,44.80799835,0.328183997,232.6648767
361250,53.20199905,0.398206981,232.6602087
361500,46.42499908,0.313009993,232.6340576
361750,47.17699905,0.329860994,232.6729871
362000,42.03299942,0.303499488,232.6660815
362250,37.18199921,0.313177984,232.6506506
362500,52.74399841,0.380621493,232.6722528
362750,53.04999832,0.360139996,232.6440027
363000,49.73899948,0.358202986,232.6299469
363250,57.68899902,0.37195099,232.6677942
363500,57.68899902,0.37195099,232.6677942
363750,53.36799789,0.358040992,232.6857452
364000,55.19299881,0.393959991,232.657171
364250,62.15799835,0.441537491,232.6362415
364500,68.18799927,0.408148479,232.6380139
364750,64.16099854,0.442857485,232.6662415
365000,72.34799835,0.489344991,232.6288489
365250,81.66399872,0.48865499,232.6767847
365500,74.29699921,0.47005949,232.6819482
365750,78.38199921,0.522988992,232.6380798
366000,87.04099762,0.493699489,232.6473401
366250,77.17599762,0.504852492,232.6423071
366500,99.4769986,0.677794485,232.6186353
366750,130.8519995,0.733710477,232.6090088
367000,134.6939972,0.744169989,232.6175708
367250,138.4129956,0.742603481,232.5900183
367500,135.4819965,0.735417981,232.6042584
367750,138.1759973,0.752980986,232.6075372
368000,141.8819977,0.772366974,232.5531519
368250,147.2529987,0.79836098,232.5930524
368500,152.7899982,0.794751477,232.5777545
368750,150.5719977,0.80383898,232.5787708
369000,158.2749963,0.830104475,232.5683771
369250,172.3399945,0.895209479,232.5468024
369500,183.098996,0.891348982,232.5561627
369750,177.5699915,0.874917965,232.5598907
370000,177.5699915,0.874917965,232.5598907
370250,178.6929962,0.87332248,232.5774677
370500,173.8319977,0.872834969,232.5795538
370750,177.1489984,0.863754473,232.5259387
371000,173.6409973,0.866982486,232.5586414
371250,177.3989929,0.902366967,232.5677496
371500,185.4689948,0.881378973,232.5424426
371750,188.7249933,1.003802986,232.554339
372000,218.6269995,1.020024469,232.5357452
372250,209.3599963,0.969315484,232.558725
372500,199.1549969,0.952856464,232.5328656
372750,201.1889984,0.955137489,232.575777
373000,196.2849957,0.953559964,232.5367523
373250,202.045,0.962069471,232.5206891
373500,207.9319983,1.02477648,232.5156891
373750,220.0109979,0.988912494,232.53841
374000,199.0139972,0.951286974,232.5455005
374250,199.5139948,0.948832965,232.5241003
374500,196.3149988,0.919400482,232.5526978
374750,186.9649957,0.922596498,232.5389545
375000,195.458996,0.958660991,232.5441547
375250,203.5739972,0.957331481,232.5330585
375500,196.142998,0.950186977,232.5563458
375750,199.7499927,0.940490983,232.5541541
376000,194.3129974,0.951079473,232.5394025
376250,204.3929926,0.971479473,232.5257867
376500,204.3929926,0.971479473,232.5257867
376750,203.3729919,0.966333966,232.5255298
377000,203.9769928,0.949187982,232.5463623
377250,188.4949976,0.905226972,232.5768848
377500,186.8049957,0.899161487,232.588689
377750,185.0849915,0.911763477,232.5419934
378000,188.3449976,0.906915488,232.5800507
378250,185.466994,0.899356477,232.568537
378500,183.1129993,0.883034976,232.5662897
378750,174.635993,0.852430475,232.5749921
379000,169.2619989,0.839896481,232.5748981
379250,164.6009973,0.84302747,232.588739
379500,172.552995,0.857430487,232.5820966
379750,167.1729944,0.823746984,232.5905634
380000,153.3979987,0.777819974,232.5745142
380250,145.9559967,0.76345948,232.5950732
380500,139.0609949,0.757242982,232.5869257
380750,141.6840002,0.728981967,232.5984888
381000,125.5329974,0.670170977,232.6295612
381250,113.5499997,0.628755989,232.6326831
381500,106.6109998,0.610537479,232.5999945
381750,105.5579987,0.608634491,232.6390521
382000,96.46699799,0.56236249,232.6642206
382250,98.66499756,0.58013849,232.6169476
382500,93.25799957,0.553558488,232.6413275
382750,89.58099976,0.508935488,232.6645886
383000,89.58099976,0.508935488,232.6645886
383250,71.38799957,0.444260993,232.6444592
383500,70.06299713,0.464355987,232.6605548
383750,74.66399811,0.469095486,232.6466003
384000,64.27699875,0.392177987,232.6651874
384250,56.92799942,0.37028549,232.6480176
384500,52.75499893,0.36855949,232.6435309
384750,57.70999893,0.425214486,232.6794415
385000,73.75199707,0.441135987,232.6778656
385250,60.69199875,0.405777996,232.6881079
385500,58.88499878,0.412789992,232.6986731
385750,61.76799835,0.405235989,232.7136816
386000,57.93499878,0.399663494,232.6692188
386250,57.36499817,0.351306988,232.67125
386500,55.24999863,0.392694485,232.691413
386750,45.57199997,0.309121991,232.6905872
387000,38.55799942,0.297704486,232.679201
387250,38.5,0.304243487,232.683609
387500,39.80699951,0.308256993,232.6830023
387750,43.32699875,0.333636988,232.6922186
388000,43.06899933,0.301230993,232.6885553
388250,38.53999908,0.305270489,232.6539453
388500,45.65199875,0.369234997,232.6766516
388750,51.44899826,0.313031993,232.6947363
389000,38.38599945,0.294705498,232.6654578
389250,35.32499893,0.296267995,232.6985724
389500,35.32499893,0.296267995,232.6985724
389750,39.9059993,0.298412992,232.6892316
390000,39.59899826,0.3070925,232.7137543
390250,40.11699997,0.31220099,232.6590723
390500,51.48499878,0.383761494,232.6755389
390750,50.14399872,0.322789493,232.6935059
391000,39.05499924,0.301531996,232.7085303
391250,40.15199997,0.331992991,232.6894659
391500,49.96999893,0.351321495,232.6678577
391750,52.12899979,0.358867991,232.6603448
392000,45.40499939,0.315974499,232.7197217
392250,40.58699951,0.307156494,232.6786182
392500,42.19099915,0.312079991,232.6631354
392750,38.19199966,0.29867499,232.6869696
393000,41.34299957,0.311151987,232.665473
393250,40.25699936,0.298310492,232.6898962
393500,39.07299957,0.321582491,232.6718604
393750,52.86399857,0.409305495,232.6626422
394000,70.89899872,0.481558501,232.6869226
394250,70.86799896,0.420005989,232.6873663
394500,59.4369986,0.442092988,232.6836188
394750,67.50399811,0.421258491,232.6810986
395000,64.91599884,0.452543489,232.6610095
395250,64.85999863,0.388738488,232.7142407
395500,49.62199921,0.336015494,232.6681995
395750,54.92199936,0.453552989,232.6628253
396000,54.92199936,0.453552989,232.6628253
396250,72.29299744,0.487219985,232.6861389
396500,80.79799896,0.489211484,232.6760718
396750,68.43799896,0.422334485,232.6934033
397000,70.96399933,0.58285749,232.6489606
397250,117.6529977,0.709950962,232.6458337
397500,122.8689981,0.641890981,232.6378577
397750,103.1739972,0.613818488,232.621554
398000,111.0849982,0.703200498,232.609765
398250,130.5299976,0.696824484,232.6340326
398500,126.5239978,0.703144987,232.6151526
398750,129.4749908,0.706765978,232.6293378
399000,130.0799927,0.737347975,232.6105524
399250,133.4489972,0.719130499,232.5916437
399500,128.206998,0.724121482,232.6059058
399750,138.2269965,0.792256477,232.5793707
400000,154.6249982,0.803973978,232.6442816
400250,154.8529932,0.805136976,232.6271301
400500,158.7540002,0.831635485,232.6007544
400750,167.0139941,0.842477481,232.5889307
401000,167.0489935,0.840892489,232.5888489
401250,171.4659937,0.874463973,232.5792017
401500,180.0959955,0.888554978,232.5758667
401750,177.2270001,0.860436976,232.6133215
402000,172.1009955,0.905440965,232.6182599
402250,194.1389978,0.926552482,232.573739
402500,194.1389978,0.926552482,232.573739
402750,186.7619958,0.908396473,232.5807886
403000,185.4409973,0.910208972,232.5843994
403250,190.9439954,0.946700466,232.5687555
403500,203.6679968,0.996719987,232.5521448
403750,214.6589978,1.00506247,232.5509546
404000,208.3259955,0.979323478,232.555849
404250,207.655,0.997493479,232.567179
404500,212.2659949,0.981180487,232.5830029
404750,203.018999,0.962496963,232.5597327
405000,203.4370001,0.980835979,232.5815222
405250,210.1839929,0.986496961,232.5926331
405500,206.5129993,0.975790985,232.5843604
405750,206.5,0.990251472,232.5559937
406000,210.5989935,0.983092964,232.5961871
406250,202.9209979,0.941517968,232.5985632
406500,187.3059967,0.918556468,232.6120264
406750,194.4599982,0.941290979,232.5922333
407000,194.2320032,0.933227477,232.5796277
407250,199.6159949,0.941506486,232.5980737
407500,176.8829944,0.89119498,232.6080273
407750,194.6669977,0.957294967,232.5771472
408000,203.7089954,0.955755465,232.5948486
408250,188.9569965,0.947891471,232.5734357
408500,208.2829974,0.983327985,232.55828
408750,202.3199988,0.952332954,232.5588184
409000,202.3199988,0.952332954,232.5588184
409250,198.8929962,0.942822976,232.5919073
409500,189.9899982,0.891219497,232.6041388
409750,173.4579962,0.840836482,232.6404498
410000,161.1600006,0.830101454,232.6063556
410250,170.3839996,0.866590486,232.5925464
410500,175.3369928,0.862390966,232.6185944
410750,172.3669965,0.842432473,232.6183453
411000,158.193996,0.799017491,232.6370966
411250,157.5269946,0.803773487,232.5938983
411500,155.8979974,0.800925987,232.5968018
411750,151.978999,0.794887981,232.6452979
412000,155.4219946,0.79816798,232.6185913
412250,147.7200006,0.760470974,232.6474988
412500,138.3499976,0.735011473,232.6214801
412750,125.5439993,0.68403549,232.6235052
413000,116.9969995,0.672877996,232.6217377
413250,113.2289969,0.634418483,232.6496887
413500,105.0039996,0.618807487,232.6481714
413750,111.8679974,0.652469485,232.6621387
414000,107.3179965,0.587084482,232.6682379
414250,88.2539975,0.508763981,232.6882269
414500,81.61899414,0.502719479,232.6749976
414750,77.61599915,0.480927992,232.6882257
415000,69.60699799,0.439716488,232.6798431
415250,65.2459996,0.399118993,232.6810809
415500,65.2459996,0.399118993,232.6810809
415750,64.30999786,0.464217491,232.7056116
416000,66.18799927,0.364118997,232.7021143
416250,44.24199997,0.305364486,232.730379
416500,38.52999954,0.332902493,232.6864282
416750,55.43499939,0.388528491,232.7243378
417000,55.54799789,0.356257994,232.6965564
417250,46.74799789,0.335686986,232.6619135
417500,44.45099716,0.314333497,232.7044324
417750,42.00499969,0.317021493,232.672489
418000,43.20499893,0.306337496,232.6956995
418250,44.64699921,0.371960005,232.7149066
418500,51.27199905,0.337447479,232.7015283
418750,49.30499832,0.345804987,232.7083374
419000,45.4939978,0.311662993,232.7101404
419250,38.64599899,0.293107994,232.6789471
419500,37.52299973,0.289874997,232.6905865
419750,34.75699905,0.287381992,232.6928345
420000,36.8819986,0.290762988,232.6966425
420250,36.96899994,0.293041992,232.6718982
420500,36.18999924,0.294260992,232.7258899
420750,37.94599915,0.292811989,232.7311603
421000,37.53899979,0.295057995,232.7001776
421250,39.67499908,0.314875493,232.6796893
421500,42.75899902,0.305092998,232.6797943
421750,37.85000015,0.294513493,232.7230029
422000,37.85000015,0.294513493,232.7230029
422250,38.87099991,0.299208492,232.7273682
422500,37.43199951,0.29609449,232.719339
422750,37.96799942,0.296206987,232.6933063
423000,37.88299973,0.29719099,232.7288263
423250,35.26299911,0.297405994,232.7262872
423500,44.23099838,0.340096488,232.718299
423750,47.21299805,0.32059849,232.7007281
424000,38.63899963,0.313918487,232.6486176
424250,44.42699844,0.306616492,232.6807166
424500,40.23099976,0.334248493,232.6796588
424750,54.40999924,0.40139949,232.673291
425000,61.44299805,0.364955496,232.7170197
425250,47.2619989,0.411843988,232.6847766
425500,64.83199951,0.415159492,232.6682837
425750,50.19999878,0.320021993,232.6874432
426000,40.44499908,0.313190482,232.6797131
426250,48.31999908,0.377638985,232.7037958
426500,58.29399872,0.368983492,232.7061047
426750,46.31399933,0.38773299,232.7000116
427000,67.53599869,0.458192488,232.6372278
427250,69.67799805,0.425018992,232.6719946
427500,56.51299866,0.398422989,232.6476685
427750,65.7069989,0.481335988,232.6686505
428000,81.33299957,0.504737488,232.6915558
428250,75.8369986,0.51626299,232.6657599
428500,75.8369986,0.51626299,232.6657599
428750,95.50499939,0.594007487,232.6551233
429000,109.5049963,0.660785489,232.6303387
429250,127.0119971,0.688490973,232.6356097
429500,111.7649976,0.603831985,232.6268591
429750,98.42999786,0.605797479,232.6585541
430000,108.009996,0.657478487,232.630083
430250,118.4209964,0.71433399,232.6324182
430500,136.323999,0.74828299,232.6406525
430750,139.9719958,0.763619471,232.6054822
431000,143.4579999,0.753892989,232.6159387
431250,133.7989996,0.744723973,232.6449005
431500,138.7179956,0.747298987,232.6273132
431750,134.7529993,0.764901471,232.6247198
432000,154.2239984,0.807043474,232.6173236
432250,156.8359949,0.818379979,232.6010858
432500,161.9329956,0.852948971,232.6224841
432750,173.8789954,0.875889471,232.5918268
433000,179.4749957,0.878794472,232.5891138
433250,172.5109973,0.881520987,232.5708423
433500,196.5099994,0.94941397,232.5474982
433750,190.842998,0.906361465,232.5779156
434000,180.1939978,0.869739983,232.6042908
434250,178.8639954,0.878809984,232.5795935
434500,174.7779974,0.888946979,232.5997217
434750,188.752998,0.913645484,232.5800421
435000,188.752998,0.913645484,232.5800421
435250,186.4959979,0.926668975,232.5576587
435500,198.8399976,0.959462461,232.5581622
435750,199.7989917,0.938412976,232.5668921
436000,178.9639972,0.871407475,232.5852753
436250,190.9839935,0.972759979,232.5755212
436500,212.1619946,1.010322483,232.5551056
436750,216.1939954,1.021165967,232.5558032
437000,223.1839923,1.034913969,232.5146674
437250,209.5679974,0.968765979,232.5664099
437500,200.572995,0.946640465,232.55492
437750,200.4279956,0.957394476,232.5508252
438000,198.857998,0.946414471,232.5612097
438250,183.3799951,0.869004474,232.5743707
438500,187.6089996,0.956838977,232.5436029
438750,200.4289941,0.952783968,232.5726721
439000,201.7149951,0.957440984,232.5819952
439250,195.637995,0.924041979,232.575083
439500,192.5009998,0.927801466,232.568786
439750,189.9809924,0.903107483,232.58664
440000,166.6469971,0.815335975,232.5955811
440250,169.3059924,0.910811982,232.5912183
440500,191.1659924,0.922110486,232.5689465
440750,191.5009937,0.900280476,232.5981543
441000,176.7859967,0.845760474,232.5881396
441250,169.9299988,0.861746974,232.5943933
441500,169.9299988,0.861746974,232.5943933
441750,175.2189954,0.848418987,232.599306
442000,163.5159955,0.820980475,232.603078
442250,165.5909985,0.855386472,232.5872333
442500,173.4989941,0.836734464,232.6268024
442750,159.5059979,0.800295987,232.6310175
443000,151.4760004,0.771456985,232.6223621
443250,144.9709998,0.761258478,232.6031152
443500,136.9149982,0.733518984,232.6257886
443750,132.9689984,0.736605003,232.6267871
444000,135.9580017,0.769261479,232.6168256
444250,142.8349963,0.740472989,232.6250323
444500,134.8239984,0.721871989,232.6488165
444750,130.2829993,0.722351482,232.6401215
445000,132.4139984,0.704624474,232.642937
445250,115.5189969,0.614089484,232.6759692
445500,99.40499878,0.620071483,232.6541241
445750,110.8799982,0.658072474,232.6570831
446000,112.1079987,0.628674986,232.6559796
446250,112,0.642352476,232.6538104
446500,110.7529993,0.604581985,232.6569043
446750,91.87999786,0.518775986,232.6893231
447000,80.26899841,0.511381488,232.6711053
447250,79.03799927,0.485730993,232.6742255
447500,80.77299896,0.542952988,232.6566425
447750,83.08899994,0.452400982,232.6692163
448000,83.08899994,0.452400982,232.6692163
448250,64.69399826,0.425360487,232.667074
448500,65.58499954,0.416990986,232.6733136
448750,61.06499832,0.440332495,232.6596997
449000,72.43399811,0.489484496,232.6395868
449250,77.21499725,0.431740991,232.7242249
449500,59.36199921,0.454300985,232.6748035
449750,65.87699875,0.369453984,232.673139
450000,50.47599838,0.406617985,232.6684741
450250,64.55799927,0.445192486,232.7090582
450500,72.92099945,0.495752481,232.6410339
450750,73.95999908,0.434482993,232.6788287
451000,61.35299927,0.390330492,232.6670587
451250,55.50499802,0.390933986,232.6571307
451500,60.92599854,0.434488487,232.6583875
451750,64.18099854,0.377246494,232.6973383
452000,46.50599945,0.379794489,232.7207385
452250,55.61599915,0.346755987,232.7109631
452500,43.05299881,0.309978994,232.6805072
452750,43.77699905,0.373222488,232.6683276
453000,58.89699905,0.380293502,232.6952728
453250,54.43399826,0.37561599,232.7055682
453500,54.06899963,0.340801995,232.672113
453750,41.44899948,0.326459489,232.6961304
454000,44.49299973,0.317256989,232.7258008
454250,39.74000092,0.300477489,232.7327856
454500,39.74000092,0.300477489,232.7327856
454750,40.70499969,0.33055299,232.7071375
455000,47.74099854,0.359902995,232.7009857
455250,52.03399887,0.383044487,232.6925452
455500,54.82499817,0.348762488,232.7029468
455750,42.57799911,0.310936489,232.6894354
456000,44.84399994,0.349034482,232.698905
456250,53.14399918,0.34263299,232.7182184
456500,44.86299896,0.341418995,232.7207617
456750,50.2769986,0.348187493,232.7077618
457000,44.85799911,0.373281996,232.6896912
457250,66.56399902,0.392077485,232.7085529
457500,48.76999924,0.351073989,232.6908264
457750,55.70299835,0.402800978,232.67073
458000,59.68499847,0.404927492,232.6945862
458250,61.4629982,0.395324981,232.6936896
458500,58.60899811,0.430558991,232.672724
458750,76.59499969,0.483084491,232.6664343
459000,71.84099884,0.432629485,232.6812683
459250,61.61499847,0.394610989,232.678913
459500,54.78999969,0.436444992,232.6775439
459750,80.06899933,0.511043994,232.6986493
460000,87.93199768,0.577119484,232.6753314
460250,101.1969974,0.579946496,232.6804498
460500,89.52499756,0.517557492,232.6950092
460750,86.63699829,0.577075481,232.6629541
461000,86.63699829,0.577075481,232.6629541
461250,104.8349966,0.670961485,232.6395483
461500,125.2209967,0.706534996,232.6077124
461750,127.2959973,0.694423482,232.6640344
462000,122.7889972,0.682166991,232.6470972
462250,124.1309979,0.682861478,232.6462738
462500,117.0729962,0.681629498,232.6283771
462750,126.9829956,0.725287013,232.6053632
463000,115.4789969,0.632404497,232.637323
463250,114.9669965,0.699212492,232.6359467
463500,131.1609979,0.737512991,232.6150403
463750,133.1869965,0.71244699,232.6357239
464000,126.6909976,0.698757486,232.6035883
464250,121.8279971,0.717598982,232.6370825
464500,134.5970038,0.755895488,232.6085376
464750,146.5889978,0.774148974,232.5761542
465000,139.8409998,0.75688149,232.5854413
465250,152.8089929,0.816626985,232.5610669
465500,163.6429993,0.833513978,232.5856415
465750,164.3350061,0.822104473,232.5816833
466000,157.592995,0.807426977,232.5971954
466250,162.275993,0.84274096,232.612395
466500,174.1449939,0.857239482,232.6244843
466750,171.541994,0.863353474,232.5977209
467000,175.1100006,0.861432486,232.592868
467250,175.1339972,0.866912491,232.5923114
467500,175.1339972,0.866912491,232.5923114
467750,175.1809949,0.88890348,232.5647247
468000,185.7299908,0.903575459,232.5559973
468250,182.8259973,0.888370469,232.5880359
468500,191.9659967,0.96684649,232.5698505
468750,207.331994,0.977861483,232.5336578
469000,202.5929968,0.944956975,232.5710675
469250,196.4999963,0.941537967,232.5806104
469500,195.185,0.926461983,232.5552026
469750,194.6359943,0.958781962,232.5525549
470000,202.3289911,0.951180487,232.5905072
470250,201.1229944,0.976835985,232.5596027
470500,201.9109967,0.917732975,232.5556274
470750,188.9819971,0.93024848,232.5590558
471000,188.4249951,0.900814481,232.5922729
471250,187.1630017,0.91950397,232.5469489
471500,193.6990015,0.937786465,232.5405377
471750,194.1419934,0.953037469,232.5435138
472000,205.9519946,0.973253963,232.5745074
472250,198.6489966,0.928283968,232.5961475
472500,190.0139948,0.924414465,232.5532263
472750,194.3869965,0.925277975,232.566676
473000,192.2229938,0.937171979,232.5705066
473250,192.3659991,0.902914464,232.5816022
473500,183.768996,0.915106988,232.5674109
473750,192.0349982,0.920239475,232.5567047
474000,192.0349982,0.920239475,232.5567047
474250,191.4699939,0.943173463,232.5441125
474500,190.2519983,0.884380991,232.5596808
474750,175.6849982,0.867588968,232.5575616
475000,175.7619928,0.867390978,232.5772345
475250,174.1459943,0.85303798,232.5775354
475500,173.801994,0.858924465,232.5870581
475750,167.4999969,0.820540986,232.6026099
476000,156.6699969,0.794669483,232.5710645
476250,162.7999963,0.85942049,232.5698883
476500,176.9399963,0.87217299,232.5743921
476750,169.6169928,0.828728981,232.5796252
477000,162.1739941,0.819579492,232.6046332
477250,157.22,0.755469477,232.6306091
477500,137.5269977,0.776718976,232.5934583
477750,152.1900043,0.793904989,232.5735156
478000,155.8169946,0.776718471,232.5949945
478250,144.1049988,0.778391485,232.5924762
478500,141.4759973,0.715936985,232.6173273
478750,120.3559952,0.649757981,232.6515631
479000,107.0879984,0.58429749,232.6697784
479250,97.35499817,0.614584498,232.6376007
479500,106.5729977,0.579534483,232.6638269
479750,86.10399658,0.556874981,232.6396985
480000,93.69099823,0.545779481,232.63591
480250,81.7619986,0.481455985,232.6804913
480500,81.7619986,0.481455985,232.6804913
480750,73.42499985,0.440894483,232.6375604
481000,56.87399857,0.366067488,232.6899951
481250,47.35199966,0.334147991,232.7005762
481500,48.27199936,0.340129493,232.6905786
481750,43.92899994,0.317142987,232.6760809
482000,39.12399948,0.304428991,232.6968054
482250,46.15499832,0.385163491,232.7165472
482500,57.57299866,0.405922495,232.6498773
482750,56.3569986,0.35238548,232.6652655
483000,44.98099838,0.353209993,232.6779236
483250,53.79199844,0.360771996,232.6888733
483500,40.79499924,0.310599499,232.7083295
483750,41.05599915,0.303398489,232.7053778
484000,36.96099899,0.287805493,232.6942987
484250,36.90899872,0.29466249,232.6807446
484500,37.09799896,0.29232899,232.7053473
484750,39.41999924,0.304055996,232.7078247
485000,36.75099915,0.296224493,232.6732831
485250,41.86099884,0.317007993,232.705979
485500,41.01699936,0.303313988,232.7087146
485750,37.695,0.297285497,232.6802979
486000,38.59499924,0.288675998,232.6922919
486250,35.75199936,0.285356494,232.7128314
486500,34.8719986,0.288112494,232.6986572
486750,37.39399902,0.287192991,232.7058008
487000,37.39399902,0.287192991,232.7058008
487250,35.35399918,0.28675199,232.7280035
487500,36.35199921,0.29662149,232.6924823
487750,41.09299896,0.314593991,232.7217694
488000,40.36499878,0.295814995,232.6831232
488250,37.69299942,0.292581991,232.7112964
488500,35.92399918,0.299877492,232.7058746
488750,43.13800049,0.318932993,232.6986102
489000,38.37700012,0.29435149,232.6986902
489250,35.32199905,0.296311992,232.6805426
489500,41.72999802,0.300159488,232.6918115
489750,37.6319989,0.301367489,232.6892346
490000,40.8909996,0.364056491,232.6693958
490250,67.71599854,0.442124984,232.6999298
490500,65.1049968,0.413304487,232.6898828
490750,64.10699921,0.452302999,232.6713708
491000,69.15899841,0.469019487,232.6885126
491250,70.3589978,0.466073487,232.6619482
491500,72.49999817,0.454763987,232.6849371
491750,65.01999863,0.440227481,232.6819629
492000,70.41799866,0.459484491,232.6800244
492250,67.6369989,0.448632494,232.6768011
492500,73.96099823,0.51219448,232.6536572
492750,81.45099915,0.500318981,232.6570172
493000,85.82599854,0.565461483,232.6507947
493250,82.61299698,0.508119993,232.6826093
493500,82.61299698,0.508119993,232.6826093
493750,94.70399734,0.609317987,232.6460889
494000,101.798996,0.606689494,232.6459943
494250,111.5939978,0.673102481,232.6281061
494500,117.8489975,0.664684484,232.6241852
494750,108.7909982,0.64355299,232.6161865
495000,114.2609967,0.66766248,232.6639459
495250,120.7139978,0.690014482,232.6466418
495500,128.5979959,0.717221994,232.6201074
495750,129.8599942,0.711519473,232.6323303
496000,133.3309979,0.751563473,232.6322528
496250,143.452998,0.744929471,232.6077051
496500,128.6999957,0.702677481,232.6324652
496750,127.1989944,0.697882481,232.6055939
497000,127.6449963,0.695025983,232.6384589
497250,126.7219962,0.742173989,232.5816895
497500,140.768996,0.756339965,232.5928656
497750,150.4219977,0.805039971,232.5732593
498000,154.1229993,0.80842598,232.6154285
498250,162.9889978,0.835724468,232.601178
498500,164.4710046,0.829196985,232.6113306
498750,163.1889972,0.831698484,232.5964471
499000,168.1429944,0.86717397,232.5647217
499250,169.5109949,0.829374967,232.5853864
499500,166.222998,0.839820967,232.5913861
499750,161.872998,0.818559971,232.6198315
500000,161.872998,0.818559971,232.6198315
500250,163.3819977,0.850221474,232.5598096
500500,173.0899939,0.849433968,232.5889648
500750,150.8839978,0.720199974,232.6401538
501000,137.8039975,0.875061483,232.5834662
501250,185.3309973,0.892400987,232.5852203
501500,175.4989978,0.852195477,232.6016278
501750,160.026994,0.781126468,232.5901306
502000,155.515,0.860662475,232.5962091
502250,168.2859961,0.813646986,232.5708966
502500,154.6569977,0.812501471,232.6147455
502750,160.856001,0.81706548,232.6117694
503000,162.9589978,0.827982473,232.5851794
503250,159.7719995,0.787835486,232.5868475
503500,152.46,0.826079977,232.5898578
503750,170.4669928,0.856311474,232.5684192
504000,171.1899945,0.841561975,232.568689
504250,161.5999951,0.811940498,232.5880096
504500,156.2129968,0.792726483,232.5804004
504750,153.6509949,0.801658487,232.5732416
505000,155.6479974,0.764227984,232.5771381
505250,144.3529956,0.812545974,232.6154419
505500,158.5739972,0.791234457,232.5985547
505750,144.1429974,0.760242975,232.6113867
506000,145.6600006,0.778811486,232.6027875
506250,152.1940039,0.790577972,232.5970984
506500,152.1940039,0.790577972,232.5970984
506750,152.2250061,0.77297698,232.5966156
507000,142.1849969,0.742244992,232.6289044
507250,137.8869977,0.762715979,232.6152753
507500,145.2180048,0.771846471,232.6099445
507750,146.242995,0.732632475,232.6037323
508000,130.5939966,0.76660399,232.6228961
508250,142.8719965,0.722280984,232.6302887
508500,125.7539975,0.721546466,232.5941443
508750,139.8709979,0.739633482,232.5928845
509000,134.0999976,0.737542481,232.6113153
509250,137.4969971,0.718314478,232.6337695
509500,119.7869962,0.69244648,232.6286505
509750,120.1909967,0.652508476,232.6403387
510000,108.1909976,0.657101488,232.6400006
510250,120.6389993,0.662819479,232.6301544
510500,115.0929977,0.649332488,232.6525153
510750,115.6499985,0.679718983,232.6241162
511000,126.3229959,0.70977699,232.6304181
511250,120.5449982,0.691015992,232.6287311
511500,120.0559995,0.656895969,232.6414581
511750,110.6049988,0.613507981,232.6493927
512000,100.9439975,0.584394488,232.6414423
512250,97.12800018,0.551808984,232.6222748
512500,85.34799988,0.517420988,232.6418494
512750,90.3169986,0.564570985,232.6457544
513000,90.3169986,0.564570985,232.6457544
513250,91.18899963,0.54078099,232.6332495
513500,87.76699982,0.540789981,232.6379456
513750,85.60099854,0.525002987,232.6587451
514000,88.65399841,0.540096996,232.639458
514250,86.70099915,0.528510482,232.6490491
514500,85.75,0.524211488,232.651131
514750,86.15200012,0.545767989,232.6562891
515000,87.87499847,0.565699494,232.633634
515250,101.5689981,0.611804478,232.6464337
515500,101.0709964,0.572143993,232.636546
515750,89.24699799,0.522249987,232.6600354
516000,92.42299835,0.569450991,232.6584045
516250,92.45699646,0.562988489,232.6404047
516500,86.73299896,0.504986978,232.6598438
516750,69.49299805,0.471560495,232.6703778
517000,89.46099854,0.579495485,232.6244995
517250,89.75999725,0.538377481,232.6425934
517500,91.96899841,0.584941988,232.6420343
517750,103.9969998,0.611832981,232.6096436
518000,100.522998,0.577335989,232.6519604
518250,94.79199951,0.579154983,232.62578
518500,92.89099731,0.55657248,232.6430176
518750,85.23699799,0.54570899,232.6302502
519000,98.30799774,0.588863492,232.6226257
519250,93.32399841,0.554635489,232.6533453
519500,93.32399841,0.554635489,232.6533453
519750,96.33099762,0.60557749,232.6288416
520000,105.5539972,0.593986988,232.6472736
520250,92.30299896,0.554665985,232.6392719
520500,92.0509964,0.566240981,232.6348438
520750,94.74099792,0.546400981,232.6371161
521000,84.29899902,0.515923986,232.6222113
521250,93.90599792,0.588975978,232.655708
521500,98.13199951,0.583569992,232.6458984
521750,99.86899719,0.609652996,232.6558643
522000,99.94699829,0.601321485,232.6383936
522250,107.1799985,0.640551994,232.6363739
522500,107.5799957,0.597863977,232.6545551
522750,103.5639972,0.618837981,232.6240894
523000,103.5309967,0.611558986,232.6479218
523250,112.187999,0.673259983,232.6225861
523500,120.9519983,0.694924989,232.6014502
523750,120.7579965,0.65504647,232.6342334
524000,101.0349979,0.524226981,232.6505084
524250,86.29799988,0.59559948,232.6440204
524500,119.6629984,0.71886348,232.6096332
524750,133.5459961,0.73020798,232.6492175
525000,122.0679993,0.619873483,232.6262921
525250,112.0429996,0.729456477,232.640387
525500,147.8659955,0.806726489,232.6031366
525750,153.3440045,0.762259493,232.5934241
526000,153.3440045,0.762259493,232.5934241
526250,143.4189972,0.790036981,232.600531
526500,153.1229938,0.79323097,232.6021521
526750,151.8029999,0.744031484,232.6024976
527000,133.7949969,0.774961493,232.5784888
527250,148.0089954,0.747956486,232.6098676
527500,140.4699988,0.754753482,232.6163135
527750,136.922998,0.725972991,232.605058
528000,133.6179968,0.740979996,232.6213623
528250,144.9120026,0.791254489,232.6065784
528500,151.0690039,0.752598996,232.6337994
528750,139.1879956,0.783329496,232.6049634
529000,152.980993,0.774250479,232.6472589
529250,145.5409973,0.780024967,232.6141956
529500,152.0459943,0.82482049,232.572627
529750,159.4769995,0.78442848,232.6132642
530000,136.3749969,0.673051486,232.6047949
530250,115.1609979,0.745816479,232.6109558
530500,145.3569971,0.719548464,232.6442645
530750,133.6189978,0.746270981,232.6078406
531000,137.8749908,0.725934474,232.6465204
531250,119.1649969,0.582992485,232.6488513
531500,84.9089978,0.551642988,232.6424963
531750,99.71399384,0.691059985,232.6325708
532000,134.9539984,0.745625987,232.6184192
532250,139.9499915,0.753602481,232.6007703
532500,139.9499915,0.753602481,232.6007703
532750,138.8979968,0.72064399,232.6316364
533000,125.8899979,0.733576474,232.5987384
533250,140.7189978,0.775292964,232.6190448
533500,149.7909979,0.774234478,232.6159546
533750,142.717998,0.7782125,232.6329865
534000,157.3919971,0.811380465,232.5960907
534250,163.2699927,0.81986799,232.584801
534500,160.5879962,0.843351481,232.5599707
534750,174.7149951,0.828323474,232.5866022
535000,155.5339972,0.801237967,232.5894977
535250,156.3909979,0.79076499,232.586394
535500,148.6499982,0.75557997,232.5645929
535750,137.2039978,0.739896486,232.6095959
536000,136.3249945,0.738935483,232.6245929
536250,136.2960004,0.746492972,232.6149609
536500,139.846994,0.746431472,232.6219629
536750,133.197995,0.701039493,232.6624976
537000,115.0399985,0.626868486,232.6266589
537250,103.7989987,0.597121475,232.6446143
537500,99.54099854,0.590505991,232.6354022
537750,100.5509964,0.589155984,232.6337708
538000,102.9650003,0.620517981,232.6607629
538250,109.4099976,0.626429489,232.6425366
538500,99.87199463,0.573438475,232.6462421
538750,92.88200165,0.549492486,232.6871619
539000,92.88200165,0.549492486,232.6871619
539250,87.29299805,0.534331489,232.6551617
539500,87.79799835,0.520620986,232.6569861
539750,82.79099701,0.516899984,232.6600012
540000,91.43599854,0.578865983,232.6376239
540250,98.9439975,0.575996983,232.6487775
540500,85.33499878,0.450361983,232.6875311
540750,51.17299942,0.374167998,232.6713123
541000,65.36799835,0.482343982,232.6719366
541250,80.4169986,0.524492991,232.6359857
541500,88.46999939,0.537177491,232.6497784
541750,88.21999634,0.555329981,232.6620898
542000,90.78499603,0.519227998,232.6246234
542250,81.57699615,0.498267483,232.6536188
542500,82.30999939,0.54479049,232.6458966
542750,94.18799652,0.54595449,232.6357867
543000,83.82299622,0.510095989,232.6448267
543250,86.9719989,0.522843992,232.6345306
543500,73.59599945,0.419958491,232.6648877
543750,66.98999908,0.470339493,232.6700977
544000,74.79499939,0.470312486,232.6405133
544250,75.22499847,0.479752482,232.6598181
544500,71.57799835,0.47870948,232.6845288
544750,86.25299744,0.542586486,232.6577386
545000,85.46799896,0.518334486,232.678512
545250,79.79400208,0.475958489,232.6586346
545500,79.79400208,0.475958489,232.6586346
545750,78.49199951,0.497882484,232.6659705
546000,79.57200104,0.521511991,232.6644891
546250,89.26099823,0.540225484,232.6574811
546500,79.57199829,0.476322986,232.6486346
546750,72.30999847,0.478576488,232.6489612
547000,76.04399902,0.472700992,232.6647229
547250,74.93799927,0.467769483,232.6528973
547500,70.0939975,0.453988496,232.681261
547750,76.41299835,0.545285981,232.6528564
548000,88.51399933,0.514422481,232.6313837
548250,67.51599823,0.410096483,232.659873
548500,71.78299896,0.543781493,232.646955
548750,103.1569971,0.6332985,232.6331036
549000,106.7659979,0.595943987,232.6233044
549250,94.38599762,0.570121994,232.6185443
549500,99.76099731,0.591137979,232.6365161
549750,97.42599731,0.589782977,232.6260895
550000,96.97899719,0.575601985,232.6231781
550250,99.98699768,0.575608988,232.6407996
550500,93.37099945,0.546976478,232.6503479
550750,90.01199646,0.54633749,232.6316455
551000,92.56899841,0.593932984,232.6370978
551250,103.8449985,0.635670979,232.5928906
551500,104.1559982,0.583188982,232.6271375
551750,70.80799942,0.377250495,232.6852032
552000,70.80799942,0.377250495,232.6852032
552250,66.85,0.603293996,232.6089374
552500,110.1439975,0.625771992,232.6160028
552750,106.8989966,0.622384977,232.6213446
553000,90.01699966,0.406941484,232.6520831
553250,40.37699951,0.358599484,232.6596094
553500,70.92099808,0.579259987,232.630553
553750,104.4719968,0.595044985,232.6363611
554000,104.2689963,0.65177547,232.5978906
554250,113.1469977,0.619132478,232.623147
554500,99.73499786,0.606437991,232.6106366
554750,105.8049969,0.627042475,232.6228351
555000,105.0109998,0.612084484,232.6342596
555250,101.6629971,0.594223983,232.6312
555500,107.0739981,0.627217989,232.596474
555750,106.246998,0.610919976,232.656424
556000,99.28099762,0.587774985,232.6276312
556250,101.0719989,0.604052982,232.6346515
556500,104.7979974,0.676252983,232.582525
556750,120.2979977,0.65537998,232.6230969
557000,113.2119962,0.607374494,232.6113312
557250,101.2599969,0.656698484,232.6060352
557500,119.3049954,0.678413479,232.6135217
557750,119.324996,0.701785979,232.5790649
558000,123.8319968,0.702371981,232.6018756
558250,120.9389981,0.637089984,232.6277789
558500,120.9389981,0.637089984,232.6277789
558750,116.8929977,0.714399481,232.5881067
559000,138.037995,0.769052966,232.5858105
559250,151.1889941,0.830731475,232.5752338
559500,160.5469958,0.803090978,232.593006
559750,153.4270013,0.808120973,232.5837366
560000,160.8169971,0.836982472,232.5776471
560250,163.7429999,0.786385968,232.5877148
560500,150.5069971,0.834622474,232.5546179
560750,173.4329956,0.875220482,232.5762183
561000,175.9209967,0.854914982,232.5611243
561250,170.6569989,0.855958982,232.5803387
561500,173.9679956,0.852431488,232.5706183
561750,167.5589978,0.829271481,232.5644427
562000,165.2769928,0.830190492,232.6049921
562250,168.4419989,0.866509981,232.534845
562500,181.1940021,0.888969972,232.5691791
562750,183.7099927,0.905743978,232.5558087
563000,189.9219928,0.904870472,232.5648425
563250,179.0009967,0.911801982,232.5604114
563500,195.2090002,0.909204473,232.5669629
563750,185.4619952,0.910798485,232.5600891
564000,192.9299945,0.953269472,232.5511938
564250,204.353996,0.950094979,232.5598944
564500,194.7179968,0.933883471,232.5608423
564750,196.5599939,0.940952981,232.5457544
565000,196.5599939,0.940952981,232.5457544
565250,195.3690002,0.925006981,232.5685858
565500,189.655993,0.908076468,232.5718903
565750,184.1389978,0.904327981,232.5852478
566000,191.4919983,0.918860483,232.5738263
566250,190.8579926,0.939988472,232.5710645
566500,200.3809973,0.93199548,232.5627643
566750,175.567995,0.878306978,232.5747864
567000,187.8589954,0.889552479,232.5562195
567250,175.708996,0.863334479,232.5590753
567500,179.013996,0.895242469,232.5684393
567750,180.6549951,0.854905965,232.5587854
568000,165.8649994,0.86408998,232.5678992
568250,186.5239948,0.927556486,232.5498517
568500,183.0039978,0.858489966,232.5704114
568750,170.9149957,0.84966948,232.5993158
569000,170.651001,0.840983486,232.5903607
569250,164.1979956,0.830616972,232.5780505
569500,170.1549988,0.852685981,232.5860358
569750,158.3529962,0.774980466,232.5885938
570000,142.5109979,0.775482471,232.5923785
570250,149.5259979,0.769733491,232.591781
570500,139.6709998,0.727468994,232.5894653
570750,127.7699988,0.703669984,232.6112262
571000,132.3199976,0.732973986,232.626521
571250,132.4909955,0.72366749,232.6107928
571500,132.4909955,0.72366749,232.6107928
571750,123.4489978,0.69011199,232.6086664
572000,122.3079974,0.684021981,232.6110193
572250,117.0869968,0.638499985,232.6228027
572500,106.5699976,0.582211986,232.6570825
572750,92.4219986,0.533430486,232.6419775
573000,90.75599823,0.553110983,232.6333624
573250,86.07599762,0.487429491,232.632713
573500,72.36899811,0.473995984,232.6451306
573750,66.74099854,0.414491496,232.6679553
574000,55.45499908,0.380088489,232.6762115
574250,53.57999863,0.373635988,232.6597943
574500,53.95899857,0.353363489,232.6951923
574750,44.50899933,0.320411996,232.6939142
575000,43.75,0.345800495,232.6630176
575250,54.7569986,0.396763498,232.6574542
575500,52.03899918,0.357525488,232.6916888
575750,48.69199951,0.345731994,232.7015308
576000,53.82299911,0.39840649,232.6725531
576250,57.41299927,0.364417992,232.6885358
576500,46.04199966,0.317079501,232.6923053
576750,41.04599854,0.321318997,232.671618
577000,51.64999832,0.412965983,232.6453143
577250,58.05699783,0.373606998,232.6958337
577500,49.99699966,0.355564996,232.6980487
577750,62.09199814,0.455256488,232.66422
578000,62.09199814,0.455256488,232.66422
578250,63.18000031,0.384366493,232.6880267
578500,55.71700012,0.371831493,232.69289
578750,45.50399643,0.311914494,232.6670331
579000,36.4259996,0.291886491,232.6836646
579250,39.15799957,0.306097498,232.6815234
579500,46.97600006,0.387327483,232.6703119
579750,50.05999817,0.323169496,232.6828754
580000,37.99799988,0.299896487,232.7094891
580250,39.03199936,0.296419994,232.6762421
580500,36.75200012,0.287730994,232.6885132
580750,35.49999969,0.287216489,232.6970734
581000,37.93699905,0.301823994,232.667356
581250,48.46500046,0.376775995,232.6579553
581500,54.41699951,0.380468987,232.6754895
581750,53.88899857,0.346280497,232.6914746
582000,46.98599945,0.363712995,232.6634369
582250,51.95999817,0.34796249,232.6994659
582500,49,0.36436649,232.6429376
582750,52.63799911,0.384531991,232.6306976
583000,55.40299942,0.390200998,232.6598413
583250,62.75899887,0.43148249,232.6700653
583500,61.62299744,0.396242493,232.6389453
583750,68.18599838,0.513417985,232.6476971
584000,89.14299805,0.535784472,232.6280194
584250,77.67999908,0.498526987,232.6551123
584500,77.67999908,0.498526987,232.6551123
584750,78.45499969,0.49655249,232.6292242
585000,80.47399841,0.532003996,232.6388904
585250,90.6109964,0.477399991,232.6580267
585500,81.10499832,0.634854488,232.6102911
585750,114.3849979,0.658226483,232.6359851
586000,108.7229977,0.617810481,232.6168524
586250,98.39099823,0.596638973,232.6337708
586500,97.29399994,0.587990992,232.6160425
586750,103.7839972,0.646979988,232.602865
587000,121.5899966,0.703877473,232.6038818
587250,131.071001,0.705303984,232.6053326
587500,122.4669983,0.679155979,232.6093372
587750,116.9899979,0.686285481,232.6197723
588000,121.8179971,0.669543991,232.6179565
588250,118.672999,0.696416974,232.5898749
588500,134.3639938,0.71126797,232.5896179
588750,117.3909988,0.640456483,232.5828735
589000,107.6879974,0.638326497,232.598349
589250,117.2209973,0.659023974,232.5912488
589500,107.8429984,0.682936497,232.5807666
589750,126.3989978,0.69981148,232.5762897
590000,128.1229962,0.717810462,232.575498
590250,133.7089948,0.747262473,232.5692981
590500,142.2149951,0.775211484,232.5944824
590750,150.3820007,0.779615495,232.578595
591000,150.3820007,0.779615495,232.578595
591250,140.2149957,0.764450481,232.585993
591500,147.0629944,0.761345489,232.5840015
591750,145.2209979,0.793363967,232.594281
592000,162.3289941,0.848560483,232.5890674
592250,174.9759967,0.85676897,232.5710907
592500,163.4199933,0.812593477,232.5900104
592750,161.9789923,0.841828475,232.546189
593000,172.986994,0.861883969,232.586496
593250,171.5840027,0.818257978,232.5687842
593500,149.5309973,0.795594985,232.595592
593750,171.020993,0.892036967,232.5639148
594000,186.7819958,0.89565897,232.5570825
594250,182.0299957,0.892705483,232.580274
594500,180.8880005,0.915384474,232.5308661
594750,201.5939978,0.950983973,232.5281683
595000,190.7319977,0.897672484,232.5714673
595250,183.1299933,0.894030466,232.5481299
595500,186.201994,0.928497975,232.5361096
595750,191.4499945,0.906678984,232.5126563
596000,178.572995,0.865350978,232.5329633
596250,177.5149988,0.87851398,232.5703149
596500,179.4729968,0.866302488,232.5784259
596750,180.033996,0.889510477,232.5652417
597000,181.6159949,0.895336988,232.5761951
597250,184.6229956,0.880920484,232.5591479
597500,184.6229956,0.880920484,232.5591479
597750,175.4929974,0.855746,232.5427045
598000,165.4309998,0.815354481,232.5854828
598250,156.94,0.788067484,232.5924896
598500,152.8809979,0.797891974,232.5956573
598750,162.1659943,0.829380481,232.5559521
599000,159.2319971,0.784611976,232.5950262
599250,151.8989978,0.794099469,232.5764734
599500,150.1149951,0.76481298,232.5887225
599750,137.3299982,0.737667971,232.5924115
600000,142.3689984,0.754171982,232.5853876
600250,140.0239984,0.751665976,232.5629199
600500,146.6019965,0.794519978,232.5794122
600750,148.1129913,0.727117476,232.5987311
601000,129.6909967,0.735274487,232.612572
601250,127.4509952,0.6876265,232.583681
601500,121.2159961,0.669552977,232.5925049
601750,121.2199966,0.696670485,232.6101715
602000,125.6019955,0.665689979,232.6132416
602250,109.7719974,0.593301477,232.6288574
602500,105.5139978,0.655993481,232.6373944
602750,114.7089972,0.664240479,232.6156348
603000,117.0859982,0.675811977,232.6174487
603250,118.2749979,0.655688977,232.6241138
603500,114.1549982,0.653253012,232.598916
603750,115.1009979,0.645861983,232.6197296
604000,115.1009979,0.645861983,232.6197296
604250,115.642998,0.641610484,232.6130322
604500,106.957998,0.632468483,232.5940411
604750,103.6759976,0.605352986,232.6250598
605000,100.5189993,0.598887987,232.6282178
605250,97.18099823,0.598157983,232.6335773
605500,99.58799835,0.565803986,232.6239777
605750,93.30799774,0.56277149,232.6304974
606000,92.49799835,0.566858985,232.6303998
606250,95.15999908,0.559670985,232.6419464
606500,88.31899872,0.539886997,232.6556567
606750,83.1309964,0.488836495,232.6511627
607000,71.63399841,0.47064248,232.6467719
607250,65.61799881,0.39638049,232.6378265
607500,61.4189978,0.431711996,232.661618
607750,69.18999756,0.46336899,232.6666669
608000,67.65399826,0.40098299,232.6479871
608250,63.06899872,0.453977488,232.6679858
608500,64.29799957,0.379000493,232.6232153
608750,55.37899918,0.462971497,232.6532013
609000,80.0989978,0.49547049,232.6772009
609250,74.79399841,0.451738988,232.6438342
609500,66.51399963,0.385252993,232.6582648
609750,53.89099808,0.376839998,232.6592114
610000,52.08799835,0.354771997,232.6551617
610250,45.99699982,0.315045495,232.6807959
610500,45.99699982,0.315045495,232.6807959
610750,37.92,0.29760199,232.6477216
611000,52.5669986,0.444958487,232.6520911
611250,72.3039978,0.425872492,232.6608746
611500,55.64999908,0.357931489,232.6430963
611750,58.4619986,0.460791993,232.6234991
612000,72.08499786,0.391467985,232.6743536
612250,40.68299927,0.304325989,232.6643542
612500,42.22499908,0.326810492,232.6644403
612750,44.06999924,0.311193491,232.6926166
613000,47.6729985,0.413833489,232.6561127
613250,68.47399811,0.428575993,232.6571564
613500,58.87899887,0.394051491,232.6752087
613750,60.09299805,0.45497949,232.6452106
614000,74.94199921,0.48350649,232.6099152
614250,74.28499969,0.46130748,232.627146
614500,73.5,0.439741489,232.5980005
614750,67.52399902,0.446477982,232.6529694
615000,69.96199799,0.450710989,232.6196497
615250,62.89699875,0.415852987,232.6643091
615500,64.24099854,0.487816993,232.6330731
615750,88.16799622,0.541338987,232.6476892
616000,85.30799805,0.546547985,232.6587683
616250,97.64599792,0.542510481,232.639411
616500,85.06699677,0.52837698,232.6424835
616750,89.12799988,0.524884484,232.6528027
617000,89.12799988,0.524884484,232.6528027
617250,80.13499878,0.559845483,232.6408026
617500,104.9109967,0.615740988,232.6542914
617750,100.4849982,0.571378987,232.6152795
618000,96.88299835,0.558104496,232.6362091
618250,91.20799957,0.563633986,232.6096637
618500,100.3359988,0.60843998,232.608786
618750,100.7919965,0.614973974,232.6426898
619000,105.6179977,0.640139472,232.6221289
619250,114.9639966,0.663968506,232.5842346
619500,118.7919943,0.663640966,232.6264728
619750,118.9619968,0.646284993,232.6247223
620000,106.246998,0.637567482,232.5932733
620250,113.8519965,0.663807976,232.6250592
620500,112.0009998,0.644740994,232.6189868
620750,107.0469983,0.65895797,232.6005353
621000,124.6229962,0.693717482,232.6059772
621250,123.9549979,0.676351986,232.5978564
621500,123.6370001,0.735801487,232.5842999
621750,145.2419983,0.777250495,232.5692889
622000,146.1059967,0.776728985,232.5873615
622250,153.1659967,0.799804981,232.5658899
622500,158.4559973,0.810402484,232.5558105
622750,159.0379962,0.818150983,232.5519946
623000,168.1109937,0.854073992,232.5307623
623250,171.853996,0.860485466,232.5698901
623500,171.853996,0.860485466,232.5698901
623750,167.9469977,0.838985984,232.5485931
624000,168.2929999,0.854785984,232.5700024
624250,178.0550018,0.891263988,232.561651
624500,185.1899976,0.898585474,232.5406409
624750,191.077995,0.923638477,232.5676514
625000,178.1339941,0.854287972,232.5634326
625250,179.2929974,0.900407486,232.5400897
625500,183.2089935,0.916324975,232.5507703
625750,204.3579962,0.987852974,232.5177783
626000,193.4579968,0.885864477,232.5610687
626250,180.4149976,0.885226967,232.5491534
626500,182.2409973,0.89435096,232.5658435
626750,188.4969971,0.934938486,232.5464343
627000,191.4179968,0.88996197,232.5578522
627250,183.6389972,0.908390977,232.540033
627500,187.9029956,0.930928488,232.5594678
627750,205.4519952,0.977873974,232.5108197
628000,194.2179932,0.890619984,232.5492755
628250,184.6409967,0.927911475,232.5399451
628500,188.9659991,0.884388981,232.5684039
628750,174.597998,0.853096468,232.5545227
629000,164.9919922,0.801196489,232.6017462
629250,153.4889972,0.78444798,232.6089392
629500,156.4080011,0.813775971,232.5698669
629750,160.9469989,0.804213479,232.5846655
630000,160.9469989,0.804213479,232.5846655
630250,155.2939984,0.788476479,232.577016
630500,150.1479999,0.760721478,232.598465
630750,141.9409979,0.774540482,232.5687299
631000,148.8099994,0.780068991,232.5644598
631250,141.7910001,0.685013983,232.6066406
631500,113.5749979,0.639116478,232.6325531
631750,109.2609985,0.631062481,232.628291
632000,116.022998,0.671427975,232.6470746
632250,116.4599954,0.671791487,232.6400513
632500,116.2819971,0.66657299,232.614953
632750,113.575,0.63333499,232.5898114
633000,100.5959985,0.51951299,232.6390112
633250,85.31899811,0.566094987,232.6077887
633500,95.09299774,0.551719496,232.5880725
633750,78.19999634,0.416694988,232.6345544
634000,58.0309993,0.481725993,232.6535376
634250,76.53599884,0.475937489,232.623399
634500,71.22099854,0.409990492,232.6333301
634750,52.54499802,0.38638799,232.6338916
635000,50.37999847,0.329270997,232.6654321
635250,45.83499924,0.384940989,232.6676093
635500,58.27299835,0.381490489,232.6493286
635750,49.61599915,0.332166989,232.7000018
636000,42.55799881,0.300627995,232.6970892
636250,38.17299973,0.303866991,232.6738031
636500,38.17299973,0.303866991,232.6738031
636750,41.90999847,0.311653996,232.671369
637000,40.9659993,0.306524494,232.6552667
637250,44.36000046,0.322093492,232.6490582
637500,43.01599869,0.329808991,232.6503638
637750,45.85099823,0.309626492,232.6474182
638000,37.70799973,0.286918492,232.63966
638250,33.44799934,0.292474495,232.6414587
638500,38.42099884,0.293281492,232.666554
638750,37.62099976,0.287821487,232.6602661
639000,33.71099937,0.295065491,232.6887543
639250,40.11699936,0.302267493,232.6942993
639500,45.40699936,0.345151492,232.6732574
639750,46.55299774,0.315603997,232.7024884
640000,36.13700012,0.285512495,232.6987
640250,35.60899933,0.28756199,232.6710034
640500,37.51899948,0.322024995,232.6630328
640750,48.28799881,0.323120995,232.6755597
641000,43.99399963,0.34803149,232.6490015
641250,52.77199844,0.368546495,232.6587152
641500,50.48599899,0.333096991,232.6821869
641750,39.91399872,0.309567496,232.7028809
642000,47.1959996,0.328557489,232.6897705
642250,40.03599915,0.319840496,232.6795538
642500,48.63499908,0.347869992,232.6772119
642750,52.86899902,0.411586487,232.6565631
643000,52.86899902,0.411586487,232.6565631
643250,64.19899872,0.457026492,232.6300739
643500,71.39699799,0.425339988,232.6524268
643750,57.19899902,0.427494482,232.6270764
644000,72.05999802,0.51027299,232.6255786
644250,88.0519986,0.501596986,232.6389471
644500,77.10399902,0.520790986,232.6343945
644750,89.62299713,0.568575983,232.6463605
645000,92.95900055,0.553541987,232.6269794
645250,86.8219989,0.558477993,232.6131757
645500,98.8639978,0.630558486,232.6149786
645750,112.6879956,0.630735493,232.6135785
646000,105.5469983,0.61311347,232.6112982
646250,109.6809991,0.63923949,232.6257227
646500,106.2969992,0.640995977,232.6233307
646750,114.9519962,0.653943486,232.5867633
647000,108.8699976,0.648522489,232.5847363
647250,117.2069989,0.680037987,232.6028918
647500,126.8829953,0.714290986,232.6233569
647750,134.3779962,0.746340988,232.5995636
648000,140.728996,0.761865969,232.6206201
648250,144.1479968,0.786680975,232.5579852
648500,158.1669958,0.810449483,232.5693048
648750,158.5559943,0.808119996,232.5797455
649000,162.8509961,0.834994473,232.5809619
649250,168.0649933,0.850232472,232.5553613
649500,168.0649933,0.850232472,232.5553613
649750,175.7939966,0.873924475,232.5570105
650000,160.0839966,0.821444979,232.5812085
650250,176.0059955,0.899901471,232.5573224
650500,182.0099976,0.889815977,232.5568805
650750,176.4479974,0.86491348,232.5465533
651000,184.9659967,0.934165466,232.5398566
651250,192.1209955,0.914134486,232.5237292
651500,179.377998,0.875371475,232.5378357
651750,187.9229932,0.956883481,232.489834
652000,207.8049951,0.995053966,232.5134021
652250,207.8179932,0.964336956,232.5120026
652500,205.9889978,0.995220983,232.5321722
652750,211.5149908,0.98452647,232.5314093
653000,199.5889954,0.932056475,232.5210345
653250,197.3249951,0.975622973,232.5309949
653500,211.6089954,0.991948967,232.5110736
653750,201.5519958,0.943100474,232.5791187
654000,188.5379974,0.879547486,232.5522821
654250,179.792995,0.879633501,232.5438342
654500,177.2109949,0.877431993,232.5380017
654750,181.5579956,0.888182964,232.5612592
655000,178.6609979,0.866899478,232.5569214
655250,173.4429956,0.868885489,232.5567786
655500,175.6129987,0.846923485,232.558963
655750,175.8979993,0.91139096,232.5182312
656000,175.8979993,0.91139096,232.5182312
656250,196.2809943,0.946177983,232.563244
656500,190.175993,0.893242474,232.5849628
656750,171.8639984,0.816325476,232.5788208
657000,166.042995,0.861432972,232.592218
657250,170.3959961,0.83606499,232.5946356
657500,161.4640015,0.803778467,232.6164972
657750,156.0989984,0.800735991,232.5713928
658000,153.2559967,0.797456987,232.5635626
658250,165.1149976,0.854030986,232.5983539
658500,167.3430023,0.812189484,232.5781775
658750,146.5709955,0.742660968,232.5724017
659000,137.5399988,0.737075481,232.5895062
659250,140.2079968,0.771706989,232.5558423
659500,144.5809967,0.741619985,232.5991077
659750,134.2849976,0.736866484,232.5891443
660000,133.287999,0.720021467,232.6047705
660250,126.0199936,0.700668967,232.5879944
660500,127.8249963,0.735752473,232.5755054
660750,141.1719983,0.770071986,232.5999542
661000,136.0919977,0.676148977,232.6180078
661250,117.6979984,0.698698971,232.6216583
661500,127.4009979,0.670764487,232.5988098
661750,112.1239978,0.662318995,232.6251782
662000,115.1869974,0.67349999,232.6127466
662250,118.010997,0.651900978,232.6072357
662500,118.010997,0.651900978,232.6072357
662750,105.9709964,0.590900981,232.6151862
663000,91.66399872,0.523274999,232.6465875
663250,82.39099335,0.516656988,232.6096112
663500,82.96800079,0.472935494,232.6184912
663750,71.96199951,0.47082799,232.6037457
664000,73.5769986,0.499159495,232.6577765
664250,80.62699829,0.50085498,232.6403235
664500,75.38999908,0.459547491,232.6693243
664750,66.73199905,0.440628985,232.675321
665000,73.67899811,0.405381495,232.638219
665250,48.92499939,0.363423488,232.6826166
665500,51.2909993,0.354651994,232.6502173
665750,50.89099884,0.359389488,232.6626501
666000,52.01999802,0.386003991,232.6502838
666250,56.38299866,0.368589988,232.6441858
666500,49.52399841,0.327051494,232.6583875
666750,41.33999847,0.318973992,232.688833
667000,43.04499817,0.325223494,232.6618915
667250,44.17700027,0.306877494,232.6815131
667500,36.50199951,0.286243989,232.6750989
667750,35,0.284324994,232.6837946
668000,34.04299957,0.280318493,232.7117932
668250,35.7559996,0.280975491,232.6837781
668500,33.26199936,0.288118491,232.685321
668750,35.19899902,0.282876991,232.673205
669000,35.19899902,0.282876991,232.673205
669250,36.37999954,0.282133497,232.671355
669500,33.06599892,0.27938749,232.6905615
669750,37.11,0.299360492,232.6865533
670000,41.46299988,0.305514493,232.6537305
670250,33.95499931,0.285030994,232.6847455
670500,35.65999939,0.277756492,232.6916565
670750,34.47499939,0.286535994,232.6867767
671000,34.43999893,0.283269488,232.6850494
671250,35.8169989,0.283870492,232.7241132
671500,34.86799942,0.285718496,232.6783136
671750,35.49799973,0.306794994,232.6610278
672000,46.20899857,0.338241988,232.6856964
672250,40.88899841,0.294702996,232.663443
672500,39.80899872,0.341083487,232.6692755
672750,55.08499908,0.373985995,232.6487054
673000,46.20099884,0.310890496,232.6830273
673250,44.55399887,0.359093988,232.6508826
673500,54.73499817,0.42540799,232.6597229
673750,72.93499847,0.459226989,232.6511078
674000,65.03199921,0.398407485,232.6752246
674250,53.93499954,0.398793986,232.6220251
674500,58.11099899,0.392726988,232.6646875
674750,58.33499847,0.418453001,232.6612183
675000,59.35099808,0.411906486,232.6812738
675250,69.57699951,0.460401492,232.6647711
675500,69.57699951,0.460401492,232.6647711
675750,71.24999847,0.460925491,232.6304102
676000,79.40499817,0.541097488,232.6245465
676250,98.53199799,0.61146848,232.6189069
676500,97.53099823,0.548813994,232.6480103
676750,89.78199829,0.548759992,232.653833
677000,90.06799622,0.582403986,232.6147852
677250,116.8569992,0.679310505,232.6214429
677500,119.3619962,0.681155481,232.624187
677750,123.7059952,0.709923987,232.6064355
678000,127.6809958,0.686818469,232.6129944
678250,124.3779974,0.720741475,232.6311633
678500,132.332995,0.709225972,232.6041876
678750,135.2729987,0.738075473,232.5745386
679000,132.2069977,0.735255482,232.6255389
679250,132.745997,0.708799984,232.5995453
679500,128.0109958,0.717556963,232.6025635
679750,133.4739966,0.732036989,232.612475
680000,139.938996,0.761658983,232.5950989
680250,143.1799988,0.762629986,232.5861707
680500,144.4590002,0.767013483,232.5634766
680750,146.5999976,0.795103979,232.6063617
681000,155.4979974,0.804208968,232.5960089
681250,152.5179962,0.779272997,232.6026672
681500,145.1799963,0.768641984,232.5959143
681750,148.123996,0.784110472,232.6296405
682000,148.123996,0.784110472,232.6296405
682250,153.0399951,0.786725969,232.5926593
682500,155.403999,0.832203982,232.5847449
682750,170.6229956,0.854696984,232.545589
683000,165.7219971,0.803416979,232.5807538
683250,154.4399951,0.797078483,232.5868109
683500,164.8950006,0.86077148,232.5524493
683750,182.2449976,0.910281985,232.5457062
684000,182.8809979,0.857530472,232.5774261
684250,166.3109955,0.84476198,232.5508337
684500,176.2769971,0.904389982,232.5515375
684750,189.7979938,0.909178987,232.558761
685000,184.0359961,0.878625977,232.579386
685250,169.5919983,0.81534348,232.5730261
685500,156.5259967,0.784319484,232.5657611
685750,156.5389978,0.859599476,232.5623779
686000,174.123996,0.815834486,232.5916815
686250,161.4669971,0.864317482,232.5425287
686500,177.0089954,0.862382982,232.5707935
686750,168.7259955,0.803507471,232.5818671
687000,157.3789954,0.830536489,232.5738184
687250,167.1789984,0.819655976,232.5628253
687500,156.2769995,0.798612974,232.5638159
687750,154.168996,0.789983974,232.5940186
688000,156.1579968,0.813559959,232.5640491
688250,161.5840002,0.797461984,232.592561
688500,161.5840002,0.797461984,232.592561
688750,152.4999982,0.790546477,232.5838751
689000,158.5239978,0.838292472,232.5917462
689250,168.3559979,0.79272048,232.5850568
689500,139.3209949,0.771787994,232.6060651
689750,152.241001,0.810412977,232.5669543
690000,161.0109979,0.805782487,232.6015149
690250,154.903999,0.787772985,232.5700098
690500,147.6889984,0.740254982,232.6090588
690750,131.7069977,0.727696989,232.6031689
691000,138.6609979,0.744399974,232.5908014
691250,134.9619934,0.733888974,232.6058582
691500,133.7759943,0.733967972,232.5688013
691750,137.1209967,0.739947984,232.5940033
692000,139.9229987,0.769454479,232.5647375
692250,146.1309998,0.764382477,232.5818481
692500,144.5869965,0.757626469,232.6318243
692750,133.4719965,0.735988979,232.6279559
693000,133.7889948,0.716042991,232.6292175
693250,124.9849988,0.674244976,232.6083234
693500,121.8199985,0.677928483,232.6408026
693750,121.926998,0.679774475,232.6134729
694000,118.5999979,0.654274981,232.6367841
694250,116.370997,0.670550988,232.6262317
694500,123.0899973,0.717914987,232.6195892
694750,130.3950015,0.680303478,232.6331775
695000,130.3950015,0.680303478,232.6331775
695250,106.0659979,0.638571997,232.6516266
695500,119.2319974,0.664792976,232.6352087
695750,115.4589981,0.621695981,232.61625
696000,100.0179984,0.553623486,232.6324731
696250,87.73599792,0.529189484,232.6471448
696500,81.29299652,0.487349991,232.6604767
696750,70.76099945,0.462464492,232.6328748
697000,74.60299957,0.485917978,232.6743048
697250,78.32499878,0.506410002,232.654035
697500,83.26899658,0.478429995,232.6575696
697750,68.63000031,0.415525483,232.6673383
698000,61.13999878,0.402157487,232.6377643
698250,48.89499908,0.341618989,232.6594525
698500,57.77199829,0.467528983,232.6740887
698750,81.8789978,0.500180984,232.6606989
699000,70.20099854,0.418750491,232.6618079
699250,57.78299957,0.404187481,232.642644
699500,58.96799866,0.401937488,232.6800928
699750,52.64700027,0.362495992,232.6543481
700000,55.12899857,0.381376988,232.6415326
700250,48.46799866,0.353046992,232.6661212
700500,57.25399933,0.407152492,232.6545142
700750,56.12099869,0.38139349,232.6749921
701000,68.69799835,0.456311992,232.6755536
701250,56.7669989,0.384133495,232.653056
701500,56.7669989,0.384133495,232.653056
701750,64.27199783,0.467036486,232.6599829
702000,75.18399841,0.466045991,232.6519794
702250,73.18499817,0.498481992,232.641272
702500,91.29599915,0.567096484,232.6211542
702750,88.21099915,0.510589488,232.663161
703000,70.84799683,0.447747495,232.6331079
703250,68.84699738,0.459160489,232.6458105
703500,75.53899872,0.495551484,232.6374963
703750,76.03299652,0.468818988,232.6550104
704000,79.43499695,0.52633749,232.6410016
704250,86.07800018,0.523156486,232.6403943
704500,82.56799683,0.522293981,232.6475024
704750,85.75800018,0.540486486,232.6287476
705000,88.76599792,0.522778978,232.6266827
705250,86.55600006,0.545397985,232.6071692
705500,86.65499878,0.522867489,232.6250177
705750,86.97799866,0.523298476,232.6608984
706000,88.22999969,0.57680398,232.63289
706250,85.1219986,0.483468986,232.6775513
706500,78.59099945,0.525542489,232.644538
706750,91.52299652,0.559258986,232.6612592
707000,98.34599579,0.605163491,232.6365845
707250,102.756998,0.600905983,232.6551538
707500,105.817999,0.649464483,232.5939703
707750,107.6569974,0.612914464,232.6502008
708000,107.6569974,0.612914464,232.6502008
708250,103.3959991,0.618581982,232.6260657
708500,108.4499979,0.612984493,232.6417871
708750,114.5119995,0.695434971,232.5924976
709000,124.4939975,0.684448483,232.619931
709250,117.9009976,0.653188484,232.6100818
709500,111.9649966,0.667728989,232.6054663
709750,117.745997,0.674604979,232.5868982
710000,131.9719965,0.755248964,232.5931134
710250,140.3399945,0.733563979,232.6102893
710500,127.797998,0.68205749,232.5966193
710750,123.387999,0.71853898,232.5899536
711000,134.2109955,0.765429485,232.5982336
711250,145.6869977,0.771079485,232.6044275
711500,144.7969958,0.765175991,232.5826184
711750,141.8899988,0.72437547,232.6382495
712000,133.5629947,0.759827974,232.6200018
712250,144.5759979,0.777550476,232.5932178
712500,152.3399963,0.786155477,232.6088348
712750,151.7019983,0.79615998,232.5586115
713000,154.9739966,0.788509979,232.6040918
713250,154.091994,0.77030148,232.5694806
713500,144.1169977,0.789418471,232.5902991
713750,156.8269946,0.806878471,232.5780603
714000,160.0979956,0.80717948,232.6108008
714250,153.6619977,0.797094986,232.5912634
714500,153.6619977,0.797094986,232.5912634
714750,155.7299976,0.795299475,232.5969312
715000,155.6129999,0.782178488,232.6056403
715250,146.6619952,0.743321979,232.6159155
715500,133.7819958,0.739146452,232.605827
715750,139.3819934,0.777481472,232.6197382
716000,153.2889972,0.78271698,232.6150562
716250,144.9789966,0.771353502,232.5992188
716500,147.0649994,0.775461972,232.5828473
716750,152.1269958,0.776626995,232.587074
717000,145.4859991,0.75448149,232.5988733
717250,141.4119977,0.772182963,232.5833545
717500,148.8309937,0.780130982,232.5943768
717750,144.4999957,0.767687974,232.5900812
718000,147.1119965,0.770827484,232.6045844
718250,151.1849963,0.804908986,232.6035309
718500,165.2359961,0.817338481,232.5600671
718750,148.8829987,0.759145997,232.6225629
719000,139.2819934,0.746814475,232.5919965
719250,135.3319977,0.75169898,232.5931616
719500,138.1169983,0.721538987,232.6083789
719750,126.1329971,0.693448479,232.6039551
720000,131.0959979,0.748119488,232.5965076
720250,144.9080017,0.739117465,232.6061792
720500,134.0389978,0.747732985,232.6331488
720750,141.7149969,0.740754972,232.5962811
721000,141.7149969,0.740754972,232.5962811
721250,123.9369968,0.707925973,232.6171625
721500,131.0390005,0.730387483,232.6223132
721750,138.5630011,0.745031986,232.6156659
722000,131.033999,0.717084987,232.6193781
722250,135.2509967,0.70533798,232.6150421
722500,121.5219968,0.708082478,232.6248901
722750,135.5449963,0.752475471,232.5796667
723000,139.1820007,0.732166972,232.617915
723250,128.722998,0.688450491,232.5888184
723500,116.4539981,0.623458979,232.6419476
723750,105.8449994,0.611429496,232.6074664
724000,107.2749991,0.628433478,232.5949133
724250,109.5119974,0.617105484,232.6384674
724500,99.24199677,0.626242976,232.6171533
724750,112.1869986,0.657612481,232.6153296
725000,111.8729968,0.639347479,232.65409
725250,111.8129974,0.625046976,232.6291144
725500,104.7559979,0.576375475,232.6425006
725750,90.21799957,0.536995978,232.638194
726000,92.11599609,0.572755973,232.6307959
726250,99.63099701,0.591382487,232.6118805
726500,95.72999878,0.574312985,232.6405054
726750,84.13799683,0.513272985,232.6276123
727000,91.14599731,0.567180989,232.6356909
727250,95.14199951,0.575082986,232.6314124
727500,95.14199951,0.575082986,232.6314124
727750,91.52799774,0.518623494,232.6379309
728000,80.71800049,0.512074485,232.6338898
728250,81.33799927,0.504121492,232.654715
728500,74.91599854,0.475717485,232.6390491
728750,75.61899872,0.486983484,232.6524493
729000,64.53299866,0.407652988,232.6887048
729250,71.85999786,0.502055491,232.643114
729500,79.8769986,0.492239491,232.6417383
729750,83.41899872,0.523789483,232.6360181
730000,80.08599884,0.496940482,232.6664569
730250,76.69999908,0.499516983,232.6504346
730500,84.36099701,0.533985486,232.6536908
730750,78.69199829,0.462640489,232.6574664
731000,76.56299896,0.494210986,232.6514111
731250,75.75599792,0.463016491,232.6573462
731500,71.28999939,0.477971483,232.6546326
731750,76.49599884,0.485537987,232.6584021
732000,71.79699951,0.451886487,232.680448
732250,69.56799835,0.448468493,232.6559467
732500,66.16299942,0.425477991,232.6550684
732750,67.60799942,0.467370989,232.6510657
733000,77.08099884,0.488899487,232.6582428
733250,71.45799927,0.428479493,232.6887134
733500,63.83899857,0.459745489,232.6519617
733750,84.13199768,0.54385349,232.6540906
734000,84.13199768,0.54385349,232.6540906
734250,82.45199921,0.488403987,232.6350415
734500,85.1389975,0.564169984,232.6476196
734750,92.87000061,0.537894974,232.6493292
735000,86.37799835,0.544530492,232.6287384
735250,85.81499756,0.502768494,232.6493304
735500,82.20499847,0.555400496,232.6569952
735750,88.23999786,0.514896493,232.6705713
736000,87.59799835,0.581925969,232.6350659
736250,101.5109964,0.596836977,232.632619
736500,106.9729971,0.647894976,232.6057697
736750,106.8989972,0.574514985,232.6275629
737000,88.6169989,0.598939989,232.6057703
737250,101.5459976,0.57154099,232.6444098
737500,93.46699738,0.543996489,232.623252
737750,93.16199738,0.577495475,232.626499
738000,103.2559979,0.636883981,232.6487305
738250,104.6789975,0.601465485,232.6563141
738500,102.9089975,0.639532983,232.6196167
738750,112.3019974,0.630485482,232.6156958
739000,109.1379977,0.620478978,232.6200476
739250,107.9679971,0.556839483,232.642002
739500,88.4269989,0.626151986,232.6162268
739750,118.4549979,0.688891485,232.6121198
740000,119.4509982,0.645076973,232.640979
740250,107.257998,0.643137486,232.6058246
740500,107.257998,0.643137486,232.6058246
740750,112.9169974,0.632752979,232.6071533
741000,115.1749976,0.710659492,232.6209064
741250,141.6970001,0.741793973,232.5979535
741500,135.3079974,0.759037976,232.5829926
741750,143.7389984,0.764663484,232.5877844
742000,145.372998,0.771107485,232.6171698
742250,149.9269983,0.780514975,232.5749298
742500,151.3099976,0.771345971,232.5888025
742750,148.5099963,0.770245969,232.5779858
743000,145.1809985,0.769110982,232.5977765
743250,144.9999957,0.764298477,232.6044501
743500,145.197998,0.774444964,232.5789722
743750,147.25,0.766419477,232.5809375
744000,150.0559967,0.799529467,232.5959448
744250,165.3149988,0.841363964,232.5998657
744500,168.7259998,0.841362467,232.6069977
744750,168.3250122,0.836930478,232.5649475
745000,164.4730017,0.817061977,232.6009296
745250,157.0209949,0.795831475,232.5907959
745500,155.2129932,0.790502982,232.5884656
745750,153.4699963,0.780967479,232.6006494
746000,152.8349963,0.793185492,232.603634
746250,153.8369977,0.798021984,232.6040588
746500,153.3009973,0.766067977,232.5803076
746750,133.7129974,0.732616482,232.6104657
747000,133.7129974,0.732616482,232.6104657
747250,140.1300003,0.793923967,232.5835614
747500,165.6109979,0.82115447,232.5881537
747750,150.4659979,0.761603961,232.607182
748000,144.7149969,0.763075981,232.5855951
748250,138.5179993,0.721834488,232.6081915
748500,127.2039966,0.70758148,232.6071252
748750,132.8229962,0.754545493,232.5998969
749000,145.9259998,0.764580975,232.5716101
749250,138.7629974,0.733509984,232.6040338
749500,142.0999976,0.75906045,232.6149847
749750,138.3939948,0.747370484,232.592345
750000,139.6359985,0.732653489,232.6039471
750250,123.9759952,0.653370974,232.6250732
750500,108.6589996,0.633647978,232.61703
750750,108.516998,0.622870975,232.6157147
751000,113.6409988,0.663699961,232.6189075
751250,112.8969986,0.637309995,232.6040997
751500,118.0039969,0.671271484,232.6130841
751750,113.4539951,0.659234481,232.642146
752000,115.2929959,0.678924973,232.6283618
752250,124.8799976,0.701818471,232.6298657
752500,138.8799982,0.763608477,232.598042
752750,135.5549976,0.69878098,232.602251
753000,127.3829974,0.720732484,232.6153156
753250,133.6289954,0.731358972,232.5851282
753500,133.6289954,0.731358972,232.5851282
753750,122.6439957,0.66550499,232.6188959
754000,119.244996,0.69373199,232.6371082
754250,130.0149976,0.699887986,232.6140753
754500,119.6359982,0.626765475,232.6122253
754750,104.4429987,0.613387988,232.6264435
755000,108.1049982,0.619807491,232.630788
755250,101.2499985,0.609858487,232.6375635
755500,109.8119983,0.661301475,232.6322253
755750,111.9869968,0.593014989,232.609339
756000,87.73199982,0.502530484,232.6374902
756250,76.76699738,0.479561485,232.6452899
756500,74.71999878,0.475728981,232.6608337
756750,83.37099731,0.536004989,232.6302814
757000,81.05899872,0.470684489,232.6564844
757250,75.27599854,0.518313494,232.6275122
757500,80.52899872,0.477653981,232.6297162
757750,77.24399902,0.51014949,232.6147797
758000,78.08299866,0.463246994,232.6320654
758250,80.14799774,0.532241492,232.6308026
758500,88.42999847,0.547291489,232.6162115
758750,86.86299866,0.53318249,232.6451599
759000,88.48299713,0.537447987,232.6304761
759250,86.28899567,0.553462493,232.6195056
759500,90.43299652,0.526697483,232.6230902
759750,91.20499878,0.55851799,232.6306641
760000,91.20499878,0.55851799,232.6306641
760250,88.75199829,0.536922481,232.6308734
760500,84.25099884,0.507857497,232.6513855
760750,79.27199799,0.519045489,232.6767542
761000,80.83199646,0.502831987,232.6592657
761250,80.6499939,0.49410149,232.6371063
761500,82.6109967,0.514841983,232.6217145
761750,81.05099701,0.48175699,232.6504999
762000,76.74999725,0.534261484,232.6515167
762250,85.94299896,0.53534699,232.6121936
762500,81.16799622,0.471500993,232.6082996
762750,70.75299957,0.483403988,232.6550116
763000,80.38299805,0.487643489,232.6365063
763250,83.54999847,0.529784485,232.6337207
763500,87.97099915,0.569479489,232.6475946
763750,95.5789975,0.553599992,232.622818
764000,90.28399719,0.562918985,232.6380499
764250,95.59800171,0.604131987,232.630401
764500,106.9199976,0.59114048,232.6393536
764750,88.51799957,0.471984985,232.6467615
765000,73.15400085,0.537275488,232.6429065
765250,99.21999786,0.601162987,232.6280011
765500,99.67999847,0.60497998,232.6115607
765750,99.39899841,0.554020483,232.5879926
766000,82.15199951,0.517650491,232.6487311
766250,90.98899597,0.55548949,232.6371381
766500,90.98899597,0.55548949,232.6371381
766750,95.20599609,0.556510999,232.6488361
767000,91.20599884,0.558819983,232.6412506
767250,92.83999939,0.538502483,232.6136169
767500,85.92799896,0.542461488,232.6442737
767750,86.30399841,0.541455972,232.6382904
768000,89.26199554,0.553036487,232.6212982
768250,95.0809964,0.567433984,232.6290045
768500,94.57499786,0.577391493,232.6348572
768750,105.3819989,0.622556481,232.6297864
769000,106.9250031,0.626231482,232.5963782
769250,101.5230014,0.596452992,232.6453479
769500,98.85199738,0.564732974,232.638562
769750,92.01499969,0.576083479,232.6338586
770000,100.9689969,0.591938987,232.6351593
770250,100.7689969,0.576766477,232.640036
770500,96.53799927,0.584998984,232.6268646
770750,101.2259991,0.631899488,232.6366168
771000,110.5409991,0.649081481,232.634931
771250,115.4389972,0.636339469,232.5815131
771500,109.9539969,0.640945487,232.6125378
771750,115.2649976,0.662030993,232.5902594
772000,119.3249966,0.668583469,232.6132428
772250,115.1219965,0.655978475,232.6475854
772500,105.0379956,0.632978482,232.6042084
772750,117.0379984,0.648309989,232.6046423
773000,117.0379984,0.648309989,232.6046423
773250,105.8749988,0.602205987,232.6282092
773500,99.6689975,0.574751482,232.6317615
773750,96.71999634,0.611548984,232.6358099
774000,116.5439972,0.692133994,232.5836426
774250,129.2229962,0.712186971,232.5798743
774500,127.0369989,0.686229985,232.6044977
774750,122.4419971,0.669541984,232.6291467
775000,121.2739975,0.704624481,232.6432007
775250,135.4609991,0.745555985,232.6116602
775500,137.5459955,0.745808995,232.605788
775750,139.5649951,0.770991967,232.567522
776000,145.5839966,0.758710966,232.6043677
776250,140.7929962,0.707514999,232.6053619
776500,117.5459976,0.681511967,232.605874
776750,129.3239969,0.731523483,232.5919232
777000,134.7750006,0.744909484,232.5979059
777250,139.0259998,0.765262961,232.6006201
777500,144.2719989,0.742591989,232.5820282
777750,128.0819946,0.696780467,232.6330896
778000,133.4289987,0.742731979,232.6099219
778250,138.4589996,0.746648986,232.5943378
778500,142.9229987,0.763448989,232.5975769
778750,136.6939999,0.709997988,232.6015552
779000,122.943996,0.705844462,232.6099457
779250,134.6469962,0.766472483,232.6095569
779500,134.6469962,0.766472483,232.6095569
779750,144.9079974,0.771965978,232.6162598
780000,142.6539987,0.709275982,232.6411066
780250,75.94999817,0.299301997,232.6595367
780500,15.91599945,0.201167495,232.6835596
780750,17.21399994,0.196373488,232.7168353
781000,17.06099998,0.195502996,232.6741449
781250,16.6869997,0.195884497,232.6860754
781500,16.19899979,0.196216497,232.6879724
781750,17.10200005,0.195456495,232.6629932
782000,16.53599968,0.195722495,232.6878406
782250,16.35799984,0.19758599,232.6776501
782500,17.37599983,0.205068994,232.6805133
782750,17.5,0.203949494,232.6529559
783000,17.5,0.201526995,232.6785266
783250,17.5,0.197424994,232.6885126
783500,16.98099998,0.193916994,232.7062738
783750,15.77799957,0.190220496,232.6884589
784000,15.80999962,0.191624494,232.6894928
784250,17.06199997,0.198777496,232.7154596
784500,16.54899967,0.199271996,232.6656659
784750,17.5,0.197396493,232.6820233
785000,16.15499989,0.193855497,232.6718286
785250,14.93299957,0.166477995,232.6715295
785500,8.342999821,0.126268999,232.6901538
785750,5.482999916,0.123264498,232.6769458
786000,5.482999916,0.123264498,232.6769458
786250,5.25,0.123135499,232.6733832
786500,5.25,0.122969998,232.6847443
786750,6.572999973,0.123288499,232.6682483
787000,5.303999939,0.123566997,232.708161
787250,5.25,0.123023998,232.6688568
787500,6.469999962,0.122929998,232.7004578
787750,5.353999977,0.122950498,232.6714978
788000,5.25,0.123050496,232.6621887
788250,5.25,0.123157496,232.6822809
788500,6.576000004,0.123241997,232.6732733
788750,5.273999901,0.122865997,232.6686993
789000,5.25,0.123122996,232.6872253
789250,6.532999973,0.122889496,232.6931866
789500,5.305999908,0.123474996,232.690929
789750,5.25,0.123601997,232.70125
790000,6.464999943,0.123491996,232.7084247
790250,5.329999943,0.122696997,232.7029053
790500,5.25,0.123130997,232.6854578
790750,5.25,0.123229997,232.6836108
791000,6.582000027,0.122999998,232.6794916
791250,5.275999947,0.123326997,232.7092853
791500,5.25,0.123293498,232.6968439
791750,6.549999981,0.122927497,232.691283
792000,5.292999897,0.122889995,232.6789838
792250,5.25,0.123345996,232.6837079
792500,5.25,0.123345996,232.6837079
792750,5.25,0.123618997,232.7008252
793000,6.568000011,0.123123497,232.6986993
793250,5.25899992,0.122980998,232.6832727
793500,5.25,0.122898495,232.6902979
793750,5.440999966,0.122819498,232.6898663
794000,6.387999935,0.122858995,232.6761633
794250,5.250999985,0.122772998,232.6623779
794500,5.371999989,0.122762497,232.6848035
794750,6.455999985,0.123666497,232.6799951
795000,5.252999973,0.123362497,232.6914404
795250,5.25,0.123098996,232.6985522
795500,5.627999973,0.122910498,232.7016101
795750,6.208999977,0.122529996,232.6908582
796000,5.25,0.123416498,232.6925281
796250,5.458999977,0.123191499,232.7104315
796500,6.336000004,0.123134995,232.6812103
796750,5.25,0.123479998,232.7146344
797000,5.25,0.123002996,232.6887158
797250,5.746999989,0.123067496,232.7309454
797500,6.087999935,0.123155997,232.7139233
797750,5.25,0.123165996,232.6806982
798000,5.614999981,0.123125497,232.6976178
798250,6.185999928,0.123566998,232.7073132
798500,5.25,0.123197998,232.7044269
798750,5.25,0.123314997,232.6759369
799000,5.25,0.123314997,232.6759369
799250,5.918999996,0.123318497,232.6742719
799500,5.905999947,0.123276997,232.7007892
799750,5.25,0.123423996,232.6837207
800000,5.25,0.123046997,232.6683868
800250,6.170999947,0.122785498,232.6888507
800500,5.61699995,0.123317496,232.6954034
800750,5.25,0.123545996,232.6808582
801000,5.25,0.123273497,232.6562189
801250,6.503999939,0.123127497,232.6713562
801500,5.353999977,0.123439997,232.6899445
801750,5.25,0.123200997,232.6949292
802000,5.25,0.123195496,232.6737384
802250,6.541999989,0.123081996,232.6686682
802500,5.272999916,0.122889997,232.6867072
802750,5.25,0.122626497,232.6956976
803000,6.561999989,0.122692495,232.7062988
803250,5.295999928,0.122945496,232.7325287
803500,5.25,0.123000498,232.6996338
803750,5.25,0.123046997,232.6672583
804000,6.619999924,0.123417996,232.6655206
804250,5.261999912,0.123115498,232.6914349
804500,5.25,0.123072996,232.6844525
804750,6.644999943,0.123151495,232.6944342
805000,5.269999866,0.122964497,232.6531219
805250,5.25,0.122811497,232.6711938
805500,5.25,0.122811497,232.6711938
805750,5.32,0.122772496,232.6709204
806000,6.487000027,0.123432997,232.6588831
806250,5.252999954,0.123154496,232.6762817
806500,5.25,0.122981996,232.6823877
806750,6.57,0.123208497,232.6800342
807000,5.257999935,0.123266498,232.684577
807250,5.25,0.123201998,232.694314
807500,5.458999977,0.122706996,232.6748627
807750,6.371999969,0.123211996,232.6843311
808000,5.25,0.123395996,232.6818182
808250,5.25,0.123240494,232.6514832
808500,5.701999989,0.123222997,232.6767859
808750,6.061999893,0.123156497,232.6678986
809000,5.25,0.123258998,232.6906885
809250,5.25,0.123846998,232.6926898
809500,5.986999989,0.123536995,232.6988123
809750,5.828999882,0.123249998,232.6958545
810000,5.25,0.123248995,232.7034662
810250,5.88699995,0.123808496,232.696665
810500,5.937999973,0.123553498,232.6760107
810750,5.25,0.123093497,232.6659625
811000,5.25,0.122970495,232.6665057
811250,6.156999969,0.122981996,232.6964209
811500,5.602999973,0.122925996,232.6919873
811750,5.25,0.123026994,232.7000018
812000,5.25,0.123026994,232.7000018
812250,5.25,0.123564998,232.6863531
812500,6.446999931,0.123239496,232.6678021
812750,5.377999935,0.123135496,232.684339
813000,5.25,0.123037997,232.68953
813250,6.309999943,0.123199998,232.6890485
813500,5.480999947,0.123608495,232.6736481
813750,5.25,0.123123498,232.6798596
814000,5.25,0.123273497,232.6767627
814250,6.511000004,0.123288997,232.7102338
814500,5.300999966,0.123707497,232.6982977
814750,5.25,0.123369496,232.6855225
815000,5.25,0.123314998,232.6862329
815250,6.594000034,0.123304496,232.6788098
815500,5.260999928,0.123034995,232.7024982
815750,5.25,0.123220998,232.6985223
816000,5.406999989,0.124016498,232.697923
816250,6.389999924,0.123401996,232.686236
816500,5.250999985,0.123913496,232.6778821
816750,5.371999989,0.123256498,232.6804181
817000,6.500000019,0.123487497,232.6863049
817250,5.252999973,0.123331498,232.6982178
817500,5.25,0.123815499,232.7058502
817750,5.558999996,0.122821496,232.7057697
818000,6.21699995,0.123066998,232.6751453
818250,5.25,0.123253495,232.6782202
818500,5.25,0.123253495,232.6782202
818750,5.25,0.123147497,232.6710986
819000,5.871999989,0.122918497,232.6942395
819250,5.987999916,0.122979496,232.716665
819500,5.25,0.123125997,232.6918567
819750,5.738999996,0.122960995,232.6898016
820000,6.124999905,0.123949496,232.6900415
820250,5.25,0.123707498,232.6780023
820500,5.25,0.123283998,232.7022516
820750,5.997000008,0.123255997,232.7034485
821000,5.799999981,0.123434497,232.6932745
821250,5.25,0.123443497,232.7070343
821500,5.25,0.123030997,232.704729
821750,6.286999969,0.123100996,232.6963892
822000,5.537999973,0.122859497,232.6855713
822250,5.25,0.123275496,232.6985132
822500,6.156999969,0.123208996,232.6905212
822750,5.673999958,0.123338996,232.6956104
823000,5.25,0.123749496,232.6683368
823250,5.25,0.123789497,232.6936572
823500,6.446999931,0.123381498,232.6773303
823750,5.377999935,0.123155496,232.6572345
824000,5.25,0.123817997,232.6886505
824250,5.25,0.123274496,232.7066602
824500,6.545000019,0.123485496,232.6838593
824750,5.275999947,0.123591995,232.6642255
825000,5.275999947,0.123591995,232.6642255
825250,5.25,0.123505996,232.668371
825500,5.32,0.123569497,232.6738831
825750,6.505999985,0.123064496,232.7139624
826000,5.254999962,0.123900498,232.6748016
826250,5.25,0.122954497,232.6652264
826500,6.628000011,0.123195997,232.7007855
826750,5.262999916,0.123580997,232.6908667
827000,5.25,0.123413996,232.6794501
827250,6.622000027,0.123385998,232.6561456
827500,5.272999916,0.123000499,232.674809
827750,5.25,0.122971497,232.6787543
828000,5.336999989,0.123259498,232.6889069
828250,6.505000038,0.123673997,232.6953156
828500,5.252999973,0.123277996,232.6989148
828750,5.285,0.123327495,232.7045544
829000,6.590000038,0.123366498,232.7080811
829250,5.258999939,0.123288998,232.7154816
829500,5.25,0.123257495,232.6874591
829750,5.432999992,0.122441497,232.6530597
830000,6.342999992,0.122824997,232.6820581
830250,5.250999985,0.123253996,232.6526953
830500,5.32,0.123710495,232.6643225
830750,6.479000034,0.123053496,232.6626965
831000,5.252999954,0.123307498,232.6938354
831250,5.25,0.123113996,232.6859937
831500,5.25,0.123113996,232.6859937
831750,5.25,0.123388498,232.7012201
832000,5.96,0.123079996,232.6687476
832250,5.809999962,0.123301997,232.6617865
832500,5.25,0.123663498,232.6936517
832750,5.25,0.123617498,232.6936499
833000,6.282999954,0.123002997,232.6736353
833250,5.486999969,0.122659497,232.6749384
833500,5.25,0.122811497,232.6741931
833750,5.25,0.123027497,232.6971008
834000,6.498999977,0.123030996,232.6834326
834250,5.305999928,0.123191497,232.6781628
834500,5.25,0.123435496,232.6506512
834750,5.25,0.123207998,232.6873773
835000,6.566000042,0.123044496,232.6864508
835250,5.262999916,0.123096496,232.6815051
835500,5.25,0.123283497,232.6969861
835750,6.571000042,0.123426497,232.6843231
836000,5.276999931,0.123834497,232.6857202
836250,5.25,0.123478997,232.6947137
836500,6.511000004,0.123875498,232.7038348
836750,5.31199995,0.123079997,232.6851935
837000,5.25,0.123292497,232.6774908
837250,5.25,0.123369997,232.6963116
837500,6.618999996,0.123277997,232.6841699
837750,5.262999916,0.123535995,232.6951819
838000,5.262999916,0.123535995,232.6951819
838250,5.25,0.123473497,232.6773798
838500,5.371999989,0.123088497,232.6615137
838750,6.403000011,0.122884497,232.6723523
839000,5.251999969,0.123031997,232.6662976
839250,5.25,0.123060499,232.7051453
839500,5.681000004,0.123708497,232.7176349
839750,6.116999969,0.123257499,232.6984106
840000,5.25,0.123422997,232.6653009
840250,5.555,0.122922496,232.6668268
840500,6.248999977,0.123401497,232.6921167
840750,5.25,0.123532998,232.6796649
841000,5.25,0.123746496,232.6891455
841250,5.25,0.123125497,232.6902588
841500,6.231999989,0.123267998,232.6761798
841750,5.551999989,0.122977996,232.7183002
842000,5.25,0.123270497,232.6980652
842250,6.097999992,0.122963995,232.6980359
842500,5.688999977,0.123093496,232.6907068
842750,5.25,0.123073494,232.6971924
843000,5.25,0.123385496,232.6625238
843250,6.414999943,0.123404997,232.7077869
843500,5.432999973,0.123747495,232.68034
843750,5.25,0.123063497,232.6754425
844000,5.25,0.123537998,232.692962
844250,6.598000011,0.123341495,232.6769293
844500,6.598000011,0.123341495,232.6769293
844750,5.284999943,0.123484998,232.6706897
845000,5.25,0.123414999,232.6798975
845250,6.498999958,0.123271498,232.6980341
845500,5.323999939,0.123169493,232.6612671
845750,5.25,0.123460997,232.6951056
846000,5.25,0.123765997,232.6970721
846250,6.585000019,0.123638996,232.6860657
846500,5.262999916,0.123051997,232.6557623
846750,5.25,0.123577996,232.6801941
847000,5.371999989,0.123059497,232.6546338
847250,6.437000027,0.122632496,232.6691766
847500,5.251999969,0.122685994,232.6639001
847750,5.25,0.123250998,232.6818115
848000,5.662999973,0.123199499,232.6717072
848250,6.189999924,0.123023497,232.6874658
848500,5.25,0.123407496,232.6945392
848750,5.25,0.123623496,232.6998029
849000,5.961000004,0.123255496,232.6801306
849250,5.878999958,0.122910498,232.6802661
849500,5.25,0.122903497,232.6979932
849750,5.25,0.123097499,232.6936493
850000,6.209999962,0.123583497,232.6832312
850250,5.643999939,0.123252998,232.7024255
850500,5.25,0.122851497,232.670592
850750,5.25,0.123206498,232.6881573
851000,5.25,0.123206498,232.6881573
851250,6.442999973,0.123534497,232.6769696
851500,5.36,0.123229998,232.6962018
851750,5.25,0.123052498,232.7024841
852000,5.25,0.122977498,232.6849854
852250,5.475999966,0.123467497,232.6888477
852500,6.389000034,0.123210998,232.6804657
852750,5.25,0.123540496,232.7137305
853000,5.25,0.123561997,232.6890649
853250,5.685,0.123492496,232.6970007
853500,6.083999958,0.123082496,232.6687634
853750,5.25,0.122881997,232.6764832
854000,5.555,0.123416997,232.7021637
854250,6.215999966,0.123439998,232.6850183
854500,5.25,0.123384998,232.6820569
854750,5.25,0.123442997,232.6510266
855000,5.864999981,0.123365994,232.677666
855250,5.987999916,0.123351997,232.7026428
855500,5.25,0.123229496,232.6837152
855750,5.729999981,0.123574495,232.7014478
856000,6.055999947,0.123508998,232.701618
856250,5.25,0.122884997,232.6735858
856500,5.25,0.123144995,232.69474
856750,5.977999973,0.123198996,232.6671747
857000,5.785999966,0.123468998,232.6933295
857250,5.25,0.123532996,232.7041925
857500,5.25,0.123532996,232.7041925
857750,5.25,0.123158997,232.683172
858000,6.300999985,0.123220495,232.6843536
858250,5.465999985,0.122935997,232.6771381
858500,5.25,0.122872498,232.6433112
858750,5.25,0.122994996,232.6904114
859000,6.585999966,0.123070495,232.6798572
859250,5.303999958,0.123556497,232.6766187
859500,5.25,0.123306997,232.6673865
859750,6.469999962,0.123293497,232.6644116
860000,5.349999943,0.123332496,232.6697144
860250,5.25,0.123316495,232.6828668
860500,5.25,0.123505998,232.712746
860750,6.562999992,0.123198996,232.6909296
861000,5.272999897,0.123532996,232.691394
861250,5.25,0.122893997,232.6967944
861500,5.32,0.123106996,232.6950897
861750,6.524999962,0.122852497,232.6882104
862000,5.253999958,0.123690998,232.7063397
862250,5.25,0.123119997,232.6922675
862500,5.584999981,0.123271498,232.7171063
862750,6.239999924,0.123714497,232.698634
863000,5.25,0.123237997,232.7217859
863250,5.458999977,0.123550496,232.7074036
863500,6.371999969,0.123569497,232.7031549
863750,5.25,0.122903997,232.6915546
864000,5.25,0.122903997,232.6915546
864250,5.25,0.123674996,232.7167126
864500,5.701999989,0.123308995,232.6865619
864750,6.097999916,0.123287498,232.7098016
865000,5.25,0.1230145,232.7042188
865250,5.579999981,0.123247498,232.7339917
865500,6.229999924,0.123298496,232.6898895
865750,5.25,0.122937495,232.7012482
866000,5.25,0.123277496,232.6822424
866250,5.88699995,0.123610496,232.7054907
866500,5.969999905,0.123440996,232.7344897
866750,5.25,0.123679997,232.6864819
867000,5.733999977,0.123259497,232.6771838
867250,6.037999935,0.123410998,232.6706982
867500,5.25,0.122738495,232.6912756
867750,5.25,0.123065497,232.6732098
868000,5.977999973,0.122998999,232.6767059
868250,5.785999966,0.122994497,232.6699634
868500,5.25,0.123395997,232.6773608
868750,5.25,0.123367,232.6925305
869000,6.300999985,0.123450997,232.7267615
869250,5.465999985,0.123428496,232.7094727
869500,5.25,0.123102496,232.69146
869750,5.25,0.122870496,232.706449
870000,6.585999966,0.123046496,232.6863477
870250,5.302999954,0.123326997,232.6709137
870500,5.302999954,0.123326997,232.6709137
870750,5.25,0.122928496,232.6571051
871000,5.25,0.123416998,232.6655322
871250,6.588000011,0.123624498,232.6653693
871500,5.260999908,0.123607495,232.6846997
871750,5.25,0.123393495,232.6799786
872000,6.567000008,0.123237497,232.6949792
872250,5.270999928,0.122985998,232.6919086
872500,5.25,0.123311496,232.6829944
872750,5.32,0.123636498,232.6794281
873000,6.475000038,0.123640495,232.6703479
873250,5.253999958,0.123663997,232.6904578
873500,5.25,0.123613497,232.6885559
873750,6.637999954,0.123398497,232.6814569
874000,5.257999935,0.123203498,232.6808344
874250,5.25,0.123477497,232.661098
874500,5.25,0.123243997,232.668299
874750,5.836999989,0.123195997,232.6666254
875000,5.961999931,0.123236498,232.6806268
875250,5.25,0.123225498,232.6596649
875500,5.25,0.123223495,232.6870514
875750,6.125999966,0.123730496,232.6775476
876000,5.698999958,0.123672498,232.6893359
876250,5.25,0.123472998,232.6879871
876500,6.004999962,0.123301997,232.6942194
876750,5.828999882,0.123162999,232.6651123
877000,5.828999882,0.123162999,232.6651123
877250,5.25,0.122893497,232.6698907
877500,5.25,0.122975497,232.667323
877750,6.257999954,0.123409498,232.6854498
878000,5.50199995,0.123272997,232.6900824
878250,5.25,0.123544998,232.6666437
878500,5.25,0.123877997,232.6778339
878750,6.514999962,0.123330998,232.6746112
879000,5.307999916,0.123126495,232.6705536
879250,5.25,0.123023998,232.6756677
879500,5.25,0.123089496,232.6430682
879750,6.588000011,0.123513997,232.6965472
880000,5.261999912,0.123554496,232.6867859
880250,5.25,0.123580996,232.6750256
880500,5.388999977,0.123307496,232.6967725
880750,6.419999962,0.123437496,232.7080328
881000,5.251999969,0.123310996,232.7029358
881250,5.25,0.122997995,232.6839685
881500,5.649999981,0.123588997,232.7108575
881750,6.177999916,0.123874996,232.7065082
882000,5.25,0.123249496,232.6827985
882250,5.25,0.123198496,232.6960114
882500,5.912999973,0.123094497,232.6653156
882750,5.856999912,0.123046997,232.7003369
883000,5.25,0.123738498,232.6888184
883250,5.846999989,0.123028499,232.6872107
883500,5.846999989,0.123028499,232.6872107
883750,5.991999931,0.123534997,232.7077789
884000,5.25,0.123387497,232.6881
884250,5.25,0.123374997,232.6862823
884500,6.091999931,0.123358498,232.6860986
884750,5.755999908,0.123226497,232.649967
885000,5.25,0.122696497,232.6723444
885250,5.25,0.123008497,232.6892908
885500,6.400999966,0.123216996,232.6594891
885750,5.422999973,0.123510498,232.6868671
886000,5.25,0.123370998,232.6584094
886250,5.25,0.122804497,232.656402
886500,6.524999981,0.123072997,232.7207367
886750,5.290999908,0.123024997,232.6856885
887000,5.25,0.122886997,232.6809521
887250,5.285,0.123086497,232.6983649
887500,6.569999943,0.123088997,232.6740479
887750,5.257999935,0.122875997,232.6875433
888000,5.25,0.123301998,232.6603278
888250,5.449999981,0.123222996,232.672569
888500,6.307999954,0.123340997,232.6659137
888750,5.250999985,0.123584997,232.6849402
889000,5.25,0.123130495,232.6812811
889250,5.768999996,0.123407997,232.6647217
889500,6.066999893,0.123575497,232.6958331
889750,5.25,0.123497498,232.7095618
890000,5.25,0.123497498,232.7095618
890250,5.25,0.123049496,232.6619684
890500,6.055999985,0.123598496,232.6828204
890750,5.76399992,0.122852497,232.7001398
891000,5.25,0.122667998,232.6648029
891250,5.25,0.123487997,232.6757214
891500,6.318999958,0.123336996,232.690097
891750,5.47699995,0.123590994,232.7053381
892000,5.25,0.123506497,232.7083051
892250,6.180999966,0.123443496,232.7102899
892500,5.582999935,0.123377997,232.6889685
892750,5.25,0.123083997,232.7066492
893000,5.25,0.123059997,232.6733795
893250,5.25,0.123081498,232.6957794
893500,6.525000038,0.123225495,232.71737
893750,5.258999939,0.123194499,232.6987463
894000,5.25,0.123153497,232.6936493
894250,6.562000027,0.123378997,232.7005627
894500,5.26899992,0.123064496,232.703363
894750,5.25,0.122543997,232.6972107
895000,5.371999989,0.123454996,232.6882202
895250,6.489999962,0.123451995,232.6870905
895500,5.252999973,0.123692995,232.6996527
895750,5.285,0.123637498,232.6908167
896000,6.606000004,0.123071497,232.7062177
896250,5.258999939,0.123711497,232.6826672
896500,5.258999939,0.123711497,232.6826672
896750,5.25,0.123372497,232.690636
897000,5.502999992,0.123669997,232.6857391
897250,6.325,0.123257998,232.691026
897500,5.25,0.123112998,232.696496
897750,5.25,0.123429998,232.7196826
898000,5.748000011,0.122729497,232.6944342
898250,6.054999943,0.123187496,232.7212842
898500,5.25,0.123258995,232.6948981
898750,5.616000004,0.123302497,232.7018805
899000,6.183999977,0.123665496,232.6841302
899250,5.25,0.122842496,232.6785638
899500,5.25,0.123746498,232.6933221
899750,5.898999996,0.123241997,232.717746
900000,5.919999924,0.123287996,232.7150842
900250,5.25,0.123565997,232.6833929
900500,5.25,0.123291997,232.7192188
900750,6.166999989,0.123559997,232.680473
901000,5.619999981,0.123121495,232.6900006
901250,5.25,0.122989997,232.6992883
901500,5.25,0.123291996,232.6675061
901750,6.483999939,0.123281496,232.6707141
902000,5.363999977,0.123119998,232.7050677
902250,5.25,0.122902997,232.6846198
902500,5.25,0.122923999,232.6855792
902750,6.545000019,0.123331495,232.7199329
903000,6.545000019,0.123331495,232.7199329
903250,5.274999962,0.123347496,232.7092084
903500,5.25,0.123435995,232.7202893
903750,5.32,0.123038996,232.6990387
904000,6.48800005,0.123404496,232.7108801
904250,5.253999958,0.123572993,232.7109875
904500,5.25,0.123551497,232.7220276
904750,5.580999985,0.123339494,232.6996661
905000,6.256999931,0.122988496,232.7000452
905250,5.25,0.123355996,232.7020172
905500,5.25,0.123409998,232.714115
905750,5.819000015,0.123566498,232.6912183
906000,5.947999954,0.123431998,232.696601
906250,5.25,0.122956997,232.6665063
906500,5.25,0.123406496,232.688512
906750,6.142999954,0.123107498,232.7006421
907000,5.694999924,0.123243496,232.6921454
907250,5.25,0.122931997,232.6890106
907500,5.25,0.122872999,232.6711792
907750,6.39199995,0.123624998,232.6785553
908000,5.39199995,0.123246996,232.6685773
908250,5.25,0.123370497,232.708042
908500,5.25,0.123790998,232.701051
908750,6.558000031,0.123564495,232.6983289
909000,5.277999935,0.123505997,232.6900354
909250,5.25,0.123294496,232.6654425
909500,5.25,0.123294496,232.6654425
909750,5.32,0.123162498,232.6900824
910000,6.53,0.123135498,232.6760559
910250,5.253999958,0.122914497,232.6918732
910500,5.25,0.123228996,232.6688525
910750,5.510999985,0.123048498,232.6855939
911000,6.292999935,0.122846997,232.7079541
911250,5.25,0.123481997,232.7065314
911500,5.25,0.123246496,232.7255792
911750,5.800999985,0.123248498,232.6999451
912000,6.038999901,0.122949498,232.6905621
912250,5.25,0.123055497,232.7145837
912500,5.25,0.123209996,232.7030817
912750,5.25,0.123168997,232.6915771
913000,6.507999916,0.123510497,232.6812695
913250,5.345999908,0.123387496,232.7035632
913500,5.25,0.123502498,232.6734918
913750,6.367999916,0.123138496,232.7059479
914000,5.483999901,0.122888998,232.6992914
914250,5.25,0.123086498,232.6843475
914500,6.249999962,0.123076996,232.7041394
914750,5.547999954,0.123267497,232.6845062
915000,5.25,0.123528498,232.6654321
915250,5.25,0.123283497,232.6840088
915500,5.25,0.123223995,232.6875696
915750,6.552999992,0.123292496,232.7021698
916000,6.552999992,0.123292496,232.7021698
916250,5.257999935,0.122670995,232.6721381
916500,5.25,0.123061996,232.7052649
916750,5.475999966,0.123340997,232.6794086
917000,6.36899992,0.123458498,232.6928937
917250,5.25,0.123421996,232.6773553
917500,5.371999989,0.123566999,232.7036652
917750,6.410999985,0.123254497,232.676795
918000,5.251999969,0.123609499,232.7087244
918250,5.25,0.123532997,232.7002014
918500,5.645999985,0.123538997,232.7161407
918750,6.193999958,0.123906496,232.715993
919000,5.25,0.123387497,232.7094348
919250,5.25,0.123235997,232.7032971
919500,5.904999981,0.123310997,232.737323
919750,5.892999935,0.123316496,232.6982733
920000,5.25,0.123341498,232.7066968
920250,5.25,0.123583996,232.705932
920500,5.25,0.123206497,232.7087683
920750,6.524999981,0.123586498,232.7042981
921000,5.307999916,0.123615997,232.6986096
921250,5.25,0.123291998,232.6836255
921500,5.25,0.123491995,232.6914838
921750,6.607999992,0.123204997,232.68745
922000,5.261999912,0.123058496,232.6991223
922250,5.25,0.123547495,232.7136713
922500,5.25,0.123547495,232.7136713
922750,5.458999977,0.123181496,232.7089301
923000,6.381999969,0.122940498,232.7251764
923250,5.25,0.123227496,232.6971161
923500,5.355,0.122939998,232.7165302
923750,6.495,0.123168496,232.7074579
924000,5.252999973,0.123219496,232.7039764
924250,5.25,0.123383495,232.7001398
924500,5.25,0.123348999,232.6950513
924750,5.983999977,0.123428495,232.6923083
925000,5.854999962,0.123419497,232.7052728
925250,5.25,0.123444997,232.6788184
925500,5.25,0.122843997,232.6929138
925750,6.253999958,0.123271496,232.6856879
926000,5.529999943,0.123495997,232.7081055
926250,5.25,0.123407497,232.7233215
926500,5.25,0.123809997,232.6796716
926750,6.574999905,0.123600497,232.6982806
927000,5.311999893,0.123560997,232.6994653
927250,5.25,0.123493997,232.6998071
927500,6.436999912,0.123468996,232.7227802
927750,5.379999924,0.123029998,232.7028033
928000,5.25,0.123796498,232.7280042
928250,5.25,0.123280498,232.7135864
928500,5.388999977,0.123437997,232.6971136
928750,6.471999912,0.123313495,232.6935779
929000,6.471999912,0.123313495,232.6935779
929250,5.251999969,0.123739997,232.6950098
929500,5.25,0.123201998,232.6731061
929750,5.649999981,0.123404496,232.7037061
930000,6.175999947,0.123090497,232.7176807
930250,5.25,0.123592997,232.7258649
930500,5.25,0.123668995,232.7118817
930750,5.904999981,0.123366997,232.6956525
931000,5.875999928,0.123117496,232.697384
931250,5.25,0.122973498,232.6959375
931500,5.25,0.123240997,232.7126422
931750,5.25,0.123176996,232.6995642
932000,6.561999989,0.122803497,232.7326282
932250,5.297999935,0.122982996,232.7197931
932500,5.25,0.123282497,232.7197467
932750,5.285,0.123291997,232.6869928
933000,6.552000027,0.123301997,232.6750427
933250,5.258999939,0.123189498,232.6847461
933500,5.25,0.123198997,232.7060748
933750,5.432999992,0.123041998,232.6870337
934000,6.34,0.123184996,232.7067529
934250,5.250999985,0.123258999,232.7198755
934500,5.25,0.123239997,232.7220325
934750,5.716999989,0.123321995,232.7395465
935000,6.108999939,0.123360497,232.7174512
935250,5.25,0.122810998,232.7119928
935500,5.25,0.122810998,232.7119928
935750,5.25,0.123121996,232.6967059
936000,5.981999969,0.122701996,232.6946332
936250,5.823999939,0.123308999,232.6859314
936500,5.25,0.123597997,232.711217
936750,5.25,0.122947495,232.7000732
937000,5.25,0.122979497,232.7122498
937250,6.603999996,0.123393998,232.7081458
937500,5.290999908,0.123666495,232.7071057
937750,5.25,0.123566998,232.715954
938000,5.285,0.122770496,232.7028247
938250,6.529000034,0.122904496,232.7176752
938500,5.254999962,0.122810996,232.724986
938750,5.25,0.123135498,232.728736
939000,6.601000023,0.122991496,232.6956317
939250,5.262999916,0.123094498,232.7058337
939500,5.25,0.122881997,232.6975775
939750,5.25,0.122812497,232.7217383
940000,5.78,0.123356497,232.710882
940250,6.037999897,0.123464497,232.7220258
940500,5.25,0.123068995,232.7116431
940750,5.25,0.123027995,232.7074658
941000,6.046999969,0.123565996,232.7179138
941250,5.753999939,0.123022998,232.6957397
941500,5.25,0.123307498,232.7210156
941750,5.908999977,0.123562995,232.7298492
942000,5.908999977,0.123562995,232.7298492
942250,5.872999954,0.123417996,232.7020087
942500,5.25,0.123274497,232.7008917
942750,5.25,0.123282498,232.7010974
943000,6.213999958,0.123264498,232.7262585
943250,5.555999966,0.123512497,232.7040729
943500,5.25,0.123470497,232.7207379
943750,5.25,0.123196998,232.7163214
944000,6.534999943,0.123568996,232.7273932
944250,5.337999954,0.123365998,232.71073
944500,5.25,0.123299497,232.7060034
944750,5.25,0.122857997,232.6937213
945000,5.458999977,0.123247499,232.6958051
945250,6.385999947,0.123322497,232.6873853
945500,5.25,0.124005997,232.7098419
945750,5.355,0.123418997,232.703396
946000,6.481999989,0.123672496,232.6711127
946250,5.251999969,0.123259998,232.6816412
946500,5.25,0.123814998,232.7031702
946750,5.575999985,0.123105997,232.6955927
947000,6.19399992,0.123130997,232.6724567
947250,5.25,0.123051996,232.6737067
947500,5.25,0.122577498,232.6861456
947750,5.88699995,0.122996495,232.6922803
948000,5.937999973,0.122839997,232.7070892
948250,5.25,0.123025996,232.6929193
948500,5.25,0.123025996,232.6929193
948750,5.25,0.123446497,232.7264917
949000,5.25,0.123023997,232.7079065
949250,6.549999943,0.123292997,232.6908087
949500,5.309999905,0.123323498,232.6959546
949750,5.25,0.123253496,232.7084442
950000,6.446999931,0.123243497,232.6754181
950250,5.375999947,0.122939496,232.6867584
950500,5.25,0.123211999,232.6752979
950750,5.25,0.123139997,232.6940192
951000,6.606999989,0.123268497,232.6792426
951250,5.277999935,0.123098997,232.702699
951500,5.25,0.123136498,232.6776233
951750,5.32,0.123614498,232.7026984
952000,6.515,0.122881497,232.7077051
952250,5.254999962,0.123434996,232.6891534
952500,5.25,0.123169998,232.7014178
952750,5.25,0.123031996,232.6977228
953000,5.949999981,0.122987497,232.7151617
953250,5.846999931,0.123238995,232.7010077
953500,5.25,0.123366498,232.6936505
953750,5.25,0.123161496,232.6953271
954000,6.239999943,0.122994996,232.6856427
954250,5.582999935,0.123597996,232.6879456
954500,5.25,0.123576997,232.7029071
954750,5.25,0.123056996,232.7151538
955000,5.25,0.123056996,232.7151538
955250,6.503999958,0.123230997,232.7099323
955500,5.319999962,0.123106497,232.6685931
955750,5.25,0.123184996,232.6925848
956000,6.400999966,0.123448997,232.7158746
956250,5.420999985,0.123169997,232.7083466
956500,5.25,0.123264998,232.696181
956750,5.25,0.123947498,232.702027
957000,6.596000004,0.123880997,232.710163
957250,5.280999928,0.122885996,232.6902734
957500,5.25,0.123111497,232.680401
957750,5.285,0.122651496,232.6656976
958000,6.54699995,0.123201497,232.6756427
958250,5.255999947,0.122783497,232.6861957
958500,5.25,0.123073497,232.666756
958750,5.25,0.123280997,232.6902448
959000,5.895999966,0.123548496,232.6603955
959250,5.894999924,0.123703996,232.6913947
959500,5.25,0.123412497,232.6845618
959750,5.796999989,0.123450998,232.7123883
960000,6.021999931,0.123297997,232.6938184
960250,5.25,0.122848497,232.6777612
960500,5.25,0.123231995,232.6920673
960750,5.25,0.123411997,232.6859143
961000,6.493999958,0.123418996,232.6981873
961250,5.363999977,0.123518497,232.6889154
961500,5.363999977,0.123518497,232.6889154
961750,5.25,0.123365497,232.6639862
962000,5.25,0.122941997,232.6722504
962250,6.610000038,0.123418499,232.6909778
962500,5.266999893,0.123277496,232.6874042
962750,5.25,0.123201998,232.6651007
963000,5.32,0.123025998,232.6855151
963250,6.471000042,0.123253498,232.6455371
963500,5.253999958,0.123717997,232.6820435
963750,5.25,0.123470997,232.6795673
964000,5.597999973,0.123537998,232.6935229
964250,6.256999931,0.123580497,232.6961932
964500,5.25,0.123778997,232.6894977
964750,5.25,0.123640495,232.6969617
965000,5.823000011,0.123277997,232.6775378
965250,5.947999954,0.123427497,232.6912256
965500,5.25,0.123568497,232.6999805
965750,5.25,0.122766996,232.684787
966000,6.160999985,0.123020497,232.6898883
966250,5.620999985,0.123073996,232.6809796
966500,5.25,0.122979997,232.6853955
966750,5.25,0.122980995,232.6828192
967000,5.25,0.123481497,232.6735046
967250,6.58300005,0.123022496,232.6891357
967500,5.261999912,0.123564498,232.671123
967750,5.25,0.123836496,232.6917328
968000,5.25,0.123836496,232.6917328
968250,5.423999977,0.123159497,232.7037048
968500,6.431999989,0.123247498,232.6965918
968750,5.250999985,0.123025497,232.6857544
969000,5.25,0.123122998,232.6884247
969250,5.623999996,0.123411998,232.7029309
969500,6.147999992,0.122928996,232.7037469
969750,5.25,0.123231497,232.6944812
970000,5.25,0.123059499,232.6912177
970250,5.933999977,0.123160997,232.7068896
970500,5.901999912,0.122916497,232.6980426
970750,5.25,0.123584995,232.705896
971000,5.819000015,0.123340998,232.6797314
971250,5.965999966,0.123188496,232.7032751
971500,5.25,0.123192998,232.6723486
971750,5.25,0.122843997,232.6832501
972000,5.25,0.123374496,232.70573
972250,6.472999992,0.122993497,232.7240979
972500,5.328999958,0.123073998,232.6898804
972750,5.25,0.122845997,232.6880194
973000,6.373999977,0.123591996,232.6883069
973250,5.395999985,0.123348996,232.6778027
973500,5.25,0.123445993,232.6657947
973750,5.25,0.123191498,232.6892194
974000,6.622999973,0.123225997,232.6750745
974250,5.282999916,0.123512997,232.6891473
974500,5.282999916,0.123512997,232.6891473
974750,5.25,0.123046496,232.6851056
975000,5.32,0.122683996,232.7029242
975250,6.529000072,0.123014998,232.6869702
975500,5.254999962,0.122845996,232.6564026
975750,5.25,0.123081496,232.6762976
976000,5.25,0.123165496,232.6914655
976250,5.915,0.123172497,232.706593
976500,5.923999958,0.122754496,232.7068262
976750,5.25,0.123328497,232.6755292
977000,5.796999989,0.123407999,232.6906818
977250,6.059999943,0.123361498,232.6594666
977500,5.25,0.123117996,232.7054413
977750,5.25,0.123312495,232.715401
978000,5.25,0.123476497,232.6841132
978250,6.470999947,0.123653499,232.7022919
978500,5.349999943,0.123559997,232.7180121
978750,5.25,0.123103495,232.6913861
979000,6.349999943,0.123279497,232.6549316
979250,5.487999935,0.123213998,232.6760413
979500,5.25,0.123473997,232.7047131
979750,5.25,0.123230997,232.7167853
980000,6.598999977,0.123338497,232.7155615
980250,5.306999912,0.123397996,232.6836011
980500,5.25,0.123487495,232.6909772
980750,5.25,0.123097996,232.7187378
981000,5.25,0.123097996,232.7187378
981250,6.551999969,0.123156497,232.7039459
981500,5.261999912,0.122820497,232.6965369
981750,5.25,0.123311497,232.6967627
982000,5.388999977,0.123581499,232.6921216
982250,6.385999947,0.123475496,232.672674
982500,5.25,0.123583496,232.6655652
982750,5.25,0.123552498,232.6739703
983000,5.705999985,0.123128499,232.6987762
983250,6.080999908,0.123261997,232.6778351
983500,5.25,0.123537997,232.6904565
983750,5.25,0.123267496,232.6991705
984000,6.020999966,0.122676497,232.670896
984250,5.832999916,0.122820497,232.6713678
984500,5.25,0.123190499,232.6937036
984750,5.25,0.123197996,232.6789148
985000,6.253999958,0.123710498,232.6797723
985250,5.529999943,0.123395497,232.6900336
985500,5.25,0.123201497,232.7028668
985750,5.25,0.123034497,232.6974036
986000,6.549999943,0.123728497,232.6890582
986250,5.317999973,0.123020997,232.6698975
986500,5.25,0.123003496,232.663952
986750,5.25,0.123064998,232.6536108
987000,6.586000004,0.123372496,232.671178
987250,5.261999912,0.123165997,232.6940106
987500,5.261999912,0.123165997,232.6940106
987750,5.25,0.123463997,232.6830078
988000,5.25,0.123392995,232.6920264
988250,5.748999996,0.123324498,232.7000885
988500,6.041999931,0.123035496,232.6751764
988750,5.25,0.122903497,232.6811627
989000,5.25,0.122928998,232.6909143
989250,6.042999973,0.123009997,232.6815723
989500,5.754999943,0.122886498,232.676131
989750,5.25,0.123131996,232.6816266
990000,5.25,0.123327496,232.6760883
990250,6.333999939,0.123347997,232.6914594
990500,5.491999969,0.123388497,232.6813318
990750,5.25,0.123089997,232.6844751
991000,5.25,0.123347998,232.7222095
991250,6.515999966,0.123467998,232.7001941
991500,5.305999908,0.122907497,232.6922736
991750,5.25,0.123282498,232.7028729
992000,5.25,0.123199495,232.6974017
992250,6.56300005,0.123200997,232.6870013
992500,5.259999924,0.123449996,232.6672046
992750,5.25,0.123802497,232.7018811
993000,5.432999992,0.123037497,232.7166901
993250,6.342999992,0.122868497,232.6865112
993500,5.250999985,0.123223496,232.6967059
993750,5.25,0.123227499,232.7067957
994000,5.25,0.123227499,232.7067957
994250,5.729999981,0.123148496,232.6979144
994500,6.089999924,0.122990496,232.6908246
994750,5.25,0.123444998,232.7100989
995000,5.25,0.123010498,232.6889209
995250,5.997000008,0.123395995,232.6864972
995500,5.799999981,0.123240995,232.6934198
995750,5.25,0.122844498,232.6761206
996000,5.893000011,0.122898,232.6973535
 , , , 
